
===========================================================================
report_checks -path_delay max (Setup)
============================================================================
======================= nom_typ_1p20V_25C Corner ===================================

Startpoint: done_in (input port clocked by clk)
Endpoint: _108_ (rising edge-triggered flip-flop clocked by clk)
Path Group: clk
Path Type: max

Fanout         Cap        Slew       Delay        Time   Description
---------------------------------------------------------------------------------------------
                      0.150000    0.000000    0.000000   clock clk (rise edge)
                                  0.000000    0.000000   clock network delay (ideal)
                                  4.000000    4.000000 v input external delay
    13    0.074594    0.069565    0.054100    4.054100 v done_in (in)
                                                         done_in (net)
                      0.069565    0.000000    4.054100 v _056_/A (sg13g2_nor2b_1)
    12    0.071947    0.597853    0.494812    4.548912 ^ _056_/Y (sg13g2_nor2b_1)
                                                         _048_ (net)
                      0.597853    0.000000    4.548912 ^ _068_/S (sg13g2_mux2_1)
     1    0.001781    0.037712    0.277789    4.826701 v _068_/X (sg13g2_mux2_1)
                                                         _030_ (net)
                      0.037712    0.000000    4.826701 v _108_/D (sg13g2_dfrbpq_1)
                                              4.826701   data arrival time

                      0.150000   20.000000   20.000000   clock clk (rise edge)
                                  0.000000   20.000000   clock network delay (ideal)
                                 -0.250000   19.750002   clock uncertainty
                                  0.000000   19.750002   clock reconvergence pessimism
                                             19.750002 ^ _108_/CLK (sg13g2_dfrbpq_1)
                                 -0.085818   19.664185   library setup time
                                             19.664185   data required time
---------------------------------------------------------------------------------------------
                                             19.664185   data required time
                                             -4.826701   data arrival time
---------------------------------------------------------------------------------------------
                                             14.837482   slack (MET)


Startpoint: done_in (input port clocked by clk)
Endpoint: _109_ (rising edge-triggered flip-flop clocked by clk)
Path Group: clk
Path Type: max

Fanout         Cap        Slew       Delay        Time   Description
---------------------------------------------------------------------------------------------
                      0.150000    0.000000    0.000000   clock clk (rise edge)
                                  0.000000    0.000000   clock network delay (ideal)
                                  4.000000    4.000000 v input external delay
    13    0.074594    0.069565    0.054100    4.054100 v done_in (in)
                                                         done_in (net)
                      0.069565    0.000000    4.054100 v _056_/A (sg13g2_nor2b_1)
    12    0.071947    0.597853    0.494812    4.548912 ^ _056_/Y (sg13g2_nor2b_1)
                                                         _048_ (net)
                      0.597853    0.000000    4.548912 ^ _067_/S (sg13g2_mux2_1)
     1    0.001781    0.037712    0.277789    4.826701 v _067_/X (sg13g2_mux2_1)
                                                         _031_ (net)
                      0.037712    0.000000    4.826701 v _109_/D (sg13g2_dfrbpq_1)
                                              4.826701   data arrival time

                      0.150000   20.000000   20.000000   clock clk (rise edge)
                                  0.000000   20.000000   clock network delay (ideal)
                                 -0.250000   19.750002   clock uncertainty
                                  0.000000   19.750002   clock reconvergence pessimism
                                             19.750002 ^ _109_/CLK (sg13g2_dfrbpq_1)
                                 -0.085818   19.664185   library setup time
                                             19.664185   data required time
---------------------------------------------------------------------------------------------
                                             19.664185   data required time
                                             -4.826701   data arrival time
---------------------------------------------------------------------------------------------
                                             14.837482   slack (MET)


Startpoint: done_in (input port clocked by clk)
Endpoint: _110_ (rising edge-triggered flip-flop clocked by clk)
Path Group: clk
Path Type: max

Fanout         Cap        Slew       Delay        Time   Description
---------------------------------------------------------------------------------------------
                      0.150000    0.000000    0.000000   clock clk (rise edge)
                                  0.000000    0.000000   clock network delay (ideal)
                                  4.000000    4.000000 v input external delay
    13    0.074594    0.069565    0.054100    4.054100 v done_in (in)
                                                         done_in (net)
                      0.069565    0.000000    4.054100 v _056_/A (sg13g2_nor2b_1)
    12    0.071947    0.597853    0.494812    4.548912 ^ _056_/Y (sg13g2_nor2b_1)
                                                         _048_ (net)
                      0.597853    0.000000    4.548912 ^ _066_/S (sg13g2_mux2_1)
     1    0.001781    0.037712    0.277789    4.826701 v _066_/X (sg13g2_mux2_1)
                                                         _032_ (net)
                      0.037712    0.000000    4.826701 v _110_/D (sg13g2_dfrbpq_1)
                                              4.826701   data arrival time

                      0.150000   20.000000   20.000000   clock clk (rise edge)
                                  0.000000   20.000000   clock network delay (ideal)
                                 -0.250000   19.750002   clock uncertainty
                                  0.000000   19.750002   clock reconvergence pessimism
                                             19.750002 ^ _110_/CLK (sg13g2_dfrbpq_1)
                                 -0.085818   19.664185   library setup time
                                             19.664185   data required time
---------------------------------------------------------------------------------------------
                                             19.664185   data required time
                                             -4.826701   data arrival time
---------------------------------------------------------------------------------------------
                                             14.837482   slack (MET)


Startpoint: done_in (input port clocked by clk)
Endpoint: _111_ (rising edge-triggered flip-flop clocked by clk)
Path Group: clk
Path Type: max

Fanout         Cap        Slew       Delay        Time   Description
---------------------------------------------------------------------------------------------
                      0.150000    0.000000    0.000000   clock clk (rise edge)
                                  0.000000    0.000000   clock network delay (ideal)
                                  4.000000    4.000000 v input external delay
    13    0.074594    0.069565    0.054100    4.054100 v done_in (in)
                                                         done_in (net)
                      0.069565    0.000000    4.054100 v _056_/A (sg13g2_nor2b_1)
    12    0.071947    0.597853    0.494812    4.548912 ^ _056_/Y (sg13g2_nor2b_1)
                                                         _048_ (net)
                      0.597853    0.000000    4.548912 ^ _065_/S (sg13g2_mux2_1)
     1    0.001781    0.037712    0.277789    4.826701 v _065_/X (sg13g2_mux2_1)
                                                         _033_ (net)
                      0.037712    0.000000    4.826701 v _111_/D (sg13g2_dfrbpq_1)
                                              4.826701   data arrival time

                      0.150000   20.000000   20.000000   clock clk (rise edge)
                                  0.000000   20.000000   clock network delay (ideal)
                                 -0.250000   19.750002   clock uncertainty
                                  0.000000   19.750002   clock reconvergence pessimism
                                             19.750002 ^ _111_/CLK (sg13g2_dfrbpq_1)
                                 -0.085818   19.664185   library setup time
                                             19.664185   data required time
---------------------------------------------------------------------------------------------
                                             19.664185   data required time
                                             -4.826701   data arrival time
---------------------------------------------------------------------------------------------
                                             14.837482   slack (MET)


Startpoint: done_in (input port clocked by clk)
Endpoint: _112_ (rising edge-triggered flip-flop clocked by clk)
Path Group: clk
Path Type: max

Fanout         Cap        Slew       Delay        Time   Description
---------------------------------------------------------------------------------------------
                      0.150000    0.000000    0.000000   clock clk (rise edge)
                                  0.000000    0.000000   clock network delay (ideal)
                                  4.000000    4.000000 v input external delay
    13    0.074594    0.069565    0.054100    4.054100 v done_in (in)
                                                         done_in (net)
                      0.069565    0.000000    4.054100 v _056_/A (sg13g2_nor2b_1)
    12    0.071947    0.597853    0.494812    4.548912 ^ _056_/Y (sg13g2_nor2b_1)
                                                         _048_ (net)
                      0.597853    0.000000    4.548912 ^ _064_/S (sg13g2_mux2_1)
     1    0.001781    0.037712    0.277789    4.826701 v _064_/X (sg13g2_mux2_1)
                                                         _034_ (net)
                      0.037712    0.000000    4.826701 v _112_/D (sg13g2_dfrbpq_1)
                                              4.826701   data arrival time

                      0.150000   20.000000   20.000000   clock clk (rise edge)
                                  0.000000   20.000000   clock network delay (ideal)
                                 -0.250000   19.750002   clock uncertainty
                                  0.000000   19.750002   clock reconvergence pessimism
                                             19.750002 ^ _112_/CLK (sg13g2_dfrbpq_1)
                                 -0.085818   19.664185   library setup time
                                             19.664185   data required time
---------------------------------------------------------------------------------------------
                                             19.664185   data required time
                                             -4.826701   data arrival time
---------------------------------------------------------------------------------------------
                                             14.837482   slack (MET)


Startpoint: done_in (input port clocked by clk)
Endpoint: _113_ (rising edge-triggered flip-flop clocked by clk)
Path Group: clk
Path Type: max

Fanout         Cap        Slew       Delay        Time   Description
---------------------------------------------------------------------------------------------
                      0.150000    0.000000    0.000000   clock clk (rise edge)
                                  0.000000    0.000000   clock network delay (ideal)
                                  4.000000    4.000000 v input external delay
    13    0.074594    0.069565    0.054100    4.054100 v done_in (in)
                                                         done_in (net)
                      0.069565    0.000000    4.054100 v _056_/A (sg13g2_nor2b_1)
    12    0.071947    0.597853    0.494812    4.548912 ^ _056_/Y (sg13g2_nor2b_1)
                                                         _048_ (net)
                      0.597853    0.000000    4.548912 ^ _063_/S (sg13g2_mux2_1)
     1    0.001781    0.037712    0.277789    4.826701 v _063_/X (sg13g2_mux2_1)
                                                         _035_ (net)
                      0.037712    0.000000    4.826701 v _113_/D (sg13g2_dfrbpq_1)
                                              4.826701   data arrival time

                      0.150000   20.000000   20.000000   clock clk (rise edge)
                                  0.000000   20.000000   clock network delay (ideal)
                                 -0.250000   19.750002   clock uncertainty
                                  0.000000   19.750002   clock reconvergence pessimism
                                             19.750002 ^ _113_/CLK (sg13g2_dfrbpq_1)
                                 -0.085818   19.664185   library setup time
                                             19.664185   data required time
---------------------------------------------------------------------------------------------
                                             19.664185   data required time
                                             -4.826701   data arrival time
---------------------------------------------------------------------------------------------
                                             14.837482   slack (MET)


Startpoint: done_in (input port clocked by clk)
Endpoint: _114_ (rising edge-triggered flip-flop clocked by clk)
Path Group: clk
Path Type: max

Fanout         Cap        Slew       Delay        Time   Description
---------------------------------------------------------------------------------------------
                      0.150000    0.000000    0.000000   clock clk (rise edge)
                                  0.000000    0.000000   clock network delay (ideal)
                                  4.000000    4.000000 v input external delay
    13    0.074594    0.069565    0.054100    4.054100 v done_in (in)
                                                         done_in (net)
                      0.069565    0.000000    4.054100 v _056_/A (sg13g2_nor2b_1)
    12    0.071947    0.597853    0.494812    4.548912 ^ _056_/Y (sg13g2_nor2b_1)
                                                         _048_ (net)
                      0.597853    0.000000    4.548912 ^ _062_/S (sg13g2_mux2_1)
     1    0.001781    0.037712    0.277789    4.826701 v _062_/X (sg13g2_mux2_1)
                                                         _036_ (net)
                      0.037712    0.000000    4.826701 v _114_/D (sg13g2_dfrbpq_1)
                                              4.826701   data arrival time

                      0.150000   20.000000   20.000000   clock clk (rise edge)
                                  0.000000   20.000000   clock network delay (ideal)
                                 -0.250000   19.750002   clock uncertainty
                                  0.000000   19.750002   clock reconvergence pessimism
                                             19.750002 ^ _114_/CLK (sg13g2_dfrbpq_1)
                                 -0.085818   19.664185   library setup time
                                             19.664185   data required time
---------------------------------------------------------------------------------------------
                                             19.664185   data required time
                                             -4.826701   data arrival time
---------------------------------------------------------------------------------------------
                                             14.837482   slack (MET)


Startpoint: done_in (input port clocked by clk)
Endpoint: _115_ (rising edge-triggered flip-flop clocked by clk)
Path Group: clk
Path Type: max

Fanout         Cap        Slew       Delay        Time   Description
---------------------------------------------------------------------------------------------
                      0.150000    0.000000    0.000000   clock clk (rise edge)
                                  0.000000    0.000000   clock network delay (ideal)
                                  4.000000    4.000000 v input external delay
    13    0.074594    0.069565    0.054100    4.054100 v done_in (in)
                                                         done_in (net)
                      0.069565    0.000000    4.054100 v _056_/A (sg13g2_nor2b_1)
    12    0.071947    0.597853    0.494812    4.548912 ^ _056_/Y (sg13g2_nor2b_1)
                                                         _048_ (net)
                      0.597853    0.000000    4.548912 ^ _061_/S (sg13g2_mux2_1)
     1    0.001781    0.037712    0.277789    4.826701 v _061_/X (sg13g2_mux2_1)
                                                         _037_ (net)
                      0.037712    0.000000    4.826701 v _115_/D (sg13g2_dfrbpq_1)
                                              4.826701   data arrival time

                      0.150000   20.000000   20.000000   clock clk (rise edge)
                                  0.000000   20.000000   clock network delay (ideal)
                                 -0.250000   19.750002   clock uncertainty
                                  0.000000   19.750002   clock reconvergence pessimism
                                             19.750002 ^ _115_/CLK (sg13g2_dfrbpq_1)
                                 -0.085818   19.664185   library setup time
                                             19.664185   data required time
---------------------------------------------------------------------------------------------
                                             19.664185   data required time
                                             -4.826701   data arrival time
---------------------------------------------------------------------------------------------
                                             14.837482   slack (MET)


Startpoint: done_in (input port clocked by clk)
Endpoint: _116_ (rising edge-triggered flip-flop clocked by clk)
Path Group: clk
Path Type: max

Fanout         Cap        Slew       Delay        Time   Description
---------------------------------------------------------------------------------------------
                      0.150000    0.000000    0.000000   clock clk (rise edge)
                                  0.000000    0.000000   clock network delay (ideal)
                                  4.000000    4.000000 v input external delay
    13    0.074594    0.069565    0.054100    4.054100 v done_in (in)
                                                         done_in (net)
                      0.069565    0.000000    4.054100 v _056_/A (sg13g2_nor2b_1)
    12    0.071947    0.597853    0.494812    4.548912 ^ _056_/Y (sg13g2_nor2b_1)
                                                         _048_ (net)
                      0.597853    0.000000    4.548912 ^ _060_/S (sg13g2_mux2_1)
     1    0.001781    0.037712    0.277789    4.826701 v _060_/X (sg13g2_mux2_1)
                                                         _038_ (net)
                      0.037712    0.000000    4.826701 v _116_/D (sg13g2_dfrbpq_1)
                                              4.826701   data arrival time

                      0.150000   20.000000   20.000000   clock clk (rise edge)
                                  0.000000   20.000000   clock network delay (ideal)
                                 -0.250000   19.750002   clock uncertainty
                                  0.000000   19.750002   clock reconvergence pessimism
                                             19.750002 ^ _116_/CLK (sg13g2_dfrbpq_1)
                                 -0.085818   19.664185   library setup time
                                             19.664185   data required time
---------------------------------------------------------------------------------------------
                                             19.664185   data required time
                                             -4.826701   data arrival time
---------------------------------------------------------------------------------------------
                                             14.837482   slack (MET)


Startpoint: done_in (input port clocked by clk)
Endpoint: _117_ (rising edge-triggered flip-flop clocked by clk)
Path Group: clk
Path Type: max

Fanout         Cap        Slew       Delay        Time   Description
---------------------------------------------------------------------------------------------
                      0.150000    0.000000    0.000000   clock clk (rise edge)
                                  0.000000    0.000000   clock network delay (ideal)
                                  4.000000    4.000000 v input external delay
    13    0.074594    0.069565    0.054100    4.054100 v done_in (in)
                                                         done_in (net)
                      0.069565    0.000000    4.054100 v _056_/A (sg13g2_nor2b_1)
    12    0.071947    0.597853    0.494812    4.548912 ^ _056_/Y (sg13g2_nor2b_1)
                                                         _048_ (net)
                      0.597853    0.000000    4.548912 ^ _059_/S (sg13g2_mux2_1)
     1    0.001781    0.037712    0.277789    4.826701 v _059_/X (sg13g2_mux2_1)
                                                         _039_ (net)
                      0.037712    0.000000    4.826701 v _117_/D (sg13g2_dfrbpq_1)
                                              4.826701   data arrival time

                      0.150000   20.000000   20.000000   clock clk (rise edge)
                                  0.000000   20.000000   clock network delay (ideal)
                                 -0.250000   19.750002   clock uncertainty
                                  0.000000   19.750002   clock reconvergence pessimism
                                             19.750002 ^ _117_/CLK (sg13g2_dfrbpq_1)
                                 -0.085818   19.664185   library setup time
                                             19.664185   data required time
---------------------------------------------------------------------------------------------
                                             19.664185   data required time
                                             -4.826701   data arrival time
---------------------------------------------------------------------------------------------
                                             14.837482   slack (MET)


Startpoint: done_in (input port clocked by clk)
Endpoint: _118_ (rising edge-triggered flip-flop clocked by clk)
Path Group: clk
Path Type: max

Fanout         Cap        Slew       Delay        Time   Description
---------------------------------------------------------------------------------------------
                      0.150000    0.000000    0.000000   clock clk (rise edge)
                                  0.000000    0.000000   clock network delay (ideal)
                                  4.000000    4.000000 v input external delay
    13    0.074594    0.069565    0.054100    4.054100 v done_in (in)
                                                         done_in (net)
                      0.069565    0.000000    4.054100 v _056_/A (sg13g2_nor2b_1)
    12    0.071947    0.597853    0.494812    4.548912 ^ _056_/Y (sg13g2_nor2b_1)
                                                         _048_ (net)
                      0.597853    0.000000    4.548912 ^ _058_/S (sg13g2_mux2_1)
     1    0.001781    0.037712    0.277789    4.826701 v _058_/X (sg13g2_mux2_1)
                                                         _040_ (net)
                      0.037712    0.000000    4.826701 v _118_/D (sg13g2_dfrbpq_1)
                                              4.826701   data arrival time

                      0.150000   20.000000   20.000000   clock clk (rise edge)
                                  0.000000   20.000000   clock network delay (ideal)
                                 -0.250000   19.750002   clock uncertainty
                                  0.000000   19.750002   clock reconvergence pessimism
                                             19.750002 ^ _118_/CLK (sg13g2_dfrbpq_1)
                                 -0.085818   19.664185   library setup time
                                             19.664185   data required time
---------------------------------------------------------------------------------------------
                                             19.664185   data required time
                                             -4.826701   data arrival time
---------------------------------------------------------------------------------------------
                                             14.837482   slack (MET)


Startpoint: done_in (input port clocked by clk)
Endpoint: _119_ (rising edge-triggered flip-flop clocked by clk)
Path Group: clk
Path Type: max

Fanout         Cap        Slew       Delay        Time   Description
---------------------------------------------------------------------------------------------
                      0.150000    0.000000    0.000000   clock clk (rise edge)
                                  0.000000    0.000000   clock network delay (ideal)
                                  4.000000    4.000000 v input external delay
    13    0.074594    0.069565    0.054100    4.054100 v done_in (in)
                                                         done_in (net)
                      0.069565    0.000000    4.054100 v _056_/A (sg13g2_nor2b_1)
    12    0.071947    0.597853    0.494812    4.548912 ^ _056_/Y (sg13g2_nor2b_1)
                                                         _048_ (net)
                      0.597853    0.000000    4.548912 ^ _057_/S (sg13g2_mux2_1)
     1    0.001781    0.037712    0.277789    4.826701 v _057_/X (sg13g2_mux2_1)
                                                         _041_ (net)
                      0.037712    0.000000    4.826701 v _119_/D (sg13g2_dfrbpq_1)
                                              4.826701   data arrival time

                      0.150000   20.000000   20.000000   clock clk (rise edge)
                                  0.000000   20.000000   clock network delay (ideal)
                                 -0.250000   19.750002   clock uncertainty
                                  0.000000   19.750002   clock reconvergence pessimism
                                             19.750002 ^ _119_/CLK (sg13g2_dfrbpq_1)
                                 -0.085818   19.664185   library setup time
                                             19.664185   data required time
---------------------------------------------------------------------------------------------
                                             19.664185   data required time
                                             -4.826701   data arrival time
---------------------------------------------------------------------------------------------
                                             14.837482   slack (MET)


Startpoint: done_in (input port clocked by clk)
Endpoint: _098_ (rising edge-triggered flip-flop clocked by clk)
Path Group: clk
Path Type: max

Fanout         Cap        Slew       Delay        Time   Description
---------------------------------------------------------------------------------------------
                      0.150000    0.000000    0.000000   clock clk (rise edge)
                                  0.000000    0.000000   clock network delay (ideal)
                                  4.000000    4.000000 ^ input external delay
    13    0.075395    0.089425    0.064398    4.064398 ^ done_in (in)
                                                         done_in (net)
                      0.089425    0.000000    4.064398 ^ _053_/S (sg13g2_mux2_1)
     1    0.001781    0.032215    0.179782    4.244180 v _053_/X (sg13g2_mux2_1)
                                                         _044_ (net)
                      0.032215    0.000000    4.244180 v _098_/D (sg13g2_dfrbpq_1)
                                              4.244180   data arrival time

                      0.150000   20.000000   20.000000   clock clk (rise edge)
                                  0.000000   20.000000   clock network delay (ideal)
                                 -0.250000   19.750002   clock uncertainty
                                  0.000000   19.750002   clock reconvergence pessimism
                                             19.750002 ^ _098_/CLK (sg13g2_dfrbpq_1)
                                 -0.083828   19.666174   library setup time
                                             19.666174   data required time
---------------------------------------------------------------------------------------------
                                             19.666174   data required time
                                             -4.244180   data arrival time
---------------------------------------------------------------------------------------------
                                             15.421993   slack (MET)


Startpoint: done_in (input port clocked by clk)
Endpoint: _099_ (rising edge-triggered flip-flop clocked by clk)
Path Group: clk
Path Type: max

Fanout         Cap        Slew       Delay        Time   Description
---------------------------------------------------------------------------------------------
                      0.150000    0.000000    0.000000   clock clk (rise edge)
                                  0.000000    0.000000   clock network delay (ideal)
                                  4.000000    4.000000 ^ input external delay
    13    0.075395    0.089425    0.064398    4.064398 ^ done_in (in)
                                                         done_in (net)
                      0.089425    0.000000    4.064398 ^ _052_/S (sg13g2_mux2_1)
     1    0.001781    0.032215    0.179782    4.244180 v _052_/X (sg13g2_mux2_1)
                                                         _045_ (net)
                      0.032215    0.000000    4.244180 v _099_/D (sg13g2_dfrbpq_1)
                                              4.244180   data arrival time

                      0.150000   20.000000   20.000000   clock clk (rise edge)
                                  0.000000   20.000000   clock network delay (ideal)
                                 -0.250000   19.750002   clock uncertainty
                                  0.000000   19.750002   clock reconvergence pessimism
                                             19.750002 ^ _099_/CLK (sg13g2_dfrbpq_1)
                                 -0.083828   19.666174   library setup time
                                             19.666174   data required time
---------------------------------------------------------------------------------------------
                                             19.666174   data required time
                                             -4.244180   data arrival time
---------------------------------------------------------------------------------------------
                                             15.421993   slack (MET)


Startpoint: done_in (input port clocked by clk)
Endpoint: _100_ (rising edge-triggered flip-flop clocked by clk)
Path Group: clk
Path Type: max

Fanout         Cap        Slew       Delay        Time   Description
---------------------------------------------------------------------------------------------
                      0.150000    0.000000    0.000000   clock clk (rise edge)
                                  0.000000    0.000000   clock network delay (ideal)
                                  4.000000    4.000000 ^ input external delay
    13    0.075395    0.089425    0.064398    4.064398 ^ done_in (in)
                                                         done_in (net)
                      0.089425    0.000000    4.064398 ^ _051_/S (sg13g2_mux2_1)
     1    0.001781    0.032215    0.179782    4.244180 v _051_/X (sg13g2_mux2_1)
                                                         _046_ (net)
                      0.032215    0.000000    4.244180 v _100_/D (sg13g2_dfrbpq_1)
                                              4.244180   data arrival time

                      0.150000   20.000000   20.000000   clock clk (rise edge)
                                  0.000000   20.000000   clock network delay (ideal)
                                 -0.250000   19.750002   clock uncertainty
                                  0.000000   19.750002   clock reconvergence pessimism
                                             19.750002 ^ _100_/CLK (sg13g2_dfrbpq_1)
                                 -0.083828   19.666174   library setup time
                                             19.666174   data required time
---------------------------------------------------------------------------------------------
                                             19.666174   data required time
                                             -4.244180   data arrival time
---------------------------------------------------------------------------------------------
                                             15.421993   slack (MET)


Startpoint: done_in (input port clocked by clk)
Endpoint: _101_ (rising edge-triggered flip-flop clocked by clk)
Path Group: clk
Path Type: max

Fanout         Cap        Slew       Delay        Time   Description
---------------------------------------------------------------------------------------------
                      0.150000    0.000000    0.000000   clock clk (rise edge)
                                  0.000000    0.000000   clock network delay (ideal)
                                  4.000000    4.000000 ^ input external delay
    13    0.075395    0.089425    0.064398    4.064398 ^ done_in (in)
                                                         done_in (net)
                      0.089425    0.000000    4.064398 ^ _050_/S (sg13g2_mux2_1)
     1    0.001781    0.032215    0.179782    4.244180 v _050_/X (sg13g2_mux2_1)
                                                         _047_ (net)
                      0.032215    0.000000    4.244180 v _101_/D (sg13g2_dfrbpq_1)
                                              4.244180   data arrival time

                      0.150000   20.000000   20.000000   clock clk (rise edge)
                                  0.000000   20.000000   clock network delay (ideal)
                                 -0.250000   19.750002   clock uncertainty
                                  0.000000   19.750002   clock reconvergence pessimism
                                             19.750002 ^ _101_/CLK (sg13g2_dfrbpq_1)
                                 -0.083828   19.666174   library setup time
                                             19.666174   data required time
---------------------------------------------------------------------------------------------
                                             19.666174   data required time
                                             -4.244180   data arrival time
---------------------------------------------------------------------------------------------
                                             15.421993   slack (MET)


Startpoint: done_in (input port clocked by clk)
Endpoint: _102_ (rising edge-triggered flip-flop clocked by clk)
Path Group: clk
Path Type: max

Fanout         Cap        Slew       Delay        Time   Description
---------------------------------------------------------------------------------------------
                      0.150000    0.000000    0.000000   clock clk (rise edge)
                                  0.000000    0.000000   clock network delay (ideal)
                                  4.000000    4.000000 ^ input external delay
    13    0.075395    0.089425    0.064398    4.064398 ^ done_in (in)
                                                         done_in (net)
                      0.089425    0.000000    4.064398 ^ _074_/S (sg13g2_mux2_1)
     1    0.001781    0.032215    0.179782    4.244180 v _074_/X (sg13g2_mux2_1)
                                                         _024_ (net)
                      0.032215    0.000000    4.244180 v _102_/D (sg13g2_dfrbpq_1)
                                              4.244180   data arrival time

                      0.150000   20.000000   20.000000   clock clk (rise edge)
                                  0.000000   20.000000   clock network delay (ideal)
                                 -0.250000   19.750002   clock uncertainty
                                  0.000000   19.750002   clock reconvergence pessimism
                                             19.750002 ^ _102_/CLK (sg13g2_dfrbpq_1)
                                 -0.083828   19.666174   library setup time
                                             19.666174   data required time
---------------------------------------------------------------------------------------------
                                             19.666174   data required time
                                             -4.244180   data arrival time
---------------------------------------------------------------------------------------------
                                             15.421993   slack (MET)


Startpoint: done_in (input port clocked by clk)
Endpoint: _103_ (rising edge-triggered flip-flop clocked by clk)
Path Group: clk
Path Type: max

Fanout         Cap        Slew       Delay        Time   Description
---------------------------------------------------------------------------------------------
                      0.150000    0.000000    0.000000   clock clk (rise edge)
                                  0.000000    0.000000   clock network delay (ideal)
                                  4.000000    4.000000 ^ input external delay
    13    0.075395    0.089425    0.064398    4.064398 ^ done_in (in)
                                                         done_in (net)
                      0.089425    0.000000    4.064398 ^ _073_/S (sg13g2_mux2_1)
     1    0.001781    0.032215    0.179782    4.244180 v _073_/X (sg13g2_mux2_1)
                                                         _025_ (net)
                      0.032215    0.000000    4.244180 v _103_/D (sg13g2_dfrbpq_1)
                                              4.244180   data arrival time

                      0.150000   20.000000   20.000000   clock clk (rise edge)
                                  0.000000   20.000000   clock network delay (ideal)
                                 -0.250000   19.750002   clock uncertainty
                                  0.000000   19.750002   clock reconvergence pessimism
                                             19.750002 ^ _103_/CLK (sg13g2_dfrbpq_1)
                                 -0.083828   19.666174   library setup time
                                             19.666174   data required time
---------------------------------------------------------------------------------------------
                                             19.666174   data required time
                                             -4.244180   data arrival time
---------------------------------------------------------------------------------------------
                                             15.421993   slack (MET)


Startpoint: done_in (input port clocked by clk)
Endpoint: _104_ (rising edge-triggered flip-flop clocked by clk)
Path Group: clk
Path Type: max

Fanout         Cap        Slew       Delay        Time   Description
---------------------------------------------------------------------------------------------
                      0.150000    0.000000    0.000000   clock clk (rise edge)
                                  0.000000    0.000000   clock network delay (ideal)
                                  4.000000    4.000000 ^ input external delay
    13    0.075395    0.089425    0.064398    4.064398 ^ done_in (in)
                                                         done_in (net)
                      0.089425    0.000000    4.064398 ^ _072_/S (sg13g2_mux2_1)
     1    0.001781    0.032215    0.179782    4.244180 v _072_/X (sg13g2_mux2_1)
                                                         _026_ (net)
                      0.032215    0.000000    4.244180 v _104_/D (sg13g2_dfrbpq_1)
                                              4.244180   data arrival time

                      0.150000   20.000000   20.000000   clock clk (rise edge)
                                  0.000000   20.000000   clock network delay (ideal)
                                 -0.250000   19.750002   clock uncertainty
                                  0.000000   19.750002   clock reconvergence pessimism
                                             19.750002 ^ _104_/CLK (sg13g2_dfrbpq_1)
                                 -0.083828   19.666174   library setup time
                                             19.666174   data required time
---------------------------------------------------------------------------------------------
                                             19.666174   data required time
                                             -4.244180   data arrival time
---------------------------------------------------------------------------------------------
                                             15.421993   slack (MET)


Startpoint: done_in (input port clocked by clk)
Endpoint: _105_ (rising edge-triggered flip-flop clocked by clk)
Path Group: clk
Path Type: max

Fanout         Cap        Slew       Delay        Time   Description
---------------------------------------------------------------------------------------------
                      0.150000    0.000000    0.000000   clock clk (rise edge)
                                  0.000000    0.000000   clock network delay (ideal)
                                  4.000000    4.000000 ^ input external delay
    13    0.075395    0.089425    0.064398    4.064398 ^ done_in (in)
                                                         done_in (net)
                      0.089425    0.000000    4.064398 ^ _071_/S (sg13g2_mux2_1)
     1    0.001781    0.032215    0.179782    4.244180 v _071_/X (sg13g2_mux2_1)
                                                         _027_ (net)
                      0.032215    0.000000    4.244180 v _105_/D (sg13g2_dfrbpq_1)
                                              4.244180   data arrival time

                      0.150000   20.000000   20.000000   clock clk (rise edge)
                                  0.000000   20.000000   clock network delay (ideal)
                                 -0.250000   19.750002   clock uncertainty
                                  0.000000   19.750002   clock reconvergence pessimism
                                             19.750002 ^ _105_/CLK (sg13g2_dfrbpq_1)
                                 -0.083828   19.666174   library setup time
                                             19.666174   data required time
---------------------------------------------------------------------------------------------
                                             19.666174   data required time
                                             -4.244180   data arrival time
---------------------------------------------------------------------------------------------
                                             15.421993   slack (MET)


Startpoint: done_in (input port clocked by clk)
Endpoint: _106_ (rising edge-triggered flip-flop clocked by clk)
Path Group: clk
Path Type: max

Fanout         Cap        Slew       Delay        Time   Description
---------------------------------------------------------------------------------------------
                      0.150000    0.000000    0.000000   clock clk (rise edge)
                                  0.000000    0.000000   clock network delay (ideal)
                                  4.000000    4.000000 ^ input external delay
    13    0.075395    0.089425    0.064398    4.064398 ^ done_in (in)
                                                         done_in (net)
                      0.089425    0.000000    4.064398 ^ _070_/S (sg13g2_mux2_1)
     1    0.001781    0.032215    0.179782    4.244180 v _070_/X (sg13g2_mux2_1)
                                                         _028_ (net)
                      0.032215    0.000000    4.244180 v _106_/D (sg13g2_dfrbpq_1)
                                              4.244180   data arrival time

                      0.150000   20.000000   20.000000   clock clk (rise edge)
                                  0.000000   20.000000   clock network delay (ideal)
                                 -0.250000   19.750002   clock uncertainty
                                  0.000000   19.750002   clock reconvergence pessimism
                                             19.750002 ^ _106_/CLK (sg13g2_dfrbpq_1)
                                 -0.083828   19.666174   library setup time
                                             19.666174   data required time
---------------------------------------------------------------------------------------------
                                             19.666174   data required time
                                             -4.244180   data arrival time
---------------------------------------------------------------------------------------------
                                             15.421993   slack (MET)


Startpoint: done_in (input port clocked by clk)
Endpoint: _120_ (rising edge-triggered flip-flop clocked by clk)
Path Group: clk
Path Type: max

Fanout         Cap        Slew       Delay        Time   Description
---------------------------------------------------------------------------------------------
                      0.150000    0.000000    0.000000   clock clk (rise edge)
                                  0.000000    0.000000   clock network delay (ideal)
                                  4.000000    4.000000 ^ input external delay
    13    0.075395    0.089425    0.064398    4.064398 ^ done_in (in)
                                                         done_in (net)
                      0.089425    0.000000    4.064398 ^ _055_/S (sg13g2_mux2_1)
     1    0.001781    0.032215    0.179782    4.244180 v _055_/X (sg13g2_mux2_1)
                                                         _042_ (net)
                      0.032215    0.000000    4.244180 v _120_/D (sg13g2_dfrbpq_1)
                                              4.244180   data arrival time

                      0.150000   20.000000   20.000000   clock clk (rise edge)
                                  0.000000   20.000000   clock network delay (ideal)
                                 -0.250000   19.750002   clock uncertainty
                                  0.000000   19.750002   clock reconvergence pessimism
                                             19.750002 ^ _120_/CLK (sg13g2_dfrbpq_1)
                                 -0.083828   19.666174   library setup time
                                             19.666174   data required time
---------------------------------------------------------------------------------------------
                                             19.666174   data required time
                                             -4.244180   data arrival time
---------------------------------------------------------------------------------------------
                                             15.421993   slack (MET)


Startpoint: done_in (input port clocked by clk)
Endpoint: _121_ (rising edge-triggered flip-flop clocked by clk)
Path Group: clk
Path Type: max

Fanout         Cap        Slew       Delay        Time   Description
---------------------------------------------------------------------------------------------
                      0.150000    0.000000    0.000000   clock clk (rise edge)
                                  0.000000    0.000000   clock network delay (ideal)
                                  4.000000    4.000000 ^ input external delay
    13    0.075395    0.089425    0.064398    4.064398 ^ done_in (in)
                                                         done_in (net)
                      0.089425    0.000000    4.064398 ^ _054_/S (sg13g2_mux2_1)
     1    0.001781    0.032215    0.179782    4.244180 v _054_/X (sg13g2_mux2_1)
                                                         _043_ (net)
                      0.032215    0.000000    4.244180 v _121_/D (sg13g2_dfrbpq_1)
                                              4.244180   data arrival time

                      0.150000   20.000000   20.000000   clock clk (rise edge)
                                  0.000000   20.000000   clock network delay (ideal)
                                 -0.250000   19.750002   clock uncertainty
                                  0.000000   19.750002   clock reconvergence pessimism
                                             19.750002 ^ _121_/CLK (sg13g2_dfrbpq_1)
                                 -0.083828   19.666174   library setup time
                                             19.666174   data required time
---------------------------------------------------------------------------------------------
                                             19.666174   data required time
                                             -4.244180   data arrival time
---------------------------------------------------------------------------------------------
                                             15.421993   slack (MET)


Startpoint: done_in (input port clocked by clk)
Endpoint: _107_ (rising edge-triggered flip-flop clocked by clk)
Path Group: clk
Path Type: max

Fanout         Cap        Slew       Delay        Time   Description
---------------------------------------------------------------------------------------------
                      0.150000    0.000000    0.000000   clock clk (rise edge)
                                  0.000000    0.000000   clock network delay (ideal)
                                  4.000000    4.000000 ^ input external delay
    13    0.075395    0.089425    0.064398    4.064398 ^ done_in (in)
                                                         done_in (net)
                      0.089425    0.000000    4.064398 ^ _069_/S (sg13g2_mux2_1)
     1    0.001781    0.032054    0.179782    4.244180 v _069_/X (sg13g2_mux2_1)
                                                         _029_ (net)
                      0.032054    0.000000    4.244180 v _107_/D (sg13g2_dfrbpq_1)
                                              4.244180   data arrival time

                      0.150000   20.000000   20.000000   clock clk (rise edge)
                                  0.000000   20.000000   clock network delay (ideal)
                                 -0.250000   19.750002   clock uncertainty
                                  0.000000   19.750002   clock reconvergence pessimism
                                             19.750002 ^ _107_/CLK (sg13g2_dfrbpq_1)
                                 -0.083769   19.666231   library setup time
                                             19.666231   data required time
---------------------------------------------------------------------------------------------
                                             19.666231   data required time
                                             -4.244180   data arrival time
---------------------------------------------------------------------------------------------
                                             15.422051   slack (MET)


Startpoint: _120_ (rising edge-triggered flip-flop clocked by clk)
Endpoint: dout[0] (output port clocked by clk)
Path Group: clk
Path Type: max

Fanout         Cap        Slew       Delay        Time   Description
---------------------------------------------------------------------------------------------
                      0.150000    0.000000    0.000000   clock clk (rise edge)
                                  0.000000    0.000000   clock network delay (ideal)
                      0.150000    0.000000    0.000000 ^ _120_/CLK (sg13g2_dfrbpq_1)
     2    0.009098    0.048241    0.247113    0.247113 ^ _120_/Q (sg13g2_dfrbpq_1)
                                                         dout[0] (net)
                      0.048241    0.000000    0.247113 ^ dout[0] (out)
                                              0.247113   data arrival time

                      0.150000   20.000000   20.000000   clock clk (rise edge)
                                  0.000000   20.000000   clock network delay (ideal)
                                 -0.250000   19.750002   clock uncertainty
                                  0.000000   19.750002   clock reconvergence pessimism
                                 -4.000000   15.750001   output external delay
                                             15.750001   data required time
---------------------------------------------------------------------------------------------
                                             15.750001   data required time
                                             -0.247113   data arrival time
---------------------------------------------------------------------------------------------
                                             15.502889   slack (MET)


Startpoint: _106_ (rising edge-triggered flip-flop clocked by clk)
Endpoint: dout[10] (output port clocked by clk)
Path Group: clk
Path Type: max

Fanout         Cap        Slew       Delay        Time   Description
---------------------------------------------------------------------------------------------
                      0.150000    0.000000    0.000000   clock clk (rise edge)
                                  0.000000    0.000000   clock network delay (ideal)
                      0.150000    0.000000    0.000000 ^ _106_/CLK (sg13g2_dfrbpq_1)
     2    0.009098    0.048241    0.247113    0.247113 ^ _106_/Q (sg13g2_dfrbpq_1)
                                                         dout[10] (net)
                      0.048241    0.000000    0.247113 ^ dout[10] (out)
                                              0.247113   data arrival time

                      0.150000   20.000000   20.000000   clock clk (rise edge)
                                  0.000000   20.000000   clock network delay (ideal)
                                 -0.250000   19.750002   clock uncertainty
                                  0.000000   19.750002   clock reconvergence pessimism
                                 -4.000000   15.750001   output external delay
                                             15.750001   data required time
---------------------------------------------------------------------------------------------
                                             15.750001   data required time
                                             -0.247113   data arrival time
---------------------------------------------------------------------------------------------
                                             15.502889   slack (MET)


Startpoint: _107_ (rising edge-triggered flip-flop clocked by clk)
Endpoint: dout[11] (output port clocked by clk)
Path Group: clk
Path Type: max

Fanout         Cap        Slew       Delay        Time   Description
---------------------------------------------------------------------------------------------
                      0.150000    0.000000    0.000000   clock clk (rise edge)
                                  0.000000    0.000000   clock network delay (ideal)
                      0.150000    0.000000    0.000000 ^ _107_/CLK (sg13g2_dfrbpq_1)
     2    0.009098    0.048241    0.247113    0.247113 ^ _107_/Q (sg13g2_dfrbpq_1)
                                                         dout[11] (net)
                      0.048241    0.000000    0.247113 ^ dout[11] (out)
                                              0.247113   data arrival time

                      0.150000   20.000000   20.000000   clock clk (rise edge)
                                  0.000000   20.000000   clock network delay (ideal)
                                 -0.250000   19.750002   clock uncertainty
                                  0.000000   19.750002   clock reconvergence pessimism
                                 -4.000000   15.750001   output external delay
                                             15.750001   data required time
---------------------------------------------------------------------------------------------
                                             15.750001   data required time
                                             -0.247113   data arrival time
---------------------------------------------------------------------------------------------
                                             15.502889   slack (MET)


Startpoint: _121_ (rising edge-triggered flip-flop clocked by clk)
Endpoint: dout[1] (output port clocked by clk)
Path Group: clk
Path Type: max

Fanout         Cap        Slew       Delay        Time   Description
---------------------------------------------------------------------------------------------
                      0.150000    0.000000    0.000000   clock clk (rise edge)
                                  0.000000    0.000000   clock network delay (ideal)
                      0.150000    0.000000    0.000000 ^ _121_/CLK (sg13g2_dfrbpq_1)
     2    0.009098    0.048241    0.247113    0.247113 ^ _121_/Q (sg13g2_dfrbpq_1)
                                                         dout[1] (net)
                      0.048241    0.000000    0.247113 ^ dout[1] (out)
                                              0.247113   data arrival time

                      0.150000   20.000000   20.000000   clock clk (rise edge)
                                  0.000000   20.000000   clock network delay (ideal)
                                 -0.250000   19.750002   clock uncertainty
                                  0.000000   19.750002   clock reconvergence pessimism
                                 -4.000000   15.750001   output external delay
                                             15.750001   data required time
---------------------------------------------------------------------------------------------
                                             15.750001   data required time
                                             -0.247113   data arrival time
---------------------------------------------------------------------------------------------
                                             15.502889   slack (MET)


Startpoint: _098_ (rising edge-triggered flip-flop clocked by clk)
Endpoint: dout[2] (output port clocked by clk)
Path Group: clk
Path Type: max

Fanout         Cap        Slew       Delay        Time   Description
---------------------------------------------------------------------------------------------
                      0.150000    0.000000    0.000000   clock clk (rise edge)
                                  0.000000    0.000000   clock network delay (ideal)
                      0.150000    0.000000    0.000000 ^ _098_/CLK (sg13g2_dfrbpq_1)
     2    0.009098    0.048241    0.247113    0.247113 ^ _098_/Q (sg13g2_dfrbpq_1)
                                                         dout[2] (net)
                      0.048241    0.000000    0.247113 ^ dout[2] (out)
                                              0.247113   data arrival time

                      0.150000   20.000000   20.000000   clock clk (rise edge)
                                  0.000000   20.000000   clock network delay (ideal)
                                 -0.250000   19.750002   clock uncertainty
                                  0.000000   19.750002   clock reconvergence pessimism
                                 -4.000000   15.750001   output external delay
                                             15.750001   data required time
---------------------------------------------------------------------------------------------
                                             15.750001   data required time
                                             -0.247113   data arrival time
---------------------------------------------------------------------------------------------
                                             15.502889   slack (MET)


Startpoint: _099_ (rising edge-triggered flip-flop clocked by clk)
Endpoint: dout[3] (output port clocked by clk)
Path Group: clk
Path Type: max

Fanout         Cap        Slew       Delay        Time   Description
---------------------------------------------------------------------------------------------
                      0.150000    0.000000    0.000000   clock clk (rise edge)
                                  0.000000    0.000000   clock network delay (ideal)
                      0.150000    0.000000    0.000000 ^ _099_/CLK (sg13g2_dfrbpq_1)
     2    0.009098    0.048241    0.247113    0.247113 ^ _099_/Q (sg13g2_dfrbpq_1)
                                                         dout[3] (net)
                      0.048241    0.000000    0.247113 ^ dout[3] (out)
                                              0.247113   data arrival time

                      0.150000   20.000000   20.000000   clock clk (rise edge)
                                  0.000000   20.000000   clock network delay (ideal)
                                 -0.250000   19.750002   clock uncertainty
                                  0.000000   19.750002   clock reconvergence pessimism
                                 -4.000000   15.750001   output external delay
                                             15.750001   data required time
---------------------------------------------------------------------------------------------
                                             15.750001   data required time
                                             -0.247113   data arrival time
---------------------------------------------------------------------------------------------
                                             15.502889   slack (MET)


Startpoint: _100_ (rising edge-triggered flip-flop clocked by clk)
Endpoint: dout[4] (output port clocked by clk)
Path Group: clk
Path Type: max

Fanout         Cap        Slew       Delay        Time   Description
---------------------------------------------------------------------------------------------
                      0.150000    0.000000    0.000000   clock clk (rise edge)
                                  0.000000    0.000000   clock network delay (ideal)
                      0.150000    0.000000    0.000000 ^ _100_/CLK (sg13g2_dfrbpq_1)
     2    0.009098    0.048241    0.247113    0.247113 ^ _100_/Q (sg13g2_dfrbpq_1)
                                                         dout[4] (net)
                      0.048241    0.000000    0.247113 ^ dout[4] (out)
                                              0.247113   data arrival time

                      0.150000   20.000000   20.000000   clock clk (rise edge)
                                  0.000000   20.000000   clock network delay (ideal)
                                 -0.250000   19.750002   clock uncertainty
                                  0.000000   19.750002   clock reconvergence pessimism
                                 -4.000000   15.750001   output external delay
                                             15.750001   data required time
---------------------------------------------------------------------------------------------
                                             15.750001   data required time
                                             -0.247113   data arrival time
---------------------------------------------------------------------------------------------
                                             15.502889   slack (MET)


Startpoint: _101_ (rising edge-triggered flip-flop clocked by clk)
Endpoint: dout[5] (output port clocked by clk)
Path Group: clk
Path Type: max

Fanout         Cap        Slew       Delay        Time   Description
---------------------------------------------------------------------------------------------
                      0.150000    0.000000    0.000000   clock clk (rise edge)
                                  0.000000    0.000000   clock network delay (ideal)
                      0.150000    0.000000    0.000000 ^ _101_/CLK (sg13g2_dfrbpq_1)
     2    0.009098    0.048241    0.247113    0.247113 ^ _101_/Q (sg13g2_dfrbpq_1)
                                                         dout[5] (net)
                      0.048241    0.000000    0.247113 ^ dout[5] (out)
                                              0.247113   data arrival time

                      0.150000   20.000000   20.000000   clock clk (rise edge)
                                  0.000000   20.000000   clock network delay (ideal)
                                 -0.250000   19.750002   clock uncertainty
                                  0.000000   19.750002   clock reconvergence pessimism
                                 -4.000000   15.750001   output external delay
                                             15.750001   data required time
---------------------------------------------------------------------------------------------
                                             15.750001   data required time
                                             -0.247113   data arrival time
---------------------------------------------------------------------------------------------
                                             15.502889   slack (MET)


Startpoint: _102_ (rising edge-triggered flip-flop clocked by clk)
Endpoint: dout[6] (output port clocked by clk)
Path Group: clk
Path Type: max

Fanout         Cap        Slew       Delay        Time   Description
---------------------------------------------------------------------------------------------
                      0.150000    0.000000    0.000000   clock clk (rise edge)
                                  0.000000    0.000000   clock network delay (ideal)
                      0.150000    0.000000    0.000000 ^ _102_/CLK (sg13g2_dfrbpq_1)
     2    0.009098    0.048241    0.247113    0.247113 ^ _102_/Q (sg13g2_dfrbpq_1)
                                                         dout[6] (net)
                      0.048241    0.000000    0.247113 ^ dout[6] (out)
                                              0.247113   data arrival time

                      0.150000   20.000000   20.000000   clock clk (rise edge)
                                  0.000000   20.000000   clock network delay (ideal)
                                 -0.250000   19.750002   clock uncertainty
                                  0.000000   19.750002   clock reconvergence pessimism
                                 -4.000000   15.750001   output external delay
                                             15.750001   data required time
---------------------------------------------------------------------------------------------
                                             15.750001   data required time
                                             -0.247113   data arrival time
---------------------------------------------------------------------------------------------
                                             15.502889   slack (MET)


Startpoint: _103_ (rising edge-triggered flip-flop clocked by clk)
Endpoint: dout[7] (output port clocked by clk)
Path Group: clk
Path Type: max

Fanout         Cap        Slew       Delay        Time   Description
---------------------------------------------------------------------------------------------
                      0.150000    0.000000    0.000000   clock clk (rise edge)
                                  0.000000    0.000000   clock network delay (ideal)
                      0.150000    0.000000    0.000000 ^ _103_/CLK (sg13g2_dfrbpq_1)
     2    0.009098    0.048241    0.247113    0.247113 ^ _103_/Q (sg13g2_dfrbpq_1)
                                                         dout[7] (net)
                      0.048241    0.000000    0.247113 ^ dout[7] (out)
                                              0.247113   data arrival time

                      0.150000   20.000000   20.000000   clock clk (rise edge)
                                  0.000000   20.000000   clock network delay (ideal)
                                 -0.250000   19.750002   clock uncertainty
                                  0.000000   19.750002   clock reconvergence pessimism
                                 -4.000000   15.750001   output external delay
                                             15.750001   data required time
---------------------------------------------------------------------------------------------
                                             15.750001   data required time
                                             -0.247113   data arrival time
---------------------------------------------------------------------------------------------
                                             15.502889   slack (MET)


Startpoint: _104_ (rising edge-triggered flip-flop clocked by clk)
Endpoint: dout[8] (output port clocked by clk)
Path Group: clk
Path Type: max

Fanout         Cap        Slew       Delay        Time   Description
---------------------------------------------------------------------------------------------
                      0.150000    0.000000    0.000000   clock clk (rise edge)
                                  0.000000    0.000000   clock network delay (ideal)
                      0.150000    0.000000    0.000000 ^ _104_/CLK (sg13g2_dfrbpq_1)
     2    0.009098    0.048241    0.247113    0.247113 ^ _104_/Q (sg13g2_dfrbpq_1)
                                                         dout[8] (net)
                      0.048241    0.000000    0.247113 ^ dout[8] (out)
                                              0.247113   data arrival time

                      0.150000   20.000000   20.000000   clock clk (rise edge)
                                  0.000000   20.000000   clock network delay (ideal)
                                 -0.250000   19.750002   clock uncertainty
                                  0.000000   19.750002   clock reconvergence pessimism
                                 -4.000000   15.750001   output external delay
                                             15.750001   data required time
---------------------------------------------------------------------------------------------
                                             15.750001   data required time
                                             -0.247113   data arrival time
---------------------------------------------------------------------------------------------
                                             15.502889   slack (MET)


Startpoint: _105_ (rising edge-triggered flip-flop clocked by clk)
Endpoint: dout[9] (output port clocked by clk)
Path Group: clk
Path Type: max

Fanout         Cap        Slew       Delay        Time   Description
---------------------------------------------------------------------------------------------
                      0.150000    0.000000    0.000000   clock clk (rise edge)
                                  0.000000    0.000000   clock network delay (ideal)
                      0.150000    0.000000    0.000000 ^ _105_/CLK (sg13g2_dfrbpq_1)
     2    0.009098    0.048241    0.247113    0.247113 ^ _105_/Q (sg13g2_dfrbpq_1)
                                                         dout[9] (net)
                      0.048241    0.000000    0.247113 ^ dout[9] (out)
                                              0.247113   data arrival time

                      0.150000   20.000000   20.000000   clock clk (rise edge)
                                  0.000000   20.000000   clock network delay (ideal)
                                 -0.250000   19.750002   clock uncertainty
                                  0.000000   19.750002   clock reconvergence pessimism
                                 -4.000000   15.750001   output external delay
                                             15.750001   data required time
---------------------------------------------------------------------------------------------
                                             15.750001   data required time
                                             -0.247113   data arrival time
---------------------------------------------------------------------------------------------
                                             15.502889   slack (MET)


Startpoint: reset (input port clocked by clk)
Endpoint: _098_ (recovery check against rising-edge clock clk)
Path Group: asynchronous
Path Type: max

Fanout         Cap        Slew       Delay        Time   Description
---------------------------------------------------------------------------------------------
                      0.150000    0.000000    0.000000   clock clk (rise edge)
                                  0.000000    0.000000   clock network delay (ideal)
                                  4.000000    4.000000 v input external delay
    24    0.077886    0.071973    0.056488    4.056488 v reset (in)
                                                         reset (net)
                      0.071973    0.000000    4.056488 v _094_/A (sg13g2_inv_1)
     1    0.006005    0.042684    0.054256    4.110744 ^ _094_/Y (sg13g2_inv_1)
                                                         _020_ (net)
                      0.042684    0.000000    4.110744 ^ _098_/RESET_B (sg13g2_dfrbpq_1)
                                              4.110744   data arrival time

                      0.150000   20.000000   20.000000   clock clk (rise edge)
                                  0.000000   20.000000   clock network delay (ideal)
                                 -0.250000   19.750002   clock uncertainty
                                  0.000000   19.750002   clock reconvergence pessimism
                                             19.750002 ^ _098_/CLK (sg13g2_dfrbpq_1)
                                 -0.108727   19.641273   library recovery time
                                             19.641273   data required time
---------------------------------------------------------------------------------------------
                                             19.641273   data required time
                                             -4.110744   data arrival time
---------------------------------------------------------------------------------------------
                                             15.530530   slack (MET)


Startpoint: reset (input port clocked by clk)
Endpoint: _099_ (recovery check against rising-edge clock clk)
Path Group: asynchronous
Path Type: max

Fanout         Cap        Slew       Delay        Time   Description
---------------------------------------------------------------------------------------------
                      0.150000    0.000000    0.000000   clock clk (rise edge)
                                  0.000000    0.000000   clock network delay (ideal)
                                  4.000000    4.000000 v input external delay
    24    0.077886    0.071973    0.056488    4.056488 v reset (in)
                                                         reset (net)
                      0.071973    0.000000    4.056488 v _095_/A (sg13g2_inv_1)
     1    0.006005    0.042684    0.054256    4.110744 ^ _095_/Y (sg13g2_inv_1)
                                                         _021_ (net)
                      0.042684    0.000000    4.110744 ^ _099_/RESET_B (sg13g2_dfrbpq_1)
                                              4.110744   data arrival time

                      0.150000   20.000000   20.000000   clock clk (rise edge)
                                  0.000000   20.000000   clock network delay (ideal)
                                 -0.250000   19.750002   clock uncertainty
                                  0.000000   19.750002   clock reconvergence pessimism
                                             19.750002 ^ _099_/CLK (sg13g2_dfrbpq_1)
                                 -0.108727   19.641273   library recovery time
                                             19.641273   data required time
---------------------------------------------------------------------------------------------
                                             19.641273   data required time
                                             -4.110744   data arrival time
---------------------------------------------------------------------------------------------
                                             15.530530   slack (MET)


Startpoint: reset (input port clocked by clk)
Endpoint: _100_ (recovery check against rising-edge clock clk)
Path Group: asynchronous
Path Type: max

Fanout         Cap        Slew       Delay        Time   Description
---------------------------------------------------------------------------------------------
                      0.150000    0.000000    0.000000   clock clk (rise edge)
                                  0.000000    0.000000   clock network delay (ideal)
                                  4.000000    4.000000 v input external delay
    24    0.077886    0.071973    0.056488    4.056488 v reset (in)
                                                         reset (net)
                      0.071973    0.000000    4.056488 v _096_/A (sg13g2_inv_1)
     1    0.006005    0.042684    0.054256    4.110744 ^ _096_/Y (sg13g2_inv_1)
                                                         _022_ (net)
                      0.042684    0.000000    4.110744 ^ _100_/RESET_B (sg13g2_dfrbpq_1)
                                              4.110744   data arrival time

                      0.150000   20.000000   20.000000   clock clk (rise edge)
                                  0.000000   20.000000   clock network delay (ideal)
                                 -0.250000   19.750002   clock uncertainty
                                  0.000000   19.750002   clock reconvergence pessimism
                                             19.750002 ^ _100_/CLK (sg13g2_dfrbpq_1)
                                 -0.108727   19.641273   library recovery time
                                             19.641273   data required time
---------------------------------------------------------------------------------------------
                                             19.641273   data required time
                                             -4.110744   data arrival time
---------------------------------------------------------------------------------------------
                                             15.530530   slack (MET)


Startpoint: reset (input port clocked by clk)
Endpoint: _101_ (recovery check against rising-edge clock clk)
Path Group: asynchronous
Path Type: max

Fanout         Cap        Slew       Delay        Time   Description
---------------------------------------------------------------------------------------------
                      0.150000    0.000000    0.000000   clock clk (rise edge)
                                  0.000000    0.000000   clock network delay (ideal)
                                  4.000000    4.000000 v input external delay
    24    0.077886    0.071973    0.056488    4.056488 v reset (in)
                                                         reset (net)
                      0.071973    0.000000    4.056488 v _097_/A (sg13g2_inv_1)
     1    0.006005    0.042684    0.054256    4.110744 ^ _097_/Y (sg13g2_inv_1)
                                                         _023_ (net)
                      0.042684    0.000000    4.110744 ^ _101_/RESET_B (sg13g2_dfrbpq_1)
                                              4.110744   data arrival time

                      0.150000   20.000000   20.000000   clock clk (rise edge)
                                  0.000000   20.000000   clock network delay (ideal)
                                 -0.250000   19.750002   clock uncertainty
                                  0.000000   19.750002   clock reconvergence pessimism
                                             19.750002 ^ _101_/CLK (sg13g2_dfrbpq_1)
                                 -0.108727   19.641273   library recovery time
                                             19.641273   data required time
---------------------------------------------------------------------------------------------
                                             19.641273   data required time
                                             -4.110744   data arrival time
---------------------------------------------------------------------------------------------
                                             15.530530   slack (MET)


Startpoint: reset (input port clocked by clk)
Endpoint: _102_ (recovery check against rising-edge clock clk)
Path Group: asynchronous
Path Type: max

Fanout         Cap        Slew       Delay        Time   Description
---------------------------------------------------------------------------------------------
                      0.150000    0.000000    0.000000   clock clk (rise edge)
                                  0.000000    0.000000   clock network delay (ideal)
                                  4.000000    4.000000 v input external delay
    24    0.077886    0.071973    0.056488    4.056488 v reset (in)
                                                         reset (net)
                      0.071973    0.000000    4.056488 v _049_/A (sg13g2_inv_1)
     1    0.006005    0.042684    0.054256    4.110744 ^ _049_/Y (sg13g2_inv_1)
                                                         _000_ (net)
                      0.042684    0.000000    4.110744 ^ _102_/RESET_B (sg13g2_dfrbpq_1)
                                              4.110744   data arrival time

                      0.150000   20.000000   20.000000   clock clk (rise edge)
                                  0.000000   20.000000   clock network delay (ideal)
                                 -0.250000   19.750002   clock uncertainty
                                  0.000000   19.750002   clock reconvergence pessimism
                                             19.750002 ^ _102_/CLK (sg13g2_dfrbpq_1)
                                 -0.108727   19.641273   library recovery time
                                             19.641273   data required time
---------------------------------------------------------------------------------------------
                                             19.641273   data required time
                                             -4.110744   data arrival time
---------------------------------------------------------------------------------------------
                                             15.530530   slack (MET)


Startpoint: reset (input port clocked by clk)
Endpoint: _103_ (recovery check against rising-edge clock clk)
Path Group: asynchronous
Path Type: max

Fanout         Cap        Slew       Delay        Time   Description
---------------------------------------------------------------------------------------------
                      0.150000    0.000000    0.000000   clock clk (rise edge)
                                  0.000000    0.000000   clock network delay (ideal)
                                  4.000000    4.000000 v input external delay
    24    0.077886    0.071973    0.056488    4.056488 v reset (in)
                                                         reset (net)
                      0.071973    0.000000    4.056488 v _075_/A (sg13g2_inv_1)
     1    0.006005    0.042684    0.054256    4.110744 ^ _075_/Y (sg13g2_inv_1)
                                                         _001_ (net)
                      0.042684    0.000000    4.110744 ^ _103_/RESET_B (sg13g2_dfrbpq_1)
                                              4.110744   data arrival time

                      0.150000   20.000000   20.000000   clock clk (rise edge)
                                  0.000000   20.000000   clock network delay (ideal)
                                 -0.250000   19.750002   clock uncertainty
                                  0.000000   19.750002   clock reconvergence pessimism
                                             19.750002 ^ _103_/CLK (sg13g2_dfrbpq_1)
                                 -0.108727   19.641273   library recovery time
                                             19.641273   data required time
---------------------------------------------------------------------------------------------
                                             19.641273   data required time
                                             -4.110744   data arrival time
---------------------------------------------------------------------------------------------
                                             15.530530   slack (MET)


Startpoint: reset (input port clocked by clk)
Endpoint: _104_ (recovery check against rising-edge clock clk)
Path Group: asynchronous
Path Type: max

Fanout         Cap        Slew       Delay        Time   Description
---------------------------------------------------------------------------------------------
                      0.150000    0.000000    0.000000   clock clk (rise edge)
                                  0.000000    0.000000   clock network delay (ideal)
                                  4.000000    4.000000 v input external delay
    24    0.077886    0.071973    0.056488    4.056488 v reset (in)
                                                         reset (net)
                      0.071973    0.000000    4.056488 v _076_/A (sg13g2_inv_1)
     1    0.006005    0.042684    0.054256    4.110744 ^ _076_/Y (sg13g2_inv_1)
                                                         _002_ (net)
                      0.042684    0.000000    4.110744 ^ _104_/RESET_B (sg13g2_dfrbpq_1)
                                              4.110744   data arrival time

                      0.150000   20.000000   20.000000   clock clk (rise edge)
                                  0.000000   20.000000   clock network delay (ideal)
                                 -0.250000   19.750002   clock uncertainty
                                  0.000000   19.750002   clock reconvergence pessimism
                                             19.750002 ^ _104_/CLK (sg13g2_dfrbpq_1)
                                 -0.108727   19.641273   library recovery time
                                             19.641273   data required time
---------------------------------------------------------------------------------------------
                                             19.641273   data required time
                                             -4.110744   data arrival time
---------------------------------------------------------------------------------------------
                                             15.530530   slack (MET)


Startpoint: reset (input port clocked by clk)
Endpoint: _105_ (recovery check against rising-edge clock clk)
Path Group: asynchronous
Path Type: max

Fanout         Cap        Slew       Delay        Time   Description
---------------------------------------------------------------------------------------------
                      0.150000    0.000000    0.000000   clock clk (rise edge)
                                  0.000000    0.000000   clock network delay (ideal)
                                  4.000000    4.000000 v input external delay
    24    0.077886    0.071973    0.056488    4.056488 v reset (in)
                                                         reset (net)
                      0.071973    0.000000    4.056488 v _077_/A (sg13g2_inv_1)
     1    0.006005    0.042684    0.054256    4.110744 ^ _077_/Y (sg13g2_inv_1)
                                                         _003_ (net)
                      0.042684    0.000000    4.110744 ^ _105_/RESET_B (sg13g2_dfrbpq_1)
                                              4.110744   data arrival time

                      0.150000   20.000000   20.000000   clock clk (rise edge)
                                  0.000000   20.000000   clock network delay (ideal)
                                 -0.250000   19.750002   clock uncertainty
                                  0.000000   19.750002   clock reconvergence pessimism
                                             19.750002 ^ _105_/CLK (sg13g2_dfrbpq_1)
                                 -0.108727   19.641273   library recovery time
                                             19.641273   data required time
---------------------------------------------------------------------------------------------
                                             19.641273   data required time
                                             -4.110744   data arrival time
---------------------------------------------------------------------------------------------
                                             15.530530   slack (MET)


Startpoint: reset (input port clocked by clk)
Endpoint: _106_ (recovery check against rising-edge clock clk)
Path Group: asynchronous
Path Type: max

Fanout         Cap        Slew       Delay        Time   Description
---------------------------------------------------------------------------------------------
                      0.150000    0.000000    0.000000   clock clk (rise edge)
                                  0.000000    0.000000   clock network delay (ideal)
                                  4.000000    4.000000 v input external delay
    24    0.077886    0.071973    0.056488    4.056488 v reset (in)
                                                         reset (net)
                      0.071973    0.000000    4.056488 v _078_/A (sg13g2_inv_1)
     1    0.006005    0.042684    0.054256    4.110744 ^ _078_/Y (sg13g2_inv_1)
                                                         _004_ (net)
                      0.042684    0.000000    4.110744 ^ _106_/RESET_B (sg13g2_dfrbpq_1)
                                              4.110744   data arrival time

                      0.150000   20.000000   20.000000   clock clk (rise edge)
                                  0.000000   20.000000   clock network delay (ideal)
                                 -0.250000   19.750002   clock uncertainty
                                  0.000000   19.750002   clock reconvergence pessimism
                                             19.750002 ^ _106_/CLK (sg13g2_dfrbpq_1)
                                 -0.108727   19.641273   library recovery time
                                             19.641273   data required time
---------------------------------------------------------------------------------------------
                                             19.641273   data required time
                                             -4.110744   data arrival time
---------------------------------------------------------------------------------------------
                                             15.530530   slack (MET)


Startpoint: reset (input port clocked by clk)
Endpoint: _107_ (recovery check against rising-edge clock clk)
Path Group: asynchronous
Path Type: max

Fanout         Cap        Slew       Delay        Time   Description
---------------------------------------------------------------------------------------------
                      0.150000    0.000000    0.000000   clock clk (rise edge)
                                  0.000000    0.000000   clock network delay (ideal)
                                  4.000000    4.000000 v input external delay
    24    0.077886    0.071973    0.056488    4.056488 v reset (in)
                                                         reset (net)
                      0.071973    0.000000    4.056488 v _079_/A (sg13g2_inv_1)
     1    0.006005    0.042684    0.054256    4.110744 ^ _079_/Y (sg13g2_inv_1)
                                                         _005_ (net)
                      0.042684    0.000000    4.110744 ^ _107_/RESET_B (sg13g2_dfrbpq_1)
                                              4.110744   data arrival time

                      0.150000   20.000000   20.000000   clock clk (rise edge)
                                  0.000000   20.000000   clock network delay (ideal)
                                 -0.250000   19.750002   clock uncertainty
                                  0.000000   19.750002   clock reconvergence pessimism
                                             19.750002 ^ _107_/CLK (sg13g2_dfrbpq_1)
                                 -0.108727   19.641273   library recovery time
                                             19.641273   data required time
---------------------------------------------------------------------------------------------
                                             19.641273   data required time
                                             -4.110744   data arrival time
---------------------------------------------------------------------------------------------
                                             15.530530   slack (MET)


Startpoint: reset (input port clocked by clk)
Endpoint: _108_ (recovery check against rising-edge clock clk)
Path Group: asynchronous
Path Type: max

Fanout         Cap        Slew       Delay        Time   Description
---------------------------------------------------------------------------------------------
                      0.150000    0.000000    0.000000   clock clk (rise edge)
                                  0.000000    0.000000   clock network delay (ideal)
                                  4.000000    4.000000 v input external delay
    24    0.077886    0.071973    0.056488    4.056488 v reset (in)
                                                         reset (net)
                      0.071973    0.000000    4.056488 v _080_/A (sg13g2_inv_1)
     1    0.006005    0.042684    0.054256    4.110744 ^ _080_/Y (sg13g2_inv_1)
                                                         _006_ (net)
                      0.042684    0.000000    4.110744 ^ _108_/RESET_B (sg13g2_dfrbpq_1)
                                              4.110744   data arrival time

                      0.150000   20.000000   20.000000   clock clk (rise edge)
                                  0.000000   20.000000   clock network delay (ideal)
                                 -0.250000   19.750002   clock uncertainty
                                  0.000000   19.750002   clock reconvergence pessimism
                                             19.750002 ^ _108_/CLK (sg13g2_dfrbpq_1)
                                 -0.108727   19.641273   library recovery time
                                             19.641273   data required time
---------------------------------------------------------------------------------------------
                                             19.641273   data required time
                                             -4.110744   data arrival time
---------------------------------------------------------------------------------------------
                                             15.530530   slack (MET)


Startpoint: reset (input port clocked by clk)
Endpoint: _109_ (recovery check against rising-edge clock clk)
Path Group: asynchronous
Path Type: max

Fanout         Cap        Slew       Delay        Time   Description
---------------------------------------------------------------------------------------------
                      0.150000    0.000000    0.000000   clock clk (rise edge)
                                  0.000000    0.000000   clock network delay (ideal)
                                  4.000000    4.000000 v input external delay
    24    0.077886    0.071973    0.056488    4.056488 v reset (in)
                                                         reset (net)
                      0.071973    0.000000    4.056488 v _081_/A (sg13g2_inv_1)
     1    0.006005    0.042684    0.054256    4.110744 ^ _081_/Y (sg13g2_inv_1)
                                                         _007_ (net)
                      0.042684    0.000000    4.110744 ^ _109_/RESET_B (sg13g2_dfrbpq_1)
                                              4.110744   data arrival time

                      0.150000   20.000000   20.000000   clock clk (rise edge)
                                  0.000000   20.000000   clock network delay (ideal)
                                 -0.250000   19.750002   clock uncertainty
                                  0.000000   19.750002   clock reconvergence pessimism
                                             19.750002 ^ _109_/CLK (sg13g2_dfrbpq_1)
                                 -0.108727   19.641273   library recovery time
                                             19.641273   data required time
---------------------------------------------------------------------------------------------
                                             19.641273   data required time
                                             -4.110744   data arrival time
---------------------------------------------------------------------------------------------
                                             15.530530   slack (MET)


Startpoint: reset (input port clocked by clk)
Endpoint: _110_ (recovery check against rising-edge clock clk)
Path Group: asynchronous
Path Type: max

Fanout         Cap        Slew       Delay        Time   Description
---------------------------------------------------------------------------------------------
                      0.150000    0.000000    0.000000   clock clk (rise edge)
                                  0.000000    0.000000   clock network delay (ideal)
                                  4.000000    4.000000 v input external delay
    24    0.077886    0.071973    0.056488    4.056488 v reset (in)
                                                         reset (net)
                      0.071973    0.000000    4.056488 v _082_/A (sg13g2_inv_1)
     1    0.006005    0.042684    0.054256    4.110744 ^ _082_/Y (sg13g2_inv_1)
                                                         _008_ (net)
                      0.042684    0.000000    4.110744 ^ _110_/RESET_B (sg13g2_dfrbpq_1)
                                              4.110744   data arrival time

                      0.150000   20.000000   20.000000   clock clk (rise edge)
                                  0.000000   20.000000   clock network delay (ideal)
                                 -0.250000   19.750002   clock uncertainty
                                  0.000000   19.750002   clock reconvergence pessimism
                                             19.750002 ^ _110_/CLK (sg13g2_dfrbpq_1)
                                 -0.108727   19.641273   library recovery time
                                             19.641273   data required time
---------------------------------------------------------------------------------------------
                                             19.641273   data required time
                                             -4.110744   data arrival time
---------------------------------------------------------------------------------------------
                                             15.530530   slack (MET)


Startpoint: reset (input port clocked by clk)
Endpoint: _111_ (recovery check against rising-edge clock clk)
Path Group: asynchronous
Path Type: max

Fanout         Cap        Slew       Delay        Time   Description
---------------------------------------------------------------------------------------------
                      0.150000    0.000000    0.000000   clock clk (rise edge)
                                  0.000000    0.000000   clock network delay (ideal)
                                  4.000000    4.000000 v input external delay
    24    0.077886    0.071973    0.056488    4.056488 v reset (in)
                                                         reset (net)
                      0.071973    0.000000    4.056488 v _083_/A (sg13g2_inv_1)
     1    0.006005    0.042684    0.054256    4.110744 ^ _083_/Y (sg13g2_inv_1)
                                                         _009_ (net)
                      0.042684    0.000000    4.110744 ^ _111_/RESET_B (sg13g2_dfrbpq_1)
                                              4.110744   data arrival time

                      0.150000   20.000000   20.000000   clock clk (rise edge)
                                  0.000000   20.000000   clock network delay (ideal)
                                 -0.250000   19.750002   clock uncertainty
                                  0.000000   19.750002   clock reconvergence pessimism
                                             19.750002 ^ _111_/CLK (sg13g2_dfrbpq_1)
                                 -0.108727   19.641273   library recovery time
                                             19.641273   data required time
---------------------------------------------------------------------------------------------
                                             19.641273   data required time
                                             -4.110744   data arrival time
---------------------------------------------------------------------------------------------
                                             15.530530   slack (MET)


Startpoint: reset (input port clocked by clk)
Endpoint: _112_ (recovery check against rising-edge clock clk)
Path Group: asynchronous
Path Type: max

Fanout         Cap        Slew       Delay        Time   Description
---------------------------------------------------------------------------------------------
                      0.150000    0.000000    0.000000   clock clk (rise edge)
                                  0.000000    0.000000   clock network delay (ideal)
                                  4.000000    4.000000 v input external delay
    24    0.077886    0.071973    0.056488    4.056488 v reset (in)
                                                         reset (net)
                      0.071973    0.000000    4.056488 v _084_/A (sg13g2_inv_1)
     1    0.006005    0.042684    0.054256    4.110744 ^ _084_/Y (sg13g2_inv_1)
                                                         _010_ (net)
                      0.042684    0.000000    4.110744 ^ _112_/RESET_B (sg13g2_dfrbpq_1)
                                              4.110744   data arrival time

                      0.150000   20.000000   20.000000   clock clk (rise edge)
                                  0.000000   20.000000   clock network delay (ideal)
                                 -0.250000   19.750002   clock uncertainty
                                  0.000000   19.750002   clock reconvergence pessimism
                                             19.750002 ^ _112_/CLK (sg13g2_dfrbpq_1)
                                 -0.108727   19.641273   library recovery time
                                             19.641273   data required time
---------------------------------------------------------------------------------------------
                                             19.641273   data required time
                                             -4.110744   data arrival time
---------------------------------------------------------------------------------------------
                                             15.530530   slack (MET)


Startpoint: reset (input port clocked by clk)
Endpoint: _113_ (recovery check against rising-edge clock clk)
Path Group: asynchronous
Path Type: max

Fanout         Cap        Slew       Delay        Time   Description
---------------------------------------------------------------------------------------------
                      0.150000    0.000000    0.000000   clock clk (rise edge)
                                  0.000000    0.000000   clock network delay (ideal)
                                  4.000000    4.000000 v input external delay
    24    0.077886    0.071973    0.056488    4.056488 v reset (in)
                                                         reset (net)
                      0.071973    0.000000    4.056488 v _085_/A (sg13g2_inv_1)
     1    0.006005    0.042684    0.054256    4.110744 ^ _085_/Y (sg13g2_inv_1)
                                                         _011_ (net)
                      0.042684    0.000000    4.110744 ^ _113_/RESET_B (sg13g2_dfrbpq_1)
                                              4.110744   data arrival time

                      0.150000   20.000000   20.000000   clock clk (rise edge)
                                  0.000000   20.000000   clock network delay (ideal)
                                 -0.250000   19.750002   clock uncertainty
                                  0.000000   19.750002   clock reconvergence pessimism
                                             19.750002 ^ _113_/CLK (sg13g2_dfrbpq_1)
                                 -0.108727   19.641273   library recovery time
                                             19.641273   data required time
---------------------------------------------------------------------------------------------
                                             19.641273   data required time
                                             -4.110744   data arrival time
---------------------------------------------------------------------------------------------
                                             15.530530   slack (MET)


Startpoint: reset (input port clocked by clk)
Endpoint: _114_ (recovery check against rising-edge clock clk)
Path Group: asynchronous
Path Type: max

Fanout         Cap        Slew       Delay        Time   Description
---------------------------------------------------------------------------------------------
                      0.150000    0.000000    0.000000   clock clk (rise edge)
                                  0.000000    0.000000   clock network delay (ideal)
                                  4.000000    4.000000 v input external delay
    24    0.077886    0.071973    0.056488    4.056488 v reset (in)
                                                         reset (net)
                      0.071973    0.000000    4.056488 v _086_/A (sg13g2_inv_1)
     1    0.006005    0.042684    0.054256    4.110744 ^ _086_/Y (sg13g2_inv_1)
                                                         _012_ (net)
                      0.042684    0.000000    4.110744 ^ _114_/RESET_B (sg13g2_dfrbpq_1)
                                              4.110744   data arrival time

                      0.150000   20.000000   20.000000   clock clk (rise edge)
                                  0.000000   20.000000   clock network delay (ideal)
                                 -0.250000   19.750002   clock uncertainty
                                  0.000000   19.750002   clock reconvergence pessimism
                                             19.750002 ^ _114_/CLK (sg13g2_dfrbpq_1)
                                 -0.108727   19.641273   library recovery time
                                             19.641273   data required time
---------------------------------------------------------------------------------------------
                                             19.641273   data required time
                                             -4.110744   data arrival time
---------------------------------------------------------------------------------------------
                                             15.530530   slack (MET)


Startpoint: reset (input port clocked by clk)
Endpoint: _115_ (recovery check against rising-edge clock clk)
Path Group: asynchronous
Path Type: max

Fanout         Cap        Slew       Delay        Time   Description
---------------------------------------------------------------------------------------------
                      0.150000    0.000000    0.000000   clock clk (rise edge)
                                  0.000000    0.000000   clock network delay (ideal)
                                  4.000000    4.000000 v input external delay
    24    0.077886    0.071973    0.056488    4.056488 v reset (in)
                                                         reset (net)
                      0.071973    0.000000    4.056488 v _087_/A (sg13g2_inv_1)
     1    0.006005    0.042684    0.054256    4.110744 ^ _087_/Y (sg13g2_inv_1)
                                                         _013_ (net)
                      0.042684    0.000000    4.110744 ^ _115_/RESET_B (sg13g2_dfrbpq_1)
                                              4.110744   data arrival time

                      0.150000   20.000000   20.000000   clock clk (rise edge)
                                  0.000000   20.000000   clock network delay (ideal)
                                 -0.250000   19.750002   clock uncertainty
                                  0.000000   19.750002   clock reconvergence pessimism
                                             19.750002 ^ _115_/CLK (sg13g2_dfrbpq_1)
                                 -0.108727   19.641273   library recovery time
                                             19.641273   data required time
---------------------------------------------------------------------------------------------
                                             19.641273   data required time
                                             -4.110744   data arrival time
---------------------------------------------------------------------------------------------
                                             15.530530   slack (MET)


Startpoint: reset (input port clocked by clk)
Endpoint: _116_ (recovery check against rising-edge clock clk)
Path Group: asynchronous
Path Type: max

Fanout         Cap        Slew       Delay        Time   Description
---------------------------------------------------------------------------------------------
                      0.150000    0.000000    0.000000   clock clk (rise edge)
                                  0.000000    0.000000   clock network delay (ideal)
                                  4.000000    4.000000 v input external delay
    24    0.077886    0.071973    0.056488    4.056488 v reset (in)
                                                         reset (net)
                      0.071973    0.000000    4.056488 v _088_/A (sg13g2_inv_1)
     1    0.006005    0.042684    0.054256    4.110744 ^ _088_/Y (sg13g2_inv_1)
                                                         _014_ (net)
                      0.042684    0.000000    4.110744 ^ _116_/RESET_B (sg13g2_dfrbpq_1)
                                              4.110744   data arrival time

                      0.150000   20.000000   20.000000   clock clk (rise edge)
                                  0.000000   20.000000   clock network delay (ideal)
                                 -0.250000   19.750002   clock uncertainty
                                  0.000000   19.750002   clock reconvergence pessimism
                                             19.750002 ^ _116_/CLK (sg13g2_dfrbpq_1)
                                 -0.108727   19.641273   library recovery time
                                             19.641273   data required time
---------------------------------------------------------------------------------------------
                                             19.641273   data required time
                                             -4.110744   data arrival time
---------------------------------------------------------------------------------------------
                                             15.530530   slack (MET)


Startpoint: reset (input port clocked by clk)
Endpoint: _117_ (recovery check against rising-edge clock clk)
Path Group: asynchronous
Path Type: max

Fanout         Cap        Slew       Delay        Time   Description
---------------------------------------------------------------------------------------------
                      0.150000    0.000000    0.000000   clock clk (rise edge)
                                  0.000000    0.000000   clock network delay (ideal)
                                  4.000000    4.000000 v input external delay
    24    0.077886    0.071973    0.056488    4.056488 v reset (in)
                                                         reset (net)
                      0.071973    0.000000    4.056488 v _089_/A (sg13g2_inv_1)
     1    0.006005    0.042684    0.054256    4.110744 ^ _089_/Y (sg13g2_inv_1)
                                                         _015_ (net)
                      0.042684    0.000000    4.110744 ^ _117_/RESET_B (sg13g2_dfrbpq_1)
                                              4.110744   data arrival time

                      0.150000   20.000000   20.000000   clock clk (rise edge)
                                  0.000000   20.000000   clock network delay (ideal)
                                 -0.250000   19.750002   clock uncertainty
                                  0.000000   19.750002   clock reconvergence pessimism
                                             19.750002 ^ _117_/CLK (sg13g2_dfrbpq_1)
                                 -0.108727   19.641273   library recovery time
                                             19.641273   data required time
---------------------------------------------------------------------------------------------
                                             19.641273   data required time
                                             -4.110744   data arrival time
---------------------------------------------------------------------------------------------
                                             15.530530   slack (MET)


Startpoint: reset (input port clocked by clk)
Endpoint: _118_ (recovery check against rising-edge clock clk)
Path Group: asynchronous
Path Type: max

Fanout         Cap        Slew       Delay        Time   Description
---------------------------------------------------------------------------------------------
                      0.150000    0.000000    0.000000   clock clk (rise edge)
                                  0.000000    0.000000   clock network delay (ideal)
                                  4.000000    4.000000 v input external delay
    24    0.077886    0.071973    0.056488    4.056488 v reset (in)
                                                         reset (net)
                      0.071973    0.000000    4.056488 v _090_/A (sg13g2_inv_1)
     1    0.006005    0.042684    0.054256    4.110744 ^ _090_/Y (sg13g2_inv_1)
                                                         _016_ (net)
                      0.042684    0.000000    4.110744 ^ _118_/RESET_B (sg13g2_dfrbpq_1)
                                              4.110744   data arrival time

                      0.150000   20.000000   20.000000   clock clk (rise edge)
                                  0.000000   20.000000   clock network delay (ideal)
                                 -0.250000   19.750002   clock uncertainty
                                  0.000000   19.750002   clock reconvergence pessimism
                                             19.750002 ^ _118_/CLK (sg13g2_dfrbpq_1)
                                 -0.108727   19.641273   library recovery time
                                             19.641273   data required time
---------------------------------------------------------------------------------------------
                                             19.641273   data required time
                                             -4.110744   data arrival time
---------------------------------------------------------------------------------------------
                                             15.530530   slack (MET)


Startpoint: reset (input port clocked by clk)
Endpoint: _119_ (recovery check against rising-edge clock clk)
Path Group: asynchronous
Path Type: max

Fanout         Cap        Slew       Delay        Time   Description
---------------------------------------------------------------------------------------------
                      0.150000    0.000000    0.000000   clock clk (rise edge)
                                  0.000000    0.000000   clock network delay (ideal)
                                  4.000000    4.000000 v input external delay
    24    0.077886    0.071973    0.056488    4.056488 v reset (in)
                                                         reset (net)
                      0.071973    0.000000    4.056488 v _091_/A (sg13g2_inv_1)
     1    0.006005    0.042684    0.054256    4.110744 ^ _091_/Y (sg13g2_inv_1)
                                                         _017_ (net)
                      0.042684    0.000000    4.110744 ^ _119_/RESET_B (sg13g2_dfrbpq_1)
                                              4.110744   data arrival time

                      0.150000   20.000000   20.000000   clock clk (rise edge)
                                  0.000000   20.000000   clock network delay (ideal)
                                 -0.250000   19.750002   clock uncertainty
                                  0.000000   19.750002   clock reconvergence pessimism
                                             19.750002 ^ _119_/CLK (sg13g2_dfrbpq_1)
                                 -0.108727   19.641273   library recovery time
                                             19.641273   data required time
---------------------------------------------------------------------------------------------
                                             19.641273   data required time
                                             -4.110744   data arrival time
---------------------------------------------------------------------------------------------
                                             15.530530   slack (MET)


Startpoint: reset (input port clocked by clk)
Endpoint: _120_ (recovery check against rising-edge clock clk)
Path Group: asynchronous
Path Type: max

Fanout         Cap        Slew       Delay        Time   Description
---------------------------------------------------------------------------------------------
                      0.150000    0.000000    0.000000   clock clk (rise edge)
                                  0.000000    0.000000   clock network delay (ideal)
                                  4.000000    4.000000 v input external delay
    24    0.077886    0.071973    0.056488    4.056488 v reset (in)
                                                         reset (net)
                      0.071973    0.000000    4.056488 v _092_/A (sg13g2_inv_1)
     1    0.006005    0.042684    0.054256    4.110744 ^ _092_/Y (sg13g2_inv_1)
                                                         _018_ (net)
                      0.042684    0.000000    4.110744 ^ _120_/RESET_B (sg13g2_dfrbpq_1)
                                              4.110744   data arrival time

                      0.150000   20.000000   20.000000   clock clk (rise edge)
                                  0.000000   20.000000   clock network delay (ideal)
                                 -0.250000   19.750002   clock uncertainty
                                  0.000000   19.750002   clock reconvergence pessimism
                                             19.750002 ^ _120_/CLK (sg13g2_dfrbpq_1)
                                 -0.108727   19.641273   library recovery time
                                             19.641273   data required time
---------------------------------------------------------------------------------------------
                                             19.641273   data required time
                                             -4.110744   data arrival time
---------------------------------------------------------------------------------------------
                                             15.530530   slack (MET)


Startpoint: reset (input port clocked by clk)
Endpoint: _121_ (recovery check against rising-edge clock clk)
Path Group: asynchronous
Path Type: max

Fanout         Cap        Slew       Delay        Time   Description
---------------------------------------------------------------------------------------------
                      0.150000    0.000000    0.000000   clock clk (rise edge)
                                  0.000000    0.000000   clock network delay (ideal)
                                  4.000000    4.000000 v input external delay
    24    0.077886    0.071973    0.056488    4.056488 v reset (in)
                                                         reset (net)
                      0.071973    0.000000    4.056488 v _093_/A (sg13g2_inv_1)
     1    0.006005    0.042684    0.054256    4.110744 ^ _093_/Y (sg13g2_inv_1)
                                                         _019_ (net)
                      0.042684    0.000000    4.110744 ^ _121_/RESET_B (sg13g2_dfrbpq_1)
                                              4.110744   data arrival time

                      0.150000   20.000000   20.000000   clock clk (rise edge)
                                  0.000000   20.000000   clock network delay (ideal)
                                 -0.250000   19.750002   clock uncertainty
                                  0.000000   19.750002   clock reconvergence pessimism
                                             19.750002 ^ _121_/CLK (sg13g2_dfrbpq_1)
                                 -0.108727   19.641273   library recovery time
                                             19.641273   data required time
---------------------------------------------------------------------------------------------
                                             19.641273   data required time
                                             -4.110744   data arrival time
---------------------------------------------------------------------------------------------
                                             15.530530   slack (MET)



