Instance,Terminal,Layer,X location,Y location,Voltage
FILLER_43_1094,VDD,Metal1,532.5690,178.2580,1.199962
FILLER_43_1087,VDD,Metal1,529.2090,178.2580,1.199962
FILLER_43_1080,VDD,Metal1,525.8490,178.2580,1.199962
FILLER_43_1073,VDD,Metal1,522.4890,178.2580,1.199962
FILLER_43_1066,VDD,Metal1,519.1290,178.2580,1.199962
FILLER_43_1059,VDD,Metal1,515.7690,178.2580,1.199962
FILLER_43_1051,VDD,Metal1,511.2110,178.2560,1.199962
FILLER_43_1044,VDD,Metal1,508.5690,178.2580,1.199971
FILLER_43_1037,VDD,Metal1,505.2090,178.2580,1.199971
FILLER_43_1030,VDD,Metal1,501.8490,178.2580,1.199972
FILLER_43_1023,VDD,Metal1,498.4890,178.2580,1.199972
FILLER_43_1016,VDD,Metal1,495.1290,178.2580,1.199973
FILLER_43_1009,VDD,Metal1,491.7690,178.2580,1.199974
FILLER_43_1002,VDD,Metal1,488.4090,178.2580,1.199974
FILLER_43_995,VDD,Metal1,485.0490,178.2580,1.199975
FILLER_43_988,VDD,Metal1,481.6890,178.2580,1.199975
FILLER_43_981,VDD,Metal1,478.3290,178.2580,1.199976
FILLER_43_974,VDD,Metal1,474.9690,178.2580,1.199976
FILLER_43_967,VDD,Metal1,471.6090,178.2580,1.199977
FILLER_43_961,VDD,Metal1,467.5200,177.6600,1.199962
FILLER_43_954,VDD,Metal1,465.3690,178.2580,1.199962
FILLER_43_947,VDD,Metal1,462.0090,178.2580,1.199953
FILLER_43_940,VDD,Metal1,458.6490,178.2580,1.199945
FILLER_43_933,VDD,Metal1,455.2890,178.2580,1.199937
FILLER_43_926,VDD,Metal1,451.9290,178.2580,1.199928
FILLER_43_919,VDD,Metal1,448.5690,178.2580,1.199927
FILLER_43_879,VDD,Metal1,428.6510,178.2560,1.199878
FILLER_43_869,VDD,Metal1,423.3600,177.6600,1.199856
FILLER_43_827,VDD,Metal1,403.2000,177.6600,1.199935
FILLER_43_801,VDD,Metal1,390.4800,177.6600,1.199894
FILLER_43_799,VDD,Metal1,389.7600,177.6600,1.199892
FILLER_43_750,VDD,Metal1,366.7310,178.2560,1.199792
FILLER_43_718,VDD,Metal1,352.0890,178.2580,1.199795
FILLER_43_711,VDD,Metal1,348.7290,178.2580,1.199856
FILLER_43_704,VDD,Metal1,345.3690,178.2580,1.199860
FILLER_43_697,VDD,Metal1,342.0090,178.2580,1.199864
FILLER_43_683,VDD,Metal1,333.8400,177.6600,1.199912
FILLER_43_679,VDD,Metal1,332.6510,178.2560,1.199912
FILLER_43_669,VDD,Metal1,327.1200,177.6600,1.199944
FILLER_43_667,VDD,Metal1,326.4000,177.6600,1.199944
FILLER_43_660,VDD,Metal1,324.2490,178.2580,1.199960
FILLER_43_653,VDD,Metal1,320.8890,178.2580,1.199958
FILLER_43_646,VDD,Metal1,317.5290,178.2580,1.199946
FILLER_43_639,VDD,Metal1,314.1690,178.2580,1.199934
FILLER_43_632,VDD,Metal1,310.8090,178.2580,1.199882
FILLER_43_625,VDD,Metal1,307.4490,178.2580,1.199882
FILLER_43_618,VDD,Metal1,304.0890,178.2580,1.199882
FILLER_43_611,VDD,Metal1,300.7290,178.2580,1.199882
FILLER_43_604,VDD,Metal1,297.3690,178.2580,1.199879
FILLER_43_566,VDD,Metal1,277.9200,177.6600,1.199783
FILLER_43_562,VDD,Metal1,276.4910,178.2560,1.199783
FILLER_43_555,VDD,Metal1,273.8490,178.2580,1.199784
FILLER_43_548,VDD,Metal1,270.4890,178.2580,1.199786
FILLER_43_541,VDD,Metal1,267.1290,178.2580,1.199786
FILLER_43_534,VDD,Metal1,263.7690,178.2580,1.199786
FILLER_43_527,VDD,Metal1,260.4090,178.2580,1.199786
FILLER_43_481,VDD,Metal1,236.8800,177.6600,1.199758
FILLER_43_479,VDD,Metal1,236.1600,177.6600,1.199758
FILLER_43_472,VDD,Metal1,234.0090,178.2580,1.199758
FILLER_43_465,VDD,Metal1,230.6490,178.2580,1.199757
FILLER_43_399,VDD,Metal1,197.5200,177.6600,1.199732
FILLER_43_365,VDD,Metal1,182.6490,178.2580,1.199842
FILLER_43_358,VDD,Metal1,179.2890,178.2580,1.199972
FILLER_43_287,VDD,Metal1,144.4910,178.2560,1.199853
FILLER_43_280,VDD,Metal1,141.8490,178.2580,1.199931
FILLER_43_273,VDD,Metal1,138.4890,178.2580,1.199937
FILLER_43_266,VDD,Metal1,135.1290,178.2580,1.199942
FILLER_43_259,VDD,Metal1,131.7690,178.2580,1.199947
FILLER_43_252,VDD,Metal1,128.4090,178.2580,1.199952
FILLER_43_245,VDD,Metal1,125.0490,178.2580,1.199957
FILLER_43_238,VDD,Metal1,121.6890,178.2580,1.199963
FILLER_43_231,VDD,Metal1,118.3290,178.2580,1.199968
FILLER_43_223,VDD,Metal1,113.7710,178.2560,1.199974
FILLER_43_216,VDD,Metal1,111.1290,178.2580,1.199978
FILLER_43_209,VDD,Metal1,107.7690,178.2580,1.199981
FILLER_43_202,VDD,Metal1,104.4090,178.2580,1.199985
FILLER_43_195,VDD,Metal1,101.0490,178.2580,1.199988
FILLER_43_188,VDD,Metal1,97.6890,178.2580,1.199991
FILLER_43_181,VDD,Metal1,94.3290,178.2580,1.199991
FILLER_43_174,VDD,Metal1,90.9690,178.2580,1.199992
FILLER_43_167,VDD,Metal1,87.6090,178.2580,1.199992
FILLER_43_160,VDD,Metal1,84.2490,178.2580,1.199992
FILLER_43_153,VDD,Metal1,80.8890,178.2580,1.199992
FILLER_43_146,VDD,Metal1,77.5290,178.2580,1.199992
FILLER_43_139,VDD,Metal1,74.1690,178.2580,1.199992
FILLER_43_131,VDD,Metal1,69.6110,178.2560,1.199992
FILLER_43_124,VDD,Metal1,66.9690,178.2580,1.199992
FILLER_43_117,VDD,Metal1,63.6090,178.2580,1.199993
FILLER_43_110,VDD,Metal1,60.2490,178.2580,1.199993
FILLER_43_103,VDD,Metal1,56.8890,178.2580,1.199993
FILLER_43_96,VDD,Metal1,53.5290,178.2580,1.199994
FILLER_43_89,VDD,Metal1,50.1690,178.2580,1.199994
FILLER_43_82,VDD,Metal1,46.8090,178.2580,1.199995
FILLER_43_75,VDD,Metal1,43.4490,178.2580,1.199995
FILLER_43_68,VDD,Metal1,40.0890,178.2580,1.199996
FILLER_43_61,VDD,Metal1,36.7290,178.2580,1.199996
FILLER_43_54,VDD,Metal1,33.3690,178.2580,1.199996
FILLER_43_47,VDD,Metal1,30.0090,178.2580,1.199997
FILLER_43_42,VDD,Metal1,26.1600,177.6600,1.199997
FILLER_43_35,VDD,Metal1,24.2490,178.2580,1.199998
FILLER_43_28,VDD,Metal1,20.8890,178.2580,1.199998
FILLER_43_21,VDD,Metal1,17.5290,178.2580,1.199999
FILLER_43_14,VDD,Metal1,14.1690,178.2580,1.199999
FILLER_43_7,VDD,Metal1,10.8090,178.2580,1.199999
FILLER_43_0,VDD,Metal1,7.4490,178.2580,1.199999
FILLER_42_1100,VDD,Metal1,534.0000,177.6600,1.199962
FILLER_42_1093,VDD,Metal1,532.0890,177.0610,1.199962
FILLER_42_1086,VDD,Metal1,528.7290,177.0610,1.199962
FILLER_42_1079,VDD,Metal1,525.3690,177.0610,1.199962
FILLER_42_1072,VDD,Metal1,522.0090,177.0610,1.199962
FILLER_42_1065,VDD,Metal1,518.6490,177.0610,1.199962
FILLER_42_1058,VDD,Metal1,515.2890,177.0610,1.199962
FILLER_42_1051,VDD,Metal1,511.9290,177.0610,1.199962
FILLER_42_1044,VDD,Metal1,508.5690,177.0610,1.199971
FILLER_42_1037,VDD,Metal1,505.2090,177.0610,1.199971
FILLER_42_1030,VDD,Metal1,501.8490,177.0610,1.199972
FILLER_42_1023,VDD,Metal1,498.4890,177.0610,1.199972
FILLER_42_1016,VDD,Metal1,495.1290,177.0610,1.199973
FILLER_42_1009,VDD,Metal1,491.7690,177.0610,1.199974
FILLER_42_1002,VDD,Metal1,488.4090,177.0610,1.199974
FILLER_42_995,VDD,Metal1,485.0490,177.0610,1.199975
FILLER_42_988,VDD,Metal1,481.6890,177.0610,1.199975
FILLER_42_981,VDD,Metal1,478.3290,177.0610,1.199976
FILLER_42_974,VDD,Metal1,474.9690,177.0610,1.199976
FILLER_42_967,VDD,Metal1,471.6090,177.0610,1.199977
FILLER_42_960,VDD,Metal1,468.2490,177.0610,1.199962
FILLER_42_953,VDD,Metal1,464.8890,177.0610,1.199953
FILLER_42_946,VDD,Metal1,461.5290,177.0610,1.199945
FILLER_42_939,VDD,Metal1,458.1690,177.0610,1.199937
FILLER_42_932,VDD,Metal1,454.8090,177.0610,1.199928
FILLER_42_869,VDD,Metal1,423.1200,177.6600,1.199856
FILLER_42_852,VDD,Metal1,414.9600,177.6600,1.199855
FILLER_42_832,VDD,Metal1,405.3600,177.6600,1.199902
FILLER_42_830,VDD,Metal1,404.6400,177.6600,1.199905
FILLER_42_792,VDD,Metal1,386.1600,177.6600,1.199888
FILLER_42_788,VDD,Metal1,384.9710,177.0630,1.199845
FILLER_42_761,VDD,Metal1,371.2800,177.6600,1.199801
FILLER_42_722,VDD,Metal1,352.8000,177.6600,1.199795
FILLER_42_718,VDD,Metal1,351.3710,177.0630,1.199795
FILLER_42_711,VDD,Metal1,348.7290,177.0610,1.199856
FILLER_42_704,VDD,Metal1,345.3690,177.0610,1.199860
FILLER_42_697,VDD,Metal1,342.0090,177.0610,1.199864
FILLER_42_666,VDD,Metal1,325.6800,177.6600,1.199960
FILLER_42_662,VDD,Metal1,324.4910,177.0630,1.199960
FILLER_42_655,VDD,Metal1,321.8490,177.0610,1.199965
FILLER_42_648,VDD,Metal1,318.4890,177.0610,1.199953
FILLER_42_641,VDD,Metal1,315.1290,177.0610,1.199942
FILLER_42_567,VDD,Metal1,278.4000,177.6600,1.199783
FILLER_42_560,VDD,Metal1,276.2490,177.0610,1.199783
FILLER_42_553,VDD,Metal1,272.8890,177.0610,1.199785
FILLER_42_512,VDD,Metal1,252.4910,177.0630,1.199858
FILLER_42_502,VDD,Metal1,246.9600,177.6600,1.199933
FILLER_42_500,VDD,Metal1,246.2400,177.6600,1.199933
FILLER_42_456,VDD,Metal1,224.8800,177.6600,1.199751
FILLER_42_454,VDD,Metal1,224.1600,177.6600,1.199751
FILLER_42_409,VDD,Metal1,202.5600,177.6600,1.199736
FILLER_42_405,VDD,Metal1,201.1310,177.0630,1.199736
FILLER_42_398,VDD,Metal1,198.4890,177.0610,1.199732
FILLER_42_385,VDD,Metal1,191.5310,177.0630,1.199652
FILLER_42_365,VDD,Metal1,181.2000,177.6600,1.199842
FILLER_42_361,VDD,Metal1,180.0110,177.0630,1.199972
FILLER_42_351,VDD,Metal1,174.4800,177.6600,1.199982
FILLER_42_347,VDD,Metal1,173.2910,177.0630,1.199983
FILLER_42_340,VDD,Metal1,170.6490,177.0610,1.199984
FILLER_42_326,VDD,Metal1,162.4800,177.6600,1.199834
FILLER_42_324,VDD,Metal1,161.7600,177.6600,1.199834
FILLER_42_317,VDD,Metal1,159.6090,177.0610,1.199834
FILLER_42_294,VDD,Metal1,147.1200,177.6600,1.199853
FILLER_42_287,VDD,Metal1,145.2090,177.0610,1.199853
FILLER_42_280,VDD,Metal1,141.8490,177.0610,1.199931
FILLER_42_273,VDD,Metal1,138.4890,177.0610,1.199937
FILLER_42_266,VDD,Metal1,135.1290,177.0610,1.199942
FILLER_42_259,VDD,Metal1,131.7690,177.0610,1.199947
FILLER_42_252,VDD,Metal1,128.4090,177.0610,1.199952
FILLER_42_245,VDD,Metal1,125.0490,177.0610,1.199957
FILLER_42_238,VDD,Metal1,121.6890,177.0610,1.199963
FILLER_42_231,VDD,Metal1,118.3290,177.0610,1.199968
FILLER_42_224,VDD,Metal1,114.9690,177.0610,1.199973
FILLER_42_217,VDD,Metal1,111.6090,177.0610,1.199974
FILLER_42_210,VDD,Metal1,108.2490,177.0610,1.199978
FILLER_42_203,VDD,Metal1,104.8890,177.0610,1.199981
FILLER_42_196,VDD,Metal1,101.5290,177.0610,1.199985
FILLER_42_189,VDD,Metal1,98.1690,177.0610,1.199988
FILLER_42_182,VDD,Metal1,94.8090,177.0610,1.199991
FILLER_42_175,VDD,Metal1,91.4490,177.0610,1.199991
FILLER_42_168,VDD,Metal1,88.0890,177.0610,1.199992
FILLER_42_161,VDD,Metal1,84.7290,177.0610,1.199992
FILLER_42_154,VDD,Metal1,81.3690,177.0610,1.199992
FILLER_42_147,VDD,Metal1,78.0090,177.0610,1.199992
FILLER_42_140,VDD,Metal1,74.6490,177.0610,1.199992
FILLER_42_133,VDD,Metal1,71.2890,177.0610,1.199992
FILLER_42_126,VDD,Metal1,67.9290,177.0610,1.199992
FILLER_42_119,VDD,Metal1,64.5690,177.0610,1.199992
FILLER_42_112,VDD,Metal1,61.2090,177.0610,1.199993
FILLER_42_105,VDD,Metal1,57.8490,177.0610,1.199993
FILLER_42_98,VDD,Metal1,54.4890,177.0610,1.199994
FILLER_42_91,VDD,Metal1,51.1290,177.0610,1.199994
FILLER_42_84,VDD,Metal1,47.7690,177.0610,1.199994
FILLER_42_77,VDD,Metal1,44.4090,177.0610,1.199995
FILLER_42_70,VDD,Metal1,41.0490,177.0610,1.199995
FILLER_42_63,VDD,Metal1,37.6890,177.0610,1.199996
FILLER_42_56,VDD,Metal1,34.3290,177.0610,1.199996
FILLER_42_49,VDD,Metal1,30.9690,177.0610,1.199997
FILLER_42_42,VDD,Metal1,27.6090,177.0610,1.199997
FILLER_42_35,VDD,Metal1,24.2490,177.0610,1.199998
FILLER_42_28,VDD,Metal1,20.8890,177.0610,1.199998
FILLER_42_21,VDD,Metal1,17.5290,177.0610,1.199999
FILLER_42_14,VDD,Metal1,14.1690,177.0610,1.199999
FILLER_42_7,VDD,Metal1,10.8090,177.0610,1.199999
FILLER_42_0,VDD,Metal1,7.4490,177.0610,1.199999
FILLER_41_1094,VDD,Metal1,532.5690,170.6980,1.199981
FILLER_41_1087,VDD,Metal1,529.2090,170.6980,1.199981
FILLER_41_1080,VDD,Metal1,525.8490,170.6980,1.199981
FILLER_41_1073,VDD,Metal1,522.4890,170.6980,1.199981
FILLER_41_1066,VDD,Metal1,519.1290,170.6980,1.199981
FILLER_41_1059,VDD,Metal1,515.7690,170.6980,1.199982
FILLER_41_1052,VDD,Metal1,512.4090,170.6980,1.199982
FILLER_41_1045,VDD,Metal1,509.0490,170.6980,1.199982
FILLER_41_1038,VDD,Metal1,505.6890,170.6980,1.199982
FILLER_41_1031,VDD,Metal1,502.3290,170.6980,1.199982
FILLER_41_1024,VDD,Metal1,498.9690,170.6980,1.199983
FILLER_41_1017,VDD,Metal1,495.6090,170.6980,1.199983
FILLER_41_1010,VDD,Metal1,492.2490,170.6980,1.199983
FILLER_41_1003,VDD,Metal1,488.8890,170.6980,1.199983
FILLER_41_996,VDD,Metal1,485.5290,170.6980,1.199983
FILLER_41_989,VDD,Metal1,482.1690,170.6980,1.199984
FILLER_41_982,VDD,Metal1,478.8090,170.6980,1.199984
FILLER_41_975,VDD,Metal1,475.4490,170.6980,1.199984
FILLER_41_968,VDD,Metal1,472.0890,170.6980,1.199977
FILLER_41_961,VDD,Metal1,468.7290,170.6980,1.199967
FILLER_41_954,VDD,Metal1,465.3690,170.6980,1.199957
FILLER_41_947,VDD,Metal1,462.0090,170.6980,1.199946
FILLER_41_940,VDD,Metal1,458.6490,170.6980,1.199936
FILLER_41_933,VDD,Metal1,455.2890,170.6980,1.199925
FILLER_41_926,VDD,Metal1,451.9290,170.6980,1.199915
FILLER_41_919,VDD,Metal1,448.5690,170.6980,1.199905
FILLER_41_830,VDD,Metal1,404.6400,170.1000,1.199909
FILLER_41_826,VDD,Metal1,403.2110,170.6960,1.199977
FILLER_41_819,VDD,Metal1,400.5690,170.6980,1.199985
FILLER_41_812,VDD,Metal1,397.2090,170.6980,1.199994
FILLER_41_799,VDD,Metal1,389.5200,170.1000,1.199991
FILLER_41_795,VDD,Metal1,388.3310,170.6960,1.199991
FILLER_41_788,VDD,Metal1,385.6890,170.6980,1.199984
FILLER_41_781,VDD,Metal1,382.3290,170.6980,1.199984
FILLER_41_774,VDD,Metal1,378.9690,170.6980,1.199984
FILLER_41_767,VDD,Metal1,375.6090,170.6980,1.199983
FILLER_41_760,VDD,Metal1,372.2490,170.6980,1.199983
FILLER_41_753,VDD,Metal1,368.8890,170.6980,1.199982
FILLER_41_746,VDD,Metal1,365.5290,170.6980,1.199982
FILLER_41_739,VDD,Metal1,362.1690,170.6980,1.199982
FILLER_41_729,VDD,Metal1,357.3690,170.6980,1.199981
FILLER_41_722,VDD,Metal1,354.0090,170.6980,1.199980
FILLER_41_715,VDD,Metal1,350.6490,170.6980,1.199978
FILLER_41_708,VDD,Metal1,347.2890,170.6980,1.199977
FILLER_41_701,VDD,Metal1,343.9290,170.6980,1.199975
FILLER_41_694,VDD,Metal1,340.5690,170.6980,1.199974
FILLER_41_678,VDD,Metal1,332.8890,170.6980,1.199972
FILLER_41_664,VDD,Metal1,325.4510,170.6960,1.199977
FILLER_41_657,VDD,Metal1,322.8090,170.6980,1.199978
FILLER_41_650,VDD,Metal1,319.4490,170.6980,1.199974
FILLER_41_643,VDD,Metal1,316.0890,170.6980,1.199961
FILLER_41_636,VDD,Metal1,312.7290,170.6980,1.199949
FILLER_41_610,VDD,Metal1,298.8000,170.1000,1.199893
FILLER_41_606,VDD,Metal1,297.6110,170.6960,1.199934
FILLER_41_599,VDD,Metal1,294.9690,170.6980,1.199940
FILLER_41_591,VDD,Metal1,290.4110,170.6960,1.199942
FILLER_41_584,VDD,Metal1,287.7690,170.6980,1.199942
FILLER_41_577,VDD,Metal1,284.4090,170.6980,1.199944
FILLER_41_570,VDD,Metal1,281.0490,170.6980,1.199946
FILLER_41_563,VDD,Metal1,277.6890,170.6980,1.199948
FILLER_41_556,VDD,Metal1,274.3290,170.6980,1.199950
FILLER_41_549,VDD,Metal1,270.9690,170.6980,1.199952
FILLER_41_542,VDD,Metal1,267.6090,170.6980,1.199954
FILLER_41_535,VDD,Metal1,264.2490,170.6980,1.199956
FILLER_41_521,VDD,Metal1,256.3200,170.1000,1.199967
FILLER_41_514,VDD,Metal1,254.1690,170.6980,1.199967
FILLER_41_507,VDD,Metal1,250.8090,170.6980,1.199967
FILLER_41_502,VDD,Metal1,246.9600,170.1000,1.199967
FILLER_41_498,VDD,Metal1,245.7710,170.6960,1.199968
FILLER_41_491,VDD,Metal1,243.1290,170.6980,1.199954
FILLER_41_484,VDD,Metal1,239.7690,170.6980,1.199946
FILLER_41_477,VDD,Metal1,236.4090,170.6980,1.199733
FILLER_41_470,VDD,Metal1,233.0490,170.6980,1.199719
FILLER_41_449,VDD,Metal1,221.7600,170.1000,1.199658
FILLER_41_445,VDD,Metal1,220.3310,170.6960,1.199656
FILLER_41_419,VDD,Metal1,207.1200,170.1000,1.199673
FILLER_41_375,VDD,Metal1,186.0000,170.1000,1.199693
FILLER_41_373,VDD,Metal1,185.2800,170.1000,1.199693
FILLER_41_345,VDD,Metal1,171.6000,170.1000,1.199961
FILLER_41_325,VDD,Metal1,162.0000,170.1000,1.199959
FILLER_41_287,VDD,Metal1,144.0000,170.1000,1.199946
FILLER_41_280,VDD,Metal1,141.8490,170.6980,1.199950
FILLER_41_273,VDD,Metal1,138.4890,170.6980,1.199953
FILLER_41_266,VDD,Metal1,135.1290,170.6980,1.199956
FILLER_41_259,VDD,Metal1,131.7690,170.6980,1.199959
FILLER_41_252,VDD,Metal1,128.4090,170.6980,1.199963
FILLER_41_245,VDD,Metal1,125.0490,170.6980,1.199966
FILLER_41_238,VDD,Metal1,121.6890,170.6980,1.199969
FILLER_41_231,VDD,Metal1,118.3290,170.6980,1.199972
FILLER_41_224,VDD,Metal1,114.9690,170.6980,1.199976
FILLER_41_217,VDD,Metal1,111.6090,170.6980,1.199979
FILLER_41_210,VDD,Metal1,108.2490,170.6980,1.199982
FILLER_41_203,VDD,Metal1,104.8890,170.6980,1.199985
FILLER_41_196,VDD,Metal1,101.5290,170.6980,1.199989
FILLER_41_189,VDD,Metal1,98.1690,170.6980,1.199992
FILLER_41_182,VDD,Metal1,94.8090,170.6980,1.199995
FILLER_41_175,VDD,Metal1,91.4490,170.6980,1.199995
FILLER_41_168,VDD,Metal1,88.0890,170.6980,1.199996
FILLER_41_161,VDD,Metal1,84.7290,170.6980,1.199996
FILLER_41_154,VDD,Metal1,81.3690,170.6980,1.199996
FILLER_41_147,VDD,Metal1,78.0090,170.6980,1.199996
FILLER_41_140,VDD,Metal1,74.6490,170.6980,1.199996
FILLER_41_133,VDD,Metal1,71.2890,170.6980,1.199997
FILLER_41_126,VDD,Metal1,67.9290,170.6980,1.199997
FILLER_41_119,VDD,Metal1,64.5690,170.6980,1.199997
FILLER_41_112,VDD,Metal1,61.2090,170.6980,1.199997
FILLER_41_105,VDD,Metal1,57.8490,170.6980,1.199997
FILLER_41_98,VDD,Metal1,54.4890,170.6980,1.199997
FILLER_41_91,VDD,Metal1,51.1290,170.6980,1.199998
FILLER_41_84,VDD,Metal1,47.7690,170.6980,1.199998
FILLER_41_77,VDD,Metal1,44.4090,170.6980,1.199998
FILLER_41_70,VDD,Metal1,41.0490,170.6980,1.199998
FILLER_41_63,VDD,Metal1,37.6890,170.6980,1.199998
FILLER_41_56,VDD,Metal1,34.3290,170.6980,1.199999
FILLER_41_49,VDD,Metal1,30.9690,170.6980,1.199999
FILLER_41_42,VDD,Metal1,27.6090,170.6980,1.199999
FILLER_41_35,VDD,Metal1,24.2490,170.6980,1.199999
FILLER_41_28,VDD,Metal1,20.8890,170.6980,1.199999
FILLER_41_21,VDD,Metal1,17.5290,170.6980,1.200000
FILLER_41_14,VDD,Metal1,14.1690,170.6980,1.200000
FILLER_41_7,VDD,Metal1,10.8090,170.6980,1.200000
FILLER_41_0,VDD,Metal1,7.4490,170.6980,1.200000
FILLER_40_1096,VDD,Metal1,532.0800,170.1000,1.199981
FILLER_40_1089,VDD,Metal1,530.1690,169.5010,1.199981
FILLER_40_1082,VDD,Metal1,526.8090,169.5010,1.199981
FILLER_40_1075,VDD,Metal1,523.4490,169.5010,1.199981
FILLER_40_1068,VDD,Metal1,520.0890,169.5010,1.199981
FILLER_40_1061,VDD,Metal1,516.7290,169.5010,1.199982
FILLER_40_1054,VDD,Metal1,513.3690,169.5010,1.199982
FILLER_40_1047,VDD,Metal1,510.0090,169.5010,1.199982
FILLER_40_1040,VDD,Metal1,506.6490,169.5010,1.199982
FILLER_40_1033,VDD,Metal1,503.2890,169.5010,1.199982
FILLER_40_1026,VDD,Metal1,499.9290,169.5010,1.199982
FILLER_40_1019,VDD,Metal1,496.5690,169.5010,1.199983
FILLER_40_1012,VDD,Metal1,493.2090,169.5010,1.199983
FILLER_40_1005,VDD,Metal1,489.8490,169.5010,1.199983
FILLER_40_998,VDD,Metal1,486.4890,169.5010,1.199983
FILLER_40_991,VDD,Metal1,483.1290,169.5010,1.199983
FILLER_40_984,VDD,Metal1,479.7690,169.5010,1.199984
FILLER_40_977,VDD,Metal1,476.4090,169.5010,1.199984
FILLER_40_970,VDD,Metal1,473.0490,169.5010,1.199984
FILLER_40_963,VDD,Metal1,469.6890,169.5010,1.199974
FILLER_40_956,VDD,Metal1,466.3290,169.5010,1.199963
FILLER_40_949,VDD,Metal1,462.9690,169.5010,1.199953
FILLER_40_942,VDD,Metal1,459.6090,169.5010,1.199942
FILLER_40_935,VDD,Metal1,456.2490,169.5010,1.199932
FILLER_40_928,VDD,Metal1,452.8890,169.5010,1.199922
FILLER_40_921,VDD,Metal1,449.5290,169.5010,1.199911
FILLER_40_914,VDD,Metal1,446.1690,169.5010,1.199901
FILLER_40_898,VDD,Metal1,438.4890,169.5010,1.199863
FILLER_40_891,VDD,Metal1,435.1290,169.5010,1.199863
FILLER_40_884,VDD,Metal1,431.7690,169.5010,1.199863
FILLER_40_877,VDD,Metal1,427.6910,169.5030,1.199863
FILLER_40_870,VDD,Metal1,425.0490,169.5010,1.199842
FILLER_40_863,VDD,Metal1,421.6890,169.5010,1.199839
FILLER_40_856,VDD,Metal1,418.3290,169.5010,1.199839
FILLER_40_849,VDD,Metal1,414.9690,169.5010,1.199839
FILLER_40_841,VDD,Metal1,409.6800,170.1000,1.199852
FILLER_40_837,VDD,Metal1,408.4910,169.5030,1.199909
FILLER_40_830,VDD,Metal1,405.8490,169.5010,1.199909
FILLER_40_823,VDD,Metal1,402.4890,169.5010,1.199977
FILLER_40_816,VDD,Metal1,399.1290,169.5010,1.199985
FILLER_40_809,VDD,Metal1,395.7690,169.5010,1.199994
FILLER_40_802,VDD,Metal1,392.4090,169.5010,1.199993
FILLER_40_795,VDD,Metal1,389.0490,169.5010,1.199991
FILLER_40_788,VDD,Metal1,385.6890,169.5010,1.199984
FILLER_40_781,VDD,Metal1,382.3290,169.5010,1.199984
FILLER_40_774,VDD,Metal1,378.9690,169.5010,1.199984
FILLER_40_767,VDD,Metal1,375.6090,169.5010,1.199983
FILLER_40_760,VDD,Metal1,372.2490,169.5010,1.199983
FILLER_40_753,VDD,Metal1,368.8890,169.5010,1.199982
FILLER_40_746,VDD,Metal1,365.5290,169.5010,1.199982
FILLER_40_739,VDD,Metal1,362.1690,169.5010,1.199982
FILLER_40_732,VDD,Metal1,358.8090,169.5010,1.199981
FILLER_40_725,VDD,Metal1,355.4490,169.5010,1.199980
FILLER_40_718,VDD,Metal1,352.0890,169.5010,1.199978
FILLER_40_711,VDD,Metal1,348.7290,169.5010,1.199977
FILLER_40_704,VDD,Metal1,345.3690,169.5010,1.199975
FILLER_40_697,VDD,Metal1,342.0090,169.5010,1.199974
FILLER_40_690,VDD,Metal1,338.6490,169.5010,1.199972
FILLER_40_683,VDD,Metal1,335.2890,169.5010,1.199972
FILLER_40_676,VDD,Metal1,331.9290,169.5010,1.199973
FILLER_40_669,VDD,Metal1,328.5690,169.5010,1.199976
FILLER_40_662,VDD,Metal1,325.2090,169.5010,1.199977
FILLER_40_655,VDD,Metal1,321.8490,169.5010,1.199979
FILLER_40_648,VDD,Metal1,318.4890,169.5010,1.199966
FILLER_40_641,VDD,Metal1,315.1290,169.5010,1.199953
FILLER_40_634,VDD,Metal1,311.7690,169.5010,1.199942
FILLER_40_627,VDD,Metal1,308.4090,169.5010,1.199895
FILLER_40_620,VDD,Metal1,305.0490,169.5010,1.199892
FILLER_40_610,VDD,Metal1,300.2490,169.5010,1.199893
FILLER_40_603,VDD,Metal1,296.8890,169.5010,1.199934
FILLER_40_596,VDD,Metal1,293.5290,169.5010,1.199940
FILLER_40_589,VDD,Metal1,290.1690,169.5010,1.199942
FILLER_40_582,VDD,Metal1,286.8090,169.5010,1.199944
FILLER_40_575,VDD,Metal1,283.4490,169.5010,1.199946
FILLER_40_568,VDD,Metal1,280.0890,169.5010,1.199948
FILLER_40_561,VDD,Metal1,276.7290,169.5010,1.199950
FILLER_40_554,VDD,Metal1,273.3690,169.5010,1.199952
FILLER_40_547,VDD,Metal1,270.0090,169.5010,1.199953
FILLER_40_540,VDD,Metal1,266.6490,169.5010,1.199955
FILLER_40_533,VDD,Metal1,263.2890,169.5010,1.199957
FILLER_40_526,VDD,Metal1,259.9290,169.5010,1.199958
FILLER_40_488,VDD,Metal1,240.2400,170.1000,1.199946
FILLER_40_484,VDD,Metal1,239.0510,169.5030,1.199946
FILLER_40_477,VDD,Metal1,236.4090,169.5010,1.199733
FILLER_40_470,VDD,Metal1,233.0490,169.5010,1.199719
FILLER_40_463,VDD,Metal1,229.6890,169.5010,1.199704
FILLER_40_453,VDD,Metal1,223.4400,170.1000,1.199665
FILLER_40_446,VDD,Metal1,221.5290,169.5010,1.199658
FILLER_40_439,VDD,Metal1,218.1690,169.5010,1.199656
FILLER_40_414,VDD,Metal1,206.1690,169.5010,1.199673
FILLER_40_407,VDD,Metal1,202.8090,169.5010,1.199673
FILLER_40_400,VDD,Metal1,199.4490,169.5010,1.199679
FILLER_40_393,VDD,Metal1,196.0890,169.5010,1.199679
FILLER_40_386,VDD,Metal1,192.7290,169.5010,1.199679
FILLER_40_379,VDD,Metal1,189.3690,169.5010,1.199679
FILLER_40_368,VDD,Metal1,182.6400,170.1000,1.199961
FILLER_40_366,VDD,Metal1,181.9200,170.1000,1.199961
FILLER_40_359,VDD,Metal1,179.7690,169.5010,1.199961
FILLER_40_352,VDD,Metal1,176.4090,169.5010,1.199961
FILLER_40_301,VDD,Metal1,150.4800,170.1000,1.199941
FILLER_40_297,VDD,Metal1,149.2910,169.5030,1.199941
FILLER_40_287,VDD,Metal1,145.2090,169.5010,1.199946
FILLER_40_280,VDD,Metal1,141.8490,169.5010,1.199950
FILLER_40_273,VDD,Metal1,138.4890,169.5010,1.199953
FILLER_40_266,VDD,Metal1,135.1290,169.5010,1.199956
FILLER_40_259,VDD,Metal1,131.7690,169.5010,1.199959
FILLER_40_252,VDD,Metal1,128.4090,169.5010,1.199963
FILLER_40_245,VDD,Metal1,125.0490,169.5010,1.199966
FILLER_40_238,VDD,Metal1,121.6890,169.5010,1.199969
FILLER_40_231,VDD,Metal1,118.3290,169.5010,1.199972
FILLER_40_224,VDD,Metal1,114.9690,169.5010,1.199976
FILLER_40_217,VDD,Metal1,111.6090,169.5010,1.199979
FILLER_40_210,VDD,Metal1,108.2490,169.5010,1.199982
FILLER_40_203,VDD,Metal1,104.8890,169.5010,1.199985
FILLER_40_196,VDD,Metal1,101.5290,169.5010,1.199989
FILLER_40_189,VDD,Metal1,98.1690,169.5010,1.199992
FILLER_40_182,VDD,Metal1,94.8090,169.5010,1.199995
FILLER_40_175,VDD,Metal1,91.4490,169.5010,1.199995
FILLER_40_168,VDD,Metal1,88.0890,169.5010,1.199996
FILLER_40_161,VDD,Metal1,84.7290,169.5010,1.199996
FILLER_40_154,VDD,Metal1,81.3690,169.5010,1.199996
FILLER_40_147,VDD,Metal1,78.0090,169.5010,1.199996
FILLER_40_140,VDD,Metal1,74.6490,169.5010,1.199996
FILLER_40_133,VDD,Metal1,71.2890,169.5010,1.199997
FILLER_40_126,VDD,Metal1,67.9290,169.5010,1.199997
FILLER_40_119,VDD,Metal1,64.5690,169.5010,1.199997
FILLER_40_112,VDD,Metal1,61.2090,169.5010,1.199997
FILLER_40_105,VDD,Metal1,57.8490,169.5010,1.199997
FILLER_40_98,VDD,Metal1,54.4890,169.5010,1.199997
FILLER_40_91,VDD,Metal1,51.1290,169.5010,1.199998
FILLER_40_84,VDD,Metal1,47.7690,169.5010,1.199998
FILLER_40_77,VDD,Metal1,44.4090,169.5010,1.199998
FILLER_40_70,VDD,Metal1,41.0490,169.5010,1.199998
FILLER_40_63,VDD,Metal1,37.6890,169.5010,1.199998
FILLER_40_56,VDD,Metal1,34.3290,169.5010,1.199999
FILLER_40_49,VDD,Metal1,30.9690,169.5010,1.199999
FILLER_40_42,VDD,Metal1,27.6090,169.5010,1.199999
FILLER_40_35,VDD,Metal1,24.2490,169.5010,1.199999
FILLER_40_28,VDD,Metal1,20.8890,169.5010,1.199999
FILLER_40_21,VDD,Metal1,17.5290,169.5010,1.200000
FILLER_40_14,VDD,Metal1,14.1690,169.5010,1.200000
FILLER_40_7,VDD,Metal1,10.8090,169.5010,1.200000
FILLER_40_0,VDD,Metal1,7.4490,169.5010,1.200000
FILLER_39_1099,VDD,Metal1,533.7600,162.5400,1.199999
FILLER_39_1095,VDD,Metal1,532.3310,163.1360,1.199999
FILLER_39_1088,VDD,Metal1,529.6890,163.1380,1.199999
FILLER_39_1081,VDD,Metal1,526.3290,163.1380,1.199999
FILLER_39_1074,VDD,Metal1,522.9690,163.1380,1.199999
FILLER_39_1067,VDD,Metal1,519.6090,163.1380,1.199999
FILLER_39_1060,VDD,Metal1,516.2490,163.1380,1.199999
FILLER_39_1053,VDD,Metal1,512.8890,163.1380,1.199999
FILLER_39_1046,VDD,Metal1,509.5290,163.1380,1.199999
FILLER_39_1039,VDD,Metal1,506.1690,163.1380,1.199999
FILLER_39_1032,VDD,Metal1,502.8090,163.1380,1.199999
FILLER_39_1025,VDD,Metal1,499.4490,163.1380,1.199999
FILLER_39_1018,VDD,Metal1,496.0890,163.1380,1.199999
FILLER_39_1011,VDD,Metal1,492.7290,163.1380,1.199999
FILLER_39_1004,VDD,Metal1,489.3690,163.1380,1.199999
FILLER_39_997,VDD,Metal1,486.0090,163.1380,1.199999
FILLER_39_990,VDD,Metal1,482.6490,163.1380,1.199999
FILLER_39_983,VDD,Metal1,479.2890,163.1380,1.200000
FILLER_39_976,VDD,Metal1,475.9290,163.1380,1.200000
FILLER_39_969,VDD,Metal1,472.5690,163.1380,1.200000
FILLER_39_962,VDD,Metal1,469.2090,163.1380,1.199999
FILLER_39_955,VDD,Metal1,465.8490,163.1380,1.199999
FILLER_39_948,VDD,Metal1,462.4890,163.1380,1.199999
FILLER_39_941,VDD,Metal1,459.1290,163.1380,1.199998
FILLER_39_934,VDD,Metal1,455.7690,163.1380,1.199998
FILLER_39_927,VDD,Metal1,452.4090,163.1380,1.199998
FILLER_39_920,VDD,Metal1,449.0490,163.1380,1.199997
FILLER_39_913,VDD,Metal1,445.6890,163.1380,1.199997
FILLER_39_906,VDD,Metal1,442.3290,163.1380,1.199997
FILLER_39_899,VDD,Metal1,438.9690,163.1380,1.199996
FILLER_39_892,VDD,Metal1,435.6090,163.1380,1.199996
FILLER_39_882,VDD,Metal1,429.3600,162.5400,1.199996
FILLER_39_875,VDD,Metal1,427.4490,163.1380,1.199997
FILLER_39_868,VDD,Metal1,424.0890,163.1380,1.199997
FILLER_39_861,VDD,Metal1,420.7290,163.1380,1.199997
FILLER_39_854,VDD,Metal1,417.3690,163.1380,1.199998
FILLER_39_847,VDD,Metal1,414.0090,163.1380,1.199998
FILLER_39_840,VDD,Metal1,410.6490,163.1380,1.199998
FILLER_39_833,VDD,Metal1,407.2890,163.1380,1.199999
FILLER_39_826,VDD,Metal1,403.9290,163.1380,1.199999
FILLER_39_819,VDD,Metal1,400.5690,163.1380,1.199999
FILLER_39_812,VDD,Metal1,397.2090,163.1380,1.199999
FILLER_39_805,VDD,Metal1,393.8490,163.1380,1.199999
FILLER_39_798,VDD,Metal1,390.4890,163.1380,1.199999
FILLER_39_791,VDD,Metal1,387.1290,163.1380,1.199999
FILLER_39_784,VDD,Metal1,383.7690,163.1380,1.200000
FILLER_39_777,VDD,Metal1,380.4090,163.1380,1.200000
FILLER_39_770,VDD,Metal1,377.0490,163.1380,1.200000
FILLER_39_763,VDD,Metal1,373.6890,163.1380,1.200000
FILLER_39_756,VDD,Metal1,370.3290,163.1380,1.200000
FILLER_39_749,VDD,Metal1,366.9690,163.1380,1.200000
FILLER_39_742,VDD,Metal1,363.6090,163.1380,1.200000
FILLER_39_735,VDD,Metal1,360.2490,163.1380,1.200000
FILLER_39_728,VDD,Metal1,356.8890,163.1380,1.200000
FILLER_39_721,VDD,Metal1,353.5290,163.1380,1.200000
FILLER_39_714,VDD,Metal1,350.1690,163.1380,1.200000
FILLER_39_707,VDD,Metal1,346.8090,163.1380,1.200000
FILLER_39_700,VDD,Metal1,343.4490,163.1380,1.200000
FILLER_39_693,VDD,Metal1,340.0890,163.1380,1.200000
FILLER_39_686,VDD,Metal1,336.7290,163.1380,1.200000
FILLER_39_679,VDD,Metal1,333.3690,163.1380,1.200000
FILLER_39_672,VDD,Metal1,330.0090,163.1380,1.200000
FILLER_39_665,VDD,Metal1,326.6490,163.1380,1.200000
FILLER_39_658,VDD,Metal1,323.2890,163.1380,1.200000
FILLER_39_651,VDD,Metal1,319.9290,163.1380,1.200000
FILLER_39_644,VDD,Metal1,316.5690,163.1380,1.200000
FILLER_39_637,VDD,Metal1,313.2090,163.1380,1.200000
FILLER_39_630,VDD,Metal1,309.8490,163.1380,1.200000
FILLER_39_623,VDD,Metal1,306.4890,163.1380,1.200000
FILLER_39_616,VDD,Metal1,303.1290,163.1380,1.200000
FILLER_39_609,VDD,Metal1,299.7690,163.1380,1.200000
FILLER_39_602,VDD,Metal1,296.4090,163.1380,1.200000
FILLER_39_595,VDD,Metal1,293.0490,163.1380,1.200000
FILLER_39_588,VDD,Metal1,289.6890,163.1380,1.200000
FILLER_39_581,VDD,Metal1,286.3290,163.1380,1.200000
FILLER_39_574,VDD,Metal1,282.9690,163.1380,1.200000
FILLER_39_567,VDD,Metal1,279.6090,163.1380,1.200000
FILLER_39_560,VDD,Metal1,276.2490,163.1380,1.200000
FILLER_39_553,VDD,Metal1,272.8890,163.1380,1.200000
FILLER_39_546,VDD,Metal1,269.5290,163.1380,1.200000
FILLER_39_539,VDD,Metal1,266.1690,163.1380,1.200000
FILLER_39_532,VDD,Metal1,262.8090,163.1380,1.200000
FILLER_39_525,VDD,Metal1,259.4490,163.1380,1.200000
FILLER_39_518,VDD,Metal1,256.0890,163.1380,1.200000
FILLER_39_511,VDD,Metal1,252.7290,163.1380,1.200000
FILLER_39_504,VDD,Metal1,249.3690,163.1380,1.200000
FILLER_39_500,VDD,Metal1,246.0000,162.5400,1.200000
FILLER_39_498,VDD,Metal1,245.2800,162.5400,1.200000
FILLER_39_491,VDD,Metal1,243.1290,163.1380,1.200000
FILLER_39_484,VDD,Metal1,239.7690,163.1380,1.200000
FILLER_39_477,VDD,Metal1,236.4090,163.1380,1.200000
FILLER_39_470,VDD,Metal1,233.0490,163.1380,1.200000
FILLER_39_463,VDD,Metal1,229.6890,163.1380,1.200000
FILLER_39_456,VDD,Metal1,226.3290,163.1380,1.199999
FILLER_39_449,VDD,Metal1,222.9690,163.1380,1.199999
FILLER_39_442,VDD,Metal1,219.6090,163.1380,1.199999
FILLER_39_435,VDD,Metal1,216.2490,163.1380,1.199999
FILLER_39_429,VDD,Metal1,212.1600,162.5400,1.199999
FILLER_39_425,VDD,Metal1,210.7310,163.1360,1.199999
FILLER_39_418,VDD,Metal1,208.0890,163.1380,1.199999
FILLER_39_411,VDD,Metal1,204.7290,163.1380,1.199999
FILLER_39_404,VDD,Metal1,201.3690,163.1380,1.199999
FILLER_39_397,VDD,Metal1,198.0090,163.1380,1.199999
FILLER_39_390,VDD,Metal1,194.6490,163.1380,1.199999
FILLER_39_383,VDD,Metal1,191.2890,163.1380,1.199999
FILLER_39_376,VDD,Metal1,187.9290,163.1380,1.199999
FILLER_39_369,VDD,Metal1,184.5690,163.1380,1.199999
FILLER_39_362,VDD,Metal1,181.2090,163.1380,1.199999
FILLER_39_355,VDD,Metal1,177.8490,163.1380,1.200000
FILLER_39_348,VDD,Metal1,174.4890,163.1380,1.200000
FILLER_39_341,VDD,Metal1,171.1290,163.1380,1.200000
FILLER_39_334,VDD,Metal1,167.7690,163.1380,1.200000
FILLER_39_327,VDD,Metal1,164.4090,163.1380,1.200000
FILLER_39_322,VDD,Metal1,160.8000,162.5400,1.200000
FILLER_39_315,VDD,Metal1,158.6490,163.1380,1.200000
FILLER_39_308,VDD,Metal1,155.2890,163.1380,1.200000
FILLER_39_301,VDD,Metal1,151.9290,163.1380,1.200000
FILLER_39_294,VDD,Metal1,148.5690,163.1380,1.200000
FILLER_39_287,VDD,Metal1,145.2090,163.1380,1.200000
FILLER_39_280,VDD,Metal1,141.8490,163.1380,1.200000
FILLER_39_273,VDD,Metal1,138.4890,163.1380,1.200000
FILLER_39_266,VDD,Metal1,135.1290,163.1380,1.200000
FILLER_39_259,VDD,Metal1,131.7690,163.1380,1.200000
FILLER_39_252,VDD,Metal1,128.4090,163.1380,1.200000
FILLER_39_245,VDD,Metal1,125.0490,163.1380,1.200000
FILLER_39_238,VDD,Metal1,121.6890,163.1380,1.200000
FILLER_39_231,VDD,Metal1,118.3290,163.1380,1.200000
FILLER_39_224,VDD,Metal1,114.9690,163.1380,1.200000
FILLER_39_217,VDD,Metal1,111.6090,163.1380,1.200000
FILLER_39_210,VDD,Metal1,108.2490,163.1380,1.200000
FILLER_39_203,VDD,Metal1,104.8890,163.1380,1.200000
FILLER_39_196,VDD,Metal1,101.5290,163.1380,1.200000
FILLER_39_189,VDD,Metal1,98.1690,163.1380,1.200000
FILLER_39_182,VDD,Metal1,94.8090,163.1380,1.200000
FILLER_39_175,VDD,Metal1,91.4490,163.1380,1.200000
FILLER_39_168,VDD,Metal1,88.0890,163.1380,1.200000
FILLER_39_161,VDD,Metal1,84.7290,163.1380,1.200000
FILLER_39_154,VDD,Metal1,81.3690,163.1380,1.200000
FILLER_39_147,VDD,Metal1,78.0090,163.1380,1.200000
FILLER_39_140,VDD,Metal1,74.6490,163.1380,1.200000
FILLER_39_133,VDD,Metal1,71.2890,163.1380,1.200000
FILLER_39_126,VDD,Metal1,67.9290,163.1380,1.200000
FILLER_39_119,VDD,Metal1,64.5690,163.1380,1.200000
FILLER_39_112,VDD,Metal1,61.2090,163.1380,1.200000
FILLER_39_105,VDD,Metal1,57.8490,163.1380,1.200000
FILLER_39_98,VDD,Metal1,54.4890,163.1380,1.200000
FILLER_39_91,VDD,Metal1,51.1290,163.1380,1.200000
FILLER_39_84,VDD,Metal1,47.7690,163.1380,1.200000
FILLER_39_77,VDD,Metal1,44.4090,163.1380,1.200000
FILLER_39_70,VDD,Metal1,41.0490,163.1380,1.200000
FILLER_39_63,VDD,Metal1,37.6890,163.1380,1.200000
FILLER_39_56,VDD,Metal1,34.3290,163.1380,1.200000
FILLER_39_49,VDD,Metal1,30.9690,163.1380,1.200000
FILLER_39_42,VDD,Metal1,27.6090,163.1380,1.200000
FILLER_39_35,VDD,Metal1,24.2490,163.1380,1.200000
FILLER_39_28,VDD,Metal1,20.8890,163.1380,1.200000
FILLER_39_21,VDD,Metal1,17.5290,163.1380,1.200000
FILLER_39_14,VDD,Metal1,14.1690,163.1380,1.200000
FILLER_39_7,VDD,Metal1,10.8090,163.1380,1.200000
FILLER_39_0,VDD,Metal1,7.4490,163.1380,1.200000
FILLER_38_1099,VDD,Metal1,533.7600,162.5400,1.199999
FILLER_38_1092,VDD,Metal1,531.6090,161.9410,1.199999
FILLER_38_1085,VDD,Metal1,528.2490,161.9410,1.199999
FILLER_38_1078,VDD,Metal1,524.8890,161.9410,1.199999
FILLER_38_1071,VDD,Metal1,521.5290,161.9410,1.199999
FILLER_38_1064,VDD,Metal1,518.1690,161.9410,1.199999
FILLER_38_1057,VDD,Metal1,514.8090,161.9410,1.199999
FILLER_38_1050,VDD,Metal1,511.4490,161.9410,1.199999
FILLER_38_1043,VDD,Metal1,508.0890,161.9410,1.199999
FILLER_38_1036,VDD,Metal1,504.7290,161.9410,1.199999
FILLER_38_1029,VDD,Metal1,501.3690,161.9410,1.199999
FILLER_38_1022,VDD,Metal1,498.0090,161.9410,1.199999
FILLER_38_1015,VDD,Metal1,494.6490,161.9410,1.199999
FILLER_38_1008,VDD,Metal1,491.2890,161.9410,1.199999
FILLER_38_1001,VDD,Metal1,487.9290,161.9410,1.199999
FILLER_38_994,VDD,Metal1,484.5690,161.9410,1.199999
FILLER_38_987,VDD,Metal1,481.2090,161.9410,1.199999
FILLER_38_980,VDD,Metal1,477.8490,161.9410,1.200000
FILLER_38_973,VDD,Metal1,474.4890,161.9410,1.200000
FILLER_38_966,VDD,Metal1,471.1290,161.9410,1.200000
FILLER_38_959,VDD,Metal1,467.7690,161.9410,1.199999
FILLER_38_952,VDD,Metal1,464.4090,161.9410,1.199999
FILLER_38_945,VDD,Metal1,461.0490,161.9410,1.199999
FILLER_38_938,VDD,Metal1,457.6890,161.9410,1.199998
FILLER_38_931,VDD,Metal1,454.3290,161.9410,1.199998
FILLER_38_924,VDD,Metal1,450.9690,161.9410,1.199998
FILLER_38_917,VDD,Metal1,447.6090,161.9410,1.199997
FILLER_38_910,VDD,Metal1,444.2490,161.9410,1.199997
FILLER_38_903,VDD,Metal1,440.8890,161.9410,1.199997
FILLER_38_896,VDD,Metal1,437.5290,161.9410,1.199996
FILLER_38_889,VDD,Metal1,434.1690,161.9410,1.199996
FILLER_38_882,VDD,Metal1,430.8090,161.9410,1.199996
FILLER_38_875,VDD,Metal1,427.4490,161.9410,1.199997
FILLER_38_868,VDD,Metal1,424.0890,161.9410,1.199997
FILLER_38_861,VDD,Metal1,420.7290,161.9410,1.199997
FILLER_38_854,VDD,Metal1,417.3690,161.9410,1.199998
FILLER_38_847,VDD,Metal1,414.0090,161.9410,1.199998
FILLER_38_840,VDD,Metal1,410.6490,161.9410,1.199998
FILLER_38_833,VDD,Metal1,407.2890,161.9410,1.199999
FILLER_38_826,VDD,Metal1,403.9290,161.9410,1.199999
FILLER_38_819,VDD,Metal1,400.5690,161.9410,1.199999
FILLER_38_812,VDD,Metal1,397.2090,161.9410,1.199999
FILLER_38_805,VDD,Metal1,393.8490,161.9410,1.199999
FILLER_38_798,VDD,Metal1,390.4890,161.9410,1.199999
FILLER_38_791,VDD,Metal1,387.1290,161.9410,1.199999
FILLER_38_784,VDD,Metal1,383.7690,161.9410,1.200000
FILLER_38_777,VDD,Metal1,380.4090,161.9410,1.200000
FILLER_38_770,VDD,Metal1,377.0490,161.9410,1.200000
FILLER_38_763,VDD,Metal1,373.6890,161.9410,1.200000
FILLER_38_756,VDD,Metal1,370.3290,161.9410,1.200000
FILLER_38_749,VDD,Metal1,366.9690,161.9410,1.200000
FILLER_38_742,VDD,Metal1,363.6090,161.9410,1.200000
FILLER_38_735,VDD,Metal1,360.2490,161.9410,1.200000
FILLER_38_728,VDD,Metal1,356.8890,161.9410,1.200000
FILLER_38_721,VDD,Metal1,353.5290,161.9410,1.200000
FILLER_38_714,VDD,Metal1,350.1690,161.9410,1.200000
FILLER_38_707,VDD,Metal1,346.8090,161.9410,1.200000
FILLER_38_700,VDD,Metal1,343.4490,161.9410,1.200000
FILLER_38_693,VDD,Metal1,340.0890,161.9410,1.200000
FILLER_38_686,VDD,Metal1,336.7290,161.9410,1.200000
FILLER_38_679,VDD,Metal1,333.3690,161.9410,1.200000
FILLER_38_672,VDD,Metal1,330.0090,161.9410,1.200000
FILLER_38_665,VDD,Metal1,326.6490,161.9410,1.200000
FILLER_38_658,VDD,Metal1,323.2890,161.9410,1.200000
FILLER_38_651,VDD,Metal1,319.9290,161.9410,1.200000
FILLER_38_644,VDD,Metal1,316.5690,161.9410,1.200000
FILLER_38_637,VDD,Metal1,313.2090,161.9410,1.200000
FILLER_38_630,VDD,Metal1,309.8490,161.9410,1.200000
FILLER_38_623,VDD,Metal1,306.4890,161.9410,1.200000
FILLER_38_616,VDD,Metal1,303.1290,161.9410,1.200000
FILLER_38_609,VDD,Metal1,299.7690,161.9410,1.200000
FILLER_38_602,VDD,Metal1,296.4090,161.9410,1.200000
FILLER_38_595,VDD,Metal1,293.0490,161.9410,1.200000
FILLER_38_588,VDD,Metal1,289.6890,161.9410,1.200000
FILLER_38_581,VDD,Metal1,286.3290,161.9410,1.200000
FILLER_38_574,VDD,Metal1,282.9690,161.9410,1.200000
FILLER_38_567,VDD,Metal1,279.6090,161.9410,1.200000
FILLER_38_560,VDD,Metal1,276.2490,161.9410,1.200000
FILLER_38_553,VDD,Metal1,272.8890,161.9410,1.200000
FILLER_38_546,VDD,Metal1,269.5290,161.9410,1.200000
FILLER_38_539,VDD,Metal1,266.1690,161.9410,1.200000
FILLER_38_532,VDD,Metal1,262.8090,161.9410,1.200000
FILLER_38_525,VDD,Metal1,259.4490,161.9410,1.200000
FILLER_38_518,VDD,Metal1,256.0890,161.9410,1.200000
FILLER_38_511,VDD,Metal1,252.7290,161.9410,1.200000
FILLER_38_504,VDD,Metal1,249.3690,161.9410,1.200000
FILLER_38_497,VDD,Metal1,246.0090,161.9410,1.200000
FILLER_38_490,VDD,Metal1,242.6490,161.9410,1.200000
FILLER_38_483,VDD,Metal1,239.2890,161.9410,1.200000
FILLER_38_476,VDD,Metal1,235.9290,161.9410,1.200000
FILLER_38_469,VDD,Metal1,232.5690,161.9410,1.200000
FILLER_38_462,VDD,Metal1,229.2090,161.9410,1.199999
FILLER_38_455,VDD,Metal1,225.8490,161.9410,1.199999
FILLER_38_448,VDD,Metal1,222.4890,161.9410,1.199999
FILLER_38_441,VDD,Metal1,219.1290,161.9410,1.199999
FILLER_38_434,VDD,Metal1,215.7690,161.9410,1.199999
FILLER_38_427,VDD,Metal1,212.4090,161.9410,1.199999
FILLER_38_420,VDD,Metal1,209.0490,161.9410,1.199999
FILLER_38_413,VDD,Metal1,205.6890,161.9410,1.199999
FILLER_38_406,VDD,Metal1,202.3290,161.9410,1.199999
FILLER_38_399,VDD,Metal1,198.9690,161.9410,1.199999
FILLER_38_392,VDD,Metal1,195.6090,161.9410,1.199999
FILLER_38_385,VDD,Metal1,192.2490,161.9410,1.199999
FILLER_38_378,VDD,Metal1,188.8890,161.9410,1.199999
FILLER_38_371,VDD,Metal1,185.5290,161.9410,1.199999
FILLER_38_364,VDD,Metal1,182.1690,161.9410,1.199999
FILLER_38_357,VDD,Metal1,178.8090,161.9410,1.199999
FILLER_38_350,VDD,Metal1,175.4490,161.9410,1.200000
FILLER_38_343,VDD,Metal1,172.0890,161.9410,1.200000
FILLER_38_336,VDD,Metal1,168.7290,161.9410,1.200000
FILLER_38_329,VDD,Metal1,165.3690,161.9410,1.200000
FILLER_38_322,VDD,Metal1,162.0090,161.9410,1.200000
FILLER_38_315,VDD,Metal1,158.6490,161.9410,1.200000
FILLER_38_308,VDD,Metal1,155.2890,161.9410,1.200000
FILLER_38_301,VDD,Metal1,151.9290,161.9410,1.200000
FILLER_38_294,VDD,Metal1,148.5690,161.9410,1.200000
FILLER_38_287,VDD,Metal1,145.2090,161.9410,1.200000
FILLER_38_280,VDD,Metal1,141.8490,161.9410,1.200000
FILLER_38_273,VDD,Metal1,138.4890,161.9410,1.200000
FILLER_38_266,VDD,Metal1,135.1290,161.9410,1.200000
FILLER_38_259,VDD,Metal1,131.7690,161.9410,1.200000
FILLER_38_252,VDD,Metal1,128.4090,161.9410,1.200000
FILLER_38_245,VDD,Metal1,125.0490,161.9410,1.200000
FILLER_38_238,VDD,Metal1,121.6890,161.9410,1.200000
FILLER_38_231,VDD,Metal1,118.3290,161.9410,1.200000
FILLER_38_224,VDD,Metal1,114.9690,161.9410,1.200000
FILLER_38_217,VDD,Metal1,111.6090,161.9410,1.200000
FILLER_38_210,VDD,Metal1,108.2490,161.9410,1.200000
FILLER_38_203,VDD,Metal1,104.8890,161.9410,1.200000
FILLER_38_196,VDD,Metal1,101.5290,161.9410,1.200000
FILLER_38_189,VDD,Metal1,98.1690,161.9410,1.200000
FILLER_38_182,VDD,Metal1,94.8090,161.9410,1.200000
FILLER_38_175,VDD,Metal1,91.4490,161.9410,1.200000
FILLER_38_168,VDD,Metal1,88.0890,161.9410,1.200000
FILLER_38_161,VDD,Metal1,84.7290,161.9410,1.200000
FILLER_38_154,VDD,Metal1,81.3690,161.9410,1.200000
FILLER_38_147,VDD,Metal1,78.0090,161.9410,1.200000
FILLER_38_140,VDD,Metal1,74.6490,161.9410,1.200000
FILLER_38_133,VDD,Metal1,71.2890,161.9410,1.200000
FILLER_38_126,VDD,Metal1,67.9290,161.9410,1.200000
FILLER_38_119,VDD,Metal1,64.5690,161.9410,1.200000
FILLER_38_112,VDD,Metal1,61.2090,161.9410,1.200000
FILLER_38_105,VDD,Metal1,57.8490,161.9410,1.200000
FILLER_38_98,VDD,Metal1,54.4890,161.9410,1.200000
FILLER_38_91,VDD,Metal1,51.1290,161.9410,1.200000
FILLER_38_84,VDD,Metal1,47.7690,161.9410,1.200000
FILLER_38_77,VDD,Metal1,44.4090,161.9410,1.200000
FILLER_38_70,VDD,Metal1,41.0490,161.9410,1.200000
FILLER_38_63,VDD,Metal1,37.6890,161.9410,1.200000
FILLER_38_56,VDD,Metal1,34.3290,161.9410,1.200000
FILLER_38_49,VDD,Metal1,30.9690,161.9410,1.200000
FILLER_38_42,VDD,Metal1,27.6090,161.9410,1.200000
FILLER_38_35,VDD,Metal1,24.2490,161.9410,1.200000
FILLER_38_28,VDD,Metal1,20.8890,161.9410,1.200000
FILLER_38_21,VDD,Metal1,17.5290,161.9410,1.200000
FILLER_38_14,VDD,Metal1,14.1690,161.9410,1.200000
FILLER_38_7,VDD,Metal1,10.8090,161.9410,1.200000
FILLER_38_0,VDD,Metal1,7.4490,161.9410,1.200000
FILLER_37_1099,VDD,Metal1,533.7600,154.9800,1.200000
FILLER_37_1092,VDD,Metal1,531.6090,155.5780,1.200000
FILLER_37_1085,VDD,Metal1,528.2490,155.5780,1.200000
FILLER_37_1078,VDD,Metal1,524.8890,155.5780,1.200000
FILLER_37_1071,VDD,Metal1,521.5290,155.5780,1.200000
FILLER_37_1064,VDD,Metal1,518.1690,155.5780,1.200000
FILLER_37_1057,VDD,Metal1,514.8090,155.5780,1.200000
FILLER_37_1050,VDD,Metal1,511.4490,155.5780,1.200000
FILLER_37_1043,VDD,Metal1,508.0890,155.5780,1.200000
FILLER_37_1036,VDD,Metal1,504.7290,155.5780,1.200000
FILLER_37_1029,VDD,Metal1,501.3690,155.5780,1.200000
FILLER_37_1022,VDD,Metal1,498.0090,155.5780,1.200000
FILLER_37_1015,VDD,Metal1,494.6490,155.5780,1.200000
FILLER_37_1008,VDD,Metal1,491.2890,155.5780,1.200000
FILLER_37_1001,VDD,Metal1,487.9290,155.5780,1.200000
FILLER_37_994,VDD,Metal1,484.5690,155.5780,1.200000
FILLER_37_987,VDD,Metal1,481.2090,155.5780,1.200000
FILLER_37_980,VDD,Metal1,477.8490,155.5780,1.200000
FILLER_37_973,VDD,Metal1,474.4890,155.5780,1.200000
FILLER_37_966,VDD,Metal1,471.1290,155.5780,1.200000
FILLER_37_959,VDD,Metal1,467.7690,155.5780,1.200000
FILLER_37_952,VDD,Metal1,464.4090,155.5780,1.200000
FILLER_37_945,VDD,Metal1,461.0490,155.5780,1.200000
FILLER_37_938,VDD,Metal1,457.6890,155.5780,1.200000
FILLER_37_931,VDD,Metal1,454.3290,155.5780,1.200000
FILLER_37_924,VDD,Metal1,450.9690,155.5780,1.200000
FILLER_37_917,VDD,Metal1,447.6090,155.5780,1.200000
FILLER_37_910,VDD,Metal1,444.2490,155.5780,1.200000
FILLER_37_903,VDD,Metal1,440.8890,155.5780,1.200000
FILLER_37_896,VDD,Metal1,437.5290,155.5780,1.200000
FILLER_37_889,VDD,Metal1,434.1690,155.5780,1.200000
FILLER_37_882,VDD,Metal1,430.8090,155.5780,1.200000
FILLER_37_875,VDD,Metal1,427.4490,155.5780,1.200000
FILLER_37_868,VDD,Metal1,424.0890,155.5780,1.200000
FILLER_37_861,VDD,Metal1,420.7290,155.5780,1.200000
FILLER_37_854,VDD,Metal1,417.3690,155.5780,1.200000
FILLER_37_847,VDD,Metal1,414.0090,155.5780,1.200000
FILLER_37_840,VDD,Metal1,410.6490,155.5780,1.200000
FILLER_37_833,VDD,Metal1,407.2890,155.5780,1.200000
FILLER_37_826,VDD,Metal1,403.9290,155.5780,1.200000
FILLER_37_819,VDD,Metal1,400.5690,155.5780,1.200000
FILLER_37_812,VDD,Metal1,397.2090,155.5780,1.200000
FILLER_37_805,VDD,Metal1,393.8490,155.5780,1.200000
FILLER_37_798,VDD,Metal1,390.4890,155.5780,1.200000
FILLER_37_791,VDD,Metal1,387.1290,155.5780,1.200000
FILLER_37_784,VDD,Metal1,383.7690,155.5780,1.200000
FILLER_37_777,VDD,Metal1,380.4090,155.5780,1.200000
FILLER_37_770,VDD,Metal1,377.0490,155.5780,1.200000
FILLER_37_763,VDD,Metal1,373.6890,155.5780,1.200000
FILLER_37_756,VDD,Metal1,370.3290,155.5780,1.200000
FILLER_37_749,VDD,Metal1,366.9690,155.5780,1.200000
FILLER_37_742,VDD,Metal1,363.6090,155.5780,1.200000
FILLER_37_735,VDD,Metal1,360.2490,155.5780,1.200000
FILLER_37_728,VDD,Metal1,356.8890,155.5780,1.200000
FILLER_37_721,VDD,Metal1,353.5290,155.5780,1.200000
FILLER_37_714,VDD,Metal1,350.1690,155.5780,1.200000
FILLER_37_707,VDD,Metal1,346.8090,155.5780,1.200000
FILLER_37_700,VDD,Metal1,343.4490,155.5780,1.200000
FILLER_37_693,VDD,Metal1,340.0890,155.5780,1.200000
FILLER_37_686,VDD,Metal1,336.7290,155.5780,1.200000
FILLER_37_679,VDD,Metal1,333.3690,155.5780,1.200000
FILLER_37_672,VDD,Metal1,330.0090,155.5780,1.200000
FILLER_37_665,VDD,Metal1,326.6490,155.5780,1.200000
FILLER_37_658,VDD,Metal1,323.2890,155.5780,1.200000
FILLER_37_651,VDD,Metal1,319.9290,155.5780,1.200000
FILLER_37_644,VDD,Metal1,316.5690,155.5780,1.200000
FILLER_37_637,VDD,Metal1,313.2090,155.5780,1.200000
FILLER_37_630,VDD,Metal1,309.8490,155.5780,1.200000
FILLER_37_623,VDD,Metal1,306.4890,155.5780,1.200000
FILLER_37_616,VDD,Metal1,303.1290,155.5780,1.200000
FILLER_37_609,VDD,Metal1,299.7690,155.5780,1.200000
FILLER_37_602,VDD,Metal1,296.4090,155.5780,1.200000
FILLER_37_595,VDD,Metal1,293.0490,155.5780,1.200000
FILLER_37_588,VDD,Metal1,289.6890,155.5780,1.200000
FILLER_37_581,VDD,Metal1,286.3290,155.5780,1.200000
FILLER_37_574,VDD,Metal1,282.9690,155.5780,1.200000
FILLER_37_567,VDD,Metal1,279.6090,155.5780,1.200000
FILLER_37_560,VDD,Metal1,276.2490,155.5780,1.200000
FILLER_37_553,VDD,Metal1,272.8890,155.5780,1.200000
FILLER_37_546,VDD,Metal1,269.5290,155.5780,1.200000
FILLER_37_539,VDD,Metal1,266.1690,155.5780,1.200000
FILLER_37_532,VDD,Metal1,262.8090,155.5780,1.200000
FILLER_37_525,VDD,Metal1,259.4490,155.5780,1.200000
FILLER_37_518,VDD,Metal1,256.0890,155.5780,1.200000
FILLER_37_511,VDD,Metal1,252.7290,155.5780,1.200000
FILLER_37_504,VDD,Metal1,249.3690,155.5780,1.200000
FILLER_37_497,VDD,Metal1,246.0090,155.5780,1.200000
FILLER_37_490,VDD,Metal1,242.6490,155.5780,1.200000
FILLER_37_483,VDD,Metal1,239.2890,155.5780,1.200000
FILLER_37_476,VDD,Metal1,235.9290,155.5780,1.200000
FILLER_37_469,VDD,Metal1,232.5690,155.5780,1.200000
FILLER_37_462,VDD,Metal1,229.2090,155.5780,1.200000
FILLER_37_455,VDD,Metal1,225.8490,155.5780,1.200000
FILLER_37_448,VDD,Metal1,222.4890,155.5780,1.200000
FILLER_37_441,VDD,Metal1,219.1290,155.5780,1.200000
FILLER_37_434,VDD,Metal1,215.7690,155.5780,1.200000
FILLER_37_427,VDD,Metal1,212.4090,155.5780,1.200000
FILLER_37_420,VDD,Metal1,209.0490,155.5780,1.200000
FILLER_37_413,VDD,Metal1,205.6890,155.5780,1.200000
FILLER_37_406,VDD,Metal1,202.3290,155.5780,1.200000
FILLER_37_399,VDD,Metal1,198.9690,155.5780,1.200000
FILLER_37_392,VDD,Metal1,195.6090,155.5780,1.200000
FILLER_37_385,VDD,Metal1,192.2490,155.5780,1.200000
FILLER_37_378,VDD,Metal1,188.8890,155.5780,1.200000
FILLER_37_371,VDD,Metal1,185.5290,155.5780,1.200000
FILLER_37_364,VDD,Metal1,182.1690,155.5780,1.200000
FILLER_37_357,VDD,Metal1,178.8090,155.5780,1.200000
FILLER_37_350,VDD,Metal1,175.4490,155.5780,1.200000
FILLER_37_343,VDD,Metal1,172.0890,155.5780,1.200000
FILLER_37_336,VDD,Metal1,168.7290,155.5780,1.200000
FILLER_37_329,VDD,Metal1,165.3690,155.5780,1.200000
FILLER_37_322,VDD,Metal1,162.0090,155.5780,1.200000
FILLER_37_315,VDD,Metal1,158.6490,155.5780,1.200000
FILLER_37_308,VDD,Metal1,155.2890,155.5780,1.200000
FILLER_37_301,VDD,Metal1,151.9290,155.5780,1.200000
FILLER_37_294,VDD,Metal1,148.5690,155.5780,1.200000
FILLER_37_287,VDD,Metal1,145.2090,155.5780,1.200000
FILLER_37_280,VDD,Metal1,141.8490,155.5780,1.200000
FILLER_37_273,VDD,Metal1,138.4890,155.5780,1.200000
FILLER_37_266,VDD,Metal1,135.1290,155.5780,1.200000
FILLER_37_259,VDD,Metal1,131.7690,155.5780,1.200000
FILLER_37_252,VDD,Metal1,128.4090,155.5780,1.200000
FILLER_37_245,VDD,Metal1,125.0490,155.5780,1.200000
FILLER_37_238,VDD,Metal1,121.6890,155.5780,1.200000
FILLER_37_231,VDD,Metal1,118.3290,155.5780,1.200000
FILLER_37_224,VDD,Metal1,114.9690,155.5780,1.200000
FILLER_37_217,VDD,Metal1,111.6090,155.5780,1.200000
FILLER_37_210,VDD,Metal1,108.2490,155.5780,1.200000
FILLER_37_203,VDD,Metal1,104.8890,155.5780,1.200000
FILLER_37_196,VDD,Metal1,101.5290,155.5780,1.200000
FILLER_37_189,VDD,Metal1,98.1690,155.5780,1.200000
FILLER_37_182,VDD,Metal1,94.8090,155.5780,1.200000
FILLER_37_175,VDD,Metal1,91.4490,155.5780,1.200000
FILLER_37_168,VDD,Metal1,88.0890,155.5780,1.200000
FILLER_37_161,VDD,Metal1,84.7290,155.5780,1.200000
FILLER_37_154,VDD,Metal1,81.3690,155.5780,1.200000
FILLER_37_147,VDD,Metal1,78.0090,155.5780,1.200000
FILLER_37_140,VDD,Metal1,74.6490,155.5780,1.200000
FILLER_37_133,VDD,Metal1,71.2890,155.5780,1.200000
FILLER_37_126,VDD,Metal1,67.9290,155.5780,1.200000
FILLER_37_119,VDD,Metal1,64.5690,155.5780,1.200000
FILLER_37_112,VDD,Metal1,61.2090,155.5780,1.200000
FILLER_37_105,VDD,Metal1,57.8490,155.5780,1.200000
FILLER_37_98,VDD,Metal1,54.4890,155.5780,1.200000
FILLER_37_91,VDD,Metal1,51.1290,155.5780,1.200000
FILLER_37_84,VDD,Metal1,47.7690,155.5780,1.200000
FILLER_37_77,VDD,Metal1,44.4090,155.5780,1.200000
FILLER_37_70,VDD,Metal1,41.0490,155.5780,1.200000
FILLER_37_63,VDD,Metal1,37.6890,155.5780,1.200000
FILLER_37_56,VDD,Metal1,34.3290,155.5780,1.200000
FILLER_37_49,VDD,Metal1,30.9690,155.5780,1.200000
FILLER_37_42,VDD,Metal1,27.6090,155.5780,1.200000
FILLER_37_35,VDD,Metal1,24.2490,155.5780,1.200000
FILLER_37_28,VDD,Metal1,20.8890,155.5780,1.200000
FILLER_37_21,VDD,Metal1,17.5290,155.5780,1.200000
FILLER_37_14,VDD,Metal1,14.1690,155.5780,1.200000
FILLER_37_7,VDD,Metal1,10.8090,155.5780,1.200000
FILLER_37_0,VDD,Metal1,7.4490,155.5780,1.200000
FILLER_36_1099,VDD,Metal1,533.7600,154.9800,1.200000
FILLER_36_1092,VDD,Metal1,531.6090,154.3810,1.200000
FILLER_36_1085,VDD,Metal1,528.2490,154.3810,1.200000
FILLER_36_1078,VDD,Metal1,524.8890,154.3810,1.200000
FILLER_36_1071,VDD,Metal1,521.5290,154.3810,1.200000
FILLER_36_1064,VDD,Metal1,518.1690,154.3810,1.200000
FILLER_36_1057,VDD,Metal1,514.8090,154.3810,1.200000
FILLER_36_1050,VDD,Metal1,511.4490,154.3810,1.200000
FILLER_36_1043,VDD,Metal1,508.0890,154.3810,1.200000
FILLER_36_1036,VDD,Metal1,504.7290,154.3810,1.200000
FILLER_36_1029,VDD,Metal1,501.3690,154.3810,1.200000
FILLER_36_1022,VDD,Metal1,498.0090,154.3810,1.200000
FILLER_36_1015,VDD,Metal1,494.6490,154.3810,1.200000
FILLER_36_1008,VDD,Metal1,491.2890,154.3810,1.200000
FILLER_36_1001,VDD,Metal1,487.9290,154.3810,1.200000
FILLER_36_994,VDD,Metal1,484.5690,154.3810,1.200000
FILLER_36_987,VDD,Metal1,481.2090,154.3810,1.200000
FILLER_36_980,VDD,Metal1,477.8490,154.3810,1.200000
FILLER_36_973,VDD,Metal1,474.4890,154.3810,1.200000
FILLER_36_966,VDD,Metal1,471.1290,154.3810,1.200000
FILLER_36_959,VDD,Metal1,467.7690,154.3810,1.200000
FILLER_36_952,VDD,Metal1,464.4090,154.3810,1.200000
FILLER_36_945,VDD,Metal1,461.0490,154.3810,1.200000
FILLER_36_938,VDD,Metal1,457.6890,154.3810,1.200000
FILLER_36_931,VDD,Metal1,454.3290,154.3810,1.200000
FILLER_36_924,VDD,Metal1,450.9690,154.3810,1.200000
FILLER_36_917,VDD,Metal1,447.6090,154.3810,1.200000
FILLER_36_910,VDD,Metal1,444.2490,154.3810,1.200000
FILLER_36_903,VDD,Metal1,440.8890,154.3810,1.200000
FILLER_36_896,VDD,Metal1,437.5290,154.3810,1.200000
FILLER_36_889,VDD,Metal1,434.1690,154.3810,1.200000
FILLER_36_882,VDD,Metal1,430.8090,154.3810,1.200000
FILLER_36_875,VDD,Metal1,427.4490,154.3810,1.200000
FILLER_36_868,VDD,Metal1,424.0890,154.3810,1.200000
FILLER_36_861,VDD,Metal1,420.7290,154.3810,1.200000
FILLER_36_854,VDD,Metal1,417.3690,154.3810,1.200000
FILLER_36_847,VDD,Metal1,414.0090,154.3810,1.200000
FILLER_36_840,VDD,Metal1,410.6490,154.3810,1.200000
FILLER_36_833,VDD,Metal1,407.2890,154.3810,1.200000
FILLER_36_826,VDD,Metal1,403.9290,154.3810,1.200000
FILLER_36_819,VDD,Metal1,400.5690,154.3810,1.200000
FILLER_36_812,VDD,Metal1,397.2090,154.3810,1.200000
FILLER_36_805,VDD,Metal1,393.8490,154.3810,1.200000
FILLER_36_798,VDD,Metal1,390.4890,154.3810,1.200000
FILLER_36_791,VDD,Metal1,387.1290,154.3810,1.200000
FILLER_36_784,VDD,Metal1,383.7690,154.3810,1.200000
FILLER_36_777,VDD,Metal1,380.4090,154.3810,1.200000
FILLER_36_770,VDD,Metal1,377.0490,154.3810,1.200000
FILLER_36_763,VDD,Metal1,373.6890,154.3810,1.200000
FILLER_36_756,VDD,Metal1,370.3290,154.3810,1.200000
FILLER_36_749,VDD,Metal1,366.9690,154.3810,1.200000
FILLER_36_742,VDD,Metal1,363.6090,154.3810,1.200000
FILLER_36_735,VDD,Metal1,360.2490,154.3810,1.200000
FILLER_36_728,VDD,Metal1,356.8890,154.3810,1.200000
FILLER_36_721,VDD,Metal1,353.5290,154.3810,1.200000
FILLER_36_714,VDD,Metal1,350.1690,154.3810,1.200000
FILLER_36_707,VDD,Metal1,346.8090,154.3810,1.200000
FILLER_36_700,VDD,Metal1,343.4490,154.3810,1.200000
FILLER_36_693,VDD,Metal1,340.0890,154.3810,1.200000
FILLER_36_686,VDD,Metal1,336.7290,154.3810,1.200000
FILLER_36_679,VDD,Metal1,333.3690,154.3810,1.200000
FILLER_36_672,VDD,Metal1,330.0090,154.3810,1.200000
FILLER_36_665,VDD,Metal1,326.6490,154.3810,1.200000
FILLER_36_658,VDD,Metal1,323.2890,154.3810,1.200000
FILLER_36_651,VDD,Metal1,319.9290,154.3810,1.200000
FILLER_36_644,VDD,Metal1,316.5690,154.3810,1.200000
FILLER_36_637,VDD,Metal1,313.2090,154.3810,1.200000
FILLER_36_630,VDD,Metal1,309.8490,154.3810,1.200000
FILLER_36_623,VDD,Metal1,306.4890,154.3810,1.200000
FILLER_36_616,VDD,Metal1,303.1290,154.3810,1.200000
FILLER_36_609,VDD,Metal1,299.7690,154.3810,1.200000
FILLER_36_602,VDD,Metal1,296.4090,154.3810,1.200000
FILLER_36_595,VDD,Metal1,293.0490,154.3810,1.200000
FILLER_36_588,VDD,Metal1,289.6890,154.3810,1.200000
FILLER_36_581,VDD,Metal1,286.3290,154.3810,1.200000
FILLER_36_574,VDD,Metal1,282.9690,154.3810,1.200000
FILLER_36_567,VDD,Metal1,279.6090,154.3810,1.200000
FILLER_36_560,VDD,Metal1,276.2490,154.3810,1.200000
FILLER_36_553,VDD,Metal1,272.8890,154.3810,1.200000
FILLER_36_546,VDD,Metal1,269.5290,154.3810,1.200000
FILLER_36_539,VDD,Metal1,266.1690,154.3810,1.200000
FILLER_36_532,VDD,Metal1,262.8090,154.3810,1.200000
FILLER_36_525,VDD,Metal1,259.4490,154.3810,1.200000
FILLER_36_518,VDD,Metal1,256.0890,154.3810,1.200000
FILLER_36_511,VDD,Metal1,252.7290,154.3810,1.200000
FILLER_36_504,VDD,Metal1,249.3690,154.3810,1.200000
FILLER_36_497,VDD,Metal1,246.0090,154.3810,1.200000
FILLER_36_490,VDD,Metal1,242.6490,154.3810,1.200000
FILLER_36_483,VDD,Metal1,239.2890,154.3810,1.200000
FILLER_36_476,VDD,Metal1,235.9290,154.3810,1.200000
FILLER_36_469,VDD,Metal1,232.5690,154.3810,1.200000
FILLER_36_462,VDD,Metal1,229.2090,154.3810,1.200000
FILLER_36_455,VDD,Metal1,225.8490,154.3810,1.200000
FILLER_36_448,VDD,Metal1,222.4890,154.3810,1.200000
FILLER_36_441,VDD,Metal1,219.1290,154.3810,1.200000
FILLER_36_434,VDD,Metal1,215.7690,154.3810,1.200000
FILLER_36_427,VDD,Metal1,212.4090,154.3810,1.200000
FILLER_36_420,VDD,Metal1,209.0490,154.3810,1.200000
FILLER_36_413,VDD,Metal1,205.6890,154.3810,1.200000
FILLER_36_406,VDD,Metal1,202.3290,154.3810,1.200000
FILLER_36_399,VDD,Metal1,198.9690,154.3810,1.200000
FILLER_36_392,VDD,Metal1,195.6090,154.3810,1.200000
FILLER_36_385,VDD,Metal1,192.2490,154.3810,1.200000
FILLER_36_378,VDD,Metal1,188.8890,154.3810,1.200000
FILLER_36_371,VDD,Metal1,185.5290,154.3810,1.200000
FILLER_36_364,VDD,Metal1,182.1690,154.3810,1.200000
FILLER_36_357,VDD,Metal1,178.8090,154.3810,1.200000
FILLER_36_350,VDD,Metal1,175.4490,154.3810,1.200000
FILLER_36_343,VDD,Metal1,172.0890,154.3810,1.200000
FILLER_36_336,VDD,Metal1,168.7290,154.3810,1.200000
FILLER_36_329,VDD,Metal1,165.3690,154.3810,1.200000
FILLER_36_322,VDD,Metal1,162.0090,154.3810,1.200000
FILLER_36_315,VDD,Metal1,158.6490,154.3810,1.200000
FILLER_36_308,VDD,Metal1,155.2890,154.3810,1.200000
FILLER_36_301,VDD,Metal1,151.9290,154.3810,1.200000
FILLER_36_294,VDD,Metal1,148.5690,154.3810,1.200000
FILLER_36_287,VDD,Metal1,145.2090,154.3810,1.200000
FILLER_36_280,VDD,Metal1,141.8490,154.3810,1.200000
FILLER_36_273,VDD,Metal1,138.4890,154.3810,1.200000
FILLER_36_266,VDD,Metal1,135.1290,154.3810,1.200000
FILLER_36_259,VDD,Metal1,131.7690,154.3810,1.200000
FILLER_36_252,VDD,Metal1,128.4090,154.3810,1.200000
FILLER_36_245,VDD,Metal1,125.0490,154.3810,1.200000
FILLER_36_238,VDD,Metal1,121.6890,154.3810,1.200000
FILLER_36_231,VDD,Metal1,118.3290,154.3810,1.200000
FILLER_36_224,VDD,Metal1,114.9690,154.3810,1.200000
FILLER_36_217,VDD,Metal1,111.6090,154.3810,1.200000
FILLER_36_210,VDD,Metal1,108.2490,154.3810,1.200000
FILLER_36_203,VDD,Metal1,104.8890,154.3810,1.200000
FILLER_36_196,VDD,Metal1,101.5290,154.3810,1.200000
FILLER_36_189,VDD,Metal1,98.1690,154.3810,1.200000
FILLER_36_182,VDD,Metal1,94.8090,154.3810,1.200000
FILLER_36_175,VDD,Metal1,91.4490,154.3810,1.200000
FILLER_36_168,VDD,Metal1,88.0890,154.3810,1.200000
FILLER_36_161,VDD,Metal1,84.7290,154.3810,1.200000
FILLER_36_154,VDD,Metal1,81.3690,154.3810,1.200000
FILLER_36_147,VDD,Metal1,78.0090,154.3810,1.200000
FILLER_36_140,VDD,Metal1,74.6490,154.3810,1.200000
FILLER_36_133,VDD,Metal1,71.2890,154.3810,1.200000
FILLER_36_126,VDD,Metal1,67.9290,154.3810,1.200000
FILLER_36_119,VDD,Metal1,64.5690,154.3810,1.200000
FILLER_36_112,VDD,Metal1,61.2090,154.3810,1.200000
FILLER_36_105,VDD,Metal1,57.8490,154.3810,1.200000
FILLER_36_98,VDD,Metal1,54.4890,154.3810,1.200000
FILLER_36_91,VDD,Metal1,51.1290,154.3810,1.200000
FILLER_36_84,VDD,Metal1,47.7690,154.3810,1.200000
FILLER_36_77,VDD,Metal1,44.4090,154.3810,1.200000
FILLER_36_70,VDD,Metal1,41.0490,154.3810,1.200000
FILLER_36_63,VDD,Metal1,37.6890,154.3810,1.200000
FILLER_36_56,VDD,Metal1,34.3290,154.3810,1.200000
FILLER_36_49,VDD,Metal1,30.9690,154.3810,1.200000
FILLER_36_42,VDD,Metal1,27.6090,154.3810,1.200000
FILLER_36_35,VDD,Metal1,24.2490,154.3810,1.200000
FILLER_36_28,VDD,Metal1,20.8890,154.3810,1.200000
FILLER_36_21,VDD,Metal1,17.5290,154.3810,1.200000
FILLER_36_14,VDD,Metal1,14.1690,154.3810,1.200000
FILLER_36_7,VDD,Metal1,10.8090,154.3810,1.200000
FILLER_36_0,VDD,Metal1,7.4490,154.3810,1.200000
FILLER_35_1099,VDD,Metal1,533.7600,147.4200,1.200000
FILLER_35_1092,VDD,Metal1,531.6090,148.0180,1.200000
FILLER_35_1085,VDD,Metal1,528.2490,148.0180,1.200000
FILLER_35_1078,VDD,Metal1,524.8890,148.0180,1.200000
FILLER_35_1071,VDD,Metal1,521.5290,148.0180,1.200000
FILLER_35_1064,VDD,Metal1,518.1690,148.0180,1.200000
FILLER_35_1057,VDD,Metal1,514.8090,148.0180,1.200000
FILLER_35_1050,VDD,Metal1,511.4490,148.0180,1.200000
FILLER_35_1043,VDD,Metal1,508.0890,148.0180,1.200000
FILLER_35_1036,VDD,Metal1,504.7290,148.0180,1.200000
FILLER_35_1029,VDD,Metal1,501.3690,148.0180,1.200000
FILLER_35_1022,VDD,Metal1,498.0090,148.0180,1.200000
FILLER_35_1015,VDD,Metal1,494.6490,148.0180,1.200000
FILLER_35_1008,VDD,Metal1,491.2890,148.0180,1.200000
FILLER_35_1001,VDD,Metal1,487.9290,148.0180,1.200000
FILLER_35_994,VDD,Metal1,484.5690,148.0180,1.200000
FILLER_35_987,VDD,Metal1,481.2090,148.0180,1.200000
FILLER_35_980,VDD,Metal1,477.8490,148.0180,1.200000
FILLER_35_973,VDD,Metal1,474.4890,148.0180,1.200000
FILLER_35_966,VDD,Metal1,471.1290,148.0180,1.200000
FILLER_35_959,VDD,Metal1,467.7690,148.0180,1.200000
FILLER_35_952,VDD,Metal1,464.4090,148.0180,1.200000
FILLER_35_945,VDD,Metal1,461.0490,148.0180,1.200000
FILLER_35_938,VDD,Metal1,457.6890,148.0180,1.200000
FILLER_35_931,VDD,Metal1,454.3290,148.0180,1.200000
FILLER_35_924,VDD,Metal1,450.9690,148.0180,1.200000
FILLER_35_917,VDD,Metal1,447.6090,148.0180,1.200000
FILLER_35_910,VDD,Metal1,444.2490,148.0180,1.200000
FILLER_35_903,VDD,Metal1,440.8890,148.0180,1.200000
FILLER_35_896,VDD,Metal1,437.5290,148.0180,1.200000
FILLER_35_889,VDD,Metal1,434.1690,148.0180,1.200000
FILLER_35_882,VDD,Metal1,430.8090,148.0180,1.200000
FILLER_35_875,VDD,Metal1,427.4490,148.0180,1.200000
FILLER_35_868,VDD,Metal1,424.0890,148.0180,1.200000
FILLER_35_861,VDD,Metal1,420.7290,148.0180,1.200000
FILLER_35_854,VDD,Metal1,417.3690,148.0180,1.200000
FILLER_35_847,VDD,Metal1,414.0090,148.0180,1.200000
FILLER_35_840,VDD,Metal1,410.6490,148.0180,1.200000
FILLER_35_833,VDD,Metal1,407.2890,148.0180,1.200000
FILLER_35_826,VDD,Metal1,403.9290,148.0180,1.200000
FILLER_35_819,VDD,Metal1,400.5690,148.0180,1.200000
FILLER_35_812,VDD,Metal1,397.2090,148.0180,1.200000
FILLER_35_805,VDD,Metal1,393.8490,148.0180,1.200000
FILLER_35_798,VDD,Metal1,390.4890,148.0180,1.200000
FILLER_35_791,VDD,Metal1,387.1290,148.0180,1.200000
FILLER_35_784,VDD,Metal1,383.7690,148.0180,1.200000
FILLER_35_777,VDD,Metal1,380.4090,148.0180,1.200000
FILLER_35_770,VDD,Metal1,377.0490,148.0180,1.200000
FILLER_35_763,VDD,Metal1,373.6890,148.0180,1.200000
FILLER_35_756,VDD,Metal1,370.3290,148.0180,1.200000
FILLER_35_749,VDD,Metal1,366.9690,148.0180,1.200000
FILLER_35_742,VDD,Metal1,363.6090,148.0180,1.200000
FILLER_35_735,VDD,Metal1,360.2490,148.0180,1.200000
FILLER_35_728,VDD,Metal1,356.8890,148.0180,1.200000
FILLER_35_721,VDD,Metal1,353.5290,148.0180,1.200000
FILLER_35_714,VDD,Metal1,350.1690,148.0180,1.200000
FILLER_35_707,VDD,Metal1,346.8090,148.0180,1.200000
FILLER_35_700,VDD,Metal1,343.4490,148.0180,1.200000
FILLER_35_693,VDD,Metal1,340.0890,148.0180,1.200000
FILLER_35_686,VDD,Metal1,336.7290,148.0180,1.200000
FILLER_35_679,VDD,Metal1,333.3690,148.0180,1.200000
FILLER_35_672,VDD,Metal1,330.0090,148.0180,1.200000
FILLER_35_665,VDD,Metal1,326.6490,148.0180,1.200000
FILLER_35_658,VDD,Metal1,323.2890,148.0180,1.200000
FILLER_35_651,VDD,Metal1,319.9290,148.0180,1.200000
FILLER_35_644,VDD,Metal1,316.5690,148.0180,1.200000
FILLER_35_637,VDD,Metal1,313.2090,148.0180,1.200000
FILLER_35_630,VDD,Metal1,309.8490,148.0180,1.200000
FILLER_35_623,VDD,Metal1,306.4890,148.0180,1.200000
FILLER_35_616,VDD,Metal1,303.1290,148.0180,1.200000
FILLER_35_609,VDD,Metal1,299.7690,148.0180,1.200000
FILLER_35_602,VDD,Metal1,296.4090,148.0180,1.200000
FILLER_35_595,VDD,Metal1,293.0490,148.0180,1.200000
FILLER_35_588,VDD,Metal1,289.6890,148.0180,1.200000
FILLER_35_581,VDD,Metal1,286.3290,148.0180,1.200000
FILLER_35_574,VDD,Metal1,282.9690,148.0180,1.200000
FILLER_35_567,VDD,Metal1,279.6090,148.0180,1.200000
FILLER_35_560,VDD,Metal1,276.2490,148.0180,1.200000
FILLER_35_553,VDD,Metal1,272.8890,148.0180,1.200000
FILLER_35_546,VDD,Metal1,269.5290,148.0180,1.200000
FILLER_35_539,VDD,Metal1,266.1690,148.0180,1.200000
FILLER_35_532,VDD,Metal1,262.8090,148.0180,1.200000
FILLER_35_525,VDD,Metal1,259.4490,148.0180,1.200000
FILLER_35_518,VDD,Metal1,256.0890,148.0180,1.200000
FILLER_35_511,VDD,Metal1,252.7290,148.0180,1.200000
FILLER_35_504,VDD,Metal1,249.3690,148.0180,1.200000
FILLER_35_497,VDD,Metal1,246.0090,148.0180,1.200000
FILLER_35_490,VDD,Metal1,242.6490,148.0180,1.200000
FILLER_35_483,VDD,Metal1,239.2890,148.0180,1.200000
FILLER_35_476,VDD,Metal1,235.9290,148.0180,1.200000
FILLER_35_469,VDD,Metal1,232.5690,148.0180,1.200000
FILLER_35_462,VDD,Metal1,229.2090,148.0180,1.200000
FILLER_35_455,VDD,Metal1,225.8490,148.0180,1.200000
FILLER_35_448,VDD,Metal1,222.4890,148.0180,1.200000
FILLER_35_441,VDD,Metal1,219.1290,148.0180,1.200000
FILLER_35_434,VDD,Metal1,215.7690,148.0180,1.200000
FILLER_35_427,VDD,Metal1,212.4090,148.0180,1.200000
FILLER_35_420,VDD,Metal1,209.0490,148.0180,1.200000
FILLER_35_413,VDD,Metal1,205.6890,148.0180,1.200000
FILLER_35_406,VDD,Metal1,202.3290,148.0180,1.200000
FILLER_35_399,VDD,Metal1,198.9690,148.0180,1.200000
FILLER_35_392,VDD,Metal1,195.6090,148.0180,1.200000
FILLER_35_385,VDD,Metal1,192.2490,148.0180,1.200000
FILLER_35_378,VDD,Metal1,188.8890,148.0180,1.200000
FILLER_35_371,VDD,Metal1,185.5290,148.0180,1.200000
FILLER_35_364,VDD,Metal1,182.1690,148.0180,1.200000
FILLER_35_357,VDD,Metal1,178.8090,148.0180,1.200000
FILLER_35_350,VDD,Metal1,175.4490,148.0180,1.200000
FILLER_35_343,VDD,Metal1,172.0890,148.0180,1.200000
FILLER_35_336,VDD,Metal1,168.7290,148.0180,1.200000
FILLER_35_329,VDD,Metal1,165.3690,148.0180,1.200000
FILLER_35_322,VDD,Metal1,162.0090,148.0180,1.200000
FILLER_35_315,VDD,Metal1,158.6490,148.0180,1.200000
FILLER_35_308,VDD,Metal1,155.2890,148.0180,1.200000
FILLER_35_301,VDD,Metal1,151.9290,148.0180,1.200000
FILLER_35_294,VDD,Metal1,148.5690,148.0180,1.200000
FILLER_35_287,VDD,Metal1,145.2090,148.0180,1.200000
FILLER_35_280,VDD,Metal1,141.8490,148.0180,1.200000
FILLER_35_273,VDD,Metal1,138.4890,148.0180,1.200000
FILLER_35_266,VDD,Metal1,135.1290,148.0180,1.200000
FILLER_35_259,VDD,Metal1,131.7690,148.0180,1.200000
FILLER_35_252,VDD,Metal1,128.4090,148.0180,1.200000
FILLER_35_245,VDD,Metal1,125.0490,148.0180,1.200000
FILLER_35_238,VDD,Metal1,121.6890,148.0180,1.200000
FILLER_35_231,VDD,Metal1,118.3290,148.0180,1.200000
FILLER_35_224,VDD,Metal1,114.9690,148.0180,1.200000
FILLER_35_217,VDD,Metal1,111.6090,148.0180,1.200000
FILLER_35_210,VDD,Metal1,108.2490,148.0180,1.200000
FILLER_35_203,VDD,Metal1,104.8890,148.0180,1.200000
FILLER_35_196,VDD,Metal1,101.5290,148.0180,1.200000
FILLER_35_189,VDD,Metal1,98.1690,148.0180,1.200000
FILLER_35_182,VDD,Metal1,94.8090,148.0180,1.200000
FILLER_35_175,VDD,Metal1,91.4490,148.0180,1.200000
FILLER_35_168,VDD,Metal1,88.0890,148.0180,1.200000
FILLER_35_161,VDD,Metal1,84.7290,148.0180,1.200000
FILLER_35_154,VDD,Metal1,81.3690,148.0180,1.200000
FILLER_35_147,VDD,Metal1,78.0090,148.0180,1.200000
FILLER_35_140,VDD,Metal1,74.6490,148.0180,1.200000
FILLER_35_133,VDD,Metal1,71.2890,148.0180,1.200000
FILLER_35_126,VDD,Metal1,67.9290,148.0180,1.200000
FILLER_35_119,VDD,Metal1,64.5690,148.0180,1.200000
FILLER_35_112,VDD,Metal1,61.2090,148.0180,1.200000
FILLER_35_105,VDD,Metal1,57.8490,148.0180,1.200000
FILLER_35_98,VDD,Metal1,54.4890,148.0180,1.200000
FILLER_35_91,VDD,Metal1,51.1290,148.0180,1.200000
FILLER_35_84,VDD,Metal1,47.7690,148.0180,1.200000
FILLER_35_77,VDD,Metal1,44.4090,148.0180,1.200000
FILLER_35_70,VDD,Metal1,41.0490,148.0180,1.200000
FILLER_35_63,VDD,Metal1,37.6890,148.0180,1.200000
FILLER_35_56,VDD,Metal1,34.3290,148.0180,1.200000
FILLER_35_49,VDD,Metal1,30.9690,148.0180,1.200000
FILLER_35_42,VDD,Metal1,27.6090,148.0180,1.200000
FILLER_35_35,VDD,Metal1,24.2490,148.0180,1.200000
FILLER_35_28,VDD,Metal1,20.8890,148.0180,1.200000
FILLER_35_21,VDD,Metal1,17.5290,148.0180,1.200000
FILLER_35_14,VDD,Metal1,14.1690,148.0180,1.200000
FILLER_35_7,VDD,Metal1,10.8090,148.0180,1.200000
FILLER_35_0,VDD,Metal1,7.4490,148.0180,1.200000
FILLER_34_1099,VDD,Metal1,533.7600,147.4200,1.200000
FILLER_34_1092,VDD,Metal1,531.6090,146.8210,1.200000
FILLER_34_1085,VDD,Metal1,528.2490,146.8210,1.200000
FILLER_34_1078,VDD,Metal1,524.8890,146.8210,1.200000
FILLER_34_1071,VDD,Metal1,521.5290,146.8210,1.200000
FILLER_34_1064,VDD,Metal1,518.1690,146.8210,1.200000
FILLER_34_1057,VDD,Metal1,514.8090,146.8210,1.200000
FILLER_34_1050,VDD,Metal1,511.4490,146.8210,1.200000
FILLER_34_1043,VDD,Metal1,508.0890,146.8210,1.200000
FILLER_34_1036,VDD,Metal1,504.7290,146.8210,1.200000
FILLER_34_1029,VDD,Metal1,501.3690,146.8210,1.200000
FILLER_34_1022,VDD,Metal1,498.0090,146.8210,1.200000
FILLER_34_1015,VDD,Metal1,494.6490,146.8210,1.200000
FILLER_34_1008,VDD,Metal1,491.2890,146.8210,1.200000
FILLER_34_1001,VDD,Metal1,487.9290,146.8210,1.200000
FILLER_34_994,VDD,Metal1,484.5690,146.8210,1.200000
FILLER_34_987,VDD,Metal1,481.2090,146.8210,1.200000
FILLER_34_980,VDD,Metal1,477.8490,146.8210,1.200000
FILLER_34_973,VDD,Metal1,474.4890,146.8210,1.200000
FILLER_34_966,VDD,Metal1,471.1290,146.8210,1.200000
FILLER_34_959,VDD,Metal1,467.7690,146.8210,1.200000
FILLER_34_952,VDD,Metal1,464.4090,146.8210,1.200000
FILLER_34_945,VDD,Metal1,461.0490,146.8210,1.200000
FILLER_34_938,VDD,Metal1,457.6890,146.8210,1.200000
FILLER_34_931,VDD,Metal1,454.3290,146.8210,1.200000
FILLER_34_924,VDD,Metal1,450.9690,146.8210,1.200000
FILLER_34_917,VDD,Metal1,447.6090,146.8210,1.200000
FILLER_34_910,VDD,Metal1,444.2490,146.8210,1.200000
FILLER_34_903,VDD,Metal1,440.8890,146.8210,1.200000
FILLER_34_896,VDD,Metal1,437.5290,146.8210,1.200000
FILLER_34_889,VDD,Metal1,434.1690,146.8210,1.200000
FILLER_34_882,VDD,Metal1,430.8090,146.8210,1.200000
FILLER_34_875,VDD,Metal1,427.4490,146.8210,1.200000
FILLER_34_868,VDD,Metal1,424.0890,146.8210,1.200000
FILLER_34_861,VDD,Metal1,420.7290,146.8210,1.200000
FILLER_34_854,VDD,Metal1,417.3690,146.8210,1.200000
FILLER_34_847,VDD,Metal1,414.0090,146.8210,1.200000
FILLER_34_840,VDD,Metal1,410.6490,146.8210,1.200000
FILLER_34_833,VDD,Metal1,407.2890,146.8210,1.200000
FILLER_34_826,VDD,Metal1,403.9290,146.8210,1.200000
FILLER_34_819,VDD,Metal1,400.5690,146.8210,1.200000
FILLER_34_812,VDD,Metal1,397.2090,146.8210,1.200000
FILLER_34_805,VDD,Metal1,393.8490,146.8210,1.200000
FILLER_34_798,VDD,Metal1,390.4890,146.8210,1.200000
FILLER_34_791,VDD,Metal1,387.1290,146.8210,1.200000
FILLER_34_784,VDD,Metal1,383.7690,146.8210,1.200000
FILLER_34_777,VDD,Metal1,380.4090,146.8210,1.200000
FILLER_34_770,VDD,Metal1,377.0490,146.8210,1.200000
FILLER_34_763,VDD,Metal1,373.6890,146.8210,1.200000
FILLER_34_756,VDD,Metal1,370.3290,146.8210,1.200000
FILLER_34_749,VDD,Metal1,366.9690,146.8210,1.200000
FILLER_34_742,VDD,Metal1,363.6090,146.8210,1.200000
FILLER_34_735,VDD,Metal1,360.2490,146.8210,1.200000
FILLER_34_728,VDD,Metal1,356.8890,146.8210,1.200000
FILLER_34_721,VDD,Metal1,353.5290,146.8210,1.200000
FILLER_34_714,VDD,Metal1,350.1690,146.8210,1.200000
FILLER_34_707,VDD,Metal1,346.8090,146.8210,1.200000
FILLER_34_700,VDD,Metal1,343.4490,146.8210,1.200000
FILLER_34_693,VDD,Metal1,340.0890,146.8210,1.200000
FILLER_34_686,VDD,Metal1,336.7290,146.8210,1.200000
FILLER_34_679,VDD,Metal1,333.3690,146.8210,1.200000
FILLER_34_672,VDD,Metal1,330.0090,146.8210,1.200000
FILLER_34_665,VDD,Metal1,326.6490,146.8210,1.200000
FILLER_34_658,VDD,Metal1,323.2890,146.8210,1.200000
FILLER_34_651,VDD,Metal1,319.9290,146.8210,1.200000
FILLER_34_644,VDD,Metal1,316.5690,146.8210,1.200000
FILLER_34_637,VDD,Metal1,313.2090,146.8210,1.200000
FILLER_34_630,VDD,Metal1,309.8490,146.8210,1.200000
FILLER_34_623,VDD,Metal1,306.4890,146.8210,1.200000
FILLER_34_616,VDD,Metal1,303.1290,146.8210,1.200000
FILLER_34_609,VDD,Metal1,299.7690,146.8210,1.200000
FILLER_34_602,VDD,Metal1,296.4090,146.8210,1.200000
FILLER_34_595,VDD,Metal1,293.0490,146.8210,1.200000
FILLER_34_588,VDD,Metal1,289.6890,146.8210,1.200000
FILLER_34_581,VDD,Metal1,286.3290,146.8210,1.200000
FILLER_34_574,VDD,Metal1,282.9690,146.8210,1.200000
FILLER_34_567,VDD,Metal1,279.6090,146.8210,1.200000
FILLER_34_560,VDD,Metal1,276.2490,146.8210,1.200000
FILLER_34_553,VDD,Metal1,272.8890,146.8210,1.200000
FILLER_34_546,VDD,Metal1,269.5290,146.8210,1.200000
FILLER_34_539,VDD,Metal1,266.1690,146.8210,1.200000
FILLER_34_532,VDD,Metal1,262.8090,146.8210,1.200000
FILLER_34_525,VDD,Metal1,259.4490,146.8210,1.200000
FILLER_34_518,VDD,Metal1,256.0890,146.8210,1.200000
FILLER_34_511,VDD,Metal1,252.7290,146.8210,1.200000
FILLER_34_504,VDD,Metal1,249.3690,146.8210,1.200000
FILLER_34_497,VDD,Metal1,246.0090,146.8210,1.200000
FILLER_34_490,VDD,Metal1,242.6490,146.8210,1.200000
FILLER_34_483,VDD,Metal1,239.2890,146.8210,1.200000
FILLER_34_476,VDD,Metal1,235.9290,146.8210,1.200000
FILLER_34_469,VDD,Metal1,232.5690,146.8210,1.200000
FILLER_34_462,VDD,Metal1,229.2090,146.8210,1.200000
FILLER_34_455,VDD,Metal1,225.8490,146.8210,1.200000
FILLER_34_448,VDD,Metal1,222.4890,146.8210,1.200000
FILLER_34_441,VDD,Metal1,219.1290,146.8210,1.200000
FILLER_34_434,VDD,Metal1,215.7690,146.8210,1.200000
FILLER_34_427,VDD,Metal1,212.4090,146.8210,1.200000
FILLER_34_420,VDD,Metal1,209.0490,146.8210,1.200000
FILLER_34_413,VDD,Metal1,205.6890,146.8210,1.200000
FILLER_34_406,VDD,Metal1,202.3290,146.8210,1.200000
FILLER_34_399,VDD,Metal1,198.9690,146.8210,1.200000
FILLER_34_392,VDD,Metal1,195.6090,146.8210,1.200000
FILLER_34_385,VDD,Metal1,192.2490,146.8210,1.200000
FILLER_34_378,VDD,Metal1,188.8890,146.8210,1.200000
FILLER_34_371,VDD,Metal1,185.5290,146.8210,1.200000
FILLER_34_364,VDD,Metal1,182.1690,146.8210,1.200000
FILLER_34_357,VDD,Metal1,178.8090,146.8210,1.200000
FILLER_34_350,VDD,Metal1,175.4490,146.8210,1.200000
FILLER_34_343,VDD,Metal1,172.0890,146.8210,1.200000
FILLER_34_336,VDD,Metal1,168.7290,146.8210,1.200000
FILLER_34_329,VDD,Metal1,165.3690,146.8210,1.200000
FILLER_34_322,VDD,Metal1,162.0090,146.8210,1.200000
FILLER_34_315,VDD,Metal1,158.6490,146.8210,1.200000
FILLER_34_308,VDD,Metal1,155.2890,146.8210,1.200000
FILLER_34_301,VDD,Metal1,151.9290,146.8210,1.200000
FILLER_34_294,VDD,Metal1,148.5690,146.8210,1.200000
FILLER_34_287,VDD,Metal1,145.2090,146.8210,1.200000
FILLER_34_280,VDD,Metal1,141.8490,146.8210,1.200000
FILLER_34_273,VDD,Metal1,138.4890,146.8210,1.200000
FILLER_34_266,VDD,Metal1,135.1290,146.8210,1.200000
FILLER_34_259,VDD,Metal1,131.7690,146.8210,1.200000
FILLER_34_252,VDD,Metal1,128.4090,146.8210,1.200000
FILLER_34_245,VDD,Metal1,125.0490,146.8210,1.200000
FILLER_34_238,VDD,Metal1,121.6890,146.8210,1.200000
FILLER_34_231,VDD,Metal1,118.3290,146.8210,1.200000
FILLER_34_224,VDD,Metal1,114.9690,146.8210,1.200000
FILLER_34_217,VDD,Metal1,111.6090,146.8210,1.200000
FILLER_34_210,VDD,Metal1,108.2490,146.8210,1.200000
FILLER_34_203,VDD,Metal1,104.8890,146.8210,1.200000
FILLER_34_196,VDD,Metal1,101.5290,146.8210,1.200000
FILLER_34_189,VDD,Metal1,98.1690,146.8210,1.200000
FILLER_34_182,VDD,Metal1,94.8090,146.8210,1.200000
FILLER_34_175,VDD,Metal1,91.4490,146.8210,1.200000
FILLER_34_168,VDD,Metal1,88.0890,146.8210,1.200000
FILLER_34_161,VDD,Metal1,84.7290,146.8210,1.200000
FILLER_34_154,VDD,Metal1,81.3690,146.8210,1.200000
FILLER_34_147,VDD,Metal1,78.0090,146.8210,1.200000
FILLER_34_140,VDD,Metal1,74.6490,146.8210,1.200000
FILLER_34_133,VDD,Metal1,71.2890,146.8210,1.200000
FILLER_34_126,VDD,Metal1,67.9290,146.8210,1.200000
FILLER_34_119,VDD,Metal1,64.5690,146.8210,1.200000
FILLER_34_112,VDD,Metal1,61.2090,146.8210,1.200000
FILLER_34_105,VDD,Metal1,57.8490,146.8210,1.200000
FILLER_34_98,VDD,Metal1,54.4890,146.8210,1.200000
FILLER_34_91,VDD,Metal1,51.1290,146.8210,1.200000
FILLER_34_84,VDD,Metal1,47.7690,146.8210,1.200000
FILLER_34_77,VDD,Metal1,44.4090,146.8210,1.200000
FILLER_34_70,VDD,Metal1,41.0490,146.8210,1.200000
FILLER_34_63,VDD,Metal1,37.6890,146.8210,1.200000
FILLER_34_56,VDD,Metal1,34.3290,146.8210,1.200000
FILLER_34_49,VDD,Metal1,30.9690,146.8210,1.200000
FILLER_34_42,VDD,Metal1,27.6090,146.8210,1.200000
FILLER_34_35,VDD,Metal1,24.2490,146.8210,1.200000
FILLER_34_28,VDD,Metal1,20.8890,146.8210,1.200000
FILLER_34_21,VDD,Metal1,17.5290,146.8210,1.200000
FILLER_34_14,VDD,Metal1,14.1690,146.8210,1.200000
FILLER_34_7,VDD,Metal1,10.8090,146.8210,1.200000
FILLER_34_0,VDD,Metal1,7.4490,146.8210,1.200000
FILLER_33_1099,VDD,Metal1,533.7600,139.8600,1.200000
FILLER_33_1092,VDD,Metal1,531.6090,140.4580,1.200000
FILLER_33_1085,VDD,Metal1,528.2490,140.4580,1.200000
FILLER_33_1078,VDD,Metal1,524.8890,140.4580,1.200000
FILLER_33_1071,VDD,Metal1,521.5290,140.4580,1.200000
FILLER_33_1064,VDD,Metal1,518.1690,140.4580,1.200000
FILLER_33_1057,VDD,Metal1,514.8090,140.4580,1.200000
FILLER_33_1050,VDD,Metal1,511.4490,140.4580,1.200000
FILLER_33_1043,VDD,Metal1,508.0890,140.4580,1.200000
FILLER_33_1036,VDD,Metal1,504.7290,140.4580,1.200000
FILLER_33_1029,VDD,Metal1,501.3690,140.4580,1.200000
FILLER_33_1022,VDD,Metal1,498.0090,140.4580,1.200000
FILLER_33_1015,VDD,Metal1,494.6490,140.4580,1.200000
FILLER_33_1008,VDD,Metal1,491.2890,140.4580,1.200000
FILLER_33_1001,VDD,Metal1,487.9290,140.4580,1.200000
FILLER_33_994,VDD,Metal1,484.5690,140.4580,1.200000
FILLER_33_987,VDD,Metal1,481.2090,140.4580,1.200000
FILLER_33_980,VDD,Metal1,477.8490,140.4580,1.200000
FILLER_33_973,VDD,Metal1,474.4890,140.4580,1.200000
FILLER_33_966,VDD,Metal1,471.1290,140.4580,1.200000
FILLER_33_959,VDD,Metal1,467.7690,140.4580,1.200000
FILLER_33_952,VDD,Metal1,464.4090,140.4580,1.200000
FILLER_33_945,VDD,Metal1,461.0490,140.4580,1.200000
FILLER_33_938,VDD,Metal1,457.6890,140.4580,1.200000
FILLER_33_931,VDD,Metal1,454.3290,140.4580,1.200000
FILLER_33_924,VDD,Metal1,450.9690,140.4580,1.200000
FILLER_33_917,VDD,Metal1,447.6090,140.4580,1.200000
FILLER_33_910,VDD,Metal1,444.2490,140.4580,1.200000
FILLER_33_903,VDD,Metal1,440.8890,140.4580,1.200000
FILLER_33_896,VDD,Metal1,437.5290,140.4580,1.200000
FILLER_33_889,VDD,Metal1,434.1690,140.4580,1.200000
FILLER_33_882,VDD,Metal1,430.8090,140.4580,1.200000
FILLER_33_875,VDD,Metal1,427.4490,140.4580,1.200000
FILLER_33_868,VDD,Metal1,424.0890,140.4580,1.200000
FILLER_33_861,VDD,Metal1,420.7290,140.4580,1.200000
FILLER_33_854,VDD,Metal1,417.3690,140.4580,1.200000
FILLER_33_847,VDD,Metal1,414.0090,140.4580,1.200000
FILLER_33_840,VDD,Metal1,410.6490,140.4580,1.200000
FILLER_33_833,VDD,Metal1,407.2890,140.4580,1.200000
FILLER_33_826,VDD,Metal1,403.9290,140.4580,1.200000
FILLER_33_819,VDD,Metal1,400.5690,140.4580,1.200000
FILLER_33_812,VDD,Metal1,397.2090,140.4580,1.200000
FILLER_33_805,VDD,Metal1,393.8490,140.4580,1.200000
FILLER_33_798,VDD,Metal1,390.4890,140.4580,1.200000
FILLER_33_791,VDD,Metal1,387.1290,140.4580,1.200000
FILLER_33_784,VDD,Metal1,383.7690,140.4580,1.200000
FILLER_33_777,VDD,Metal1,380.4090,140.4580,1.200000
FILLER_33_770,VDD,Metal1,377.0490,140.4580,1.200000
FILLER_33_763,VDD,Metal1,373.6890,140.4580,1.200000
FILLER_33_756,VDD,Metal1,370.3290,140.4580,1.200000
FILLER_33_749,VDD,Metal1,366.9690,140.4580,1.200000
FILLER_33_742,VDD,Metal1,363.6090,140.4580,1.200000
FILLER_33_735,VDD,Metal1,360.2490,140.4580,1.200000
FILLER_33_728,VDD,Metal1,356.8890,140.4580,1.200000
FILLER_33_721,VDD,Metal1,353.5290,140.4580,1.200000
FILLER_33_714,VDD,Metal1,350.1690,140.4580,1.200000
FILLER_33_707,VDD,Metal1,346.8090,140.4580,1.200000
FILLER_33_700,VDD,Metal1,343.4490,140.4580,1.200000
FILLER_33_693,VDD,Metal1,340.0890,140.4580,1.200000
FILLER_33_686,VDD,Metal1,336.7290,140.4580,1.200000
FILLER_33_679,VDD,Metal1,333.3690,140.4580,1.200000
FILLER_33_672,VDD,Metal1,330.0090,140.4580,1.200000
FILLER_33_665,VDD,Metal1,326.6490,140.4580,1.200000
FILLER_33_658,VDD,Metal1,323.2890,140.4580,1.200000
FILLER_33_651,VDD,Metal1,319.9290,140.4580,1.200000
FILLER_33_644,VDD,Metal1,316.5690,140.4580,1.200000
FILLER_33_637,VDD,Metal1,313.2090,140.4580,1.200000
FILLER_33_630,VDD,Metal1,309.8490,140.4580,1.200000
FILLER_33_623,VDD,Metal1,306.4890,140.4580,1.200000
FILLER_33_616,VDD,Metal1,303.1290,140.4580,1.200000
FILLER_33_609,VDD,Metal1,299.7690,140.4580,1.200000
FILLER_33_602,VDD,Metal1,296.4090,140.4580,1.200000
FILLER_33_595,VDD,Metal1,293.0490,140.4580,1.200000
FILLER_33_588,VDD,Metal1,289.6890,140.4580,1.200000
FILLER_33_581,VDD,Metal1,286.3290,140.4580,1.200000
FILLER_33_574,VDD,Metal1,282.9690,140.4580,1.200000
FILLER_33_567,VDD,Metal1,279.6090,140.4580,1.200000
FILLER_33_560,VDD,Metal1,276.2490,140.4580,1.200000
FILLER_33_553,VDD,Metal1,272.8890,140.4580,1.200000
FILLER_33_546,VDD,Metal1,269.5290,140.4580,1.200000
FILLER_33_539,VDD,Metal1,266.1690,140.4580,1.200000
FILLER_33_532,VDD,Metal1,262.8090,140.4580,1.200000
FILLER_33_525,VDD,Metal1,259.4490,140.4580,1.200000
FILLER_33_518,VDD,Metal1,256.0890,140.4580,1.200000
FILLER_33_511,VDD,Metal1,252.7290,140.4580,1.200000
FILLER_33_504,VDD,Metal1,249.3690,140.4580,1.200000
FILLER_33_497,VDD,Metal1,246.0090,140.4580,1.200000
FILLER_33_490,VDD,Metal1,242.6490,140.4580,1.200000
FILLER_33_483,VDD,Metal1,239.2890,140.4580,1.200000
FILLER_33_476,VDD,Metal1,235.9290,140.4580,1.200000
FILLER_33_469,VDD,Metal1,232.5690,140.4580,1.200000
FILLER_33_462,VDD,Metal1,229.2090,140.4580,1.200000
FILLER_33_455,VDD,Metal1,225.8490,140.4580,1.200000
FILLER_33_448,VDD,Metal1,222.4890,140.4580,1.200000
FILLER_33_441,VDD,Metal1,219.1290,140.4580,1.200000
FILLER_33_434,VDD,Metal1,215.7690,140.4580,1.200000
FILLER_33_427,VDD,Metal1,212.4090,140.4580,1.200000
FILLER_33_420,VDD,Metal1,209.0490,140.4580,1.200000
FILLER_33_413,VDD,Metal1,205.6890,140.4580,1.200000
FILLER_33_406,VDD,Metal1,202.3290,140.4580,1.200000
FILLER_33_399,VDD,Metal1,198.9690,140.4580,1.200000
FILLER_33_392,VDD,Metal1,195.6090,140.4580,1.200000
FILLER_33_385,VDD,Metal1,192.2490,140.4580,1.200000
FILLER_33_378,VDD,Metal1,188.8890,140.4580,1.200000
FILLER_33_371,VDD,Metal1,185.5290,140.4580,1.200000
FILLER_33_364,VDD,Metal1,182.1690,140.4580,1.200000
FILLER_33_357,VDD,Metal1,178.8090,140.4580,1.200000
FILLER_33_350,VDD,Metal1,175.4490,140.4580,1.200000
FILLER_33_343,VDD,Metal1,172.0890,140.4580,1.200000
FILLER_33_336,VDD,Metal1,168.7290,140.4580,1.200000
FILLER_33_329,VDD,Metal1,165.3690,140.4580,1.200000
FILLER_33_322,VDD,Metal1,162.0090,140.4580,1.200000
FILLER_33_315,VDD,Metal1,158.6490,140.4580,1.200000
FILLER_33_308,VDD,Metal1,155.2890,140.4580,1.200000
FILLER_33_301,VDD,Metal1,151.9290,140.4580,1.200000
FILLER_33_294,VDD,Metal1,148.5690,140.4580,1.200000
FILLER_33_287,VDD,Metal1,145.2090,140.4580,1.200000
FILLER_33_280,VDD,Metal1,141.8490,140.4580,1.200000
FILLER_33_273,VDD,Metal1,138.4890,140.4580,1.200000
FILLER_33_266,VDD,Metal1,135.1290,140.4580,1.200000
FILLER_33_259,VDD,Metal1,131.7690,140.4580,1.200000
FILLER_33_252,VDD,Metal1,128.4090,140.4580,1.200000
FILLER_33_245,VDD,Metal1,125.0490,140.4580,1.200000
FILLER_33_238,VDD,Metal1,121.6890,140.4580,1.200000
FILLER_33_231,VDD,Metal1,118.3290,140.4580,1.200000
FILLER_33_224,VDD,Metal1,114.9690,140.4580,1.200000
FILLER_33_217,VDD,Metal1,111.6090,140.4580,1.200000
FILLER_33_210,VDD,Metal1,108.2490,140.4580,1.200000
FILLER_33_203,VDD,Metal1,104.8890,140.4580,1.200000
FILLER_33_196,VDD,Metal1,101.5290,140.4580,1.200000
FILLER_33_189,VDD,Metal1,98.1690,140.4580,1.200000
FILLER_33_182,VDD,Metal1,94.8090,140.4580,1.200000
FILLER_33_175,VDD,Metal1,91.4490,140.4580,1.200000
FILLER_33_168,VDD,Metal1,88.0890,140.4580,1.200000
FILLER_33_161,VDD,Metal1,84.7290,140.4580,1.200000
FILLER_33_154,VDD,Metal1,81.3690,140.4580,1.200000
FILLER_33_147,VDD,Metal1,78.0090,140.4580,1.200000
FILLER_33_140,VDD,Metal1,74.6490,140.4580,1.200000
FILLER_33_133,VDD,Metal1,71.2890,140.4580,1.200000
FILLER_33_126,VDD,Metal1,67.9290,140.4580,1.200000
FILLER_33_119,VDD,Metal1,64.5690,140.4580,1.200000
FILLER_33_112,VDD,Metal1,61.2090,140.4580,1.200000
FILLER_33_105,VDD,Metal1,57.8490,140.4580,1.200000
FILLER_33_98,VDD,Metal1,54.4890,140.4580,1.200000
FILLER_33_91,VDD,Metal1,51.1290,140.4580,1.200000
FILLER_33_84,VDD,Metal1,47.7690,140.4580,1.200000
FILLER_33_77,VDD,Metal1,44.4090,140.4580,1.200000
FILLER_33_70,VDD,Metal1,41.0490,140.4580,1.200000
FILLER_33_63,VDD,Metal1,37.6890,140.4580,1.200000
FILLER_33_56,VDD,Metal1,34.3290,140.4580,1.200000
FILLER_33_49,VDD,Metal1,30.9690,140.4580,1.200000
FILLER_33_42,VDD,Metal1,27.6090,140.4580,1.200000
FILLER_33_35,VDD,Metal1,24.2490,140.4580,1.200000
FILLER_33_28,VDD,Metal1,20.8890,140.4580,1.200000
FILLER_33_21,VDD,Metal1,17.5290,140.4580,1.200000
FILLER_33_14,VDD,Metal1,14.1690,140.4580,1.200000
FILLER_33_7,VDD,Metal1,10.8090,140.4580,1.200000
FILLER_33_0,VDD,Metal1,7.4490,140.4580,1.200000
FILLER_32_1099,VDD,Metal1,533.7600,139.8600,1.200000
FILLER_32_1092,VDD,Metal1,531.6090,139.2610,1.200000
FILLER_32_1085,VDD,Metal1,528.2490,139.2610,1.200000
FILLER_32_1078,VDD,Metal1,524.8890,139.2610,1.200000
FILLER_32_1071,VDD,Metal1,521.5290,139.2610,1.200000
FILLER_32_1064,VDD,Metal1,518.1690,139.2610,1.200000
FILLER_32_1057,VDD,Metal1,514.8090,139.2610,1.200000
FILLER_32_1050,VDD,Metal1,511.4490,139.2610,1.200000
FILLER_32_1043,VDD,Metal1,508.0890,139.2610,1.200000
FILLER_32_1036,VDD,Metal1,504.7290,139.2610,1.200000
FILLER_32_1029,VDD,Metal1,501.3690,139.2610,1.200000
FILLER_32_1022,VDD,Metal1,498.0090,139.2610,1.200000
FILLER_32_1015,VDD,Metal1,494.6490,139.2610,1.200000
FILLER_32_1008,VDD,Metal1,491.2890,139.2610,1.200000
FILLER_32_1001,VDD,Metal1,487.9290,139.2610,1.200000
FILLER_32_994,VDD,Metal1,484.5690,139.2610,1.200000
FILLER_32_987,VDD,Metal1,481.2090,139.2610,1.200000
FILLER_32_980,VDD,Metal1,477.8490,139.2610,1.200000
FILLER_32_973,VDD,Metal1,474.4890,139.2610,1.200000
FILLER_32_966,VDD,Metal1,471.1290,139.2610,1.200000
FILLER_32_959,VDD,Metal1,467.7690,139.2610,1.200000
FILLER_32_952,VDD,Metal1,464.4090,139.2610,1.200000
FILLER_32_945,VDD,Metal1,461.0490,139.2610,1.200000
FILLER_32_938,VDD,Metal1,457.6890,139.2610,1.200000
FILLER_32_931,VDD,Metal1,454.3290,139.2610,1.200000
FILLER_32_924,VDD,Metal1,450.9690,139.2610,1.200000
FILLER_32_917,VDD,Metal1,447.6090,139.2610,1.200000
FILLER_32_910,VDD,Metal1,444.2490,139.2610,1.200000
FILLER_32_903,VDD,Metal1,440.8890,139.2610,1.200000
FILLER_32_896,VDD,Metal1,437.5290,139.2610,1.200000
FILLER_32_889,VDD,Metal1,434.1690,139.2610,1.200000
FILLER_32_882,VDD,Metal1,430.8090,139.2610,1.200000
FILLER_32_875,VDD,Metal1,427.4490,139.2610,1.200000
FILLER_32_868,VDD,Metal1,424.0890,139.2610,1.200000
FILLER_32_861,VDD,Metal1,420.7290,139.2610,1.200000
FILLER_32_854,VDD,Metal1,417.3690,139.2610,1.200000
FILLER_32_847,VDD,Metal1,414.0090,139.2610,1.200000
FILLER_32_840,VDD,Metal1,410.6490,139.2610,1.200000
FILLER_32_833,VDD,Metal1,407.2890,139.2610,1.200000
FILLER_32_826,VDD,Metal1,403.9290,139.2610,1.200000
FILLER_32_819,VDD,Metal1,400.5690,139.2610,1.200000
FILLER_32_812,VDD,Metal1,397.2090,139.2610,1.200000
FILLER_32_805,VDD,Metal1,393.8490,139.2610,1.200000
FILLER_32_798,VDD,Metal1,390.4890,139.2610,1.200000
FILLER_32_791,VDD,Metal1,387.1290,139.2610,1.200000
FILLER_32_784,VDD,Metal1,383.7690,139.2610,1.200000
FILLER_32_777,VDD,Metal1,380.4090,139.2610,1.200000
FILLER_32_770,VDD,Metal1,377.0490,139.2610,1.200000
FILLER_32_763,VDD,Metal1,373.6890,139.2610,1.200000
FILLER_32_756,VDD,Metal1,370.3290,139.2610,1.200000
FILLER_32_749,VDD,Metal1,366.9690,139.2610,1.200000
FILLER_32_742,VDD,Metal1,363.6090,139.2610,1.200000
FILLER_32_735,VDD,Metal1,360.2490,139.2610,1.200000
FILLER_32_728,VDD,Metal1,356.8890,139.2610,1.200000
FILLER_32_721,VDD,Metal1,353.5290,139.2610,1.200000
FILLER_32_714,VDD,Metal1,350.1690,139.2610,1.200000
FILLER_32_707,VDD,Metal1,346.8090,139.2610,1.200000
FILLER_32_700,VDD,Metal1,343.4490,139.2610,1.200000
FILLER_32_693,VDD,Metal1,340.0890,139.2610,1.200000
FILLER_32_686,VDD,Metal1,336.7290,139.2610,1.200000
FILLER_32_679,VDD,Metal1,333.3690,139.2610,1.200000
FILLER_32_672,VDD,Metal1,330.0090,139.2610,1.200000
FILLER_32_665,VDD,Metal1,326.6490,139.2610,1.200000
FILLER_32_658,VDD,Metal1,323.2890,139.2610,1.200000
FILLER_32_651,VDD,Metal1,319.9290,139.2610,1.200000
FILLER_32_644,VDD,Metal1,316.5690,139.2610,1.200000
FILLER_32_637,VDD,Metal1,313.2090,139.2610,1.200000
FILLER_32_630,VDD,Metal1,309.8490,139.2610,1.200000
FILLER_32_623,VDD,Metal1,306.4890,139.2610,1.200000
FILLER_32_616,VDD,Metal1,303.1290,139.2610,1.200000
FILLER_32_609,VDD,Metal1,299.7690,139.2610,1.200000
FILLER_32_602,VDD,Metal1,296.4090,139.2610,1.200000
FILLER_32_595,VDD,Metal1,293.0490,139.2610,1.200000
FILLER_32_588,VDD,Metal1,289.6890,139.2610,1.200000
FILLER_32_581,VDD,Metal1,286.3290,139.2610,1.200000
FILLER_32_574,VDD,Metal1,282.9690,139.2610,1.200000
FILLER_32_567,VDD,Metal1,279.6090,139.2610,1.200000
FILLER_32_560,VDD,Metal1,276.2490,139.2610,1.200000
FILLER_32_553,VDD,Metal1,272.8890,139.2610,1.200000
FILLER_32_546,VDD,Metal1,269.5290,139.2610,1.200000
FILLER_32_539,VDD,Metal1,266.1690,139.2610,1.200000
FILLER_32_532,VDD,Metal1,262.8090,139.2610,1.200000
FILLER_32_525,VDD,Metal1,259.4490,139.2610,1.200000
FILLER_32_518,VDD,Metal1,256.0890,139.2610,1.200000
FILLER_32_511,VDD,Metal1,252.7290,139.2610,1.200000
FILLER_32_504,VDD,Metal1,249.3690,139.2610,1.200000
FILLER_32_497,VDD,Metal1,246.0090,139.2610,1.200000
FILLER_32_490,VDD,Metal1,242.6490,139.2610,1.200000
FILLER_32_483,VDD,Metal1,239.2890,139.2610,1.200000
FILLER_32_476,VDD,Metal1,235.9290,139.2610,1.200000
FILLER_32_469,VDD,Metal1,232.5690,139.2610,1.200000
FILLER_32_462,VDD,Metal1,229.2090,139.2610,1.200000
FILLER_32_455,VDD,Metal1,225.8490,139.2610,1.200000
FILLER_32_448,VDD,Metal1,222.4890,139.2610,1.200000
FILLER_32_441,VDD,Metal1,219.1290,139.2610,1.200000
FILLER_32_434,VDD,Metal1,215.7690,139.2610,1.200000
FILLER_32_427,VDD,Metal1,212.4090,139.2610,1.200000
FILLER_32_420,VDD,Metal1,209.0490,139.2610,1.200000
FILLER_32_413,VDD,Metal1,205.6890,139.2610,1.200000
FILLER_32_406,VDD,Metal1,202.3290,139.2610,1.200000
FILLER_32_399,VDD,Metal1,198.9690,139.2610,1.200000
FILLER_32_392,VDD,Metal1,195.6090,139.2610,1.200000
FILLER_32_385,VDD,Metal1,192.2490,139.2610,1.200000
FILLER_32_378,VDD,Metal1,188.8890,139.2610,1.200000
FILLER_32_371,VDD,Metal1,185.5290,139.2610,1.200000
FILLER_32_364,VDD,Metal1,182.1690,139.2610,1.200000
FILLER_32_357,VDD,Metal1,178.8090,139.2610,1.200000
FILLER_32_350,VDD,Metal1,175.4490,139.2610,1.200000
FILLER_32_343,VDD,Metal1,172.0890,139.2610,1.200000
FILLER_32_336,VDD,Metal1,168.7290,139.2610,1.200000
FILLER_32_329,VDD,Metal1,165.3690,139.2610,1.200000
FILLER_32_322,VDD,Metal1,162.0090,139.2610,1.200000
FILLER_32_315,VDD,Metal1,158.6490,139.2610,1.200000
FILLER_32_308,VDD,Metal1,155.2890,139.2610,1.200000
FILLER_32_301,VDD,Metal1,151.9290,139.2610,1.200000
FILLER_32_294,VDD,Metal1,148.5690,139.2610,1.200000
FILLER_32_287,VDD,Metal1,145.2090,139.2610,1.200000
FILLER_32_280,VDD,Metal1,141.8490,139.2610,1.200000
FILLER_32_273,VDD,Metal1,138.4890,139.2610,1.200000
FILLER_32_266,VDD,Metal1,135.1290,139.2610,1.200000
FILLER_32_259,VDD,Metal1,131.7690,139.2610,1.200000
FILLER_32_252,VDD,Metal1,128.4090,139.2610,1.200000
FILLER_32_245,VDD,Metal1,125.0490,139.2610,1.200000
FILLER_32_238,VDD,Metal1,121.6890,139.2610,1.200000
FILLER_32_231,VDD,Metal1,118.3290,139.2610,1.200000
FILLER_32_224,VDD,Metal1,114.9690,139.2610,1.200000
FILLER_32_217,VDD,Metal1,111.6090,139.2610,1.200000
FILLER_32_210,VDD,Metal1,108.2490,139.2610,1.200000
FILLER_32_203,VDD,Metal1,104.8890,139.2610,1.200000
FILLER_32_196,VDD,Metal1,101.5290,139.2610,1.200000
FILLER_32_189,VDD,Metal1,98.1690,139.2610,1.200000
FILLER_32_182,VDD,Metal1,94.8090,139.2610,1.200000
FILLER_32_175,VDD,Metal1,91.4490,139.2610,1.200000
FILLER_32_168,VDD,Metal1,88.0890,139.2610,1.200000
FILLER_32_161,VDD,Metal1,84.7290,139.2610,1.200000
FILLER_32_154,VDD,Metal1,81.3690,139.2610,1.200000
FILLER_32_147,VDD,Metal1,78.0090,139.2610,1.200000
FILLER_32_140,VDD,Metal1,74.6490,139.2610,1.200000
FILLER_32_133,VDD,Metal1,71.2890,139.2610,1.200000
FILLER_32_126,VDD,Metal1,67.9290,139.2610,1.200000
FILLER_32_119,VDD,Metal1,64.5690,139.2610,1.200000
FILLER_32_112,VDD,Metal1,61.2090,139.2610,1.200000
FILLER_32_105,VDD,Metal1,57.8490,139.2610,1.200000
FILLER_32_98,VDD,Metal1,54.4890,139.2610,1.200000
FILLER_32_91,VDD,Metal1,51.1290,139.2610,1.200000
FILLER_32_84,VDD,Metal1,47.7690,139.2610,1.200000
FILLER_32_77,VDD,Metal1,44.4090,139.2610,1.200000
FILLER_32_70,VDD,Metal1,41.0490,139.2610,1.200000
FILLER_32_63,VDD,Metal1,37.6890,139.2610,1.200000
FILLER_32_56,VDD,Metal1,34.3290,139.2610,1.200000
FILLER_32_49,VDD,Metal1,30.9690,139.2610,1.200000
FILLER_32_42,VDD,Metal1,27.6090,139.2610,1.200000
FILLER_32_35,VDD,Metal1,24.2490,139.2610,1.200000
FILLER_32_28,VDD,Metal1,20.8890,139.2610,1.200000
FILLER_32_21,VDD,Metal1,17.5290,139.2610,1.200000
FILLER_32_14,VDD,Metal1,14.1690,139.2610,1.200000
FILLER_32_7,VDD,Metal1,10.8090,139.2610,1.200000
FILLER_32_0,VDD,Metal1,7.4490,139.2610,1.200000
FILLER_31_1099,VDD,Metal1,533.7600,132.3000,1.200000
FILLER_31_1092,VDD,Metal1,531.6090,132.8980,1.200000
FILLER_31_1085,VDD,Metal1,528.2490,132.8980,1.200000
FILLER_31_1078,VDD,Metal1,524.8890,132.8980,1.200000
FILLER_31_1071,VDD,Metal1,521.5290,132.8980,1.200000
FILLER_31_1064,VDD,Metal1,518.1690,132.8980,1.200000
FILLER_31_1057,VDD,Metal1,514.8090,132.8980,1.200000
FILLER_31_1050,VDD,Metal1,511.4490,132.8980,1.200000
FILLER_31_1043,VDD,Metal1,508.0890,132.8980,1.200000
FILLER_31_1036,VDD,Metal1,504.7290,132.8980,1.200000
FILLER_31_1029,VDD,Metal1,501.3690,132.8980,1.200000
FILLER_31_1022,VDD,Metal1,498.0090,132.8980,1.200000
FILLER_31_1015,VDD,Metal1,494.6490,132.8980,1.200000
FILLER_31_1008,VDD,Metal1,491.2890,132.8980,1.200000
FILLER_31_1001,VDD,Metal1,487.9290,132.8980,1.200000
FILLER_31_994,VDD,Metal1,484.5690,132.8980,1.200000
FILLER_31_987,VDD,Metal1,481.2090,132.8980,1.200000
FILLER_31_980,VDD,Metal1,477.8490,132.8980,1.200000
FILLER_31_973,VDD,Metal1,474.4890,132.8980,1.200000
FILLER_31_966,VDD,Metal1,471.1290,132.8980,1.200000
FILLER_31_959,VDD,Metal1,467.7690,132.8980,1.200000
FILLER_31_952,VDD,Metal1,464.4090,132.8980,1.200000
FILLER_31_945,VDD,Metal1,461.0490,132.8980,1.200000
FILLER_31_938,VDD,Metal1,457.6890,132.8980,1.200000
FILLER_31_931,VDD,Metal1,454.3290,132.8980,1.200000
FILLER_31_924,VDD,Metal1,450.9690,132.8980,1.200000
FILLER_31_917,VDD,Metal1,447.6090,132.8980,1.200000
FILLER_31_910,VDD,Metal1,444.2490,132.8980,1.200000
FILLER_31_903,VDD,Metal1,440.8890,132.8980,1.200000
FILLER_31_896,VDD,Metal1,437.5290,132.8980,1.200000
FILLER_31_889,VDD,Metal1,434.1690,132.8980,1.200000
FILLER_31_882,VDD,Metal1,430.8090,132.8980,1.200000
FILLER_31_875,VDD,Metal1,427.4490,132.8980,1.200000
FILLER_31_868,VDD,Metal1,424.0890,132.8980,1.200000
FILLER_31_861,VDD,Metal1,420.7290,132.8980,1.200000
FILLER_31_854,VDD,Metal1,417.3690,132.8980,1.200000
FILLER_31_847,VDD,Metal1,414.0090,132.8980,1.200000
FILLER_31_840,VDD,Metal1,410.6490,132.8980,1.200000
FILLER_31_833,VDD,Metal1,407.2890,132.8980,1.200000
FILLER_31_826,VDD,Metal1,403.9290,132.8980,1.200000
FILLER_31_819,VDD,Metal1,400.5690,132.8980,1.200000
FILLER_31_812,VDD,Metal1,397.2090,132.8980,1.200000
FILLER_31_805,VDD,Metal1,393.8490,132.8980,1.200000
FILLER_31_798,VDD,Metal1,390.4890,132.8980,1.200000
FILLER_31_791,VDD,Metal1,387.1290,132.8980,1.200000
FILLER_31_784,VDD,Metal1,383.7690,132.8980,1.200000
FILLER_31_777,VDD,Metal1,380.4090,132.8980,1.200000
FILLER_31_770,VDD,Metal1,377.0490,132.8980,1.200000
FILLER_31_763,VDD,Metal1,373.6890,132.8980,1.200000
FILLER_31_756,VDD,Metal1,370.3290,132.8980,1.200000
FILLER_31_749,VDD,Metal1,366.9690,132.8980,1.200000
FILLER_31_742,VDD,Metal1,363.6090,132.8980,1.200000
FILLER_31_735,VDD,Metal1,360.2490,132.8980,1.200000
FILLER_31_728,VDD,Metal1,356.8890,132.8980,1.200000
FILLER_31_721,VDD,Metal1,353.5290,132.8980,1.200000
FILLER_31_714,VDD,Metal1,350.1690,132.8980,1.200000
FILLER_31_707,VDD,Metal1,346.8090,132.8980,1.200000
FILLER_31_700,VDD,Metal1,343.4490,132.8980,1.200000
FILLER_31_693,VDD,Metal1,340.0890,132.8980,1.200000
FILLER_31_686,VDD,Metal1,336.7290,132.8980,1.200000
FILLER_31_679,VDD,Metal1,333.3690,132.8980,1.200000
FILLER_31_672,VDD,Metal1,330.0090,132.8980,1.200000
FILLER_31_665,VDD,Metal1,326.6490,132.8980,1.200000
FILLER_31_658,VDD,Metal1,323.2890,132.8980,1.200000
FILLER_31_651,VDD,Metal1,319.9290,132.8980,1.200000
FILLER_31_644,VDD,Metal1,316.5690,132.8980,1.200000
FILLER_31_637,VDD,Metal1,313.2090,132.8980,1.200000
FILLER_31_630,VDD,Metal1,309.8490,132.8980,1.200000
FILLER_31_623,VDD,Metal1,306.4890,132.8980,1.200000
FILLER_31_616,VDD,Metal1,303.1290,132.8980,1.200000
FILLER_31_609,VDD,Metal1,299.7690,132.8980,1.200000
FILLER_31_602,VDD,Metal1,296.4090,132.8980,1.200000
FILLER_31_595,VDD,Metal1,293.0490,132.8980,1.200000
FILLER_31_588,VDD,Metal1,289.6890,132.8980,1.200000
FILLER_31_581,VDD,Metal1,286.3290,132.8980,1.200000
FILLER_31_574,VDD,Metal1,282.9690,132.8980,1.200000
FILLER_31_567,VDD,Metal1,279.6090,132.8980,1.200000
FILLER_31_560,VDD,Metal1,276.2490,132.8980,1.200000
FILLER_31_553,VDD,Metal1,272.8890,132.8980,1.200000
FILLER_31_546,VDD,Metal1,269.5290,132.8980,1.200000
FILLER_31_539,VDD,Metal1,266.1690,132.8980,1.200000
FILLER_31_532,VDD,Metal1,262.8090,132.8980,1.200000
FILLER_31_525,VDD,Metal1,259.4490,132.8980,1.200000
FILLER_31_518,VDD,Metal1,256.0890,132.8980,1.200000
FILLER_31_511,VDD,Metal1,252.7290,132.8980,1.200000
FILLER_31_504,VDD,Metal1,249.3690,132.8980,1.200000
FILLER_31_497,VDD,Metal1,246.0090,132.8980,1.200000
FILLER_31_490,VDD,Metal1,242.6490,132.8980,1.200000
FILLER_31_483,VDD,Metal1,239.2890,132.8980,1.200000
FILLER_31_476,VDD,Metal1,235.9290,132.8980,1.200000
FILLER_31_469,VDD,Metal1,232.5690,132.8980,1.200000
FILLER_31_462,VDD,Metal1,229.2090,132.8980,1.200000
FILLER_31_455,VDD,Metal1,225.8490,132.8980,1.200000
FILLER_31_448,VDD,Metal1,222.4890,132.8980,1.200000
FILLER_31_441,VDD,Metal1,219.1290,132.8980,1.200000
FILLER_31_434,VDD,Metal1,215.7690,132.8980,1.200000
FILLER_31_427,VDD,Metal1,212.4090,132.8980,1.200000
FILLER_31_420,VDD,Metal1,209.0490,132.8980,1.200000
FILLER_31_413,VDD,Metal1,205.6890,132.8980,1.200000
FILLER_31_406,VDD,Metal1,202.3290,132.8980,1.200000
FILLER_31_399,VDD,Metal1,198.9690,132.8980,1.200000
FILLER_31_392,VDD,Metal1,195.6090,132.8980,1.200000
FILLER_31_385,VDD,Metal1,192.2490,132.8980,1.200000
FILLER_31_378,VDD,Metal1,188.8890,132.8980,1.200000
FILLER_31_371,VDD,Metal1,185.5290,132.8980,1.200000
FILLER_31_364,VDD,Metal1,182.1690,132.8980,1.200000
FILLER_31_357,VDD,Metal1,178.8090,132.8980,1.200000
FILLER_31_350,VDD,Metal1,175.4490,132.8980,1.200000
FILLER_31_343,VDD,Metal1,172.0890,132.8980,1.200000
FILLER_31_336,VDD,Metal1,168.7290,132.8980,1.200000
FILLER_31_329,VDD,Metal1,165.3690,132.8980,1.200000
FILLER_31_322,VDD,Metal1,162.0090,132.8980,1.200000
FILLER_31_315,VDD,Metal1,158.6490,132.8980,1.200000
FILLER_31_308,VDD,Metal1,155.2890,132.8980,1.200000
FILLER_31_301,VDD,Metal1,151.9290,132.8980,1.200000
FILLER_31_294,VDD,Metal1,148.5690,132.8980,1.200000
FILLER_31_287,VDD,Metal1,145.2090,132.8980,1.200000
FILLER_31_280,VDD,Metal1,141.8490,132.8980,1.200000
FILLER_31_273,VDD,Metal1,138.4890,132.8980,1.200000
FILLER_31_266,VDD,Metal1,135.1290,132.8980,1.200000
FILLER_31_259,VDD,Metal1,131.7690,132.8980,1.200000
FILLER_31_252,VDD,Metal1,128.4090,132.8980,1.200000
FILLER_31_245,VDD,Metal1,125.0490,132.8980,1.200000
FILLER_31_238,VDD,Metal1,121.6890,132.8980,1.200000
FILLER_31_231,VDD,Metal1,118.3290,132.8980,1.200000
FILLER_31_224,VDD,Metal1,114.9690,132.8980,1.200000
FILLER_31_217,VDD,Metal1,111.6090,132.8980,1.200000
FILLER_31_210,VDD,Metal1,108.2490,132.8980,1.200000
FILLER_31_203,VDD,Metal1,104.8890,132.8980,1.200000
FILLER_31_196,VDD,Metal1,101.5290,132.8980,1.200000
FILLER_31_189,VDD,Metal1,98.1690,132.8980,1.200000
FILLER_31_182,VDD,Metal1,94.8090,132.8980,1.200000
FILLER_31_175,VDD,Metal1,91.4490,132.8980,1.200000
FILLER_31_168,VDD,Metal1,88.0890,132.8980,1.200000
FILLER_31_161,VDD,Metal1,84.7290,132.8980,1.200000
FILLER_31_154,VDD,Metal1,81.3690,132.8980,1.200000
FILLER_31_147,VDD,Metal1,78.0090,132.8980,1.200000
FILLER_31_140,VDD,Metal1,74.6490,132.8980,1.200000
FILLER_31_133,VDD,Metal1,71.2890,132.8980,1.200000
FILLER_31_126,VDD,Metal1,67.9290,132.8980,1.200000
FILLER_31_119,VDD,Metal1,64.5690,132.8980,1.200000
FILLER_31_112,VDD,Metal1,61.2090,132.8980,1.200000
FILLER_31_105,VDD,Metal1,57.8490,132.8980,1.200000
FILLER_31_98,VDD,Metal1,54.4890,132.8980,1.200000
FILLER_31_91,VDD,Metal1,51.1290,132.8980,1.200000
FILLER_31_84,VDD,Metal1,47.7690,132.8980,1.200000
FILLER_31_77,VDD,Metal1,44.4090,132.8980,1.200000
FILLER_31_70,VDD,Metal1,41.0490,132.8980,1.200000
FILLER_31_63,VDD,Metal1,37.6890,132.8980,1.200000
FILLER_31_56,VDD,Metal1,34.3290,132.8980,1.200000
FILLER_31_49,VDD,Metal1,30.9690,132.8980,1.200000
FILLER_31_42,VDD,Metal1,27.6090,132.8980,1.200000
FILLER_31_35,VDD,Metal1,24.2490,132.8980,1.200000
FILLER_31_28,VDD,Metal1,20.8890,132.8980,1.200000
FILLER_31_21,VDD,Metal1,17.5290,132.8980,1.200000
FILLER_31_14,VDD,Metal1,14.1690,132.8980,1.200000
FILLER_31_7,VDD,Metal1,10.8090,132.8980,1.200000
FILLER_31_0,VDD,Metal1,7.4490,132.8980,1.200000
FILLER_30_1099,VDD,Metal1,533.7600,132.3000,1.200000
FILLER_30_1092,VDD,Metal1,531.6090,131.7010,1.200000
FILLER_30_1085,VDD,Metal1,528.2490,131.7010,1.200000
FILLER_30_1078,VDD,Metal1,524.8890,131.7010,1.200000
FILLER_30_1071,VDD,Metal1,521.5290,131.7010,1.200000
FILLER_30_1064,VDD,Metal1,518.1690,131.7010,1.200000
FILLER_30_1057,VDD,Metal1,514.8090,131.7010,1.200000
FILLER_30_1050,VDD,Metal1,511.4490,131.7010,1.200000
FILLER_30_1043,VDD,Metal1,508.0890,131.7010,1.200000
FILLER_30_1036,VDD,Metal1,504.7290,131.7010,1.200000
FILLER_30_1029,VDD,Metal1,501.3690,131.7010,1.200000
FILLER_30_1022,VDD,Metal1,498.0090,131.7010,1.200000
FILLER_30_1015,VDD,Metal1,494.6490,131.7010,1.200000
FILLER_30_1008,VDD,Metal1,491.2890,131.7010,1.200000
FILLER_30_1001,VDD,Metal1,487.9290,131.7010,1.200000
FILLER_30_994,VDD,Metal1,484.5690,131.7010,1.200000
FILLER_30_987,VDD,Metal1,481.2090,131.7010,1.200000
FILLER_30_980,VDD,Metal1,477.8490,131.7010,1.200000
FILLER_30_973,VDD,Metal1,474.4890,131.7010,1.200000
FILLER_30_966,VDD,Metal1,471.1290,131.7010,1.200000
FILLER_30_959,VDD,Metal1,467.7690,131.7010,1.200000
FILLER_30_952,VDD,Metal1,464.4090,131.7010,1.200000
FILLER_30_945,VDD,Metal1,461.0490,131.7010,1.200000
FILLER_30_938,VDD,Metal1,457.6890,131.7010,1.200000
FILLER_30_931,VDD,Metal1,454.3290,131.7010,1.200000
FILLER_30_924,VDD,Metal1,450.9690,131.7010,1.200000
FILLER_30_917,VDD,Metal1,447.6090,131.7010,1.200000
FILLER_30_910,VDD,Metal1,444.2490,131.7010,1.200000
FILLER_30_903,VDD,Metal1,440.8890,131.7010,1.200000
FILLER_30_896,VDD,Metal1,437.5290,131.7010,1.200000
FILLER_30_889,VDD,Metal1,434.1690,131.7010,1.200000
FILLER_30_882,VDD,Metal1,430.8090,131.7010,1.200000
FILLER_30_875,VDD,Metal1,427.4490,131.7010,1.200000
FILLER_30_868,VDD,Metal1,424.0890,131.7010,1.200000
FILLER_30_861,VDD,Metal1,420.7290,131.7010,1.200000
FILLER_30_854,VDD,Metal1,417.3690,131.7010,1.200000
FILLER_30_847,VDD,Metal1,414.0090,131.7010,1.200000
FILLER_30_840,VDD,Metal1,410.6490,131.7010,1.200000
FILLER_30_833,VDD,Metal1,407.2890,131.7010,1.200000
FILLER_30_826,VDD,Metal1,403.9290,131.7010,1.200000
FILLER_30_819,VDD,Metal1,400.5690,131.7010,1.200000
FILLER_30_812,VDD,Metal1,397.2090,131.7010,1.200000
FILLER_30_805,VDD,Metal1,393.8490,131.7010,1.200000
FILLER_30_798,VDD,Metal1,390.4890,131.7010,1.200000
FILLER_30_791,VDD,Metal1,387.1290,131.7010,1.200000
FILLER_30_784,VDD,Metal1,383.7690,131.7010,1.200000
FILLER_30_777,VDD,Metal1,380.4090,131.7010,1.200000
FILLER_30_770,VDD,Metal1,377.0490,131.7010,1.200000
FILLER_30_763,VDD,Metal1,373.6890,131.7010,1.200000
FILLER_30_756,VDD,Metal1,370.3290,131.7010,1.200000
FILLER_30_749,VDD,Metal1,366.9690,131.7010,1.200000
FILLER_30_742,VDD,Metal1,363.6090,131.7010,1.200000
FILLER_30_735,VDD,Metal1,360.2490,131.7010,1.200000
FILLER_30_728,VDD,Metal1,356.8890,131.7010,1.200000
FILLER_30_721,VDD,Metal1,353.5290,131.7010,1.200000
FILLER_30_714,VDD,Metal1,350.1690,131.7010,1.200000
FILLER_30_707,VDD,Metal1,346.8090,131.7010,1.200000
FILLER_30_700,VDD,Metal1,343.4490,131.7010,1.200000
FILLER_30_693,VDD,Metal1,340.0890,131.7010,1.200000
FILLER_30_686,VDD,Metal1,336.7290,131.7010,1.200000
FILLER_30_679,VDD,Metal1,333.3690,131.7010,1.200000
FILLER_30_672,VDD,Metal1,330.0090,131.7010,1.200000
FILLER_30_665,VDD,Metal1,326.6490,131.7010,1.200000
FILLER_30_658,VDD,Metal1,323.2890,131.7010,1.200000
FILLER_30_651,VDD,Metal1,319.9290,131.7010,1.200000
FILLER_30_644,VDD,Metal1,316.5690,131.7010,1.200000
FILLER_30_637,VDD,Metal1,313.2090,131.7010,1.200000
FILLER_30_630,VDD,Metal1,309.8490,131.7010,1.200000
FILLER_30_623,VDD,Metal1,306.4890,131.7010,1.200000
FILLER_30_616,VDD,Metal1,303.1290,131.7010,1.200000
FILLER_30_609,VDD,Metal1,299.7690,131.7010,1.200000
FILLER_30_602,VDD,Metal1,296.4090,131.7010,1.200000
FILLER_30_595,VDD,Metal1,293.0490,131.7010,1.200000
FILLER_30_588,VDD,Metal1,289.6890,131.7010,1.200000
FILLER_30_581,VDD,Metal1,286.3290,131.7010,1.200000
FILLER_30_574,VDD,Metal1,282.9690,131.7010,1.200000
FILLER_30_567,VDD,Metal1,279.6090,131.7010,1.200000
FILLER_30_560,VDD,Metal1,276.2490,131.7010,1.200000
FILLER_30_553,VDD,Metal1,272.8890,131.7010,1.200000
FILLER_30_546,VDD,Metal1,269.5290,131.7010,1.200000
FILLER_30_539,VDD,Metal1,266.1690,131.7010,1.200000
FILLER_30_532,VDD,Metal1,262.8090,131.7010,1.200000
FILLER_30_525,VDD,Metal1,259.4490,131.7010,1.200000
FILLER_30_518,VDD,Metal1,256.0890,131.7010,1.200000
FILLER_30_511,VDD,Metal1,252.7290,131.7010,1.200000
FILLER_30_504,VDD,Metal1,249.3690,131.7010,1.200000
FILLER_30_497,VDD,Metal1,246.0090,131.7010,1.200000
FILLER_30_490,VDD,Metal1,242.6490,131.7010,1.200000
FILLER_30_483,VDD,Metal1,239.2890,131.7010,1.200000
FILLER_30_476,VDD,Metal1,235.9290,131.7010,1.200000
FILLER_30_469,VDD,Metal1,232.5690,131.7010,1.200000
FILLER_30_462,VDD,Metal1,229.2090,131.7010,1.200000
FILLER_30_455,VDD,Metal1,225.8490,131.7010,1.200000
FILLER_30_448,VDD,Metal1,222.4890,131.7010,1.200000
FILLER_30_441,VDD,Metal1,219.1290,131.7010,1.200000
FILLER_30_434,VDD,Metal1,215.7690,131.7010,1.200000
FILLER_30_427,VDD,Metal1,212.4090,131.7010,1.200000
FILLER_30_420,VDD,Metal1,209.0490,131.7010,1.200000
FILLER_30_413,VDD,Metal1,205.6890,131.7010,1.200000
FILLER_30_406,VDD,Metal1,202.3290,131.7010,1.200000
FILLER_30_399,VDD,Metal1,198.9690,131.7010,1.200000
FILLER_30_392,VDD,Metal1,195.6090,131.7010,1.200000
FILLER_30_385,VDD,Metal1,192.2490,131.7010,1.200000
FILLER_30_378,VDD,Metal1,188.8890,131.7010,1.200000
FILLER_30_371,VDD,Metal1,185.5290,131.7010,1.200000
FILLER_30_364,VDD,Metal1,182.1690,131.7010,1.200000
FILLER_30_357,VDD,Metal1,178.8090,131.7010,1.200000
FILLER_30_350,VDD,Metal1,175.4490,131.7010,1.200000
FILLER_30_343,VDD,Metal1,172.0890,131.7010,1.200000
FILLER_30_336,VDD,Metal1,168.7290,131.7010,1.200000
FILLER_30_329,VDD,Metal1,165.3690,131.7010,1.200000
FILLER_30_322,VDD,Metal1,162.0090,131.7010,1.200000
FILLER_30_315,VDD,Metal1,158.6490,131.7010,1.200000
FILLER_30_308,VDD,Metal1,155.2890,131.7010,1.200000
FILLER_30_301,VDD,Metal1,151.9290,131.7010,1.200000
FILLER_30_294,VDD,Metal1,148.5690,131.7010,1.200000
FILLER_30_287,VDD,Metal1,145.2090,131.7010,1.200000
FILLER_30_280,VDD,Metal1,141.8490,131.7010,1.200000
FILLER_30_273,VDD,Metal1,138.4890,131.7010,1.200000
FILLER_30_266,VDD,Metal1,135.1290,131.7010,1.200000
FILLER_30_259,VDD,Metal1,131.7690,131.7010,1.200000
FILLER_30_252,VDD,Metal1,128.4090,131.7010,1.200000
FILLER_30_245,VDD,Metal1,125.0490,131.7010,1.200000
FILLER_30_238,VDD,Metal1,121.6890,131.7010,1.200000
FILLER_30_231,VDD,Metal1,118.3290,131.7010,1.200000
FILLER_30_224,VDD,Metal1,114.9690,131.7010,1.200000
FILLER_30_217,VDD,Metal1,111.6090,131.7010,1.200000
FILLER_30_210,VDD,Metal1,108.2490,131.7010,1.200000
FILLER_30_203,VDD,Metal1,104.8890,131.7010,1.200000
FILLER_30_196,VDD,Metal1,101.5290,131.7010,1.200000
FILLER_30_189,VDD,Metal1,98.1690,131.7010,1.200000
FILLER_30_182,VDD,Metal1,94.8090,131.7010,1.200000
FILLER_30_175,VDD,Metal1,91.4490,131.7010,1.200000
FILLER_30_168,VDD,Metal1,88.0890,131.7010,1.200000
FILLER_30_161,VDD,Metal1,84.7290,131.7010,1.200000
FILLER_30_154,VDD,Metal1,81.3690,131.7010,1.200000
FILLER_30_147,VDD,Metal1,78.0090,131.7010,1.200000
FILLER_30_140,VDD,Metal1,74.6490,131.7010,1.200000
FILLER_30_133,VDD,Metal1,71.2890,131.7010,1.200000
FILLER_30_126,VDD,Metal1,67.9290,131.7010,1.200000
FILLER_30_119,VDD,Metal1,64.5690,131.7010,1.200000
FILLER_30_112,VDD,Metal1,61.2090,131.7010,1.200000
FILLER_30_105,VDD,Metal1,57.8490,131.7010,1.200000
FILLER_30_98,VDD,Metal1,54.4890,131.7010,1.200000
FILLER_30_91,VDD,Metal1,51.1290,131.7010,1.200000
FILLER_30_84,VDD,Metal1,47.7690,131.7010,1.200000
FILLER_30_77,VDD,Metal1,44.4090,131.7010,1.200000
FILLER_30_70,VDD,Metal1,41.0490,131.7010,1.200000
FILLER_30_63,VDD,Metal1,37.6890,131.7010,1.200000
FILLER_30_56,VDD,Metal1,34.3290,131.7010,1.200000
FILLER_30_49,VDD,Metal1,30.9690,131.7010,1.200000
FILLER_30_42,VDD,Metal1,27.6090,131.7010,1.200000
FILLER_30_35,VDD,Metal1,24.2490,131.7010,1.200000
FILLER_30_28,VDD,Metal1,20.8890,131.7010,1.200000
FILLER_30_21,VDD,Metal1,17.5290,131.7010,1.200000
FILLER_30_14,VDD,Metal1,14.1690,131.7010,1.200000
FILLER_30_7,VDD,Metal1,10.8090,131.7010,1.200000
FILLER_30_0,VDD,Metal1,7.4490,131.7010,1.200000
FILLER_29_1099,VDD,Metal1,533.7600,124.7400,1.200000
FILLER_29_1092,VDD,Metal1,531.6090,125.3380,1.200000
FILLER_29_1085,VDD,Metal1,528.2490,125.3380,1.200000
FILLER_29_1078,VDD,Metal1,524.8890,125.3380,1.200000
FILLER_29_1071,VDD,Metal1,521.5290,125.3380,1.200000
FILLER_29_1064,VDD,Metal1,518.1690,125.3380,1.200000
FILLER_29_1057,VDD,Metal1,514.8090,125.3380,1.200000
FILLER_29_1050,VDD,Metal1,511.4490,125.3380,1.200000
FILLER_29_1043,VDD,Metal1,508.0890,125.3380,1.200000
FILLER_29_1036,VDD,Metal1,504.7290,125.3380,1.200000
FILLER_29_1029,VDD,Metal1,501.3690,125.3380,1.200000
FILLER_29_1022,VDD,Metal1,498.0090,125.3380,1.200000
FILLER_29_1015,VDD,Metal1,494.6490,125.3380,1.200000
FILLER_29_1008,VDD,Metal1,491.2890,125.3380,1.200000
FILLER_29_1001,VDD,Metal1,487.9290,125.3380,1.200000
FILLER_29_994,VDD,Metal1,484.5690,125.3380,1.200000
FILLER_29_987,VDD,Metal1,481.2090,125.3380,1.200000
FILLER_29_980,VDD,Metal1,477.8490,125.3380,1.200000
FILLER_29_973,VDD,Metal1,474.4890,125.3380,1.200000
FILLER_29_966,VDD,Metal1,471.1290,125.3380,1.200000
FILLER_29_959,VDD,Metal1,467.7690,125.3380,1.200000
FILLER_29_952,VDD,Metal1,464.4090,125.3380,1.200000
FILLER_29_945,VDD,Metal1,461.0490,125.3380,1.200000
FILLER_29_938,VDD,Metal1,457.6890,125.3380,1.200000
FILLER_29_931,VDD,Metal1,454.3290,125.3380,1.200000
FILLER_29_924,VDD,Metal1,450.9690,125.3380,1.200000
FILLER_29_917,VDD,Metal1,447.6090,125.3380,1.200000
FILLER_29_910,VDD,Metal1,444.2490,125.3380,1.200000
FILLER_29_903,VDD,Metal1,440.8890,125.3380,1.200000
FILLER_29_896,VDD,Metal1,437.5290,125.3380,1.200000
FILLER_29_889,VDD,Metal1,434.1690,125.3380,1.200000
FILLER_29_882,VDD,Metal1,430.8090,125.3380,1.200000
FILLER_29_875,VDD,Metal1,427.4490,125.3380,1.200000
FILLER_29_868,VDD,Metal1,424.0890,125.3380,1.200000
FILLER_29_861,VDD,Metal1,420.7290,125.3380,1.200000
FILLER_29_854,VDD,Metal1,417.3690,125.3380,1.200000
FILLER_29_847,VDD,Metal1,414.0090,125.3380,1.200000
FILLER_29_840,VDD,Metal1,410.6490,125.3380,1.200000
FILLER_29_833,VDD,Metal1,407.2890,125.3380,1.200000
FILLER_29_826,VDD,Metal1,403.9290,125.3380,1.200000
FILLER_29_819,VDD,Metal1,400.5690,125.3380,1.200000
FILLER_29_812,VDD,Metal1,397.2090,125.3380,1.200000
FILLER_29_805,VDD,Metal1,393.8490,125.3380,1.200000
FILLER_29_798,VDD,Metal1,390.4890,125.3380,1.200000
FILLER_29_791,VDD,Metal1,387.1290,125.3380,1.200000
FILLER_29_784,VDD,Metal1,383.7690,125.3380,1.200000
FILLER_29_777,VDD,Metal1,380.4090,125.3380,1.200000
FILLER_29_770,VDD,Metal1,377.0490,125.3380,1.200000
FILLER_29_763,VDD,Metal1,373.6890,125.3380,1.200000
FILLER_29_756,VDD,Metal1,370.3290,125.3380,1.200000
FILLER_29_749,VDD,Metal1,366.9690,125.3380,1.200000
FILLER_29_742,VDD,Metal1,363.6090,125.3380,1.200000
FILLER_29_735,VDD,Metal1,360.2490,125.3380,1.200000
FILLER_29_728,VDD,Metal1,356.8890,125.3380,1.200000
FILLER_29_721,VDD,Metal1,353.5290,125.3380,1.200000
FILLER_29_714,VDD,Metal1,350.1690,125.3380,1.200000
FILLER_29_707,VDD,Metal1,346.8090,125.3380,1.200000
FILLER_29_700,VDD,Metal1,343.4490,125.3380,1.200000
FILLER_29_693,VDD,Metal1,340.0890,125.3380,1.200000
FILLER_29_686,VDD,Metal1,336.7290,125.3380,1.200000
FILLER_29_679,VDD,Metal1,333.3690,125.3380,1.200000
FILLER_29_672,VDD,Metal1,330.0090,125.3380,1.200000
FILLER_29_665,VDD,Metal1,326.6490,125.3380,1.200000
FILLER_29_658,VDD,Metal1,323.2890,125.3380,1.200000
FILLER_29_651,VDD,Metal1,319.9290,125.3380,1.200000
FILLER_29_644,VDD,Metal1,316.5690,125.3380,1.200000
FILLER_29_637,VDD,Metal1,313.2090,125.3380,1.200000
FILLER_29_630,VDD,Metal1,309.8490,125.3380,1.200000
FILLER_29_623,VDD,Metal1,306.4890,125.3380,1.200000
FILLER_29_616,VDD,Metal1,303.1290,125.3380,1.200000
FILLER_29_609,VDD,Metal1,299.7690,125.3380,1.200000
FILLER_29_602,VDD,Metal1,296.4090,125.3380,1.200000
FILLER_29_595,VDD,Metal1,293.0490,125.3380,1.200000
FILLER_29_588,VDD,Metal1,289.6890,125.3380,1.200000
FILLER_29_581,VDD,Metal1,286.3290,125.3380,1.200000
FILLER_29_574,VDD,Metal1,282.9690,125.3380,1.200000
FILLER_29_567,VDD,Metal1,279.6090,125.3380,1.200000
FILLER_29_560,VDD,Metal1,276.2490,125.3380,1.200000
FILLER_29_553,VDD,Metal1,272.8890,125.3380,1.200000
FILLER_29_546,VDD,Metal1,269.5290,125.3380,1.200000
FILLER_29_539,VDD,Metal1,266.1690,125.3380,1.200000
FILLER_29_532,VDD,Metal1,262.8090,125.3380,1.200000
FILLER_29_525,VDD,Metal1,259.4490,125.3380,1.200000
FILLER_29_518,VDD,Metal1,256.0890,125.3380,1.200000
FILLER_29_511,VDD,Metal1,252.7290,125.3380,1.200000
FILLER_29_504,VDD,Metal1,249.3690,125.3380,1.200000
FILLER_29_497,VDD,Metal1,246.0090,125.3380,1.200000
FILLER_29_490,VDD,Metal1,242.6490,125.3380,1.200000
FILLER_29_483,VDD,Metal1,239.2890,125.3380,1.200000
FILLER_29_476,VDD,Metal1,235.9290,125.3380,1.200000
FILLER_29_469,VDD,Metal1,232.5690,125.3380,1.200000
FILLER_29_462,VDD,Metal1,229.2090,125.3380,1.200000
FILLER_29_455,VDD,Metal1,225.8490,125.3380,1.200000
FILLER_29_448,VDD,Metal1,222.4890,125.3380,1.200000
FILLER_29_441,VDD,Metal1,219.1290,125.3380,1.200000
FILLER_29_434,VDD,Metal1,215.7690,125.3380,1.200000
FILLER_29_427,VDD,Metal1,212.4090,125.3380,1.200000
FILLER_29_420,VDD,Metal1,209.0490,125.3380,1.200000
FILLER_29_413,VDD,Metal1,205.6890,125.3380,1.200000
FILLER_29_406,VDD,Metal1,202.3290,125.3380,1.200000
FILLER_29_399,VDD,Metal1,198.9690,125.3380,1.200000
FILLER_29_392,VDD,Metal1,195.6090,125.3380,1.200000
FILLER_29_385,VDD,Metal1,192.2490,125.3380,1.200000
FILLER_29_378,VDD,Metal1,188.8890,125.3380,1.200000
FILLER_29_371,VDD,Metal1,185.5290,125.3380,1.200000
FILLER_29_364,VDD,Metal1,182.1690,125.3380,1.200000
FILLER_29_357,VDD,Metal1,178.8090,125.3380,1.200000
FILLER_29_350,VDD,Metal1,175.4490,125.3380,1.200000
FILLER_29_343,VDD,Metal1,172.0890,125.3380,1.200000
FILLER_29_336,VDD,Metal1,168.7290,125.3380,1.200000
FILLER_29_329,VDD,Metal1,165.3690,125.3380,1.200000
FILLER_29_322,VDD,Metal1,162.0090,125.3380,1.200000
FILLER_29_315,VDD,Metal1,158.6490,125.3380,1.200000
FILLER_29_308,VDD,Metal1,155.2890,125.3380,1.200000
FILLER_29_301,VDD,Metal1,151.9290,125.3380,1.200000
FILLER_29_294,VDD,Metal1,148.5690,125.3380,1.200000
FILLER_29_287,VDD,Metal1,145.2090,125.3380,1.200000
FILLER_29_280,VDD,Metal1,141.8490,125.3380,1.200000
FILLER_29_273,VDD,Metal1,138.4890,125.3380,1.200000
FILLER_29_266,VDD,Metal1,135.1290,125.3380,1.200000
FILLER_29_259,VDD,Metal1,131.7690,125.3380,1.200000
FILLER_29_252,VDD,Metal1,128.4090,125.3380,1.200000
FILLER_29_245,VDD,Metal1,125.0490,125.3380,1.200000
FILLER_29_238,VDD,Metal1,121.6890,125.3380,1.200000
FILLER_29_231,VDD,Metal1,118.3290,125.3380,1.200000
FILLER_29_224,VDD,Metal1,114.9690,125.3380,1.200000
FILLER_29_217,VDD,Metal1,111.6090,125.3380,1.200000
FILLER_29_210,VDD,Metal1,108.2490,125.3380,1.200000
FILLER_29_203,VDD,Metal1,104.8890,125.3380,1.200000
FILLER_29_196,VDD,Metal1,101.5290,125.3380,1.200000
FILLER_29_189,VDD,Metal1,98.1690,125.3380,1.200000
FILLER_29_182,VDD,Metal1,94.8090,125.3380,1.200000
FILLER_29_175,VDD,Metal1,91.4490,125.3380,1.200000
FILLER_29_168,VDD,Metal1,88.0890,125.3380,1.200000
FILLER_29_161,VDD,Metal1,84.7290,125.3380,1.200000
FILLER_29_154,VDD,Metal1,81.3690,125.3380,1.200000
FILLER_29_147,VDD,Metal1,78.0090,125.3380,1.200000
FILLER_29_140,VDD,Metal1,74.6490,125.3380,1.200000
FILLER_29_133,VDD,Metal1,71.2890,125.3380,1.200000
FILLER_29_126,VDD,Metal1,67.9290,125.3380,1.200000
FILLER_29_119,VDD,Metal1,64.5690,125.3380,1.200000
FILLER_29_112,VDD,Metal1,61.2090,125.3380,1.200000
FILLER_29_105,VDD,Metal1,57.8490,125.3380,1.200000
FILLER_29_98,VDD,Metal1,54.4890,125.3380,1.200000
FILLER_29_91,VDD,Metal1,51.1290,125.3380,1.200000
FILLER_29_84,VDD,Metal1,47.7690,125.3380,1.200000
FILLER_29_77,VDD,Metal1,44.4090,125.3380,1.200000
FILLER_29_70,VDD,Metal1,41.0490,125.3380,1.200000
FILLER_29_63,VDD,Metal1,37.6890,125.3380,1.200000
FILLER_29_56,VDD,Metal1,34.3290,125.3380,1.200000
FILLER_29_49,VDD,Metal1,30.9690,125.3380,1.200000
FILLER_29_42,VDD,Metal1,27.6090,125.3380,1.200000
FILLER_29_35,VDD,Metal1,24.2490,125.3380,1.200000
FILLER_29_28,VDD,Metal1,20.8890,125.3380,1.200000
FILLER_29_21,VDD,Metal1,17.5290,125.3380,1.200000
FILLER_29_14,VDD,Metal1,14.1690,125.3380,1.200000
FILLER_29_7,VDD,Metal1,10.8090,125.3380,1.200000
FILLER_29_0,VDD,Metal1,7.4490,125.3380,1.200000
FILLER_28_1099,VDD,Metal1,533.7600,124.7400,1.200000
FILLER_28_1092,VDD,Metal1,531.6090,124.1410,1.200000
FILLER_28_1085,VDD,Metal1,528.2490,124.1410,1.200000
FILLER_28_1078,VDD,Metal1,524.8890,124.1410,1.200000
FILLER_28_1071,VDD,Metal1,521.5290,124.1410,1.200000
FILLER_28_1064,VDD,Metal1,518.1690,124.1410,1.200000
FILLER_28_1057,VDD,Metal1,514.8090,124.1410,1.200000
FILLER_28_1050,VDD,Metal1,511.4490,124.1410,1.200000
FILLER_28_1043,VDD,Metal1,508.0890,124.1410,1.200000
FILLER_28_1036,VDD,Metal1,504.7290,124.1410,1.200000
FILLER_28_1029,VDD,Metal1,501.3690,124.1410,1.200000
FILLER_28_1022,VDD,Metal1,498.0090,124.1410,1.200000
FILLER_28_1015,VDD,Metal1,494.6490,124.1410,1.200000
FILLER_28_1008,VDD,Metal1,491.2890,124.1410,1.200000
FILLER_28_1001,VDD,Metal1,487.9290,124.1410,1.200000
FILLER_28_994,VDD,Metal1,484.5690,124.1410,1.200000
FILLER_28_987,VDD,Metal1,481.2090,124.1410,1.200000
FILLER_28_980,VDD,Metal1,477.8490,124.1410,1.200000
FILLER_28_973,VDD,Metal1,474.4890,124.1410,1.200000
FILLER_28_966,VDD,Metal1,471.1290,124.1410,1.200000
FILLER_28_959,VDD,Metal1,467.7690,124.1410,1.200000
FILLER_28_952,VDD,Metal1,464.4090,124.1410,1.200000
FILLER_28_945,VDD,Metal1,461.0490,124.1410,1.200000
FILLER_28_938,VDD,Metal1,457.6890,124.1410,1.200000
FILLER_28_931,VDD,Metal1,454.3290,124.1410,1.200000
FILLER_28_924,VDD,Metal1,450.9690,124.1410,1.200000
FILLER_28_917,VDD,Metal1,447.6090,124.1410,1.200000
FILLER_28_910,VDD,Metal1,444.2490,124.1410,1.200000
FILLER_28_903,VDD,Metal1,440.8890,124.1410,1.200000
FILLER_28_896,VDD,Metal1,437.5290,124.1410,1.200000
FILLER_28_889,VDD,Metal1,434.1690,124.1410,1.200000
FILLER_28_882,VDD,Metal1,430.8090,124.1410,1.200000
FILLER_28_875,VDD,Metal1,427.4490,124.1410,1.200000
FILLER_28_868,VDD,Metal1,424.0890,124.1410,1.200000
FILLER_28_861,VDD,Metal1,420.7290,124.1410,1.200000
FILLER_28_854,VDD,Metal1,417.3690,124.1410,1.200000
FILLER_28_847,VDD,Metal1,414.0090,124.1410,1.200000
FILLER_28_840,VDD,Metal1,410.6490,124.1410,1.200000
FILLER_28_833,VDD,Metal1,407.2890,124.1410,1.200000
FILLER_28_826,VDD,Metal1,403.9290,124.1410,1.200000
FILLER_28_819,VDD,Metal1,400.5690,124.1410,1.200000
FILLER_28_812,VDD,Metal1,397.2090,124.1410,1.200000
FILLER_28_805,VDD,Metal1,393.8490,124.1410,1.200000
FILLER_28_798,VDD,Metal1,390.4890,124.1410,1.200000
FILLER_28_791,VDD,Metal1,387.1290,124.1410,1.200000
FILLER_28_784,VDD,Metal1,383.7690,124.1410,1.200000
FILLER_28_777,VDD,Metal1,380.4090,124.1410,1.200000
FILLER_28_770,VDD,Metal1,377.0490,124.1410,1.200000
FILLER_28_763,VDD,Metal1,373.6890,124.1410,1.200000
FILLER_28_756,VDD,Metal1,370.3290,124.1410,1.200000
FILLER_28_749,VDD,Metal1,366.9690,124.1410,1.200000
FILLER_28_742,VDD,Metal1,363.6090,124.1410,1.200000
FILLER_28_735,VDD,Metal1,360.2490,124.1410,1.200000
FILLER_28_728,VDD,Metal1,356.8890,124.1410,1.200000
FILLER_28_721,VDD,Metal1,353.5290,124.1410,1.200000
FILLER_28_714,VDD,Metal1,350.1690,124.1410,1.200000
FILLER_28_707,VDD,Metal1,346.8090,124.1410,1.200000
FILLER_28_700,VDD,Metal1,343.4490,124.1410,1.200000
FILLER_28_693,VDD,Metal1,340.0890,124.1410,1.200000
FILLER_28_686,VDD,Metal1,336.7290,124.1410,1.200000
FILLER_28_679,VDD,Metal1,333.3690,124.1410,1.200000
FILLER_28_672,VDD,Metal1,330.0090,124.1410,1.200000
FILLER_28_665,VDD,Metal1,326.6490,124.1410,1.200000
FILLER_28_658,VDD,Metal1,323.2890,124.1410,1.200000
FILLER_28_651,VDD,Metal1,319.9290,124.1410,1.200000
FILLER_28_644,VDD,Metal1,316.5690,124.1410,1.200000
FILLER_28_637,VDD,Metal1,313.2090,124.1410,1.200000
FILLER_28_630,VDD,Metal1,309.8490,124.1410,1.200000
FILLER_28_623,VDD,Metal1,306.4890,124.1410,1.200000
FILLER_28_616,VDD,Metal1,303.1290,124.1410,1.200000
FILLER_28_609,VDD,Metal1,299.7690,124.1410,1.200000
FILLER_28_602,VDD,Metal1,296.4090,124.1410,1.200000
FILLER_28_595,VDD,Metal1,293.0490,124.1410,1.200000
FILLER_28_588,VDD,Metal1,289.6890,124.1410,1.200000
FILLER_28_581,VDD,Metal1,286.3290,124.1410,1.200000
FILLER_28_574,VDD,Metal1,282.9690,124.1410,1.200000
FILLER_28_567,VDD,Metal1,279.6090,124.1410,1.200000
FILLER_28_560,VDD,Metal1,276.2490,124.1410,1.200000
FILLER_28_553,VDD,Metal1,272.8890,124.1410,1.200000
FILLER_28_546,VDD,Metal1,269.5290,124.1410,1.200000
FILLER_28_539,VDD,Metal1,266.1690,124.1410,1.200000
FILLER_28_532,VDD,Metal1,262.8090,124.1410,1.200000
FILLER_28_525,VDD,Metal1,259.4490,124.1410,1.200000
FILLER_28_518,VDD,Metal1,256.0890,124.1410,1.200000
FILLER_28_511,VDD,Metal1,252.7290,124.1410,1.200000
FILLER_28_504,VDD,Metal1,249.3690,124.1410,1.200000
FILLER_28_497,VDD,Metal1,246.0090,124.1410,1.200000
FILLER_28_490,VDD,Metal1,242.6490,124.1410,1.200000
FILLER_28_483,VDD,Metal1,239.2890,124.1410,1.200000
FILLER_28_476,VDD,Metal1,235.9290,124.1410,1.200000
FILLER_28_469,VDD,Metal1,232.5690,124.1410,1.200000
FILLER_28_462,VDD,Metal1,229.2090,124.1410,1.200000
FILLER_28_455,VDD,Metal1,225.8490,124.1410,1.200000
FILLER_28_448,VDD,Metal1,222.4890,124.1410,1.200000
FILLER_28_441,VDD,Metal1,219.1290,124.1410,1.200000
FILLER_28_434,VDD,Metal1,215.7690,124.1410,1.200000
FILLER_28_427,VDD,Metal1,212.4090,124.1410,1.200000
FILLER_28_420,VDD,Metal1,209.0490,124.1410,1.200000
FILLER_28_413,VDD,Metal1,205.6890,124.1410,1.200000
FILLER_28_406,VDD,Metal1,202.3290,124.1410,1.200000
FILLER_28_399,VDD,Metal1,198.9690,124.1410,1.200000
FILLER_28_392,VDD,Metal1,195.6090,124.1410,1.200000
FILLER_28_385,VDD,Metal1,192.2490,124.1410,1.200000
FILLER_28_378,VDD,Metal1,188.8890,124.1410,1.200000
FILLER_28_371,VDD,Metal1,185.5290,124.1410,1.200000
FILLER_28_364,VDD,Metal1,182.1690,124.1410,1.200000
FILLER_28_357,VDD,Metal1,178.8090,124.1410,1.200000
FILLER_28_350,VDD,Metal1,175.4490,124.1410,1.200000
FILLER_28_343,VDD,Metal1,172.0890,124.1410,1.200000
FILLER_28_336,VDD,Metal1,168.7290,124.1410,1.200000
FILLER_28_329,VDD,Metal1,165.3690,124.1410,1.200000
FILLER_28_322,VDD,Metal1,162.0090,124.1410,1.200000
FILLER_28_315,VDD,Metal1,158.6490,124.1410,1.200000
FILLER_28_308,VDD,Metal1,155.2890,124.1410,1.200000
FILLER_28_301,VDD,Metal1,151.9290,124.1410,1.200000
FILLER_28_294,VDD,Metal1,148.5690,124.1410,1.200000
FILLER_28_287,VDD,Metal1,145.2090,124.1410,1.200000
FILLER_28_280,VDD,Metal1,141.8490,124.1410,1.200000
FILLER_28_273,VDD,Metal1,138.4890,124.1410,1.200000
FILLER_28_266,VDD,Metal1,135.1290,124.1410,1.200000
FILLER_28_259,VDD,Metal1,131.7690,124.1410,1.200000
FILLER_28_252,VDD,Metal1,128.4090,124.1410,1.200000
FILLER_28_245,VDD,Metal1,125.0490,124.1410,1.200000
FILLER_28_238,VDD,Metal1,121.6890,124.1410,1.200000
FILLER_28_231,VDD,Metal1,118.3290,124.1410,1.200000
FILLER_28_224,VDD,Metal1,114.9690,124.1410,1.200000
FILLER_28_217,VDD,Metal1,111.6090,124.1410,1.200000
FILLER_28_210,VDD,Metal1,108.2490,124.1410,1.200000
FILLER_28_203,VDD,Metal1,104.8890,124.1410,1.200000
FILLER_28_196,VDD,Metal1,101.5290,124.1410,1.200000
FILLER_28_189,VDD,Metal1,98.1690,124.1410,1.200000
FILLER_28_182,VDD,Metal1,94.8090,124.1410,1.200000
FILLER_28_175,VDD,Metal1,91.4490,124.1410,1.200000
FILLER_28_168,VDD,Metal1,88.0890,124.1410,1.200000
FILLER_28_161,VDD,Metal1,84.7290,124.1410,1.200000
FILLER_28_154,VDD,Metal1,81.3690,124.1410,1.200000
FILLER_28_147,VDD,Metal1,78.0090,124.1410,1.200000
FILLER_28_140,VDD,Metal1,74.6490,124.1410,1.200000
FILLER_28_133,VDD,Metal1,71.2890,124.1410,1.200000
FILLER_28_126,VDD,Metal1,67.9290,124.1410,1.200000
FILLER_28_119,VDD,Metal1,64.5690,124.1410,1.200000
FILLER_28_112,VDD,Metal1,61.2090,124.1410,1.200000
FILLER_28_105,VDD,Metal1,57.8490,124.1410,1.200000
FILLER_28_98,VDD,Metal1,54.4890,124.1410,1.200000
FILLER_28_91,VDD,Metal1,51.1290,124.1410,1.200000
FILLER_28_84,VDD,Metal1,47.7690,124.1410,1.200000
FILLER_28_77,VDD,Metal1,44.4090,124.1410,1.200000
FILLER_28_70,VDD,Metal1,41.0490,124.1410,1.200000
FILLER_28_63,VDD,Metal1,37.6890,124.1410,1.200000
FILLER_28_56,VDD,Metal1,34.3290,124.1410,1.200000
FILLER_28_49,VDD,Metal1,30.9690,124.1410,1.200000
FILLER_28_42,VDD,Metal1,27.6090,124.1410,1.200000
FILLER_28_35,VDD,Metal1,24.2490,124.1410,1.200000
FILLER_28_28,VDD,Metal1,20.8890,124.1410,1.200000
FILLER_28_21,VDD,Metal1,17.5290,124.1410,1.200000
FILLER_28_14,VDD,Metal1,14.1690,124.1410,1.200000
FILLER_28_7,VDD,Metal1,10.8090,124.1410,1.200000
FILLER_28_0,VDD,Metal1,7.4490,124.1410,1.200000
FILLER_27_1099,VDD,Metal1,533.7600,117.1800,1.200000
FILLER_27_1092,VDD,Metal1,531.6090,117.7780,1.200000
FILLER_27_1085,VDD,Metal1,528.2490,117.7780,1.200000
FILLER_27_1078,VDD,Metal1,524.8890,117.7780,1.200000
FILLER_27_1071,VDD,Metal1,521.5290,117.7780,1.200000
FILLER_27_1064,VDD,Metal1,518.1690,117.7780,1.200000
FILLER_27_1057,VDD,Metal1,514.8090,117.7780,1.200000
FILLER_27_1050,VDD,Metal1,511.4490,117.7780,1.200000
FILLER_27_1043,VDD,Metal1,508.0890,117.7780,1.200000
FILLER_27_1036,VDD,Metal1,504.7290,117.7780,1.200000
FILLER_27_1029,VDD,Metal1,501.3690,117.7780,1.200000
FILLER_27_1022,VDD,Metal1,498.0090,117.7780,1.200000
FILLER_27_1015,VDD,Metal1,494.6490,117.7780,1.200000
FILLER_27_1008,VDD,Metal1,491.2890,117.7780,1.200000
FILLER_27_1001,VDD,Metal1,487.9290,117.7780,1.200000
FILLER_27_994,VDD,Metal1,484.5690,117.7780,1.200000
FILLER_27_987,VDD,Metal1,481.2090,117.7780,1.200000
FILLER_27_980,VDD,Metal1,477.8490,117.7780,1.200000
FILLER_27_973,VDD,Metal1,474.4890,117.7780,1.200000
FILLER_27_966,VDD,Metal1,471.1290,117.7780,1.200000
FILLER_27_959,VDD,Metal1,467.7690,117.7780,1.200000
FILLER_27_952,VDD,Metal1,464.4090,117.7780,1.200000
FILLER_27_945,VDD,Metal1,461.0490,117.7780,1.200000
FILLER_27_938,VDD,Metal1,457.6890,117.7780,1.200000
FILLER_27_931,VDD,Metal1,454.3290,117.7780,1.200000
FILLER_27_924,VDD,Metal1,450.9690,117.7780,1.200000
FILLER_27_917,VDD,Metal1,447.6090,117.7780,1.200000
FILLER_27_910,VDD,Metal1,444.2490,117.7780,1.200000
FILLER_27_903,VDD,Metal1,440.8890,117.7780,1.200000
FILLER_27_896,VDD,Metal1,437.5290,117.7780,1.200000
FILLER_27_889,VDD,Metal1,434.1690,117.7780,1.200000
FILLER_27_882,VDD,Metal1,430.8090,117.7780,1.200000
FILLER_27_875,VDD,Metal1,427.4490,117.7780,1.200000
FILLER_27_868,VDD,Metal1,424.0890,117.7780,1.200000
FILLER_27_861,VDD,Metal1,420.7290,117.7780,1.200000
FILLER_27_854,VDD,Metal1,417.3690,117.7780,1.200000
FILLER_27_847,VDD,Metal1,414.0090,117.7780,1.200000
FILLER_27_840,VDD,Metal1,410.6490,117.7780,1.200000
FILLER_27_833,VDD,Metal1,407.2890,117.7780,1.200000
FILLER_27_826,VDD,Metal1,403.9290,117.7780,1.200000
FILLER_27_819,VDD,Metal1,400.5690,117.7780,1.200000
FILLER_27_812,VDD,Metal1,397.2090,117.7780,1.200000
FILLER_27_805,VDD,Metal1,393.8490,117.7780,1.200000
FILLER_27_798,VDD,Metal1,390.4890,117.7780,1.200000
FILLER_27_791,VDD,Metal1,387.1290,117.7780,1.200000
FILLER_27_784,VDD,Metal1,383.7690,117.7780,1.200000
FILLER_27_777,VDD,Metal1,380.4090,117.7780,1.200000
FILLER_27_770,VDD,Metal1,377.0490,117.7780,1.200000
FILLER_27_763,VDD,Metal1,373.6890,117.7780,1.200000
FILLER_27_756,VDD,Metal1,370.3290,117.7780,1.200000
FILLER_27_749,VDD,Metal1,366.9690,117.7780,1.200000
FILLER_27_742,VDD,Metal1,363.6090,117.7780,1.200000
FILLER_27_735,VDD,Metal1,360.2490,117.7780,1.200000
FILLER_27_728,VDD,Metal1,356.8890,117.7780,1.200000
FILLER_27_721,VDD,Metal1,353.5290,117.7780,1.200000
FILLER_27_714,VDD,Metal1,350.1690,117.7780,1.200000
FILLER_27_707,VDD,Metal1,346.8090,117.7780,1.200000
FILLER_27_700,VDD,Metal1,343.4490,117.7780,1.200000
FILLER_27_693,VDD,Metal1,340.0890,117.7780,1.200000
FILLER_27_686,VDD,Metal1,336.7290,117.7780,1.200000
FILLER_27_679,VDD,Metal1,333.3690,117.7780,1.200000
FILLER_27_672,VDD,Metal1,330.0090,117.7780,1.200000
FILLER_27_665,VDD,Metal1,326.6490,117.7780,1.200000
FILLER_27_658,VDD,Metal1,323.2890,117.7780,1.200000
FILLER_27_651,VDD,Metal1,319.9290,117.7780,1.200000
FILLER_27_644,VDD,Metal1,316.5690,117.7780,1.200000
FILLER_27_637,VDD,Metal1,313.2090,117.7780,1.200000
FILLER_27_630,VDD,Metal1,309.8490,117.7780,1.200000
FILLER_27_623,VDD,Metal1,306.4890,117.7780,1.200000
FILLER_27_616,VDD,Metal1,303.1290,117.7780,1.200000
FILLER_27_609,VDD,Metal1,299.7690,117.7780,1.200000
FILLER_27_602,VDD,Metal1,296.4090,117.7780,1.200000
FILLER_27_595,VDD,Metal1,293.0490,117.7780,1.200000
FILLER_27_588,VDD,Metal1,289.6890,117.7780,1.200000
FILLER_27_581,VDD,Metal1,286.3290,117.7780,1.200000
FILLER_27_574,VDD,Metal1,282.9690,117.7780,1.200000
FILLER_27_567,VDD,Metal1,279.6090,117.7780,1.200000
FILLER_27_560,VDD,Metal1,276.2490,117.7780,1.200000
FILLER_27_553,VDD,Metal1,272.8890,117.7780,1.200000
FILLER_27_546,VDD,Metal1,269.5290,117.7780,1.200000
FILLER_27_539,VDD,Metal1,266.1690,117.7780,1.200000
FILLER_27_532,VDD,Metal1,262.8090,117.7780,1.200000
FILLER_27_525,VDD,Metal1,259.4490,117.7780,1.200000
FILLER_27_518,VDD,Metal1,256.0890,117.7780,1.200000
FILLER_27_511,VDD,Metal1,252.7290,117.7780,1.200000
FILLER_27_504,VDD,Metal1,249.3690,117.7780,1.200000
FILLER_27_497,VDD,Metal1,246.0090,117.7780,1.200000
FILLER_27_490,VDD,Metal1,242.6490,117.7780,1.200000
FILLER_27_483,VDD,Metal1,239.2890,117.7780,1.200000
FILLER_27_476,VDD,Metal1,235.9290,117.7780,1.200000
FILLER_27_469,VDD,Metal1,232.5690,117.7780,1.200000
FILLER_27_462,VDD,Metal1,229.2090,117.7780,1.200000
FILLER_27_455,VDD,Metal1,225.8490,117.7780,1.200000
FILLER_27_448,VDD,Metal1,222.4890,117.7780,1.200000
FILLER_27_441,VDD,Metal1,219.1290,117.7780,1.200000
FILLER_27_434,VDD,Metal1,215.7690,117.7780,1.200000
FILLER_27_427,VDD,Metal1,212.4090,117.7780,1.200000
FILLER_27_420,VDD,Metal1,209.0490,117.7780,1.200000
FILLER_27_413,VDD,Metal1,205.6890,117.7780,1.200000
FILLER_27_406,VDD,Metal1,202.3290,117.7780,1.200000
FILLER_27_399,VDD,Metal1,198.9690,117.7780,1.200000
FILLER_27_392,VDD,Metal1,195.6090,117.7780,1.200000
FILLER_27_385,VDD,Metal1,192.2490,117.7780,1.200000
FILLER_27_378,VDD,Metal1,188.8890,117.7780,1.200000
FILLER_27_371,VDD,Metal1,185.5290,117.7780,1.200000
FILLER_27_364,VDD,Metal1,182.1690,117.7780,1.200000
FILLER_27_357,VDD,Metal1,178.8090,117.7780,1.200000
FILLER_27_350,VDD,Metal1,175.4490,117.7780,1.200000
FILLER_27_343,VDD,Metal1,172.0890,117.7780,1.200000
FILLER_27_336,VDD,Metal1,168.7290,117.7780,1.200000
FILLER_27_329,VDD,Metal1,165.3690,117.7780,1.200000
FILLER_27_322,VDD,Metal1,162.0090,117.7780,1.200000
FILLER_27_315,VDD,Metal1,158.6490,117.7780,1.200000
FILLER_27_308,VDD,Metal1,155.2890,117.7780,1.200000
FILLER_27_301,VDD,Metal1,151.9290,117.7780,1.200000
FILLER_27_294,VDD,Metal1,148.5690,117.7780,1.200000
FILLER_27_287,VDD,Metal1,145.2090,117.7780,1.200000
FILLER_27_280,VDD,Metal1,141.8490,117.7780,1.200000
FILLER_27_273,VDD,Metal1,138.4890,117.7780,1.200000
FILLER_27_266,VDD,Metal1,135.1290,117.7780,1.200000
FILLER_27_259,VDD,Metal1,131.7690,117.7780,1.200000
FILLER_27_252,VDD,Metal1,128.4090,117.7780,1.200000
FILLER_27_245,VDD,Metal1,125.0490,117.7780,1.200000
FILLER_27_238,VDD,Metal1,121.6890,117.7780,1.200000
FILLER_27_231,VDD,Metal1,118.3290,117.7780,1.200000
FILLER_27_224,VDD,Metal1,114.9690,117.7780,1.200000
FILLER_27_217,VDD,Metal1,111.6090,117.7780,1.200000
FILLER_27_210,VDD,Metal1,108.2490,117.7780,1.200000
FILLER_27_203,VDD,Metal1,104.8890,117.7780,1.200000
FILLER_27_196,VDD,Metal1,101.5290,117.7780,1.200000
FILLER_27_189,VDD,Metal1,98.1690,117.7780,1.200000
FILLER_27_182,VDD,Metal1,94.8090,117.7780,1.200000
FILLER_27_175,VDD,Metal1,91.4490,117.7780,1.200000
FILLER_27_168,VDD,Metal1,88.0890,117.7780,1.200000
FILLER_27_161,VDD,Metal1,84.7290,117.7780,1.200000
FILLER_27_154,VDD,Metal1,81.3690,117.7780,1.200000
FILLER_27_147,VDD,Metal1,78.0090,117.7780,1.200000
FILLER_27_140,VDD,Metal1,74.6490,117.7780,1.200000
FILLER_27_133,VDD,Metal1,71.2890,117.7780,1.200000
FILLER_27_126,VDD,Metal1,67.9290,117.7780,1.200000
FILLER_27_119,VDD,Metal1,64.5690,117.7780,1.200000
FILLER_27_112,VDD,Metal1,61.2090,117.7780,1.200000
FILLER_27_105,VDD,Metal1,57.8490,117.7780,1.200000
FILLER_27_98,VDD,Metal1,54.4890,117.7780,1.200000
FILLER_27_91,VDD,Metal1,51.1290,117.7780,1.200000
FILLER_27_84,VDD,Metal1,47.7690,117.7780,1.200000
FILLER_27_77,VDD,Metal1,44.4090,117.7780,1.200000
FILLER_27_70,VDD,Metal1,41.0490,117.7780,1.200000
FILLER_27_63,VDD,Metal1,37.6890,117.7780,1.200000
FILLER_27_56,VDD,Metal1,34.3290,117.7780,1.200000
FILLER_27_49,VDD,Metal1,30.9690,117.7780,1.200000
FILLER_27_42,VDD,Metal1,27.6090,117.7780,1.200000
FILLER_27_35,VDD,Metal1,24.2490,117.7780,1.200000
FILLER_27_28,VDD,Metal1,20.8890,117.7780,1.200000
FILLER_27_21,VDD,Metal1,17.5290,117.7780,1.200000
FILLER_27_14,VDD,Metal1,14.1690,117.7780,1.200000
FILLER_27_7,VDD,Metal1,10.8090,117.7780,1.200000
FILLER_27_0,VDD,Metal1,7.4490,117.7780,1.200000
FILLER_26_1099,VDD,Metal1,533.7600,117.1800,1.200000
FILLER_26_1092,VDD,Metal1,531.6090,116.5810,1.200000
FILLER_26_1085,VDD,Metal1,528.2490,116.5810,1.200000
FILLER_26_1078,VDD,Metal1,524.8890,116.5810,1.200000
FILLER_26_1071,VDD,Metal1,521.5290,116.5810,1.200000
FILLER_26_1064,VDD,Metal1,518.1690,116.5810,1.200000
FILLER_26_1057,VDD,Metal1,514.8090,116.5810,1.200000
FILLER_26_1050,VDD,Metal1,511.4490,116.5810,1.200000
FILLER_26_1043,VDD,Metal1,508.0890,116.5810,1.200000
FILLER_26_1036,VDD,Metal1,504.7290,116.5810,1.200000
FILLER_26_1029,VDD,Metal1,501.3690,116.5810,1.200000
FILLER_26_1022,VDD,Metal1,498.0090,116.5810,1.200000
FILLER_26_1015,VDD,Metal1,494.6490,116.5810,1.200000
FILLER_26_1008,VDD,Metal1,491.2890,116.5810,1.200000
FILLER_26_1001,VDD,Metal1,487.9290,116.5810,1.200000
FILLER_26_994,VDD,Metal1,484.5690,116.5810,1.200000
FILLER_26_987,VDD,Metal1,481.2090,116.5810,1.200000
FILLER_26_980,VDD,Metal1,477.8490,116.5810,1.200000
FILLER_26_973,VDD,Metal1,474.4890,116.5810,1.200000
FILLER_26_966,VDD,Metal1,471.1290,116.5810,1.200000
FILLER_26_959,VDD,Metal1,467.7690,116.5810,1.200000
FILLER_26_952,VDD,Metal1,464.4090,116.5810,1.200000
FILLER_26_945,VDD,Metal1,461.0490,116.5810,1.200000
FILLER_26_938,VDD,Metal1,457.6890,116.5810,1.200000
FILLER_26_931,VDD,Metal1,454.3290,116.5810,1.200000
FILLER_26_924,VDD,Metal1,450.9690,116.5810,1.200000
FILLER_26_917,VDD,Metal1,447.6090,116.5810,1.200000
FILLER_26_910,VDD,Metal1,444.2490,116.5810,1.200000
FILLER_26_903,VDD,Metal1,440.8890,116.5810,1.200000
FILLER_26_896,VDD,Metal1,437.5290,116.5810,1.200000
FILLER_26_889,VDD,Metal1,434.1690,116.5810,1.200000
FILLER_26_882,VDD,Metal1,430.8090,116.5810,1.200000
FILLER_26_875,VDD,Metal1,427.4490,116.5810,1.200000
FILLER_26_868,VDD,Metal1,424.0890,116.5810,1.200000
FILLER_26_861,VDD,Metal1,420.7290,116.5810,1.200000
FILLER_26_854,VDD,Metal1,417.3690,116.5810,1.200000
FILLER_26_847,VDD,Metal1,414.0090,116.5810,1.200000
FILLER_26_840,VDD,Metal1,410.6490,116.5810,1.200000
FILLER_26_833,VDD,Metal1,407.2890,116.5810,1.200000
FILLER_26_826,VDD,Metal1,403.9290,116.5810,1.200000
FILLER_26_819,VDD,Metal1,400.5690,116.5810,1.200000
FILLER_26_812,VDD,Metal1,397.2090,116.5810,1.200000
FILLER_26_805,VDD,Metal1,393.8490,116.5810,1.200000
FILLER_26_798,VDD,Metal1,390.4890,116.5810,1.200000
FILLER_26_791,VDD,Metal1,387.1290,116.5810,1.200000
FILLER_26_784,VDD,Metal1,383.7690,116.5810,1.200000
FILLER_26_777,VDD,Metal1,380.4090,116.5810,1.200000
FILLER_26_770,VDD,Metal1,377.0490,116.5810,1.200000
FILLER_26_763,VDD,Metal1,373.6890,116.5810,1.200000
FILLER_26_756,VDD,Metal1,370.3290,116.5810,1.200000
FILLER_26_749,VDD,Metal1,366.9690,116.5810,1.200000
FILLER_26_742,VDD,Metal1,363.6090,116.5810,1.200000
FILLER_26_735,VDD,Metal1,360.2490,116.5810,1.200000
FILLER_26_728,VDD,Metal1,356.8890,116.5810,1.200000
FILLER_26_721,VDD,Metal1,353.5290,116.5810,1.200000
FILLER_26_714,VDD,Metal1,350.1690,116.5810,1.200000
FILLER_26_707,VDD,Metal1,346.8090,116.5810,1.200000
FILLER_26_700,VDD,Metal1,343.4490,116.5810,1.200000
FILLER_26_693,VDD,Metal1,340.0890,116.5810,1.200000
FILLER_26_686,VDD,Metal1,336.7290,116.5810,1.200000
FILLER_26_679,VDD,Metal1,333.3690,116.5810,1.200000
FILLER_26_672,VDD,Metal1,330.0090,116.5810,1.200000
FILLER_26_665,VDD,Metal1,326.6490,116.5810,1.200000
FILLER_26_658,VDD,Metal1,323.2890,116.5810,1.200000
FILLER_26_651,VDD,Metal1,319.9290,116.5810,1.200000
FILLER_26_644,VDD,Metal1,316.5690,116.5810,1.200000
FILLER_26_637,VDD,Metal1,313.2090,116.5810,1.200000
FILLER_26_630,VDD,Metal1,309.8490,116.5810,1.200000
FILLER_26_623,VDD,Metal1,306.4890,116.5810,1.200000
FILLER_26_616,VDD,Metal1,303.1290,116.5810,1.200000
FILLER_26_609,VDD,Metal1,299.7690,116.5810,1.200000
FILLER_26_602,VDD,Metal1,296.4090,116.5810,1.200000
FILLER_26_595,VDD,Metal1,293.0490,116.5810,1.200000
FILLER_26_588,VDD,Metal1,289.6890,116.5810,1.200000
FILLER_26_581,VDD,Metal1,286.3290,116.5810,1.200000
FILLER_26_574,VDD,Metal1,282.9690,116.5810,1.200000
FILLER_26_567,VDD,Metal1,279.6090,116.5810,1.200000
FILLER_26_560,VDD,Metal1,276.2490,116.5810,1.200000
FILLER_26_553,VDD,Metal1,272.8890,116.5810,1.200000
FILLER_26_546,VDD,Metal1,269.5290,116.5810,1.200000
FILLER_26_539,VDD,Metal1,266.1690,116.5810,1.200000
FILLER_26_532,VDD,Metal1,262.8090,116.5810,1.200000
FILLER_26_525,VDD,Metal1,259.4490,116.5810,1.200000
FILLER_26_518,VDD,Metal1,256.0890,116.5810,1.200000
FILLER_26_511,VDD,Metal1,252.7290,116.5810,1.200000
FILLER_26_504,VDD,Metal1,249.3690,116.5810,1.200000
FILLER_26_497,VDD,Metal1,246.0090,116.5810,1.200000
FILLER_26_490,VDD,Metal1,242.6490,116.5810,1.200000
FILLER_26_483,VDD,Metal1,239.2890,116.5810,1.200000
FILLER_26_476,VDD,Metal1,235.9290,116.5810,1.200000
FILLER_26_469,VDD,Metal1,232.5690,116.5810,1.200000
FILLER_26_462,VDD,Metal1,229.2090,116.5810,1.200000
FILLER_26_455,VDD,Metal1,225.8490,116.5810,1.200000
FILLER_26_448,VDD,Metal1,222.4890,116.5810,1.200000
FILLER_26_441,VDD,Metal1,219.1290,116.5810,1.200000
FILLER_26_434,VDD,Metal1,215.7690,116.5810,1.200000
FILLER_26_427,VDD,Metal1,212.4090,116.5810,1.200000
FILLER_26_420,VDD,Metal1,209.0490,116.5810,1.200000
FILLER_26_413,VDD,Metal1,205.6890,116.5810,1.200000
FILLER_26_406,VDD,Metal1,202.3290,116.5810,1.200000
FILLER_26_399,VDD,Metal1,198.9690,116.5810,1.200000
FILLER_26_392,VDD,Metal1,195.6090,116.5810,1.200000
FILLER_26_385,VDD,Metal1,192.2490,116.5810,1.200000
FILLER_26_378,VDD,Metal1,188.8890,116.5810,1.200000
FILLER_26_371,VDD,Metal1,185.5290,116.5810,1.200000
FILLER_26_364,VDD,Metal1,182.1690,116.5810,1.200000
FILLER_26_357,VDD,Metal1,178.8090,116.5810,1.200000
FILLER_26_350,VDD,Metal1,175.4490,116.5810,1.200000
FILLER_26_343,VDD,Metal1,172.0890,116.5810,1.200000
FILLER_26_336,VDD,Metal1,168.7290,116.5810,1.200000
FILLER_26_329,VDD,Metal1,165.3690,116.5810,1.200000
FILLER_26_322,VDD,Metal1,162.0090,116.5810,1.200000
FILLER_26_315,VDD,Metal1,158.6490,116.5810,1.200000
FILLER_26_308,VDD,Metal1,155.2890,116.5810,1.200000
FILLER_26_301,VDD,Metal1,151.9290,116.5810,1.200000
FILLER_26_294,VDD,Metal1,148.5690,116.5810,1.200000
FILLER_26_287,VDD,Metal1,145.2090,116.5810,1.200000
FILLER_26_280,VDD,Metal1,141.8490,116.5810,1.200000
FILLER_26_273,VDD,Metal1,138.4890,116.5810,1.200000
FILLER_26_266,VDD,Metal1,135.1290,116.5810,1.200000
FILLER_26_259,VDD,Metal1,131.7690,116.5810,1.200000
FILLER_26_252,VDD,Metal1,128.4090,116.5810,1.200000
FILLER_26_245,VDD,Metal1,125.0490,116.5810,1.200000
FILLER_26_238,VDD,Metal1,121.6890,116.5810,1.200000
FILLER_26_231,VDD,Metal1,118.3290,116.5810,1.200000
FILLER_26_224,VDD,Metal1,114.9690,116.5810,1.200000
FILLER_26_217,VDD,Metal1,111.6090,116.5810,1.200000
FILLER_26_210,VDD,Metal1,108.2490,116.5810,1.200000
FILLER_26_203,VDD,Metal1,104.8890,116.5810,1.200000
FILLER_26_196,VDD,Metal1,101.5290,116.5810,1.200000
FILLER_26_189,VDD,Metal1,98.1690,116.5810,1.200000
FILLER_26_182,VDD,Metal1,94.8090,116.5810,1.200000
FILLER_26_175,VDD,Metal1,91.4490,116.5810,1.200000
FILLER_26_168,VDD,Metal1,88.0890,116.5810,1.200000
FILLER_26_161,VDD,Metal1,84.7290,116.5810,1.200000
FILLER_26_154,VDD,Metal1,81.3690,116.5810,1.200000
FILLER_26_147,VDD,Metal1,78.0090,116.5810,1.200000
FILLER_26_140,VDD,Metal1,74.6490,116.5810,1.200000
FILLER_26_133,VDD,Metal1,71.2890,116.5810,1.200000
FILLER_26_126,VDD,Metal1,67.9290,116.5810,1.200000
FILLER_26_119,VDD,Metal1,64.5690,116.5810,1.200000
FILLER_26_112,VDD,Metal1,61.2090,116.5810,1.200000
FILLER_26_105,VDD,Metal1,57.8490,116.5810,1.200000
FILLER_26_98,VDD,Metal1,54.4890,116.5810,1.200000
FILLER_26_91,VDD,Metal1,51.1290,116.5810,1.200000
FILLER_26_84,VDD,Metal1,47.7690,116.5810,1.200000
FILLER_26_77,VDD,Metal1,44.4090,116.5810,1.200000
FILLER_26_70,VDD,Metal1,41.0490,116.5810,1.200000
FILLER_26_63,VDD,Metal1,37.6890,116.5810,1.200000
FILLER_26_56,VDD,Metal1,34.3290,116.5810,1.200000
FILLER_26_49,VDD,Metal1,30.9690,116.5810,1.200000
FILLER_26_42,VDD,Metal1,27.6090,116.5810,1.200000
FILLER_26_35,VDD,Metal1,24.2490,116.5810,1.200000
FILLER_26_28,VDD,Metal1,20.8890,116.5810,1.200000
FILLER_26_21,VDD,Metal1,17.5290,116.5810,1.200000
FILLER_26_14,VDD,Metal1,14.1690,116.5810,1.200000
FILLER_26_7,VDD,Metal1,10.8090,116.5810,1.200000
FILLER_26_0,VDD,Metal1,7.4490,116.5810,1.200000
FILLER_25_1099,VDD,Metal1,533.7600,109.6200,1.200000
FILLER_25_1092,VDD,Metal1,531.6090,110.2180,1.200000
FILLER_25_1085,VDD,Metal1,528.2490,110.2180,1.200000
FILLER_25_1078,VDD,Metal1,524.8890,110.2180,1.200000
FILLER_25_1071,VDD,Metal1,521.5290,110.2180,1.200000
FILLER_25_1064,VDD,Metal1,518.1690,110.2180,1.200000
FILLER_25_1057,VDD,Metal1,514.8090,110.2180,1.200000
FILLER_25_1050,VDD,Metal1,511.4490,110.2180,1.200000
FILLER_25_1043,VDD,Metal1,508.0890,110.2180,1.200000
FILLER_25_1036,VDD,Metal1,504.7290,110.2180,1.200000
FILLER_25_1029,VDD,Metal1,501.3690,110.2180,1.200000
FILLER_25_1022,VDD,Metal1,498.0090,110.2180,1.200000
FILLER_25_1015,VDD,Metal1,494.6490,110.2180,1.200000
FILLER_25_1008,VDD,Metal1,491.2890,110.2180,1.200000
FILLER_25_1001,VDD,Metal1,487.9290,110.2180,1.200000
FILLER_25_994,VDD,Metal1,484.5690,110.2180,1.200000
FILLER_25_987,VDD,Metal1,481.2090,110.2180,1.200000
FILLER_25_980,VDD,Metal1,477.8490,110.2180,1.200000
FILLER_25_973,VDD,Metal1,474.4890,110.2180,1.200000
FILLER_25_966,VDD,Metal1,471.1290,110.2180,1.200000
FILLER_25_959,VDD,Metal1,467.7690,110.2180,1.200000
FILLER_25_952,VDD,Metal1,464.4090,110.2180,1.200000
FILLER_25_945,VDD,Metal1,461.0490,110.2180,1.200000
FILLER_25_938,VDD,Metal1,457.6890,110.2180,1.200000
FILLER_25_931,VDD,Metal1,454.3290,110.2180,1.200000
FILLER_25_924,VDD,Metal1,450.9690,110.2180,1.200000
FILLER_25_917,VDD,Metal1,447.6090,110.2180,1.200000
FILLER_25_910,VDD,Metal1,444.2490,110.2180,1.200000
FILLER_25_903,VDD,Metal1,440.8890,110.2180,1.200000
FILLER_25_896,VDD,Metal1,437.5290,110.2180,1.200000
FILLER_25_889,VDD,Metal1,434.1690,110.2180,1.200000
FILLER_25_882,VDD,Metal1,430.8090,110.2180,1.200000
FILLER_25_875,VDD,Metal1,427.4490,110.2180,1.200000
FILLER_25_868,VDD,Metal1,424.0890,110.2180,1.200000
FILLER_25_861,VDD,Metal1,420.7290,110.2180,1.200000
FILLER_25_854,VDD,Metal1,417.3690,110.2180,1.200000
FILLER_25_847,VDD,Metal1,414.0090,110.2180,1.200000
FILLER_25_840,VDD,Metal1,410.6490,110.2180,1.200000
FILLER_25_833,VDD,Metal1,407.2890,110.2180,1.200000
FILLER_25_826,VDD,Metal1,403.9290,110.2180,1.200000
FILLER_25_819,VDD,Metal1,400.5690,110.2180,1.200000
FILLER_25_812,VDD,Metal1,397.2090,110.2180,1.200000
FILLER_25_805,VDD,Metal1,393.8490,110.2180,1.200000
FILLER_25_798,VDD,Metal1,390.4890,110.2180,1.200000
FILLER_25_791,VDD,Metal1,387.1290,110.2180,1.200000
FILLER_25_784,VDD,Metal1,383.7690,110.2180,1.200000
FILLER_25_777,VDD,Metal1,380.4090,110.2180,1.200000
FILLER_25_770,VDD,Metal1,377.0490,110.2180,1.200000
FILLER_25_763,VDD,Metal1,373.6890,110.2180,1.200000
FILLER_25_756,VDD,Metal1,370.3290,110.2180,1.200000
FILLER_25_749,VDD,Metal1,366.9690,110.2180,1.200000
FILLER_25_742,VDD,Metal1,363.6090,110.2180,1.200000
FILLER_25_735,VDD,Metal1,360.2490,110.2180,1.200000
FILLER_25_728,VDD,Metal1,356.8890,110.2180,1.200000
FILLER_25_721,VDD,Metal1,353.5290,110.2180,1.200000
FILLER_25_714,VDD,Metal1,350.1690,110.2180,1.200000
FILLER_25_707,VDD,Metal1,346.8090,110.2180,1.200000
FILLER_25_700,VDD,Metal1,343.4490,110.2180,1.200000
FILLER_25_693,VDD,Metal1,340.0890,110.2180,1.200000
FILLER_25_686,VDD,Metal1,336.7290,110.2180,1.200000
FILLER_25_679,VDD,Metal1,333.3690,110.2180,1.200000
FILLER_25_672,VDD,Metal1,330.0090,110.2180,1.200000
FILLER_25_665,VDD,Metal1,326.6490,110.2180,1.200000
FILLER_25_658,VDD,Metal1,323.2890,110.2180,1.200000
FILLER_25_651,VDD,Metal1,319.9290,110.2180,1.200000
FILLER_25_644,VDD,Metal1,316.5690,110.2180,1.200000
FILLER_25_637,VDD,Metal1,313.2090,110.2180,1.200000
FILLER_25_630,VDD,Metal1,309.8490,110.2180,1.200000
FILLER_25_623,VDD,Metal1,306.4890,110.2180,1.200000
FILLER_25_616,VDD,Metal1,303.1290,110.2180,1.200000
FILLER_25_609,VDD,Metal1,299.7690,110.2180,1.200000
FILLER_25_602,VDD,Metal1,296.4090,110.2180,1.200000
FILLER_25_595,VDD,Metal1,293.0490,110.2180,1.200000
FILLER_25_588,VDD,Metal1,289.6890,110.2180,1.200000
FILLER_25_581,VDD,Metal1,286.3290,110.2180,1.200000
FILLER_25_574,VDD,Metal1,282.9690,110.2180,1.200000
FILLER_25_567,VDD,Metal1,279.6090,110.2180,1.200000
FILLER_25_560,VDD,Metal1,276.2490,110.2180,1.200000
FILLER_25_553,VDD,Metal1,272.8890,110.2180,1.200000
FILLER_25_546,VDD,Metal1,269.5290,110.2180,1.200000
FILLER_25_539,VDD,Metal1,266.1690,110.2180,1.200000
FILLER_25_532,VDD,Metal1,262.8090,110.2180,1.200000
FILLER_25_525,VDD,Metal1,259.4490,110.2180,1.200000
FILLER_25_518,VDD,Metal1,256.0890,110.2180,1.200000
FILLER_25_511,VDD,Metal1,252.7290,110.2180,1.200000
FILLER_25_504,VDD,Metal1,249.3690,110.2180,1.200000
FILLER_25_497,VDD,Metal1,246.0090,110.2180,1.200000
FILLER_25_490,VDD,Metal1,242.6490,110.2180,1.200000
FILLER_25_483,VDD,Metal1,239.2890,110.2180,1.200000
FILLER_25_476,VDD,Metal1,235.9290,110.2180,1.200000
FILLER_25_469,VDD,Metal1,232.5690,110.2180,1.200000
FILLER_25_462,VDD,Metal1,229.2090,110.2180,1.200000
FILLER_25_455,VDD,Metal1,225.8490,110.2180,1.200000
FILLER_25_448,VDD,Metal1,222.4890,110.2180,1.200000
FILLER_25_441,VDD,Metal1,219.1290,110.2180,1.200000
FILLER_25_434,VDD,Metal1,215.7690,110.2180,1.200000
FILLER_25_427,VDD,Metal1,212.4090,110.2180,1.200000
FILLER_25_420,VDD,Metal1,209.0490,110.2180,1.200000
FILLER_25_413,VDD,Metal1,205.6890,110.2180,1.200000
FILLER_25_406,VDD,Metal1,202.3290,110.2180,1.200000
FILLER_25_399,VDD,Metal1,198.9690,110.2180,1.200000
FILLER_25_392,VDD,Metal1,195.6090,110.2180,1.200000
FILLER_25_385,VDD,Metal1,192.2490,110.2180,1.200000
FILLER_25_378,VDD,Metal1,188.8890,110.2180,1.200000
FILLER_25_371,VDD,Metal1,185.5290,110.2180,1.200000
FILLER_25_364,VDD,Metal1,182.1690,110.2180,1.200000
FILLER_25_357,VDD,Metal1,178.8090,110.2180,1.200000
FILLER_25_350,VDD,Metal1,175.4490,110.2180,1.200000
FILLER_25_343,VDD,Metal1,172.0890,110.2180,1.200000
FILLER_25_336,VDD,Metal1,168.7290,110.2180,1.200000
FILLER_25_329,VDD,Metal1,165.3690,110.2180,1.200000
FILLER_25_322,VDD,Metal1,162.0090,110.2180,1.200000
FILLER_25_315,VDD,Metal1,158.6490,110.2180,1.200000
FILLER_25_308,VDD,Metal1,155.2890,110.2180,1.200000
FILLER_25_301,VDD,Metal1,151.9290,110.2180,1.200000
FILLER_25_294,VDD,Metal1,148.5690,110.2180,1.200000
FILLER_25_287,VDD,Metal1,145.2090,110.2180,1.200000
FILLER_25_280,VDD,Metal1,141.8490,110.2180,1.200000
FILLER_25_273,VDD,Metal1,138.4890,110.2180,1.200000
FILLER_25_266,VDD,Metal1,135.1290,110.2180,1.200000
FILLER_25_259,VDD,Metal1,131.7690,110.2180,1.200000
FILLER_25_252,VDD,Metal1,128.4090,110.2180,1.200000
FILLER_25_245,VDD,Metal1,125.0490,110.2180,1.200000
FILLER_25_238,VDD,Metal1,121.6890,110.2180,1.200000
FILLER_25_231,VDD,Metal1,118.3290,110.2180,1.200000
FILLER_25_224,VDD,Metal1,114.9690,110.2180,1.200000
FILLER_25_217,VDD,Metal1,111.6090,110.2180,1.200000
FILLER_25_210,VDD,Metal1,108.2490,110.2180,1.200000
FILLER_25_203,VDD,Metal1,104.8890,110.2180,1.200000
FILLER_25_196,VDD,Metal1,101.5290,110.2180,1.200000
FILLER_25_189,VDD,Metal1,98.1690,110.2180,1.200000
FILLER_25_182,VDD,Metal1,94.8090,110.2180,1.200000
FILLER_25_175,VDD,Metal1,91.4490,110.2180,1.200000
FILLER_25_168,VDD,Metal1,88.0890,110.2180,1.200000
FILLER_25_161,VDD,Metal1,84.7290,110.2180,1.200000
FILLER_25_154,VDD,Metal1,81.3690,110.2180,1.200000
FILLER_25_147,VDD,Metal1,78.0090,110.2180,1.200000
FILLER_25_140,VDD,Metal1,74.6490,110.2180,1.200000
FILLER_25_133,VDD,Metal1,71.2890,110.2180,1.200000
FILLER_25_126,VDD,Metal1,67.9290,110.2180,1.200000
FILLER_25_119,VDD,Metal1,64.5690,110.2180,1.200000
FILLER_25_112,VDD,Metal1,61.2090,110.2180,1.200000
FILLER_25_105,VDD,Metal1,57.8490,110.2180,1.200000
FILLER_25_98,VDD,Metal1,54.4890,110.2180,1.200000
FILLER_25_91,VDD,Metal1,51.1290,110.2180,1.200000
FILLER_25_84,VDD,Metal1,47.7690,110.2180,1.200000
FILLER_25_77,VDD,Metal1,44.4090,110.2180,1.200000
FILLER_25_70,VDD,Metal1,41.0490,110.2180,1.200000
FILLER_25_63,VDD,Metal1,37.6890,110.2180,1.200000
FILLER_25_56,VDD,Metal1,34.3290,110.2180,1.200000
FILLER_25_49,VDD,Metal1,30.9690,110.2180,1.200000
FILLER_25_42,VDD,Metal1,27.6090,110.2180,1.200000
FILLER_25_35,VDD,Metal1,24.2490,110.2180,1.200000
FILLER_25_28,VDD,Metal1,20.8890,110.2180,1.200000
FILLER_25_21,VDD,Metal1,17.5290,110.2180,1.200000
FILLER_25_14,VDD,Metal1,14.1690,110.2180,1.200000
FILLER_25_7,VDD,Metal1,10.8090,110.2180,1.200000
FILLER_25_0,VDD,Metal1,7.4490,110.2180,1.200000
FILLER_24_1099,VDD,Metal1,533.7600,109.6200,1.200000
FILLER_24_1092,VDD,Metal1,531.6090,109.0210,1.200000
FILLER_24_1085,VDD,Metal1,528.2490,109.0210,1.200000
FILLER_24_1078,VDD,Metal1,524.8890,109.0210,1.200000
FILLER_24_1071,VDD,Metal1,521.5290,109.0210,1.200000
FILLER_24_1064,VDD,Metal1,518.1690,109.0210,1.200000
FILLER_24_1057,VDD,Metal1,514.8090,109.0210,1.200000
FILLER_24_1050,VDD,Metal1,511.4490,109.0210,1.200000
FILLER_24_1043,VDD,Metal1,508.0890,109.0210,1.200000
FILLER_24_1036,VDD,Metal1,504.7290,109.0210,1.200000
FILLER_24_1029,VDD,Metal1,501.3690,109.0210,1.200000
FILLER_24_1022,VDD,Metal1,498.0090,109.0210,1.200000
FILLER_24_1015,VDD,Metal1,494.6490,109.0210,1.200000
FILLER_24_1008,VDD,Metal1,491.2890,109.0210,1.200000
FILLER_24_1001,VDD,Metal1,487.9290,109.0210,1.200000
FILLER_24_994,VDD,Metal1,484.5690,109.0210,1.200000
FILLER_24_987,VDD,Metal1,481.2090,109.0210,1.200000
FILLER_24_980,VDD,Metal1,477.8490,109.0210,1.200000
FILLER_24_973,VDD,Metal1,474.4890,109.0210,1.200000
FILLER_24_966,VDD,Metal1,471.1290,109.0210,1.200000
FILLER_24_959,VDD,Metal1,467.7690,109.0210,1.200000
FILLER_24_952,VDD,Metal1,464.4090,109.0210,1.200000
FILLER_24_945,VDD,Metal1,461.0490,109.0210,1.200000
FILLER_24_938,VDD,Metal1,457.6890,109.0210,1.200000
FILLER_24_931,VDD,Metal1,454.3290,109.0210,1.200000
FILLER_24_924,VDD,Metal1,450.9690,109.0210,1.200000
FILLER_24_917,VDD,Metal1,447.6090,109.0210,1.200000
FILLER_24_910,VDD,Metal1,444.2490,109.0210,1.200000
FILLER_24_903,VDD,Metal1,440.8890,109.0210,1.200000
FILLER_24_896,VDD,Metal1,437.5290,109.0210,1.200000
FILLER_24_889,VDD,Metal1,434.1690,109.0210,1.200000
FILLER_24_882,VDD,Metal1,430.8090,109.0210,1.200000
FILLER_24_875,VDD,Metal1,427.4490,109.0210,1.200000
FILLER_24_868,VDD,Metal1,424.0890,109.0210,1.200000
FILLER_24_861,VDD,Metal1,420.7290,109.0210,1.200000
FILLER_24_854,VDD,Metal1,417.3690,109.0210,1.200000
FILLER_24_847,VDD,Metal1,414.0090,109.0210,1.200000
FILLER_24_840,VDD,Metal1,410.6490,109.0210,1.200000
FILLER_24_833,VDD,Metal1,407.2890,109.0210,1.200000
FILLER_24_826,VDD,Metal1,403.9290,109.0210,1.200000
FILLER_24_819,VDD,Metal1,400.5690,109.0210,1.200000
FILLER_24_812,VDD,Metal1,397.2090,109.0210,1.200000
FILLER_24_805,VDD,Metal1,393.8490,109.0210,1.200000
FILLER_24_798,VDD,Metal1,390.4890,109.0210,1.200000
FILLER_24_791,VDD,Metal1,387.1290,109.0210,1.200000
FILLER_24_784,VDD,Metal1,383.7690,109.0210,1.200000
FILLER_24_777,VDD,Metal1,380.4090,109.0210,1.200000
FILLER_24_770,VDD,Metal1,377.0490,109.0210,1.200000
FILLER_24_763,VDD,Metal1,373.6890,109.0210,1.200000
FILLER_24_756,VDD,Metal1,370.3290,109.0210,1.200000
FILLER_24_749,VDD,Metal1,366.9690,109.0210,1.200000
FILLER_24_742,VDD,Metal1,363.6090,109.0210,1.200000
FILLER_24_735,VDD,Metal1,360.2490,109.0210,1.200000
FILLER_24_728,VDD,Metal1,356.8890,109.0210,1.200000
FILLER_24_721,VDD,Metal1,353.5290,109.0210,1.200000
FILLER_24_714,VDD,Metal1,350.1690,109.0210,1.200000
FILLER_24_707,VDD,Metal1,346.8090,109.0210,1.200000
FILLER_24_700,VDD,Metal1,343.4490,109.0210,1.200000
FILLER_24_693,VDD,Metal1,340.0890,109.0210,1.200000
FILLER_24_686,VDD,Metal1,336.7290,109.0210,1.200000
FILLER_24_679,VDD,Metal1,333.3690,109.0210,1.200000
FILLER_24_672,VDD,Metal1,330.0090,109.0210,1.200000
FILLER_24_665,VDD,Metal1,326.6490,109.0210,1.200000
FILLER_24_658,VDD,Metal1,323.2890,109.0210,1.200000
FILLER_24_651,VDD,Metal1,319.9290,109.0210,1.200000
FILLER_24_644,VDD,Metal1,316.5690,109.0210,1.200000
FILLER_24_637,VDD,Metal1,313.2090,109.0210,1.200000
FILLER_24_630,VDD,Metal1,309.8490,109.0210,1.200000
FILLER_24_623,VDD,Metal1,306.4890,109.0210,1.200000
FILLER_24_616,VDD,Metal1,303.1290,109.0210,1.200000
FILLER_24_609,VDD,Metal1,299.7690,109.0210,1.200000
FILLER_24_602,VDD,Metal1,296.4090,109.0210,1.200000
FILLER_24_595,VDD,Metal1,293.0490,109.0210,1.200000
FILLER_24_588,VDD,Metal1,289.6890,109.0210,1.200000
FILLER_24_581,VDD,Metal1,286.3290,109.0210,1.200000
FILLER_24_574,VDD,Metal1,282.9690,109.0210,1.200000
FILLER_24_567,VDD,Metal1,279.6090,109.0210,1.200000
FILLER_24_560,VDD,Metal1,276.2490,109.0210,1.200000
FILLER_24_553,VDD,Metal1,272.8890,109.0210,1.200000
FILLER_24_546,VDD,Metal1,269.5290,109.0210,1.200000
FILLER_24_539,VDD,Metal1,266.1690,109.0210,1.200000
FILLER_24_532,VDD,Metal1,262.8090,109.0210,1.200000
FILLER_24_525,VDD,Metal1,259.4490,109.0210,1.200000
FILLER_24_518,VDD,Metal1,256.0890,109.0210,1.200000
FILLER_24_511,VDD,Metal1,252.7290,109.0210,1.200000
FILLER_24_504,VDD,Metal1,249.3690,109.0210,1.200000
FILLER_24_497,VDD,Metal1,246.0090,109.0210,1.200000
FILLER_24_490,VDD,Metal1,242.6490,109.0210,1.200000
FILLER_24_483,VDD,Metal1,239.2890,109.0210,1.200000
FILLER_24_476,VDD,Metal1,235.9290,109.0210,1.200000
FILLER_24_469,VDD,Metal1,232.5690,109.0210,1.200000
FILLER_24_462,VDD,Metal1,229.2090,109.0210,1.200000
FILLER_24_455,VDD,Metal1,225.8490,109.0210,1.200000
FILLER_24_448,VDD,Metal1,222.4890,109.0210,1.200000
FILLER_24_441,VDD,Metal1,219.1290,109.0210,1.200000
FILLER_24_434,VDD,Metal1,215.7690,109.0210,1.200000
FILLER_24_427,VDD,Metal1,212.4090,109.0210,1.200000
FILLER_24_420,VDD,Metal1,209.0490,109.0210,1.200000
FILLER_24_413,VDD,Metal1,205.6890,109.0210,1.200000
FILLER_24_406,VDD,Metal1,202.3290,109.0210,1.200000
FILLER_24_399,VDD,Metal1,198.9690,109.0210,1.200000
FILLER_24_392,VDD,Metal1,195.6090,109.0210,1.200000
FILLER_24_385,VDD,Metal1,192.2490,109.0210,1.200000
FILLER_24_378,VDD,Metal1,188.8890,109.0210,1.200000
FILLER_24_371,VDD,Metal1,185.5290,109.0210,1.200000
FILLER_24_364,VDD,Metal1,182.1690,109.0210,1.200000
FILLER_24_357,VDD,Metal1,178.8090,109.0210,1.200000
FILLER_24_350,VDD,Metal1,175.4490,109.0210,1.200000
FILLER_24_343,VDD,Metal1,172.0890,109.0210,1.200000
FILLER_24_336,VDD,Metal1,168.7290,109.0210,1.200000
FILLER_24_329,VDD,Metal1,165.3690,109.0210,1.200000
FILLER_24_322,VDD,Metal1,162.0090,109.0210,1.200000
FILLER_24_315,VDD,Metal1,158.6490,109.0210,1.200000
FILLER_24_308,VDD,Metal1,155.2890,109.0210,1.200000
FILLER_24_301,VDD,Metal1,151.9290,109.0210,1.200000
FILLER_24_294,VDD,Metal1,148.5690,109.0210,1.200000
FILLER_24_287,VDD,Metal1,145.2090,109.0210,1.200000
FILLER_24_280,VDD,Metal1,141.8490,109.0210,1.200000
FILLER_24_273,VDD,Metal1,138.4890,109.0210,1.200000
FILLER_24_266,VDD,Metal1,135.1290,109.0210,1.200000
FILLER_24_259,VDD,Metal1,131.7690,109.0210,1.200000
FILLER_24_252,VDD,Metal1,128.4090,109.0210,1.200000
FILLER_24_245,VDD,Metal1,125.0490,109.0210,1.200000
FILLER_24_238,VDD,Metal1,121.6890,109.0210,1.200000
FILLER_24_231,VDD,Metal1,118.3290,109.0210,1.200000
FILLER_24_224,VDD,Metal1,114.9690,109.0210,1.200000
FILLER_24_217,VDD,Metal1,111.6090,109.0210,1.200000
FILLER_24_210,VDD,Metal1,108.2490,109.0210,1.200000
FILLER_24_203,VDD,Metal1,104.8890,109.0210,1.200000
FILLER_24_196,VDD,Metal1,101.5290,109.0210,1.200000
FILLER_24_189,VDD,Metal1,98.1690,109.0210,1.200000
FILLER_24_182,VDD,Metal1,94.8090,109.0210,1.200000
FILLER_24_175,VDD,Metal1,91.4490,109.0210,1.200000
FILLER_24_168,VDD,Metal1,88.0890,109.0210,1.200000
FILLER_24_161,VDD,Metal1,84.7290,109.0210,1.200000
FILLER_24_154,VDD,Metal1,81.3690,109.0210,1.200000
FILLER_24_147,VDD,Metal1,78.0090,109.0210,1.200000
FILLER_24_140,VDD,Metal1,74.6490,109.0210,1.200000
FILLER_24_133,VDD,Metal1,71.2890,109.0210,1.200000
FILLER_24_126,VDD,Metal1,67.9290,109.0210,1.200000
FILLER_24_119,VDD,Metal1,64.5690,109.0210,1.200000
FILLER_24_112,VDD,Metal1,61.2090,109.0210,1.200000
FILLER_24_105,VDD,Metal1,57.8490,109.0210,1.200000
FILLER_24_98,VDD,Metal1,54.4890,109.0210,1.200000
FILLER_24_91,VDD,Metal1,51.1290,109.0210,1.200000
FILLER_24_84,VDD,Metal1,47.7690,109.0210,1.200000
FILLER_24_77,VDD,Metal1,44.4090,109.0210,1.200000
FILLER_24_70,VDD,Metal1,41.0490,109.0210,1.200000
FILLER_24_63,VDD,Metal1,37.6890,109.0210,1.200000
FILLER_24_56,VDD,Metal1,34.3290,109.0210,1.200000
FILLER_24_49,VDD,Metal1,30.9690,109.0210,1.200000
FILLER_24_42,VDD,Metal1,27.6090,109.0210,1.200000
FILLER_24_35,VDD,Metal1,24.2490,109.0210,1.200000
FILLER_24_28,VDD,Metal1,20.8890,109.0210,1.200000
FILLER_24_21,VDD,Metal1,17.5290,109.0210,1.200000
FILLER_24_14,VDD,Metal1,14.1690,109.0210,1.200000
FILLER_24_7,VDD,Metal1,10.8090,109.0210,1.200000
FILLER_24_0,VDD,Metal1,7.4490,109.0210,1.200000
FILLER_23_1099,VDD,Metal1,533.7600,102.0600,1.199997
FILLER_23_1092,VDD,Metal1,531.6090,102.6580,1.199997
FILLER_23_1085,VDD,Metal1,528.2490,102.6580,1.199998
FILLER_23_1078,VDD,Metal1,524.8890,102.6580,1.199998
FILLER_23_1071,VDD,Metal1,521.5290,102.6580,1.199998
FILLER_23_1064,VDD,Metal1,518.1690,102.6580,1.199998
FILLER_23_1057,VDD,Metal1,514.8090,102.6580,1.199998
FILLER_23_1050,VDD,Metal1,511.4490,102.6580,1.199999
FILLER_23_1043,VDD,Metal1,508.0890,102.6580,1.199999
FILLER_23_1036,VDD,Metal1,504.7290,102.6580,1.199999
FILLER_23_1029,VDD,Metal1,501.3690,102.6580,1.199999
FILLER_23_1022,VDD,Metal1,498.0090,102.6580,1.199999
FILLER_23_1015,VDD,Metal1,494.6490,102.6580,1.199999
FILLER_23_1008,VDD,Metal1,491.2890,102.6580,1.199999
FILLER_23_1001,VDD,Metal1,487.9290,102.6580,1.199999
FILLER_23_994,VDD,Metal1,484.5690,102.6580,1.199999
FILLER_23_987,VDD,Metal1,481.2090,102.6580,1.199999
FILLER_23_980,VDD,Metal1,477.8490,102.6580,1.200000
FILLER_23_973,VDD,Metal1,474.4890,102.6580,1.200000
FILLER_23_966,VDD,Metal1,471.1290,102.6580,1.200000
FILLER_23_959,VDD,Metal1,467.7690,102.6580,1.200000
FILLER_23_952,VDD,Metal1,464.4090,102.6580,1.200000
FILLER_23_945,VDD,Metal1,461.0490,102.6580,1.200000
FILLER_23_938,VDD,Metal1,457.6890,102.6580,1.200000
FILLER_23_931,VDD,Metal1,454.3290,102.6580,1.200000
FILLER_23_924,VDD,Metal1,450.9690,102.6580,1.200000
FILLER_23_917,VDD,Metal1,447.6090,102.6580,1.200000
FILLER_23_910,VDD,Metal1,444.2490,102.6580,1.200000
FILLER_23_903,VDD,Metal1,440.8890,102.6580,1.200000
FILLER_23_896,VDD,Metal1,437.5290,102.6580,1.200000
FILLER_23_889,VDD,Metal1,434.1690,102.6580,1.200000
FILLER_23_882,VDD,Metal1,430.8090,102.6580,1.200000
FILLER_23_875,VDD,Metal1,427.4490,102.6580,1.200000
FILLER_23_868,VDD,Metal1,424.0890,102.6580,1.200000
FILLER_23_861,VDD,Metal1,420.7290,102.6580,1.200000
FILLER_23_854,VDD,Metal1,417.3690,102.6580,1.200000
FILLER_23_847,VDD,Metal1,414.0090,102.6580,1.200000
FILLER_23_840,VDD,Metal1,410.6490,102.6580,1.200000
FILLER_23_833,VDD,Metal1,407.2890,102.6580,1.200000
FILLER_23_826,VDD,Metal1,403.9290,102.6580,1.200000
FILLER_23_819,VDD,Metal1,400.5690,102.6580,1.200000
FILLER_23_812,VDD,Metal1,397.2090,102.6580,1.200000
FILLER_23_805,VDD,Metal1,393.8490,102.6580,1.200000
FILLER_23_798,VDD,Metal1,390.4890,102.6580,1.200000
FILLER_23_791,VDD,Metal1,387.1290,102.6580,1.200000
FILLER_23_784,VDD,Metal1,383.7690,102.6580,1.200000
FILLER_23_777,VDD,Metal1,380.4090,102.6580,1.200000
FILLER_23_770,VDD,Metal1,377.0490,102.6580,1.200000
FILLER_23_763,VDD,Metal1,373.6890,102.6580,1.200000
FILLER_23_756,VDD,Metal1,370.3290,102.6580,1.200000
FILLER_23_749,VDD,Metal1,366.9690,102.6580,1.200000
FILLER_23_742,VDD,Metal1,363.6090,102.6580,1.200000
FILLER_23_735,VDD,Metal1,360.2490,102.6580,1.200000
FILLER_23_728,VDD,Metal1,356.8890,102.6580,1.200000
FILLER_23_721,VDD,Metal1,353.5290,102.6580,1.200000
FILLER_23_714,VDD,Metal1,350.1690,102.6580,1.200000
FILLER_23_707,VDD,Metal1,346.8090,102.6580,1.200000
FILLER_23_700,VDD,Metal1,343.4490,102.6580,1.200000
FILLER_23_693,VDD,Metal1,340.0890,102.6580,1.200000
FILLER_23_686,VDD,Metal1,336.7290,102.6580,1.200000
FILLER_23_679,VDD,Metal1,333.3690,102.6580,1.200000
FILLER_23_672,VDD,Metal1,330.0090,102.6580,1.200000
FILLER_23_665,VDD,Metal1,326.6490,102.6580,1.200000
FILLER_23_658,VDD,Metal1,323.2890,102.6580,1.200000
FILLER_23_651,VDD,Metal1,319.9290,102.6580,1.200000
FILLER_23_644,VDD,Metal1,316.5690,102.6580,1.200000
FILLER_23_637,VDD,Metal1,313.2090,102.6580,1.200000
FILLER_23_630,VDD,Metal1,309.8490,102.6580,1.200000
FILLER_23_623,VDD,Metal1,306.4890,102.6580,1.200000
FILLER_23_616,VDD,Metal1,303.1290,102.6580,1.200000
FILLER_23_609,VDD,Metal1,299.7690,102.6580,1.200000
FILLER_23_602,VDD,Metal1,296.4090,102.6580,1.200000
FILLER_23_595,VDD,Metal1,293.0490,102.6580,1.200000
FILLER_23_588,VDD,Metal1,289.6890,102.6580,1.200000
FILLER_23_581,VDD,Metal1,286.3290,102.6580,1.200000
FILLER_23_574,VDD,Metal1,282.9690,102.6580,1.200000
FILLER_23_567,VDD,Metal1,279.6090,102.6580,1.200000
FILLER_23_560,VDD,Metal1,276.2490,102.6580,1.200000
FILLER_23_553,VDD,Metal1,272.8890,102.6580,1.200000
FILLER_23_546,VDD,Metal1,269.5290,102.6580,1.200000
FILLER_23_539,VDD,Metal1,266.1690,102.6580,1.200000
FILLER_23_532,VDD,Metal1,262.8090,102.6580,1.200000
FILLER_23_525,VDD,Metal1,259.4490,102.6580,1.200000
FILLER_23_518,VDD,Metal1,256.0890,102.6580,1.200000
FILLER_23_511,VDD,Metal1,252.7290,102.6580,1.200000
FILLER_23_504,VDD,Metal1,249.3690,102.6580,1.200000
FILLER_23_497,VDD,Metal1,246.0090,102.6580,1.200000
FILLER_23_490,VDD,Metal1,242.6490,102.6580,1.200000
FILLER_23_483,VDD,Metal1,239.2890,102.6580,1.200000
FILLER_23_476,VDD,Metal1,235.9290,102.6580,1.200000
FILLER_23_469,VDD,Metal1,232.5690,102.6580,1.200000
FILLER_23_462,VDD,Metal1,229.2090,102.6580,1.200000
FILLER_23_455,VDD,Metal1,225.8490,102.6580,1.200000
FILLER_23_448,VDD,Metal1,222.4890,102.6580,1.200000
FILLER_23_441,VDD,Metal1,219.1290,102.6580,1.200000
FILLER_23_434,VDD,Metal1,215.7690,102.6580,1.200000
FILLER_23_427,VDD,Metal1,212.4090,102.6580,1.200000
FILLER_23_420,VDD,Metal1,209.0490,102.6580,1.200000
FILLER_23_413,VDD,Metal1,205.6890,102.6580,1.200000
FILLER_23_406,VDD,Metal1,202.3290,102.6580,1.200000
FILLER_23_399,VDD,Metal1,198.9690,102.6580,1.200000
FILLER_23_392,VDD,Metal1,195.6090,102.6580,1.200000
FILLER_23_385,VDD,Metal1,192.2490,102.6580,1.200000
FILLER_23_378,VDD,Metal1,188.8890,102.6580,1.200000
FILLER_23_371,VDD,Metal1,185.5290,102.6580,1.200000
FILLER_23_364,VDD,Metal1,182.1690,102.6580,1.200000
FILLER_23_357,VDD,Metal1,178.8090,102.6580,1.200000
FILLER_23_350,VDD,Metal1,175.4490,102.6580,1.200000
FILLER_23_343,VDD,Metal1,172.0890,102.6580,1.200000
FILLER_23_336,VDD,Metal1,168.7290,102.6580,1.200000
FILLER_23_329,VDD,Metal1,165.3690,102.6580,1.200000
FILLER_23_322,VDD,Metal1,162.0090,102.6580,1.200000
FILLER_23_315,VDD,Metal1,158.6490,102.6580,1.200000
FILLER_23_308,VDD,Metal1,155.2890,102.6580,1.200000
FILLER_23_301,VDD,Metal1,151.9290,102.6580,1.200000
FILLER_23_294,VDD,Metal1,148.5690,102.6580,1.200000
FILLER_23_287,VDD,Metal1,145.2090,102.6580,1.200000
FILLER_23_280,VDD,Metal1,141.8490,102.6580,1.200000
FILLER_23_273,VDD,Metal1,138.4890,102.6580,1.200000
FILLER_23_266,VDD,Metal1,135.1290,102.6580,1.200000
FILLER_23_259,VDD,Metal1,131.7690,102.6580,1.200000
FILLER_23_252,VDD,Metal1,128.4090,102.6580,1.200000
FILLER_23_245,VDD,Metal1,125.0490,102.6580,1.200000
FILLER_23_238,VDD,Metal1,121.6890,102.6580,1.200000
FILLER_23_231,VDD,Metal1,118.3290,102.6580,1.200000
FILLER_23_224,VDD,Metal1,114.9690,102.6580,1.200000
FILLER_23_217,VDD,Metal1,111.6090,102.6580,1.200000
FILLER_23_210,VDD,Metal1,108.2490,102.6580,1.200000
FILLER_23_203,VDD,Metal1,104.8890,102.6580,1.200000
FILLER_23_196,VDD,Metal1,101.5290,102.6580,1.200000
FILLER_23_189,VDD,Metal1,98.1690,102.6580,1.200000
FILLER_23_182,VDD,Metal1,94.8090,102.6580,1.200000
FILLER_23_175,VDD,Metal1,91.4490,102.6580,1.200000
FILLER_23_168,VDD,Metal1,88.0890,102.6580,1.200000
FILLER_23_161,VDD,Metal1,84.7290,102.6580,1.200000
FILLER_23_154,VDD,Metal1,81.3690,102.6580,1.200000
FILLER_23_147,VDD,Metal1,78.0090,102.6580,1.200000
FILLER_23_140,VDD,Metal1,74.6490,102.6580,1.200000
FILLER_23_133,VDD,Metal1,71.2890,102.6580,1.200000
FILLER_23_126,VDD,Metal1,67.9290,102.6580,1.200000
FILLER_23_119,VDD,Metal1,64.5690,102.6580,1.200000
FILLER_23_112,VDD,Metal1,61.2090,102.6580,1.200000
FILLER_23_105,VDD,Metal1,57.8490,102.6580,1.200000
FILLER_23_98,VDD,Metal1,54.4890,102.6580,1.200000
FILLER_23_91,VDD,Metal1,51.1290,102.6580,1.200000
FILLER_23_84,VDD,Metal1,47.7690,102.6580,1.200000
FILLER_23_77,VDD,Metal1,44.4090,102.6580,1.200000
FILLER_23_70,VDD,Metal1,41.0490,102.6580,1.200000
FILLER_23_63,VDD,Metal1,37.6890,102.6580,1.200000
FILLER_23_56,VDD,Metal1,34.3290,102.6580,1.200000
FILLER_23_49,VDD,Metal1,30.9690,102.6580,1.200000
FILLER_23_42,VDD,Metal1,27.6090,102.6580,1.200000
FILLER_23_35,VDD,Metal1,24.2490,102.6580,1.200000
FILLER_23_28,VDD,Metal1,20.8890,102.6580,1.200000
FILLER_23_21,VDD,Metal1,17.5290,102.6580,1.200000
FILLER_23_14,VDD,Metal1,14.1690,102.6580,1.200000
FILLER_23_7,VDD,Metal1,10.8090,102.6580,1.200000
FILLER_23_0,VDD,Metal1,7.4490,102.6580,1.200000
FILLER_22_1096,VDD,Metal1,532.0800,102.0600,1.199997
FILLER_22_1092,VDD,Metal1,530.8910,101.4630,1.199997
FILLER_22_1085,VDD,Metal1,528.2490,101.4610,1.199998
FILLER_22_1078,VDD,Metal1,524.8890,101.4610,1.199998
FILLER_22_1071,VDD,Metal1,521.5290,101.4610,1.199998
FILLER_22_1064,VDD,Metal1,518.1690,101.4610,1.199998
FILLER_22_1057,VDD,Metal1,514.8090,101.4610,1.199998
FILLER_22_1050,VDD,Metal1,511.4490,101.4610,1.199999
FILLER_22_1043,VDD,Metal1,508.0890,101.4610,1.199999
FILLER_22_1036,VDD,Metal1,504.7290,101.4610,1.199999
FILLER_22_1029,VDD,Metal1,501.3690,101.4610,1.199999
FILLER_22_1022,VDD,Metal1,498.0090,101.4610,1.199999
FILLER_22_1015,VDD,Metal1,494.6490,101.4610,1.199999
FILLER_22_1008,VDD,Metal1,491.2890,101.4610,1.199999
FILLER_22_1001,VDD,Metal1,487.9290,101.4610,1.199999
FILLER_22_994,VDD,Metal1,484.5690,101.4610,1.199999
FILLER_22_987,VDD,Metal1,481.2090,101.4610,1.199999
FILLER_22_980,VDD,Metal1,477.8490,101.4610,1.200000
FILLER_22_973,VDD,Metal1,474.4890,101.4610,1.200000
FILLER_22_966,VDD,Metal1,471.1290,101.4610,1.200000
FILLER_22_959,VDD,Metal1,467.7690,101.4610,1.200000
FILLER_22_952,VDD,Metal1,464.4090,101.4610,1.200000
FILLER_22_945,VDD,Metal1,461.0490,101.4610,1.200000
FILLER_22_938,VDD,Metal1,457.6890,101.4610,1.200000
FILLER_22_931,VDD,Metal1,454.3290,101.4610,1.200000
FILLER_22_924,VDD,Metal1,450.9690,101.4610,1.200000
FILLER_22_917,VDD,Metal1,447.6090,101.4610,1.200000
FILLER_22_910,VDD,Metal1,444.2490,101.4610,1.200000
FILLER_22_903,VDD,Metal1,440.8890,101.4610,1.200000
FILLER_22_896,VDD,Metal1,437.5290,101.4610,1.200000
FILLER_22_889,VDD,Metal1,434.1690,101.4610,1.200000
FILLER_22_882,VDD,Metal1,430.8090,101.4610,1.200000
FILLER_22_875,VDD,Metal1,427.4490,101.4610,1.200000
FILLER_22_868,VDD,Metal1,424.0890,101.4610,1.200000
FILLER_22_861,VDD,Metal1,420.7290,101.4610,1.200000
FILLER_22_854,VDD,Metal1,417.3690,101.4610,1.200000
FILLER_22_847,VDD,Metal1,414.0090,101.4610,1.200000
FILLER_22_840,VDD,Metal1,410.6490,101.4610,1.200000
FILLER_22_833,VDD,Metal1,407.2890,101.4610,1.200000
FILLER_22_826,VDD,Metal1,403.9290,101.4610,1.200000
FILLER_22_819,VDD,Metal1,400.5690,101.4610,1.200000
FILLER_22_812,VDD,Metal1,397.2090,101.4610,1.200000
FILLER_22_805,VDD,Metal1,393.8490,101.4610,1.200000
FILLER_22_798,VDD,Metal1,390.4890,101.4610,1.200000
FILLER_22_791,VDD,Metal1,387.1290,101.4610,1.200000
FILLER_22_784,VDD,Metal1,383.7690,101.4610,1.200000
FILLER_22_777,VDD,Metal1,380.4090,101.4610,1.200000
FILLER_22_770,VDD,Metal1,377.0490,101.4610,1.200000
FILLER_22_763,VDD,Metal1,373.6890,101.4610,1.200000
FILLER_22_756,VDD,Metal1,370.3290,101.4610,1.200000
FILLER_22_749,VDD,Metal1,366.9690,101.4610,1.200000
FILLER_22_742,VDD,Metal1,363.6090,101.4610,1.200000
FILLER_22_735,VDD,Metal1,360.2490,101.4610,1.200000
FILLER_22_728,VDD,Metal1,356.8890,101.4610,1.200000
FILLER_22_721,VDD,Metal1,353.5290,101.4610,1.200000
FILLER_22_714,VDD,Metal1,350.1690,101.4610,1.200000
FILLER_22_707,VDD,Metal1,346.8090,101.4610,1.200000
FILLER_22_700,VDD,Metal1,343.4490,101.4610,1.200000
FILLER_22_693,VDD,Metal1,340.0890,101.4610,1.200000
FILLER_22_686,VDD,Metal1,336.7290,101.4610,1.200000
FILLER_22_679,VDD,Metal1,333.3690,101.4610,1.200000
FILLER_22_672,VDD,Metal1,330.0090,101.4610,1.200000
FILLER_22_665,VDD,Metal1,326.6490,101.4610,1.200000
FILLER_22_658,VDD,Metal1,323.2890,101.4610,1.200000
FILLER_22_651,VDD,Metal1,319.9290,101.4610,1.200000
FILLER_22_644,VDD,Metal1,316.5690,101.4610,1.200000
FILLER_22_637,VDD,Metal1,313.2090,101.4610,1.200000
FILLER_22_630,VDD,Metal1,309.8490,101.4610,1.200000
FILLER_22_623,VDD,Metal1,306.4890,101.4610,1.200000
FILLER_22_616,VDD,Metal1,303.1290,101.4610,1.200000
FILLER_22_609,VDD,Metal1,299.7690,101.4610,1.200000
FILLER_22_602,VDD,Metal1,296.4090,101.4610,1.200000
FILLER_22_595,VDD,Metal1,293.0490,101.4610,1.200000
FILLER_22_588,VDD,Metal1,289.6890,101.4610,1.200000
FILLER_22_581,VDD,Metal1,286.3290,101.4610,1.200000
FILLER_22_574,VDD,Metal1,282.9690,101.4610,1.200000
FILLER_22_567,VDD,Metal1,279.6090,101.4610,1.200000
FILLER_22_560,VDD,Metal1,276.2490,101.4610,1.200000
FILLER_22_553,VDD,Metal1,272.8890,101.4610,1.200000
FILLER_22_546,VDD,Metal1,269.5290,101.4610,1.200000
FILLER_22_539,VDD,Metal1,266.1690,101.4610,1.200000
FILLER_22_532,VDD,Metal1,262.8090,101.4610,1.200000
FILLER_22_525,VDD,Metal1,259.4490,101.4610,1.200000
FILLER_22_518,VDD,Metal1,256.0890,101.4610,1.200000
FILLER_22_511,VDD,Metal1,252.7290,101.4610,1.200000
FILLER_22_504,VDD,Metal1,249.3690,101.4610,1.200000
FILLER_22_497,VDD,Metal1,246.0090,101.4610,1.200000
FILLER_22_490,VDD,Metal1,242.6490,101.4610,1.200000
FILLER_22_483,VDD,Metal1,239.2890,101.4610,1.200000
FILLER_22_476,VDD,Metal1,235.9290,101.4610,1.200000
FILLER_22_469,VDD,Metal1,232.5690,101.4610,1.200000
FILLER_22_462,VDD,Metal1,229.2090,101.4610,1.200000
FILLER_22_455,VDD,Metal1,225.8490,101.4610,1.200000
FILLER_22_448,VDD,Metal1,222.4890,101.4610,1.200000
FILLER_22_441,VDD,Metal1,219.1290,101.4610,1.200000
FILLER_22_434,VDD,Metal1,215.7690,101.4610,1.200000
FILLER_22_427,VDD,Metal1,212.4090,101.4610,1.200000
FILLER_22_420,VDD,Metal1,209.0490,101.4610,1.200000
FILLER_22_413,VDD,Metal1,205.6890,101.4610,1.200000
FILLER_22_406,VDD,Metal1,202.3290,101.4610,1.200000
FILLER_22_399,VDD,Metal1,198.9690,101.4610,1.200000
FILLER_22_392,VDD,Metal1,195.6090,101.4610,1.200000
FILLER_22_385,VDD,Metal1,192.2490,101.4610,1.200000
FILLER_22_378,VDD,Metal1,188.8890,101.4610,1.200000
FILLER_22_371,VDD,Metal1,185.5290,101.4610,1.200000
FILLER_22_364,VDD,Metal1,182.1690,101.4610,1.200000
FILLER_22_357,VDD,Metal1,178.8090,101.4610,1.200000
FILLER_22_350,VDD,Metal1,175.4490,101.4610,1.200000
FILLER_22_343,VDD,Metal1,172.0890,101.4610,1.200000
FILLER_22_336,VDD,Metal1,168.7290,101.4610,1.200000
FILLER_22_329,VDD,Metal1,165.3690,101.4610,1.200000
FILLER_22_322,VDD,Metal1,162.0090,101.4610,1.200000
FILLER_22_315,VDD,Metal1,158.6490,101.4610,1.200000
FILLER_22_308,VDD,Metal1,155.2890,101.4610,1.200000
FILLER_22_301,VDD,Metal1,151.9290,101.4610,1.200000
FILLER_22_294,VDD,Metal1,148.5690,101.4610,1.200000
FILLER_22_287,VDD,Metal1,145.2090,101.4610,1.200000
FILLER_22_280,VDD,Metal1,141.8490,101.4610,1.200000
FILLER_22_273,VDD,Metal1,138.4890,101.4610,1.200000
FILLER_22_266,VDD,Metal1,135.1290,101.4610,1.200000
FILLER_22_259,VDD,Metal1,131.7690,101.4610,1.200000
FILLER_22_252,VDD,Metal1,128.4090,101.4610,1.200000
FILLER_22_245,VDD,Metal1,125.0490,101.4610,1.200000
FILLER_22_238,VDD,Metal1,121.6890,101.4610,1.200000
FILLER_22_231,VDD,Metal1,118.3290,101.4610,1.200000
FILLER_22_224,VDD,Metal1,114.9690,101.4610,1.200000
FILLER_22_217,VDD,Metal1,111.6090,101.4610,1.200000
FILLER_22_210,VDD,Metal1,108.2490,101.4610,1.200000
FILLER_22_203,VDD,Metal1,104.8890,101.4610,1.200000
FILLER_22_196,VDD,Metal1,101.5290,101.4610,1.200000
FILLER_22_189,VDD,Metal1,98.1690,101.4610,1.200000
FILLER_22_182,VDD,Metal1,94.8090,101.4610,1.200000
FILLER_22_175,VDD,Metal1,91.4490,101.4610,1.200000
FILLER_22_168,VDD,Metal1,88.0890,101.4610,1.200000
FILLER_22_161,VDD,Metal1,84.7290,101.4610,1.200000
FILLER_22_154,VDD,Metal1,81.3690,101.4610,1.200000
FILLER_22_147,VDD,Metal1,78.0090,101.4610,1.200000
FILLER_22_140,VDD,Metal1,74.6490,101.4610,1.200000
FILLER_22_133,VDD,Metal1,71.2890,101.4610,1.200000
FILLER_22_126,VDD,Metal1,67.9290,101.4610,1.200000
FILLER_22_119,VDD,Metal1,64.5690,101.4610,1.200000
FILLER_22_112,VDD,Metal1,61.2090,101.4610,1.200000
FILLER_22_105,VDD,Metal1,57.8490,101.4610,1.200000
FILLER_22_98,VDD,Metal1,54.4890,101.4610,1.200000
FILLER_22_91,VDD,Metal1,51.1290,101.4610,1.200000
FILLER_22_84,VDD,Metal1,47.7690,101.4610,1.200000
FILLER_22_77,VDD,Metal1,44.4090,101.4610,1.200000
FILLER_22_70,VDD,Metal1,41.0490,101.4610,1.200000
FILLER_22_63,VDD,Metal1,37.6890,101.4610,1.200000
FILLER_22_56,VDD,Metal1,34.3290,101.4610,1.200000
FILLER_22_49,VDD,Metal1,30.9690,101.4610,1.200000
FILLER_22_42,VDD,Metal1,27.6090,101.4610,1.200000
FILLER_22_35,VDD,Metal1,24.2490,101.4610,1.200000
FILLER_22_28,VDD,Metal1,20.8890,101.4610,1.200000
FILLER_22_21,VDD,Metal1,17.5290,101.4610,1.200000
FILLER_22_14,VDD,Metal1,14.1690,101.4610,1.200000
FILLER_22_7,VDD,Metal1,10.8090,101.4610,1.200000
FILLER_22_0,VDD,Metal1,7.4490,101.4610,1.200000
FILLER_21_1099,VDD,Metal1,533.7600,94.5000,1.200000
FILLER_21_1092,VDD,Metal1,531.6090,95.0980,1.200000
FILLER_21_1085,VDD,Metal1,528.2490,95.0980,1.200000
FILLER_21_1078,VDD,Metal1,524.8890,95.0980,1.200000
FILLER_21_1071,VDD,Metal1,521.5290,95.0980,1.200000
FILLER_21_1064,VDD,Metal1,518.1690,95.0980,1.200000
FILLER_21_1057,VDD,Metal1,514.8090,95.0980,1.200000
FILLER_21_1050,VDD,Metal1,511.4490,95.0980,1.200000
FILLER_21_1043,VDD,Metal1,508.0890,95.0980,1.200000
FILLER_21_1036,VDD,Metal1,504.7290,95.0980,1.200000
FILLER_21_1029,VDD,Metal1,501.3690,95.0980,1.200000
FILLER_21_1022,VDD,Metal1,498.0090,95.0980,1.200000
FILLER_21_1015,VDD,Metal1,494.6490,95.0980,1.200000
FILLER_21_1008,VDD,Metal1,491.2890,95.0980,1.200000
FILLER_21_1001,VDD,Metal1,487.9290,95.0980,1.200000
FILLER_21_994,VDD,Metal1,484.5690,95.0980,1.200000
FILLER_21_987,VDD,Metal1,481.2090,95.0980,1.200000
FILLER_21_980,VDD,Metal1,477.8490,95.0980,1.200000
FILLER_21_973,VDD,Metal1,474.4890,95.0980,1.200000
FILLER_21_966,VDD,Metal1,471.1290,95.0980,1.200000
FILLER_21_959,VDD,Metal1,467.7690,95.0980,1.200000
FILLER_21_952,VDD,Metal1,464.4090,95.0980,1.200000
FILLER_21_945,VDD,Metal1,461.0490,95.0980,1.200000
FILLER_21_938,VDD,Metal1,457.6890,95.0980,1.200000
FILLER_21_931,VDD,Metal1,454.3290,95.0980,1.200000
FILLER_21_924,VDD,Metal1,450.9690,95.0980,1.200000
FILLER_21_917,VDD,Metal1,447.6090,95.0980,1.200000
FILLER_21_910,VDD,Metal1,444.2490,95.0980,1.200000
FILLER_21_903,VDD,Metal1,440.8890,95.0980,1.200000
FILLER_21_896,VDD,Metal1,437.5290,95.0980,1.200000
FILLER_21_889,VDD,Metal1,434.1690,95.0980,1.200000
FILLER_21_882,VDD,Metal1,430.8090,95.0980,1.200000
FILLER_21_875,VDD,Metal1,427.4490,95.0980,1.200000
FILLER_21_868,VDD,Metal1,424.0890,95.0980,1.200000
FILLER_21_861,VDD,Metal1,420.7290,95.0980,1.200000
FILLER_21_854,VDD,Metal1,417.3690,95.0980,1.200000
FILLER_21_847,VDD,Metal1,414.0090,95.0980,1.200000
FILLER_21_840,VDD,Metal1,410.6490,95.0980,1.200000
FILLER_21_833,VDD,Metal1,407.2890,95.0980,1.200000
FILLER_21_826,VDD,Metal1,403.9290,95.0980,1.200000
FILLER_21_819,VDD,Metal1,400.5690,95.0980,1.200000
FILLER_21_812,VDD,Metal1,397.2090,95.0980,1.200000
FILLER_21_805,VDD,Metal1,393.8490,95.0980,1.200000
FILLER_21_798,VDD,Metal1,390.4890,95.0980,1.200000
FILLER_21_791,VDD,Metal1,387.1290,95.0980,1.200000
FILLER_21_784,VDD,Metal1,383.7690,95.0980,1.200000
FILLER_21_777,VDD,Metal1,380.4090,95.0980,1.200000
FILLER_21_770,VDD,Metal1,377.0490,95.0980,1.200000
FILLER_21_763,VDD,Metal1,373.6890,95.0980,1.200000
FILLER_21_756,VDD,Metal1,370.3290,95.0980,1.200000
FILLER_21_749,VDD,Metal1,366.9690,95.0980,1.200000
FILLER_21_742,VDD,Metal1,363.6090,95.0980,1.200000
FILLER_21_735,VDD,Metal1,360.2490,95.0980,1.200000
FILLER_21_728,VDD,Metal1,356.8890,95.0980,1.200000
FILLER_21_721,VDD,Metal1,353.5290,95.0980,1.200000
FILLER_21_714,VDD,Metal1,350.1690,95.0980,1.200000
FILLER_21_707,VDD,Metal1,346.8090,95.0980,1.200000
FILLER_21_700,VDD,Metal1,343.4490,95.0980,1.200000
FILLER_21_693,VDD,Metal1,340.0890,95.0980,1.200000
FILLER_21_686,VDD,Metal1,336.7290,95.0980,1.200000
FILLER_21_679,VDD,Metal1,333.3690,95.0980,1.200000
FILLER_21_672,VDD,Metal1,330.0090,95.0980,1.200000
FILLER_21_665,VDD,Metal1,326.6490,95.0980,1.200000
FILLER_21_658,VDD,Metal1,323.2890,95.0980,1.200000
FILLER_21_651,VDD,Metal1,319.9290,95.0980,1.200000
FILLER_21_644,VDD,Metal1,316.5690,95.0980,1.200000
FILLER_21_637,VDD,Metal1,313.2090,95.0980,1.200000
FILLER_21_630,VDD,Metal1,309.8490,95.0980,1.200000
FILLER_21_623,VDD,Metal1,306.4890,95.0980,1.200000
FILLER_21_616,VDD,Metal1,303.1290,95.0980,1.200000
FILLER_21_609,VDD,Metal1,299.7690,95.0980,1.200000
FILLER_21_602,VDD,Metal1,296.4090,95.0980,1.200000
FILLER_21_595,VDD,Metal1,293.0490,95.0980,1.200000
FILLER_21_588,VDD,Metal1,289.6890,95.0980,1.200000
FILLER_21_581,VDD,Metal1,286.3290,95.0980,1.200000
FILLER_21_574,VDD,Metal1,282.9690,95.0980,1.200000
FILLER_21_567,VDD,Metal1,279.6090,95.0980,1.200000
FILLER_21_560,VDD,Metal1,276.2490,95.0980,1.200000
FILLER_21_553,VDD,Metal1,272.8890,95.0980,1.200000
FILLER_21_546,VDD,Metal1,269.5290,95.0980,1.200000
FILLER_21_539,VDD,Metal1,266.1690,95.0980,1.200000
FILLER_21_532,VDD,Metal1,262.8090,95.0980,1.200000
FILLER_21_525,VDD,Metal1,259.4490,95.0980,1.200000
FILLER_21_518,VDD,Metal1,256.0890,95.0980,1.200000
FILLER_21_511,VDD,Metal1,252.7290,95.0980,1.200000
FILLER_21_504,VDD,Metal1,249.3690,95.0980,1.200000
FILLER_21_497,VDD,Metal1,246.0090,95.0980,1.200000
FILLER_21_490,VDD,Metal1,242.6490,95.0980,1.200000
FILLER_21_483,VDD,Metal1,239.2890,95.0980,1.200000
FILLER_21_476,VDD,Metal1,235.9290,95.0980,1.200000
FILLER_21_469,VDD,Metal1,232.5690,95.0980,1.200000
FILLER_21_462,VDD,Metal1,229.2090,95.0980,1.200000
FILLER_21_455,VDD,Metal1,225.8490,95.0980,1.200000
FILLER_21_448,VDD,Metal1,222.4890,95.0980,1.200000
FILLER_21_441,VDD,Metal1,219.1290,95.0980,1.200000
FILLER_21_434,VDD,Metal1,215.7690,95.0980,1.200000
FILLER_21_427,VDD,Metal1,212.4090,95.0980,1.200000
FILLER_21_420,VDD,Metal1,209.0490,95.0980,1.200000
FILLER_21_413,VDD,Metal1,205.6890,95.0980,1.200000
FILLER_21_406,VDD,Metal1,202.3290,95.0980,1.200000
FILLER_21_399,VDD,Metal1,198.9690,95.0980,1.200000
FILLER_21_392,VDD,Metal1,195.6090,95.0980,1.200000
FILLER_21_385,VDD,Metal1,192.2490,95.0980,1.200000
FILLER_21_378,VDD,Metal1,188.8890,95.0980,1.200000
FILLER_21_371,VDD,Metal1,185.5290,95.0980,1.200000
FILLER_21_364,VDD,Metal1,182.1690,95.0980,1.200000
FILLER_21_357,VDD,Metal1,178.8090,95.0980,1.200000
FILLER_21_350,VDD,Metal1,175.4490,95.0980,1.200000
FILLER_21_343,VDD,Metal1,172.0890,95.0980,1.200000
FILLER_21_336,VDD,Metal1,168.7290,95.0980,1.200000
FILLER_21_329,VDD,Metal1,165.3690,95.0980,1.200000
FILLER_21_322,VDD,Metal1,162.0090,95.0980,1.200000
FILLER_21_315,VDD,Metal1,158.6490,95.0980,1.200000
FILLER_21_308,VDD,Metal1,155.2890,95.0980,1.200000
FILLER_21_301,VDD,Metal1,151.9290,95.0980,1.200000
FILLER_21_294,VDD,Metal1,148.5690,95.0980,1.200000
FILLER_21_287,VDD,Metal1,145.2090,95.0980,1.200000
FILLER_21_280,VDD,Metal1,141.8490,95.0980,1.200000
FILLER_21_273,VDD,Metal1,138.4890,95.0980,1.200000
FILLER_21_266,VDD,Metal1,135.1290,95.0980,1.200000
FILLER_21_259,VDD,Metal1,131.7690,95.0980,1.200000
FILLER_21_252,VDD,Metal1,128.4090,95.0980,1.200000
FILLER_21_245,VDD,Metal1,125.0490,95.0980,1.200000
FILLER_21_238,VDD,Metal1,121.6890,95.0980,1.200000
FILLER_21_231,VDD,Metal1,118.3290,95.0980,1.200000
FILLER_21_224,VDD,Metal1,114.9690,95.0980,1.200000
FILLER_21_217,VDD,Metal1,111.6090,95.0980,1.200000
FILLER_21_210,VDD,Metal1,108.2490,95.0980,1.200000
FILLER_21_203,VDD,Metal1,104.8890,95.0980,1.200000
FILLER_21_196,VDD,Metal1,101.5290,95.0980,1.200000
FILLER_21_189,VDD,Metal1,98.1690,95.0980,1.200000
FILLER_21_182,VDD,Metal1,94.8090,95.0980,1.200000
FILLER_21_175,VDD,Metal1,91.4490,95.0980,1.200000
FILLER_21_168,VDD,Metal1,88.0890,95.0980,1.200000
FILLER_21_161,VDD,Metal1,84.7290,95.0980,1.200000
FILLER_21_154,VDD,Metal1,81.3690,95.0980,1.200000
FILLER_21_147,VDD,Metal1,78.0090,95.0980,1.200000
FILLER_21_140,VDD,Metal1,74.6490,95.0980,1.200000
FILLER_21_133,VDD,Metal1,71.2890,95.0980,1.200000
FILLER_21_126,VDD,Metal1,67.9290,95.0980,1.200000
FILLER_21_119,VDD,Metal1,64.5690,95.0980,1.200000
FILLER_21_112,VDD,Metal1,61.2090,95.0980,1.200000
FILLER_21_105,VDD,Metal1,57.8490,95.0980,1.200000
FILLER_21_98,VDD,Metal1,54.4890,95.0980,1.200000
FILLER_21_91,VDD,Metal1,51.1290,95.0980,1.200000
FILLER_21_84,VDD,Metal1,47.7690,95.0980,1.200000
FILLER_21_77,VDD,Metal1,44.4090,95.0980,1.200000
FILLER_21_70,VDD,Metal1,41.0490,95.0980,1.200000
FILLER_21_63,VDD,Metal1,37.6890,95.0980,1.200000
FILLER_21_56,VDD,Metal1,34.3290,95.0980,1.200000
FILLER_21_49,VDD,Metal1,30.9690,95.0980,1.200000
FILLER_21_42,VDD,Metal1,27.6090,95.0980,1.200000
FILLER_21_35,VDD,Metal1,24.2490,95.0980,1.200000
FILLER_21_28,VDD,Metal1,20.8890,95.0980,1.200000
FILLER_21_21,VDD,Metal1,17.5290,95.0980,1.200000
FILLER_21_14,VDD,Metal1,14.1690,95.0980,1.200000
FILLER_21_7,VDD,Metal1,10.8090,95.0980,1.200000
FILLER_21_0,VDD,Metal1,7.4490,95.0980,1.200000
FILLER_20_1099,VDD,Metal1,533.7600,94.5000,1.200000
FILLER_20_1092,VDD,Metal1,531.6090,93.9010,1.200000
FILLER_20_1085,VDD,Metal1,528.2490,93.9010,1.200000
FILLER_20_1078,VDD,Metal1,524.8890,93.9010,1.200000
FILLER_20_1071,VDD,Metal1,521.5290,93.9010,1.200000
FILLER_20_1064,VDD,Metal1,518.1690,93.9010,1.200000
FILLER_20_1057,VDD,Metal1,514.8090,93.9010,1.200000
FILLER_20_1050,VDD,Metal1,511.4490,93.9010,1.200000
FILLER_20_1043,VDD,Metal1,508.0890,93.9010,1.200000
FILLER_20_1036,VDD,Metal1,504.7290,93.9010,1.200000
FILLER_20_1029,VDD,Metal1,501.3690,93.9010,1.200000
FILLER_20_1022,VDD,Metal1,498.0090,93.9010,1.200000
FILLER_20_1015,VDD,Metal1,494.6490,93.9010,1.200000
FILLER_20_1008,VDD,Metal1,491.2890,93.9010,1.200000
FILLER_20_1001,VDD,Metal1,487.9290,93.9010,1.200000
FILLER_20_994,VDD,Metal1,484.5690,93.9010,1.200000
FILLER_20_987,VDD,Metal1,481.2090,93.9010,1.200000
FILLER_20_980,VDD,Metal1,477.8490,93.9010,1.200000
FILLER_20_973,VDD,Metal1,474.4890,93.9010,1.200000
FILLER_20_966,VDD,Metal1,471.1290,93.9010,1.200000
FILLER_20_959,VDD,Metal1,467.7690,93.9010,1.200000
FILLER_20_952,VDD,Metal1,464.4090,93.9010,1.200000
FILLER_20_945,VDD,Metal1,461.0490,93.9010,1.200000
FILLER_20_938,VDD,Metal1,457.6890,93.9010,1.200000
FILLER_20_931,VDD,Metal1,454.3290,93.9010,1.200000
FILLER_20_924,VDD,Metal1,450.9690,93.9010,1.200000
FILLER_20_917,VDD,Metal1,447.6090,93.9010,1.200000
FILLER_20_910,VDD,Metal1,444.2490,93.9010,1.200000
FILLER_20_903,VDD,Metal1,440.8890,93.9010,1.200000
FILLER_20_896,VDD,Metal1,437.5290,93.9010,1.200000
FILLER_20_889,VDD,Metal1,434.1690,93.9010,1.200000
FILLER_20_882,VDD,Metal1,430.8090,93.9010,1.200000
FILLER_20_875,VDD,Metal1,427.4490,93.9010,1.200000
FILLER_20_868,VDD,Metal1,424.0890,93.9010,1.200000
FILLER_20_861,VDD,Metal1,420.7290,93.9010,1.200000
FILLER_20_854,VDD,Metal1,417.3690,93.9010,1.200000
FILLER_20_847,VDD,Metal1,414.0090,93.9010,1.200000
FILLER_20_840,VDD,Metal1,410.6490,93.9010,1.200000
FILLER_20_833,VDD,Metal1,407.2890,93.9010,1.200000
FILLER_20_826,VDD,Metal1,403.9290,93.9010,1.200000
FILLER_20_819,VDD,Metal1,400.5690,93.9010,1.200000
FILLER_20_812,VDD,Metal1,397.2090,93.9010,1.200000
FILLER_20_805,VDD,Metal1,393.8490,93.9010,1.200000
FILLER_20_798,VDD,Metal1,390.4890,93.9010,1.200000
FILLER_20_791,VDD,Metal1,387.1290,93.9010,1.200000
FILLER_20_784,VDD,Metal1,383.7690,93.9010,1.200000
FILLER_20_777,VDD,Metal1,380.4090,93.9010,1.200000
FILLER_20_770,VDD,Metal1,377.0490,93.9010,1.200000
FILLER_20_763,VDD,Metal1,373.6890,93.9010,1.200000
FILLER_20_756,VDD,Metal1,370.3290,93.9010,1.200000
FILLER_20_749,VDD,Metal1,366.9690,93.9010,1.200000
FILLER_20_742,VDD,Metal1,363.6090,93.9010,1.200000
FILLER_20_735,VDD,Metal1,360.2490,93.9010,1.200000
FILLER_20_728,VDD,Metal1,356.8890,93.9010,1.200000
FILLER_20_721,VDD,Metal1,353.5290,93.9010,1.200000
FILLER_20_714,VDD,Metal1,350.1690,93.9010,1.200000
FILLER_20_707,VDD,Metal1,346.8090,93.9010,1.200000
FILLER_20_700,VDD,Metal1,343.4490,93.9010,1.200000
FILLER_20_693,VDD,Metal1,340.0890,93.9010,1.200000
FILLER_20_686,VDD,Metal1,336.7290,93.9010,1.200000
FILLER_20_679,VDD,Metal1,333.3690,93.9010,1.200000
FILLER_20_672,VDD,Metal1,330.0090,93.9010,1.200000
FILLER_20_665,VDD,Metal1,326.6490,93.9010,1.200000
FILLER_20_658,VDD,Metal1,323.2890,93.9010,1.200000
FILLER_20_651,VDD,Metal1,319.9290,93.9010,1.200000
FILLER_20_644,VDD,Metal1,316.5690,93.9010,1.200000
FILLER_20_637,VDD,Metal1,313.2090,93.9010,1.200000
FILLER_20_630,VDD,Metal1,309.8490,93.9010,1.200000
FILLER_20_623,VDD,Metal1,306.4890,93.9010,1.200000
FILLER_20_616,VDD,Metal1,303.1290,93.9010,1.200000
FILLER_20_609,VDD,Metal1,299.7690,93.9010,1.200000
FILLER_20_602,VDD,Metal1,296.4090,93.9010,1.200000
FILLER_20_595,VDD,Metal1,293.0490,93.9010,1.200000
FILLER_20_588,VDD,Metal1,289.6890,93.9010,1.200000
FILLER_20_581,VDD,Metal1,286.3290,93.9010,1.200000
FILLER_20_574,VDD,Metal1,282.9690,93.9010,1.200000
FILLER_20_567,VDD,Metal1,279.6090,93.9010,1.200000
FILLER_20_560,VDD,Metal1,276.2490,93.9010,1.200000
FILLER_20_553,VDD,Metal1,272.8890,93.9010,1.200000
FILLER_20_546,VDD,Metal1,269.5290,93.9010,1.200000
FILLER_20_539,VDD,Metal1,266.1690,93.9010,1.200000
FILLER_20_532,VDD,Metal1,262.8090,93.9010,1.200000
FILLER_20_525,VDD,Metal1,259.4490,93.9010,1.200000
FILLER_20_518,VDD,Metal1,256.0890,93.9010,1.200000
FILLER_20_511,VDD,Metal1,252.7290,93.9010,1.200000
FILLER_20_504,VDD,Metal1,249.3690,93.9010,1.200000
FILLER_20_497,VDD,Metal1,246.0090,93.9010,1.200000
FILLER_20_490,VDD,Metal1,242.6490,93.9010,1.200000
FILLER_20_483,VDD,Metal1,239.2890,93.9010,1.200000
FILLER_20_476,VDD,Metal1,235.9290,93.9010,1.200000
FILLER_20_469,VDD,Metal1,232.5690,93.9010,1.200000
FILLER_20_462,VDD,Metal1,229.2090,93.9010,1.200000
FILLER_20_455,VDD,Metal1,225.8490,93.9010,1.200000
FILLER_20_448,VDD,Metal1,222.4890,93.9010,1.200000
FILLER_20_441,VDD,Metal1,219.1290,93.9010,1.200000
FILLER_20_434,VDD,Metal1,215.7690,93.9010,1.200000
FILLER_20_427,VDD,Metal1,212.4090,93.9010,1.200000
FILLER_20_420,VDD,Metal1,209.0490,93.9010,1.200000
FILLER_20_413,VDD,Metal1,205.6890,93.9010,1.200000
FILLER_20_406,VDD,Metal1,202.3290,93.9010,1.200000
FILLER_20_399,VDD,Metal1,198.9690,93.9010,1.200000
FILLER_20_392,VDD,Metal1,195.6090,93.9010,1.200000
FILLER_20_385,VDD,Metal1,192.2490,93.9010,1.200000
FILLER_20_378,VDD,Metal1,188.8890,93.9010,1.200000
FILLER_20_371,VDD,Metal1,185.5290,93.9010,1.200000
FILLER_20_364,VDD,Metal1,182.1690,93.9010,1.200000
FILLER_20_357,VDD,Metal1,178.8090,93.9010,1.200000
FILLER_20_350,VDD,Metal1,175.4490,93.9010,1.200000
FILLER_20_343,VDD,Metal1,172.0890,93.9010,1.200000
FILLER_20_336,VDD,Metal1,168.7290,93.9010,1.200000
FILLER_20_329,VDD,Metal1,165.3690,93.9010,1.200000
FILLER_20_322,VDD,Metal1,162.0090,93.9010,1.200000
FILLER_20_315,VDD,Metal1,158.6490,93.9010,1.200000
FILLER_20_308,VDD,Metal1,155.2890,93.9010,1.200000
FILLER_20_301,VDD,Metal1,151.9290,93.9010,1.200000
FILLER_20_294,VDD,Metal1,148.5690,93.9010,1.200000
FILLER_20_287,VDD,Metal1,145.2090,93.9010,1.200000
FILLER_20_280,VDD,Metal1,141.8490,93.9010,1.200000
FILLER_20_273,VDD,Metal1,138.4890,93.9010,1.200000
FILLER_20_266,VDD,Metal1,135.1290,93.9010,1.200000
FILLER_20_259,VDD,Metal1,131.7690,93.9010,1.200000
FILLER_20_252,VDD,Metal1,128.4090,93.9010,1.200000
FILLER_20_245,VDD,Metal1,125.0490,93.9010,1.200000
FILLER_20_238,VDD,Metal1,121.6890,93.9010,1.200000
FILLER_20_231,VDD,Metal1,118.3290,93.9010,1.200000
FILLER_20_224,VDD,Metal1,114.9690,93.9010,1.200000
FILLER_20_217,VDD,Metal1,111.6090,93.9010,1.200000
FILLER_20_210,VDD,Metal1,108.2490,93.9010,1.200000
FILLER_20_203,VDD,Metal1,104.8890,93.9010,1.200000
FILLER_20_196,VDD,Metal1,101.5290,93.9010,1.200000
FILLER_20_189,VDD,Metal1,98.1690,93.9010,1.200000
FILLER_20_182,VDD,Metal1,94.8090,93.9010,1.200000
FILLER_20_175,VDD,Metal1,91.4490,93.9010,1.200000
FILLER_20_168,VDD,Metal1,88.0890,93.9010,1.200000
FILLER_20_161,VDD,Metal1,84.7290,93.9010,1.200000
FILLER_20_154,VDD,Metal1,81.3690,93.9010,1.200000
FILLER_20_147,VDD,Metal1,78.0090,93.9010,1.200000
FILLER_20_140,VDD,Metal1,74.6490,93.9010,1.200000
FILLER_20_133,VDD,Metal1,71.2890,93.9010,1.200000
FILLER_20_126,VDD,Metal1,67.9290,93.9010,1.200000
FILLER_20_119,VDD,Metal1,64.5690,93.9010,1.200000
FILLER_20_112,VDD,Metal1,61.2090,93.9010,1.200000
FILLER_20_105,VDD,Metal1,57.8490,93.9010,1.200000
FILLER_20_98,VDD,Metal1,54.4890,93.9010,1.200000
FILLER_20_91,VDD,Metal1,51.1290,93.9010,1.200000
FILLER_20_84,VDD,Metal1,47.7690,93.9010,1.200000
FILLER_20_77,VDD,Metal1,44.4090,93.9010,1.200000
FILLER_20_70,VDD,Metal1,41.0490,93.9010,1.200000
FILLER_20_63,VDD,Metal1,37.6890,93.9010,1.200000
FILLER_20_56,VDD,Metal1,34.3290,93.9010,1.200000
FILLER_20_49,VDD,Metal1,30.9690,93.9010,1.200000
FILLER_20_42,VDD,Metal1,27.6090,93.9010,1.200000
FILLER_20_35,VDD,Metal1,24.2490,93.9010,1.200000
FILLER_20_28,VDD,Metal1,20.8890,93.9010,1.200000
FILLER_20_21,VDD,Metal1,17.5290,93.9010,1.200000
FILLER_20_14,VDD,Metal1,14.1690,93.9010,1.200000
FILLER_20_7,VDD,Metal1,10.8090,93.9010,1.200000
FILLER_20_0,VDD,Metal1,7.4490,93.9010,1.200000
FILLER_19_1099,VDD,Metal1,533.7600,86.9400,1.200000
FILLER_19_1092,VDD,Metal1,531.6090,87.5380,1.200000
FILLER_19_1085,VDD,Metal1,528.2490,87.5380,1.200000
FILLER_19_1078,VDD,Metal1,524.8890,87.5380,1.200000
FILLER_19_1071,VDD,Metal1,521.5290,87.5380,1.200000
FILLER_19_1064,VDD,Metal1,518.1690,87.5380,1.200000
FILLER_19_1057,VDD,Metal1,514.8090,87.5380,1.200000
FILLER_19_1050,VDD,Metal1,511.4490,87.5380,1.200000
FILLER_19_1043,VDD,Metal1,508.0890,87.5380,1.200000
FILLER_19_1036,VDD,Metal1,504.7290,87.5380,1.200000
FILLER_19_1029,VDD,Metal1,501.3690,87.5380,1.200000
FILLER_19_1022,VDD,Metal1,498.0090,87.5380,1.200000
FILLER_19_1015,VDD,Metal1,494.6490,87.5380,1.200000
FILLER_19_1008,VDD,Metal1,491.2890,87.5380,1.200000
FILLER_19_1001,VDD,Metal1,487.9290,87.5380,1.200000
FILLER_19_994,VDD,Metal1,484.5690,87.5380,1.200000
FILLER_19_987,VDD,Metal1,481.2090,87.5380,1.200000
FILLER_19_980,VDD,Metal1,477.8490,87.5380,1.200000
FILLER_19_973,VDD,Metal1,474.4890,87.5380,1.200000
FILLER_19_966,VDD,Metal1,471.1290,87.5380,1.200000
FILLER_19_959,VDD,Metal1,467.7690,87.5380,1.200000
FILLER_19_952,VDD,Metal1,464.4090,87.5380,1.200000
FILLER_19_945,VDD,Metal1,461.0490,87.5380,1.200000
FILLER_19_938,VDD,Metal1,457.6890,87.5380,1.200000
FILLER_19_931,VDD,Metal1,454.3290,87.5380,1.200000
FILLER_19_924,VDD,Metal1,450.9690,87.5380,1.200000
FILLER_19_917,VDD,Metal1,447.6090,87.5380,1.200000
FILLER_19_910,VDD,Metal1,444.2490,87.5380,1.200000
FILLER_19_903,VDD,Metal1,440.8890,87.5380,1.200000
FILLER_19_896,VDD,Metal1,437.5290,87.5380,1.200000
FILLER_19_889,VDD,Metal1,434.1690,87.5380,1.200000
FILLER_19_882,VDD,Metal1,430.8090,87.5380,1.200000
FILLER_19_875,VDD,Metal1,427.4490,87.5380,1.200000
FILLER_19_868,VDD,Metal1,424.0890,87.5380,1.200000
FILLER_19_861,VDD,Metal1,420.7290,87.5380,1.200000
FILLER_19_854,VDD,Metal1,417.3690,87.5380,1.200000
FILLER_19_847,VDD,Metal1,414.0090,87.5380,1.200000
FILLER_19_840,VDD,Metal1,410.6490,87.5380,1.200000
FILLER_19_833,VDD,Metal1,407.2890,87.5380,1.200000
FILLER_19_826,VDD,Metal1,403.9290,87.5380,1.200000
FILLER_19_819,VDD,Metal1,400.5690,87.5380,1.200000
FILLER_19_812,VDD,Metal1,397.2090,87.5380,1.200000
FILLER_19_805,VDD,Metal1,393.8490,87.5380,1.200000
FILLER_19_798,VDD,Metal1,390.4890,87.5380,1.200000
FILLER_19_791,VDD,Metal1,387.1290,87.5380,1.200000
FILLER_19_784,VDD,Metal1,383.7690,87.5380,1.200000
FILLER_19_777,VDD,Metal1,380.4090,87.5380,1.200000
FILLER_19_770,VDD,Metal1,377.0490,87.5380,1.200000
FILLER_19_763,VDD,Metal1,373.6890,87.5380,1.200000
FILLER_19_756,VDD,Metal1,370.3290,87.5380,1.200000
FILLER_19_749,VDD,Metal1,366.9690,87.5380,1.200000
FILLER_19_742,VDD,Metal1,363.6090,87.5380,1.200000
FILLER_19_735,VDD,Metal1,360.2490,87.5380,1.200000
FILLER_19_728,VDD,Metal1,356.8890,87.5380,1.200000
FILLER_19_721,VDD,Metal1,353.5290,87.5380,1.200000
FILLER_19_714,VDD,Metal1,350.1690,87.5380,1.200000
FILLER_19_707,VDD,Metal1,346.8090,87.5380,1.200000
FILLER_19_700,VDD,Metal1,343.4490,87.5380,1.200000
FILLER_19_693,VDD,Metal1,340.0890,87.5380,1.200000
FILLER_19_686,VDD,Metal1,336.7290,87.5380,1.200000
FILLER_19_679,VDD,Metal1,333.3690,87.5380,1.200000
FILLER_19_672,VDD,Metal1,330.0090,87.5380,1.200000
FILLER_19_665,VDD,Metal1,326.6490,87.5380,1.200000
FILLER_19_658,VDD,Metal1,323.2890,87.5380,1.200000
FILLER_19_651,VDD,Metal1,319.9290,87.5380,1.200000
FILLER_19_644,VDD,Metal1,316.5690,87.5380,1.200000
FILLER_19_637,VDD,Metal1,313.2090,87.5380,1.200000
FILLER_19_630,VDD,Metal1,309.8490,87.5380,1.200000
FILLER_19_623,VDD,Metal1,306.4890,87.5380,1.200000
FILLER_19_616,VDD,Metal1,303.1290,87.5380,1.200000
FILLER_19_609,VDD,Metal1,299.7690,87.5380,1.200000
FILLER_19_602,VDD,Metal1,296.4090,87.5380,1.200000
FILLER_19_595,VDD,Metal1,293.0490,87.5380,1.200000
FILLER_19_588,VDD,Metal1,289.6890,87.5380,1.200000
FILLER_19_581,VDD,Metal1,286.3290,87.5380,1.200000
FILLER_19_574,VDD,Metal1,282.9690,87.5380,1.200000
FILLER_19_567,VDD,Metal1,279.6090,87.5380,1.200000
FILLER_19_560,VDD,Metal1,276.2490,87.5380,1.200000
FILLER_19_553,VDD,Metal1,272.8890,87.5380,1.200000
FILLER_19_546,VDD,Metal1,269.5290,87.5380,1.200000
FILLER_19_539,VDD,Metal1,266.1690,87.5380,1.200000
FILLER_19_532,VDD,Metal1,262.8090,87.5380,1.200000
FILLER_19_525,VDD,Metal1,259.4490,87.5380,1.200000
FILLER_19_518,VDD,Metal1,256.0890,87.5380,1.200000
FILLER_19_511,VDD,Metal1,252.7290,87.5380,1.200000
FILLER_19_504,VDD,Metal1,249.3690,87.5380,1.200000
FILLER_19_497,VDD,Metal1,246.0090,87.5380,1.200000
FILLER_19_490,VDD,Metal1,242.6490,87.5380,1.200000
FILLER_19_483,VDD,Metal1,239.2890,87.5380,1.200000
FILLER_19_476,VDD,Metal1,235.9290,87.5380,1.200000
FILLER_19_469,VDD,Metal1,232.5690,87.5380,1.200000
FILLER_19_462,VDD,Metal1,229.2090,87.5380,1.200000
FILLER_19_455,VDD,Metal1,225.8490,87.5380,1.200000
FILLER_19_448,VDD,Metal1,222.4890,87.5380,1.200000
FILLER_19_441,VDD,Metal1,219.1290,87.5380,1.200000
FILLER_19_434,VDD,Metal1,215.7690,87.5380,1.200000
FILLER_19_427,VDD,Metal1,212.4090,87.5380,1.200000
FILLER_19_420,VDD,Metal1,209.0490,87.5380,1.200000
FILLER_19_413,VDD,Metal1,205.6890,87.5380,1.200000
FILLER_19_406,VDD,Metal1,202.3290,87.5380,1.200000
FILLER_19_399,VDD,Metal1,198.9690,87.5380,1.200000
FILLER_19_392,VDD,Metal1,195.6090,87.5380,1.200000
FILLER_19_385,VDD,Metal1,192.2490,87.5380,1.200000
FILLER_19_378,VDD,Metal1,188.8890,87.5380,1.200000
FILLER_19_371,VDD,Metal1,185.5290,87.5380,1.200000
FILLER_19_364,VDD,Metal1,182.1690,87.5380,1.200000
FILLER_19_357,VDD,Metal1,178.8090,87.5380,1.200000
FILLER_19_350,VDD,Metal1,175.4490,87.5380,1.200000
FILLER_19_343,VDD,Metal1,172.0890,87.5380,1.200000
FILLER_19_336,VDD,Metal1,168.7290,87.5380,1.200000
FILLER_19_329,VDD,Metal1,165.3690,87.5380,1.200000
FILLER_19_322,VDD,Metal1,162.0090,87.5380,1.200000
FILLER_19_315,VDD,Metal1,158.6490,87.5380,1.200000
FILLER_19_308,VDD,Metal1,155.2890,87.5380,1.200000
FILLER_19_301,VDD,Metal1,151.9290,87.5380,1.200000
FILLER_19_294,VDD,Metal1,148.5690,87.5380,1.200000
FILLER_19_287,VDD,Metal1,145.2090,87.5380,1.200000
FILLER_19_280,VDD,Metal1,141.8490,87.5380,1.200000
FILLER_19_273,VDD,Metal1,138.4890,87.5380,1.200000
FILLER_19_266,VDD,Metal1,135.1290,87.5380,1.200000
FILLER_19_259,VDD,Metal1,131.7690,87.5380,1.200000
FILLER_19_252,VDD,Metal1,128.4090,87.5380,1.200000
FILLER_19_245,VDD,Metal1,125.0490,87.5380,1.200000
FILLER_19_238,VDD,Metal1,121.6890,87.5380,1.200000
FILLER_19_231,VDD,Metal1,118.3290,87.5380,1.200000
FILLER_19_224,VDD,Metal1,114.9690,87.5380,1.200000
FILLER_19_217,VDD,Metal1,111.6090,87.5380,1.200000
FILLER_19_210,VDD,Metal1,108.2490,87.5380,1.200000
FILLER_19_203,VDD,Metal1,104.8890,87.5380,1.200000
FILLER_19_196,VDD,Metal1,101.5290,87.5380,1.200000
FILLER_19_189,VDD,Metal1,98.1690,87.5380,1.200000
FILLER_19_182,VDD,Metal1,94.8090,87.5380,1.200000
FILLER_19_175,VDD,Metal1,91.4490,87.5380,1.200000
FILLER_19_168,VDD,Metal1,88.0890,87.5380,1.200000
FILLER_19_161,VDD,Metal1,84.7290,87.5380,1.200000
FILLER_19_154,VDD,Metal1,81.3690,87.5380,1.200000
FILLER_19_147,VDD,Metal1,78.0090,87.5380,1.200000
FILLER_19_140,VDD,Metal1,74.6490,87.5380,1.200000
FILLER_19_133,VDD,Metal1,71.2890,87.5380,1.200000
FILLER_19_126,VDD,Metal1,67.9290,87.5380,1.200000
FILLER_19_119,VDD,Metal1,64.5690,87.5380,1.200000
FILLER_19_112,VDD,Metal1,61.2090,87.5380,1.200000
FILLER_19_105,VDD,Metal1,57.8490,87.5380,1.200000
FILLER_19_98,VDD,Metal1,54.4890,87.5380,1.200000
FILLER_19_91,VDD,Metal1,51.1290,87.5380,1.200000
FILLER_19_84,VDD,Metal1,47.7690,87.5380,1.200000
FILLER_19_77,VDD,Metal1,44.4090,87.5380,1.200000
FILLER_19_70,VDD,Metal1,41.0490,87.5380,1.200000
FILLER_19_63,VDD,Metal1,37.6890,87.5380,1.200000
FILLER_19_56,VDD,Metal1,34.3290,87.5380,1.200000
FILLER_19_49,VDD,Metal1,30.9690,87.5380,1.200000
FILLER_19_42,VDD,Metal1,27.6090,87.5380,1.200000
FILLER_19_35,VDD,Metal1,24.2490,87.5380,1.200000
FILLER_19_28,VDD,Metal1,20.8890,87.5380,1.200000
FILLER_19_21,VDD,Metal1,17.5290,87.5380,1.200000
FILLER_19_14,VDD,Metal1,14.1690,87.5380,1.200000
FILLER_19_7,VDD,Metal1,10.8090,87.5380,1.200000
FILLER_19_0,VDD,Metal1,7.4490,87.5380,1.200000
FILLER_18_1099,VDD,Metal1,533.7600,86.9400,1.200000
FILLER_18_1092,VDD,Metal1,531.6090,86.3410,1.200000
FILLER_18_1085,VDD,Metal1,528.2490,86.3410,1.200000
FILLER_18_1078,VDD,Metal1,524.8890,86.3410,1.200000
FILLER_18_1071,VDD,Metal1,521.5290,86.3410,1.200000
FILLER_18_1064,VDD,Metal1,518.1690,86.3410,1.200000
FILLER_18_1057,VDD,Metal1,514.8090,86.3410,1.200000
FILLER_18_1050,VDD,Metal1,511.4490,86.3410,1.200000
FILLER_18_1043,VDD,Metal1,508.0890,86.3410,1.200000
FILLER_18_1036,VDD,Metal1,504.7290,86.3410,1.200000
FILLER_18_1029,VDD,Metal1,501.3690,86.3410,1.200000
FILLER_18_1022,VDD,Metal1,498.0090,86.3410,1.200000
FILLER_18_1015,VDD,Metal1,494.6490,86.3410,1.200000
FILLER_18_1008,VDD,Metal1,491.2890,86.3410,1.200000
FILLER_18_1001,VDD,Metal1,487.9290,86.3410,1.200000
FILLER_18_994,VDD,Metal1,484.5690,86.3410,1.200000
FILLER_18_987,VDD,Metal1,481.2090,86.3410,1.200000
FILLER_18_980,VDD,Metal1,477.8490,86.3410,1.200000
FILLER_18_973,VDD,Metal1,474.4890,86.3410,1.200000
FILLER_18_966,VDD,Metal1,471.1290,86.3410,1.200000
FILLER_18_959,VDD,Metal1,467.7690,86.3410,1.200000
FILLER_18_952,VDD,Metal1,464.4090,86.3410,1.200000
FILLER_18_945,VDD,Metal1,461.0490,86.3410,1.200000
FILLER_18_938,VDD,Metal1,457.6890,86.3410,1.200000
FILLER_18_931,VDD,Metal1,454.3290,86.3410,1.200000
FILLER_18_924,VDD,Metal1,450.9690,86.3410,1.200000
FILLER_18_917,VDD,Metal1,447.6090,86.3410,1.200000
FILLER_18_910,VDD,Metal1,444.2490,86.3410,1.200000
FILLER_18_903,VDD,Metal1,440.8890,86.3410,1.200000
FILLER_18_896,VDD,Metal1,437.5290,86.3410,1.200000
FILLER_18_889,VDD,Metal1,434.1690,86.3410,1.200000
FILLER_18_882,VDD,Metal1,430.8090,86.3410,1.200000
FILLER_18_875,VDD,Metal1,427.4490,86.3410,1.200000
FILLER_18_868,VDD,Metal1,424.0890,86.3410,1.200000
FILLER_18_861,VDD,Metal1,420.7290,86.3410,1.200000
FILLER_18_854,VDD,Metal1,417.3690,86.3410,1.200000
FILLER_18_847,VDD,Metal1,414.0090,86.3410,1.200000
FILLER_18_840,VDD,Metal1,410.6490,86.3410,1.200000
FILLER_18_833,VDD,Metal1,407.2890,86.3410,1.200000
FILLER_18_826,VDD,Metal1,403.9290,86.3410,1.200000
FILLER_18_819,VDD,Metal1,400.5690,86.3410,1.200000
FILLER_18_812,VDD,Metal1,397.2090,86.3410,1.200000
FILLER_18_805,VDD,Metal1,393.8490,86.3410,1.200000
FILLER_18_798,VDD,Metal1,390.4890,86.3410,1.200000
FILLER_18_791,VDD,Metal1,387.1290,86.3410,1.200000
FILLER_18_784,VDD,Metal1,383.7690,86.3410,1.200000
FILLER_18_777,VDD,Metal1,380.4090,86.3410,1.200000
FILLER_18_770,VDD,Metal1,377.0490,86.3410,1.200000
FILLER_18_763,VDD,Metal1,373.6890,86.3410,1.200000
FILLER_18_756,VDD,Metal1,370.3290,86.3410,1.200000
FILLER_18_749,VDD,Metal1,366.9690,86.3410,1.200000
FILLER_18_742,VDD,Metal1,363.6090,86.3410,1.200000
FILLER_18_735,VDD,Metal1,360.2490,86.3410,1.200000
FILLER_18_728,VDD,Metal1,356.8890,86.3410,1.200000
FILLER_18_721,VDD,Metal1,353.5290,86.3410,1.200000
FILLER_18_714,VDD,Metal1,350.1690,86.3410,1.200000
FILLER_18_707,VDD,Metal1,346.8090,86.3410,1.200000
FILLER_18_700,VDD,Metal1,343.4490,86.3410,1.200000
FILLER_18_693,VDD,Metal1,340.0890,86.3410,1.200000
FILLER_18_686,VDD,Metal1,336.7290,86.3410,1.200000
FILLER_18_679,VDD,Metal1,333.3690,86.3410,1.200000
FILLER_18_672,VDD,Metal1,330.0090,86.3410,1.200000
FILLER_18_665,VDD,Metal1,326.6490,86.3410,1.200000
FILLER_18_658,VDD,Metal1,323.2890,86.3410,1.200000
FILLER_18_651,VDD,Metal1,319.9290,86.3410,1.200000
FILLER_18_644,VDD,Metal1,316.5690,86.3410,1.200000
FILLER_18_637,VDD,Metal1,313.2090,86.3410,1.200000
FILLER_18_630,VDD,Metal1,309.8490,86.3410,1.200000
FILLER_18_623,VDD,Metal1,306.4890,86.3410,1.200000
FILLER_18_616,VDD,Metal1,303.1290,86.3410,1.200000
FILLER_18_609,VDD,Metal1,299.7690,86.3410,1.200000
FILLER_18_602,VDD,Metal1,296.4090,86.3410,1.200000
FILLER_18_595,VDD,Metal1,293.0490,86.3410,1.200000
FILLER_18_588,VDD,Metal1,289.6890,86.3410,1.200000
FILLER_18_581,VDD,Metal1,286.3290,86.3410,1.200000
FILLER_18_574,VDD,Metal1,282.9690,86.3410,1.200000
FILLER_18_567,VDD,Metal1,279.6090,86.3410,1.200000
FILLER_18_560,VDD,Metal1,276.2490,86.3410,1.200000
FILLER_18_553,VDD,Metal1,272.8890,86.3410,1.200000
FILLER_18_546,VDD,Metal1,269.5290,86.3410,1.200000
FILLER_18_539,VDD,Metal1,266.1690,86.3410,1.200000
FILLER_18_532,VDD,Metal1,262.8090,86.3410,1.200000
FILLER_18_525,VDD,Metal1,259.4490,86.3410,1.200000
FILLER_18_518,VDD,Metal1,256.0890,86.3410,1.200000
FILLER_18_511,VDD,Metal1,252.7290,86.3410,1.200000
FILLER_18_504,VDD,Metal1,249.3690,86.3410,1.200000
FILLER_18_497,VDD,Metal1,246.0090,86.3410,1.200000
FILLER_18_490,VDD,Metal1,242.6490,86.3410,1.200000
FILLER_18_483,VDD,Metal1,239.2890,86.3410,1.200000
FILLER_18_476,VDD,Metal1,235.9290,86.3410,1.200000
FILLER_18_469,VDD,Metal1,232.5690,86.3410,1.200000
FILLER_18_462,VDD,Metal1,229.2090,86.3410,1.200000
FILLER_18_455,VDD,Metal1,225.8490,86.3410,1.200000
FILLER_18_448,VDD,Metal1,222.4890,86.3410,1.200000
FILLER_18_441,VDD,Metal1,219.1290,86.3410,1.200000
FILLER_18_434,VDD,Metal1,215.7690,86.3410,1.200000
FILLER_18_427,VDD,Metal1,212.4090,86.3410,1.200000
FILLER_18_420,VDD,Metal1,209.0490,86.3410,1.200000
FILLER_18_413,VDD,Metal1,205.6890,86.3410,1.200000
FILLER_18_406,VDD,Metal1,202.3290,86.3410,1.200000
FILLER_18_399,VDD,Metal1,198.9690,86.3410,1.200000
FILLER_18_392,VDD,Metal1,195.6090,86.3410,1.200000
FILLER_18_385,VDD,Metal1,192.2490,86.3410,1.200000
FILLER_18_378,VDD,Metal1,188.8890,86.3410,1.200000
FILLER_18_371,VDD,Metal1,185.5290,86.3410,1.200000
FILLER_18_364,VDD,Metal1,182.1690,86.3410,1.200000
FILLER_18_357,VDD,Metal1,178.8090,86.3410,1.200000
FILLER_18_350,VDD,Metal1,175.4490,86.3410,1.200000
FILLER_18_343,VDD,Metal1,172.0890,86.3410,1.200000
FILLER_18_336,VDD,Metal1,168.7290,86.3410,1.200000
FILLER_18_329,VDD,Metal1,165.3690,86.3410,1.200000
FILLER_18_322,VDD,Metal1,162.0090,86.3410,1.200000
FILLER_18_315,VDD,Metal1,158.6490,86.3410,1.200000
FILLER_18_308,VDD,Metal1,155.2890,86.3410,1.200000
FILLER_18_301,VDD,Metal1,151.9290,86.3410,1.200000
FILLER_18_294,VDD,Metal1,148.5690,86.3410,1.200000
FILLER_18_287,VDD,Metal1,145.2090,86.3410,1.200000
FILLER_18_280,VDD,Metal1,141.8490,86.3410,1.200000
FILLER_18_273,VDD,Metal1,138.4890,86.3410,1.200000
FILLER_18_266,VDD,Metal1,135.1290,86.3410,1.200000
FILLER_18_259,VDD,Metal1,131.7690,86.3410,1.200000
FILLER_18_252,VDD,Metal1,128.4090,86.3410,1.200000
FILLER_18_245,VDD,Metal1,125.0490,86.3410,1.200000
FILLER_18_238,VDD,Metal1,121.6890,86.3410,1.200000
FILLER_18_231,VDD,Metal1,118.3290,86.3410,1.200000
FILLER_18_224,VDD,Metal1,114.9690,86.3410,1.200000
FILLER_18_217,VDD,Metal1,111.6090,86.3410,1.200000
FILLER_18_210,VDD,Metal1,108.2490,86.3410,1.200000
FILLER_18_203,VDD,Metal1,104.8890,86.3410,1.200000
FILLER_18_196,VDD,Metal1,101.5290,86.3410,1.200000
FILLER_18_189,VDD,Metal1,98.1690,86.3410,1.200000
FILLER_18_182,VDD,Metal1,94.8090,86.3410,1.200000
FILLER_18_175,VDD,Metal1,91.4490,86.3410,1.200000
FILLER_18_168,VDD,Metal1,88.0890,86.3410,1.200000
FILLER_18_161,VDD,Metal1,84.7290,86.3410,1.200000
FILLER_18_154,VDD,Metal1,81.3690,86.3410,1.200000
FILLER_18_147,VDD,Metal1,78.0090,86.3410,1.200000
FILLER_18_140,VDD,Metal1,74.6490,86.3410,1.200000
FILLER_18_133,VDD,Metal1,71.2890,86.3410,1.200000
FILLER_18_126,VDD,Metal1,67.9290,86.3410,1.200000
FILLER_18_119,VDD,Metal1,64.5690,86.3410,1.200000
FILLER_18_112,VDD,Metal1,61.2090,86.3410,1.200000
FILLER_18_105,VDD,Metal1,57.8490,86.3410,1.200000
FILLER_18_98,VDD,Metal1,54.4890,86.3410,1.200000
FILLER_18_91,VDD,Metal1,51.1290,86.3410,1.200000
FILLER_18_84,VDD,Metal1,47.7690,86.3410,1.200000
FILLER_18_77,VDD,Metal1,44.4090,86.3410,1.200000
FILLER_18_70,VDD,Metal1,41.0490,86.3410,1.200000
FILLER_18_63,VDD,Metal1,37.6890,86.3410,1.200000
FILLER_18_56,VDD,Metal1,34.3290,86.3410,1.200000
FILLER_18_49,VDD,Metal1,30.9690,86.3410,1.200000
FILLER_18_42,VDD,Metal1,27.6090,86.3410,1.200000
FILLER_18_35,VDD,Metal1,24.2490,86.3410,1.200000
FILLER_18_28,VDD,Metal1,20.8890,86.3410,1.200000
FILLER_18_21,VDD,Metal1,17.5290,86.3410,1.200000
FILLER_18_14,VDD,Metal1,14.1690,86.3410,1.200000
FILLER_18_7,VDD,Metal1,10.8090,86.3410,1.200000
FILLER_18_0,VDD,Metal1,7.4490,86.3410,1.200000
FILLER_17_1099,VDD,Metal1,533.7600,79.3800,1.200000
FILLER_17_1092,VDD,Metal1,531.6090,79.9780,1.200000
FILLER_17_1085,VDD,Metal1,528.2490,79.9780,1.200000
FILLER_17_1078,VDD,Metal1,524.8890,79.9780,1.200000
FILLER_17_1071,VDD,Metal1,521.5290,79.9780,1.200000
FILLER_17_1064,VDD,Metal1,518.1690,79.9780,1.200000
FILLER_17_1057,VDD,Metal1,514.8090,79.9780,1.200000
FILLER_17_1050,VDD,Metal1,511.4490,79.9780,1.200000
FILLER_17_1043,VDD,Metal1,508.0890,79.9780,1.200000
FILLER_17_1036,VDD,Metal1,504.7290,79.9780,1.200000
FILLER_17_1029,VDD,Metal1,501.3690,79.9780,1.200000
FILLER_17_1022,VDD,Metal1,498.0090,79.9780,1.200000
FILLER_17_1015,VDD,Metal1,494.6490,79.9780,1.200000
FILLER_17_1008,VDD,Metal1,491.2890,79.9780,1.200000
FILLER_17_1001,VDD,Metal1,487.9290,79.9780,1.200000
FILLER_17_994,VDD,Metal1,484.5690,79.9780,1.200000
FILLER_17_987,VDD,Metal1,481.2090,79.9780,1.200000
FILLER_17_980,VDD,Metal1,477.8490,79.9780,1.200000
FILLER_17_973,VDD,Metal1,474.4890,79.9780,1.200000
FILLER_17_966,VDD,Metal1,471.1290,79.9780,1.200000
FILLER_17_959,VDD,Metal1,467.7690,79.9780,1.200000
FILLER_17_952,VDD,Metal1,464.4090,79.9780,1.200000
FILLER_17_945,VDD,Metal1,461.0490,79.9780,1.200000
FILLER_17_938,VDD,Metal1,457.6890,79.9780,1.200000
FILLER_17_931,VDD,Metal1,454.3290,79.9780,1.200000
FILLER_17_924,VDD,Metal1,450.9690,79.9780,1.200000
FILLER_17_917,VDD,Metal1,447.6090,79.9780,1.200000
FILLER_17_910,VDD,Metal1,444.2490,79.9780,1.200000
FILLER_17_903,VDD,Metal1,440.8890,79.9780,1.200000
FILLER_17_896,VDD,Metal1,437.5290,79.9780,1.200000
FILLER_17_889,VDD,Metal1,434.1690,79.9780,1.200000
FILLER_17_882,VDD,Metal1,430.8090,79.9780,1.200000
FILLER_17_875,VDD,Metal1,427.4490,79.9780,1.200000
FILLER_17_868,VDD,Metal1,424.0890,79.9780,1.200000
FILLER_17_861,VDD,Metal1,420.7290,79.9780,1.200000
FILLER_17_854,VDD,Metal1,417.3690,79.9780,1.200000
FILLER_17_847,VDD,Metal1,414.0090,79.9780,1.200000
FILLER_17_840,VDD,Metal1,410.6490,79.9780,1.200000
FILLER_17_833,VDD,Metal1,407.2890,79.9780,1.200000
FILLER_17_826,VDD,Metal1,403.9290,79.9780,1.200000
FILLER_17_819,VDD,Metal1,400.5690,79.9780,1.200000
FILLER_17_812,VDD,Metal1,397.2090,79.9780,1.200000
FILLER_17_805,VDD,Metal1,393.8490,79.9780,1.200000
FILLER_17_798,VDD,Metal1,390.4890,79.9780,1.200000
FILLER_17_791,VDD,Metal1,387.1290,79.9780,1.200000
FILLER_17_784,VDD,Metal1,383.7690,79.9780,1.200000
FILLER_17_777,VDD,Metal1,380.4090,79.9780,1.200000
FILLER_17_770,VDD,Metal1,377.0490,79.9780,1.200000
FILLER_17_763,VDD,Metal1,373.6890,79.9780,1.200000
FILLER_17_756,VDD,Metal1,370.3290,79.9780,1.200000
FILLER_17_749,VDD,Metal1,366.9690,79.9780,1.200000
FILLER_17_742,VDD,Metal1,363.6090,79.9780,1.200000
FILLER_17_735,VDD,Metal1,360.2490,79.9780,1.200000
FILLER_17_728,VDD,Metal1,356.8890,79.9780,1.200000
FILLER_17_721,VDD,Metal1,353.5290,79.9780,1.200000
FILLER_17_714,VDD,Metal1,350.1690,79.9780,1.200000
FILLER_17_707,VDD,Metal1,346.8090,79.9780,1.200000
FILLER_17_700,VDD,Metal1,343.4490,79.9780,1.200000
FILLER_17_693,VDD,Metal1,340.0890,79.9780,1.200000
FILLER_17_686,VDD,Metal1,336.7290,79.9780,1.200000
FILLER_17_679,VDD,Metal1,333.3690,79.9780,1.200000
FILLER_17_672,VDD,Metal1,330.0090,79.9780,1.200000
FILLER_17_665,VDD,Metal1,326.6490,79.9780,1.200000
FILLER_17_658,VDD,Metal1,323.2890,79.9780,1.200000
FILLER_17_651,VDD,Metal1,319.9290,79.9780,1.200000
FILLER_17_644,VDD,Metal1,316.5690,79.9780,1.200000
FILLER_17_637,VDD,Metal1,313.2090,79.9780,1.200000
FILLER_17_630,VDD,Metal1,309.8490,79.9780,1.200000
FILLER_17_623,VDD,Metal1,306.4890,79.9780,1.200000
FILLER_17_616,VDD,Metal1,303.1290,79.9780,1.200000
FILLER_17_609,VDD,Metal1,299.7690,79.9780,1.200000
FILLER_17_602,VDD,Metal1,296.4090,79.9780,1.200000
FILLER_17_595,VDD,Metal1,293.0490,79.9780,1.200000
FILLER_17_588,VDD,Metal1,289.6890,79.9780,1.200000
FILLER_17_581,VDD,Metal1,286.3290,79.9780,1.200000
FILLER_17_574,VDD,Metal1,282.9690,79.9780,1.200000
FILLER_17_567,VDD,Metal1,279.6090,79.9780,1.200000
FILLER_17_560,VDD,Metal1,276.2490,79.9780,1.200000
FILLER_17_553,VDD,Metal1,272.8890,79.9780,1.200000
FILLER_17_546,VDD,Metal1,269.5290,79.9780,1.200000
FILLER_17_539,VDD,Metal1,266.1690,79.9780,1.200000
FILLER_17_532,VDD,Metal1,262.8090,79.9780,1.200000
FILLER_17_525,VDD,Metal1,259.4490,79.9780,1.200000
FILLER_17_518,VDD,Metal1,256.0890,79.9780,1.200000
FILLER_17_511,VDD,Metal1,252.7290,79.9780,1.200000
FILLER_17_504,VDD,Metal1,249.3690,79.9780,1.200000
FILLER_17_497,VDD,Metal1,246.0090,79.9780,1.200000
FILLER_17_490,VDD,Metal1,242.6490,79.9780,1.200000
FILLER_17_483,VDD,Metal1,239.2890,79.9780,1.200000
FILLER_17_476,VDD,Metal1,235.9290,79.9780,1.200000
FILLER_17_469,VDD,Metal1,232.5690,79.9780,1.200000
FILLER_17_462,VDD,Metal1,229.2090,79.9780,1.200000
FILLER_17_455,VDD,Metal1,225.8490,79.9780,1.200000
FILLER_17_448,VDD,Metal1,222.4890,79.9780,1.200000
FILLER_17_441,VDD,Metal1,219.1290,79.9780,1.200000
FILLER_17_434,VDD,Metal1,215.7690,79.9780,1.200000
FILLER_17_427,VDD,Metal1,212.4090,79.9780,1.200000
FILLER_17_420,VDD,Metal1,209.0490,79.9780,1.200000
FILLER_17_413,VDD,Metal1,205.6890,79.9780,1.200000
FILLER_17_406,VDD,Metal1,202.3290,79.9780,1.200000
FILLER_17_399,VDD,Metal1,198.9690,79.9780,1.200000
FILLER_17_392,VDD,Metal1,195.6090,79.9780,1.200000
FILLER_17_385,VDD,Metal1,192.2490,79.9780,1.200000
FILLER_17_378,VDD,Metal1,188.8890,79.9780,1.200000
FILLER_17_371,VDD,Metal1,185.5290,79.9780,1.200000
FILLER_17_364,VDD,Metal1,182.1690,79.9780,1.200000
FILLER_17_357,VDD,Metal1,178.8090,79.9780,1.200000
FILLER_17_350,VDD,Metal1,175.4490,79.9780,1.200000
FILLER_17_343,VDD,Metal1,172.0890,79.9780,1.200000
FILLER_17_336,VDD,Metal1,168.7290,79.9780,1.200000
FILLER_17_329,VDD,Metal1,165.3690,79.9780,1.200000
FILLER_17_322,VDD,Metal1,162.0090,79.9780,1.200000
FILLER_17_315,VDD,Metal1,158.6490,79.9780,1.200000
FILLER_17_308,VDD,Metal1,155.2890,79.9780,1.200000
FILLER_17_301,VDD,Metal1,151.9290,79.9780,1.200000
FILLER_17_294,VDD,Metal1,148.5690,79.9780,1.200000
FILLER_17_287,VDD,Metal1,145.2090,79.9780,1.200000
FILLER_17_280,VDD,Metal1,141.8490,79.9780,1.200000
FILLER_17_273,VDD,Metal1,138.4890,79.9780,1.200000
FILLER_17_266,VDD,Metal1,135.1290,79.9780,1.200000
FILLER_17_259,VDD,Metal1,131.7690,79.9780,1.200000
FILLER_17_252,VDD,Metal1,128.4090,79.9780,1.200000
FILLER_17_245,VDD,Metal1,125.0490,79.9780,1.200000
FILLER_17_238,VDD,Metal1,121.6890,79.9780,1.200000
FILLER_17_231,VDD,Metal1,118.3290,79.9780,1.200000
FILLER_17_224,VDD,Metal1,114.9690,79.9780,1.200000
FILLER_17_217,VDD,Metal1,111.6090,79.9780,1.200000
FILLER_17_210,VDD,Metal1,108.2490,79.9780,1.200000
FILLER_17_203,VDD,Metal1,104.8890,79.9780,1.200000
FILLER_17_196,VDD,Metal1,101.5290,79.9780,1.200000
FILLER_17_189,VDD,Metal1,98.1690,79.9780,1.200000
FILLER_17_182,VDD,Metal1,94.8090,79.9780,1.200000
FILLER_17_175,VDD,Metal1,91.4490,79.9780,1.200000
FILLER_17_168,VDD,Metal1,88.0890,79.9780,1.200000
FILLER_17_161,VDD,Metal1,84.7290,79.9780,1.200000
FILLER_17_154,VDD,Metal1,81.3690,79.9780,1.200000
FILLER_17_147,VDD,Metal1,78.0090,79.9780,1.200000
FILLER_17_140,VDD,Metal1,74.6490,79.9780,1.200000
FILLER_17_133,VDD,Metal1,71.2890,79.9780,1.200000
FILLER_17_126,VDD,Metal1,67.9290,79.9780,1.200000
FILLER_17_119,VDD,Metal1,64.5690,79.9780,1.200000
FILLER_17_112,VDD,Metal1,61.2090,79.9780,1.200000
FILLER_17_105,VDD,Metal1,57.8490,79.9780,1.200000
FILLER_17_98,VDD,Metal1,54.4890,79.9780,1.200000
FILLER_17_91,VDD,Metal1,51.1290,79.9780,1.200000
FILLER_17_84,VDD,Metal1,47.7690,79.9780,1.200000
FILLER_17_77,VDD,Metal1,44.4090,79.9780,1.200000
FILLER_17_70,VDD,Metal1,41.0490,79.9780,1.200000
FILLER_17_63,VDD,Metal1,37.6890,79.9780,1.200000
FILLER_17_56,VDD,Metal1,34.3290,79.9780,1.200000
FILLER_17_49,VDD,Metal1,30.9690,79.9780,1.200000
FILLER_17_42,VDD,Metal1,27.6090,79.9780,1.200000
FILLER_17_35,VDD,Metal1,24.2490,79.9780,1.200000
FILLER_17_28,VDD,Metal1,20.8890,79.9780,1.200000
FILLER_17_21,VDD,Metal1,17.5290,79.9780,1.200000
FILLER_17_14,VDD,Metal1,14.1690,79.9780,1.200000
FILLER_17_7,VDD,Metal1,10.8090,79.9780,1.200000
FILLER_17_0,VDD,Metal1,7.4490,79.9780,1.200000
FILLER_16_1099,VDD,Metal1,533.7600,79.3800,1.200000
FILLER_16_1092,VDD,Metal1,531.6090,78.7810,1.200000
FILLER_16_1085,VDD,Metal1,528.2490,78.7810,1.200000
FILLER_16_1078,VDD,Metal1,524.8890,78.7810,1.200000
FILLER_16_1071,VDD,Metal1,521.5290,78.7810,1.200000
FILLER_16_1064,VDD,Metal1,518.1690,78.7810,1.200000
FILLER_16_1057,VDD,Metal1,514.8090,78.7810,1.200000
FILLER_16_1050,VDD,Metal1,511.4490,78.7810,1.200000
FILLER_16_1043,VDD,Metal1,508.0890,78.7810,1.200000
FILLER_16_1036,VDD,Metal1,504.7290,78.7810,1.200000
FILLER_16_1029,VDD,Metal1,501.3690,78.7810,1.200000
FILLER_16_1022,VDD,Metal1,498.0090,78.7810,1.200000
FILLER_16_1015,VDD,Metal1,494.6490,78.7810,1.200000
FILLER_16_1008,VDD,Metal1,491.2890,78.7810,1.200000
FILLER_16_1001,VDD,Metal1,487.9290,78.7810,1.200000
FILLER_16_994,VDD,Metal1,484.5690,78.7810,1.200000
FILLER_16_987,VDD,Metal1,481.2090,78.7810,1.200000
FILLER_16_980,VDD,Metal1,477.8490,78.7810,1.200000
FILLER_16_973,VDD,Metal1,474.4890,78.7810,1.200000
FILLER_16_966,VDD,Metal1,471.1290,78.7810,1.200000
FILLER_16_959,VDD,Metal1,467.7690,78.7810,1.200000
FILLER_16_952,VDD,Metal1,464.4090,78.7810,1.200000
FILLER_16_945,VDD,Metal1,461.0490,78.7810,1.200000
FILLER_16_938,VDD,Metal1,457.6890,78.7810,1.200000
FILLER_16_931,VDD,Metal1,454.3290,78.7810,1.200000
FILLER_16_924,VDD,Metal1,450.9690,78.7810,1.200000
FILLER_16_917,VDD,Metal1,447.6090,78.7810,1.200000
FILLER_16_910,VDD,Metal1,444.2490,78.7810,1.200000
FILLER_16_903,VDD,Metal1,440.8890,78.7810,1.200000
FILLER_16_896,VDD,Metal1,437.5290,78.7810,1.200000
FILLER_16_889,VDD,Metal1,434.1690,78.7810,1.200000
FILLER_16_882,VDD,Metal1,430.8090,78.7810,1.200000
FILLER_16_875,VDD,Metal1,427.4490,78.7810,1.200000
FILLER_16_868,VDD,Metal1,424.0890,78.7810,1.200000
FILLER_16_861,VDD,Metal1,420.7290,78.7810,1.200000
FILLER_16_854,VDD,Metal1,417.3690,78.7810,1.200000
FILLER_16_847,VDD,Metal1,414.0090,78.7810,1.200000
FILLER_16_840,VDD,Metal1,410.6490,78.7810,1.200000
FILLER_16_833,VDD,Metal1,407.2890,78.7810,1.200000
FILLER_16_826,VDD,Metal1,403.9290,78.7810,1.200000
FILLER_16_819,VDD,Metal1,400.5690,78.7810,1.200000
FILLER_16_812,VDD,Metal1,397.2090,78.7810,1.200000
FILLER_16_805,VDD,Metal1,393.8490,78.7810,1.200000
FILLER_16_798,VDD,Metal1,390.4890,78.7810,1.200000
FILLER_16_791,VDD,Metal1,387.1290,78.7810,1.200000
FILLER_16_784,VDD,Metal1,383.7690,78.7810,1.200000
FILLER_16_777,VDD,Metal1,380.4090,78.7810,1.200000
FILLER_16_770,VDD,Metal1,377.0490,78.7810,1.200000
FILLER_16_763,VDD,Metal1,373.6890,78.7810,1.200000
FILLER_16_756,VDD,Metal1,370.3290,78.7810,1.200000
FILLER_16_749,VDD,Metal1,366.9690,78.7810,1.200000
FILLER_16_742,VDD,Metal1,363.6090,78.7810,1.200000
FILLER_16_735,VDD,Metal1,360.2490,78.7810,1.200000
FILLER_16_728,VDD,Metal1,356.8890,78.7810,1.200000
FILLER_16_721,VDD,Metal1,353.5290,78.7810,1.200000
FILLER_16_714,VDD,Metal1,350.1690,78.7810,1.200000
FILLER_16_707,VDD,Metal1,346.8090,78.7810,1.200000
FILLER_16_700,VDD,Metal1,343.4490,78.7810,1.200000
FILLER_16_693,VDD,Metal1,340.0890,78.7810,1.200000
FILLER_16_686,VDD,Metal1,336.7290,78.7810,1.200000
FILLER_16_679,VDD,Metal1,333.3690,78.7810,1.200000
FILLER_16_672,VDD,Metal1,330.0090,78.7810,1.200000
FILLER_16_665,VDD,Metal1,326.6490,78.7810,1.200000
FILLER_16_658,VDD,Metal1,323.2890,78.7810,1.200000
FILLER_16_651,VDD,Metal1,319.9290,78.7810,1.200000
FILLER_16_644,VDD,Metal1,316.5690,78.7810,1.200000
FILLER_16_637,VDD,Metal1,313.2090,78.7810,1.200000
FILLER_16_630,VDD,Metal1,309.8490,78.7810,1.200000
FILLER_16_623,VDD,Metal1,306.4890,78.7810,1.200000
FILLER_16_616,VDD,Metal1,303.1290,78.7810,1.200000
FILLER_16_609,VDD,Metal1,299.7690,78.7810,1.200000
FILLER_16_602,VDD,Metal1,296.4090,78.7810,1.200000
FILLER_16_595,VDD,Metal1,293.0490,78.7810,1.200000
FILLER_16_588,VDD,Metal1,289.6890,78.7810,1.200000
FILLER_16_581,VDD,Metal1,286.3290,78.7810,1.200000
FILLER_16_574,VDD,Metal1,282.9690,78.7810,1.200000
FILLER_16_567,VDD,Metal1,279.6090,78.7810,1.200000
FILLER_16_560,VDD,Metal1,276.2490,78.7810,1.200000
FILLER_16_553,VDD,Metal1,272.8890,78.7810,1.200000
FILLER_16_546,VDD,Metal1,269.5290,78.7810,1.200000
FILLER_16_539,VDD,Metal1,266.1690,78.7810,1.200000
FILLER_16_532,VDD,Metal1,262.8090,78.7810,1.200000
FILLER_16_525,VDD,Metal1,259.4490,78.7810,1.200000
FILLER_16_518,VDD,Metal1,256.0890,78.7810,1.200000
FILLER_16_511,VDD,Metal1,252.7290,78.7810,1.200000
FILLER_16_504,VDD,Metal1,249.3690,78.7810,1.200000
FILLER_16_497,VDD,Metal1,246.0090,78.7810,1.200000
FILLER_16_490,VDD,Metal1,242.6490,78.7810,1.200000
FILLER_16_483,VDD,Metal1,239.2890,78.7810,1.200000
FILLER_16_476,VDD,Metal1,235.9290,78.7810,1.200000
FILLER_16_469,VDD,Metal1,232.5690,78.7810,1.200000
FILLER_16_462,VDD,Metal1,229.2090,78.7810,1.200000
FILLER_16_455,VDD,Metal1,225.8490,78.7810,1.200000
FILLER_16_448,VDD,Metal1,222.4890,78.7810,1.200000
FILLER_16_441,VDD,Metal1,219.1290,78.7810,1.200000
FILLER_16_434,VDD,Metal1,215.7690,78.7810,1.200000
FILLER_16_427,VDD,Metal1,212.4090,78.7810,1.200000
FILLER_16_420,VDD,Metal1,209.0490,78.7810,1.200000
FILLER_16_413,VDD,Metal1,205.6890,78.7810,1.200000
FILLER_16_406,VDD,Metal1,202.3290,78.7810,1.200000
FILLER_16_399,VDD,Metal1,198.9690,78.7810,1.200000
FILLER_16_392,VDD,Metal1,195.6090,78.7810,1.200000
FILLER_16_385,VDD,Metal1,192.2490,78.7810,1.200000
FILLER_16_378,VDD,Metal1,188.8890,78.7810,1.200000
FILLER_16_371,VDD,Metal1,185.5290,78.7810,1.200000
FILLER_16_364,VDD,Metal1,182.1690,78.7810,1.200000
FILLER_16_357,VDD,Metal1,178.8090,78.7810,1.200000
FILLER_16_350,VDD,Metal1,175.4490,78.7810,1.200000
FILLER_16_343,VDD,Metal1,172.0890,78.7810,1.200000
FILLER_16_336,VDD,Metal1,168.7290,78.7810,1.200000
FILLER_16_329,VDD,Metal1,165.3690,78.7810,1.200000
FILLER_16_322,VDD,Metal1,162.0090,78.7810,1.200000
FILLER_16_315,VDD,Metal1,158.6490,78.7810,1.200000
FILLER_16_308,VDD,Metal1,155.2890,78.7810,1.200000
FILLER_16_301,VDD,Metal1,151.9290,78.7810,1.200000
FILLER_16_294,VDD,Metal1,148.5690,78.7810,1.200000
FILLER_16_287,VDD,Metal1,145.2090,78.7810,1.200000
FILLER_16_280,VDD,Metal1,141.8490,78.7810,1.200000
FILLER_16_273,VDD,Metal1,138.4890,78.7810,1.200000
FILLER_16_266,VDD,Metal1,135.1290,78.7810,1.200000
FILLER_16_259,VDD,Metal1,131.7690,78.7810,1.200000
FILLER_16_252,VDD,Metal1,128.4090,78.7810,1.200000
FILLER_16_245,VDD,Metal1,125.0490,78.7810,1.200000
FILLER_16_238,VDD,Metal1,121.6890,78.7810,1.200000
FILLER_16_231,VDD,Metal1,118.3290,78.7810,1.200000
FILLER_16_224,VDD,Metal1,114.9690,78.7810,1.200000
FILLER_16_217,VDD,Metal1,111.6090,78.7810,1.200000
FILLER_16_210,VDD,Metal1,108.2490,78.7810,1.200000
FILLER_16_203,VDD,Metal1,104.8890,78.7810,1.200000
FILLER_16_196,VDD,Metal1,101.5290,78.7810,1.200000
FILLER_16_189,VDD,Metal1,98.1690,78.7810,1.200000
FILLER_16_182,VDD,Metal1,94.8090,78.7810,1.200000
FILLER_16_175,VDD,Metal1,91.4490,78.7810,1.200000
FILLER_16_168,VDD,Metal1,88.0890,78.7810,1.200000
FILLER_16_161,VDD,Metal1,84.7290,78.7810,1.200000
FILLER_16_154,VDD,Metal1,81.3690,78.7810,1.200000
FILLER_16_147,VDD,Metal1,78.0090,78.7810,1.200000
FILLER_16_140,VDD,Metal1,74.6490,78.7810,1.200000
FILLER_16_133,VDD,Metal1,71.2890,78.7810,1.200000
FILLER_16_126,VDD,Metal1,67.9290,78.7810,1.200000
FILLER_16_119,VDD,Metal1,64.5690,78.7810,1.200000
FILLER_16_112,VDD,Metal1,61.2090,78.7810,1.200000
FILLER_16_105,VDD,Metal1,57.8490,78.7810,1.200000
FILLER_16_98,VDD,Metal1,54.4890,78.7810,1.200000
FILLER_16_91,VDD,Metal1,51.1290,78.7810,1.200000
FILLER_16_84,VDD,Metal1,47.7690,78.7810,1.200000
FILLER_16_77,VDD,Metal1,44.4090,78.7810,1.200000
FILLER_16_70,VDD,Metal1,41.0490,78.7810,1.200000
FILLER_16_63,VDD,Metal1,37.6890,78.7810,1.200000
FILLER_16_56,VDD,Metal1,34.3290,78.7810,1.200000
FILLER_16_49,VDD,Metal1,30.9690,78.7810,1.200000
FILLER_16_42,VDD,Metal1,27.6090,78.7810,1.200000
FILLER_16_35,VDD,Metal1,24.2490,78.7810,1.200000
FILLER_16_28,VDD,Metal1,20.8890,78.7810,1.200000
FILLER_16_21,VDD,Metal1,17.5290,78.7810,1.200000
FILLER_16_14,VDD,Metal1,14.1690,78.7810,1.200000
FILLER_16_7,VDD,Metal1,10.8090,78.7810,1.200000
FILLER_16_0,VDD,Metal1,7.4490,78.7810,1.200000
FILLER_15_1099,VDD,Metal1,533.7600,71.8200,1.200000
FILLER_15_1092,VDD,Metal1,531.6090,72.4180,1.200000
FILLER_15_1085,VDD,Metal1,528.2490,72.4180,1.200000
FILLER_15_1078,VDD,Metal1,524.8890,72.4180,1.200000
FILLER_15_1071,VDD,Metal1,521.5290,72.4180,1.200000
FILLER_15_1064,VDD,Metal1,518.1690,72.4180,1.200000
FILLER_15_1057,VDD,Metal1,514.8090,72.4180,1.200000
FILLER_15_1050,VDD,Metal1,511.4490,72.4180,1.200000
FILLER_15_1043,VDD,Metal1,508.0890,72.4180,1.200000
FILLER_15_1036,VDD,Metal1,504.7290,72.4180,1.200000
FILLER_15_1029,VDD,Metal1,501.3690,72.4180,1.200000
FILLER_15_1022,VDD,Metal1,498.0090,72.4180,1.200000
FILLER_15_1015,VDD,Metal1,494.6490,72.4180,1.200000
FILLER_15_1008,VDD,Metal1,491.2890,72.4180,1.200000
FILLER_15_1001,VDD,Metal1,487.9290,72.4180,1.200000
FILLER_15_994,VDD,Metal1,484.5690,72.4180,1.200000
FILLER_15_987,VDD,Metal1,481.2090,72.4180,1.200000
FILLER_15_980,VDD,Metal1,477.8490,72.4180,1.200000
FILLER_15_973,VDD,Metal1,474.4890,72.4180,1.200000
FILLER_15_966,VDD,Metal1,471.1290,72.4180,1.200000
FILLER_15_959,VDD,Metal1,467.7690,72.4180,1.200000
FILLER_15_952,VDD,Metal1,464.4090,72.4180,1.200000
FILLER_15_945,VDD,Metal1,461.0490,72.4180,1.200000
FILLER_15_938,VDD,Metal1,457.6890,72.4180,1.200000
FILLER_15_931,VDD,Metal1,454.3290,72.4180,1.200000
FILLER_15_924,VDD,Metal1,450.9690,72.4180,1.200000
FILLER_15_917,VDD,Metal1,447.6090,72.4180,1.200000
FILLER_15_910,VDD,Metal1,444.2490,72.4180,1.200000
FILLER_15_903,VDD,Metal1,440.8890,72.4180,1.200000
FILLER_15_896,VDD,Metal1,437.5290,72.4180,1.200000
FILLER_15_889,VDD,Metal1,434.1690,72.4180,1.200000
FILLER_15_882,VDD,Metal1,430.8090,72.4180,1.200000
FILLER_15_875,VDD,Metal1,427.4490,72.4180,1.200000
FILLER_15_868,VDD,Metal1,424.0890,72.4180,1.200000
FILLER_15_861,VDD,Metal1,420.7290,72.4180,1.200000
FILLER_15_854,VDD,Metal1,417.3690,72.4180,1.200000
FILLER_15_847,VDD,Metal1,414.0090,72.4180,1.200000
FILLER_15_840,VDD,Metal1,410.6490,72.4180,1.200000
FILLER_15_833,VDD,Metal1,407.2890,72.4180,1.200000
FILLER_15_826,VDD,Metal1,403.9290,72.4180,1.200000
FILLER_15_819,VDD,Metal1,400.5690,72.4180,1.200000
FILLER_15_812,VDD,Metal1,397.2090,72.4180,1.200000
FILLER_15_805,VDD,Metal1,393.8490,72.4180,1.200000
FILLER_15_798,VDD,Metal1,390.4890,72.4180,1.200000
FILLER_15_791,VDD,Metal1,387.1290,72.4180,1.200000
FILLER_15_784,VDD,Metal1,383.7690,72.4180,1.200000
FILLER_15_777,VDD,Metal1,380.4090,72.4180,1.200000
FILLER_15_770,VDD,Metal1,377.0490,72.4180,1.200000
FILLER_15_763,VDD,Metal1,373.6890,72.4180,1.200000
FILLER_15_756,VDD,Metal1,370.3290,72.4180,1.200000
FILLER_15_749,VDD,Metal1,366.9690,72.4180,1.200000
FILLER_15_742,VDD,Metal1,363.6090,72.4180,1.200000
FILLER_15_735,VDD,Metal1,360.2490,72.4180,1.200000
FILLER_15_728,VDD,Metal1,356.8890,72.4180,1.200000
FILLER_15_721,VDD,Metal1,353.5290,72.4180,1.200000
FILLER_15_714,VDD,Metal1,350.1690,72.4180,1.200000
FILLER_15_707,VDD,Metal1,346.8090,72.4180,1.200000
FILLER_15_700,VDD,Metal1,343.4490,72.4180,1.200000
FILLER_15_693,VDD,Metal1,340.0890,72.4180,1.200000
FILLER_15_686,VDD,Metal1,336.7290,72.4180,1.200000
FILLER_15_679,VDD,Metal1,333.3690,72.4180,1.200000
FILLER_15_672,VDD,Metal1,330.0090,72.4180,1.200000
FILLER_15_665,VDD,Metal1,326.6490,72.4180,1.200000
FILLER_15_658,VDD,Metal1,323.2890,72.4180,1.200000
FILLER_15_651,VDD,Metal1,319.9290,72.4180,1.200000
FILLER_15_644,VDD,Metal1,316.5690,72.4180,1.200000
FILLER_15_637,VDD,Metal1,313.2090,72.4180,1.200000
FILLER_15_630,VDD,Metal1,309.8490,72.4180,1.200000
FILLER_15_623,VDD,Metal1,306.4890,72.4180,1.200000
FILLER_15_616,VDD,Metal1,303.1290,72.4180,1.200000
FILLER_15_609,VDD,Metal1,299.7690,72.4180,1.200000
FILLER_15_602,VDD,Metal1,296.4090,72.4180,1.200000
FILLER_15_595,VDD,Metal1,293.0490,72.4180,1.200000
FILLER_15_588,VDD,Metal1,289.6890,72.4180,1.200000
FILLER_15_581,VDD,Metal1,286.3290,72.4180,1.200000
FILLER_15_574,VDD,Metal1,282.9690,72.4180,1.200000
FILLER_15_567,VDD,Metal1,279.6090,72.4180,1.200000
FILLER_15_560,VDD,Metal1,276.2490,72.4180,1.200000
FILLER_15_553,VDD,Metal1,272.8890,72.4180,1.200000
FILLER_15_546,VDD,Metal1,269.5290,72.4180,1.200000
FILLER_15_539,VDD,Metal1,266.1690,72.4180,1.200000
FILLER_15_532,VDD,Metal1,262.8090,72.4180,1.200000
FILLER_15_525,VDD,Metal1,259.4490,72.4180,1.200000
FILLER_15_518,VDD,Metal1,256.0890,72.4180,1.200000
FILLER_15_511,VDD,Metal1,252.7290,72.4180,1.200000
FILLER_15_504,VDD,Metal1,249.3690,72.4180,1.200000
FILLER_15_497,VDD,Metal1,246.0090,72.4180,1.200000
FILLER_15_490,VDD,Metal1,242.6490,72.4180,1.200000
FILLER_15_483,VDD,Metal1,239.2890,72.4180,1.200000
FILLER_15_476,VDD,Metal1,235.9290,72.4180,1.200000
FILLER_15_469,VDD,Metal1,232.5690,72.4180,1.200000
FILLER_15_462,VDD,Metal1,229.2090,72.4180,1.200000
FILLER_15_455,VDD,Metal1,225.8490,72.4180,1.200000
FILLER_15_448,VDD,Metal1,222.4890,72.4180,1.200000
FILLER_15_441,VDD,Metal1,219.1290,72.4180,1.200000
FILLER_15_434,VDD,Metal1,215.7690,72.4180,1.200000
FILLER_15_427,VDD,Metal1,212.4090,72.4180,1.200000
FILLER_15_420,VDD,Metal1,209.0490,72.4180,1.200000
FILLER_15_413,VDD,Metal1,205.6890,72.4180,1.200000
FILLER_15_406,VDD,Metal1,202.3290,72.4180,1.200000
FILLER_15_399,VDD,Metal1,198.9690,72.4180,1.200000
FILLER_15_392,VDD,Metal1,195.6090,72.4180,1.200000
FILLER_15_385,VDD,Metal1,192.2490,72.4180,1.200000
FILLER_15_378,VDD,Metal1,188.8890,72.4180,1.200000
FILLER_15_371,VDD,Metal1,185.5290,72.4180,1.200000
FILLER_15_364,VDD,Metal1,182.1690,72.4180,1.200000
FILLER_15_357,VDD,Metal1,178.8090,72.4180,1.200000
FILLER_15_350,VDD,Metal1,175.4490,72.4180,1.200000
FILLER_15_343,VDD,Metal1,172.0890,72.4180,1.200000
FILLER_15_336,VDD,Metal1,168.7290,72.4180,1.200000
FILLER_15_329,VDD,Metal1,165.3690,72.4180,1.200000
FILLER_15_322,VDD,Metal1,162.0090,72.4180,1.200000
FILLER_15_315,VDD,Metal1,158.6490,72.4180,1.200000
FILLER_15_308,VDD,Metal1,155.2890,72.4180,1.200000
FILLER_15_301,VDD,Metal1,151.9290,72.4180,1.200000
FILLER_15_294,VDD,Metal1,148.5690,72.4180,1.200000
FILLER_15_287,VDD,Metal1,145.2090,72.4180,1.200000
FILLER_15_280,VDD,Metal1,141.8490,72.4180,1.200000
FILLER_15_273,VDD,Metal1,138.4890,72.4180,1.200000
FILLER_15_266,VDD,Metal1,135.1290,72.4180,1.200000
FILLER_15_259,VDD,Metal1,131.7690,72.4180,1.200000
FILLER_15_252,VDD,Metal1,128.4090,72.4180,1.200000
FILLER_15_245,VDD,Metal1,125.0490,72.4180,1.200000
FILLER_15_238,VDD,Metal1,121.6890,72.4180,1.200000
FILLER_15_231,VDD,Metal1,118.3290,72.4180,1.200000
FILLER_15_224,VDD,Metal1,114.9690,72.4180,1.200000
FILLER_15_217,VDD,Metal1,111.6090,72.4180,1.200000
FILLER_15_210,VDD,Metal1,108.2490,72.4180,1.200000
FILLER_15_203,VDD,Metal1,104.8890,72.4180,1.200000
FILLER_15_196,VDD,Metal1,101.5290,72.4180,1.200000
FILLER_15_189,VDD,Metal1,98.1690,72.4180,1.200000
FILLER_15_182,VDD,Metal1,94.8090,72.4180,1.200000
FILLER_15_175,VDD,Metal1,91.4490,72.4180,1.200000
FILLER_15_168,VDD,Metal1,88.0890,72.4180,1.200000
FILLER_15_161,VDD,Metal1,84.7290,72.4180,1.200000
FILLER_15_154,VDD,Metal1,81.3690,72.4180,1.200000
FILLER_15_147,VDD,Metal1,78.0090,72.4180,1.200000
FILLER_15_140,VDD,Metal1,74.6490,72.4180,1.200000
FILLER_15_133,VDD,Metal1,71.2890,72.4180,1.200000
FILLER_15_126,VDD,Metal1,67.9290,72.4180,1.200000
FILLER_15_119,VDD,Metal1,64.5690,72.4180,1.200000
FILLER_15_112,VDD,Metal1,61.2090,72.4180,1.200000
FILLER_15_105,VDD,Metal1,57.8490,72.4180,1.200000
FILLER_15_98,VDD,Metal1,54.4890,72.4180,1.200000
FILLER_15_91,VDD,Metal1,51.1290,72.4180,1.200000
FILLER_15_84,VDD,Metal1,47.7690,72.4180,1.200000
FILLER_15_77,VDD,Metal1,44.4090,72.4180,1.200000
FILLER_15_70,VDD,Metal1,41.0490,72.4180,1.200000
FILLER_15_63,VDD,Metal1,37.6890,72.4180,1.200000
FILLER_15_56,VDD,Metal1,34.3290,72.4180,1.200000
FILLER_15_49,VDD,Metal1,30.9690,72.4180,1.200000
FILLER_15_42,VDD,Metal1,27.6090,72.4180,1.200000
FILLER_15_35,VDD,Metal1,24.2490,72.4180,1.200000
FILLER_15_28,VDD,Metal1,20.8890,72.4180,1.200000
FILLER_15_21,VDD,Metal1,17.5290,72.4180,1.200000
FILLER_15_14,VDD,Metal1,14.1690,72.4180,1.200000
FILLER_15_7,VDD,Metal1,10.8090,72.4180,1.200000
FILLER_15_0,VDD,Metal1,7.4490,72.4180,1.200000
FILLER_14_1099,VDD,Metal1,533.7600,71.8200,1.200000
FILLER_14_1092,VDD,Metal1,531.6090,71.2210,1.200000
FILLER_14_1085,VDD,Metal1,528.2490,71.2210,1.200000
FILLER_14_1078,VDD,Metal1,524.8890,71.2210,1.200000
FILLER_14_1071,VDD,Metal1,521.5290,71.2210,1.200000
FILLER_14_1064,VDD,Metal1,518.1690,71.2210,1.200000
FILLER_14_1057,VDD,Metal1,514.8090,71.2210,1.200000
FILLER_14_1050,VDD,Metal1,511.4490,71.2210,1.200000
FILLER_14_1043,VDD,Metal1,508.0890,71.2210,1.200000
FILLER_14_1036,VDD,Metal1,504.7290,71.2210,1.200000
FILLER_14_1029,VDD,Metal1,501.3690,71.2210,1.200000
FILLER_14_1022,VDD,Metal1,498.0090,71.2210,1.200000
FILLER_14_1015,VDD,Metal1,494.6490,71.2210,1.200000
FILLER_14_1008,VDD,Metal1,491.2890,71.2210,1.200000
FILLER_14_1001,VDD,Metal1,487.9290,71.2210,1.200000
FILLER_14_994,VDD,Metal1,484.5690,71.2210,1.200000
FILLER_14_987,VDD,Metal1,481.2090,71.2210,1.200000
FILLER_14_980,VDD,Metal1,477.8490,71.2210,1.200000
FILLER_14_973,VDD,Metal1,474.4890,71.2210,1.200000
FILLER_14_966,VDD,Metal1,471.1290,71.2210,1.200000
FILLER_14_959,VDD,Metal1,467.7690,71.2210,1.200000
FILLER_14_952,VDD,Metal1,464.4090,71.2210,1.200000
FILLER_14_945,VDD,Metal1,461.0490,71.2210,1.200000
FILLER_14_938,VDD,Metal1,457.6890,71.2210,1.200000
FILLER_14_931,VDD,Metal1,454.3290,71.2210,1.200000
FILLER_14_924,VDD,Metal1,450.9690,71.2210,1.200000
FILLER_14_917,VDD,Metal1,447.6090,71.2210,1.200000
FILLER_14_910,VDD,Metal1,444.2490,71.2210,1.200000
FILLER_14_903,VDD,Metal1,440.8890,71.2210,1.200000
FILLER_14_896,VDD,Metal1,437.5290,71.2210,1.200000
FILLER_14_889,VDD,Metal1,434.1690,71.2210,1.200000
FILLER_14_882,VDD,Metal1,430.8090,71.2210,1.200000
FILLER_14_875,VDD,Metal1,427.4490,71.2210,1.200000
FILLER_14_868,VDD,Metal1,424.0890,71.2210,1.200000
FILLER_14_861,VDD,Metal1,420.7290,71.2210,1.200000
FILLER_14_854,VDD,Metal1,417.3690,71.2210,1.200000
FILLER_14_847,VDD,Metal1,414.0090,71.2210,1.200000
FILLER_14_840,VDD,Metal1,410.6490,71.2210,1.200000
FILLER_14_833,VDD,Metal1,407.2890,71.2210,1.200000
FILLER_14_826,VDD,Metal1,403.9290,71.2210,1.200000
FILLER_14_819,VDD,Metal1,400.5690,71.2210,1.200000
FILLER_14_812,VDD,Metal1,397.2090,71.2210,1.200000
FILLER_14_805,VDD,Metal1,393.8490,71.2210,1.200000
FILLER_14_798,VDD,Metal1,390.4890,71.2210,1.200000
FILLER_14_791,VDD,Metal1,387.1290,71.2210,1.200000
FILLER_14_784,VDD,Metal1,383.7690,71.2210,1.200000
FILLER_14_777,VDD,Metal1,380.4090,71.2210,1.200000
FILLER_14_770,VDD,Metal1,377.0490,71.2210,1.200000
FILLER_14_763,VDD,Metal1,373.6890,71.2210,1.200000
FILLER_14_756,VDD,Metal1,370.3290,71.2210,1.200000
FILLER_14_749,VDD,Metal1,366.9690,71.2210,1.200000
FILLER_14_742,VDD,Metal1,363.6090,71.2210,1.200000
FILLER_14_735,VDD,Metal1,360.2490,71.2210,1.200000
FILLER_14_728,VDD,Metal1,356.8890,71.2210,1.200000
FILLER_14_721,VDD,Metal1,353.5290,71.2210,1.200000
FILLER_14_714,VDD,Metal1,350.1690,71.2210,1.200000
FILLER_14_707,VDD,Metal1,346.8090,71.2210,1.200000
FILLER_14_700,VDD,Metal1,343.4490,71.2210,1.200000
FILLER_14_693,VDD,Metal1,340.0890,71.2210,1.200000
FILLER_14_686,VDD,Metal1,336.7290,71.2210,1.200000
FILLER_14_679,VDD,Metal1,333.3690,71.2210,1.200000
FILLER_14_672,VDD,Metal1,330.0090,71.2210,1.200000
FILLER_14_665,VDD,Metal1,326.6490,71.2210,1.200000
FILLER_14_658,VDD,Metal1,323.2890,71.2210,1.200000
FILLER_14_651,VDD,Metal1,319.9290,71.2210,1.200000
FILLER_14_644,VDD,Metal1,316.5690,71.2210,1.200000
FILLER_14_637,VDD,Metal1,313.2090,71.2210,1.200000
FILLER_14_630,VDD,Metal1,309.8490,71.2210,1.200000
FILLER_14_623,VDD,Metal1,306.4890,71.2210,1.200000
FILLER_14_616,VDD,Metal1,303.1290,71.2210,1.200000
FILLER_14_609,VDD,Metal1,299.7690,71.2210,1.200000
FILLER_14_602,VDD,Metal1,296.4090,71.2210,1.200000
FILLER_14_595,VDD,Metal1,293.0490,71.2210,1.200000
FILLER_14_588,VDD,Metal1,289.6890,71.2210,1.200000
FILLER_14_581,VDD,Metal1,286.3290,71.2210,1.200000
FILLER_14_574,VDD,Metal1,282.9690,71.2210,1.200000
FILLER_14_567,VDD,Metal1,279.6090,71.2210,1.200000
FILLER_14_560,VDD,Metal1,276.2490,71.2210,1.200000
FILLER_14_553,VDD,Metal1,272.8890,71.2210,1.200000
FILLER_14_546,VDD,Metal1,269.5290,71.2210,1.200000
FILLER_14_539,VDD,Metal1,266.1690,71.2210,1.200000
FILLER_14_532,VDD,Metal1,262.8090,71.2210,1.200000
FILLER_14_525,VDD,Metal1,259.4490,71.2210,1.200000
FILLER_14_518,VDD,Metal1,256.0890,71.2210,1.200000
FILLER_14_511,VDD,Metal1,252.7290,71.2210,1.200000
FILLER_14_504,VDD,Metal1,249.3690,71.2210,1.200000
FILLER_14_497,VDD,Metal1,246.0090,71.2210,1.200000
FILLER_14_490,VDD,Metal1,242.6490,71.2210,1.200000
FILLER_14_483,VDD,Metal1,239.2890,71.2210,1.200000
FILLER_14_476,VDD,Metal1,235.9290,71.2210,1.200000
FILLER_14_469,VDD,Metal1,232.5690,71.2210,1.200000
FILLER_14_462,VDD,Metal1,229.2090,71.2210,1.200000
FILLER_14_455,VDD,Metal1,225.8490,71.2210,1.200000
FILLER_14_448,VDD,Metal1,222.4890,71.2210,1.200000
FILLER_14_441,VDD,Metal1,219.1290,71.2210,1.200000
FILLER_14_434,VDD,Metal1,215.7690,71.2210,1.200000
FILLER_14_427,VDD,Metal1,212.4090,71.2210,1.200000
FILLER_14_420,VDD,Metal1,209.0490,71.2210,1.200000
FILLER_14_413,VDD,Metal1,205.6890,71.2210,1.200000
FILLER_14_406,VDD,Metal1,202.3290,71.2210,1.200000
FILLER_14_399,VDD,Metal1,198.9690,71.2210,1.200000
FILLER_14_392,VDD,Metal1,195.6090,71.2210,1.200000
FILLER_14_385,VDD,Metal1,192.2490,71.2210,1.200000
FILLER_14_378,VDD,Metal1,188.8890,71.2210,1.200000
FILLER_14_371,VDD,Metal1,185.5290,71.2210,1.200000
FILLER_14_364,VDD,Metal1,182.1690,71.2210,1.200000
FILLER_14_357,VDD,Metal1,178.8090,71.2210,1.200000
FILLER_14_350,VDD,Metal1,175.4490,71.2210,1.200000
FILLER_14_343,VDD,Metal1,172.0890,71.2210,1.200000
FILLER_14_336,VDD,Metal1,168.7290,71.2210,1.200000
FILLER_14_329,VDD,Metal1,165.3690,71.2210,1.200000
FILLER_14_322,VDD,Metal1,162.0090,71.2210,1.200000
FILLER_14_315,VDD,Metal1,158.6490,71.2210,1.200000
FILLER_14_308,VDD,Metal1,155.2890,71.2210,1.200000
FILLER_14_301,VDD,Metal1,151.9290,71.2210,1.200000
FILLER_14_294,VDD,Metal1,148.5690,71.2210,1.200000
FILLER_14_287,VDD,Metal1,145.2090,71.2210,1.200000
FILLER_14_280,VDD,Metal1,141.8490,71.2210,1.200000
FILLER_14_273,VDD,Metal1,138.4890,71.2210,1.200000
FILLER_14_266,VDD,Metal1,135.1290,71.2210,1.200000
FILLER_14_259,VDD,Metal1,131.7690,71.2210,1.200000
FILLER_14_252,VDD,Metal1,128.4090,71.2210,1.200000
FILLER_14_245,VDD,Metal1,125.0490,71.2210,1.200000
FILLER_14_238,VDD,Metal1,121.6890,71.2210,1.200000
FILLER_14_231,VDD,Metal1,118.3290,71.2210,1.200000
FILLER_14_224,VDD,Metal1,114.9690,71.2210,1.200000
FILLER_14_217,VDD,Metal1,111.6090,71.2210,1.200000
FILLER_14_210,VDD,Metal1,108.2490,71.2210,1.200000
FILLER_14_203,VDD,Metal1,104.8890,71.2210,1.200000
FILLER_14_196,VDD,Metal1,101.5290,71.2210,1.200000
FILLER_14_189,VDD,Metal1,98.1690,71.2210,1.200000
FILLER_14_182,VDD,Metal1,94.8090,71.2210,1.200000
FILLER_14_175,VDD,Metal1,91.4490,71.2210,1.200000
FILLER_14_168,VDD,Metal1,88.0890,71.2210,1.200000
FILLER_14_161,VDD,Metal1,84.7290,71.2210,1.200000
FILLER_14_154,VDD,Metal1,81.3690,71.2210,1.200000
FILLER_14_147,VDD,Metal1,78.0090,71.2210,1.200000
FILLER_14_140,VDD,Metal1,74.6490,71.2210,1.200000
FILLER_14_133,VDD,Metal1,71.2890,71.2210,1.200000
FILLER_14_126,VDD,Metal1,67.9290,71.2210,1.200000
FILLER_14_119,VDD,Metal1,64.5690,71.2210,1.200000
FILLER_14_112,VDD,Metal1,61.2090,71.2210,1.200000
FILLER_14_105,VDD,Metal1,57.8490,71.2210,1.200000
FILLER_14_98,VDD,Metal1,54.4890,71.2210,1.200000
FILLER_14_91,VDD,Metal1,51.1290,71.2210,1.200000
FILLER_14_84,VDD,Metal1,47.7690,71.2210,1.200000
FILLER_14_77,VDD,Metal1,44.4090,71.2210,1.200000
FILLER_14_70,VDD,Metal1,41.0490,71.2210,1.200000
FILLER_14_63,VDD,Metal1,37.6890,71.2210,1.200000
FILLER_14_56,VDD,Metal1,34.3290,71.2210,1.200000
FILLER_14_49,VDD,Metal1,30.9690,71.2210,1.200000
FILLER_14_42,VDD,Metal1,27.6090,71.2210,1.200000
FILLER_14_35,VDD,Metal1,24.2490,71.2210,1.200000
FILLER_14_28,VDD,Metal1,20.8890,71.2210,1.200000
FILLER_14_21,VDD,Metal1,17.5290,71.2210,1.200000
FILLER_14_14,VDD,Metal1,14.1690,71.2210,1.200000
FILLER_14_7,VDD,Metal1,10.8090,71.2210,1.200000
FILLER_14_0,VDD,Metal1,7.4490,71.2210,1.200000
FILLER_13_1099,VDD,Metal1,533.7600,64.2600,1.200000
FILLER_13_1092,VDD,Metal1,531.6090,64.8580,1.200000
FILLER_13_1085,VDD,Metal1,528.2490,64.8580,1.200000
FILLER_13_1078,VDD,Metal1,524.8890,64.8580,1.200000
FILLER_13_1071,VDD,Metal1,521.5290,64.8580,1.200000
FILLER_13_1064,VDD,Metal1,518.1690,64.8580,1.200000
FILLER_13_1057,VDD,Metal1,514.8090,64.8580,1.200000
FILLER_13_1050,VDD,Metal1,511.4490,64.8580,1.200000
FILLER_13_1043,VDD,Metal1,508.0890,64.8580,1.200000
FILLER_13_1036,VDD,Metal1,504.7290,64.8580,1.200000
FILLER_13_1029,VDD,Metal1,501.3690,64.8580,1.200000
FILLER_13_1022,VDD,Metal1,498.0090,64.8580,1.200000
FILLER_13_1015,VDD,Metal1,494.6490,64.8580,1.200000
FILLER_13_1008,VDD,Metal1,491.2890,64.8580,1.200000
FILLER_13_1001,VDD,Metal1,487.9290,64.8580,1.200000
FILLER_13_994,VDD,Metal1,484.5690,64.8580,1.200000
FILLER_13_987,VDD,Metal1,481.2090,64.8580,1.200000
FILLER_13_980,VDD,Metal1,477.8490,64.8580,1.200000
FILLER_13_973,VDD,Metal1,474.4890,64.8580,1.200000
FILLER_13_966,VDD,Metal1,471.1290,64.8580,1.200000
FILLER_13_959,VDD,Metal1,467.7690,64.8580,1.200000
FILLER_13_952,VDD,Metal1,464.4090,64.8580,1.200000
FILLER_13_945,VDD,Metal1,461.0490,64.8580,1.200000
FILLER_13_938,VDD,Metal1,457.6890,64.8580,1.200000
FILLER_13_931,VDD,Metal1,454.3290,64.8580,1.200000
FILLER_13_924,VDD,Metal1,450.9690,64.8580,1.200000
FILLER_13_917,VDD,Metal1,447.6090,64.8580,1.200000
FILLER_13_910,VDD,Metal1,444.2490,64.8580,1.200000
FILLER_13_903,VDD,Metal1,440.8890,64.8580,1.200000
FILLER_13_896,VDD,Metal1,437.5290,64.8580,1.200000
FILLER_13_889,VDD,Metal1,434.1690,64.8580,1.200000
FILLER_13_882,VDD,Metal1,430.8090,64.8580,1.200000
FILLER_13_875,VDD,Metal1,427.4490,64.8580,1.200000
FILLER_13_868,VDD,Metal1,424.0890,64.8580,1.200000
FILLER_13_861,VDD,Metal1,420.7290,64.8580,1.200000
FILLER_13_854,VDD,Metal1,417.3690,64.8580,1.200000
FILLER_13_847,VDD,Metal1,414.0090,64.8580,1.200000
FILLER_13_840,VDD,Metal1,410.6490,64.8580,1.200000
FILLER_13_833,VDD,Metal1,407.2890,64.8580,1.200000
FILLER_13_826,VDD,Metal1,403.9290,64.8580,1.200000
FILLER_13_819,VDD,Metal1,400.5690,64.8580,1.200000
FILLER_13_812,VDD,Metal1,397.2090,64.8580,1.200000
FILLER_13_805,VDD,Metal1,393.8490,64.8580,1.200000
FILLER_13_798,VDD,Metal1,390.4890,64.8580,1.200000
FILLER_13_791,VDD,Metal1,387.1290,64.8580,1.200000
FILLER_13_784,VDD,Metal1,383.7690,64.8580,1.200000
FILLER_13_777,VDD,Metal1,380.4090,64.8580,1.200000
FILLER_13_770,VDD,Metal1,377.0490,64.8580,1.200000
FILLER_13_763,VDD,Metal1,373.6890,64.8580,1.200000
FILLER_13_756,VDD,Metal1,370.3290,64.8580,1.200000
FILLER_13_749,VDD,Metal1,366.9690,64.8580,1.200000
FILLER_13_742,VDD,Metal1,363.6090,64.8580,1.200000
FILLER_13_735,VDD,Metal1,360.2490,64.8580,1.200000
FILLER_13_728,VDD,Metal1,356.8890,64.8580,1.200000
FILLER_13_721,VDD,Metal1,353.5290,64.8580,1.200000
FILLER_13_714,VDD,Metal1,350.1690,64.8580,1.200000
FILLER_13_707,VDD,Metal1,346.8090,64.8580,1.200000
FILLER_13_700,VDD,Metal1,343.4490,64.8580,1.200000
FILLER_13_693,VDD,Metal1,340.0890,64.8580,1.200000
FILLER_13_686,VDD,Metal1,336.7290,64.8580,1.200000
FILLER_13_679,VDD,Metal1,333.3690,64.8580,1.200000
FILLER_13_672,VDD,Metal1,330.0090,64.8580,1.200000
FILLER_13_665,VDD,Metal1,326.6490,64.8580,1.200000
FILLER_13_658,VDD,Metal1,323.2890,64.8580,1.200000
FILLER_13_651,VDD,Metal1,319.9290,64.8580,1.200000
FILLER_13_644,VDD,Metal1,316.5690,64.8580,1.200000
FILLER_13_637,VDD,Metal1,313.2090,64.8580,1.200000
FILLER_13_630,VDD,Metal1,309.8490,64.8580,1.200000
FILLER_13_623,VDD,Metal1,306.4890,64.8580,1.200000
FILLER_13_616,VDD,Metal1,303.1290,64.8580,1.200000
FILLER_13_609,VDD,Metal1,299.7690,64.8580,1.200000
FILLER_13_602,VDD,Metal1,296.4090,64.8580,1.200000
FILLER_13_595,VDD,Metal1,293.0490,64.8580,1.200000
FILLER_13_588,VDD,Metal1,289.6890,64.8580,1.200000
FILLER_13_581,VDD,Metal1,286.3290,64.8580,1.200000
FILLER_13_574,VDD,Metal1,282.9690,64.8580,1.200000
FILLER_13_567,VDD,Metal1,279.6090,64.8580,1.200000
FILLER_13_560,VDD,Metal1,276.2490,64.8580,1.200000
FILLER_13_553,VDD,Metal1,272.8890,64.8580,1.200000
FILLER_13_546,VDD,Metal1,269.5290,64.8580,1.200000
FILLER_13_539,VDD,Metal1,266.1690,64.8580,1.200000
FILLER_13_532,VDD,Metal1,262.8090,64.8580,1.200000
FILLER_13_525,VDD,Metal1,259.4490,64.8580,1.200000
FILLER_13_518,VDD,Metal1,256.0890,64.8580,1.200000
FILLER_13_511,VDD,Metal1,252.7290,64.8580,1.200000
FILLER_13_504,VDD,Metal1,249.3690,64.8580,1.200000
FILLER_13_497,VDD,Metal1,246.0090,64.8580,1.200000
FILLER_13_490,VDD,Metal1,242.6490,64.8580,1.200000
FILLER_13_483,VDD,Metal1,239.2890,64.8580,1.200000
FILLER_13_476,VDD,Metal1,235.9290,64.8580,1.200000
FILLER_13_469,VDD,Metal1,232.5690,64.8580,1.200000
FILLER_13_462,VDD,Metal1,229.2090,64.8580,1.200000
FILLER_13_455,VDD,Metal1,225.8490,64.8580,1.200000
FILLER_13_448,VDD,Metal1,222.4890,64.8580,1.200000
FILLER_13_441,VDD,Metal1,219.1290,64.8580,1.200000
FILLER_13_434,VDD,Metal1,215.7690,64.8580,1.200000
FILLER_13_427,VDD,Metal1,212.4090,64.8580,1.200000
FILLER_13_420,VDD,Metal1,209.0490,64.8580,1.200000
FILLER_13_413,VDD,Metal1,205.6890,64.8580,1.200000
FILLER_13_406,VDD,Metal1,202.3290,64.8580,1.200000
FILLER_13_399,VDD,Metal1,198.9690,64.8580,1.200000
FILLER_13_392,VDD,Metal1,195.6090,64.8580,1.200000
FILLER_13_385,VDD,Metal1,192.2490,64.8580,1.200000
FILLER_13_378,VDD,Metal1,188.8890,64.8580,1.200000
FILLER_13_371,VDD,Metal1,185.5290,64.8580,1.200000
FILLER_13_364,VDD,Metal1,182.1690,64.8580,1.200000
FILLER_13_357,VDD,Metal1,178.8090,64.8580,1.200000
FILLER_13_350,VDD,Metal1,175.4490,64.8580,1.200000
FILLER_13_343,VDD,Metal1,172.0890,64.8580,1.200000
FILLER_13_336,VDD,Metal1,168.7290,64.8580,1.200000
FILLER_13_329,VDD,Metal1,165.3690,64.8580,1.200000
FILLER_13_322,VDD,Metal1,162.0090,64.8580,1.200000
FILLER_13_315,VDD,Metal1,158.6490,64.8580,1.200000
FILLER_13_308,VDD,Metal1,155.2890,64.8580,1.200000
FILLER_13_301,VDD,Metal1,151.9290,64.8580,1.200000
FILLER_13_294,VDD,Metal1,148.5690,64.8580,1.200000
FILLER_13_287,VDD,Metal1,145.2090,64.8580,1.200000
FILLER_13_280,VDD,Metal1,141.8490,64.8580,1.200000
FILLER_13_273,VDD,Metal1,138.4890,64.8580,1.200000
FILLER_13_266,VDD,Metal1,135.1290,64.8580,1.200000
FILLER_13_259,VDD,Metal1,131.7690,64.8580,1.200000
FILLER_13_252,VDD,Metal1,128.4090,64.8580,1.200000
FILLER_13_245,VDD,Metal1,125.0490,64.8580,1.200000
FILLER_13_238,VDD,Metal1,121.6890,64.8580,1.200000
FILLER_13_231,VDD,Metal1,118.3290,64.8580,1.200000
FILLER_13_224,VDD,Metal1,114.9690,64.8580,1.200000
FILLER_13_217,VDD,Metal1,111.6090,64.8580,1.200000
FILLER_13_210,VDD,Metal1,108.2490,64.8580,1.200000
FILLER_13_203,VDD,Metal1,104.8890,64.8580,1.200000
FILLER_13_196,VDD,Metal1,101.5290,64.8580,1.200000
FILLER_13_189,VDD,Metal1,98.1690,64.8580,1.200000
FILLER_13_182,VDD,Metal1,94.8090,64.8580,1.200000
FILLER_13_175,VDD,Metal1,91.4490,64.8580,1.200000
FILLER_13_168,VDD,Metal1,88.0890,64.8580,1.200000
FILLER_13_161,VDD,Metal1,84.7290,64.8580,1.200000
FILLER_13_154,VDD,Metal1,81.3690,64.8580,1.200000
FILLER_13_147,VDD,Metal1,78.0090,64.8580,1.200000
FILLER_13_140,VDD,Metal1,74.6490,64.8580,1.200000
FILLER_13_133,VDD,Metal1,71.2890,64.8580,1.200000
FILLER_13_126,VDD,Metal1,67.9290,64.8580,1.200000
FILLER_13_119,VDD,Metal1,64.5690,64.8580,1.200000
FILLER_13_112,VDD,Metal1,61.2090,64.8580,1.200000
FILLER_13_105,VDD,Metal1,57.8490,64.8580,1.200000
FILLER_13_98,VDD,Metal1,54.4890,64.8580,1.200000
FILLER_13_91,VDD,Metal1,51.1290,64.8580,1.200000
FILLER_13_84,VDD,Metal1,47.7690,64.8580,1.200000
FILLER_13_77,VDD,Metal1,44.4090,64.8580,1.200000
FILLER_13_70,VDD,Metal1,41.0490,64.8580,1.200000
FILLER_13_63,VDD,Metal1,37.6890,64.8580,1.200000
FILLER_13_56,VDD,Metal1,34.3290,64.8580,1.200000
FILLER_13_49,VDD,Metal1,30.9690,64.8580,1.200000
FILLER_13_42,VDD,Metal1,27.6090,64.8580,1.200000
FILLER_13_35,VDD,Metal1,24.2490,64.8580,1.200000
FILLER_13_28,VDD,Metal1,20.8890,64.8580,1.200000
FILLER_13_21,VDD,Metal1,17.5290,64.8580,1.200000
FILLER_13_14,VDD,Metal1,14.1690,64.8580,1.200000
FILLER_13_7,VDD,Metal1,10.8090,64.8580,1.200000
FILLER_13_0,VDD,Metal1,7.4490,64.8580,1.200000
FILLER_12_1099,VDD,Metal1,533.7600,64.2600,1.200000
FILLER_12_1092,VDD,Metal1,531.6090,63.6610,1.200000
FILLER_12_1085,VDD,Metal1,528.2490,63.6610,1.200000
FILLER_12_1078,VDD,Metal1,524.8890,63.6610,1.200000
FILLER_12_1071,VDD,Metal1,521.5290,63.6610,1.200000
FILLER_12_1064,VDD,Metal1,518.1690,63.6610,1.200000
FILLER_12_1057,VDD,Metal1,514.8090,63.6610,1.200000
FILLER_12_1050,VDD,Metal1,511.4490,63.6610,1.200000
FILLER_12_1043,VDD,Metal1,508.0890,63.6610,1.200000
FILLER_12_1036,VDD,Metal1,504.7290,63.6610,1.200000
FILLER_12_1029,VDD,Metal1,501.3690,63.6610,1.200000
FILLER_12_1022,VDD,Metal1,498.0090,63.6610,1.200000
FILLER_12_1015,VDD,Metal1,494.6490,63.6610,1.200000
FILLER_12_1008,VDD,Metal1,491.2890,63.6610,1.200000
FILLER_12_1001,VDD,Metal1,487.9290,63.6610,1.200000
FILLER_12_994,VDD,Metal1,484.5690,63.6610,1.200000
FILLER_12_987,VDD,Metal1,481.2090,63.6610,1.200000
FILLER_12_980,VDD,Metal1,477.8490,63.6610,1.200000
FILLER_12_973,VDD,Metal1,474.4890,63.6610,1.200000
FILLER_12_966,VDD,Metal1,471.1290,63.6610,1.200000
FILLER_12_959,VDD,Metal1,467.7690,63.6610,1.200000
FILLER_12_952,VDD,Metal1,464.4090,63.6610,1.200000
FILLER_12_945,VDD,Metal1,461.0490,63.6610,1.200000
FILLER_12_938,VDD,Metal1,457.6890,63.6610,1.200000
FILLER_12_931,VDD,Metal1,454.3290,63.6610,1.200000
FILLER_12_924,VDD,Metal1,450.9690,63.6610,1.200000
FILLER_12_917,VDD,Metal1,447.6090,63.6610,1.200000
FILLER_12_910,VDD,Metal1,444.2490,63.6610,1.200000
FILLER_12_903,VDD,Metal1,440.8890,63.6610,1.200000
FILLER_12_896,VDD,Metal1,437.5290,63.6610,1.200000
FILLER_12_889,VDD,Metal1,434.1690,63.6610,1.200000
FILLER_12_882,VDD,Metal1,430.8090,63.6610,1.200000
FILLER_12_875,VDD,Metal1,427.4490,63.6610,1.200000
FILLER_12_868,VDD,Metal1,424.0890,63.6610,1.200000
FILLER_12_861,VDD,Metal1,420.7290,63.6610,1.200000
FILLER_12_854,VDD,Metal1,417.3690,63.6610,1.200000
FILLER_12_847,VDD,Metal1,414.0090,63.6610,1.200000
FILLER_12_840,VDD,Metal1,410.6490,63.6610,1.200000
FILLER_12_833,VDD,Metal1,407.2890,63.6610,1.200000
FILLER_12_826,VDD,Metal1,403.9290,63.6610,1.200000
FILLER_12_819,VDD,Metal1,400.5690,63.6610,1.200000
FILLER_12_812,VDD,Metal1,397.2090,63.6610,1.200000
FILLER_12_805,VDD,Metal1,393.8490,63.6610,1.200000
FILLER_12_798,VDD,Metal1,390.4890,63.6610,1.200000
FILLER_12_791,VDD,Metal1,387.1290,63.6610,1.200000
FILLER_12_784,VDD,Metal1,383.7690,63.6610,1.200000
FILLER_12_777,VDD,Metal1,380.4090,63.6610,1.200000
FILLER_12_770,VDD,Metal1,377.0490,63.6610,1.200000
FILLER_12_763,VDD,Metal1,373.6890,63.6610,1.200000
FILLER_12_756,VDD,Metal1,370.3290,63.6610,1.200000
FILLER_12_749,VDD,Metal1,366.9690,63.6610,1.200000
FILLER_12_742,VDD,Metal1,363.6090,63.6610,1.200000
FILLER_12_735,VDD,Metal1,360.2490,63.6610,1.200000
FILLER_12_728,VDD,Metal1,356.8890,63.6610,1.200000
FILLER_12_721,VDD,Metal1,353.5290,63.6610,1.200000
FILLER_12_714,VDD,Metal1,350.1690,63.6610,1.200000
FILLER_12_707,VDD,Metal1,346.8090,63.6610,1.200000
FILLER_12_700,VDD,Metal1,343.4490,63.6610,1.200000
FILLER_12_693,VDD,Metal1,340.0890,63.6610,1.200000
FILLER_12_686,VDD,Metal1,336.7290,63.6610,1.200000
FILLER_12_679,VDD,Metal1,333.3690,63.6610,1.200000
FILLER_12_672,VDD,Metal1,330.0090,63.6610,1.200000
FILLER_12_665,VDD,Metal1,326.6490,63.6610,1.200000
FILLER_12_658,VDD,Metal1,323.2890,63.6610,1.200000
FILLER_12_651,VDD,Metal1,319.9290,63.6610,1.200000
FILLER_12_644,VDD,Metal1,316.5690,63.6610,1.200000
FILLER_12_637,VDD,Metal1,313.2090,63.6610,1.200000
FILLER_12_630,VDD,Metal1,309.8490,63.6610,1.200000
FILLER_12_623,VDD,Metal1,306.4890,63.6610,1.200000
FILLER_12_616,VDD,Metal1,303.1290,63.6610,1.200000
FILLER_12_609,VDD,Metal1,299.7690,63.6610,1.200000
FILLER_12_602,VDD,Metal1,296.4090,63.6610,1.200000
FILLER_12_595,VDD,Metal1,293.0490,63.6610,1.200000
FILLER_12_588,VDD,Metal1,289.6890,63.6610,1.200000
FILLER_12_581,VDD,Metal1,286.3290,63.6610,1.200000
FILLER_12_574,VDD,Metal1,282.9690,63.6610,1.200000
FILLER_12_567,VDD,Metal1,279.6090,63.6610,1.200000
FILLER_12_560,VDD,Metal1,276.2490,63.6610,1.200000
FILLER_12_553,VDD,Metal1,272.8890,63.6610,1.200000
FILLER_12_546,VDD,Metal1,269.5290,63.6610,1.200000
FILLER_12_539,VDD,Metal1,266.1690,63.6610,1.200000
FILLER_12_532,VDD,Metal1,262.8090,63.6610,1.200000
FILLER_12_525,VDD,Metal1,259.4490,63.6610,1.200000
FILLER_12_518,VDD,Metal1,256.0890,63.6610,1.200000
FILLER_12_511,VDD,Metal1,252.7290,63.6610,1.200000
FILLER_12_504,VDD,Metal1,249.3690,63.6610,1.200000
FILLER_12_497,VDD,Metal1,246.0090,63.6610,1.200000
FILLER_12_490,VDD,Metal1,242.6490,63.6610,1.200000
FILLER_12_483,VDD,Metal1,239.2890,63.6610,1.200000
FILLER_12_476,VDD,Metal1,235.9290,63.6610,1.200000
FILLER_12_469,VDD,Metal1,232.5690,63.6610,1.200000
FILLER_12_462,VDD,Metal1,229.2090,63.6610,1.200000
FILLER_12_455,VDD,Metal1,225.8490,63.6610,1.200000
FILLER_12_448,VDD,Metal1,222.4890,63.6610,1.200000
FILLER_12_441,VDD,Metal1,219.1290,63.6610,1.200000
FILLER_12_434,VDD,Metal1,215.7690,63.6610,1.200000
FILLER_12_427,VDD,Metal1,212.4090,63.6610,1.200000
FILLER_12_420,VDD,Metal1,209.0490,63.6610,1.200000
FILLER_12_413,VDD,Metal1,205.6890,63.6610,1.200000
FILLER_12_406,VDD,Metal1,202.3290,63.6610,1.200000
FILLER_12_399,VDD,Metal1,198.9690,63.6610,1.200000
FILLER_12_392,VDD,Metal1,195.6090,63.6610,1.200000
FILLER_12_385,VDD,Metal1,192.2490,63.6610,1.200000
FILLER_12_378,VDD,Metal1,188.8890,63.6610,1.200000
FILLER_12_371,VDD,Metal1,185.5290,63.6610,1.200000
FILLER_12_364,VDD,Metal1,182.1690,63.6610,1.200000
FILLER_12_357,VDD,Metal1,178.8090,63.6610,1.200000
FILLER_12_350,VDD,Metal1,175.4490,63.6610,1.200000
FILLER_12_343,VDD,Metal1,172.0890,63.6610,1.200000
FILLER_12_336,VDD,Metal1,168.7290,63.6610,1.200000
FILLER_12_329,VDD,Metal1,165.3690,63.6610,1.200000
FILLER_12_322,VDD,Metal1,162.0090,63.6610,1.200000
FILLER_12_315,VDD,Metal1,158.6490,63.6610,1.200000
FILLER_12_308,VDD,Metal1,155.2890,63.6610,1.200000
FILLER_12_301,VDD,Metal1,151.9290,63.6610,1.200000
FILLER_12_294,VDD,Metal1,148.5690,63.6610,1.200000
FILLER_12_287,VDD,Metal1,145.2090,63.6610,1.200000
FILLER_12_280,VDD,Metal1,141.8490,63.6610,1.200000
FILLER_12_273,VDD,Metal1,138.4890,63.6610,1.200000
FILLER_12_266,VDD,Metal1,135.1290,63.6610,1.200000
FILLER_12_259,VDD,Metal1,131.7690,63.6610,1.200000
FILLER_12_252,VDD,Metal1,128.4090,63.6610,1.200000
FILLER_12_245,VDD,Metal1,125.0490,63.6610,1.200000
FILLER_12_238,VDD,Metal1,121.6890,63.6610,1.200000
FILLER_12_231,VDD,Metal1,118.3290,63.6610,1.200000
FILLER_12_224,VDD,Metal1,114.9690,63.6610,1.200000
FILLER_12_217,VDD,Metal1,111.6090,63.6610,1.200000
FILLER_12_210,VDD,Metal1,108.2490,63.6610,1.200000
FILLER_12_203,VDD,Metal1,104.8890,63.6610,1.200000
FILLER_12_196,VDD,Metal1,101.5290,63.6610,1.200000
FILLER_12_189,VDD,Metal1,98.1690,63.6610,1.200000
FILLER_12_182,VDD,Metal1,94.8090,63.6610,1.200000
FILLER_12_175,VDD,Metal1,91.4490,63.6610,1.200000
FILLER_12_168,VDD,Metal1,88.0890,63.6610,1.200000
FILLER_12_161,VDD,Metal1,84.7290,63.6610,1.200000
FILLER_12_154,VDD,Metal1,81.3690,63.6610,1.200000
FILLER_12_147,VDD,Metal1,78.0090,63.6610,1.200000
FILLER_12_140,VDD,Metal1,74.6490,63.6610,1.200000
FILLER_12_133,VDD,Metal1,71.2890,63.6610,1.200000
FILLER_12_126,VDD,Metal1,67.9290,63.6610,1.200000
FILLER_12_119,VDD,Metal1,64.5690,63.6610,1.200000
FILLER_12_112,VDD,Metal1,61.2090,63.6610,1.200000
FILLER_12_105,VDD,Metal1,57.8490,63.6610,1.200000
FILLER_12_98,VDD,Metal1,54.4890,63.6610,1.200000
FILLER_12_91,VDD,Metal1,51.1290,63.6610,1.200000
FILLER_12_84,VDD,Metal1,47.7690,63.6610,1.200000
FILLER_12_77,VDD,Metal1,44.4090,63.6610,1.200000
FILLER_12_70,VDD,Metal1,41.0490,63.6610,1.200000
FILLER_12_63,VDD,Metal1,37.6890,63.6610,1.200000
FILLER_12_56,VDD,Metal1,34.3290,63.6610,1.200000
FILLER_12_49,VDD,Metal1,30.9690,63.6610,1.200000
FILLER_12_42,VDD,Metal1,27.6090,63.6610,1.200000
FILLER_12_35,VDD,Metal1,24.2490,63.6610,1.200000
FILLER_12_28,VDD,Metal1,20.8890,63.6610,1.200000
FILLER_12_21,VDD,Metal1,17.5290,63.6610,1.200000
FILLER_12_14,VDD,Metal1,14.1690,63.6610,1.200000
FILLER_12_7,VDD,Metal1,10.8090,63.6610,1.200000
FILLER_12_0,VDD,Metal1,7.4490,63.6610,1.200000
FILLER_11_1099,VDD,Metal1,533.7600,56.7000,1.200000
FILLER_11_1092,VDD,Metal1,531.6090,57.2980,1.200000
FILLER_11_1085,VDD,Metal1,528.2490,57.2980,1.200000
FILLER_11_1078,VDD,Metal1,524.8890,57.2980,1.200000
FILLER_11_1071,VDD,Metal1,521.5290,57.2980,1.200000
FILLER_11_1064,VDD,Metal1,518.1690,57.2980,1.200000
FILLER_11_1057,VDD,Metal1,514.8090,57.2980,1.200000
FILLER_11_1050,VDD,Metal1,511.4490,57.2980,1.200000
FILLER_11_1043,VDD,Metal1,508.0890,57.2980,1.200000
FILLER_11_1036,VDD,Metal1,504.7290,57.2980,1.200000
FILLER_11_1029,VDD,Metal1,501.3690,57.2980,1.200000
FILLER_11_1022,VDD,Metal1,498.0090,57.2980,1.200000
FILLER_11_1015,VDD,Metal1,494.6490,57.2980,1.200000
FILLER_11_1008,VDD,Metal1,491.2890,57.2980,1.200000
FILLER_11_1001,VDD,Metal1,487.9290,57.2980,1.200000
FILLER_11_994,VDD,Metal1,484.5690,57.2980,1.200000
FILLER_11_987,VDD,Metal1,481.2090,57.2980,1.200000
FILLER_11_980,VDD,Metal1,477.8490,57.2980,1.200000
FILLER_11_973,VDD,Metal1,474.4890,57.2980,1.200000
FILLER_11_966,VDD,Metal1,471.1290,57.2980,1.200000
FILLER_11_959,VDD,Metal1,467.7690,57.2980,1.200000
FILLER_11_952,VDD,Metal1,464.4090,57.2980,1.200000
FILLER_11_945,VDD,Metal1,461.0490,57.2980,1.200000
FILLER_11_938,VDD,Metal1,457.6890,57.2980,1.200000
FILLER_11_931,VDD,Metal1,454.3290,57.2980,1.200000
FILLER_11_924,VDD,Metal1,450.9690,57.2980,1.200000
FILLER_11_917,VDD,Metal1,447.6090,57.2980,1.200000
FILLER_11_910,VDD,Metal1,444.2490,57.2980,1.200000
FILLER_11_903,VDD,Metal1,440.8890,57.2980,1.200000
FILLER_11_896,VDD,Metal1,437.5290,57.2980,1.200000
FILLER_11_889,VDD,Metal1,434.1690,57.2980,1.200000
FILLER_11_882,VDD,Metal1,430.8090,57.2980,1.200000
FILLER_11_875,VDD,Metal1,427.4490,57.2980,1.200000
FILLER_11_868,VDD,Metal1,424.0890,57.2980,1.200000
FILLER_11_861,VDD,Metal1,420.7290,57.2980,1.200000
FILLER_11_854,VDD,Metal1,417.3690,57.2980,1.200000
FILLER_11_847,VDD,Metal1,414.0090,57.2980,1.200000
FILLER_11_840,VDD,Metal1,410.6490,57.2980,1.200000
FILLER_11_833,VDD,Metal1,407.2890,57.2980,1.200000
FILLER_11_826,VDD,Metal1,403.9290,57.2980,1.200000
FILLER_11_819,VDD,Metal1,400.5690,57.2980,1.200000
FILLER_11_812,VDD,Metal1,397.2090,57.2980,1.200000
FILLER_11_805,VDD,Metal1,393.8490,57.2980,1.200000
FILLER_11_798,VDD,Metal1,390.4890,57.2980,1.200000
FILLER_11_791,VDD,Metal1,387.1290,57.2980,1.200000
FILLER_11_784,VDD,Metal1,383.7690,57.2980,1.200000
FILLER_11_777,VDD,Metal1,380.4090,57.2980,1.200000
FILLER_11_770,VDD,Metal1,377.0490,57.2980,1.200000
FILLER_11_763,VDD,Metal1,373.6890,57.2980,1.200000
FILLER_11_756,VDD,Metal1,370.3290,57.2980,1.200000
FILLER_11_749,VDD,Metal1,366.9690,57.2980,1.200000
FILLER_11_742,VDD,Metal1,363.6090,57.2980,1.200000
FILLER_11_735,VDD,Metal1,360.2490,57.2980,1.200000
FILLER_11_728,VDD,Metal1,356.8890,57.2980,1.200000
FILLER_11_721,VDD,Metal1,353.5290,57.2980,1.200000
FILLER_11_714,VDD,Metal1,350.1690,57.2980,1.200000
FILLER_11_707,VDD,Metal1,346.8090,57.2980,1.200000
FILLER_11_700,VDD,Metal1,343.4490,57.2980,1.200000
FILLER_11_693,VDD,Metal1,340.0890,57.2980,1.200000
FILLER_11_686,VDD,Metal1,336.7290,57.2980,1.200000
FILLER_11_679,VDD,Metal1,333.3690,57.2980,1.200000
FILLER_11_672,VDD,Metal1,330.0090,57.2980,1.200000
FILLER_11_665,VDD,Metal1,326.6490,57.2980,1.200000
FILLER_11_658,VDD,Metal1,323.2890,57.2980,1.200000
FILLER_11_651,VDD,Metal1,319.9290,57.2980,1.200000
FILLER_11_644,VDD,Metal1,316.5690,57.2980,1.200000
FILLER_11_637,VDD,Metal1,313.2090,57.2980,1.200000
FILLER_11_630,VDD,Metal1,309.8490,57.2980,1.200000
FILLER_11_623,VDD,Metal1,306.4890,57.2980,1.200000
FILLER_11_616,VDD,Metal1,303.1290,57.2980,1.200000
FILLER_11_609,VDD,Metal1,299.7690,57.2980,1.200000
FILLER_11_602,VDD,Metal1,296.4090,57.2980,1.200000
FILLER_11_595,VDD,Metal1,293.0490,57.2980,1.200000
FILLER_11_588,VDD,Metal1,289.6890,57.2980,1.200000
FILLER_11_581,VDD,Metal1,286.3290,57.2980,1.200000
FILLER_11_574,VDD,Metal1,282.9690,57.2980,1.200000
FILLER_11_567,VDD,Metal1,279.6090,57.2980,1.200000
FILLER_11_560,VDD,Metal1,276.2490,57.2980,1.200000
FILLER_11_553,VDD,Metal1,272.8890,57.2980,1.200000
FILLER_11_546,VDD,Metal1,269.5290,57.2980,1.200000
FILLER_11_539,VDD,Metal1,266.1690,57.2980,1.200000
FILLER_11_532,VDD,Metal1,262.8090,57.2980,1.200000
FILLER_11_525,VDD,Metal1,259.4490,57.2980,1.200000
FILLER_11_518,VDD,Metal1,256.0890,57.2980,1.200000
FILLER_11_511,VDD,Metal1,252.7290,57.2980,1.200000
FILLER_11_504,VDD,Metal1,249.3690,57.2980,1.200000
FILLER_11_497,VDD,Metal1,246.0090,57.2980,1.200000
FILLER_11_490,VDD,Metal1,242.6490,57.2980,1.200000
FILLER_11_483,VDD,Metal1,239.2890,57.2980,1.200000
FILLER_11_476,VDD,Metal1,235.9290,57.2980,1.200000
FILLER_11_469,VDD,Metal1,232.5690,57.2980,1.200000
FILLER_11_462,VDD,Metal1,229.2090,57.2980,1.200000
FILLER_11_455,VDD,Metal1,225.8490,57.2980,1.200000
FILLER_11_448,VDD,Metal1,222.4890,57.2980,1.200000
FILLER_11_441,VDD,Metal1,219.1290,57.2980,1.200000
FILLER_11_434,VDD,Metal1,215.7690,57.2980,1.200000
FILLER_11_427,VDD,Metal1,212.4090,57.2980,1.200000
FILLER_11_420,VDD,Metal1,209.0490,57.2980,1.200000
FILLER_11_413,VDD,Metal1,205.6890,57.2980,1.200000
FILLER_11_406,VDD,Metal1,202.3290,57.2980,1.200000
FILLER_11_399,VDD,Metal1,198.9690,57.2980,1.200000
FILLER_11_392,VDD,Metal1,195.6090,57.2980,1.200000
FILLER_11_385,VDD,Metal1,192.2490,57.2980,1.200000
FILLER_11_378,VDD,Metal1,188.8890,57.2980,1.200000
FILLER_11_371,VDD,Metal1,185.5290,57.2980,1.200000
FILLER_11_364,VDD,Metal1,182.1690,57.2980,1.200000
FILLER_11_357,VDD,Metal1,178.8090,57.2980,1.200000
FILLER_11_350,VDD,Metal1,175.4490,57.2980,1.200000
FILLER_11_343,VDD,Metal1,172.0890,57.2980,1.200000
FILLER_11_336,VDD,Metal1,168.7290,57.2980,1.200000
FILLER_11_329,VDD,Metal1,165.3690,57.2980,1.200000
FILLER_11_322,VDD,Metal1,162.0090,57.2980,1.200000
FILLER_11_315,VDD,Metal1,158.6490,57.2980,1.200000
FILLER_11_308,VDD,Metal1,155.2890,57.2980,1.200000
FILLER_11_301,VDD,Metal1,151.9290,57.2980,1.200000
FILLER_11_294,VDD,Metal1,148.5690,57.2980,1.200000
FILLER_11_287,VDD,Metal1,145.2090,57.2980,1.200000
FILLER_11_280,VDD,Metal1,141.8490,57.2980,1.200000
FILLER_11_273,VDD,Metal1,138.4890,57.2980,1.200000
FILLER_11_266,VDD,Metal1,135.1290,57.2980,1.200000
FILLER_11_259,VDD,Metal1,131.7690,57.2980,1.200000
FILLER_11_252,VDD,Metal1,128.4090,57.2980,1.200000
FILLER_11_245,VDD,Metal1,125.0490,57.2980,1.200000
FILLER_11_238,VDD,Metal1,121.6890,57.2980,1.200000
FILLER_11_231,VDD,Metal1,118.3290,57.2980,1.200000
FILLER_11_224,VDD,Metal1,114.9690,57.2980,1.200000
FILLER_11_217,VDD,Metal1,111.6090,57.2980,1.200000
FILLER_11_210,VDD,Metal1,108.2490,57.2980,1.200000
FILLER_11_203,VDD,Metal1,104.8890,57.2980,1.200000
FILLER_11_196,VDD,Metal1,101.5290,57.2980,1.200000
FILLER_11_189,VDD,Metal1,98.1690,57.2980,1.200000
FILLER_11_182,VDD,Metal1,94.8090,57.2980,1.200000
FILLER_11_175,VDD,Metal1,91.4490,57.2980,1.200000
FILLER_11_168,VDD,Metal1,88.0890,57.2980,1.200000
FILLER_11_161,VDD,Metal1,84.7290,57.2980,1.200000
FILLER_11_154,VDD,Metal1,81.3690,57.2980,1.200000
FILLER_11_147,VDD,Metal1,78.0090,57.2980,1.200000
FILLER_11_140,VDD,Metal1,74.6490,57.2980,1.200000
FILLER_11_133,VDD,Metal1,71.2890,57.2980,1.200000
FILLER_11_126,VDD,Metal1,67.9290,57.2980,1.200000
FILLER_11_119,VDD,Metal1,64.5690,57.2980,1.200000
FILLER_11_112,VDD,Metal1,61.2090,57.2980,1.200000
FILLER_11_105,VDD,Metal1,57.8490,57.2980,1.200000
FILLER_11_98,VDD,Metal1,54.4890,57.2980,1.200000
FILLER_11_91,VDD,Metal1,51.1290,57.2980,1.200000
FILLER_11_84,VDD,Metal1,47.7690,57.2980,1.200000
FILLER_11_77,VDD,Metal1,44.4090,57.2980,1.200000
FILLER_11_70,VDD,Metal1,41.0490,57.2980,1.200000
FILLER_11_63,VDD,Metal1,37.6890,57.2980,1.200000
FILLER_11_56,VDD,Metal1,34.3290,57.2980,1.200000
FILLER_11_49,VDD,Metal1,30.9690,57.2980,1.200000
FILLER_11_42,VDD,Metal1,27.6090,57.2980,1.200000
FILLER_11_35,VDD,Metal1,24.2490,57.2980,1.200000
FILLER_11_28,VDD,Metal1,20.8890,57.2980,1.200000
FILLER_11_21,VDD,Metal1,17.5290,57.2980,1.200000
FILLER_11_14,VDD,Metal1,14.1690,57.2980,1.200000
FILLER_11_7,VDD,Metal1,10.8090,57.2980,1.200000
FILLER_11_0,VDD,Metal1,7.4490,57.2980,1.200000
FILLER_10_1099,VDD,Metal1,533.7600,56.7000,1.200000
FILLER_10_1092,VDD,Metal1,531.6090,56.1010,1.200000
FILLER_10_1085,VDD,Metal1,528.2490,56.1010,1.200000
FILLER_10_1078,VDD,Metal1,524.8890,56.1010,1.200000
FILLER_10_1071,VDD,Metal1,521.5290,56.1010,1.200000
FILLER_10_1064,VDD,Metal1,518.1690,56.1010,1.200000
FILLER_10_1057,VDD,Metal1,514.8090,56.1010,1.200000
FILLER_10_1050,VDD,Metal1,511.4490,56.1010,1.200000
FILLER_10_1043,VDD,Metal1,508.0890,56.1010,1.200000
FILLER_10_1036,VDD,Metal1,504.7290,56.1010,1.200000
FILLER_10_1029,VDD,Metal1,501.3690,56.1010,1.200000
FILLER_10_1022,VDD,Metal1,498.0090,56.1010,1.200000
FILLER_10_1015,VDD,Metal1,494.6490,56.1010,1.200000
FILLER_10_1008,VDD,Metal1,491.2890,56.1010,1.200000
FILLER_10_1001,VDD,Metal1,487.9290,56.1010,1.200000
FILLER_10_994,VDD,Metal1,484.5690,56.1010,1.200000
FILLER_10_987,VDD,Metal1,481.2090,56.1010,1.200000
FILLER_10_980,VDD,Metal1,477.8490,56.1010,1.200000
FILLER_10_973,VDD,Metal1,474.4890,56.1010,1.200000
FILLER_10_966,VDD,Metal1,471.1290,56.1010,1.200000
FILLER_10_959,VDD,Metal1,467.7690,56.1010,1.200000
FILLER_10_952,VDD,Metal1,464.4090,56.1010,1.200000
FILLER_10_945,VDD,Metal1,461.0490,56.1010,1.200000
FILLER_10_938,VDD,Metal1,457.6890,56.1010,1.200000
FILLER_10_931,VDD,Metal1,454.3290,56.1010,1.200000
FILLER_10_924,VDD,Metal1,450.9690,56.1010,1.200000
FILLER_10_917,VDD,Metal1,447.6090,56.1010,1.200000
FILLER_10_910,VDD,Metal1,444.2490,56.1010,1.200000
FILLER_10_903,VDD,Metal1,440.8890,56.1010,1.200000
FILLER_10_896,VDD,Metal1,437.5290,56.1010,1.200000
FILLER_10_889,VDD,Metal1,434.1690,56.1010,1.200000
FILLER_10_882,VDD,Metal1,430.8090,56.1010,1.200000
FILLER_10_875,VDD,Metal1,427.4490,56.1010,1.200000
FILLER_10_868,VDD,Metal1,424.0890,56.1010,1.200000
FILLER_10_861,VDD,Metal1,420.7290,56.1010,1.200000
FILLER_10_854,VDD,Metal1,417.3690,56.1010,1.200000
FILLER_10_847,VDD,Metal1,414.0090,56.1010,1.200000
FILLER_10_840,VDD,Metal1,410.6490,56.1010,1.200000
FILLER_10_833,VDD,Metal1,407.2890,56.1010,1.200000
FILLER_10_826,VDD,Metal1,403.9290,56.1010,1.200000
FILLER_10_819,VDD,Metal1,400.5690,56.1010,1.200000
FILLER_10_812,VDD,Metal1,397.2090,56.1010,1.200000
FILLER_10_805,VDD,Metal1,393.8490,56.1010,1.200000
FILLER_10_798,VDD,Metal1,390.4890,56.1010,1.200000
FILLER_10_791,VDD,Metal1,387.1290,56.1010,1.200000
FILLER_10_784,VDD,Metal1,383.7690,56.1010,1.200000
FILLER_10_777,VDD,Metal1,380.4090,56.1010,1.200000
FILLER_10_770,VDD,Metal1,377.0490,56.1010,1.200000
FILLER_10_763,VDD,Metal1,373.6890,56.1010,1.200000
FILLER_10_756,VDD,Metal1,370.3290,56.1010,1.200000
FILLER_10_749,VDD,Metal1,366.9690,56.1010,1.200000
FILLER_10_742,VDD,Metal1,363.6090,56.1010,1.200000
FILLER_10_735,VDD,Metal1,360.2490,56.1010,1.200000
FILLER_10_728,VDD,Metal1,356.8890,56.1010,1.200000
FILLER_10_721,VDD,Metal1,353.5290,56.1010,1.200000
FILLER_10_714,VDD,Metal1,350.1690,56.1010,1.200000
FILLER_10_707,VDD,Metal1,346.8090,56.1010,1.200000
FILLER_10_700,VDD,Metal1,343.4490,56.1010,1.200000
FILLER_10_693,VDD,Metal1,340.0890,56.1010,1.200000
FILLER_10_686,VDD,Metal1,336.7290,56.1010,1.200000
FILLER_10_679,VDD,Metal1,333.3690,56.1010,1.200000
FILLER_10_672,VDD,Metal1,330.0090,56.1010,1.200000
FILLER_10_665,VDD,Metal1,326.6490,56.1010,1.200000
FILLER_10_658,VDD,Metal1,323.2890,56.1010,1.200000
FILLER_10_651,VDD,Metal1,319.9290,56.1010,1.200000
FILLER_10_644,VDD,Metal1,316.5690,56.1010,1.200000
FILLER_10_637,VDD,Metal1,313.2090,56.1010,1.200000
FILLER_10_630,VDD,Metal1,309.8490,56.1010,1.200000
FILLER_10_623,VDD,Metal1,306.4890,56.1010,1.200000
FILLER_10_616,VDD,Metal1,303.1290,56.1010,1.200000
FILLER_10_609,VDD,Metal1,299.7690,56.1010,1.200000
FILLER_10_602,VDD,Metal1,296.4090,56.1010,1.200000
FILLER_10_595,VDD,Metal1,293.0490,56.1010,1.200000
FILLER_10_588,VDD,Metal1,289.6890,56.1010,1.200000
FILLER_10_581,VDD,Metal1,286.3290,56.1010,1.200000
FILLER_10_574,VDD,Metal1,282.9690,56.1010,1.200000
FILLER_10_567,VDD,Metal1,279.6090,56.1010,1.200000
FILLER_10_560,VDD,Metal1,276.2490,56.1010,1.200000
FILLER_10_553,VDD,Metal1,272.8890,56.1010,1.200000
FILLER_10_546,VDD,Metal1,269.5290,56.1010,1.200000
FILLER_10_539,VDD,Metal1,266.1690,56.1010,1.200000
FILLER_10_532,VDD,Metal1,262.8090,56.1010,1.200000
FILLER_10_525,VDD,Metal1,259.4490,56.1010,1.200000
FILLER_10_518,VDD,Metal1,256.0890,56.1010,1.200000
FILLER_10_511,VDD,Metal1,252.7290,56.1010,1.200000
FILLER_10_504,VDD,Metal1,249.3690,56.1010,1.200000
FILLER_10_497,VDD,Metal1,246.0090,56.1010,1.200000
FILLER_10_490,VDD,Metal1,242.6490,56.1010,1.200000
FILLER_10_483,VDD,Metal1,239.2890,56.1010,1.200000
FILLER_10_476,VDD,Metal1,235.9290,56.1010,1.200000
FILLER_10_469,VDD,Metal1,232.5690,56.1010,1.200000
FILLER_10_462,VDD,Metal1,229.2090,56.1010,1.200000
FILLER_10_455,VDD,Metal1,225.8490,56.1010,1.200000
FILLER_10_448,VDD,Metal1,222.4890,56.1010,1.200000
FILLER_10_441,VDD,Metal1,219.1290,56.1010,1.200000
FILLER_10_434,VDD,Metal1,215.7690,56.1010,1.200000
FILLER_10_427,VDD,Metal1,212.4090,56.1010,1.200000
FILLER_10_420,VDD,Metal1,209.0490,56.1010,1.200000
FILLER_10_413,VDD,Metal1,205.6890,56.1010,1.200000
FILLER_10_406,VDD,Metal1,202.3290,56.1010,1.200000
FILLER_10_399,VDD,Metal1,198.9690,56.1010,1.200000
FILLER_10_392,VDD,Metal1,195.6090,56.1010,1.200000
FILLER_10_385,VDD,Metal1,192.2490,56.1010,1.200000
FILLER_10_378,VDD,Metal1,188.8890,56.1010,1.200000
FILLER_10_371,VDD,Metal1,185.5290,56.1010,1.200000
FILLER_10_364,VDD,Metal1,182.1690,56.1010,1.200000
FILLER_10_357,VDD,Metal1,178.8090,56.1010,1.200000
FILLER_10_350,VDD,Metal1,175.4490,56.1010,1.200000
FILLER_10_343,VDD,Metal1,172.0890,56.1010,1.200000
FILLER_10_336,VDD,Metal1,168.7290,56.1010,1.200000
FILLER_10_329,VDD,Metal1,165.3690,56.1010,1.200000
FILLER_10_322,VDD,Metal1,162.0090,56.1010,1.200000
FILLER_10_315,VDD,Metal1,158.6490,56.1010,1.200000
FILLER_10_308,VDD,Metal1,155.2890,56.1010,1.200000
FILLER_10_301,VDD,Metal1,151.9290,56.1010,1.200000
FILLER_10_294,VDD,Metal1,148.5690,56.1010,1.200000
FILLER_10_287,VDD,Metal1,145.2090,56.1010,1.200000
FILLER_10_280,VDD,Metal1,141.8490,56.1010,1.200000
FILLER_10_273,VDD,Metal1,138.4890,56.1010,1.200000
FILLER_10_266,VDD,Metal1,135.1290,56.1010,1.200000
FILLER_10_259,VDD,Metal1,131.7690,56.1010,1.200000
FILLER_10_252,VDD,Metal1,128.4090,56.1010,1.200000
FILLER_10_245,VDD,Metal1,125.0490,56.1010,1.200000
FILLER_10_238,VDD,Metal1,121.6890,56.1010,1.200000
FILLER_10_231,VDD,Metal1,118.3290,56.1010,1.200000
FILLER_10_224,VDD,Metal1,114.9690,56.1010,1.200000
FILLER_10_217,VDD,Metal1,111.6090,56.1010,1.200000
FILLER_10_210,VDD,Metal1,108.2490,56.1010,1.200000
FILLER_10_203,VDD,Metal1,104.8890,56.1010,1.200000
FILLER_10_196,VDD,Metal1,101.5290,56.1010,1.200000
FILLER_10_189,VDD,Metal1,98.1690,56.1010,1.200000
FILLER_10_182,VDD,Metal1,94.8090,56.1010,1.200000
FILLER_10_175,VDD,Metal1,91.4490,56.1010,1.200000
FILLER_10_168,VDD,Metal1,88.0890,56.1010,1.200000
FILLER_10_161,VDD,Metal1,84.7290,56.1010,1.200000
FILLER_10_154,VDD,Metal1,81.3690,56.1010,1.200000
FILLER_10_147,VDD,Metal1,78.0090,56.1010,1.200000
FILLER_10_140,VDD,Metal1,74.6490,56.1010,1.200000
FILLER_10_133,VDD,Metal1,71.2890,56.1010,1.200000
FILLER_10_126,VDD,Metal1,67.9290,56.1010,1.200000
FILLER_10_119,VDD,Metal1,64.5690,56.1010,1.200000
FILLER_10_112,VDD,Metal1,61.2090,56.1010,1.200000
FILLER_10_105,VDD,Metal1,57.8490,56.1010,1.200000
FILLER_10_98,VDD,Metal1,54.4890,56.1010,1.200000
FILLER_10_91,VDD,Metal1,51.1290,56.1010,1.200000
FILLER_10_84,VDD,Metal1,47.7690,56.1010,1.200000
FILLER_10_77,VDD,Metal1,44.4090,56.1010,1.200000
FILLER_10_70,VDD,Metal1,41.0490,56.1010,1.200000
FILLER_10_63,VDD,Metal1,37.6890,56.1010,1.200000
FILLER_10_56,VDD,Metal1,34.3290,56.1010,1.200000
FILLER_10_49,VDD,Metal1,30.9690,56.1010,1.200000
FILLER_10_42,VDD,Metal1,27.6090,56.1010,1.200000
FILLER_10_35,VDD,Metal1,24.2490,56.1010,1.200000
FILLER_10_28,VDD,Metal1,20.8890,56.1010,1.200000
FILLER_10_21,VDD,Metal1,17.5290,56.1010,1.200000
FILLER_10_14,VDD,Metal1,14.1690,56.1010,1.200000
FILLER_10_7,VDD,Metal1,10.8090,56.1010,1.200000
FILLER_10_0,VDD,Metal1,7.4490,56.1010,1.200000
FILLER_9_1099,VDD,Metal1,533.7600,49.1400,1.200000
FILLER_9_1092,VDD,Metal1,531.6090,49.7380,1.200000
FILLER_9_1085,VDD,Metal1,528.2490,49.7380,1.200000
FILLER_9_1078,VDD,Metal1,524.8890,49.7380,1.200000
FILLER_9_1071,VDD,Metal1,521.5290,49.7380,1.200000
FILLER_9_1064,VDD,Metal1,518.1690,49.7380,1.200000
FILLER_9_1057,VDD,Metal1,514.8090,49.7380,1.200000
FILLER_9_1050,VDD,Metal1,511.4490,49.7380,1.200000
FILLER_9_1043,VDD,Metal1,508.0890,49.7380,1.200000
FILLER_9_1036,VDD,Metal1,504.7290,49.7380,1.200000
FILLER_9_1029,VDD,Metal1,501.3690,49.7380,1.200000
FILLER_9_1022,VDD,Metal1,498.0090,49.7380,1.200000
FILLER_9_1015,VDD,Metal1,494.6490,49.7380,1.200000
FILLER_9_1008,VDD,Metal1,491.2890,49.7380,1.200000
FILLER_9_1001,VDD,Metal1,487.9290,49.7380,1.200000
FILLER_9_994,VDD,Metal1,484.5690,49.7380,1.200000
FILLER_9_987,VDD,Metal1,481.2090,49.7380,1.200000
FILLER_9_980,VDD,Metal1,477.8490,49.7380,1.200000
FILLER_9_973,VDD,Metal1,474.4890,49.7380,1.200000
FILLER_9_966,VDD,Metal1,471.1290,49.7380,1.200000
FILLER_9_959,VDD,Metal1,467.7690,49.7380,1.200000
FILLER_9_952,VDD,Metal1,464.4090,49.7380,1.200000
FILLER_9_945,VDD,Metal1,461.0490,49.7380,1.200000
FILLER_9_938,VDD,Metal1,457.6890,49.7380,1.200000
FILLER_9_931,VDD,Metal1,454.3290,49.7380,1.200000
FILLER_9_924,VDD,Metal1,450.9690,49.7380,1.200000
FILLER_9_917,VDD,Metal1,447.6090,49.7380,1.200000
FILLER_9_910,VDD,Metal1,444.2490,49.7380,1.200000
FILLER_9_903,VDD,Metal1,440.8890,49.7380,1.200000
FILLER_9_896,VDD,Metal1,437.5290,49.7380,1.200000
FILLER_9_889,VDD,Metal1,434.1690,49.7380,1.200000
FILLER_9_882,VDD,Metal1,430.8090,49.7380,1.200000
FILLER_9_875,VDD,Metal1,427.4490,49.7380,1.200000
FILLER_9_868,VDD,Metal1,424.0890,49.7380,1.200000
FILLER_9_861,VDD,Metal1,420.7290,49.7380,1.200000
FILLER_9_854,VDD,Metal1,417.3690,49.7380,1.200000
FILLER_9_847,VDD,Metal1,414.0090,49.7380,1.200000
FILLER_9_840,VDD,Metal1,410.6490,49.7380,1.200000
FILLER_9_833,VDD,Metal1,407.2890,49.7380,1.200000
FILLER_9_826,VDD,Metal1,403.9290,49.7380,1.200000
FILLER_9_819,VDD,Metal1,400.5690,49.7380,1.200000
FILLER_9_812,VDD,Metal1,397.2090,49.7380,1.200000
FILLER_9_805,VDD,Metal1,393.8490,49.7380,1.200000
FILLER_9_798,VDD,Metal1,390.4890,49.7380,1.200000
FILLER_9_791,VDD,Metal1,387.1290,49.7380,1.200000
FILLER_9_784,VDD,Metal1,383.7690,49.7380,1.200000
FILLER_9_777,VDD,Metal1,380.4090,49.7380,1.200000
FILLER_9_770,VDD,Metal1,377.0490,49.7380,1.200000
FILLER_9_763,VDD,Metal1,373.6890,49.7380,1.200000
FILLER_9_756,VDD,Metal1,370.3290,49.7380,1.200000
FILLER_9_749,VDD,Metal1,366.9690,49.7380,1.200000
FILLER_9_742,VDD,Metal1,363.6090,49.7380,1.200000
FILLER_9_735,VDD,Metal1,360.2490,49.7380,1.200000
FILLER_9_728,VDD,Metal1,356.8890,49.7380,1.200000
FILLER_9_721,VDD,Metal1,353.5290,49.7380,1.200000
FILLER_9_714,VDD,Metal1,350.1690,49.7380,1.200000
FILLER_9_707,VDD,Metal1,346.8090,49.7380,1.200000
FILLER_9_700,VDD,Metal1,343.4490,49.7380,1.200000
FILLER_9_693,VDD,Metal1,340.0890,49.7380,1.200000
FILLER_9_686,VDD,Metal1,336.7290,49.7380,1.200000
FILLER_9_679,VDD,Metal1,333.3690,49.7380,1.200000
FILLER_9_672,VDD,Metal1,330.0090,49.7380,1.200000
FILLER_9_665,VDD,Metal1,326.6490,49.7380,1.200000
FILLER_9_658,VDD,Metal1,323.2890,49.7380,1.200000
FILLER_9_651,VDD,Metal1,319.9290,49.7380,1.200000
FILLER_9_644,VDD,Metal1,316.5690,49.7380,1.200000
FILLER_9_637,VDD,Metal1,313.2090,49.7380,1.200000
FILLER_9_630,VDD,Metal1,309.8490,49.7380,1.200000
FILLER_9_623,VDD,Metal1,306.4890,49.7380,1.200000
FILLER_9_616,VDD,Metal1,303.1290,49.7380,1.200000
FILLER_9_609,VDD,Metal1,299.7690,49.7380,1.200000
FILLER_9_602,VDD,Metal1,296.4090,49.7380,1.200000
FILLER_9_595,VDD,Metal1,293.0490,49.7380,1.200000
FILLER_9_588,VDD,Metal1,289.6890,49.7380,1.200000
FILLER_9_581,VDD,Metal1,286.3290,49.7380,1.200000
FILLER_9_574,VDD,Metal1,282.9690,49.7380,1.200000
FILLER_9_567,VDD,Metal1,279.6090,49.7380,1.200000
FILLER_9_560,VDD,Metal1,276.2490,49.7380,1.200000
FILLER_9_553,VDD,Metal1,272.8890,49.7380,1.200000
FILLER_9_546,VDD,Metal1,269.5290,49.7380,1.200000
FILLER_9_539,VDD,Metal1,266.1690,49.7380,1.200000
FILLER_9_532,VDD,Metal1,262.8090,49.7380,1.200000
FILLER_9_525,VDD,Metal1,259.4490,49.7380,1.200000
FILLER_9_518,VDD,Metal1,256.0890,49.7380,1.200000
FILLER_9_511,VDD,Metal1,252.7290,49.7380,1.200000
FILLER_9_504,VDD,Metal1,249.3690,49.7380,1.200000
FILLER_9_497,VDD,Metal1,246.0090,49.7380,1.200000
FILLER_9_490,VDD,Metal1,242.6490,49.7380,1.200000
FILLER_9_483,VDD,Metal1,239.2890,49.7380,1.200000
FILLER_9_476,VDD,Metal1,235.9290,49.7380,1.200000
FILLER_9_469,VDD,Metal1,232.5690,49.7380,1.200000
FILLER_9_462,VDD,Metal1,229.2090,49.7380,1.200000
FILLER_9_455,VDD,Metal1,225.8490,49.7380,1.200000
FILLER_9_448,VDD,Metal1,222.4890,49.7380,1.200000
FILLER_9_441,VDD,Metal1,219.1290,49.7380,1.200000
FILLER_9_434,VDD,Metal1,215.7690,49.7380,1.200000
FILLER_9_427,VDD,Metal1,212.4090,49.7380,1.200000
FILLER_9_420,VDD,Metal1,209.0490,49.7380,1.200000
FILLER_9_413,VDD,Metal1,205.6890,49.7380,1.200000
FILLER_9_406,VDD,Metal1,202.3290,49.7380,1.200000
FILLER_9_399,VDD,Metal1,198.9690,49.7380,1.200000
FILLER_9_392,VDD,Metal1,195.6090,49.7380,1.200000
FILLER_9_385,VDD,Metal1,192.2490,49.7380,1.200000
FILLER_9_378,VDD,Metal1,188.8890,49.7380,1.200000
FILLER_9_371,VDD,Metal1,185.5290,49.7380,1.200000
FILLER_9_364,VDD,Metal1,182.1690,49.7380,1.200000
FILLER_9_357,VDD,Metal1,178.8090,49.7380,1.200000
FILLER_9_350,VDD,Metal1,175.4490,49.7380,1.200000
FILLER_9_343,VDD,Metal1,172.0890,49.7380,1.200000
FILLER_9_336,VDD,Metal1,168.7290,49.7380,1.200000
FILLER_9_329,VDD,Metal1,165.3690,49.7380,1.200000
FILLER_9_322,VDD,Metal1,162.0090,49.7380,1.200000
FILLER_9_315,VDD,Metal1,158.6490,49.7380,1.200000
FILLER_9_308,VDD,Metal1,155.2890,49.7380,1.200000
FILLER_9_301,VDD,Metal1,151.9290,49.7380,1.200000
FILLER_9_294,VDD,Metal1,148.5690,49.7380,1.200000
FILLER_9_287,VDD,Metal1,145.2090,49.7380,1.200000
FILLER_9_280,VDD,Metal1,141.8490,49.7380,1.200000
FILLER_9_273,VDD,Metal1,138.4890,49.7380,1.200000
FILLER_9_266,VDD,Metal1,135.1290,49.7380,1.200000
FILLER_9_259,VDD,Metal1,131.7690,49.7380,1.200000
FILLER_9_252,VDD,Metal1,128.4090,49.7380,1.200000
FILLER_9_245,VDD,Metal1,125.0490,49.7380,1.200000
FILLER_9_238,VDD,Metal1,121.6890,49.7380,1.200000
FILLER_9_231,VDD,Metal1,118.3290,49.7380,1.200000
FILLER_9_224,VDD,Metal1,114.9690,49.7380,1.200000
FILLER_9_217,VDD,Metal1,111.6090,49.7380,1.200000
FILLER_9_210,VDD,Metal1,108.2490,49.7380,1.200000
FILLER_9_203,VDD,Metal1,104.8890,49.7380,1.200000
FILLER_9_196,VDD,Metal1,101.5290,49.7380,1.200000
FILLER_9_189,VDD,Metal1,98.1690,49.7380,1.200000
FILLER_9_182,VDD,Metal1,94.8090,49.7380,1.200000
FILLER_9_175,VDD,Metal1,91.4490,49.7380,1.200000
FILLER_9_168,VDD,Metal1,88.0890,49.7380,1.200000
FILLER_9_161,VDD,Metal1,84.7290,49.7380,1.200000
FILLER_9_154,VDD,Metal1,81.3690,49.7380,1.200000
FILLER_9_147,VDD,Metal1,78.0090,49.7380,1.200000
FILLER_9_140,VDD,Metal1,74.6490,49.7380,1.200000
FILLER_9_133,VDD,Metal1,71.2890,49.7380,1.200000
FILLER_9_126,VDD,Metal1,67.9290,49.7380,1.200000
FILLER_9_119,VDD,Metal1,64.5690,49.7380,1.200000
FILLER_9_112,VDD,Metal1,61.2090,49.7380,1.200000
FILLER_9_105,VDD,Metal1,57.8490,49.7380,1.200000
FILLER_9_98,VDD,Metal1,54.4890,49.7380,1.200000
FILLER_9_91,VDD,Metal1,51.1290,49.7380,1.200000
FILLER_9_84,VDD,Metal1,47.7690,49.7380,1.200000
FILLER_9_77,VDD,Metal1,44.4090,49.7380,1.200000
FILLER_9_70,VDD,Metal1,41.0490,49.7380,1.200000
FILLER_9_63,VDD,Metal1,37.6890,49.7380,1.200000
FILLER_9_56,VDD,Metal1,34.3290,49.7380,1.200000
FILLER_9_49,VDD,Metal1,30.9690,49.7380,1.200000
FILLER_9_42,VDD,Metal1,27.6090,49.7380,1.200000
FILLER_9_35,VDD,Metal1,24.2490,49.7380,1.200000
FILLER_9_28,VDD,Metal1,20.8890,49.7380,1.200000
FILLER_9_21,VDD,Metal1,17.5290,49.7380,1.200000
FILLER_9_14,VDD,Metal1,14.1690,49.7380,1.200000
FILLER_9_7,VDD,Metal1,10.8090,49.7380,1.200000
FILLER_9_0,VDD,Metal1,7.4490,49.7380,1.200000
FILLER_8_1099,VDD,Metal1,533.7600,49.1400,1.200000
FILLER_8_1092,VDD,Metal1,531.6090,48.5410,1.200000
FILLER_8_1085,VDD,Metal1,528.2490,48.5410,1.200000
FILLER_8_1078,VDD,Metal1,524.8890,48.5410,1.200000
FILLER_8_1071,VDD,Metal1,521.5290,48.5410,1.200000
FILLER_8_1064,VDD,Metal1,518.1690,48.5410,1.200000
FILLER_8_1057,VDD,Metal1,514.8090,48.5410,1.200000
FILLER_8_1050,VDD,Metal1,511.4490,48.5410,1.200000
FILLER_8_1043,VDD,Metal1,508.0890,48.5410,1.200000
FILLER_8_1036,VDD,Metal1,504.7290,48.5410,1.200000
FILLER_8_1029,VDD,Metal1,501.3690,48.5410,1.200000
FILLER_8_1022,VDD,Metal1,498.0090,48.5410,1.200000
FILLER_8_1015,VDD,Metal1,494.6490,48.5410,1.200000
FILLER_8_1008,VDD,Metal1,491.2890,48.5410,1.200000
FILLER_8_1001,VDD,Metal1,487.9290,48.5410,1.200000
FILLER_8_994,VDD,Metal1,484.5690,48.5410,1.200000
FILLER_8_987,VDD,Metal1,481.2090,48.5410,1.200000
FILLER_8_980,VDD,Metal1,477.8490,48.5410,1.200000
FILLER_8_973,VDD,Metal1,474.4890,48.5410,1.200000
FILLER_8_966,VDD,Metal1,471.1290,48.5410,1.200000
FILLER_8_959,VDD,Metal1,467.7690,48.5410,1.200000
FILLER_8_952,VDD,Metal1,464.4090,48.5410,1.200000
FILLER_8_945,VDD,Metal1,461.0490,48.5410,1.200000
FILLER_8_938,VDD,Metal1,457.6890,48.5410,1.200000
FILLER_8_931,VDD,Metal1,454.3290,48.5410,1.200000
FILLER_8_924,VDD,Metal1,450.9690,48.5410,1.200000
FILLER_8_917,VDD,Metal1,447.6090,48.5410,1.200000
FILLER_8_910,VDD,Metal1,444.2490,48.5410,1.200000
FILLER_8_903,VDD,Metal1,440.8890,48.5410,1.200000
FILLER_8_896,VDD,Metal1,437.5290,48.5410,1.200000
FILLER_8_889,VDD,Metal1,434.1690,48.5410,1.200000
FILLER_8_882,VDD,Metal1,430.8090,48.5410,1.200000
FILLER_8_875,VDD,Metal1,427.4490,48.5410,1.200000
FILLER_8_868,VDD,Metal1,424.0890,48.5410,1.200000
FILLER_8_861,VDD,Metal1,420.7290,48.5410,1.200000
FILLER_8_854,VDD,Metal1,417.3690,48.5410,1.200000
FILLER_8_847,VDD,Metal1,414.0090,48.5410,1.200000
FILLER_8_840,VDD,Metal1,410.6490,48.5410,1.200000
FILLER_8_833,VDD,Metal1,407.2890,48.5410,1.200000
FILLER_8_826,VDD,Metal1,403.9290,48.5410,1.200000
FILLER_8_819,VDD,Metal1,400.5690,48.5410,1.200000
FILLER_8_812,VDD,Metal1,397.2090,48.5410,1.200000
FILLER_8_805,VDD,Metal1,393.8490,48.5410,1.200000
FILLER_8_798,VDD,Metal1,390.4890,48.5410,1.200000
FILLER_8_791,VDD,Metal1,387.1290,48.5410,1.200000
FILLER_8_784,VDD,Metal1,383.7690,48.5410,1.200000
FILLER_8_777,VDD,Metal1,380.4090,48.5410,1.200000
FILLER_8_770,VDD,Metal1,377.0490,48.5410,1.200000
FILLER_8_763,VDD,Metal1,373.6890,48.5410,1.200000
FILLER_8_756,VDD,Metal1,370.3290,48.5410,1.200000
FILLER_8_749,VDD,Metal1,366.9690,48.5410,1.200000
FILLER_8_742,VDD,Metal1,363.6090,48.5410,1.200000
FILLER_8_735,VDD,Metal1,360.2490,48.5410,1.200000
FILLER_8_728,VDD,Metal1,356.8890,48.5410,1.200000
FILLER_8_721,VDD,Metal1,353.5290,48.5410,1.200000
FILLER_8_714,VDD,Metal1,350.1690,48.5410,1.200000
FILLER_8_707,VDD,Metal1,346.8090,48.5410,1.200000
FILLER_8_700,VDD,Metal1,343.4490,48.5410,1.200000
FILLER_8_693,VDD,Metal1,340.0890,48.5410,1.200000
FILLER_8_686,VDD,Metal1,336.7290,48.5410,1.200000
FILLER_8_679,VDD,Metal1,333.3690,48.5410,1.200000
FILLER_8_672,VDD,Metal1,330.0090,48.5410,1.200000
FILLER_8_665,VDD,Metal1,326.6490,48.5410,1.200000
FILLER_8_658,VDD,Metal1,323.2890,48.5410,1.200000
FILLER_8_651,VDD,Metal1,319.9290,48.5410,1.200000
FILLER_8_644,VDD,Metal1,316.5690,48.5410,1.200000
FILLER_8_637,VDD,Metal1,313.2090,48.5410,1.200000
FILLER_8_630,VDD,Metal1,309.8490,48.5410,1.200000
FILLER_8_623,VDD,Metal1,306.4890,48.5410,1.200000
FILLER_8_616,VDD,Metal1,303.1290,48.5410,1.200000
FILLER_8_609,VDD,Metal1,299.7690,48.5410,1.200000
FILLER_8_602,VDD,Metal1,296.4090,48.5410,1.200000
FILLER_8_595,VDD,Metal1,293.0490,48.5410,1.200000
FILLER_8_588,VDD,Metal1,289.6890,48.5410,1.200000
FILLER_8_581,VDD,Metal1,286.3290,48.5410,1.200000
FILLER_8_574,VDD,Metal1,282.9690,48.5410,1.200000
FILLER_8_567,VDD,Metal1,279.6090,48.5410,1.200000
FILLER_8_560,VDD,Metal1,276.2490,48.5410,1.200000
FILLER_8_553,VDD,Metal1,272.8890,48.5410,1.200000
FILLER_8_546,VDD,Metal1,269.5290,48.5410,1.200000
FILLER_8_539,VDD,Metal1,266.1690,48.5410,1.200000
FILLER_8_532,VDD,Metal1,262.8090,48.5410,1.200000
FILLER_8_525,VDD,Metal1,259.4490,48.5410,1.200000
FILLER_8_518,VDD,Metal1,256.0890,48.5410,1.200000
FILLER_8_511,VDD,Metal1,252.7290,48.5410,1.200000
FILLER_8_504,VDD,Metal1,249.3690,48.5410,1.200000
FILLER_8_497,VDD,Metal1,246.0090,48.5410,1.200000
FILLER_8_490,VDD,Metal1,242.6490,48.5410,1.200000
FILLER_8_483,VDD,Metal1,239.2890,48.5410,1.200000
FILLER_8_476,VDD,Metal1,235.9290,48.5410,1.200000
FILLER_8_469,VDD,Metal1,232.5690,48.5410,1.200000
FILLER_8_462,VDD,Metal1,229.2090,48.5410,1.200000
FILLER_8_455,VDD,Metal1,225.8490,48.5410,1.200000
FILLER_8_448,VDD,Metal1,222.4890,48.5410,1.200000
FILLER_8_441,VDD,Metal1,219.1290,48.5410,1.200000
FILLER_8_434,VDD,Metal1,215.7690,48.5410,1.200000
FILLER_8_427,VDD,Metal1,212.4090,48.5410,1.200000
FILLER_8_420,VDD,Metal1,209.0490,48.5410,1.200000
FILLER_8_413,VDD,Metal1,205.6890,48.5410,1.200000
FILLER_8_406,VDD,Metal1,202.3290,48.5410,1.200000
FILLER_8_399,VDD,Metal1,198.9690,48.5410,1.200000
FILLER_8_392,VDD,Metal1,195.6090,48.5410,1.200000
FILLER_8_385,VDD,Metal1,192.2490,48.5410,1.200000
FILLER_8_378,VDD,Metal1,188.8890,48.5410,1.200000
FILLER_8_371,VDD,Metal1,185.5290,48.5410,1.200000
FILLER_8_364,VDD,Metal1,182.1690,48.5410,1.200000
FILLER_8_357,VDD,Metal1,178.8090,48.5410,1.200000
FILLER_8_350,VDD,Metal1,175.4490,48.5410,1.200000
FILLER_8_343,VDD,Metal1,172.0890,48.5410,1.200000
FILLER_8_336,VDD,Metal1,168.7290,48.5410,1.200000
FILLER_8_329,VDD,Metal1,165.3690,48.5410,1.200000
FILLER_8_322,VDD,Metal1,162.0090,48.5410,1.200000
FILLER_8_315,VDD,Metal1,158.6490,48.5410,1.200000
FILLER_8_308,VDD,Metal1,155.2890,48.5410,1.200000
FILLER_8_301,VDD,Metal1,151.9290,48.5410,1.200000
FILLER_8_294,VDD,Metal1,148.5690,48.5410,1.200000
FILLER_8_287,VDD,Metal1,145.2090,48.5410,1.200000
FILLER_8_280,VDD,Metal1,141.8490,48.5410,1.200000
FILLER_8_273,VDD,Metal1,138.4890,48.5410,1.200000
FILLER_8_266,VDD,Metal1,135.1290,48.5410,1.200000
FILLER_8_259,VDD,Metal1,131.7690,48.5410,1.200000
FILLER_8_252,VDD,Metal1,128.4090,48.5410,1.200000
FILLER_8_245,VDD,Metal1,125.0490,48.5410,1.200000
FILLER_8_238,VDD,Metal1,121.6890,48.5410,1.200000
FILLER_8_231,VDD,Metal1,118.3290,48.5410,1.200000
FILLER_8_224,VDD,Metal1,114.9690,48.5410,1.200000
FILLER_8_217,VDD,Metal1,111.6090,48.5410,1.200000
FILLER_8_210,VDD,Metal1,108.2490,48.5410,1.200000
FILLER_8_203,VDD,Metal1,104.8890,48.5410,1.200000
FILLER_8_196,VDD,Metal1,101.5290,48.5410,1.200000
FILLER_8_189,VDD,Metal1,98.1690,48.5410,1.200000
FILLER_8_182,VDD,Metal1,94.8090,48.5410,1.200000
FILLER_8_175,VDD,Metal1,91.4490,48.5410,1.200000
FILLER_8_168,VDD,Metal1,88.0890,48.5410,1.200000
FILLER_8_161,VDD,Metal1,84.7290,48.5410,1.200000
FILLER_8_154,VDD,Metal1,81.3690,48.5410,1.200000
FILLER_8_147,VDD,Metal1,78.0090,48.5410,1.200000
FILLER_8_140,VDD,Metal1,74.6490,48.5410,1.200000
FILLER_8_133,VDD,Metal1,71.2890,48.5410,1.200000
FILLER_8_126,VDD,Metal1,67.9290,48.5410,1.200000
FILLER_8_119,VDD,Metal1,64.5690,48.5410,1.200000
FILLER_8_112,VDD,Metal1,61.2090,48.5410,1.200000
FILLER_8_105,VDD,Metal1,57.8490,48.5410,1.200000
FILLER_8_98,VDD,Metal1,54.4890,48.5410,1.200000
FILLER_8_91,VDD,Metal1,51.1290,48.5410,1.200000
FILLER_8_84,VDD,Metal1,47.7690,48.5410,1.200000
FILLER_8_77,VDD,Metal1,44.4090,48.5410,1.200000
FILLER_8_70,VDD,Metal1,41.0490,48.5410,1.200000
FILLER_8_63,VDD,Metal1,37.6890,48.5410,1.200000
FILLER_8_56,VDD,Metal1,34.3290,48.5410,1.200000
FILLER_8_49,VDD,Metal1,30.9690,48.5410,1.200000
FILLER_8_42,VDD,Metal1,27.6090,48.5410,1.200000
FILLER_8_35,VDD,Metal1,24.2490,48.5410,1.200000
FILLER_8_28,VDD,Metal1,20.8890,48.5410,1.200000
FILLER_8_21,VDD,Metal1,17.5290,48.5410,1.200000
FILLER_8_14,VDD,Metal1,14.1690,48.5410,1.200000
FILLER_8_7,VDD,Metal1,10.8090,48.5410,1.200000
FILLER_8_0,VDD,Metal1,7.4490,48.5410,1.200000
FILLER_7_1099,VDD,Metal1,533.7600,41.5800,1.200000
FILLER_7_1092,VDD,Metal1,531.6090,42.1780,1.200000
FILLER_7_1085,VDD,Metal1,528.2490,42.1780,1.200000
FILLER_7_1078,VDD,Metal1,524.8890,42.1780,1.200000
FILLER_7_1071,VDD,Metal1,521.5290,42.1780,1.200000
FILLER_7_1064,VDD,Metal1,518.1690,42.1780,1.200000
FILLER_7_1057,VDD,Metal1,514.8090,42.1780,1.200000
FILLER_7_1050,VDD,Metal1,511.4490,42.1780,1.200000
FILLER_7_1043,VDD,Metal1,508.0890,42.1780,1.200000
FILLER_7_1036,VDD,Metal1,504.7290,42.1780,1.200000
FILLER_7_1029,VDD,Metal1,501.3690,42.1780,1.200000
FILLER_7_1022,VDD,Metal1,498.0090,42.1780,1.200000
FILLER_7_1015,VDD,Metal1,494.6490,42.1780,1.200000
FILLER_7_1008,VDD,Metal1,491.2890,42.1780,1.200000
FILLER_7_1001,VDD,Metal1,487.9290,42.1780,1.200000
FILLER_7_994,VDD,Metal1,484.5690,42.1780,1.200000
FILLER_7_987,VDD,Metal1,481.2090,42.1780,1.200000
FILLER_7_980,VDD,Metal1,477.8490,42.1780,1.200000
FILLER_7_973,VDD,Metal1,474.4890,42.1780,1.200000
FILLER_7_966,VDD,Metal1,471.1290,42.1780,1.200000
FILLER_7_959,VDD,Metal1,467.7690,42.1780,1.200000
FILLER_7_952,VDD,Metal1,464.4090,42.1780,1.200000
FILLER_7_945,VDD,Metal1,461.0490,42.1780,1.200000
FILLER_7_938,VDD,Metal1,457.6890,42.1780,1.200000
FILLER_7_931,VDD,Metal1,454.3290,42.1780,1.200000
FILLER_7_924,VDD,Metal1,450.9690,42.1780,1.200000
FILLER_7_917,VDD,Metal1,447.6090,42.1780,1.200000
FILLER_7_910,VDD,Metal1,444.2490,42.1780,1.200000
FILLER_7_903,VDD,Metal1,440.8890,42.1780,1.200000
FILLER_7_896,VDD,Metal1,437.5290,42.1780,1.200000
FILLER_7_889,VDD,Metal1,434.1690,42.1780,1.200000
FILLER_7_882,VDD,Metal1,430.8090,42.1780,1.200000
FILLER_7_875,VDD,Metal1,427.4490,42.1780,1.200000
FILLER_7_868,VDD,Metal1,424.0890,42.1780,1.200000
FILLER_7_861,VDD,Metal1,420.7290,42.1780,1.200000
FILLER_7_854,VDD,Metal1,417.3690,42.1780,1.200000
FILLER_7_847,VDD,Metal1,414.0090,42.1780,1.200000
FILLER_7_840,VDD,Metal1,410.6490,42.1780,1.200000
FILLER_7_833,VDD,Metal1,407.2890,42.1780,1.200000
FILLER_7_826,VDD,Metal1,403.9290,42.1780,1.200000
FILLER_7_819,VDD,Metal1,400.5690,42.1780,1.200000
FILLER_7_812,VDD,Metal1,397.2090,42.1780,1.200000
FILLER_7_805,VDD,Metal1,393.8490,42.1780,1.200000
FILLER_7_798,VDD,Metal1,390.4890,42.1780,1.200000
FILLER_7_791,VDD,Metal1,387.1290,42.1780,1.200000
FILLER_7_784,VDD,Metal1,383.7690,42.1780,1.200000
FILLER_7_777,VDD,Metal1,380.4090,42.1780,1.200000
FILLER_7_770,VDD,Metal1,377.0490,42.1780,1.200000
FILLER_7_763,VDD,Metal1,373.6890,42.1780,1.200000
FILLER_7_756,VDD,Metal1,370.3290,42.1780,1.200000
FILLER_7_749,VDD,Metal1,366.9690,42.1780,1.200000
FILLER_7_742,VDD,Metal1,363.6090,42.1780,1.200000
FILLER_7_735,VDD,Metal1,360.2490,42.1780,1.200000
FILLER_7_728,VDD,Metal1,356.8890,42.1780,1.200000
FILLER_7_721,VDD,Metal1,353.5290,42.1780,1.200000
FILLER_7_714,VDD,Metal1,350.1690,42.1780,1.200000
FILLER_7_707,VDD,Metal1,346.8090,42.1780,1.200000
FILLER_7_700,VDD,Metal1,343.4490,42.1780,1.200000
FILLER_7_693,VDD,Metal1,340.0890,42.1780,1.200000
FILLER_7_686,VDD,Metal1,336.7290,42.1780,1.200000
FILLER_7_679,VDD,Metal1,333.3690,42.1780,1.200000
FILLER_7_672,VDD,Metal1,330.0090,42.1780,1.200000
FILLER_7_665,VDD,Metal1,326.6490,42.1780,1.200000
FILLER_7_658,VDD,Metal1,323.2890,42.1780,1.200000
FILLER_7_651,VDD,Metal1,319.9290,42.1780,1.200000
FILLER_7_644,VDD,Metal1,316.5690,42.1780,1.200000
FILLER_7_637,VDD,Metal1,313.2090,42.1780,1.200000
FILLER_7_630,VDD,Metal1,309.8490,42.1780,1.200000
FILLER_7_623,VDD,Metal1,306.4890,42.1780,1.200000
FILLER_7_616,VDD,Metal1,303.1290,42.1780,1.200000
FILLER_7_609,VDD,Metal1,299.7690,42.1780,1.200000
FILLER_7_602,VDD,Metal1,296.4090,42.1780,1.200000
FILLER_7_595,VDD,Metal1,293.0490,42.1780,1.200000
FILLER_7_588,VDD,Metal1,289.6890,42.1780,1.200000
FILLER_7_581,VDD,Metal1,286.3290,42.1780,1.200000
FILLER_7_574,VDD,Metal1,282.9690,42.1780,1.200000
FILLER_7_567,VDD,Metal1,279.6090,42.1780,1.200000
FILLER_7_560,VDD,Metal1,276.2490,42.1780,1.200000
FILLER_7_553,VDD,Metal1,272.8890,42.1780,1.200000
FILLER_7_546,VDD,Metal1,269.5290,42.1780,1.200000
FILLER_7_539,VDD,Metal1,266.1690,42.1780,1.200000
FILLER_7_532,VDD,Metal1,262.8090,42.1780,1.200000
FILLER_7_525,VDD,Metal1,259.4490,42.1780,1.200000
FILLER_7_518,VDD,Metal1,256.0890,42.1780,1.200000
FILLER_7_511,VDD,Metal1,252.7290,42.1780,1.200000
FILLER_7_504,VDD,Metal1,249.3690,42.1780,1.200000
FILLER_7_497,VDD,Metal1,246.0090,42.1780,1.200000
FILLER_7_490,VDD,Metal1,242.6490,42.1780,1.200000
FILLER_7_483,VDD,Metal1,239.2890,42.1780,1.200000
FILLER_7_476,VDD,Metal1,235.9290,42.1780,1.200000
FILLER_7_469,VDD,Metal1,232.5690,42.1780,1.200000
FILLER_7_462,VDD,Metal1,229.2090,42.1780,1.200000
FILLER_7_455,VDD,Metal1,225.8490,42.1780,1.200000
FILLER_7_448,VDD,Metal1,222.4890,42.1780,1.200000
FILLER_7_441,VDD,Metal1,219.1290,42.1780,1.200000
FILLER_7_434,VDD,Metal1,215.7690,42.1780,1.200000
FILLER_7_427,VDD,Metal1,212.4090,42.1780,1.200000
FILLER_7_420,VDD,Metal1,209.0490,42.1780,1.200000
FILLER_7_413,VDD,Metal1,205.6890,42.1780,1.200000
FILLER_7_406,VDD,Metal1,202.3290,42.1780,1.200000
FILLER_7_399,VDD,Metal1,198.9690,42.1780,1.200000
FILLER_7_392,VDD,Metal1,195.6090,42.1780,1.200000
FILLER_7_385,VDD,Metal1,192.2490,42.1780,1.200000
FILLER_7_378,VDD,Metal1,188.8890,42.1780,1.200000
FILLER_7_371,VDD,Metal1,185.5290,42.1780,1.200000
FILLER_7_364,VDD,Metal1,182.1690,42.1780,1.200000
FILLER_7_357,VDD,Metal1,178.8090,42.1780,1.200000
FILLER_7_350,VDD,Metal1,175.4490,42.1780,1.200000
FILLER_7_343,VDD,Metal1,172.0890,42.1780,1.200000
FILLER_7_336,VDD,Metal1,168.7290,42.1780,1.200000
FILLER_7_329,VDD,Metal1,165.3690,42.1780,1.200000
FILLER_7_322,VDD,Metal1,162.0090,42.1780,1.200000
FILLER_7_315,VDD,Metal1,158.6490,42.1780,1.200000
FILLER_7_308,VDD,Metal1,155.2890,42.1780,1.200000
FILLER_7_301,VDD,Metal1,151.9290,42.1780,1.200000
FILLER_7_294,VDD,Metal1,148.5690,42.1780,1.200000
FILLER_7_287,VDD,Metal1,145.2090,42.1780,1.200000
FILLER_7_280,VDD,Metal1,141.8490,42.1780,1.200000
FILLER_7_273,VDD,Metal1,138.4890,42.1780,1.200000
FILLER_7_266,VDD,Metal1,135.1290,42.1780,1.200000
FILLER_7_259,VDD,Metal1,131.7690,42.1780,1.200000
FILLER_7_252,VDD,Metal1,128.4090,42.1780,1.200000
FILLER_7_245,VDD,Metal1,125.0490,42.1780,1.200000
FILLER_7_238,VDD,Metal1,121.6890,42.1780,1.200000
FILLER_7_231,VDD,Metal1,118.3290,42.1780,1.200000
FILLER_7_224,VDD,Metal1,114.9690,42.1780,1.200000
FILLER_7_217,VDD,Metal1,111.6090,42.1780,1.200000
FILLER_7_210,VDD,Metal1,108.2490,42.1780,1.200000
FILLER_7_203,VDD,Metal1,104.8890,42.1780,1.200000
FILLER_7_196,VDD,Metal1,101.5290,42.1780,1.200000
FILLER_7_189,VDD,Metal1,98.1690,42.1780,1.200000
FILLER_7_182,VDD,Metal1,94.8090,42.1780,1.200000
FILLER_7_175,VDD,Metal1,91.4490,42.1780,1.200000
FILLER_7_168,VDD,Metal1,88.0890,42.1780,1.200000
FILLER_7_161,VDD,Metal1,84.7290,42.1780,1.200000
FILLER_7_154,VDD,Metal1,81.3690,42.1780,1.200000
FILLER_7_147,VDD,Metal1,78.0090,42.1780,1.200000
FILLER_7_140,VDD,Metal1,74.6490,42.1780,1.200000
FILLER_7_133,VDD,Metal1,71.2890,42.1780,1.200000
FILLER_7_126,VDD,Metal1,67.9290,42.1780,1.200000
FILLER_7_119,VDD,Metal1,64.5690,42.1780,1.200000
FILLER_7_112,VDD,Metal1,61.2090,42.1780,1.200000
FILLER_7_105,VDD,Metal1,57.8490,42.1780,1.200000
FILLER_7_98,VDD,Metal1,54.4890,42.1780,1.200000
FILLER_7_91,VDD,Metal1,51.1290,42.1780,1.200000
FILLER_7_84,VDD,Metal1,47.7690,42.1780,1.200000
FILLER_7_77,VDD,Metal1,44.4090,42.1780,1.200000
FILLER_7_70,VDD,Metal1,41.0490,42.1780,1.200000
FILLER_7_63,VDD,Metal1,37.6890,42.1780,1.200000
FILLER_7_56,VDD,Metal1,34.3290,42.1780,1.200000
FILLER_7_49,VDD,Metal1,30.9690,42.1780,1.200000
FILLER_7_42,VDD,Metal1,27.6090,42.1780,1.200000
FILLER_7_35,VDD,Metal1,24.2490,42.1780,1.200000
FILLER_7_28,VDD,Metal1,20.8890,42.1780,1.200000
FILLER_7_21,VDD,Metal1,17.5290,42.1780,1.200000
FILLER_7_14,VDD,Metal1,14.1690,42.1780,1.200000
FILLER_7_7,VDD,Metal1,10.8090,42.1780,1.200000
FILLER_7_0,VDD,Metal1,7.4490,42.1780,1.200000
FILLER_6_1099,VDD,Metal1,533.7600,41.5800,1.200000
FILLER_6_1092,VDD,Metal1,531.6090,40.9810,1.200000
FILLER_6_1085,VDD,Metal1,528.2490,40.9810,1.200000
FILLER_6_1078,VDD,Metal1,524.8890,40.9810,1.200000
FILLER_6_1071,VDD,Metal1,521.5290,40.9810,1.200000
FILLER_6_1064,VDD,Metal1,518.1690,40.9810,1.200000
FILLER_6_1057,VDD,Metal1,514.8090,40.9810,1.200000
FILLER_6_1050,VDD,Metal1,511.4490,40.9810,1.200000
FILLER_6_1043,VDD,Metal1,508.0890,40.9810,1.200000
FILLER_6_1036,VDD,Metal1,504.7290,40.9810,1.200000
FILLER_6_1029,VDD,Metal1,501.3690,40.9810,1.200000
FILLER_6_1022,VDD,Metal1,498.0090,40.9810,1.200000
FILLER_6_1015,VDD,Metal1,494.6490,40.9810,1.200000
FILLER_6_1008,VDD,Metal1,491.2890,40.9810,1.200000
FILLER_6_1001,VDD,Metal1,487.9290,40.9810,1.200000
FILLER_6_994,VDD,Metal1,484.5690,40.9810,1.200000
FILLER_6_987,VDD,Metal1,481.2090,40.9810,1.200000
FILLER_6_980,VDD,Metal1,477.8490,40.9810,1.200000
FILLER_6_973,VDD,Metal1,474.4890,40.9810,1.200000
FILLER_6_966,VDD,Metal1,471.1290,40.9810,1.200000
FILLER_6_959,VDD,Metal1,467.7690,40.9810,1.200000
FILLER_6_952,VDD,Metal1,464.4090,40.9810,1.200000
FILLER_6_945,VDD,Metal1,461.0490,40.9810,1.200000
FILLER_6_938,VDD,Metal1,457.6890,40.9810,1.200000
FILLER_6_931,VDD,Metal1,454.3290,40.9810,1.200000
FILLER_6_924,VDD,Metal1,450.9690,40.9810,1.200000
FILLER_6_917,VDD,Metal1,447.6090,40.9810,1.200000
FILLER_6_910,VDD,Metal1,444.2490,40.9810,1.200000
FILLER_6_903,VDD,Metal1,440.8890,40.9810,1.200000
FILLER_6_896,VDD,Metal1,437.5290,40.9810,1.200000
FILLER_6_889,VDD,Metal1,434.1690,40.9810,1.200000
FILLER_6_882,VDD,Metal1,430.8090,40.9810,1.200000
FILLER_6_875,VDD,Metal1,427.4490,40.9810,1.200000
FILLER_6_868,VDD,Metal1,424.0890,40.9810,1.200000
FILLER_6_861,VDD,Metal1,420.7290,40.9810,1.200000
FILLER_6_854,VDD,Metal1,417.3690,40.9810,1.200000
FILLER_6_847,VDD,Metal1,414.0090,40.9810,1.200000
FILLER_6_840,VDD,Metal1,410.6490,40.9810,1.200000
FILLER_6_833,VDD,Metal1,407.2890,40.9810,1.200000
FILLER_6_826,VDD,Metal1,403.9290,40.9810,1.200000
FILLER_6_819,VDD,Metal1,400.5690,40.9810,1.200000
FILLER_6_812,VDD,Metal1,397.2090,40.9810,1.200000
FILLER_6_805,VDD,Metal1,393.8490,40.9810,1.200000
FILLER_6_798,VDD,Metal1,390.4890,40.9810,1.200000
FILLER_6_791,VDD,Metal1,387.1290,40.9810,1.200000
FILLER_6_784,VDD,Metal1,383.7690,40.9810,1.200000
FILLER_6_777,VDD,Metal1,380.4090,40.9810,1.200000
FILLER_6_770,VDD,Metal1,377.0490,40.9810,1.200000
FILLER_6_763,VDD,Metal1,373.6890,40.9810,1.200000
FILLER_6_756,VDD,Metal1,370.3290,40.9810,1.200000
FILLER_6_749,VDD,Metal1,366.9690,40.9810,1.200000
FILLER_6_742,VDD,Metal1,363.6090,40.9810,1.200000
FILLER_6_735,VDD,Metal1,360.2490,40.9810,1.200000
FILLER_6_728,VDD,Metal1,356.8890,40.9810,1.200000
FILLER_6_721,VDD,Metal1,353.5290,40.9810,1.200000
FILLER_6_714,VDD,Metal1,350.1690,40.9810,1.200000
FILLER_6_707,VDD,Metal1,346.8090,40.9810,1.200000
FILLER_6_700,VDD,Metal1,343.4490,40.9810,1.200000
FILLER_6_693,VDD,Metal1,340.0890,40.9810,1.200000
FILLER_6_686,VDD,Metal1,336.7290,40.9810,1.200000
FILLER_6_679,VDD,Metal1,333.3690,40.9810,1.200000
FILLER_6_672,VDD,Metal1,330.0090,40.9810,1.200000
FILLER_6_665,VDD,Metal1,326.6490,40.9810,1.200000
FILLER_6_658,VDD,Metal1,323.2890,40.9810,1.200000
FILLER_6_651,VDD,Metal1,319.9290,40.9810,1.200000
FILLER_6_644,VDD,Metal1,316.5690,40.9810,1.200000
FILLER_6_637,VDD,Metal1,313.2090,40.9810,1.200000
FILLER_6_630,VDD,Metal1,309.8490,40.9810,1.200000
FILLER_6_623,VDD,Metal1,306.4890,40.9810,1.200000
FILLER_6_616,VDD,Metal1,303.1290,40.9810,1.200000
FILLER_6_609,VDD,Metal1,299.7690,40.9810,1.200000
FILLER_6_602,VDD,Metal1,296.4090,40.9810,1.200000
FILLER_6_595,VDD,Metal1,293.0490,40.9810,1.200000
FILLER_6_588,VDD,Metal1,289.6890,40.9810,1.200000
FILLER_6_581,VDD,Metal1,286.3290,40.9810,1.200000
FILLER_6_574,VDD,Metal1,282.9690,40.9810,1.200000
FILLER_6_567,VDD,Metal1,279.6090,40.9810,1.200000
FILLER_6_560,VDD,Metal1,276.2490,40.9810,1.200000
FILLER_6_553,VDD,Metal1,272.8890,40.9810,1.200000
FILLER_6_546,VDD,Metal1,269.5290,40.9810,1.200000
FILLER_6_539,VDD,Metal1,266.1690,40.9810,1.200000
FILLER_6_532,VDD,Metal1,262.8090,40.9810,1.200000
FILLER_6_525,VDD,Metal1,259.4490,40.9810,1.200000
FILLER_6_518,VDD,Metal1,256.0890,40.9810,1.200000
FILLER_6_511,VDD,Metal1,252.7290,40.9810,1.200000
FILLER_6_504,VDD,Metal1,249.3690,40.9810,1.200000
FILLER_6_497,VDD,Metal1,246.0090,40.9810,1.200000
FILLER_6_490,VDD,Metal1,242.6490,40.9810,1.200000
FILLER_6_483,VDD,Metal1,239.2890,40.9810,1.200000
FILLER_6_476,VDD,Metal1,235.9290,40.9810,1.200000
FILLER_6_469,VDD,Metal1,232.5690,40.9810,1.200000
FILLER_6_462,VDD,Metal1,229.2090,40.9810,1.200000
FILLER_6_455,VDD,Metal1,225.8490,40.9810,1.200000
FILLER_6_448,VDD,Metal1,222.4890,40.9810,1.200000
FILLER_6_441,VDD,Metal1,219.1290,40.9810,1.200000
FILLER_6_434,VDD,Metal1,215.7690,40.9810,1.200000
FILLER_6_427,VDD,Metal1,212.4090,40.9810,1.200000
FILLER_6_420,VDD,Metal1,209.0490,40.9810,1.200000
FILLER_6_413,VDD,Metal1,205.6890,40.9810,1.200000
FILLER_6_406,VDD,Metal1,202.3290,40.9810,1.200000
FILLER_6_399,VDD,Metal1,198.9690,40.9810,1.200000
FILLER_6_392,VDD,Metal1,195.6090,40.9810,1.200000
FILLER_6_385,VDD,Metal1,192.2490,40.9810,1.200000
FILLER_6_378,VDD,Metal1,188.8890,40.9810,1.200000
FILLER_6_371,VDD,Metal1,185.5290,40.9810,1.200000
FILLER_6_364,VDD,Metal1,182.1690,40.9810,1.200000
FILLER_6_357,VDD,Metal1,178.8090,40.9810,1.200000
FILLER_6_350,VDD,Metal1,175.4490,40.9810,1.200000
FILLER_6_343,VDD,Metal1,172.0890,40.9810,1.200000
FILLER_6_336,VDD,Metal1,168.7290,40.9810,1.200000
FILLER_6_329,VDD,Metal1,165.3690,40.9810,1.200000
FILLER_6_322,VDD,Metal1,162.0090,40.9810,1.200000
FILLER_6_315,VDD,Metal1,158.6490,40.9810,1.200000
FILLER_6_308,VDD,Metal1,155.2890,40.9810,1.200000
FILLER_6_301,VDD,Metal1,151.9290,40.9810,1.200000
FILLER_6_294,VDD,Metal1,148.5690,40.9810,1.200000
FILLER_6_287,VDD,Metal1,145.2090,40.9810,1.200000
FILLER_6_280,VDD,Metal1,141.8490,40.9810,1.200000
FILLER_6_273,VDD,Metal1,138.4890,40.9810,1.200000
FILLER_6_266,VDD,Metal1,135.1290,40.9810,1.200000
FILLER_6_259,VDD,Metal1,131.7690,40.9810,1.200000
FILLER_6_252,VDD,Metal1,128.4090,40.9810,1.200000
FILLER_6_245,VDD,Metal1,125.0490,40.9810,1.200000
FILLER_6_238,VDD,Metal1,121.6890,40.9810,1.200000
FILLER_6_231,VDD,Metal1,118.3290,40.9810,1.200000
FILLER_6_224,VDD,Metal1,114.9690,40.9810,1.200000
FILLER_6_217,VDD,Metal1,111.6090,40.9810,1.200000
FILLER_6_210,VDD,Metal1,108.2490,40.9810,1.200000
FILLER_6_203,VDD,Metal1,104.8890,40.9810,1.200000
FILLER_6_196,VDD,Metal1,101.5290,40.9810,1.200000
FILLER_6_189,VDD,Metal1,98.1690,40.9810,1.200000
FILLER_6_182,VDD,Metal1,94.8090,40.9810,1.200000
FILLER_6_175,VDD,Metal1,91.4490,40.9810,1.200000
FILLER_6_168,VDD,Metal1,88.0890,40.9810,1.200000
FILLER_6_161,VDD,Metal1,84.7290,40.9810,1.200000
FILLER_6_154,VDD,Metal1,81.3690,40.9810,1.200000
FILLER_6_147,VDD,Metal1,78.0090,40.9810,1.200000
FILLER_6_140,VDD,Metal1,74.6490,40.9810,1.200000
FILLER_6_133,VDD,Metal1,71.2890,40.9810,1.200000
FILLER_6_126,VDD,Metal1,67.9290,40.9810,1.200000
FILLER_6_119,VDD,Metal1,64.5690,40.9810,1.200000
FILLER_6_112,VDD,Metal1,61.2090,40.9810,1.200000
FILLER_6_105,VDD,Metal1,57.8490,40.9810,1.200000
FILLER_6_98,VDD,Metal1,54.4890,40.9810,1.200000
FILLER_6_91,VDD,Metal1,51.1290,40.9810,1.200000
FILLER_6_84,VDD,Metal1,47.7690,40.9810,1.200000
FILLER_6_77,VDD,Metal1,44.4090,40.9810,1.200000
FILLER_6_70,VDD,Metal1,41.0490,40.9810,1.200000
FILLER_6_63,VDD,Metal1,37.6890,40.9810,1.200000
FILLER_6_56,VDD,Metal1,34.3290,40.9810,1.200000
FILLER_6_49,VDD,Metal1,30.9690,40.9810,1.200000
FILLER_6_42,VDD,Metal1,27.6090,40.9810,1.200000
FILLER_6_35,VDD,Metal1,24.2490,40.9810,1.200000
FILLER_6_28,VDD,Metal1,20.8890,40.9810,1.200000
FILLER_6_21,VDD,Metal1,17.5290,40.9810,1.200000
FILLER_6_14,VDD,Metal1,14.1690,40.9810,1.200000
FILLER_6_7,VDD,Metal1,10.8090,40.9810,1.200000
FILLER_6_0,VDD,Metal1,7.4490,40.9810,1.200000
FILLER_5_1096,VDD,Metal1,532.0800,34.0200,1.199996
FILLER_5_1092,VDD,Metal1,530.8910,34.6160,1.199996
FILLER_5_1085,VDD,Metal1,528.2490,34.6180,1.199997
FILLER_5_1078,VDD,Metal1,524.8890,34.6180,1.199998
FILLER_5_1071,VDD,Metal1,521.5290,34.6180,1.199998
FILLER_5_1064,VDD,Metal1,518.1690,34.6180,1.199998
FILLER_5_1057,VDD,Metal1,514.8090,34.6180,1.199998
FILLER_5_1050,VDD,Metal1,511.4490,34.6180,1.199998
FILLER_5_1043,VDD,Metal1,508.0890,34.6180,1.199998
FILLER_5_1036,VDD,Metal1,504.7290,34.6180,1.199998
FILLER_5_1029,VDD,Metal1,501.3690,34.6180,1.199999
FILLER_5_1022,VDD,Metal1,498.0090,34.6180,1.199999
FILLER_5_1015,VDD,Metal1,494.6490,34.6180,1.199999
FILLER_5_1008,VDD,Metal1,491.2890,34.6180,1.199999
FILLER_5_1001,VDD,Metal1,487.9290,34.6180,1.199999
FILLER_5_994,VDD,Metal1,484.5690,34.6180,1.199999
FILLER_5_987,VDD,Metal1,481.2090,34.6180,1.199999
FILLER_5_980,VDD,Metal1,477.8490,34.6180,1.199999
FILLER_5_973,VDD,Metal1,474.4890,34.6180,1.200000
FILLER_5_966,VDD,Metal1,471.1290,34.6180,1.200000
FILLER_5_959,VDD,Metal1,467.7690,34.6180,1.200000
FILLER_5_952,VDD,Metal1,464.4090,34.6180,1.200000
FILLER_5_945,VDD,Metal1,461.0490,34.6180,1.200000
FILLER_5_938,VDD,Metal1,457.6890,34.6180,1.200000
FILLER_5_931,VDD,Metal1,454.3290,34.6180,1.200000
FILLER_5_924,VDD,Metal1,450.9690,34.6180,1.200000
FILLER_5_917,VDD,Metal1,447.6090,34.6180,1.200000
FILLER_5_910,VDD,Metal1,444.2490,34.6180,1.200000
FILLER_5_903,VDD,Metal1,440.8890,34.6180,1.200000
FILLER_5_896,VDD,Metal1,437.5290,34.6180,1.200000
FILLER_5_889,VDD,Metal1,434.1690,34.6180,1.200000
FILLER_5_882,VDD,Metal1,430.8090,34.6180,1.200000
FILLER_5_875,VDD,Metal1,427.4490,34.6180,1.200000
FILLER_5_868,VDD,Metal1,424.0890,34.6180,1.200000
FILLER_5_861,VDD,Metal1,420.7290,34.6180,1.200000
FILLER_5_854,VDD,Metal1,417.3690,34.6180,1.200000
FILLER_5_847,VDD,Metal1,414.0090,34.6180,1.200000
FILLER_5_840,VDD,Metal1,410.6490,34.6180,1.200000
FILLER_5_833,VDD,Metal1,407.2890,34.6180,1.200000
FILLER_5_826,VDD,Metal1,403.9290,34.6180,1.200000
FILLER_5_819,VDD,Metal1,400.5690,34.6180,1.200000
FILLER_5_812,VDD,Metal1,397.2090,34.6180,1.200000
FILLER_5_805,VDD,Metal1,393.8490,34.6180,1.200000
FILLER_5_798,VDD,Metal1,390.4890,34.6180,1.200000
FILLER_5_791,VDD,Metal1,387.1290,34.6180,1.200000
FILLER_5_784,VDD,Metal1,383.7690,34.6180,1.200000
FILLER_5_777,VDD,Metal1,380.4090,34.6180,1.200000
FILLER_5_770,VDD,Metal1,377.0490,34.6180,1.200000
FILLER_5_763,VDD,Metal1,373.6890,34.6180,1.200000
FILLER_5_756,VDD,Metal1,370.3290,34.6180,1.200000
FILLER_5_749,VDD,Metal1,366.9690,34.6180,1.200000
FILLER_5_742,VDD,Metal1,363.6090,34.6180,1.200000
FILLER_5_735,VDD,Metal1,360.2490,34.6180,1.200000
FILLER_5_728,VDD,Metal1,356.8890,34.6180,1.200000
FILLER_5_721,VDD,Metal1,353.5290,34.6180,1.200000
FILLER_5_714,VDD,Metal1,350.1690,34.6180,1.200000
FILLER_5_707,VDD,Metal1,346.8090,34.6180,1.200000
FILLER_5_700,VDD,Metal1,343.4490,34.6180,1.200000
FILLER_5_693,VDD,Metal1,340.0890,34.6180,1.200000
FILLER_5_686,VDD,Metal1,336.7290,34.6180,1.200000
FILLER_5_679,VDD,Metal1,333.3690,34.6180,1.200000
FILLER_5_672,VDD,Metal1,330.0090,34.6180,1.200000
FILLER_5_665,VDD,Metal1,326.6490,34.6180,1.200000
FILLER_5_658,VDD,Metal1,323.2890,34.6180,1.200000
FILLER_5_651,VDD,Metal1,319.9290,34.6180,1.200000
FILLER_5_644,VDD,Metal1,316.5690,34.6180,1.200000
FILLER_5_637,VDD,Metal1,313.2090,34.6180,1.200000
FILLER_5_630,VDD,Metal1,309.8490,34.6180,1.200000
FILLER_5_623,VDD,Metal1,306.4890,34.6180,1.200000
FILLER_5_616,VDD,Metal1,303.1290,34.6180,1.200000
FILLER_5_609,VDD,Metal1,299.7690,34.6180,1.200000
FILLER_5_602,VDD,Metal1,296.4090,34.6180,1.200000
FILLER_5_595,VDD,Metal1,293.0490,34.6180,1.200000
FILLER_5_588,VDD,Metal1,289.6890,34.6180,1.200000
FILLER_5_581,VDD,Metal1,286.3290,34.6180,1.200000
FILLER_5_574,VDD,Metal1,282.9690,34.6180,1.200000
FILLER_5_567,VDD,Metal1,279.6090,34.6180,1.200000
FILLER_5_560,VDD,Metal1,276.2490,34.6180,1.200000
FILLER_5_553,VDD,Metal1,272.8890,34.6180,1.200000
FILLER_5_546,VDD,Metal1,269.5290,34.6180,1.200000
FILLER_5_539,VDD,Metal1,266.1690,34.6180,1.200000
FILLER_5_532,VDD,Metal1,262.8090,34.6180,1.200000
FILLER_5_525,VDD,Metal1,259.4490,34.6180,1.200000
FILLER_5_518,VDD,Metal1,256.0890,34.6180,1.200000
FILLER_5_511,VDD,Metal1,252.7290,34.6180,1.200000
FILLER_5_504,VDD,Metal1,249.3690,34.6180,1.200000
FILLER_5_497,VDD,Metal1,246.0090,34.6180,1.200000
FILLER_5_490,VDD,Metal1,242.6490,34.6180,1.200000
FILLER_5_483,VDD,Metal1,239.2890,34.6180,1.200000
FILLER_5_476,VDD,Metal1,235.9290,34.6180,1.200000
FILLER_5_469,VDD,Metal1,232.5690,34.6180,1.200000
FILLER_5_462,VDD,Metal1,229.2090,34.6180,1.200000
FILLER_5_455,VDD,Metal1,225.8490,34.6180,1.200000
FILLER_5_448,VDD,Metal1,222.4890,34.6180,1.200000
FILLER_5_441,VDD,Metal1,219.1290,34.6180,1.200000
FILLER_5_434,VDD,Metal1,215.7690,34.6180,1.200000
FILLER_5_427,VDD,Metal1,212.4090,34.6180,1.200000
FILLER_5_420,VDD,Metal1,209.0490,34.6180,1.200000
FILLER_5_413,VDD,Metal1,205.6890,34.6180,1.200000
FILLER_5_406,VDD,Metal1,202.3290,34.6180,1.200000
FILLER_5_399,VDD,Metal1,198.9690,34.6180,1.200000
FILLER_5_392,VDD,Metal1,195.6090,34.6180,1.200000
FILLER_5_385,VDD,Metal1,192.2490,34.6180,1.200000
FILLER_5_378,VDD,Metal1,188.8890,34.6180,1.200000
FILLER_5_371,VDD,Metal1,185.5290,34.6180,1.200000
FILLER_5_364,VDD,Metal1,182.1690,34.6180,1.200000
FILLER_5_357,VDD,Metal1,178.8090,34.6180,1.200000
FILLER_5_350,VDD,Metal1,175.4490,34.6180,1.200000
FILLER_5_343,VDD,Metal1,172.0890,34.6180,1.200000
FILLER_5_336,VDD,Metal1,168.7290,34.6180,1.200000
FILLER_5_329,VDD,Metal1,165.3690,34.6180,1.200000
FILLER_5_322,VDD,Metal1,162.0090,34.6180,1.200000
FILLER_5_315,VDD,Metal1,158.6490,34.6180,1.200000
FILLER_5_308,VDD,Metal1,155.2890,34.6180,1.200000
FILLER_5_301,VDD,Metal1,151.9290,34.6180,1.200000
FILLER_5_294,VDD,Metal1,148.5690,34.6180,1.200000
FILLER_5_287,VDD,Metal1,145.2090,34.6180,1.200000
FILLER_5_280,VDD,Metal1,141.8490,34.6180,1.200000
FILLER_5_273,VDD,Metal1,138.4890,34.6180,1.200000
FILLER_5_266,VDD,Metal1,135.1290,34.6180,1.200000
FILLER_5_259,VDD,Metal1,131.7690,34.6180,1.200000
FILLER_5_252,VDD,Metal1,128.4090,34.6180,1.200000
FILLER_5_245,VDD,Metal1,125.0490,34.6180,1.200000
FILLER_5_238,VDD,Metal1,121.6890,34.6180,1.200000
FILLER_5_231,VDD,Metal1,118.3290,34.6180,1.200000
FILLER_5_224,VDD,Metal1,114.9690,34.6180,1.200000
FILLER_5_217,VDD,Metal1,111.6090,34.6180,1.200000
FILLER_5_210,VDD,Metal1,108.2490,34.6180,1.200000
FILLER_5_203,VDD,Metal1,104.8890,34.6180,1.200000
FILLER_5_196,VDD,Metal1,101.5290,34.6180,1.200000
FILLER_5_189,VDD,Metal1,98.1690,34.6180,1.200000
FILLER_5_182,VDD,Metal1,94.8090,34.6180,1.200000
FILLER_5_175,VDD,Metal1,91.4490,34.6180,1.200000
FILLER_5_168,VDD,Metal1,88.0890,34.6180,1.200000
FILLER_5_161,VDD,Metal1,84.7290,34.6180,1.200000
FILLER_5_154,VDD,Metal1,81.3690,34.6180,1.200000
FILLER_5_147,VDD,Metal1,78.0090,34.6180,1.200000
FILLER_5_140,VDD,Metal1,74.6490,34.6180,1.200000
FILLER_5_133,VDD,Metal1,71.2890,34.6180,1.200000
FILLER_5_126,VDD,Metal1,67.9290,34.6180,1.200000
FILLER_5_119,VDD,Metal1,64.5690,34.6180,1.200000
FILLER_5_112,VDD,Metal1,61.2090,34.6180,1.200000
FILLER_5_105,VDD,Metal1,57.8490,34.6180,1.200000
FILLER_5_98,VDD,Metal1,54.4890,34.6180,1.200000
FILLER_5_91,VDD,Metal1,51.1290,34.6180,1.200000
FILLER_5_84,VDD,Metal1,47.7690,34.6180,1.200000
FILLER_5_77,VDD,Metal1,44.4090,34.6180,1.200000
FILLER_5_70,VDD,Metal1,41.0490,34.6180,1.200000
FILLER_5_63,VDD,Metal1,37.6890,34.6180,1.200000
FILLER_5_56,VDD,Metal1,34.3290,34.6180,1.200000
FILLER_5_49,VDD,Metal1,30.9690,34.6180,1.200000
FILLER_5_42,VDD,Metal1,27.6090,34.6180,1.200000
FILLER_5_35,VDD,Metal1,24.2490,34.6180,1.200000
FILLER_5_28,VDD,Metal1,20.8890,34.6180,1.200000
FILLER_5_21,VDD,Metal1,17.5290,34.6180,1.200000
FILLER_5_14,VDD,Metal1,14.1690,34.6180,1.200000
FILLER_5_7,VDD,Metal1,10.8090,34.6180,1.200000
FILLER_5_0,VDD,Metal1,7.4490,34.6180,1.200000
FILLER_4_1099,VDD,Metal1,533.7600,34.0200,1.199996
FILLER_4_1092,VDD,Metal1,531.6090,33.4210,1.199996
FILLER_4_1085,VDD,Metal1,528.2490,33.4210,1.199997
FILLER_4_1078,VDD,Metal1,524.8890,33.4210,1.199998
FILLER_4_1071,VDD,Metal1,521.5290,33.4210,1.199998
FILLER_4_1064,VDD,Metal1,518.1690,33.4210,1.199998
FILLER_4_1057,VDD,Metal1,514.8090,33.4210,1.199998
FILLER_4_1050,VDD,Metal1,511.4490,33.4210,1.199998
FILLER_4_1043,VDD,Metal1,508.0890,33.4210,1.199998
FILLER_4_1036,VDD,Metal1,504.7290,33.4210,1.199998
FILLER_4_1029,VDD,Metal1,501.3690,33.4210,1.199999
FILLER_4_1022,VDD,Metal1,498.0090,33.4210,1.199999
FILLER_4_1015,VDD,Metal1,494.6490,33.4210,1.199999
FILLER_4_1008,VDD,Metal1,491.2890,33.4210,1.199999
FILLER_4_1001,VDD,Metal1,487.9290,33.4210,1.199999
FILLER_4_994,VDD,Metal1,484.5690,33.4210,1.199999
FILLER_4_987,VDD,Metal1,481.2090,33.4210,1.199999
FILLER_4_980,VDD,Metal1,477.8490,33.4210,1.199999
FILLER_4_973,VDD,Metal1,474.4890,33.4210,1.200000
FILLER_4_966,VDD,Metal1,471.1290,33.4210,1.200000
FILLER_4_959,VDD,Metal1,467.7690,33.4210,1.200000
FILLER_4_952,VDD,Metal1,464.4090,33.4210,1.200000
FILLER_4_945,VDD,Metal1,461.0490,33.4210,1.200000
FILLER_4_938,VDD,Metal1,457.6890,33.4210,1.200000
FILLER_4_931,VDD,Metal1,454.3290,33.4210,1.200000
FILLER_4_924,VDD,Metal1,450.9690,33.4210,1.200000
FILLER_4_917,VDD,Metal1,447.6090,33.4210,1.200000
FILLER_4_910,VDD,Metal1,444.2490,33.4210,1.200000
FILLER_4_903,VDD,Metal1,440.8890,33.4210,1.200000
FILLER_4_896,VDD,Metal1,437.5290,33.4210,1.200000
FILLER_4_889,VDD,Metal1,434.1690,33.4210,1.200000
FILLER_4_882,VDD,Metal1,430.8090,33.4210,1.200000
FILLER_4_875,VDD,Metal1,427.4490,33.4210,1.200000
FILLER_4_868,VDD,Metal1,424.0890,33.4210,1.200000
FILLER_4_861,VDD,Metal1,420.7290,33.4210,1.200000
FILLER_4_854,VDD,Metal1,417.3690,33.4210,1.200000
FILLER_4_847,VDD,Metal1,414.0090,33.4210,1.200000
FILLER_4_840,VDD,Metal1,410.6490,33.4210,1.200000
FILLER_4_833,VDD,Metal1,407.2890,33.4210,1.200000
FILLER_4_826,VDD,Metal1,403.9290,33.4210,1.200000
FILLER_4_819,VDD,Metal1,400.5690,33.4210,1.200000
FILLER_4_812,VDD,Metal1,397.2090,33.4210,1.200000
FILLER_4_805,VDD,Metal1,393.8490,33.4210,1.200000
FILLER_4_798,VDD,Metal1,390.4890,33.4210,1.200000
FILLER_4_791,VDD,Metal1,387.1290,33.4210,1.200000
FILLER_4_784,VDD,Metal1,383.7690,33.4210,1.200000
FILLER_4_777,VDD,Metal1,380.4090,33.4210,1.200000
FILLER_4_770,VDD,Metal1,377.0490,33.4210,1.200000
FILLER_4_763,VDD,Metal1,373.6890,33.4210,1.200000
FILLER_4_756,VDD,Metal1,370.3290,33.4210,1.200000
FILLER_4_749,VDD,Metal1,366.9690,33.4210,1.200000
FILLER_4_742,VDD,Metal1,363.6090,33.4210,1.200000
FILLER_4_735,VDD,Metal1,360.2490,33.4210,1.200000
FILLER_4_728,VDD,Metal1,356.8890,33.4210,1.200000
FILLER_4_721,VDD,Metal1,353.5290,33.4210,1.200000
FILLER_4_714,VDD,Metal1,350.1690,33.4210,1.200000
FILLER_4_707,VDD,Metal1,346.8090,33.4210,1.200000
FILLER_4_700,VDD,Metal1,343.4490,33.4210,1.200000
FILLER_4_693,VDD,Metal1,340.0890,33.4210,1.200000
FILLER_4_686,VDD,Metal1,336.7290,33.4210,1.200000
FILLER_4_679,VDD,Metal1,333.3690,33.4210,1.200000
FILLER_4_672,VDD,Metal1,330.0090,33.4210,1.200000
FILLER_4_665,VDD,Metal1,326.6490,33.4210,1.200000
FILLER_4_658,VDD,Metal1,323.2890,33.4210,1.200000
FILLER_4_651,VDD,Metal1,319.9290,33.4210,1.200000
FILLER_4_644,VDD,Metal1,316.5690,33.4210,1.200000
FILLER_4_637,VDD,Metal1,313.2090,33.4210,1.200000
FILLER_4_630,VDD,Metal1,309.8490,33.4210,1.200000
FILLER_4_623,VDD,Metal1,306.4890,33.4210,1.200000
FILLER_4_616,VDD,Metal1,303.1290,33.4210,1.200000
FILLER_4_609,VDD,Metal1,299.7690,33.4210,1.200000
FILLER_4_602,VDD,Metal1,296.4090,33.4210,1.200000
FILLER_4_595,VDD,Metal1,293.0490,33.4210,1.200000
FILLER_4_588,VDD,Metal1,289.6890,33.4210,1.200000
FILLER_4_581,VDD,Metal1,286.3290,33.4210,1.200000
FILLER_4_574,VDD,Metal1,282.9690,33.4210,1.200000
FILLER_4_567,VDD,Metal1,279.6090,33.4210,1.200000
FILLER_4_560,VDD,Metal1,276.2490,33.4210,1.200000
FILLER_4_553,VDD,Metal1,272.8890,33.4210,1.200000
FILLER_4_546,VDD,Metal1,269.5290,33.4210,1.200000
FILLER_4_539,VDD,Metal1,266.1690,33.4210,1.200000
FILLER_4_532,VDD,Metal1,262.8090,33.4210,1.200000
FILLER_4_525,VDD,Metal1,259.4490,33.4210,1.200000
FILLER_4_518,VDD,Metal1,256.0890,33.4210,1.200000
FILLER_4_511,VDD,Metal1,252.7290,33.4210,1.200000
FILLER_4_504,VDD,Metal1,249.3690,33.4210,1.200000
FILLER_4_497,VDD,Metal1,246.0090,33.4210,1.200000
FILLER_4_490,VDD,Metal1,242.6490,33.4210,1.200000
FILLER_4_483,VDD,Metal1,239.2890,33.4210,1.200000
FILLER_4_476,VDD,Metal1,235.9290,33.4210,1.200000
FILLER_4_469,VDD,Metal1,232.5690,33.4210,1.200000
FILLER_4_462,VDD,Metal1,229.2090,33.4210,1.200000
FILLER_4_455,VDD,Metal1,225.8490,33.4210,1.200000
FILLER_4_448,VDD,Metal1,222.4890,33.4210,1.200000
FILLER_4_441,VDD,Metal1,219.1290,33.4210,1.200000
FILLER_4_434,VDD,Metal1,215.7690,33.4210,1.200000
FILLER_4_427,VDD,Metal1,212.4090,33.4210,1.200000
FILLER_4_420,VDD,Metal1,209.0490,33.4210,1.200000
FILLER_4_413,VDD,Metal1,205.6890,33.4210,1.200000
FILLER_4_406,VDD,Metal1,202.3290,33.4210,1.200000
FILLER_4_399,VDD,Metal1,198.9690,33.4210,1.200000
FILLER_4_392,VDD,Metal1,195.6090,33.4210,1.200000
FILLER_4_385,VDD,Metal1,192.2490,33.4210,1.200000
FILLER_4_378,VDD,Metal1,188.8890,33.4210,1.200000
FILLER_4_371,VDD,Metal1,185.5290,33.4210,1.200000
FILLER_4_364,VDD,Metal1,182.1690,33.4210,1.200000
FILLER_4_357,VDD,Metal1,178.8090,33.4210,1.200000
FILLER_4_350,VDD,Metal1,175.4490,33.4210,1.200000
FILLER_4_343,VDD,Metal1,172.0890,33.4210,1.200000
FILLER_4_336,VDD,Metal1,168.7290,33.4210,1.200000
FILLER_4_329,VDD,Metal1,165.3690,33.4210,1.200000
FILLER_4_322,VDD,Metal1,162.0090,33.4210,1.200000
FILLER_4_315,VDD,Metal1,158.6490,33.4210,1.200000
FILLER_4_308,VDD,Metal1,155.2890,33.4210,1.200000
FILLER_4_301,VDD,Metal1,151.9290,33.4210,1.200000
FILLER_4_294,VDD,Metal1,148.5690,33.4210,1.200000
FILLER_4_287,VDD,Metal1,145.2090,33.4210,1.200000
FILLER_4_280,VDD,Metal1,141.8490,33.4210,1.200000
FILLER_4_273,VDD,Metal1,138.4890,33.4210,1.200000
FILLER_4_266,VDD,Metal1,135.1290,33.4210,1.200000
FILLER_4_259,VDD,Metal1,131.7690,33.4210,1.200000
FILLER_4_252,VDD,Metal1,128.4090,33.4210,1.200000
FILLER_4_245,VDD,Metal1,125.0490,33.4210,1.200000
FILLER_4_238,VDD,Metal1,121.6890,33.4210,1.200000
FILLER_4_231,VDD,Metal1,118.3290,33.4210,1.200000
FILLER_4_224,VDD,Metal1,114.9690,33.4210,1.200000
FILLER_4_217,VDD,Metal1,111.6090,33.4210,1.200000
FILLER_4_210,VDD,Metal1,108.2490,33.4210,1.200000
FILLER_4_203,VDD,Metal1,104.8890,33.4210,1.200000
FILLER_4_196,VDD,Metal1,101.5290,33.4210,1.200000
FILLER_4_189,VDD,Metal1,98.1690,33.4210,1.200000
FILLER_4_182,VDD,Metal1,94.8090,33.4210,1.200000
FILLER_4_175,VDD,Metal1,91.4490,33.4210,1.200000
FILLER_4_168,VDD,Metal1,88.0890,33.4210,1.200000
FILLER_4_161,VDD,Metal1,84.7290,33.4210,1.200000
FILLER_4_154,VDD,Metal1,81.3690,33.4210,1.200000
FILLER_4_147,VDD,Metal1,78.0090,33.4210,1.200000
FILLER_4_140,VDD,Metal1,74.6490,33.4210,1.200000
FILLER_4_133,VDD,Metal1,71.2890,33.4210,1.200000
FILLER_4_126,VDD,Metal1,67.9290,33.4210,1.200000
FILLER_4_119,VDD,Metal1,64.5690,33.4210,1.200000
FILLER_4_112,VDD,Metal1,61.2090,33.4210,1.200000
FILLER_4_105,VDD,Metal1,57.8490,33.4210,1.200000
FILLER_4_98,VDD,Metal1,54.4890,33.4210,1.200000
FILLER_4_91,VDD,Metal1,51.1290,33.4210,1.200000
FILLER_4_84,VDD,Metal1,47.7690,33.4210,1.200000
FILLER_4_77,VDD,Metal1,44.4090,33.4210,1.200000
FILLER_4_70,VDD,Metal1,41.0490,33.4210,1.200000
FILLER_4_63,VDD,Metal1,37.6890,33.4210,1.200000
FILLER_4_56,VDD,Metal1,34.3290,33.4210,1.200000
FILLER_4_49,VDD,Metal1,30.9690,33.4210,1.200000
FILLER_4_42,VDD,Metal1,27.6090,33.4210,1.200000
FILLER_4_35,VDD,Metal1,24.2490,33.4210,1.200000
FILLER_4_28,VDD,Metal1,20.8890,33.4210,1.200000
FILLER_4_21,VDD,Metal1,17.5290,33.4210,1.200000
FILLER_4_14,VDD,Metal1,14.1690,33.4210,1.200000
FILLER_4_7,VDD,Metal1,10.8090,33.4210,1.200000
FILLER_4_0,VDD,Metal1,7.4490,33.4210,1.200000
FILLER_3_1099,VDD,Metal1,533.7600,26.4600,1.200000
FILLER_3_1092,VDD,Metal1,531.6090,27.0580,1.200000
FILLER_3_1085,VDD,Metal1,528.2490,27.0580,1.200000
FILLER_3_1078,VDD,Metal1,524.8890,27.0580,1.200000
FILLER_3_1071,VDD,Metal1,521.5290,27.0580,1.200000
FILLER_3_1064,VDD,Metal1,518.1690,27.0580,1.200000
FILLER_3_1057,VDD,Metal1,514.8090,27.0580,1.200000
FILLER_3_1050,VDD,Metal1,511.4490,27.0580,1.200000
FILLER_3_1043,VDD,Metal1,508.0890,27.0580,1.200000
FILLER_3_1036,VDD,Metal1,504.7290,27.0580,1.200000
FILLER_3_1029,VDD,Metal1,501.3690,27.0580,1.200000
FILLER_3_1022,VDD,Metal1,498.0090,27.0580,1.200000
FILLER_3_1015,VDD,Metal1,494.6490,27.0580,1.200000
FILLER_3_1008,VDD,Metal1,491.2890,27.0580,1.200000
FILLER_3_1001,VDD,Metal1,487.9290,27.0580,1.200000
FILLER_3_994,VDD,Metal1,484.5690,27.0580,1.200000
FILLER_3_987,VDD,Metal1,481.2090,27.0580,1.200000
FILLER_3_980,VDD,Metal1,477.8490,27.0580,1.200000
FILLER_3_973,VDD,Metal1,474.4890,27.0580,1.200000
FILLER_3_966,VDD,Metal1,471.1290,27.0580,1.200000
FILLER_3_959,VDD,Metal1,467.7690,27.0580,1.200000
FILLER_3_952,VDD,Metal1,464.4090,27.0580,1.200000
FILLER_3_945,VDD,Metal1,461.0490,27.0580,1.200000
FILLER_3_938,VDD,Metal1,457.6890,27.0580,1.200000
FILLER_3_931,VDD,Metal1,454.3290,27.0580,1.200000
FILLER_3_924,VDD,Metal1,450.9690,27.0580,1.200000
FILLER_3_917,VDD,Metal1,447.6090,27.0580,1.200000
FILLER_3_910,VDD,Metal1,444.2490,27.0580,1.200000
FILLER_3_903,VDD,Metal1,440.8890,27.0580,1.200000
FILLER_3_896,VDD,Metal1,437.5290,27.0580,1.200000
FILLER_3_889,VDD,Metal1,434.1690,27.0580,1.200000
FILLER_3_882,VDD,Metal1,430.8090,27.0580,1.200000
FILLER_3_875,VDD,Metal1,427.4490,27.0580,1.200000
FILLER_3_868,VDD,Metal1,424.0890,27.0580,1.200000
FILLER_3_861,VDD,Metal1,420.7290,27.0580,1.200000
FILLER_3_854,VDD,Metal1,417.3690,27.0580,1.200000
FILLER_3_847,VDD,Metal1,414.0090,27.0580,1.200000
FILLER_3_840,VDD,Metal1,410.6490,27.0580,1.200000
FILLER_3_833,VDD,Metal1,407.2890,27.0580,1.200000
FILLER_3_826,VDD,Metal1,403.9290,27.0580,1.200000
FILLER_3_819,VDD,Metal1,400.5690,27.0580,1.200000
FILLER_3_812,VDD,Metal1,397.2090,27.0580,1.200000
FILLER_3_805,VDD,Metal1,393.8490,27.0580,1.200000
FILLER_3_798,VDD,Metal1,390.4890,27.0580,1.200000
FILLER_3_791,VDD,Metal1,387.1290,27.0580,1.200000
FILLER_3_784,VDD,Metal1,383.7690,27.0580,1.200000
FILLER_3_777,VDD,Metal1,380.4090,27.0580,1.200000
FILLER_3_770,VDD,Metal1,377.0490,27.0580,1.200000
FILLER_3_763,VDD,Metal1,373.6890,27.0580,1.200000
FILLER_3_756,VDD,Metal1,370.3290,27.0580,1.200000
FILLER_3_749,VDD,Metal1,366.9690,27.0580,1.200000
FILLER_3_742,VDD,Metal1,363.6090,27.0580,1.200000
FILLER_3_735,VDD,Metal1,360.2490,27.0580,1.200000
FILLER_3_728,VDD,Metal1,356.8890,27.0580,1.200000
FILLER_3_721,VDD,Metal1,353.5290,27.0580,1.200000
FILLER_3_714,VDD,Metal1,350.1690,27.0580,1.200000
FILLER_3_707,VDD,Metal1,346.8090,27.0580,1.200000
FILLER_3_700,VDD,Metal1,343.4490,27.0580,1.200000
FILLER_3_693,VDD,Metal1,340.0890,27.0580,1.200000
FILLER_3_686,VDD,Metal1,336.7290,27.0580,1.200000
FILLER_3_679,VDD,Metal1,333.3690,27.0580,1.200000
FILLER_3_672,VDD,Metal1,330.0090,27.0580,1.200000
FILLER_3_665,VDD,Metal1,326.6490,27.0580,1.200000
FILLER_3_658,VDD,Metal1,323.2890,27.0580,1.200000
FILLER_3_651,VDD,Metal1,319.9290,27.0580,1.200000
FILLER_3_644,VDD,Metal1,316.5690,27.0580,1.200000
FILLER_3_637,VDD,Metal1,313.2090,27.0580,1.200000
FILLER_3_630,VDD,Metal1,309.8490,27.0580,1.200000
FILLER_3_623,VDD,Metal1,306.4890,27.0580,1.200000
FILLER_3_616,VDD,Metal1,303.1290,27.0580,1.200000
FILLER_3_609,VDD,Metal1,299.7690,27.0580,1.200000
FILLER_3_602,VDD,Metal1,296.4090,27.0580,1.200000
FILLER_3_595,VDD,Metal1,293.0490,27.0580,1.200000
FILLER_3_588,VDD,Metal1,289.6890,27.0580,1.200000
FILLER_3_581,VDD,Metal1,286.3290,27.0580,1.200000
FILLER_3_574,VDD,Metal1,282.9690,27.0580,1.200000
FILLER_3_567,VDD,Metal1,279.6090,27.0580,1.200000
FILLER_3_560,VDD,Metal1,276.2490,27.0580,1.200000
FILLER_3_553,VDD,Metal1,272.8890,27.0580,1.200000
FILLER_3_546,VDD,Metal1,269.5290,27.0580,1.200000
FILLER_3_539,VDD,Metal1,266.1690,27.0580,1.200000
FILLER_3_532,VDD,Metal1,262.8090,27.0580,1.200000
FILLER_3_525,VDD,Metal1,259.4490,27.0580,1.200000
FILLER_3_518,VDD,Metal1,256.0890,27.0580,1.200000
FILLER_3_511,VDD,Metal1,252.7290,27.0580,1.200000
FILLER_3_504,VDD,Metal1,249.3690,27.0580,1.200000
FILLER_3_497,VDD,Metal1,246.0090,27.0580,1.200000
FILLER_3_490,VDD,Metal1,242.6490,27.0580,1.200000
FILLER_3_483,VDD,Metal1,239.2890,27.0580,1.200000
FILLER_3_476,VDD,Metal1,235.9290,27.0580,1.200000
FILLER_3_469,VDD,Metal1,232.5690,27.0580,1.200000
FILLER_3_462,VDD,Metal1,229.2090,27.0580,1.200000
FILLER_3_455,VDD,Metal1,225.8490,27.0580,1.200000
FILLER_3_448,VDD,Metal1,222.4890,27.0580,1.200000
FILLER_3_441,VDD,Metal1,219.1290,27.0580,1.200000
FILLER_3_434,VDD,Metal1,215.7690,27.0580,1.200000
FILLER_3_427,VDD,Metal1,212.4090,27.0580,1.200000
FILLER_3_420,VDD,Metal1,209.0490,27.0580,1.200000
FILLER_3_413,VDD,Metal1,205.6890,27.0580,1.200000
FILLER_3_406,VDD,Metal1,202.3290,27.0580,1.200000
FILLER_3_399,VDD,Metal1,198.9690,27.0580,1.200000
FILLER_3_392,VDD,Metal1,195.6090,27.0580,1.200000
FILLER_3_385,VDD,Metal1,192.2490,27.0580,1.200000
FILLER_3_378,VDD,Metal1,188.8890,27.0580,1.200000
FILLER_3_371,VDD,Metal1,185.5290,27.0580,1.200000
FILLER_3_364,VDD,Metal1,182.1690,27.0580,1.200000
FILLER_3_357,VDD,Metal1,178.8090,27.0580,1.200000
FILLER_3_350,VDD,Metal1,175.4490,27.0580,1.200000
FILLER_3_343,VDD,Metal1,172.0890,27.0580,1.200000
FILLER_3_336,VDD,Metal1,168.7290,27.0580,1.200000
FILLER_3_329,VDD,Metal1,165.3690,27.0580,1.200000
FILLER_3_322,VDD,Metal1,162.0090,27.0580,1.200000
FILLER_3_315,VDD,Metal1,158.6490,27.0580,1.200000
FILLER_3_308,VDD,Metal1,155.2890,27.0580,1.200000
FILLER_3_301,VDD,Metal1,151.9290,27.0580,1.200000
FILLER_3_294,VDD,Metal1,148.5690,27.0580,1.200000
FILLER_3_287,VDD,Metal1,145.2090,27.0580,1.200000
FILLER_3_280,VDD,Metal1,141.8490,27.0580,1.200000
FILLER_3_273,VDD,Metal1,138.4890,27.0580,1.200000
FILLER_3_266,VDD,Metal1,135.1290,27.0580,1.200000
FILLER_3_259,VDD,Metal1,131.7690,27.0580,1.200000
FILLER_3_252,VDD,Metal1,128.4090,27.0580,1.200000
FILLER_3_245,VDD,Metal1,125.0490,27.0580,1.200000
FILLER_3_238,VDD,Metal1,121.6890,27.0580,1.200000
FILLER_3_231,VDD,Metal1,118.3290,27.0580,1.200000
FILLER_3_224,VDD,Metal1,114.9690,27.0580,1.200000
FILLER_3_217,VDD,Metal1,111.6090,27.0580,1.200000
FILLER_3_210,VDD,Metal1,108.2490,27.0580,1.200000
FILLER_3_203,VDD,Metal1,104.8890,27.0580,1.200000
FILLER_3_196,VDD,Metal1,101.5290,27.0580,1.200000
FILLER_3_189,VDD,Metal1,98.1690,27.0580,1.200000
FILLER_3_182,VDD,Metal1,94.8090,27.0580,1.200000
FILLER_3_175,VDD,Metal1,91.4490,27.0580,1.200000
FILLER_3_168,VDD,Metal1,88.0890,27.0580,1.200000
FILLER_3_161,VDD,Metal1,84.7290,27.0580,1.200000
FILLER_3_154,VDD,Metal1,81.3690,27.0580,1.200000
FILLER_3_147,VDD,Metal1,78.0090,27.0580,1.200000
FILLER_3_140,VDD,Metal1,74.6490,27.0580,1.200000
FILLER_3_133,VDD,Metal1,71.2890,27.0580,1.200000
FILLER_3_126,VDD,Metal1,67.9290,27.0580,1.200000
FILLER_3_119,VDD,Metal1,64.5690,27.0580,1.200000
FILLER_3_112,VDD,Metal1,61.2090,27.0580,1.200000
FILLER_3_105,VDD,Metal1,57.8490,27.0580,1.200000
FILLER_3_98,VDD,Metal1,54.4890,27.0580,1.200000
FILLER_3_91,VDD,Metal1,51.1290,27.0580,1.200000
FILLER_3_84,VDD,Metal1,47.7690,27.0580,1.200000
FILLER_3_77,VDD,Metal1,44.4090,27.0580,1.200000
FILLER_3_70,VDD,Metal1,41.0490,27.0580,1.200000
FILLER_3_63,VDD,Metal1,37.6890,27.0580,1.200000
FILLER_3_56,VDD,Metal1,34.3290,27.0580,1.200000
FILLER_3_49,VDD,Metal1,30.9690,27.0580,1.200000
FILLER_3_42,VDD,Metal1,27.6090,27.0580,1.200000
FILLER_3_35,VDD,Metal1,24.2490,27.0580,1.200000
FILLER_3_28,VDD,Metal1,20.8890,27.0580,1.200000
FILLER_3_21,VDD,Metal1,17.5290,27.0580,1.200000
FILLER_3_14,VDD,Metal1,14.1690,27.0580,1.200000
FILLER_3_7,VDD,Metal1,10.8090,27.0580,1.200000
FILLER_3_0,VDD,Metal1,7.4490,27.0580,1.200000
FILLER_2_1099,VDD,Metal1,533.7600,26.4600,1.200000
FILLER_2_1092,VDD,Metal1,531.6090,25.8610,1.200000
FILLER_2_1085,VDD,Metal1,528.2490,25.8610,1.200000
FILLER_2_1078,VDD,Metal1,524.8890,25.8610,1.200000
FILLER_2_1071,VDD,Metal1,521.5290,25.8610,1.200000
FILLER_2_1064,VDD,Metal1,518.1690,25.8610,1.200000
FILLER_2_1057,VDD,Metal1,514.8090,25.8610,1.200000
FILLER_2_1050,VDD,Metal1,511.4490,25.8610,1.200000
FILLER_2_1043,VDD,Metal1,508.0890,25.8610,1.200000
FILLER_2_1036,VDD,Metal1,504.7290,25.8610,1.200000
FILLER_2_1029,VDD,Metal1,501.3690,25.8610,1.200000
FILLER_2_1022,VDD,Metal1,498.0090,25.8610,1.200000
FILLER_2_1015,VDD,Metal1,494.6490,25.8610,1.200000
FILLER_2_1008,VDD,Metal1,491.2890,25.8610,1.200000
FILLER_2_1001,VDD,Metal1,487.9290,25.8610,1.200000
FILLER_2_994,VDD,Metal1,484.5690,25.8610,1.200000
FILLER_2_987,VDD,Metal1,481.2090,25.8610,1.200000
FILLER_2_980,VDD,Metal1,477.8490,25.8610,1.200000
FILLER_2_973,VDD,Metal1,474.4890,25.8610,1.200000
FILLER_2_966,VDD,Metal1,471.1290,25.8610,1.200000
FILLER_2_959,VDD,Metal1,467.7690,25.8610,1.200000
FILLER_2_952,VDD,Metal1,464.4090,25.8610,1.200000
FILLER_2_945,VDD,Metal1,461.0490,25.8610,1.200000
FILLER_2_938,VDD,Metal1,457.6890,25.8610,1.200000
FILLER_2_931,VDD,Metal1,454.3290,25.8610,1.200000
FILLER_2_924,VDD,Metal1,450.9690,25.8610,1.200000
FILLER_2_917,VDD,Metal1,447.6090,25.8610,1.200000
FILLER_2_910,VDD,Metal1,444.2490,25.8610,1.200000
FILLER_2_903,VDD,Metal1,440.8890,25.8610,1.200000
FILLER_2_896,VDD,Metal1,437.5290,25.8610,1.200000
FILLER_2_889,VDD,Metal1,434.1690,25.8610,1.200000
FILLER_2_882,VDD,Metal1,430.8090,25.8610,1.200000
FILLER_2_875,VDD,Metal1,427.4490,25.8610,1.200000
FILLER_2_868,VDD,Metal1,424.0890,25.8610,1.200000
FILLER_2_861,VDD,Metal1,420.7290,25.8610,1.200000
FILLER_2_854,VDD,Metal1,417.3690,25.8610,1.200000
FILLER_2_847,VDD,Metal1,414.0090,25.8610,1.200000
FILLER_2_840,VDD,Metal1,410.6490,25.8610,1.200000
FILLER_2_833,VDD,Metal1,407.2890,25.8610,1.200000
FILLER_2_826,VDD,Metal1,403.9290,25.8610,1.200000
FILLER_2_819,VDD,Metal1,400.5690,25.8610,1.200000
FILLER_2_812,VDD,Metal1,397.2090,25.8610,1.200000
FILLER_2_805,VDD,Metal1,393.8490,25.8610,1.200000
FILLER_2_798,VDD,Metal1,390.4890,25.8610,1.200000
FILLER_2_791,VDD,Metal1,387.1290,25.8610,1.200000
FILLER_2_784,VDD,Metal1,383.7690,25.8610,1.200000
FILLER_2_777,VDD,Metal1,380.4090,25.8610,1.200000
FILLER_2_770,VDD,Metal1,377.0490,25.8610,1.200000
FILLER_2_763,VDD,Metal1,373.6890,25.8610,1.200000
FILLER_2_756,VDD,Metal1,370.3290,25.8610,1.200000
FILLER_2_749,VDD,Metal1,366.9690,25.8610,1.200000
FILLER_2_742,VDD,Metal1,363.6090,25.8610,1.200000
FILLER_2_735,VDD,Metal1,360.2490,25.8610,1.200000
FILLER_2_728,VDD,Metal1,356.8890,25.8610,1.200000
FILLER_2_721,VDD,Metal1,353.5290,25.8610,1.200000
FILLER_2_714,VDD,Metal1,350.1690,25.8610,1.200000
FILLER_2_707,VDD,Metal1,346.8090,25.8610,1.200000
FILLER_2_700,VDD,Metal1,343.4490,25.8610,1.200000
FILLER_2_693,VDD,Metal1,340.0890,25.8610,1.200000
FILLER_2_686,VDD,Metal1,336.7290,25.8610,1.200000
FILLER_2_679,VDD,Metal1,333.3690,25.8610,1.200000
FILLER_2_672,VDD,Metal1,330.0090,25.8610,1.200000
FILLER_2_665,VDD,Metal1,326.6490,25.8610,1.200000
FILLER_2_658,VDD,Metal1,323.2890,25.8610,1.200000
FILLER_2_651,VDD,Metal1,319.9290,25.8610,1.200000
FILLER_2_644,VDD,Metal1,316.5690,25.8610,1.200000
FILLER_2_637,VDD,Metal1,313.2090,25.8610,1.200000
FILLER_2_630,VDD,Metal1,309.8490,25.8610,1.200000
FILLER_2_623,VDD,Metal1,306.4890,25.8610,1.200000
FILLER_2_616,VDD,Metal1,303.1290,25.8610,1.200000
FILLER_2_609,VDD,Metal1,299.7690,25.8610,1.200000
FILLER_2_602,VDD,Metal1,296.4090,25.8610,1.200000
FILLER_2_595,VDD,Metal1,293.0490,25.8610,1.200000
FILLER_2_588,VDD,Metal1,289.6890,25.8610,1.200000
FILLER_2_581,VDD,Metal1,286.3290,25.8610,1.200000
FILLER_2_574,VDD,Metal1,282.9690,25.8610,1.200000
FILLER_2_567,VDD,Metal1,279.6090,25.8610,1.200000
FILLER_2_560,VDD,Metal1,276.2490,25.8610,1.200000
FILLER_2_553,VDD,Metal1,272.8890,25.8610,1.200000
FILLER_2_546,VDD,Metal1,269.5290,25.8610,1.200000
FILLER_2_539,VDD,Metal1,266.1690,25.8610,1.200000
FILLER_2_532,VDD,Metal1,262.8090,25.8610,1.200000
FILLER_2_525,VDD,Metal1,259.4490,25.8610,1.200000
FILLER_2_518,VDD,Metal1,256.0890,25.8610,1.200000
FILLER_2_511,VDD,Metal1,252.7290,25.8610,1.200000
FILLER_2_504,VDD,Metal1,249.3690,25.8610,1.200000
FILLER_2_497,VDD,Metal1,246.0090,25.8610,1.200000
FILLER_2_490,VDD,Metal1,242.6490,25.8610,1.200000
FILLER_2_483,VDD,Metal1,239.2890,25.8610,1.200000
FILLER_2_476,VDD,Metal1,235.9290,25.8610,1.200000
FILLER_2_469,VDD,Metal1,232.5690,25.8610,1.200000
FILLER_2_462,VDD,Metal1,229.2090,25.8610,1.200000
FILLER_2_455,VDD,Metal1,225.8490,25.8610,1.200000
FILLER_2_448,VDD,Metal1,222.4890,25.8610,1.200000
FILLER_2_441,VDD,Metal1,219.1290,25.8610,1.200000
FILLER_2_434,VDD,Metal1,215.7690,25.8610,1.200000
FILLER_2_427,VDD,Metal1,212.4090,25.8610,1.200000
FILLER_2_420,VDD,Metal1,209.0490,25.8610,1.200000
FILLER_2_413,VDD,Metal1,205.6890,25.8610,1.200000
FILLER_2_406,VDD,Metal1,202.3290,25.8610,1.200000
FILLER_2_399,VDD,Metal1,198.9690,25.8610,1.200000
FILLER_2_392,VDD,Metal1,195.6090,25.8610,1.200000
FILLER_2_385,VDD,Metal1,192.2490,25.8610,1.200000
FILLER_2_378,VDD,Metal1,188.8890,25.8610,1.200000
FILLER_2_371,VDD,Metal1,185.5290,25.8610,1.200000
FILLER_2_364,VDD,Metal1,182.1690,25.8610,1.200000
FILLER_2_357,VDD,Metal1,178.8090,25.8610,1.200000
FILLER_2_350,VDD,Metal1,175.4490,25.8610,1.200000
FILLER_2_343,VDD,Metal1,172.0890,25.8610,1.200000
FILLER_2_336,VDD,Metal1,168.7290,25.8610,1.200000
FILLER_2_329,VDD,Metal1,165.3690,25.8610,1.200000
FILLER_2_322,VDD,Metal1,162.0090,25.8610,1.200000
FILLER_2_315,VDD,Metal1,158.6490,25.8610,1.200000
FILLER_2_308,VDD,Metal1,155.2890,25.8610,1.200000
FILLER_2_301,VDD,Metal1,151.9290,25.8610,1.200000
FILLER_2_294,VDD,Metal1,148.5690,25.8610,1.200000
FILLER_2_287,VDD,Metal1,145.2090,25.8610,1.200000
FILLER_2_280,VDD,Metal1,141.8490,25.8610,1.200000
FILLER_2_273,VDD,Metal1,138.4890,25.8610,1.200000
FILLER_2_266,VDD,Metal1,135.1290,25.8610,1.200000
FILLER_2_259,VDD,Metal1,131.7690,25.8610,1.200000
FILLER_2_252,VDD,Metal1,128.4090,25.8610,1.200000
FILLER_2_245,VDD,Metal1,125.0490,25.8610,1.200000
FILLER_2_238,VDD,Metal1,121.6890,25.8610,1.200000
FILLER_2_231,VDD,Metal1,118.3290,25.8610,1.200000
FILLER_2_224,VDD,Metal1,114.9690,25.8610,1.200000
FILLER_2_217,VDD,Metal1,111.6090,25.8610,1.200000
FILLER_2_210,VDD,Metal1,108.2490,25.8610,1.200000
FILLER_2_203,VDD,Metal1,104.8890,25.8610,1.200000
FILLER_2_196,VDD,Metal1,101.5290,25.8610,1.200000
FILLER_2_189,VDD,Metal1,98.1690,25.8610,1.200000
FILLER_2_182,VDD,Metal1,94.8090,25.8610,1.200000
FILLER_2_175,VDD,Metal1,91.4490,25.8610,1.200000
FILLER_2_168,VDD,Metal1,88.0890,25.8610,1.200000
FILLER_2_161,VDD,Metal1,84.7290,25.8610,1.200000
FILLER_2_154,VDD,Metal1,81.3690,25.8610,1.200000
FILLER_2_147,VDD,Metal1,78.0090,25.8610,1.200000
FILLER_2_140,VDD,Metal1,74.6490,25.8610,1.200000
FILLER_2_133,VDD,Metal1,71.2890,25.8610,1.200000
FILLER_2_126,VDD,Metal1,67.9290,25.8610,1.200000
FILLER_2_119,VDD,Metal1,64.5690,25.8610,1.200000
FILLER_2_112,VDD,Metal1,61.2090,25.8610,1.200000
FILLER_2_105,VDD,Metal1,57.8490,25.8610,1.200000
FILLER_2_98,VDD,Metal1,54.4890,25.8610,1.200000
FILLER_2_91,VDD,Metal1,51.1290,25.8610,1.200000
FILLER_2_84,VDD,Metal1,47.7690,25.8610,1.200000
FILLER_2_77,VDD,Metal1,44.4090,25.8610,1.200000
FILLER_2_70,VDD,Metal1,41.0490,25.8610,1.200000
FILLER_2_63,VDD,Metal1,37.6890,25.8610,1.200000
FILLER_2_56,VDD,Metal1,34.3290,25.8610,1.200000
FILLER_2_49,VDD,Metal1,30.9690,25.8610,1.200000
FILLER_2_42,VDD,Metal1,27.6090,25.8610,1.200000
FILLER_2_35,VDD,Metal1,24.2490,25.8610,1.200000
FILLER_2_28,VDD,Metal1,20.8890,25.8610,1.200000
FILLER_2_21,VDD,Metal1,17.5290,25.8610,1.200000
FILLER_2_14,VDD,Metal1,14.1690,25.8610,1.200000
FILLER_2_7,VDD,Metal1,10.8090,25.8610,1.200000
FILLER_2_0,VDD,Metal1,7.4490,25.8610,1.200000
FILLER_1_1099,VDD,Metal1,533.7600,18.9000,1.199999
FILLER_1_1092,VDD,Metal1,531.6090,19.4980,1.199999
FILLER_1_1085,VDD,Metal1,528.2490,19.4980,1.199999
FILLER_1_1078,VDD,Metal1,524.8890,19.4980,1.199999
FILLER_1_1071,VDD,Metal1,521.5290,19.4980,1.199999
FILLER_1_1064,VDD,Metal1,518.1690,19.4980,1.199999
FILLER_1_1057,VDD,Metal1,514.8090,19.4980,1.200000
FILLER_1_1050,VDD,Metal1,511.4490,19.4980,1.200000
FILLER_1_1043,VDD,Metal1,508.0890,19.4980,1.200000
FILLER_1_1036,VDD,Metal1,504.7290,19.4980,1.200000
FILLER_1_1029,VDD,Metal1,501.3690,19.4980,1.200000
FILLER_1_1022,VDD,Metal1,498.0090,19.4980,1.200000
FILLER_1_1015,VDD,Metal1,494.6490,19.4980,1.200000
FILLER_1_1008,VDD,Metal1,491.2890,19.4980,1.200000
FILLER_1_1001,VDD,Metal1,487.9290,19.4980,1.200000
FILLER_1_994,VDD,Metal1,484.5690,19.4980,1.200000
FILLER_1_987,VDD,Metal1,481.2090,19.4980,1.200000
FILLER_1_980,VDD,Metal1,477.8490,19.4980,1.200000
FILLER_1_973,VDD,Metal1,474.4890,19.4980,1.200000
FILLER_1_966,VDD,Metal1,471.1290,19.4980,1.200000
FILLER_1_959,VDD,Metal1,467.7690,19.4980,1.200000
FILLER_1_952,VDD,Metal1,464.4090,19.4980,1.199999
FILLER_1_945,VDD,Metal1,461.0490,19.4980,1.199999
FILLER_1_938,VDD,Metal1,457.6890,19.4980,1.199999
FILLER_1_931,VDD,Metal1,454.3290,19.4980,1.199999
FILLER_1_924,VDD,Metal1,450.9690,19.4980,1.199999
FILLER_1_917,VDD,Metal1,447.6090,19.4980,1.199999
FILLER_1_910,VDD,Metal1,444.2490,19.4980,1.199999
FILLER_1_903,VDD,Metal1,440.8890,19.4980,1.199999
FILLER_1_896,VDD,Metal1,437.5290,19.4980,1.199999
FILLER_1_889,VDD,Metal1,434.1690,19.4980,1.199999
FILLER_1_882,VDD,Metal1,430.8090,19.4980,1.199999
FILLER_1_875,VDD,Metal1,427.4490,19.4980,1.199999
FILLER_1_868,VDD,Metal1,424.0890,19.4980,1.199999
FILLER_1_861,VDD,Metal1,420.7290,19.4980,1.199999
FILLER_1_854,VDD,Metal1,417.3690,19.4980,1.199998
FILLER_1_847,VDD,Metal1,414.0090,19.4980,1.199998
FILLER_1_840,VDD,Metal1,410.6490,19.4980,1.199998
FILLER_1_833,VDD,Metal1,407.2890,19.4980,1.199998
FILLER_1_826,VDD,Metal1,403.9290,19.4980,1.199999
FILLER_1_819,VDD,Metal1,400.5690,19.4980,1.200000
FILLER_1_812,VDD,Metal1,397.2090,19.4980,1.200000
FILLER_1_805,VDD,Metal1,393.8490,19.4980,1.200000
FILLER_1_798,VDD,Metal1,390.4890,19.4980,1.200000
FILLER_1_791,VDD,Metal1,387.1290,19.4980,1.200000
FILLER_1_784,VDD,Metal1,383.7690,19.4980,1.200000
FILLER_1_777,VDD,Metal1,380.4090,19.4980,1.200000
FILLER_1_770,VDD,Metal1,377.0490,19.4980,1.200000
FILLER_1_763,VDD,Metal1,373.6890,19.4980,1.200000
FILLER_1_756,VDD,Metal1,370.3290,19.4980,1.200000
FILLER_1_749,VDD,Metal1,366.9690,19.4980,1.200000
FILLER_1_742,VDD,Metal1,363.6090,19.4980,1.200000
FILLER_1_735,VDD,Metal1,360.2490,19.4980,1.200000
FILLER_1_728,VDD,Metal1,356.8890,19.4980,1.200000
FILLER_1_721,VDD,Metal1,353.5290,19.4980,1.200000
FILLER_1_714,VDD,Metal1,350.1690,19.4980,1.200000
FILLER_1_707,VDD,Metal1,346.8090,19.4980,1.200000
FILLER_1_700,VDD,Metal1,343.4490,19.4980,1.200000
FILLER_1_693,VDD,Metal1,340.0890,19.4980,1.200000
FILLER_1_686,VDD,Metal1,336.7290,19.4980,1.200000
FILLER_1_679,VDD,Metal1,333.3690,19.4980,1.200000
FILLER_1_672,VDD,Metal1,330.0090,19.4980,1.200000
FILLER_1_665,VDD,Metal1,326.6490,19.4980,1.200000
FILLER_1_658,VDD,Metal1,323.2890,19.4980,1.200000
FILLER_1_651,VDD,Metal1,319.9290,19.4980,1.200000
FILLER_1_644,VDD,Metal1,316.5690,19.4980,1.200000
FILLER_1_637,VDD,Metal1,313.2090,19.4980,1.200000
FILLER_1_630,VDD,Metal1,309.8490,19.4980,1.200000
FILLER_1_623,VDD,Metal1,306.4890,19.4980,1.200000
FILLER_1_616,VDD,Metal1,303.1290,19.4980,1.200000
FILLER_1_609,VDD,Metal1,299.7690,19.4980,1.200000
FILLER_1_602,VDD,Metal1,296.4090,19.4980,1.200000
FILLER_1_595,VDD,Metal1,293.0490,19.4980,1.200000
FILLER_1_588,VDD,Metal1,289.6890,19.4980,1.200000
FILLER_1_581,VDD,Metal1,286.3290,19.4980,1.200000
FILLER_1_574,VDD,Metal1,282.9690,19.4980,1.200000
FILLER_1_567,VDD,Metal1,279.6090,19.4980,1.200000
FILLER_1_560,VDD,Metal1,276.2490,19.4980,1.200000
FILLER_1_553,VDD,Metal1,272.8890,19.4980,1.200000
FILLER_1_546,VDD,Metal1,269.5290,19.4980,1.200000
FILLER_1_539,VDD,Metal1,266.1690,19.4980,1.200000
FILLER_1_532,VDD,Metal1,262.8090,19.4980,1.200000
FILLER_1_525,VDD,Metal1,259.4490,19.4980,1.200000
FILLER_1_518,VDD,Metal1,256.0890,19.4980,1.200000
FILLER_1_511,VDD,Metal1,252.7290,19.4980,1.200000
FILLER_1_504,VDD,Metal1,249.3690,19.4980,1.200000
FILLER_1_497,VDD,Metal1,246.0090,19.4980,1.200000
FILLER_1_490,VDD,Metal1,242.6490,19.4980,1.200000
FILLER_1_483,VDD,Metal1,239.2890,19.4980,1.200000
FILLER_1_476,VDD,Metal1,235.9290,19.4980,1.200000
FILLER_1_469,VDD,Metal1,232.5690,19.4980,1.200000
FILLER_1_462,VDD,Metal1,229.2090,19.4980,1.200000
FILLER_1_455,VDD,Metal1,225.8490,19.4980,1.200000
FILLER_1_448,VDD,Metal1,222.4890,19.4980,1.200000
FILLER_1_441,VDD,Metal1,219.1290,19.4980,1.200000
FILLER_1_434,VDD,Metal1,215.7690,19.4980,1.200000
FILLER_1_427,VDD,Metal1,212.4090,19.4980,1.200000
FILLER_1_420,VDD,Metal1,209.0490,19.4980,1.200000
FILLER_1_413,VDD,Metal1,205.6890,19.4980,1.200000
FILLER_1_406,VDD,Metal1,202.3290,19.4980,1.200000
FILLER_1_399,VDD,Metal1,198.9690,19.4980,1.200000
FILLER_1_392,VDD,Metal1,195.6090,19.4980,1.200000
FILLER_1_385,VDD,Metal1,192.2490,19.4980,1.200000
FILLER_1_378,VDD,Metal1,188.8890,19.4980,1.200000
FILLER_1_371,VDD,Metal1,185.5290,19.4980,1.200000
FILLER_1_364,VDD,Metal1,182.1690,19.4980,1.200000
FILLER_1_357,VDD,Metal1,178.8090,19.4980,1.200000
FILLER_1_350,VDD,Metal1,175.4490,19.4980,1.200000
FILLER_1_343,VDD,Metal1,172.0890,19.4980,1.200000
FILLER_1_336,VDD,Metal1,168.7290,19.4980,1.200000
FILLER_1_329,VDD,Metal1,165.3690,19.4980,1.200000
FILLER_1_322,VDD,Metal1,162.0090,19.4980,1.200000
FILLER_1_315,VDD,Metal1,158.6490,19.4980,1.200000
FILLER_1_308,VDD,Metal1,155.2890,19.4980,1.200000
FILLER_1_301,VDD,Metal1,151.9290,19.4980,1.200000
FILLER_1_294,VDD,Metal1,148.5690,19.4980,1.200000
FILLER_1_287,VDD,Metal1,145.2090,19.4980,1.200000
FILLER_1_280,VDD,Metal1,141.8490,19.4980,1.200000
FILLER_1_273,VDD,Metal1,138.4890,19.4980,1.200000
FILLER_1_266,VDD,Metal1,135.1290,19.4980,1.200000
FILLER_1_259,VDD,Metal1,131.7690,19.4980,1.200000
FILLER_1_252,VDD,Metal1,128.4090,19.4980,1.200000
FILLER_1_245,VDD,Metal1,125.0490,19.4980,1.200000
FILLER_1_238,VDD,Metal1,121.6890,19.4980,1.200000
FILLER_1_231,VDD,Metal1,118.3290,19.4980,1.200000
FILLER_1_224,VDD,Metal1,114.9690,19.4980,1.200000
FILLER_1_217,VDD,Metal1,111.6090,19.4980,1.200000
FILLER_1_210,VDD,Metal1,108.2490,19.4980,1.200000
FILLER_1_203,VDD,Metal1,104.8890,19.4980,1.200000
FILLER_1_196,VDD,Metal1,101.5290,19.4980,1.200000
FILLER_1_189,VDD,Metal1,98.1690,19.4980,1.200000
FILLER_1_182,VDD,Metal1,94.8090,19.4980,1.200000
FILLER_1_175,VDD,Metal1,91.4490,19.4980,1.200000
FILLER_1_168,VDD,Metal1,88.0890,19.4980,1.200000
FILLER_1_161,VDD,Metal1,84.7290,19.4980,1.200000
FILLER_1_154,VDD,Metal1,81.3690,19.4980,1.200000
FILLER_1_147,VDD,Metal1,78.0090,19.4980,1.200000
FILLER_1_140,VDD,Metal1,74.6490,19.4980,1.200000
FILLER_1_133,VDD,Metal1,71.2890,19.4980,1.200000
FILLER_1_126,VDD,Metal1,67.9290,19.4980,1.200000
FILLER_1_119,VDD,Metal1,64.5690,19.4980,1.200000
FILLER_1_112,VDD,Metal1,61.2090,19.4980,1.200000
FILLER_1_105,VDD,Metal1,57.8490,19.4980,1.200000
FILLER_1_98,VDD,Metal1,54.4890,19.4980,1.200000
FILLER_1_91,VDD,Metal1,51.1290,19.4980,1.200000
FILLER_1_84,VDD,Metal1,47.7690,19.4980,1.200000
FILLER_1_77,VDD,Metal1,44.4090,19.4980,1.200000
FILLER_1_70,VDD,Metal1,41.0490,19.4980,1.200000
FILLER_1_63,VDD,Metal1,37.6890,19.4980,1.200000
FILLER_1_56,VDD,Metal1,34.3290,19.4980,1.200000
FILLER_1_49,VDD,Metal1,30.9690,19.4980,1.200000
FILLER_1_42,VDD,Metal1,27.6090,19.4980,1.200000
FILLER_1_35,VDD,Metal1,24.2490,19.4980,1.200000
FILLER_1_28,VDD,Metal1,20.8890,19.4980,1.200000
FILLER_1_21,VDD,Metal1,17.5290,19.4980,1.200000
FILLER_1_14,VDD,Metal1,14.1690,19.4980,1.200000
FILLER_1_7,VDD,Metal1,10.8090,19.4980,1.200000
FILLER_1_0,VDD,Metal1,7.4490,19.4980,1.200000
FILLER_0_1094,VDD,Metal1,532.5690,18.3010,1.199999
FILLER_0_1087,VDD,Metal1,529.2090,18.3010,1.199999
FILLER_0_1080,VDD,Metal1,525.8490,18.3010,1.199999
FILLER_0_1073,VDD,Metal1,522.4890,18.3010,1.199999
FILLER_0_1066,VDD,Metal1,519.1290,18.3010,1.199999
FILLER_0_1059,VDD,Metal1,515.7690,18.3010,1.199999
FILLER_0_1052,VDD,Metal1,512.4090,18.3010,1.200000
FILLER_0_1045,VDD,Metal1,509.0490,18.3010,1.200000
FILLER_0_1038,VDD,Metal1,505.6890,18.3010,1.200000
FILLER_0_1031,VDD,Metal1,502.3290,18.3010,1.200000
FILLER_0_1024,VDD,Metal1,498.9690,18.3010,1.200000
FILLER_0_1017,VDD,Metal1,495.6090,18.3010,1.200000
FILLER_0_1010,VDD,Metal1,492.2490,18.3010,1.200000
FILLER_0_1003,VDD,Metal1,488.8890,18.3010,1.200000
FILLER_0_996,VDD,Metal1,485.5290,18.3010,1.200000
FILLER_0_989,VDD,Metal1,482.1690,18.3010,1.200000
FILLER_0_982,VDD,Metal1,478.8090,18.3010,1.200000
FILLER_0_975,VDD,Metal1,475.4490,18.3010,1.200000
FILLER_0_968,VDD,Metal1,472.0890,18.3010,1.200000
FILLER_0_961,VDD,Metal1,468.7290,18.3010,1.200000
FILLER_0_954,VDD,Metal1,465.3690,18.3010,1.200000
FILLER_0_947,VDD,Metal1,462.0090,18.3010,1.199999
FILLER_0_940,VDD,Metal1,458.6490,18.3010,1.199999
FILLER_0_933,VDD,Metal1,455.2890,18.3010,1.199999
FILLER_0_926,VDD,Metal1,451.9290,18.3010,1.199999
FILLER_0_919,VDD,Metal1,448.5690,18.3010,1.199999
FILLER_0_912,VDD,Metal1,445.2090,18.3010,1.199999
FILLER_0_905,VDD,Metal1,441.8490,18.3010,1.199999
FILLER_0_898,VDD,Metal1,438.4890,18.3010,1.199999
FILLER_0_891,VDD,Metal1,435.1290,18.3010,1.199999
FILLER_0_884,VDD,Metal1,431.7690,18.3010,1.199999
FILLER_0_877,VDD,Metal1,428.4090,18.3010,1.199999
FILLER_0_870,VDD,Metal1,425.0490,18.3010,1.199999
FILLER_0_863,VDD,Metal1,421.6890,18.3010,1.199999
FILLER_0_856,VDD,Metal1,418.3290,18.3010,1.199998
FILLER_0_849,VDD,Metal1,414.9690,18.3010,1.199998
FILLER_0_842,VDD,Metal1,411.6090,18.3010,1.199998
FILLER_0_835,VDD,Metal1,408.2490,18.3010,1.199998
FILLER_0_830,VDD,Metal1,404.4000,18.9000,1.199999
FILLER_0_826,VDD,Metal1,403.2110,18.3030,1.199999
FILLER_0_819,VDD,Metal1,400.5690,18.3010,1.200000
FILLER_0_812,VDD,Metal1,397.2090,18.3010,1.200000
FILLER_0_805,VDD,Metal1,393.8490,18.3010,1.200000
FILLER_0_798,VDD,Metal1,390.4890,18.3010,1.200000
FILLER_0_791,VDD,Metal1,387.1290,18.3010,1.200000
FILLER_0_784,VDD,Metal1,383.7690,18.3010,1.200000
FILLER_0_777,VDD,Metal1,380.4090,18.3010,1.200000
FILLER_0_770,VDD,Metal1,377.0490,18.3010,1.200000
FILLER_0_763,VDD,Metal1,373.6890,18.3010,1.200000
FILLER_0_756,VDD,Metal1,370.3290,18.3010,1.200000
FILLER_0_749,VDD,Metal1,366.9690,18.3010,1.200000
FILLER_0_742,VDD,Metal1,363.6090,18.3010,1.200000
FILLER_0_735,VDD,Metal1,360.2490,18.3010,1.200000
FILLER_0_728,VDD,Metal1,356.8890,18.3010,1.200000
FILLER_0_721,VDD,Metal1,353.5290,18.3010,1.200000
FILLER_0_714,VDD,Metal1,350.1690,18.3010,1.200000
FILLER_0_707,VDD,Metal1,346.8090,18.3010,1.200000
FILLER_0_700,VDD,Metal1,343.4490,18.3010,1.200000
FILLER_0_693,VDD,Metal1,340.0890,18.3010,1.200000
FILLER_0_686,VDD,Metal1,336.7290,18.3010,1.200000
FILLER_0_679,VDD,Metal1,333.3690,18.3010,1.200000
FILLER_0_672,VDD,Metal1,330.0090,18.3010,1.200000
FILLER_0_665,VDD,Metal1,326.6490,18.3010,1.200000
FILLER_0_658,VDD,Metal1,323.2890,18.3010,1.200000
FILLER_0_651,VDD,Metal1,319.9290,18.3010,1.200000
FILLER_0_644,VDD,Metal1,316.5690,18.3010,1.200000
FILLER_0_637,VDD,Metal1,313.2090,18.3010,1.200000
FILLER_0_630,VDD,Metal1,309.8490,18.3010,1.200000
FILLER_0_623,VDD,Metal1,306.4890,18.3010,1.200000
FILLER_0_616,VDD,Metal1,303.1290,18.3010,1.200000
FILLER_0_609,VDD,Metal1,299.7690,18.3010,1.200000
FILLER_0_602,VDD,Metal1,296.4090,18.3010,1.200000
FILLER_0_595,VDD,Metal1,293.0490,18.3010,1.200000
FILLER_0_588,VDD,Metal1,289.6890,18.3010,1.200000
FILLER_0_581,VDD,Metal1,286.3290,18.3010,1.200000
FILLER_0_574,VDD,Metal1,282.9690,18.3010,1.200000
FILLER_0_567,VDD,Metal1,279.6090,18.3010,1.200000
FILLER_0_560,VDD,Metal1,276.2490,18.3010,1.200000
FILLER_0_553,VDD,Metal1,272.8890,18.3010,1.200000
FILLER_0_546,VDD,Metal1,269.5290,18.3010,1.200000
FILLER_0_539,VDD,Metal1,266.1690,18.3010,1.200000
FILLER_0_532,VDD,Metal1,262.8090,18.3010,1.200000
FILLER_0_525,VDD,Metal1,259.4490,18.3010,1.200000
FILLER_0_518,VDD,Metal1,256.0890,18.3010,1.200000
FILLER_0_511,VDD,Metal1,252.7290,18.3010,1.200000
FILLER_0_504,VDD,Metal1,249.3690,18.3010,1.200000
FILLER_0_497,VDD,Metal1,246.0090,18.3010,1.200000
FILLER_0_490,VDD,Metal1,242.6490,18.3010,1.200000
FILLER_0_483,VDD,Metal1,239.2890,18.3010,1.200000
FILLER_0_476,VDD,Metal1,235.9290,18.3010,1.200000
FILLER_0_469,VDD,Metal1,232.5690,18.3010,1.200000
FILLER_0_462,VDD,Metal1,229.2090,18.3010,1.200000
FILLER_0_455,VDD,Metal1,225.8490,18.3010,1.200000
FILLER_0_448,VDD,Metal1,222.4890,18.3010,1.200000
FILLER_0_441,VDD,Metal1,219.1290,18.3010,1.200000
FILLER_0_434,VDD,Metal1,215.7690,18.3010,1.200000
FILLER_0_427,VDD,Metal1,212.4090,18.3010,1.200000
FILLER_0_420,VDD,Metal1,209.0490,18.3010,1.200000
FILLER_0_413,VDD,Metal1,205.6890,18.3010,1.200000
FILLER_0_406,VDD,Metal1,202.3290,18.3010,1.200000
FILLER_0_399,VDD,Metal1,198.9690,18.3010,1.200000
FILLER_0_392,VDD,Metal1,195.6090,18.3010,1.200000
FILLER_0_385,VDD,Metal1,192.2490,18.3010,1.200000
FILLER_0_378,VDD,Metal1,188.8890,18.3010,1.200000
FILLER_0_371,VDD,Metal1,185.5290,18.3010,1.200000
FILLER_0_364,VDD,Metal1,182.1690,18.3010,1.200000
FILLER_0_357,VDD,Metal1,178.8090,18.3010,1.200000
FILLER_0_350,VDD,Metal1,175.4490,18.3010,1.200000
FILLER_0_343,VDD,Metal1,172.0890,18.3010,1.200000
FILLER_0_336,VDD,Metal1,168.7290,18.3010,1.200000
FILLER_0_329,VDD,Metal1,165.3690,18.3010,1.200000
FILLER_0_322,VDD,Metal1,162.0090,18.3010,1.200000
FILLER_0_315,VDD,Metal1,158.6490,18.3010,1.200000
FILLER_0_308,VDD,Metal1,155.2890,18.3010,1.200000
FILLER_0_301,VDD,Metal1,151.9290,18.3010,1.200000
FILLER_0_294,VDD,Metal1,148.5690,18.3010,1.200000
FILLER_0_287,VDD,Metal1,145.2090,18.3010,1.200000
FILLER_0_280,VDD,Metal1,141.8490,18.3010,1.200000
FILLER_0_273,VDD,Metal1,138.4890,18.3010,1.200000
FILLER_0_266,VDD,Metal1,135.1290,18.3010,1.200000
FILLER_0_259,VDD,Metal1,131.7690,18.3010,1.200000
FILLER_0_252,VDD,Metal1,128.4090,18.3010,1.200000
FILLER_0_245,VDD,Metal1,125.0490,18.3010,1.200000
FILLER_0_238,VDD,Metal1,121.6890,18.3010,1.200000
FILLER_0_231,VDD,Metal1,118.3290,18.3010,1.200000
FILLER_0_224,VDD,Metal1,114.9690,18.3010,1.200000
FILLER_0_217,VDD,Metal1,111.6090,18.3010,1.200000
FILLER_0_210,VDD,Metal1,108.2490,18.3010,1.200000
FILLER_0_203,VDD,Metal1,104.8890,18.3010,1.200000
FILLER_0_196,VDD,Metal1,101.5290,18.3010,1.200000
FILLER_0_189,VDD,Metal1,98.1690,18.3010,1.200000
FILLER_0_182,VDD,Metal1,94.8090,18.3010,1.200000
FILLER_0_175,VDD,Metal1,91.4490,18.3010,1.200000
FILLER_0_168,VDD,Metal1,88.0890,18.3010,1.200000
FILLER_0_161,VDD,Metal1,84.7290,18.3010,1.200000
FILLER_0_154,VDD,Metal1,81.3690,18.3010,1.200000
FILLER_0_147,VDD,Metal1,78.0090,18.3010,1.200000
FILLER_0_140,VDD,Metal1,74.6490,18.3010,1.200000
FILLER_0_133,VDD,Metal1,71.2890,18.3010,1.200000
FILLER_0_126,VDD,Metal1,67.9290,18.3010,1.200000
FILLER_0_119,VDD,Metal1,64.5690,18.3010,1.200000
FILLER_0_112,VDD,Metal1,61.2090,18.3010,1.200000
FILLER_0_105,VDD,Metal1,57.8490,18.3010,1.200000
FILLER_0_98,VDD,Metal1,54.4890,18.3010,1.200000
FILLER_0_91,VDD,Metal1,51.1290,18.3010,1.200000
FILLER_0_84,VDD,Metal1,47.7690,18.3010,1.200000
FILLER_0_77,VDD,Metal1,44.4090,18.3010,1.200000
FILLER_0_70,VDD,Metal1,41.0490,18.3010,1.200000
FILLER_0_63,VDD,Metal1,37.6890,18.3010,1.200000
FILLER_0_56,VDD,Metal1,34.3290,18.3010,1.200000
FILLER_0_49,VDD,Metal1,30.9690,18.3010,1.200000
FILLER_0_42,VDD,Metal1,27.6090,18.3010,1.200000
FILLER_0_35,VDD,Metal1,24.2490,18.3010,1.200000
FILLER_0_28,VDD,Metal1,20.8890,18.3010,1.200000
FILLER_0_21,VDD,Metal1,17.5290,18.3010,1.200000
FILLER_0_14,VDD,Metal1,14.1690,18.3010,1.200000
FILLER_0_7,VDD,Metal1,10.8090,18.3010,1.200000
FILLER_0_0,VDD,Metal1,7.4490,18.3010,1.200000
hold57,VDD,Metal1,159.6430,170.4150,1.199959
hold56,VDD,Metal1,289.1560,177.3440,1.199773
hold55,VDD,Metal1,336.1960,177.9750,1.199910
hold54,VDD,Metal1,210.0430,169.7840,1.199655
hold53,VDD,Metal1,407.7160,177.9750,1.199868
hold52,VDD,Metal1,431.8030,177.9750,1.199882
hold51,VDD,Metal1,151.0030,177.3440,1.199834
hold50,VDD,Metal1,164.4430,170.4150,1.199961
hold49,VDD,Metal1,188.3560,177.3440,1.199651
hold48,VDD,Metal1,194.6830,177.3440,1.199651
hold47,VDD,Metal1,162.4360,177.9750,1.199834
hold46,VDD,Metal1,176.9230,177.3440,1.199980
hold45,VDD,Metal1,393.4030,170.4150,1.199993
hold44,VDD,Metal1,381.7960,177.3440,1.199834
hold43,VDD,Metal1,260.4430,170.4150,1.199958
hold42,VDD,Metal1,249.3160,177.3440,1.199858
hold41,VDD,Metal1,229.2430,170.4150,1.199699
hold40,VDD,Metal1,225.7960,169.7840,1.199665
hold39,VDD,Metal1,214.2760,169.7840,1.199655
hold38,VDD,Metal1,201.7960,177.9750,1.199736
hold37,VDD,Metal1,412.6030,177.3440,1.199855
hold36,VDD,Metal1,417.4030,177.3440,1.199855
hold35,VDD,Metal1,329.5630,177.9750,1.199911
hold34,VDD,Metal1,336.7630,170.4150,1.199972
hold33,VDD,Metal1,425.4760,177.3440,1.199857
hold32,VDD,Metal1,442.3630,169.7840,1.199885
hold31,VDD,Metal1,442.8430,170.4150,1.199885
hold30,VDD,Metal1,280.5160,177.9750,1.199775
hold29,VDD,Metal1,293.5630,177.3440,1.199773
hold28,VDD,Metal1,369.7960,177.9750,1.199798
hold27,VDD,Metal1,387.1630,177.9750,1.199888
hold26,VDD,Metal1,239.2360,177.9750,1.199762
hold25,VDD,Metal1,256.6030,177.9750,1.199797
clkbuf_2_3__f_clk,VDD,Metal1,396.7200,178.1670,1.199935
clkbuf_2_2__f_clk,VDD,Metal1,359.7600,178.1670,1.199790
clkbuf_2_1__f_clk,VDD,Metal1,222.9600,178.1670,1.199751
clkbuf_2_0__f_clk,VDD,Metal1,213.3600,170.6070,1.199655
clkbuf_0_clk,VDD,Metal1,305.0400,170.6070,1.199892
fanout24,VDD,Metal1,445.9500,170.2670,1.199901
fanout23,VDD,Metal1,432.9900,162.7070,1.199994
fanout22,VDD,Metal1,412.2900,169.9320,1.199838
fanout21,VDD,Metal1,420.5100,177.4920,1.199855
fanout20,VDD,Metal1,281.3100,177.4920,1.199775
fanout19,VDD,Metal1,213.6300,162.7070,1.199998
fanout18,VDD,Metal1,404.6700,177.8270,1.199905
fanout17,VDD,Metal1,426.7500,177.8270,1.199865
output16,VDD,Metal1,424.8300,177.8270,1.199857
output15,VDD,Metal1,378.6900,177.4920,1.199835
output14,VDD,Metal1,339.3900,177.8270,1.199885
output13,VDD,Metal1,292.3500,170.2670,1.199937
output12,VDD,Metal1,248.1900,170.2670,1.199966
output11,VDD,Metal1,198.6900,177.8270,1.199731
output10,VDD,Metal1,159.3900,177.8270,1.199834
output9,VDD,Metal1,115.7100,177.8270,1.199973
output8,VDD,Metal1,71.5500,177.8270,1.199991
output7,VDD,Metal1,513.1500,177.8270,1.199960
output6,VDD,Metal1,468.9900,177.8270,1.199961
output5,VDD,Metal1,27.3900,177.8270,1.199997
input4,VDD,Metal1,533.3100,101.8920,1.199997
input3,VDD,Metal1,405.5700,18.7320,1.199998
input2,VDD,Metal1,533.3100,34.1870,1.199996
input1,VDD,Metal1,533.3100,169.9320,1.199981
_121_,VDD,Metal1,151.9420,178.1410,1.199834
_120_,VDD,Metal1,150.9820,170.5810,1.199941
_119_,VDD,Metal1,434.1820,170.5810,1.199863
_118_,VDD,Metal1,416.4220,170.5810,1.199839
_117_,VDD,Metal1,397.7020,177.1780,1.199935
_116_,VDD,Metal1,364.5820,177.1780,1.199791
_115_,VDD,Metal1,306.9820,177.1780,1.199882
_114_,VDD,Metal1,264.7420,177.1780,1.199786
_113_,VDD,Metal1,233.0620,177.1780,1.199758
_112_,VDD,Metal1,217.2220,177.1780,1.199751
_111_,VDD,Metal1,195.6220,170.5810,1.199679
_110_,VDD,Metal1,178.3420,170.5810,1.199961
_109_,VDD,Metal1,166.8220,169.6180,1.199961
_108_,VDD,Metal1,251.7820,169.6180,1.199967
_107_,VDD,Metal1,446.6620,177.1780,1.199925
_106_,VDD,Metal1,440.4220,178.1410,1.199925
_105_,VDD,Metal1,416.4220,178.1410,1.199855
_104_,VDD,Metal1,378.5020,178.1410,1.199837
_103_,VDD,Metal1,333.8620,177.1780,1.199912
_102_,VDD,Metal1,289.2220,178.1410,1.199773
_101_,VDD,Metal1,247.9420,178.1410,1.199858
_100_,VDD,Metal1,210.4570,178.1410,1.199750
_099_,VDD,Metal1,190.7770,178.1410,1.199652
_098_,VDD,Metal1,171.1420,178.1410,1.199981
_097_,VDD,Metal1,240.1100,177.3280,1.199762
_096_,VDD,Metal1,208.6900,177.3280,1.199750
_095_,VDD,Metal1,186.8300,170.4310,1.199693
_094_,VDD,Metal1,168.3700,177.3280,1.199981
_093_,VDD,Metal1,148.2100,177.3280,1.199853
_092_,VDD,Metal1,147.7300,169.7680,1.199941
_091_,VDD,Metal1,429.2300,169.7680,1.199863
_090_,VDD,Metal1,410.5100,169.7680,1.199839
_089_,VDD,Metal1,390.3500,170.4310,1.199991
_088_,VDD,Metal1,359.6300,170.4310,1.199981
_087_,VDD,Metal1,302.7700,169.7680,1.199892
_086_,VDD,Metal1,257.3900,170.4310,1.199967
_085_,VDD,Metal1,225.7100,177.3280,1.199751
_084_,VDD,Metal1,209.8700,177.3280,1.199750
_083_,VDD,Metal1,188.2700,170.4310,1.199679
_082_,VDD,Metal1,173.8700,169.7680,1.199961
_081_,VDD,Metal1,161.8700,162.8710,1.200000
_080_,VDD,Metal1,246.8300,162.8710,1.200000
_079_,VDD,Metal1,433.0700,177.3280,1.199882
_078_,VDD,Metal1,434.5100,177.3280,1.199925
_077_,VDD,Metal1,422.2900,177.3280,1.199855
_076_,VDD,Metal1,377.1700,177.3280,1.199837
_075_,VDD,Metal1,326.5100,177.3280,1.199944
_074_,VDD,Metal1,284.6280,177.2830,1.199773
_073_,VDD,Metal1,328.7880,170.4760,1.199976
_072_,VDD,Metal1,373.9080,177.2830,1.199837
_071_,VDD,Metal1,408.0110,177.2830,1.199868
_070_,VDD,Metal1,430.0910,177.2830,1.199882
_069_,VDD,Metal1,437.7710,177.2830,1.199925
_068_,VDD,Metal1,242.8910,169.7230,1.199954
_067_,VDD,Metal1,157.9310,169.7230,1.199959
_066_,VDD,Metal1,168.9710,170.4760,1.199977
_065_,VDD,Metal1,185.2910,169.7230,1.199693
_064_,VDD,Metal1,205.4510,177.2830,1.199750
_063_,VDD,Metal1,224.6510,170.4760,1.199665
_062_,VDD,Metal1,255.8510,177.2830,1.199797
_061_,VDD,Metal1,298.0910,177.2830,1.199882
_060_,VDD,Metal1,355.6910,177.2830,1.199790
_059_,VDD,Metal1,388.8110,177.2830,1.199892
_058_,VDD,Metal1,407.5310,170.4760,1.199909
_057_,VDD,Metal1,425.2910,170.4760,1.199842
_056_,VDD,Metal1,430.8900,162.7910,1.199996
_055_,VDD,Metal1,153.1080,169.7230,1.199941
_054_,VDD,Metal1,155.5080,177.2830,1.199834
_053_,VDD,Metal1,165.1080,177.2830,1.199980
_052_,VDD,Metal1,183.8510,177.2830,1.199842
_051_,VDD,Metal1,204.4910,170.4760,1.199673
_050_,VDD,Metal1,243.3480,177.2830,1.199865
_049_,VDD,Metal1,279.4700,177.3280,1.199775
