Instance,Terminal,Layer,X location,Y location,Voltage
FILLER_43_1094,VSS,Metal1,532.5660,180.9790,0.000025
FILLER_43_1087,VSS,Metal1,529.2060,180.9790,0.000025
FILLER_43_1080,VSS,Metal1,525.8460,180.9790,0.000025
FILLER_43_1073,VSS,Metal1,522.4860,180.9790,0.000025
FILLER_43_1066,VSS,Metal1,519.1260,180.9790,0.000025
FILLER_43_1059,VSS,Metal1,515.7660,180.9790,0.000025
FILLER_43_1051,VSS,Metal1,511.1880,181.0630,0.000023
FILLER_43_1044,VSS,Metal1,508.5660,180.9790,0.000022
FILLER_43_1037,VSS,Metal1,505.2060,180.9790,0.000021
FILLER_43_1030,VSS,Metal1,501.8460,180.9790,0.000019
FILLER_43_1023,VSS,Metal1,498.4860,180.9790,0.000018
FILLER_43_1016,VSS,Metal1,495.1260,180.9790,0.000017
FILLER_43_1009,VSS,Metal1,491.7660,180.9790,0.000016
FILLER_43_1002,VSS,Metal1,488.4060,180.9790,0.000015
FILLER_43_995,VSS,Metal1,485.0460,180.9790,0.000013
FILLER_43_988,VSS,Metal1,481.6860,180.9790,0.000012
FILLER_43_981,VSS,Metal1,478.3260,180.9790,0.000011
FILLER_43_974,VSS,Metal1,474.9660,180.9790,0.000023
FILLER_43_967,VSS,Metal1,471.6060,180.9790,0.000035
FILLER_43_961,VSS,Metal1,467.5200,181.4400,0.000077
FILLER_43_954,VSS,Metal1,465.3660,180.9790,0.000083
FILLER_43_947,VSS,Metal1,462.0060,180.9790,0.000093
FILLER_43_940,VSS,Metal1,458.6460,180.9790,0.000104
FILLER_43_933,VSS,Metal1,455.2860,180.9790,0.000115
FILLER_43_926,VSS,Metal1,451.9260,180.9790,0.000126
FILLER_43_919,VSS,Metal1,448.5660,180.9790,0.000136
FILLER_43_879,VSS,Metal1,428.6280,181.0630,0.000155
FILLER_43_869,VSS,Metal1,423.3600,181.4400,0.000141
FILLER_43_827,VSS,Metal1,403.2000,181.4400,0.000041
FILLER_43_801,VSS,Metal1,390.4800,181.4400,0.000119
FILLER_43_799,VSS,Metal1,389.7600,181.4400,0.000119
FILLER_43_750,VSS,Metal1,366.7080,181.0630,0.000217
FILLER_43_718,VSS,Metal1,352.0860,180.9790,0.000210
FILLER_43_711,VSS,Metal1,348.7260,180.9790,0.000198
FILLER_43_704,VSS,Metal1,345.3660,180.9790,0.000186
FILLER_43_697,VSS,Metal1,342.0060,180.9790,0.000174
FILLER_43_683,VSS,Metal1,333.8400,181.4400,0.000100
FILLER_43_679,VSS,Metal1,332.6280,181.0630,0.000098
FILLER_43_669,VSS,Metal1,327.1200,181.4400,0.000018
FILLER_43_667,VSS,Metal1,326.4000,181.4400,0.000018
FILLER_43_660,VSS,Metal1,324.2460,180.9790,0.000023
FILLER_43_653,VSS,Metal1,320.8860,180.9790,0.000030
FILLER_43_646,VSS,Metal1,317.5260,180.9790,0.000037
FILLER_43_639,VSS,Metal1,314.1660,180.9790,0.000044
FILLER_43_632,VSS,Metal1,310.8060,180.9790,0.000051
FILLER_43_625,VSS,Metal1,307.4460,180.9790,0.000059
FILLER_43_618,VSS,Metal1,304.0860,180.9790,0.000066
FILLER_43_611,VSS,Metal1,300.7260,180.9790,0.000073
FILLER_43_604,VSS,Metal1,297.3660,180.9790,0.000080
FILLER_43_566,VSS,Metal1,277.9200,181.4400,0.000076
FILLER_43_562,VSS,Metal1,276.4680,181.0630,0.000075
FILLER_43_555,VSS,Metal1,273.8460,180.9790,0.000071
FILLER_43_548,VSS,Metal1,270.4860,180.9790,0.000067
FILLER_43_541,VSS,Metal1,267.1260,180.9790,0.000063
FILLER_43_534,VSS,Metal1,263.7660,180.9790,0.000059
FILLER_43_527,VSS,Metal1,260.4060,180.9790,0.000055
FILLER_43_481,VSS,Metal1,236.8800,181.4400,0.000156
FILLER_43_479,VSS,Metal1,236.1600,181.4400,0.000156
FILLER_43_472,VSS,Metal1,234.0060,180.9790,0.000168
FILLER_43_465,VSS,Metal1,230.6460,180.9790,0.000189
FILLER_43_399,VSS,Metal1,197.5200,181.4400,0.000122
FILLER_43_365,VSS,Metal1,182.6460,180.9790,0.000078
FILLER_43_358,VSS,Metal1,179.2860,180.9790,0.000056
FILLER_43_287,VSS,Metal1,144.4680,181.0630,0.000064
FILLER_43_280,VSS,Metal1,141.8460,180.9790,0.000060
FILLER_43_273,VSS,Metal1,138.4860,180.9790,0.000056
FILLER_43_266,VSS,Metal1,135.1260,180.9790,0.000053
FILLER_43_259,VSS,Metal1,131.7660,180.9790,0.000049
FILLER_43_252,VSS,Metal1,128.4060,180.9790,0.000045
FILLER_43_245,VSS,Metal1,125.0460,180.9790,0.000041
FILLER_43_238,VSS,Metal1,121.6860,180.9790,0.000037
FILLER_43_231,VSS,Metal1,118.3260,180.9790,0.000034
FILLER_43_223,VSS,Metal1,113.7480,181.0630,0.000022
FILLER_43_216,VSS,Metal1,111.1260,180.9790,0.000018
FILLER_43_209,VSS,Metal1,107.7660,180.9790,0.000013
FILLER_43_202,VSS,Metal1,104.4060,180.9790,0.000008
FILLER_43_195,VSS,Metal1,101.0460,180.9790,0.000004
FILLER_43_188,VSS,Metal1,97.6860,180.9790,0.000004
FILLER_43_181,VSS,Metal1,94.3260,180.9790,0.000004
FILLER_43_174,VSS,Metal1,90.9660,180.9790,0.000005
FILLER_43_167,VSS,Metal1,87.6060,180.9790,0.000005
FILLER_43_160,VSS,Metal1,84.2460,180.9790,0.000006
FILLER_43_153,VSS,Metal1,80.8860,180.9790,0.000006
FILLER_43_146,VSS,Metal1,77.5260,180.9790,0.000006
FILLER_43_139,VSS,Metal1,74.1660,180.9790,0.000007
FILLER_43_131,VSS,Metal1,69.5880,181.0630,0.000007
FILLER_43_124,VSS,Metal1,66.9660,180.9790,0.000007
FILLER_43_117,VSS,Metal1,63.6060,180.9790,0.000006
FILLER_43_110,VSS,Metal1,60.2460,180.9790,0.000006
FILLER_43_103,VSS,Metal1,56.8860,180.9790,0.000006
FILLER_43_96,VSS,Metal1,53.5260,180.9790,0.000005
FILLER_43_89,VSS,Metal1,50.1660,180.9790,0.000005
FILLER_43_82,VSS,Metal1,46.8060,180.9790,0.000005
FILLER_43_75,VSS,Metal1,43.4460,180.9790,0.000004
FILLER_43_68,VSS,Metal1,40.0860,180.9790,0.000004
FILLER_43_61,VSS,Metal1,36.7260,180.9790,0.000004
FILLER_43_54,VSS,Metal1,33.3660,180.9790,0.000003
FILLER_43_47,VSS,Metal1,30.0060,180.9790,0.000003
FILLER_43_42,VSS,Metal1,26.1600,181.4400,0.000001
FILLER_43_35,VSS,Metal1,24.2460,180.9790,0.000001
FILLER_43_28,VSS,Metal1,20.8860,180.9790,0.000001
FILLER_43_21,VSS,Metal1,17.5260,180.9790,0.000001
FILLER_43_14,VSS,Metal1,14.1660,180.9790,0.000001
FILLER_43_7,VSS,Metal1,10.8060,180.9790,0.000001
FILLER_43_0,VSS,Metal1,7.4460,180.9790,0.000001
FILLER_42_1100,VSS,Metal1,534.0000,173.8800,0.000013
FILLER_42_1093,VSS,Metal1,532.0860,174.3400,0.000013
FILLER_42_1086,VSS,Metal1,528.7260,174.3400,0.000013
FILLER_42_1079,VSS,Metal1,525.3660,174.3400,0.000013
FILLER_42_1072,VSS,Metal1,522.0060,174.3400,0.000013
FILLER_42_1065,VSS,Metal1,518.6460,174.3400,0.000013
FILLER_42_1058,VSS,Metal1,515.2860,174.3400,0.000013
FILLER_42_1051,VSS,Metal1,511.9260,174.3400,0.000013
FILLER_42_1044,VSS,Metal1,508.5660,174.3400,0.000013
FILLER_42_1037,VSS,Metal1,505.2060,174.3400,0.000013
FILLER_42_1030,VSS,Metal1,501.8460,174.3400,0.000013
FILLER_42_1023,VSS,Metal1,498.4860,174.3400,0.000013
FILLER_42_1016,VSS,Metal1,495.1260,174.3400,0.000013
FILLER_42_1009,VSS,Metal1,491.7660,174.3400,0.000013
FILLER_42_1002,VSS,Metal1,488.4060,174.3400,0.000012
FILLER_42_995,VSS,Metal1,485.0460,174.3400,0.000012
FILLER_42_988,VSS,Metal1,481.6860,174.3400,0.000012
FILLER_42_981,VSS,Metal1,478.3260,174.3400,0.000013
FILLER_42_974,VSS,Metal1,474.9660,174.3400,0.000060
FILLER_42_967,VSS,Metal1,471.6060,174.3400,0.000107
FILLER_42_960,VSS,Metal1,468.2460,174.3400,0.000154
FILLER_42_953,VSS,Metal1,464.8860,174.3400,0.000201
FILLER_42_946,VSS,Metal1,461.5260,174.3400,0.000248
FILLER_42_939,VSS,Metal1,458.1660,174.3400,0.000295
FILLER_42_932,VSS,Metal1,454.8060,174.3400,0.000343
FILLER_42_869,VSS,Metal1,423.1200,173.8800,0.000197
FILLER_42_852,VSS,Metal1,414.9600,173.8800,0.000195
FILLER_42_832,VSS,Metal1,405.3600,173.8800,0.000063
FILLER_42_830,VSS,Metal1,404.6400,173.8800,0.000063
FILLER_42_792,VSS,Metal1,386.1600,173.8800,0.000083
FILLER_42_788,VSS,Metal1,384.9480,174.2560,0.000083
FILLER_42_761,VSS,Metal1,371.2800,173.8800,0.000121
FILLER_42_722,VSS,Metal1,352.8000,173.8800,0.000111
FILLER_42_718,VSS,Metal1,351.3480,174.2560,0.000039
FILLER_42_711,VSS,Metal1,348.7260,174.3400,0.000039
FILLER_42_704,VSS,Metal1,345.3660,174.3400,0.000039
FILLER_42_697,VSS,Metal1,342.0060,174.3400,0.000038
FILLER_42_666,VSS,Metal1,325.6800,173.8800,0.000567
FILLER_42_662,VSS,Metal1,324.4680,174.2560,0.000567
FILLER_42_655,VSS,Metal1,321.8460,174.3400,0.000567
FILLER_42_648,VSS,Metal1,318.4860,174.3400,0.000567
FILLER_42_641,VSS,Metal1,315.1260,174.3400,0.000567
FILLER_42_567,VSS,Metal1,278.4000,173.8800,0.000259
FILLER_42_560,VSS,Metal1,276.2460,174.3400,0.000258
FILLER_42_553,VSS,Metal1,272.8860,174.3400,0.000257
FILLER_42_512,VSS,Metal1,252.4680,174.2560,0.000128
FILLER_42_502,VSS,Metal1,246.9600,173.8800,0.000190
FILLER_42_500,VSS,Metal1,246.2400,173.8800,0.000192
FILLER_42_456,VSS,Metal1,224.8800,173.8800,0.000236
FILLER_42_454,VSS,Metal1,224.1600,173.8800,0.000236
FILLER_42_409,VSS,Metal1,202.5600,173.8800,0.000175
FILLER_42_405,VSS,Metal1,201.1080,174.2560,0.000171
FILLER_42_398,VSS,Metal1,198.4860,174.3400,0.000171
FILLER_42_385,VSS,Metal1,191.5080,174.2560,0.000171
FILLER_42_365,VSS,Metal1,181.2000,173.8800,0.000050
FILLER_42_361,VSS,Metal1,179.9880,174.2560,0.000050
FILLER_42_351,VSS,Metal1,174.4800,173.8800,0.000047
FILLER_42_347,VSS,Metal1,173.2680,174.2560,0.000050
FILLER_42_340,VSS,Metal1,170.6460,174.3400,0.000054
FILLER_42_326,VSS,Metal1,162.4800,173.8800,0.000063
FILLER_42_324,VSS,Metal1,161.7600,173.8800,0.000063
FILLER_42_317,VSS,Metal1,159.6060,174.3400,0.000066
FILLER_42_294,VSS,Metal1,147.1200,173.8800,0.000067
FILLER_42_287,VSS,Metal1,145.2060,174.3400,0.000066
FILLER_42_280,VSS,Metal1,141.8460,174.3400,0.000061
FILLER_42_273,VSS,Metal1,138.4860,174.3400,0.000057
FILLER_42_266,VSS,Metal1,135.1260,174.3400,0.000052
FILLER_42_259,VSS,Metal1,131.7660,174.3400,0.000048
FILLER_42_252,VSS,Metal1,128.4060,174.3400,0.000043
FILLER_42_245,VSS,Metal1,125.0460,174.3400,0.000039
FILLER_42_238,VSS,Metal1,121.6860,174.3400,0.000034
FILLER_42_231,VSS,Metal1,118.3260,174.3400,0.000029
FILLER_42_224,VSS,Metal1,114.9660,174.3400,0.000025
FILLER_42_217,VSS,Metal1,111.6060,174.3400,0.000020
FILLER_42_210,VSS,Metal1,108.2460,174.3400,0.000016
FILLER_42_203,VSS,Metal1,104.8860,174.3400,0.000011
FILLER_42_196,VSS,Metal1,101.5260,174.3400,0.000006
FILLER_42_189,VSS,Metal1,98.1660,174.3400,0.000006
FILLER_42_182,VSS,Metal1,94.8060,174.3400,0.000006
FILLER_42_175,VSS,Metal1,91.4460,174.3400,0.000006
FILLER_42_168,VSS,Metal1,88.0860,174.3400,0.000005
FILLER_42_161,VSS,Metal1,84.7260,174.3400,0.000005
FILLER_42_154,VSS,Metal1,81.3660,174.3400,0.000005
FILLER_42_147,VSS,Metal1,78.0060,174.3400,0.000005
FILLER_42_140,VSS,Metal1,74.6460,174.3400,0.000004
FILLER_42_133,VSS,Metal1,71.2860,174.3400,0.000004
FILLER_42_126,VSS,Metal1,67.9260,174.3400,0.000004
FILLER_42_119,VSS,Metal1,64.5660,174.3400,0.000004
FILLER_42_112,VSS,Metal1,61.2060,174.3400,0.000003
FILLER_42_105,VSS,Metal1,57.8460,174.3400,0.000003
FILLER_42_98,VSS,Metal1,54.4860,174.3400,0.000003
FILLER_42_91,VSS,Metal1,51.1260,174.3400,0.000003
FILLER_42_84,VSS,Metal1,47.7660,174.3400,0.000002
FILLER_42_77,VSS,Metal1,44.4060,174.3400,0.000002
FILLER_42_70,VSS,Metal1,41.0460,174.3400,0.000002
FILLER_42_63,VSS,Metal1,37.6860,174.3400,0.000002
FILLER_42_56,VSS,Metal1,34.3260,174.3400,0.000001
FILLER_42_49,VSS,Metal1,30.9660,174.3400,0.000001
FILLER_42_42,VSS,Metal1,27.6060,174.3400,0.000001
FILLER_42_35,VSS,Metal1,24.2460,174.3400,0.000000
FILLER_42_28,VSS,Metal1,20.8860,174.3400,0.000000
FILLER_42_21,VSS,Metal1,17.5260,174.3400,0.000000
FILLER_42_14,VSS,Metal1,14.1660,174.3400,0.000000
FILLER_42_7,VSS,Metal1,10.8060,174.3400,0.000000
FILLER_42_0,VSS,Metal1,7.4460,174.3400,0.000000
FILLER_41_1094,VSS,Metal1,532.5660,173.4190,0.000013
FILLER_41_1087,VSS,Metal1,529.2060,173.4190,0.000013
FILLER_41_1080,VSS,Metal1,525.8460,173.4190,0.000013
FILLER_41_1073,VSS,Metal1,522.4860,173.4190,0.000013
FILLER_41_1066,VSS,Metal1,519.1260,173.4190,0.000013
FILLER_41_1059,VSS,Metal1,515.7660,173.4190,0.000013
FILLER_41_1052,VSS,Metal1,512.4060,173.4190,0.000013
FILLER_41_1045,VSS,Metal1,509.0460,173.4190,0.000013
FILLER_41_1038,VSS,Metal1,505.6860,173.4190,0.000013
FILLER_41_1031,VSS,Metal1,502.3260,173.4190,0.000013
FILLER_41_1024,VSS,Metal1,498.9660,173.4190,0.000013
FILLER_41_1017,VSS,Metal1,495.6060,173.4190,0.000013
FILLER_41_1010,VSS,Metal1,492.2460,173.4190,0.000013
FILLER_41_1003,VSS,Metal1,488.8860,173.4190,0.000012
FILLER_41_996,VSS,Metal1,485.5260,173.4190,0.000012
FILLER_41_989,VSS,Metal1,482.1660,173.4190,0.000012
FILLER_41_982,VSS,Metal1,478.8060,173.4190,0.000012
FILLER_41_975,VSS,Metal1,475.4460,173.4190,0.000059
FILLER_41_968,VSS,Metal1,472.0860,173.4190,0.000106
FILLER_41_961,VSS,Metal1,468.7260,173.4190,0.000153
FILLER_41_954,VSS,Metal1,465.3660,173.4190,0.000200
FILLER_41_947,VSS,Metal1,462.0060,173.4190,0.000247
FILLER_41_940,VSS,Metal1,458.6460,173.4190,0.000294
FILLER_41_933,VSS,Metal1,455.2860,173.4190,0.000342
FILLER_41_926,VSS,Metal1,451.9260,173.4190,0.000389
FILLER_41_919,VSS,Metal1,448.5660,173.4190,0.000405
FILLER_41_830,VSS,Metal1,404.6400,173.8800,0.000063
FILLER_41_826,VSS,Metal1,403.1880,173.5030,0.000059
FILLER_41_819,VSS,Metal1,400.5660,173.4190,0.000059
FILLER_41_812,VSS,Metal1,397.2060,173.4190,0.000059
FILLER_41_799,VSS,Metal1,389.5200,173.8800,0.000079
FILLER_41_795,VSS,Metal1,388.3080,173.5030,0.000079
FILLER_41_788,VSS,Metal1,385.6860,173.4190,0.000083
FILLER_41_781,VSS,Metal1,382.3260,173.4190,0.000117
FILLER_41_774,VSS,Metal1,378.9660,173.4190,0.000120
FILLER_41_767,VSS,Metal1,375.6060,173.4190,0.000120
FILLER_41_760,VSS,Metal1,372.2460,173.4190,0.000121
FILLER_41_753,VSS,Metal1,368.8860,173.4190,0.000124
FILLER_41_746,VSS,Metal1,365.5260,173.4190,0.000124
FILLER_41_739,VSS,Metal1,362.1660,173.4190,0.000124
FILLER_41_729,VSS,Metal1,357.3660,173.4190,0.000116
FILLER_41_722,VSS,Metal1,354.0060,173.4190,0.000111
FILLER_41_715,VSS,Metal1,350.6460,173.4190,0.000039
FILLER_41_708,VSS,Metal1,347.2860,173.4190,0.000039
FILLER_41_701,VSS,Metal1,343.9260,173.4190,0.000038
FILLER_41_694,VSS,Metal1,340.5660,173.4190,0.000037
FILLER_41_678,VSS,Metal1,332.8860,173.4190,0.000037
FILLER_41_664,VSS,Metal1,325.4280,173.5030,0.000567
FILLER_41_657,VSS,Metal1,322.8060,173.4190,0.000567
FILLER_41_650,VSS,Metal1,319.4460,173.4190,0.000567
FILLER_41_643,VSS,Metal1,316.0860,173.4190,0.000567
FILLER_41_636,VSS,Metal1,312.7260,173.4190,0.000567
FILLER_41_610,VSS,Metal1,298.8000,173.8800,0.000570
FILLER_41_606,VSS,Metal1,297.5880,173.5030,0.000570
FILLER_41_599,VSS,Metal1,294.9660,173.4190,0.000558
FILLER_41_591,VSS,Metal1,290.3880,173.5030,0.000324
FILLER_41_584,VSS,Metal1,287.7660,173.4190,0.000324
FILLER_41_577,VSS,Metal1,284.4060,173.4190,0.000320
FILLER_41_570,VSS,Metal1,281.0460,173.4190,0.000275
FILLER_41_563,VSS,Metal1,277.6860,173.4190,0.000259
FILLER_41_556,VSS,Metal1,274.3260,173.4190,0.000258
FILLER_41_549,VSS,Metal1,270.9660,173.4190,0.000256
FILLER_41_542,VSS,Metal1,267.6060,173.4190,0.000241
FILLER_41_535,VSS,Metal1,264.2460,173.4190,0.000238
FILLER_41_521,VSS,Metal1,256.3200,173.8800,0.000146
FILLER_41_514,VSS,Metal1,254.1660,173.4190,0.000128
FILLER_41_507,VSS,Metal1,250.8060,173.4190,0.000128
FILLER_41_502,VSS,Metal1,246.9600,173.8800,0.000190
FILLER_41_498,VSS,Metal1,245.7480,173.5030,0.000192
FILLER_41_491,VSS,Metal1,243.1260,173.4190,0.000195
FILLER_41_484,VSS,Metal1,239.7660,173.4190,0.000225
FILLER_41_477,VSS,Metal1,236.4060,173.4190,0.000225
FILLER_41_470,VSS,Metal1,233.0460,173.4190,0.000225
FILLER_41_449,VSS,Metal1,221.7600,173.8800,0.000238
FILLER_41_445,VSS,Metal1,220.3080,173.5030,0.000238
FILLER_41_419,VSS,Metal1,207.1200,173.8800,0.000214
FILLER_41_375,VSS,Metal1,186.0000,173.8800,0.000055
FILLER_41_373,VSS,Metal1,185.2800,173.8800,0.000050
FILLER_41_345,VSS,Metal1,171.6000,173.8800,0.000054
FILLER_41_325,VSS,Metal1,162.0000,173.8800,0.000063
FILLER_41_287,VSS,Metal1,144.0000,173.8800,0.000066
FILLER_41_280,VSS,Metal1,141.8460,173.4190,0.000061
FILLER_41_273,VSS,Metal1,138.4860,173.4190,0.000057
FILLER_41_266,VSS,Metal1,135.1260,173.4190,0.000052
FILLER_41_259,VSS,Metal1,131.7660,173.4190,0.000048
FILLER_41_252,VSS,Metal1,128.4060,173.4190,0.000043
FILLER_41_245,VSS,Metal1,125.0460,173.4190,0.000039
FILLER_41_238,VSS,Metal1,121.6860,173.4190,0.000034
FILLER_41_231,VSS,Metal1,118.3260,173.4190,0.000029
FILLER_41_224,VSS,Metal1,114.9660,173.4190,0.000025
FILLER_41_217,VSS,Metal1,111.6060,173.4190,0.000020
FILLER_41_210,VSS,Metal1,108.2460,173.4190,0.000016
FILLER_41_203,VSS,Metal1,104.8860,173.4190,0.000011
FILLER_41_196,VSS,Metal1,101.5260,173.4190,0.000006
FILLER_41_189,VSS,Metal1,98.1660,173.4190,0.000006
FILLER_41_182,VSS,Metal1,94.8060,173.4190,0.000006
FILLER_41_175,VSS,Metal1,91.4460,173.4190,0.000006
FILLER_41_168,VSS,Metal1,88.0860,173.4190,0.000005
FILLER_41_161,VSS,Metal1,84.7260,173.4190,0.000005
FILLER_41_154,VSS,Metal1,81.3660,173.4190,0.000005
FILLER_41_147,VSS,Metal1,78.0060,173.4190,0.000005
FILLER_41_140,VSS,Metal1,74.6460,173.4190,0.000004
FILLER_41_133,VSS,Metal1,71.2860,173.4190,0.000004
FILLER_41_126,VSS,Metal1,67.9260,173.4190,0.000004
FILLER_41_119,VSS,Metal1,64.5660,173.4190,0.000004
FILLER_41_112,VSS,Metal1,61.2060,173.4190,0.000003
FILLER_41_105,VSS,Metal1,57.8460,173.4190,0.000003
FILLER_41_98,VSS,Metal1,54.4860,173.4190,0.000003
FILLER_41_91,VSS,Metal1,51.1260,173.4190,0.000003
FILLER_41_84,VSS,Metal1,47.7660,173.4190,0.000002
FILLER_41_77,VSS,Metal1,44.4060,173.4190,0.000002
FILLER_41_70,VSS,Metal1,41.0460,173.4190,0.000002
FILLER_41_63,VSS,Metal1,37.6860,173.4190,0.000002
FILLER_41_56,VSS,Metal1,34.3260,173.4190,0.000001
FILLER_41_49,VSS,Metal1,30.9660,173.4190,0.000001
FILLER_41_42,VSS,Metal1,27.6060,173.4190,0.000001
FILLER_41_35,VSS,Metal1,24.2460,173.4190,0.000000
FILLER_41_28,VSS,Metal1,20.8860,173.4190,0.000000
FILLER_41_21,VSS,Metal1,17.5260,173.4190,0.000000
FILLER_41_14,VSS,Metal1,14.1660,173.4190,0.000000
FILLER_41_7,VSS,Metal1,10.8060,173.4190,0.000000
FILLER_41_0,VSS,Metal1,7.4460,173.4190,0.000000
FILLER_40_1096,VSS,Metal1,532.0800,166.3200,0.000021
FILLER_40_1089,VSS,Metal1,530.1660,166.7800,0.000020
FILLER_40_1082,VSS,Metal1,526.8060,166.7800,0.000019
FILLER_40_1075,VSS,Metal1,523.4460,166.7800,0.000018
FILLER_40_1068,VSS,Metal1,520.0860,166.7800,0.000017
FILLER_40_1061,VSS,Metal1,516.7260,166.7800,0.000015
FILLER_40_1054,VSS,Metal1,513.3660,166.7800,0.000014
FILLER_40_1047,VSS,Metal1,510.0060,166.7800,0.000013
FILLER_40_1040,VSS,Metal1,506.6460,166.7800,0.000012
FILLER_40_1033,VSS,Metal1,503.2860,166.7800,0.000011
FILLER_40_1026,VSS,Metal1,499.9260,166.7800,0.000009
FILLER_40_1019,VSS,Metal1,496.5660,166.7800,0.000008
FILLER_40_1012,VSS,Metal1,493.2060,166.7800,0.000007
FILLER_40_1005,VSS,Metal1,489.8460,166.7800,0.000005
FILLER_40_998,VSS,Metal1,486.4860,166.7800,0.000004
FILLER_40_991,VSS,Metal1,483.1260,166.7800,0.000003
FILLER_40_984,VSS,Metal1,479.7660,166.7800,0.000001
FILLER_40_977,VSS,Metal1,476.4060,166.7800,0.000006
FILLER_40_970,VSS,Metal1,473.0460,166.7800,0.000011
FILLER_40_963,VSS,Metal1,469.6860,166.7800,0.000016
FILLER_40_956,VSS,Metal1,466.3260,166.7800,0.000021
FILLER_40_949,VSS,Metal1,462.9660,166.7800,0.000026
FILLER_40_942,VSS,Metal1,459.6060,166.7800,0.000030
FILLER_40_935,VSS,Metal1,456.2460,166.7800,0.000035
FILLER_40_928,VSS,Metal1,452.8860,166.7800,0.000040
FILLER_40_921,VSS,Metal1,449.5260,166.7800,0.000045
FILLER_40_914,VSS,Metal1,446.1660,166.7800,0.000050
FILLER_40_898,VSS,Metal1,438.4860,166.7800,0.000052
FILLER_40_891,VSS,Metal1,435.1260,166.7800,0.000049
FILLER_40_884,VSS,Metal1,431.7660,166.7800,0.000046
FILLER_40_877,VSS,Metal1,427.6680,166.6960,0.000043
FILLER_40_870,VSS,Metal1,425.0460,166.7800,0.000043
FILLER_40_863,VSS,Metal1,421.6860,166.7800,0.000043
FILLER_40_856,VSS,Metal1,418.3260,166.7800,0.000043
FILLER_40_849,VSS,Metal1,414.9660,166.7800,0.000043
FILLER_40_841,VSS,Metal1,409.6800,166.3200,0.000007
FILLER_40_837,VSS,Metal1,408.4680,166.6960,0.000002
FILLER_40_830,VSS,Metal1,405.8460,166.7800,0.000001
FILLER_40_823,VSS,Metal1,402.4860,166.7800,0.000001
FILLER_40_816,VSS,Metal1,399.1260,166.7800,0.000001
FILLER_40_809,VSS,Metal1,395.7660,166.7800,0.000001
FILLER_40_802,VSS,Metal1,392.4060,166.7800,0.000001
FILLER_40_795,VSS,Metal1,389.0460,166.7800,0.000001
FILLER_40_788,VSS,Metal1,385.6860,166.7800,0.000001
FILLER_40_781,VSS,Metal1,382.3260,166.7800,0.000001
FILLER_40_774,VSS,Metal1,378.9660,166.7800,0.000001
FILLER_40_767,VSS,Metal1,375.6060,166.7800,0.000001
FILLER_40_760,VSS,Metal1,372.2460,166.7800,0.000001
FILLER_40_753,VSS,Metal1,368.8860,166.7800,0.000001
FILLER_40_746,VSS,Metal1,365.5260,166.7800,0.000001
FILLER_40_739,VSS,Metal1,362.1660,166.7800,0.000001
FILLER_40_732,VSS,Metal1,358.8060,166.7800,0.000001
FILLER_40_725,VSS,Metal1,355.4460,166.7800,0.000001
FILLER_40_718,VSS,Metal1,352.0860,166.7800,0.000001
FILLER_40_711,VSS,Metal1,348.7260,166.7800,0.000001
FILLER_40_704,VSS,Metal1,345.3660,166.7800,0.000001
FILLER_40_697,VSS,Metal1,342.0060,166.7800,0.000001
FILLER_40_690,VSS,Metal1,338.6460,166.7800,0.000001
FILLER_40_683,VSS,Metal1,335.2860,166.7800,0.000001
FILLER_40_676,VSS,Metal1,331.9260,166.7800,0.000001
FILLER_40_669,VSS,Metal1,328.5660,166.7800,0.000001
FILLER_40_662,VSS,Metal1,325.2060,166.7800,0.000001
FILLER_40_655,VSS,Metal1,321.8460,166.7800,0.000001
FILLER_40_648,VSS,Metal1,318.4860,166.7800,0.000001
FILLER_40_641,VSS,Metal1,315.1260,166.7800,0.000001
FILLER_40_634,VSS,Metal1,311.7660,166.7800,0.000001
FILLER_40_627,VSS,Metal1,308.4060,166.7800,0.000001
FILLER_40_620,VSS,Metal1,305.0460,166.7800,0.000001
FILLER_40_610,VSS,Metal1,300.2460,166.7800,0.000001
FILLER_40_603,VSS,Metal1,296.8860,166.7800,0.000002
FILLER_40_596,VSS,Metal1,293.5260,166.7800,0.000003
FILLER_40_589,VSS,Metal1,290.1660,166.7800,0.000003
FILLER_40_582,VSS,Metal1,286.8060,166.7800,0.000004
FILLER_40_575,VSS,Metal1,283.4460,166.7800,0.000005
FILLER_40_568,VSS,Metal1,280.0860,166.7800,0.000005
FILLER_40_561,VSS,Metal1,276.7260,166.7800,0.000006
FILLER_40_554,VSS,Metal1,273.3660,166.7800,0.000007
FILLER_40_547,VSS,Metal1,270.0060,166.7800,0.000007
FILLER_40_540,VSS,Metal1,266.6460,166.7800,0.000008
FILLER_40_533,VSS,Metal1,263.2860,166.7800,0.000008
FILLER_40_526,VSS,Metal1,259.9260,166.7800,0.000009
FILLER_40_488,VSS,Metal1,240.2400,166.3200,0.000023
FILLER_40_484,VSS,Metal1,239.0280,166.6960,0.000023
FILLER_40_477,VSS,Metal1,236.4060,166.7800,0.000031
FILLER_40_470,VSS,Metal1,233.0460,166.7800,0.000032
FILLER_40_463,VSS,Metal1,229.6860,166.7800,0.000033
FILLER_40_453,VSS,Metal1,223.4400,166.3200,0.000034
FILLER_40_446,VSS,Metal1,221.5260,166.7800,0.000034
FILLER_40_439,VSS,Metal1,218.1660,166.7800,0.000034
FILLER_40_414,VSS,Metal1,206.1660,166.7800,0.000019
FILLER_40_407,VSS,Metal1,202.8060,166.7800,0.000018
FILLER_40_400,VSS,Metal1,199.4460,166.7800,0.000018
FILLER_40_393,VSS,Metal1,196.0860,166.7800,0.000018
FILLER_40_386,VSS,Metal1,192.7260,166.7800,0.000017
FILLER_40_379,VSS,Metal1,189.3660,166.7800,0.000017
FILLER_40_368,VSS,Metal1,182.6400,166.3200,0.000010
FILLER_40_366,VSS,Metal1,181.9200,166.3200,0.000010
FILLER_40_359,VSS,Metal1,179.7660,166.7800,0.000009
FILLER_40_352,VSS,Metal1,176.4060,166.7800,0.000010
FILLER_40_301,VSS,Metal1,150.4800,166.3200,0.000033
FILLER_40_297,VSS,Metal1,149.2680,166.6960,0.000017
FILLER_40_287,VSS,Metal1,145.2060,166.7800,0.000016
FILLER_40_280,VSS,Metal1,141.8460,166.7800,0.000015
FILLER_40_273,VSS,Metal1,138.4860,166.7800,0.000014
FILLER_40_266,VSS,Metal1,135.1260,166.7800,0.000013
FILLER_40_259,VSS,Metal1,131.7660,166.7800,0.000012
FILLER_40_252,VSS,Metal1,128.4060,166.7800,0.000010
FILLER_40_245,VSS,Metal1,125.0460,166.7800,0.000009
FILLER_40_238,VSS,Metal1,121.6860,166.7800,0.000008
FILLER_40_231,VSS,Metal1,118.3260,166.7800,0.000007
FILLER_40_224,VSS,Metal1,114.9660,166.7800,0.000006
FILLER_40_217,VSS,Metal1,111.6060,166.7800,0.000005
FILLER_40_210,VSS,Metal1,108.2460,166.7800,0.000004
FILLER_40_203,VSS,Metal1,104.8860,166.7800,0.000003
FILLER_40_196,VSS,Metal1,101.5260,166.7800,0.000002
FILLER_40_189,VSS,Metal1,98.1660,166.7800,0.000002
FILLER_40_182,VSS,Metal1,94.8060,166.7800,0.000001
FILLER_40_175,VSS,Metal1,91.4460,166.7800,0.000001
FILLER_40_168,VSS,Metal1,88.0860,166.7800,0.000001
FILLER_40_161,VSS,Metal1,84.7260,166.7800,0.000001
FILLER_40_154,VSS,Metal1,81.3660,166.7800,0.000001
FILLER_40_147,VSS,Metal1,78.0060,166.7800,0.000001
FILLER_40_140,VSS,Metal1,74.6460,166.7800,0.000001
FILLER_40_133,VSS,Metal1,71.2860,166.7800,0.000001
FILLER_40_126,VSS,Metal1,67.9260,166.7800,0.000001
FILLER_40_119,VSS,Metal1,64.5660,166.7800,0.000001
FILLER_40_112,VSS,Metal1,61.2060,166.7800,0.000001
FILLER_40_105,VSS,Metal1,57.8460,166.7800,0.000001
FILLER_40_98,VSS,Metal1,54.4860,166.7800,0.000001
FILLER_40_91,VSS,Metal1,51.1260,166.7800,0.000001
FILLER_40_84,VSS,Metal1,47.7660,166.7800,0.000001
FILLER_40_77,VSS,Metal1,44.4060,166.7800,0.000001
FILLER_40_70,VSS,Metal1,41.0460,166.7800,0.000001
FILLER_40_63,VSS,Metal1,37.6860,166.7800,0.000000
FILLER_40_56,VSS,Metal1,34.3260,166.7800,0.000000
FILLER_40_49,VSS,Metal1,30.9660,166.7800,0.000000
FILLER_40_42,VSS,Metal1,27.6060,166.7800,0.000000
FILLER_40_35,VSS,Metal1,24.2460,166.7800,0.000000
FILLER_40_28,VSS,Metal1,20.8860,166.7800,0.000000
FILLER_40_21,VSS,Metal1,17.5260,166.7800,0.000000
FILLER_40_14,VSS,Metal1,14.1660,166.7800,0.000000
FILLER_40_7,VSS,Metal1,10.8060,166.7800,0.000000
FILLER_40_0,VSS,Metal1,7.4460,166.7800,0.000000
FILLER_39_1099,VSS,Metal1,533.7600,166.3200,0.000021
FILLER_39_1095,VSS,Metal1,532.3080,165.9430,0.000021
FILLER_39_1088,VSS,Metal1,529.6860,165.8590,0.000020
FILLER_39_1081,VSS,Metal1,526.3260,165.8590,0.000019
FILLER_39_1074,VSS,Metal1,522.9660,165.8590,0.000018
FILLER_39_1067,VSS,Metal1,519.6060,165.8590,0.000017
FILLER_39_1060,VSS,Metal1,516.2460,165.8590,0.000015
FILLER_39_1053,VSS,Metal1,512.8860,165.8590,0.000014
FILLER_39_1046,VSS,Metal1,509.5260,165.8590,0.000013
FILLER_39_1039,VSS,Metal1,506.1660,165.8590,0.000012
FILLER_39_1032,VSS,Metal1,502.8060,165.8590,0.000010
FILLER_39_1025,VSS,Metal1,499.4460,165.8590,0.000009
FILLER_39_1018,VSS,Metal1,496.0860,165.8590,0.000008
FILLER_39_1011,VSS,Metal1,492.7260,165.8590,0.000007
FILLER_39_1004,VSS,Metal1,489.3660,165.8590,0.000005
FILLER_39_997,VSS,Metal1,486.0060,165.8590,0.000004
FILLER_39_990,VSS,Metal1,482.6460,165.8590,0.000003
FILLER_39_983,VSS,Metal1,479.2860,165.8590,0.000001
FILLER_39_976,VSS,Metal1,475.9260,165.8590,0.000006
FILLER_39_969,VSS,Metal1,472.5660,165.8590,0.000011
FILLER_39_962,VSS,Metal1,469.2060,165.8590,0.000016
FILLER_39_955,VSS,Metal1,465.8460,165.8590,0.000021
FILLER_39_948,VSS,Metal1,462.4860,165.8590,0.000026
FILLER_39_941,VSS,Metal1,459.1260,165.8590,0.000030
FILLER_39_934,VSS,Metal1,455.7660,165.8590,0.000035
FILLER_39_927,VSS,Metal1,452.4060,165.8590,0.000040
FILLER_39_920,VSS,Metal1,449.0460,165.8590,0.000045
FILLER_39_913,VSS,Metal1,445.6860,165.8590,0.000050
FILLER_39_906,VSS,Metal1,442.3260,165.8590,0.000054
FILLER_39_899,VSS,Metal1,438.9660,165.8590,0.000052
FILLER_39_892,VSS,Metal1,435.6060,165.8590,0.000049
FILLER_39_882,VSS,Metal1,429.3600,166.3200,0.000044
FILLER_39_875,VSS,Metal1,427.4460,165.8590,0.000043
FILLER_39_868,VSS,Metal1,424.0860,165.8590,0.000043
FILLER_39_861,VSS,Metal1,420.7260,165.8590,0.000043
FILLER_39_854,VSS,Metal1,417.3660,165.8590,0.000043
FILLER_39_847,VSS,Metal1,414.0060,165.8590,0.000043
FILLER_39_840,VSS,Metal1,410.6460,165.8590,0.000007
FILLER_39_833,VSS,Metal1,407.2860,165.8590,0.000002
FILLER_39_826,VSS,Metal1,403.9260,165.8590,0.000001
FILLER_39_819,VSS,Metal1,400.5660,165.8590,0.000001
FILLER_39_812,VSS,Metal1,397.2060,165.8590,0.000001
FILLER_39_805,VSS,Metal1,393.8460,165.8590,0.000001
FILLER_39_798,VSS,Metal1,390.4860,165.8590,0.000001
FILLER_39_791,VSS,Metal1,387.1260,165.8590,0.000001
FILLER_39_784,VSS,Metal1,383.7660,165.8590,0.000001
FILLER_39_777,VSS,Metal1,380.4060,165.8590,0.000001
FILLER_39_770,VSS,Metal1,377.0460,165.8590,0.000001
FILLER_39_763,VSS,Metal1,373.6860,165.8590,0.000001
FILLER_39_756,VSS,Metal1,370.3260,165.8590,0.000001
FILLER_39_749,VSS,Metal1,366.9660,165.8590,0.000001
FILLER_39_742,VSS,Metal1,363.6060,165.8590,0.000001
FILLER_39_735,VSS,Metal1,360.2460,165.8590,0.000001
FILLER_39_728,VSS,Metal1,356.8860,165.8590,0.000001
FILLER_39_721,VSS,Metal1,353.5260,165.8590,0.000001
FILLER_39_714,VSS,Metal1,350.1660,165.8590,0.000001
FILLER_39_707,VSS,Metal1,346.8060,165.8590,0.000001
FILLER_39_700,VSS,Metal1,343.4460,165.8590,0.000001
FILLER_39_693,VSS,Metal1,340.0860,165.8590,0.000001
FILLER_39_686,VSS,Metal1,336.7260,165.8590,0.000001
FILLER_39_679,VSS,Metal1,333.3660,165.8590,0.000001
FILLER_39_672,VSS,Metal1,330.0060,165.8590,0.000001
FILLER_39_665,VSS,Metal1,326.6460,165.8590,0.000001
FILLER_39_658,VSS,Metal1,323.2860,165.8590,0.000001
FILLER_39_651,VSS,Metal1,319.9260,165.8590,0.000001
FILLER_39_644,VSS,Metal1,316.5660,165.8590,0.000001
FILLER_39_637,VSS,Metal1,313.2060,165.8590,0.000001
FILLER_39_630,VSS,Metal1,309.8460,165.8590,0.000001
FILLER_39_623,VSS,Metal1,306.4860,165.8590,0.000001
FILLER_39_616,VSS,Metal1,303.1260,165.8590,0.000001
FILLER_39_609,VSS,Metal1,299.7660,165.8590,0.000001
FILLER_39_602,VSS,Metal1,296.4060,165.8590,0.000002
FILLER_39_595,VSS,Metal1,293.0460,165.8590,0.000003
FILLER_39_588,VSS,Metal1,289.6860,165.8590,0.000003
FILLER_39_581,VSS,Metal1,286.3260,165.8590,0.000004
FILLER_39_574,VSS,Metal1,282.9660,165.8590,0.000005
FILLER_39_567,VSS,Metal1,279.6060,165.8590,0.000005
FILLER_39_560,VSS,Metal1,276.2460,165.8590,0.000006
FILLER_39_553,VSS,Metal1,272.8860,165.8590,0.000007
FILLER_39_546,VSS,Metal1,269.5260,165.8590,0.000007
FILLER_39_539,VSS,Metal1,266.1660,165.8590,0.000008
FILLER_39_532,VSS,Metal1,262.8060,165.8590,0.000008
FILLER_39_525,VSS,Metal1,259.4460,165.8590,0.000009
FILLER_39_518,VSS,Metal1,256.0860,165.8590,0.000010
FILLER_39_511,VSS,Metal1,252.7260,165.8590,0.000010
FILLER_39_504,VSS,Metal1,249.3660,165.8590,0.000010
FILLER_39_500,VSS,Metal1,246.0000,166.3200,0.000014
FILLER_39_498,VSS,Metal1,245.2800,166.3200,0.000014
FILLER_39_491,VSS,Metal1,243.1260,165.8590,0.000021
FILLER_39_484,VSS,Metal1,239.7660,165.8590,0.000023
FILLER_39_477,VSS,Metal1,236.4060,165.8590,0.000031
FILLER_39_470,VSS,Metal1,233.0460,165.8590,0.000032
FILLER_39_463,VSS,Metal1,229.6860,165.8590,0.000033
FILLER_39_456,VSS,Metal1,226.3260,165.8590,0.000034
FILLER_39_449,VSS,Metal1,222.9660,165.8590,0.000034
FILLER_39_442,VSS,Metal1,219.6060,165.8590,0.000034
FILLER_39_435,VSS,Metal1,216.2460,165.8590,0.000034
FILLER_39_429,VSS,Metal1,212.1600,166.3200,0.000025
FILLER_39_425,VSS,Metal1,210.7080,165.9430,0.000021
FILLER_39_418,VSS,Metal1,208.0860,165.8590,0.000019
FILLER_39_411,VSS,Metal1,204.7260,165.8590,0.000018
FILLER_39_404,VSS,Metal1,201.3660,165.8590,0.000018
FILLER_39_397,VSS,Metal1,198.0060,165.8590,0.000018
FILLER_39_390,VSS,Metal1,194.6460,165.8590,0.000017
FILLER_39_383,VSS,Metal1,191.2860,165.8590,0.000017
FILLER_39_376,VSS,Metal1,187.9260,165.8590,0.000017
FILLER_39_369,VSS,Metal1,184.5660,165.8590,0.000016
FILLER_39_362,VSS,Metal1,181.2060,165.8590,0.000010
FILLER_39_355,VSS,Metal1,177.8460,165.8590,0.000009
FILLER_39_348,VSS,Metal1,174.4860,165.8590,0.000010
FILLER_39_341,VSS,Metal1,171.1260,165.8590,0.000035
FILLER_39_334,VSS,Metal1,167.7660,165.8590,0.000035
FILLER_39_327,VSS,Metal1,164.4060,165.8590,0.000035
FILLER_39_322,VSS,Metal1,160.8000,166.3200,0.000034
FILLER_39_315,VSS,Metal1,158.6460,165.8590,0.000033
FILLER_39_308,VSS,Metal1,155.2860,165.8590,0.000033
FILLER_39_301,VSS,Metal1,151.9260,165.8590,0.000033
FILLER_39_294,VSS,Metal1,148.5660,165.8590,0.000017
FILLER_39_287,VSS,Metal1,145.2060,165.8590,0.000016
FILLER_39_280,VSS,Metal1,141.8460,165.8590,0.000015
FILLER_39_273,VSS,Metal1,138.4860,165.8590,0.000014
FILLER_39_266,VSS,Metal1,135.1260,165.8590,0.000013
FILLER_39_259,VSS,Metal1,131.7660,165.8590,0.000012
FILLER_39_252,VSS,Metal1,128.4060,165.8590,0.000010
FILLER_39_245,VSS,Metal1,125.0460,165.8590,0.000009
FILLER_39_238,VSS,Metal1,121.6860,165.8590,0.000008
FILLER_39_231,VSS,Metal1,118.3260,165.8590,0.000007
FILLER_39_224,VSS,Metal1,114.9660,165.8590,0.000006
FILLER_39_217,VSS,Metal1,111.6060,165.8590,0.000005
FILLER_39_210,VSS,Metal1,108.2460,165.8590,0.000004
FILLER_39_203,VSS,Metal1,104.8860,165.8590,0.000003
FILLER_39_196,VSS,Metal1,101.5260,165.8590,0.000002
FILLER_39_189,VSS,Metal1,98.1660,165.8590,0.000002
FILLER_39_182,VSS,Metal1,94.8060,165.8590,0.000001
FILLER_39_175,VSS,Metal1,91.4460,165.8590,0.000001
FILLER_39_168,VSS,Metal1,88.0860,165.8590,0.000001
FILLER_39_161,VSS,Metal1,84.7260,165.8590,0.000001
FILLER_39_154,VSS,Metal1,81.3660,165.8590,0.000001
FILLER_39_147,VSS,Metal1,78.0060,165.8590,0.000001
FILLER_39_140,VSS,Metal1,74.6460,165.8590,0.000001
FILLER_39_133,VSS,Metal1,71.2860,165.8590,0.000001
FILLER_39_126,VSS,Metal1,67.9260,165.8590,0.000001
FILLER_39_119,VSS,Metal1,64.5660,165.8590,0.000001
FILLER_39_112,VSS,Metal1,61.2060,165.8590,0.000001
FILLER_39_105,VSS,Metal1,57.8460,165.8590,0.000001
FILLER_39_98,VSS,Metal1,54.4860,165.8590,0.000001
FILLER_39_91,VSS,Metal1,51.1260,165.8590,0.000001
FILLER_39_84,VSS,Metal1,47.7660,165.8590,0.000001
FILLER_39_77,VSS,Metal1,44.4060,165.8590,0.000001
FILLER_39_70,VSS,Metal1,41.0460,165.8590,0.000001
FILLER_39_63,VSS,Metal1,37.6860,165.8590,0.000000
FILLER_39_56,VSS,Metal1,34.3260,165.8590,0.000000
FILLER_39_49,VSS,Metal1,30.9660,165.8590,0.000000
FILLER_39_42,VSS,Metal1,27.6060,165.8590,0.000000
FILLER_39_35,VSS,Metal1,24.2460,165.8590,0.000000
FILLER_39_28,VSS,Metal1,20.8860,165.8590,0.000000
FILLER_39_21,VSS,Metal1,17.5260,165.8590,0.000000
FILLER_39_14,VSS,Metal1,14.1660,165.8590,0.000000
FILLER_39_7,VSS,Metal1,10.8060,165.8590,0.000000
FILLER_39_0,VSS,Metal1,7.4460,165.8590,0.000000
FILLER_38_1099,VSS,Metal1,533.7600,158.7600,0.000000
FILLER_38_1092,VSS,Metal1,531.6060,159.2200,0.000000
FILLER_38_1085,VSS,Metal1,528.2460,159.2200,0.000000
FILLER_38_1078,VSS,Metal1,524.8860,159.2200,0.000000
FILLER_38_1071,VSS,Metal1,521.5260,159.2200,0.000000
FILLER_38_1064,VSS,Metal1,518.1660,159.2200,0.000000
FILLER_38_1057,VSS,Metal1,514.8060,159.2200,0.000000
FILLER_38_1050,VSS,Metal1,511.4460,159.2200,0.000000
FILLER_38_1043,VSS,Metal1,508.0860,159.2200,0.000000
FILLER_38_1036,VSS,Metal1,504.7260,159.2200,0.000000
FILLER_38_1029,VSS,Metal1,501.3660,159.2200,0.000000
FILLER_38_1022,VSS,Metal1,498.0060,159.2200,0.000000
FILLER_38_1015,VSS,Metal1,494.6460,159.2200,0.000000
FILLER_38_1008,VSS,Metal1,491.2860,159.2200,0.000000
FILLER_38_1001,VSS,Metal1,487.9260,159.2200,0.000000
FILLER_38_994,VSS,Metal1,484.5660,159.2200,0.000000
FILLER_38_987,VSS,Metal1,481.2060,159.2200,0.000000
FILLER_38_980,VSS,Metal1,477.8460,159.2200,0.000000
FILLER_38_973,VSS,Metal1,474.4860,159.2200,0.000000
FILLER_38_966,VSS,Metal1,471.1260,159.2200,0.000000
FILLER_38_959,VSS,Metal1,467.7660,159.2200,0.000000
FILLER_38_952,VSS,Metal1,464.4060,159.2200,0.000000
FILLER_38_945,VSS,Metal1,461.0460,159.2200,0.000000
FILLER_38_938,VSS,Metal1,457.6860,159.2200,0.000000
FILLER_38_931,VSS,Metal1,454.3260,159.2200,0.000000
FILLER_38_924,VSS,Metal1,450.9660,159.2200,0.000000
FILLER_38_917,VSS,Metal1,447.6060,159.2200,0.000000
FILLER_38_910,VSS,Metal1,444.2460,159.2200,0.000000
FILLER_38_903,VSS,Metal1,440.8860,159.2200,0.000000
FILLER_38_896,VSS,Metal1,437.5260,159.2200,0.000000
FILLER_38_889,VSS,Metal1,434.1660,159.2200,0.000000
FILLER_38_882,VSS,Metal1,430.8060,159.2200,0.000000
FILLER_38_875,VSS,Metal1,427.4460,159.2200,0.000000
FILLER_38_868,VSS,Metal1,424.0860,159.2200,0.000000
FILLER_38_861,VSS,Metal1,420.7260,159.2200,0.000000
FILLER_38_854,VSS,Metal1,417.3660,159.2200,0.000000
FILLER_38_847,VSS,Metal1,414.0060,159.2200,0.000000
FILLER_38_840,VSS,Metal1,410.6460,159.2200,0.000000
FILLER_38_833,VSS,Metal1,407.2860,159.2200,0.000000
FILLER_38_826,VSS,Metal1,403.9260,159.2200,0.000000
FILLER_38_819,VSS,Metal1,400.5660,159.2200,0.000000
FILLER_38_812,VSS,Metal1,397.2060,159.2200,0.000000
FILLER_38_805,VSS,Metal1,393.8460,159.2200,0.000000
FILLER_38_798,VSS,Metal1,390.4860,159.2200,0.000000
FILLER_38_791,VSS,Metal1,387.1260,159.2200,0.000000
FILLER_38_784,VSS,Metal1,383.7660,159.2200,0.000000
FILLER_38_777,VSS,Metal1,380.4060,159.2200,0.000000
FILLER_38_770,VSS,Metal1,377.0460,159.2200,0.000000
FILLER_38_763,VSS,Metal1,373.6860,159.2200,0.000000
FILLER_38_756,VSS,Metal1,370.3260,159.2200,0.000000
FILLER_38_749,VSS,Metal1,366.9660,159.2200,0.000000
FILLER_38_742,VSS,Metal1,363.6060,159.2200,0.000000
FILLER_38_735,VSS,Metal1,360.2460,159.2200,0.000000
FILLER_38_728,VSS,Metal1,356.8860,159.2200,0.000000
FILLER_38_721,VSS,Metal1,353.5260,159.2200,0.000000
FILLER_38_714,VSS,Metal1,350.1660,159.2200,0.000000
FILLER_38_707,VSS,Metal1,346.8060,159.2200,0.000000
FILLER_38_700,VSS,Metal1,343.4460,159.2200,0.000000
FILLER_38_693,VSS,Metal1,340.0860,159.2200,0.000000
FILLER_38_686,VSS,Metal1,336.7260,159.2200,0.000000
FILLER_38_679,VSS,Metal1,333.3660,159.2200,0.000000
FILLER_38_672,VSS,Metal1,330.0060,159.2200,0.000000
FILLER_38_665,VSS,Metal1,326.6460,159.2200,0.000000
FILLER_38_658,VSS,Metal1,323.2860,159.2200,0.000000
FILLER_38_651,VSS,Metal1,319.9260,159.2200,0.000000
FILLER_38_644,VSS,Metal1,316.5660,159.2200,0.000000
FILLER_38_637,VSS,Metal1,313.2060,159.2200,0.000000
FILLER_38_630,VSS,Metal1,309.8460,159.2200,0.000000
FILLER_38_623,VSS,Metal1,306.4860,159.2200,0.000000
FILLER_38_616,VSS,Metal1,303.1260,159.2200,0.000000
FILLER_38_609,VSS,Metal1,299.7660,159.2200,0.000000
FILLER_38_602,VSS,Metal1,296.4060,159.2200,0.000000
FILLER_38_595,VSS,Metal1,293.0460,159.2200,0.000000
FILLER_38_588,VSS,Metal1,289.6860,159.2200,0.000000
FILLER_38_581,VSS,Metal1,286.3260,159.2200,0.000000
FILLER_38_574,VSS,Metal1,282.9660,159.2200,0.000000
FILLER_38_567,VSS,Metal1,279.6060,159.2200,0.000000
FILLER_38_560,VSS,Metal1,276.2460,159.2200,0.000000
FILLER_38_553,VSS,Metal1,272.8860,159.2200,0.000000
FILLER_38_546,VSS,Metal1,269.5260,159.2200,0.000000
FILLER_38_539,VSS,Metal1,266.1660,159.2200,0.000000
FILLER_38_532,VSS,Metal1,262.8060,159.2200,0.000000
FILLER_38_525,VSS,Metal1,259.4460,159.2200,0.000000
FILLER_38_518,VSS,Metal1,256.0860,159.2200,0.000000
FILLER_38_511,VSS,Metal1,252.7260,159.2200,0.000000
FILLER_38_504,VSS,Metal1,249.3660,159.2200,0.000000
FILLER_38_497,VSS,Metal1,246.0060,159.2200,0.000000
FILLER_38_490,VSS,Metal1,242.6460,159.2200,0.000000
FILLER_38_483,VSS,Metal1,239.2860,159.2200,0.000000
FILLER_38_476,VSS,Metal1,235.9260,159.2200,0.000000
FILLER_38_469,VSS,Metal1,232.5660,159.2200,0.000000
FILLER_38_462,VSS,Metal1,229.2060,159.2200,0.000000
FILLER_38_455,VSS,Metal1,225.8460,159.2200,0.000000
FILLER_38_448,VSS,Metal1,222.4860,159.2200,0.000000
FILLER_38_441,VSS,Metal1,219.1260,159.2200,0.000000
FILLER_38_434,VSS,Metal1,215.7660,159.2200,0.000000
FILLER_38_427,VSS,Metal1,212.4060,159.2200,0.000000
FILLER_38_420,VSS,Metal1,209.0460,159.2200,0.000000
FILLER_38_413,VSS,Metal1,205.6860,159.2200,0.000000
FILLER_38_406,VSS,Metal1,202.3260,159.2200,0.000000
FILLER_38_399,VSS,Metal1,198.9660,159.2200,0.000000
FILLER_38_392,VSS,Metal1,195.6060,159.2200,0.000000
FILLER_38_385,VSS,Metal1,192.2460,159.2200,0.000000
FILLER_38_378,VSS,Metal1,188.8860,159.2200,0.000000
FILLER_38_371,VSS,Metal1,185.5260,159.2200,0.000000
FILLER_38_364,VSS,Metal1,182.1660,159.2200,0.000000
FILLER_38_357,VSS,Metal1,178.8060,159.2200,0.000000
FILLER_38_350,VSS,Metal1,175.4460,159.2200,0.000000
FILLER_38_343,VSS,Metal1,172.0860,159.2200,0.000000
FILLER_38_336,VSS,Metal1,168.7260,159.2200,0.000000
FILLER_38_329,VSS,Metal1,165.3660,159.2200,0.000000
FILLER_38_322,VSS,Metal1,162.0060,159.2200,0.000000
FILLER_38_315,VSS,Metal1,158.6460,159.2200,0.000000
FILLER_38_308,VSS,Metal1,155.2860,159.2200,0.000000
FILLER_38_301,VSS,Metal1,151.9260,159.2200,0.000000
FILLER_38_294,VSS,Metal1,148.5660,159.2200,0.000000
FILLER_38_287,VSS,Metal1,145.2060,159.2200,0.000000
FILLER_38_280,VSS,Metal1,141.8460,159.2200,0.000000
FILLER_38_273,VSS,Metal1,138.4860,159.2200,0.000000
FILLER_38_266,VSS,Metal1,135.1260,159.2200,0.000000
FILLER_38_259,VSS,Metal1,131.7660,159.2200,0.000000
FILLER_38_252,VSS,Metal1,128.4060,159.2200,0.000000
FILLER_38_245,VSS,Metal1,125.0460,159.2200,0.000000
FILLER_38_238,VSS,Metal1,121.6860,159.2200,0.000000
FILLER_38_231,VSS,Metal1,118.3260,159.2200,0.000000
FILLER_38_224,VSS,Metal1,114.9660,159.2200,0.000000
FILLER_38_217,VSS,Metal1,111.6060,159.2200,0.000000
FILLER_38_210,VSS,Metal1,108.2460,159.2200,0.000000
FILLER_38_203,VSS,Metal1,104.8860,159.2200,0.000000
FILLER_38_196,VSS,Metal1,101.5260,159.2200,0.000000
FILLER_38_189,VSS,Metal1,98.1660,159.2200,0.000000
FILLER_38_182,VSS,Metal1,94.8060,159.2200,0.000000
FILLER_38_175,VSS,Metal1,91.4460,159.2200,0.000000
FILLER_38_168,VSS,Metal1,88.0860,159.2200,0.000000
FILLER_38_161,VSS,Metal1,84.7260,159.2200,0.000000
FILLER_38_154,VSS,Metal1,81.3660,159.2200,0.000000
FILLER_38_147,VSS,Metal1,78.0060,159.2200,0.000000
FILLER_38_140,VSS,Metal1,74.6460,159.2200,0.000000
FILLER_38_133,VSS,Metal1,71.2860,159.2200,0.000000
FILLER_38_126,VSS,Metal1,67.9260,159.2200,0.000000
FILLER_38_119,VSS,Metal1,64.5660,159.2200,0.000000
FILLER_38_112,VSS,Metal1,61.2060,159.2200,0.000000
FILLER_38_105,VSS,Metal1,57.8460,159.2200,0.000000
FILLER_38_98,VSS,Metal1,54.4860,159.2200,0.000000
FILLER_38_91,VSS,Metal1,51.1260,159.2200,0.000000
FILLER_38_84,VSS,Metal1,47.7660,159.2200,0.000000
FILLER_38_77,VSS,Metal1,44.4060,159.2200,0.000000
FILLER_38_70,VSS,Metal1,41.0460,159.2200,0.000000
FILLER_38_63,VSS,Metal1,37.6860,159.2200,0.000000
FILLER_38_56,VSS,Metal1,34.3260,159.2200,0.000000
FILLER_38_49,VSS,Metal1,30.9660,159.2200,0.000000
FILLER_38_42,VSS,Metal1,27.6060,159.2200,0.000000
FILLER_38_35,VSS,Metal1,24.2460,159.2200,0.000000
FILLER_38_28,VSS,Metal1,20.8860,159.2200,0.000000
FILLER_38_21,VSS,Metal1,17.5260,159.2200,0.000000
FILLER_38_14,VSS,Metal1,14.1660,159.2200,0.000000
FILLER_38_7,VSS,Metal1,10.8060,159.2200,0.000000
FILLER_38_0,VSS,Metal1,7.4460,159.2200,0.000000
FILLER_37_1099,VSS,Metal1,533.7600,158.7600,0.000000
FILLER_37_1092,VSS,Metal1,531.6060,158.2990,0.000000
FILLER_37_1085,VSS,Metal1,528.2460,158.2990,0.000000
FILLER_37_1078,VSS,Metal1,524.8860,158.2990,0.000000
FILLER_37_1071,VSS,Metal1,521.5260,158.2990,0.000000
FILLER_37_1064,VSS,Metal1,518.1660,158.2990,0.000000
FILLER_37_1057,VSS,Metal1,514.8060,158.2990,0.000000
FILLER_37_1050,VSS,Metal1,511.4460,158.2990,0.000000
FILLER_37_1043,VSS,Metal1,508.0860,158.2990,0.000000
FILLER_37_1036,VSS,Metal1,504.7260,158.2990,0.000000
FILLER_37_1029,VSS,Metal1,501.3660,158.2990,0.000000
FILLER_37_1022,VSS,Metal1,498.0060,158.2990,0.000000
FILLER_37_1015,VSS,Metal1,494.6460,158.2990,0.000000
FILLER_37_1008,VSS,Metal1,491.2860,158.2990,0.000000
FILLER_37_1001,VSS,Metal1,487.9260,158.2990,0.000000
FILLER_37_994,VSS,Metal1,484.5660,158.2990,0.000000
FILLER_37_987,VSS,Metal1,481.2060,158.2990,0.000000
FILLER_37_980,VSS,Metal1,477.8460,158.2990,0.000000
FILLER_37_973,VSS,Metal1,474.4860,158.2990,0.000000
FILLER_37_966,VSS,Metal1,471.1260,158.2990,0.000000
FILLER_37_959,VSS,Metal1,467.7660,158.2990,0.000000
FILLER_37_952,VSS,Metal1,464.4060,158.2990,0.000000
FILLER_37_945,VSS,Metal1,461.0460,158.2990,0.000000
FILLER_37_938,VSS,Metal1,457.6860,158.2990,0.000000
FILLER_37_931,VSS,Metal1,454.3260,158.2990,0.000000
FILLER_37_924,VSS,Metal1,450.9660,158.2990,0.000000
FILLER_37_917,VSS,Metal1,447.6060,158.2990,0.000000
FILLER_37_910,VSS,Metal1,444.2460,158.2990,0.000000
FILLER_37_903,VSS,Metal1,440.8860,158.2990,0.000000
FILLER_37_896,VSS,Metal1,437.5260,158.2990,0.000000
FILLER_37_889,VSS,Metal1,434.1660,158.2990,0.000000
FILLER_37_882,VSS,Metal1,430.8060,158.2990,0.000000
FILLER_37_875,VSS,Metal1,427.4460,158.2990,0.000000
FILLER_37_868,VSS,Metal1,424.0860,158.2990,0.000000
FILLER_37_861,VSS,Metal1,420.7260,158.2990,0.000000
FILLER_37_854,VSS,Metal1,417.3660,158.2990,0.000000
FILLER_37_847,VSS,Metal1,414.0060,158.2990,0.000000
FILLER_37_840,VSS,Metal1,410.6460,158.2990,0.000000
FILLER_37_833,VSS,Metal1,407.2860,158.2990,0.000000
FILLER_37_826,VSS,Metal1,403.9260,158.2990,0.000000
FILLER_37_819,VSS,Metal1,400.5660,158.2990,0.000000
FILLER_37_812,VSS,Metal1,397.2060,158.2990,0.000000
FILLER_37_805,VSS,Metal1,393.8460,158.2990,0.000000
FILLER_37_798,VSS,Metal1,390.4860,158.2990,0.000000
FILLER_37_791,VSS,Metal1,387.1260,158.2990,0.000000
FILLER_37_784,VSS,Metal1,383.7660,158.2990,0.000000
FILLER_37_777,VSS,Metal1,380.4060,158.2990,0.000000
FILLER_37_770,VSS,Metal1,377.0460,158.2990,0.000000
FILLER_37_763,VSS,Metal1,373.6860,158.2990,0.000000
FILLER_37_756,VSS,Metal1,370.3260,158.2990,0.000000
FILLER_37_749,VSS,Metal1,366.9660,158.2990,0.000000
FILLER_37_742,VSS,Metal1,363.6060,158.2990,0.000000
FILLER_37_735,VSS,Metal1,360.2460,158.2990,0.000000
FILLER_37_728,VSS,Metal1,356.8860,158.2990,0.000000
FILLER_37_721,VSS,Metal1,353.5260,158.2990,0.000000
FILLER_37_714,VSS,Metal1,350.1660,158.2990,0.000000
FILLER_37_707,VSS,Metal1,346.8060,158.2990,0.000000
FILLER_37_700,VSS,Metal1,343.4460,158.2990,0.000000
FILLER_37_693,VSS,Metal1,340.0860,158.2990,0.000000
FILLER_37_686,VSS,Metal1,336.7260,158.2990,0.000000
FILLER_37_679,VSS,Metal1,333.3660,158.2990,0.000000
FILLER_37_672,VSS,Metal1,330.0060,158.2990,0.000000
FILLER_37_665,VSS,Metal1,326.6460,158.2990,0.000000
FILLER_37_658,VSS,Metal1,323.2860,158.2990,0.000000
FILLER_37_651,VSS,Metal1,319.9260,158.2990,0.000000
FILLER_37_644,VSS,Metal1,316.5660,158.2990,0.000000
FILLER_37_637,VSS,Metal1,313.2060,158.2990,0.000000
FILLER_37_630,VSS,Metal1,309.8460,158.2990,0.000000
FILLER_37_623,VSS,Metal1,306.4860,158.2990,0.000000
FILLER_37_616,VSS,Metal1,303.1260,158.2990,0.000000
FILLER_37_609,VSS,Metal1,299.7660,158.2990,0.000000
FILLER_37_602,VSS,Metal1,296.4060,158.2990,0.000000
FILLER_37_595,VSS,Metal1,293.0460,158.2990,0.000000
FILLER_37_588,VSS,Metal1,289.6860,158.2990,0.000000
FILLER_37_581,VSS,Metal1,286.3260,158.2990,0.000000
FILLER_37_574,VSS,Metal1,282.9660,158.2990,0.000000
FILLER_37_567,VSS,Metal1,279.6060,158.2990,0.000000
FILLER_37_560,VSS,Metal1,276.2460,158.2990,0.000000
FILLER_37_553,VSS,Metal1,272.8860,158.2990,0.000000
FILLER_37_546,VSS,Metal1,269.5260,158.2990,0.000000
FILLER_37_539,VSS,Metal1,266.1660,158.2990,0.000000
FILLER_37_532,VSS,Metal1,262.8060,158.2990,0.000000
FILLER_37_525,VSS,Metal1,259.4460,158.2990,0.000000
FILLER_37_518,VSS,Metal1,256.0860,158.2990,0.000000
FILLER_37_511,VSS,Metal1,252.7260,158.2990,0.000000
FILLER_37_504,VSS,Metal1,249.3660,158.2990,0.000000
FILLER_37_497,VSS,Metal1,246.0060,158.2990,0.000000
FILLER_37_490,VSS,Metal1,242.6460,158.2990,0.000000
FILLER_37_483,VSS,Metal1,239.2860,158.2990,0.000000
FILLER_37_476,VSS,Metal1,235.9260,158.2990,0.000000
FILLER_37_469,VSS,Metal1,232.5660,158.2990,0.000000
FILLER_37_462,VSS,Metal1,229.2060,158.2990,0.000000
FILLER_37_455,VSS,Metal1,225.8460,158.2990,0.000000
FILLER_37_448,VSS,Metal1,222.4860,158.2990,0.000000
FILLER_37_441,VSS,Metal1,219.1260,158.2990,0.000000
FILLER_37_434,VSS,Metal1,215.7660,158.2990,0.000000
FILLER_37_427,VSS,Metal1,212.4060,158.2990,0.000000
FILLER_37_420,VSS,Metal1,209.0460,158.2990,0.000000
FILLER_37_413,VSS,Metal1,205.6860,158.2990,0.000000
FILLER_37_406,VSS,Metal1,202.3260,158.2990,0.000000
FILLER_37_399,VSS,Metal1,198.9660,158.2990,0.000000
FILLER_37_392,VSS,Metal1,195.6060,158.2990,0.000000
FILLER_37_385,VSS,Metal1,192.2460,158.2990,0.000000
FILLER_37_378,VSS,Metal1,188.8860,158.2990,0.000000
FILLER_37_371,VSS,Metal1,185.5260,158.2990,0.000000
FILLER_37_364,VSS,Metal1,182.1660,158.2990,0.000000
FILLER_37_357,VSS,Metal1,178.8060,158.2990,0.000000
FILLER_37_350,VSS,Metal1,175.4460,158.2990,0.000000
FILLER_37_343,VSS,Metal1,172.0860,158.2990,0.000000
FILLER_37_336,VSS,Metal1,168.7260,158.2990,0.000000
FILLER_37_329,VSS,Metal1,165.3660,158.2990,0.000000
FILLER_37_322,VSS,Metal1,162.0060,158.2990,0.000000
FILLER_37_315,VSS,Metal1,158.6460,158.2990,0.000000
FILLER_37_308,VSS,Metal1,155.2860,158.2990,0.000000
FILLER_37_301,VSS,Metal1,151.9260,158.2990,0.000000
FILLER_37_294,VSS,Metal1,148.5660,158.2990,0.000000
FILLER_37_287,VSS,Metal1,145.2060,158.2990,0.000000
FILLER_37_280,VSS,Metal1,141.8460,158.2990,0.000000
FILLER_37_273,VSS,Metal1,138.4860,158.2990,0.000000
FILLER_37_266,VSS,Metal1,135.1260,158.2990,0.000000
FILLER_37_259,VSS,Metal1,131.7660,158.2990,0.000000
FILLER_37_252,VSS,Metal1,128.4060,158.2990,0.000000
FILLER_37_245,VSS,Metal1,125.0460,158.2990,0.000000
FILLER_37_238,VSS,Metal1,121.6860,158.2990,0.000000
FILLER_37_231,VSS,Metal1,118.3260,158.2990,0.000000
FILLER_37_224,VSS,Metal1,114.9660,158.2990,0.000000
FILLER_37_217,VSS,Metal1,111.6060,158.2990,0.000000
FILLER_37_210,VSS,Metal1,108.2460,158.2990,0.000000
FILLER_37_203,VSS,Metal1,104.8860,158.2990,0.000000
FILLER_37_196,VSS,Metal1,101.5260,158.2990,0.000000
FILLER_37_189,VSS,Metal1,98.1660,158.2990,0.000000
FILLER_37_182,VSS,Metal1,94.8060,158.2990,0.000000
FILLER_37_175,VSS,Metal1,91.4460,158.2990,0.000000
FILLER_37_168,VSS,Metal1,88.0860,158.2990,0.000000
FILLER_37_161,VSS,Metal1,84.7260,158.2990,0.000000
FILLER_37_154,VSS,Metal1,81.3660,158.2990,0.000000
FILLER_37_147,VSS,Metal1,78.0060,158.2990,0.000000
FILLER_37_140,VSS,Metal1,74.6460,158.2990,0.000000
FILLER_37_133,VSS,Metal1,71.2860,158.2990,0.000000
FILLER_37_126,VSS,Metal1,67.9260,158.2990,0.000000
FILLER_37_119,VSS,Metal1,64.5660,158.2990,0.000000
FILLER_37_112,VSS,Metal1,61.2060,158.2990,0.000000
FILLER_37_105,VSS,Metal1,57.8460,158.2990,0.000000
FILLER_37_98,VSS,Metal1,54.4860,158.2990,0.000000
FILLER_37_91,VSS,Metal1,51.1260,158.2990,0.000000
FILLER_37_84,VSS,Metal1,47.7660,158.2990,0.000000
FILLER_37_77,VSS,Metal1,44.4060,158.2990,0.000000
FILLER_37_70,VSS,Metal1,41.0460,158.2990,0.000000
FILLER_37_63,VSS,Metal1,37.6860,158.2990,0.000000
FILLER_37_56,VSS,Metal1,34.3260,158.2990,0.000000
FILLER_37_49,VSS,Metal1,30.9660,158.2990,0.000000
FILLER_37_42,VSS,Metal1,27.6060,158.2990,0.000000
FILLER_37_35,VSS,Metal1,24.2460,158.2990,0.000000
FILLER_37_28,VSS,Metal1,20.8860,158.2990,0.000000
FILLER_37_21,VSS,Metal1,17.5260,158.2990,0.000000
FILLER_37_14,VSS,Metal1,14.1660,158.2990,0.000000
FILLER_37_7,VSS,Metal1,10.8060,158.2990,0.000000
FILLER_37_0,VSS,Metal1,7.4460,158.2990,0.000000
FILLER_36_1099,VSS,Metal1,533.7600,151.2000,0.000000
FILLER_36_1092,VSS,Metal1,531.6060,151.6600,0.000000
FILLER_36_1085,VSS,Metal1,528.2460,151.6600,0.000000
FILLER_36_1078,VSS,Metal1,524.8860,151.6600,0.000000
FILLER_36_1071,VSS,Metal1,521.5260,151.6600,0.000000
FILLER_36_1064,VSS,Metal1,518.1660,151.6600,0.000000
FILLER_36_1057,VSS,Metal1,514.8060,151.6600,0.000000
FILLER_36_1050,VSS,Metal1,511.4460,151.6600,0.000000
FILLER_36_1043,VSS,Metal1,508.0860,151.6600,0.000000
FILLER_36_1036,VSS,Metal1,504.7260,151.6600,0.000000
FILLER_36_1029,VSS,Metal1,501.3660,151.6600,0.000000
FILLER_36_1022,VSS,Metal1,498.0060,151.6600,0.000000
FILLER_36_1015,VSS,Metal1,494.6460,151.6600,0.000000
FILLER_36_1008,VSS,Metal1,491.2860,151.6600,0.000000
FILLER_36_1001,VSS,Metal1,487.9260,151.6600,0.000000
FILLER_36_994,VSS,Metal1,484.5660,151.6600,0.000000
FILLER_36_987,VSS,Metal1,481.2060,151.6600,0.000000
FILLER_36_980,VSS,Metal1,477.8460,151.6600,0.000000
FILLER_36_973,VSS,Metal1,474.4860,151.6600,0.000000
FILLER_36_966,VSS,Metal1,471.1260,151.6600,0.000000
FILLER_36_959,VSS,Metal1,467.7660,151.6600,0.000000
FILLER_36_952,VSS,Metal1,464.4060,151.6600,0.000000
FILLER_36_945,VSS,Metal1,461.0460,151.6600,0.000000
FILLER_36_938,VSS,Metal1,457.6860,151.6600,0.000000
FILLER_36_931,VSS,Metal1,454.3260,151.6600,0.000000
FILLER_36_924,VSS,Metal1,450.9660,151.6600,0.000000
FILLER_36_917,VSS,Metal1,447.6060,151.6600,0.000000
FILLER_36_910,VSS,Metal1,444.2460,151.6600,0.000000
FILLER_36_903,VSS,Metal1,440.8860,151.6600,0.000000
FILLER_36_896,VSS,Metal1,437.5260,151.6600,0.000000
FILLER_36_889,VSS,Metal1,434.1660,151.6600,0.000000
FILLER_36_882,VSS,Metal1,430.8060,151.6600,0.000000
FILLER_36_875,VSS,Metal1,427.4460,151.6600,0.000000
FILLER_36_868,VSS,Metal1,424.0860,151.6600,0.000000
FILLER_36_861,VSS,Metal1,420.7260,151.6600,0.000000
FILLER_36_854,VSS,Metal1,417.3660,151.6600,0.000000
FILLER_36_847,VSS,Metal1,414.0060,151.6600,0.000000
FILLER_36_840,VSS,Metal1,410.6460,151.6600,0.000000
FILLER_36_833,VSS,Metal1,407.2860,151.6600,0.000000
FILLER_36_826,VSS,Metal1,403.9260,151.6600,0.000000
FILLER_36_819,VSS,Metal1,400.5660,151.6600,0.000000
FILLER_36_812,VSS,Metal1,397.2060,151.6600,0.000000
FILLER_36_805,VSS,Metal1,393.8460,151.6600,0.000000
FILLER_36_798,VSS,Metal1,390.4860,151.6600,0.000000
FILLER_36_791,VSS,Metal1,387.1260,151.6600,0.000000
FILLER_36_784,VSS,Metal1,383.7660,151.6600,0.000000
FILLER_36_777,VSS,Metal1,380.4060,151.6600,0.000000
FILLER_36_770,VSS,Metal1,377.0460,151.6600,0.000000
FILLER_36_763,VSS,Metal1,373.6860,151.6600,0.000000
FILLER_36_756,VSS,Metal1,370.3260,151.6600,0.000000
FILLER_36_749,VSS,Metal1,366.9660,151.6600,0.000000
FILLER_36_742,VSS,Metal1,363.6060,151.6600,0.000000
FILLER_36_735,VSS,Metal1,360.2460,151.6600,0.000000
FILLER_36_728,VSS,Metal1,356.8860,151.6600,0.000000
FILLER_36_721,VSS,Metal1,353.5260,151.6600,0.000000
FILLER_36_714,VSS,Metal1,350.1660,151.6600,0.000000
FILLER_36_707,VSS,Metal1,346.8060,151.6600,0.000000
FILLER_36_700,VSS,Metal1,343.4460,151.6600,0.000000
FILLER_36_693,VSS,Metal1,340.0860,151.6600,0.000000
FILLER_36_686,VSS,Metal1,336.7260,151.6600,0.000000
FILLER_36_679,VSS,Metal1,333.3660,151.6600,0.000000
FILLER_36_672,VSS,Metal1,330.0060,151.6600,0.000000
FILLER_36_665,VSS,Metal1,326.6460,151.6600,0.000000
FILLER_36_658,VSS,Metal1,323.2860,151.6600,0.000000
FILLER_36_651,VSS,Metal1,319.9260,151.6600,0.000000
FILLER_36_644,VSS,Metal1,316.5660,151.6600,0.000000
FILLER_36_637,VSS,Metal1,313.2060,151.6600,0.000000
FILLER_36_630,VSS,Metal1,309.8460,151.6600,0.000000
FILLER_36_623,VSS,Metal1,306.4860,151.6600,0.000000
FILLER_36_616,VSS,Metal1,303.1260,151.6600,0.000000
FILLER_36_609,VSS,Metal1,299.7660,151.6600,0.000000
FILLER_36_602,VSS,Metal1,296.4060,151.6600,0.000000
FILLER_36_595,VSS,Metal1,293.0460,151.6600,0.000000
FILLER_36_588,VSS,Metal1,289.6860,151.6600,0.000000
FILLER_36_581,VSS,Metal1,286.3260,151.6600,0.000000
FILLER_36_574,VSS,Metal1,282.9660,151.6600,0.000000
FILLER_36_567,VSS,Metal1,279.6060,151.6600,0.000000
FILLER_36_560,VSS,Metal1,276.2460,151.6600,0.000000
FILLER_36_553,VSS,Metal1,272.8860,151.6600,0.000000
FILLER_36_546,VSS,Metal1,269.5260,151.6600,0.000000
FILLER_36_539,VSS,Metal1,266.1660,151.6600,0.000000
FILLER_36_532,VSS,Metal1,262.8060,151.6600,0.000000
FILLER_36_525,VSS,Metal1,259.4460,151.6600,0.000000
FILLER_36_518,VSS,Metal1,256.0860,151.6600,0.000000
FILLER_36_511,VSS,Metal1,252.7260,151.6600,0.000000
FILLER_36_504,VSS,Metal1,249.3660,151.6600,0.000000
FILLER_36_497,VSS,Metal1,246.0060,151.6600,0.000000
FILLER_36_490,VSS,Metal1,242.6460,151.6600,0.000000
FILLER_36_483,VSS,Metal1,239.2860,151.6600,0.000000
FILLER_36_476,VSS,Metal1,235.9260,151.6600,0.000000
FILLER_36_469,VSS,Metal1,232.5660,151.6600,0.000000
FILLER_36_462,VSS,Metal1,229.2060,151.6600,0.000000
FILLER_36_455,VSS,Metal1,225.8460,151.6600,0.000000
FILLER_36_448,VSS,Metal1,222.4860,151.6600,0.000000
FILLER_36_441,VSS,Metal1,219.1260,151.6600,0.000000
FILLER_36_434,VSS,Metal1,215.7660,151.6600,0.000000
FILLER_36_427,VSS,Metal1,212.4060,151.6600,0.000000
FILLER_36_420,VSS,Metal1,209.0460,151.6600,0.000000
FILLER_36_413,VSS,Metal1,205.6860,151.6600,0.000000
FILLER_36_406,VSS,Metal1,202.3260,151.6600,0.000000
FILLER_36_399,VSS,Metal1,198.9660,151.6600,0.000000
FILLER_36_392,VSS,Metal1,195.6060,151.6600,0.000000
FILLER_36_385,VSS,Metal1,192.2460,151.6600,0.000000
FILLER_36_378,VSS,Metal1,188.8860,151.6600,0.000000
FILLER_36_371,VSS,Metal1,185.5260,151.6600,0.000000
FILLER_36_364,VSS,Metal1,182.1660,151.6600,0.000000
FILLER_36_357,VSS,Metal1,178.8060,151.6600,0.000000
FILLER_36_350,VSS,Metal1,175.4460,151.6600,0.000000
FILLER_36_343,VSS,Metal1,172.0860,151.6600,0.000000
FILLER_36_336,VSS,Metal1,168.7260,151.6600,0.000000
FILLER_36_329,VSS,Metal1,165.3660,151.6600,0.000000
FILLER_36_322,VSS,Metal1,162.0060,151.6600,0.000000
FILLER_36_315,VSS,Metal1,158.6460,151.6600,0.000000
FILLER_36_308,VSS,Metal1,155.2860,151.6600,0.000000
FILLER_36_301,VSS,Metal1,151.9260,151.6600,0.000000
FILLER_36_294,VSS,Metal1,148.5660,151.6600,0.000000
FILLER_36_287,VSS,Metal1,145.2060,151.6600,0.000000
FILLER_36_280,VSS,Metal1,141.8460,151.6600,0.000000
FILLER_36_273,VSS,Metal1,138.4860,151.6600,0.000000
FILLER_36_266,VSS,Metal1,135.1260,151.6600,0.000000
FILLER_36_259,VSS,Metal1,131.7660,151.6600,0.000000
FILLER_36_252,VSS,Metal1,128.4060,151.6600,0.000000
FILLER_36_245,VSS,Metal1,125.0460,151.6600,0.000000
FILLER_36_238,VSS,Metal1,121.6860,151.6600,0.000000
FILLER_36_231,VSS,Metal1,118.3260,151.6600,0.000000
FILLER_36_224,VSS,Metal1,114.9660,151.6600,0.000000
FILLER_36_217,VSS,Metal1,111.6060,151.6600,0.000000
FILLER_36_210,VSS,Metal1,108.2460,151.6600,0.000000
FILLER_36_203,VSS,Metal1,104.8860,151.6600,0.000000
FILLER_36_196,VSS,Metal1,101.5260,151.6600,0.000000
FILLER_36_189,VSS,Metal1,98.1660,151.6600,0.000000
FILLER_36_182,VSS,Metal1,94.8060,151.6600,0.000000
FILLER_36_175,VSS,Metal1,91.4460,151.6600,0.000000
FILLER_36_168,VSS,Metal1,88.0860,151.6600,0.000000
FILLER_36_161,VSS,Metal1,84.7260,151.6600,0.000000
FILLER_36_154,VSS,Metal1,81.3660,151.6600,0.000000
FILLER_36_147,VSS,Metal1,78.0060,151.6600,0.000000
FILLER_36_140,VSS,Metal1,74.6460,151.6600,0.000000
FILLER_36_133,VSS,Metal1,71.2860,151.6600,0.000000
FILLER_36_126,VSS,Metal1,67.9260,151.6600,0.000000
FILLER_36_119,VSS,Metal1,64.5660,151.6600,0.000000
FILLER_36_112,VSS,Metal1,61.2060,151.6600,0.000000
FILLER_36_105,VSS,Metal1,57.8460,151.6600,0.000000
FILLER_36_98,VSS,Metal1,54.4860,151.6600,0.000000
FILLER_36_91,VSS,Metal1,51.1260,151.6600,0.000000
FILLER_36_84,VSS,Metal1,47.7660,151.6600,0.000000
FILLER_36_77,VSS,Metal1,44.4060,151.6600,0.000000
FILLER_36_70,VSS,Metal1,41.0460,151.6600,0.000000
FILLER_36_63,VSS,Metal1,37.6860,151.6600,0.000000
FILLER_36_56,VSS,Metal1,34.3260,151.6600,0.000000
FILLER_36_49,VSS,Metal1,30.9660,151.6600,0.000000
FILLER_36_42,VSS,Metal1,27.6060,151.6600,0.000000
FILLER_36_35,VSS,Metal1,24.2460,151.6600,0.000000
FILLER_36_28,VSS,Metal1,20.8860,151.6600,0.000000
FILLER_36_21,VSS,Metal1,17.5260,151.6600,0.000000
FILLER_36_14,VSS,Metal1,14.1660,151.6600,0.000000
FILLER_36_7,VSS,Metal1,10.8060,151.6600,0.000000
FILLER_36_0,VSS,Metal1,7.4460,151.6600,0.000000
FILLER_35_1099,VSS,Metal1,533.7600,151.2000,0.000000
FILLER_35_1092,VSS,Metal1,531.6060,150.7390,0.000000
FILLER_35_1085,VSS,Metal1,528.2460,150.7390,0.000000
FILLER_35_1078,VSS,Metal1,524.8860,150.7390,0.000000
FILLER_35_1071,VSS,Metal1,521.5260,150.7390,0.000000
FILLER_35_1064,VSS,Metal1,518.1660,150.7390,0.000000
FILLER_35_1057,VSS,Metal1,514.8060,150.7390,0.000000
FILLER_35_1050,VSS,Metal1,511.4460,150.7390,0.000000
FILLER_35_1043,VSS,Metal1,508.0860,150.7390,0.000000
FILLER_35_1036,VSS,Metal1,504.7260,150.7390,0.000000
FILLER_35_1029,VSS,Metal1,501.3660,150.7390,0.000000
FILLER_35_1022,VSS,Metal1,498.0060,150.7390,0.000000
FILLER_35_1015,VSS,Metal1,494.6460,150.7390,0.000000
FILLER_35_1008,VSS,Metal1,491.2860,150.7390,0.000000
FILLER_35_1001,VSS,Metal1,487.9260,150.7390,0.000000
FILLER_35_994,VSS,Metal1,484.5660,150.7390,0.000000
FILLER_35_987,VSS,Metal1,481.2060,150.7390,0.000000
FILLER_35_980,VSS,Metal1,477.8460,150.7390,0.000000
FILLER_35_973,VSS,Metal1,474.4860,150.7390,0.000000
FILLER_35_966,VSS,Metal1,471.1260,150.7390,0.000000
FILLER_35_959,VSS,Metal1,467.7660,150.7390,0.000000
FILLER_35_952,VSS,Metal1,464.4060,150.7390,0.000000
FILLER_35_945,VSS,Metal1,461.0460,150.7390,0.000000
FILLER_35_938,VSS,Metal1,457.6860,150.7390,0.000000
FILLER_35_931,VSS,Metal1,454.3260,150.7390,0.000000
FILLER_35_924,VSS,Metal1,450.9660,150.7390,0.000000
FILLER_35_917,VSS,Metal1,447.6060,150.7390,0.000000
FILLER_35_910,VSS,Metal1,444.2460,150.7390,0.000000
FILLER_35_903,VSS,Metal1,440.8860,150.7390,0.000000
FILLER_35_896,VSS,Metal1,437.5260,150.7390,0.000000
FILLER_35_889,VSS,Metal1,434.1660,150.7390,0.000000
FILLER_35_882,VSS,Metal1,430.8060,150.7390,0.000000
FILLER_35_875,VSS,Metal1,427.4460,150.7390,0.000000
FILLER_35_868,VSS,Metal1,424.0860,150.7390,0.000000
FILLER_35_861,VSS,Metal1,420.7260,150.7390,0.000000
FILLER_35_854,VSS,Metal1,417.3660,150.7390,0.000000
FILLER_35_847,VSS,Metal1,414.0060,150.7390,0.000000
FILLER_35_840,VSS,Metal1,410.6460,150.7390,0.000000
FILLER_35_833,VSS,Metal1,407.2860,150.7390,0.000000
FILLER_35_826,VSS,Metal1,403.9260,150.7390,0.000000
FILLER_35_819,VSS,Metal1,400.5660,150.7390,0.000000
FILLER_35_812,VSS,Metal1,397.2060,150.7390,0.000000
FILLER_35_805,VSS,Metal1,393.8460,150.7390,0.000000
FILLER_35_798,VSS,Metal1,390.4860,150.7390,0.000000
FILLER_35_791,VSS,Metal1,387.1260,150.7390,0.000000
FILLER_35_784,VSS,Metal1,383.7660,150.7390,0.000000
FILLER_35_777,VSS,Metal1,380.4060,150.7390,0.000000
FILLER_35_770,VSS,Metal1,377.0460,150.7390,0.000000
FILLER_35_763,VSS,Metal1,373.6860,150.7390,0.000000
FILLER_35_756,VSS,Metal1,370.3260,150.7390,0.000000
FILLER_35_749,VSS,Metal1,366.9660,150.7390,0.000000
FILLER_35_742,VSS,Metal1,363.6060,150.7390,0.000000
FILLER_35_735,VSS,Metal1,360.2460,150.7390,0.000000
FILLER_35_728,VSS,Metal1,356.8860,150.7390,0.000000
FILLER_35_721,VSS,Metal1,353.5260,150.7390,0.000000
FILLER_35_714,VSS,Metal1,350.1660,150.7390,0.000000
FILLER_35_707,VSS,Metal1,346.8060,150.7390,0.000000
FILLER_35_700,VSS,Metal1,343.4460,150.7390,0.000000
FILLER_35_693,VSS,Metal1,340.0860,150.7390,0.000000
FILLER_35_686,VSS,Metal1,336.7260,150.7390,0.000000
FILLER_35_679,VSS,Metal1,333.3660,150.7390,0.000000
FILLER_35_672,VSS,Metal1,330.0060,150.7390,0.000000
FILLER_35_665,VSS,Metal1,326.6460,150.7390,0.000000
FILLER_35_658,VSS,Metal1,323.2860,150.7390,0.000000
FILLER_35_651,VSS,Metal1,319.9260,150.7390,0.000000
FILLER_35_644,VSS,Metal1,316.5660,150.7390,0.000000
FILLER_35_637,VSS,Metal1,313.2060,150.7390,0.000000
FILLER_35_630,VSS,Metal1,309.8460,150.7390,0.000000
FILLER_35_623,VSS,Metal1,306.4860,150.7390,0.000000
FILLER_35_616,VSS,Metal1,303.1260,150.7390,0.000000
FILLER_35_609,VSS,Metal1,299.7660,150.7390,0.000000
FILLER_35_602,VSS,Metal1,296.4060,150.7390,0.000000
FILLER_35_595,VSS,Metal1,293.0460,150.7390,0.000000
FILLER_35_588,VSS,Metal1,289.6860,150.7390,0.000000
FILLER_35_581,VSS,Metal1,286.3260,150.7390,0.000000
FILLER_35_574,VSS,Metal1,282.9660,150.7390,0.000000
FILLER_35_567,VSS,Metal1,279.6060,150.7390,0.000000
FILLER_35_560,VSS,Metal1,276.2460,150.7390,0.000000
FILLER_35_553,VSS,Metal1,272.8860,150.7390,0.000000
FILLER_35_546,VSS,Metal1,269.5260,150.7390,0.000000
FILLER_35_539,VSS,Metal1,266.1660,150.7390,0.000000
FILLER_35_532,VSS,Metal1,262.8060,150.7390,0.000000
FILLER_35_525,VSS,Metal1,259.4460,150.7390,0.000000
FILLER_35_518,VSS,Metal1,256.0860,150.7390,0.000000
FILLER_35_511,VSS,Metal1,252.7260,150.7390,0.000000
FILLER_35_504,VSS,Metal1,249.3660,150.7390,0.000000
FILLER_35_497,VSS,Metal1,246.0060,150.7390,0.000000
FILLER_35_490,VSS,Metal1,242.6460,150.7390,0.000000
FILLER_35_483,VSS,Metal1,239.2860,150.7390,0.000000
FILLER_35_476,VSS,Metal1,235.9260,150.7390,0.000000
FILLER_35_469,VSS,Metal1,232.5660,150.7390,0.000000
FILLER_35_462,VSS,Metal1,229.2060,150.7390,0.000000
FILLER_35_455,VSS,Metal1,225.8460,150.7390,0.000000
FILLER_35_448,VSS,Metal1,222.4860,150.7390,0.000000
FILLER_35_441,VSS,Metal1,219.1260,150.7390,0.000000
FILLER_35_434,VSS,Metal1,215.7660,150.7390,0.000000
FILLER_35_427,VSS,Metal1,212.4060,150.7390,0.000000
FILLER_35_420,VSS,Metal1,209.0460,150.7390,0.000000
FILLER_35_413,VSS,Metal1,205.6860,150.7390,0.000000
FILLER_35_406,VSS,Metal1,202.3260,150.7390,0.000000
FILLER_35_399,VSS,Metal1,198.9660,150.7390,0.000000
FILLER_35_392,VSS,Metal1,195.6060,150.7390,0.000000
FILLER_35_385,VSS,Metal1,192.2460,150.7390,0.000000
FILLER_35_378,VSS,Metal1,188.8860,150.7390,0.000000
FILLER_35_371,VSS,Metal1,185.5260,150.7390,0.000000
FILLER_35_364,VSS,Metal1,182.1660,150.7390,0.000000
FILLER_35_357,VSS,Metal1,178.8060,150.7390,0.000000
FILLER_35_350,VSS,Metal1,175.4460,150.7390,0.000000
FILLER_35_343,VSS,Metal1,172.0860,150.7390,0.000000
FILLER_35_336,VSS,Metal1,168.7260,150.7390,0.000000
FILLER_35_329,VSS,Metal1,165.3660,150.7390,0.000000
FILLER_35_322,VSS,Metal1,162.0060,150.7390,0.000000
FILLER_35_315,VSS,Metal1,158.6460,150.7390,0.000000
FILLER_35_308,VSS,Metal1,155.2860,150.7390,0.000000
FILLER_35_301,VSS,Metal1,151.9260,150.7390,0.000000
FILLER_35_294,VSS,Metal1,148.5660,150.7390,0.000000
FILLER_35_287,VSS,Metal1,145.2060,150.7390,0.000000
FILLER_35_280,VSS,Metal1,141.8460,150.7390,0.000000
FILLER_35_273,VSS,Metal1,138.4860,150.7390,0.000000
FILLER_35_266,VSS,Metal1,135.1260,150.7390,0.000000
FILLER_35_259,VSS,Metal1,131.7660,150.7390,0.000000
FILLER_35_252,VSS,Metal1,128.4060,150.7390,0.000000
FILLER_35_245,VSS,Metal1,125.0460,150.7390,0.000000
FILLER_35_238,VSS,Metal1,121.6860,150.7390,0.000000
FILLER_35_231,VSS,Metal1,118.3260,150.7390,0.000000
FILLER_35_224,VSS,Metal1,114.9660,150.7390,0.000000
FILLER_35_217,VSS,Metal1,111.6060,150.7390,0.000000
FILLER_35_210,VSS,Metal1,108.2460,150.7390,0.000000
FILLER_35_203,VSS,Metal1,104.8860,150.7390,0.000000
FILLER_35_196,VSS,Metal1,101.5260,150.7390,0.000000
FILLER_35_189,VSS,Metal1,98.1660,150.7390,0.000000
FILLER_35_182,VSS,Metal1,94.8060,150.7390,0.000000
FILLER_35_175,VSS,Metal1,91.4460,150.7390,0.000000
FILLER_35_168,VSS,Metal1,88.0860,150.7390,0.000000
FILLER_35_161,VSS,Metal1,84.7260,150.7390,0.000000
FILLER_35_154,VSS,Metal1,81.3660,150.7390,0.000000
FILLER_35_147,VSS,Metal1,78.0060,150.7390,0.000000
FILLER_35_140,VSS,Metal1,74.6460,150.7390,0.000000
FILLER_35_133,VSS,Metal1,71.2860,150.7390,0.000000
FILLER_35_126,VSS,Metal1,67.9260,150.7390,0.000000
FILLER_35_119,VSS,Metal1,64.5660,150.7390,0.000000
FILLER_35_112,VSS,Metal1,61.2060,150.7390,0.000000
FILLER_35_105,VSS,Metal1,57.8460,150.7390,0.000000
FILLER_35_98,VSS,Metal1,54.4860,150.7390,0.000000
FILLER_35_91,VSS,Metal1,51.1260,150.7390,0.000000
FILLER_35_84,VSS,Metal1,47.7660,150.7390,0.000000
FILLER_35_77,VSS,Metal1,44.4060,150.7390,0.000000
FILLER_35_70,VSS,Metal1,41.0460,150.7390,0.000000
FILLER_35_63,VSS,Metal1,37.6860,150.7390,0.000000
FILLER_35_56,VSS,Metal1,34.3260,150.7390,0.000000
FILLER_35_49,VSS,Metal1,30.9660,150.7390,0.000000
FILLER_35_42,VSS,Metal1,27.6060,150.7390,0.000000
FILLER_35_35,VSS,Metal1,24.2460,150.7390,0.000000
FILLER_35_28,VSS,Metal1,20.8860,150.7390,0.000000
FILLER_35_21,VSS,Metal1,17.5260,150.7390,0.000000
FILLER_35_14,VSS,Metal1,14.1660,150.7390,0.000000
FILLER_35_7,VSS,Metal1,10.8060,150.7390,0.000000
FILLER_35_0,VSS,Metal1,7.4460,150.7390,0.000000
FILLER_34_1099,VSS,Metal1,533.7600,143.6400,0.000000
FILLER_34_1092,VSS,Metal1,531.6060,144.1000,0.000000
FILLER_34_1085,VSS,Metal1,528.2460,144.1000,0.000000
FILLER_34_1078,VSS,Metal1,524.8860,144.1000,0.000000
FILLER_34_1071,VSS,Metal1,521.5260,144.1000,0.000000
FILLER_34_1064,VSS,Metal1,518.1660,144.1000,0.000000
FILLER_34_1057,VSS,Metal1,514.8060,144.1000,0.000000
FILLER_34_1050,VSS,Metal1,511.4460,144.1000,0.000000
FILLER_34_1043,VSS,Metal1,508.0860,144.1000,0.000000
FILLER_34_1036,VSS,Metal1,504.7260,144.1000,0.000000
FILLER_34_1029,VSS,Metal1,501.3660,144.1000,0.000000
FILLER_34_1022,VSS,Metal1,498.0060,144.1000,0.000000
FILLER_34_1015,VSS,Metal1,494.6460,144.1000,0.000000
FILLER_34_1008,VSS,Metal1,491.2860,144.1000,0.000000
FILLER_34_1001,VSS,Metal1,487.9260,144.1000,0.000000
FILLER_34_994,VSS,Metal1,484.5660,144.1000,0.000000
FILLER_34_987,VSS,Metal1,481.2060,144.1000,0.000000
FILLER_34_980,VSS,Metal1,477.8460,144.1000,0.000000
FILLER_34_973,VSS,Metal1,474.4860,144.1000,0.000000
FILLER_34_966,VSS,Metal1,471.1260,144.1000,0.000000
FILLER_34_959,VSS,Metal1,467.7660,144.1000,0.000000
FILLER_34_952,VSS,Metal1,464.4060,144.1000,0.000000
FILLER_34_945,VSS,Metal1,461.0460,144.1000,0.000000
FILLER_34_938,VSS,Metal1,457.6860,144.1000,0.000000
FILLER_34_931,VSS,Metal1,454.3260,144.1000,0.000000
FILLER_34_924,VSS,Metal1,450.9660,144.1000,0.000000
FILLER_34_917,VSS,Metal1,447.6060,144.1000,0.000000
FILLER_34_910,VSS,Metal1,444.2460,144.1000,0.000000
FILLER_34_903,VSS,Metal1,440.8860,144.1000,0.000000
FILLER_34_896,VSS,Metal1,437.5260,144.1000,0.000000
FILLER_34_889,VSS,Metal1,434.1660,144.1000,0.000000
FILLER_34_882,VSS,Metal1,430.8060,144.1000,0.000000
FILLER_34_875,VSS,Metal1,427.4460,144.1000,0.000000
FILLER_34_868,VSS,Metal1,424.0860,144.1000,0.000000
FILLER_34_861,VSS,Metal1,420.7260,144.1000,0.000000
FILLER_34_854,VSS,Metal1,417.3660,144.1000,0.000000
FILLER_34_847,VSS,Metal1,414.0060,144.1000,0.000000
FILLER_34_840,VSS,Metal1,410.6460,144.1000,0.000000
FILLER_34_833,VSS,Metal1,407.2860,144.1000,0.000000
FILLER_34_826,VSS,Metal1,403.9260,144.1000,0.000000
FILLER_34_819,VSS,Metal1,400.5660,144.1000,0.000000
FILLER_34_812,VSS,Metal1,397.2060,144.1000,0.000000
FILLER_34_805,VSS,Metal1,393.8460,144.1000,0.000000
FILLER_34_798,VSS,Metal1,390.4860,144.1000,0.000000
FILLER_34_791,VSS,Metal1,387.1260,144.1000,0.000000
FILLER_34_784,VSS,Metal1,383.7660,144.1000,0.000000
FILLER_34_777,VSS,Metal1,380.4060,144.1000,0.000000
FILLER_34_770,VSS,Metal1,377.0460,144.1000,0.000000
FILLER_34_763,VSS,Metal1,373.6860,144.1000,0.000000
FILLER_34_756,VSS,Metal1,370.3260,144.1000,0.000000
FILLER_34_749,VSS,Metal1,366.9660,144.1000,0.000000
FILLER_34_742,VSS,Metal1,363.6060,144.1000,0.000000
FILLER_34_735,VSS,Metal1,360.2460,144.1000,0.000000
FILLER_34_728,VSS,Metal1,356.8860,144.1000,0.000000
FILLER_34_721,VSS,Metal1,353.5260,144.1000,0.000000
FILLER_34_714,VSS,Metal1,350.1660,144.1000,0.000000
FILLER_34_707,VSS,Metal1,346.8060,144.1000,0.000000
FILLER_34_700,VSS,Metal1,343.4460,144.1000,0.000000
FILLER_34_693,VSS,Metal1,340.0860,144.1000,0.000000
FILLER_34_686,VSS,Metal1,336.7260,144.1000,0.000000
FILLER_34_679,VSS,Metal1,333.3660,144.1000,0.000000
FILLER_34_672,VSS,Metal1,330.0060,144.1000,0.000000
FILLER_34_665,VSS,Metal1,326.6460,144.1000,0.000000
FILLER_34_658,VSS,Metal1,323.2860,144.1000,0.000000
FILLER_34_651,VSS,Metal1,319.9260,144.1000,0.000000
FILLER_34_644,VSS,Metal1,316.5660,144.1000,0.000000
FILLER_34_637,VSS,Metal1,313.2060,144.1000,0.000000
FILLER_34_630,VSS,Metal1,309.8460,144.1000,0.000000
FILLER_34_623,VSS,Metal1,306.4860,144.1000,0.000000
FILLER_34_616,VSS,Metal1,303.1260,144.1000,0.000000
FILLER_34_609,VSS,Metal1,299.7660,144.1000,0.000000
FILLER_34_602,VSS,Metal1,296.4060,144.1000,0.000000
FILLER_34_595,VSS,Metal1,293.0460,144.1000,0.000000
FILLER_34_588,VSS,Metal1,289.6860,144.1000,0.000000
FILLER_34_581,VSS,Metal1,286.3260,144.1000,0.000000
FILLER_34_574,VSS,Metal1,282.9660,144.1000,0.000000
FILLER_34_567,VSS,Metal1,279.6060,144.1000,0.000000
FILLER_34_560,VSS,Metal1,276.2460,144.1000,0.000000
FILLER_34_553,VSS,Metal1,272.8860,144.1000,0.000000
FILLER_34_546,VSS,Metal1,269.5260,144.1000,0.000000
FILLER_34_539,VSS,Metal1,266.1660,144.1000,0.000000
FILLER_34_532,VSS,Metal1,262.8060,144.1000,0.000000
FILLER_34_525,VSS,Metal1,259.4460,144.1000,0.000000
FILLER_34_518,VSS,Metal1,256.0860,144.1000,0.000000
FILLER_34_511,VSS,Metal1,252.7260,144.1000,0.000000
FILLER_34_504,VSS,Metal1,249.3660,144.1000,0.000000
FILLER_34_497,VSS,Metal1,246.0060,144.1000,0.000000
FILLER_34_490,VSS,Metal1,242.6460,144.1000,0.000000
FILLER_34_483,VSS,Metal1,239.2860,144.1000,0.000000
FILLER_34_476,VSS,Metal1,235.9260,144.1000,0.000000
FILLER_34_469,VSS,Metal1,232.5660,144.1000,0.000000
FILLER_34_462,VSS,Metal1,229.2060,144.1000,0.000000
FILLER_34_455,VSS,Metal1,225.8460,144.1000,0.000000
FILLER_34_448,VSS,Metal1,222.4860,144.1000,0.000000
FILLER_34_441,VSS,Metal1,219.1260,144.1000,0.000000
FILLER_34_434,VSS,Metal1,215.7660,144.1000,0.000000
FILLER_34_427,VSS,Metal1,212.4060,144.1000,0.000000
FILLER_34_420,VSS,Metal1,209.0460,144.1000,0.000000
FILLER_34_413,VSS,Metal1,205.6860,144.1000,0.000000
FILLER_34_406,VSS,Metal1,202.3260,144.1000,0.000000
FILLER_34_399,VSS,Metal1,198.9660,144.1000,0.000000
FILLER_34_392,VSS,Metal1,195.6060,144.1000,0.000000
FILLER_34_385,VSS,Metal1,192.2460,144.1000,0.000000
FILLER_34_378,VSS,Metal1,188.8860,144.1000,0.000000
FILLER_34_371,VSS,Metal1,185.5260,144.1000,0.000000
FILLER_34_364,VSS,Metal1,182.1660,144.1000,0.000000
FILLER_34_357,VSS,Metal1,178.8060,144.1000,0.000000
FILLER_34_350,VSS,Metal1,175.4460,144.1000,0.000000
FILLER_34_343,VSS,Metal1,172.0860,144.1000,0.000000
FILLER_34_336,VSS,Metal1,168.7260,144.1000,0.000000
FILLER_34_329,VSS,Metal1,165.3660,144.1000,0.000000
FILLER_34_322,VSS,Metal1,162.0060,144.1000,0.000000
FILLER_34_315,VSS,Metal1,158.6460,144.1000,0.000000
FILLER_34_308,VSS,Metal1,155.2860,144.1000,0.000000
FILLER_34_301,VSS,Metal1,151.9260,144.1000,0.000000
FILLER_34_294,VSS,Metal1,148.5660,144.1000,0.000000
FILLER_34_287,VSS,Metal1,145.2060,144.1000,0.000000
FILLER_34_280,VSS,Metal1,141.8460,144.1000,0.000000
FILLER_34_273,VSS,Metal1,138.4860,144.1000,0.000000
FILLER_34_266,VSS,Metal1,135.1260,144.1000,0.000000
FILLER_34_259,VSS,Metal1,131.7660,144.1000,0.000000
FILLER_34_252,VSS,Metal1,128.4060,144.1000,0.000000
FILLER_34_245,VSS,Metal1,125.0460,144.1000,0.000000
FILLER_34_238,VSS,Metal1,121.6860,144.1000,0.000000
FILLER_34_231,VSS,Metal1,118.3260,144.1000,0.000000
FILLER_34_224,VSS,Metal1,114.9660,144.1000,0.000000
FILLER_34_217,VSS,Metal1,111.6060,144.1000,0.000000
FILLER_34_210,VSS,Metal1,108.2460,144.1000,0.000000
FILLER_34_203,VSS,Metal1,104.8860,144.1000,0.000000
FILLER_34_196,VSS,Metal1,101.5260,144.1000,0.000000
FILLER_34_189,VSS,Metal1,98.1660,144.1000,0.000000
FILLER_34_182,VSS,Metal1,94.8060,144.1000,0.000000
FILLER_34_175,VSS,Metal1,91.4460,144.1000,0.000000
FILLER_34_168,VSS,Metal1,88.0860,144.1000,0.000000
FILLER_34_161,VSS,Metal1,84.7260,144.1000,0.000000
FILLER_34_154,VSS,Metal1,81.3660,144.1000,0.000000
FILLER_34_147,VSS,Metal1,78.0060,144.1000,0.000000
FILLER_34_140,VSS,Metal1,74.6460,144.1000,0.000000
FILLER_34_133,VSS,Metal1,71.2860,144.1000,0.000000
FILLER_34_126,VSS,Metal1,67.9260,144.1000,0.000000
FILLER_34_119,VSS,Metal1,64.5660,144.1000,0.000000
FILLER_34_112,VSS,Metal1,61.2060,144.1000,0.000000
FILLER_34_105,VSS,Metal1,57.8460,144.1000,0.000000
FILLER_34_98,VSS,Metal1,54.4860,144.1000,0.000000
FILLER_34_91,VSS,Metal1,51.1260,144.1000,0.000000
FILLER_34_84,VSS,Metal1,47.7660,144.1000,0.000000
FILLER_34_77,VSS,Metal1,44.4060,144.1000,0.000000
FILLER_34_70,VSS,Metal1,41.0460,144.1000,0.000000
FILLER_34_63,VSS,Metal1,37.6860,144.1000,0.000000
FILLER_34_56,VSS,Metal1,34.3260,144.1000,0.000000
FILLER_34_49,VSS,Metal1,30.9660,144.1000,0.000000
FILLER_34_42,VSS,Metal1,27.6060,144.1000,0.000000
FILLER_34_35,VSS,Metal1,24.2460,144.1000,0.000000
FILLER_34_28,VSS,Metal1,20.8860,144.1000,0.000000
FILLER_34_21,VSS,Metal1,17.5260,144.1000,0.000000
FILLER_34_14,VSS,Metal1,14.1660,144.1000,0.000000
FILLER_34_7,VSS,Metal1,10.8060,144.1000,0.000000
FILLER_34_0,VSS,Metal1,7.4460,144.1000,0.000000
FILLER_33_1099,VSS,Metal1,533.7600,143.6400,0.000000
FILLER_33_1092,VSS,Metal1,531.6060,143.1790,0.000000
FILLER_33_1085,VSS,Metal1,528.2460,143.1790,0.000000
FILLER_33_1078,VSS,Metal1,524.8860,143.1790,0.000000
FILLER_33_1071,VSS,Metal1,521.5260,143.1790,0.000000
FILLER_33_1064,VSS,Metal1,518.1660,143.1790,0.000000
FILLER_33_1057,VSS,Metal1,514.8060,143.1790,0.000000
FILLER_33_1050,VSS,Metal1,511.4460,143.1790,0.000000
FILLER_33_1043,VSS,Metal1,508.0860,143.1790,0.000000
FILLER_33_1036,VSS,Metal1,504.7260,143.1790,0.000000
FILLER_33_1029,VSS,Metal1,501.3660,143.1790,0.000000
FILLER_33_1022,VSS,Metal1,498.0060,143.1790,0.000000
FILLER_33_1015,VSS,Metal1,494.6460,143.1790,0.000000
FILLER_33_1008,VSS,Metal1,491.2860,143.1790,0.000000
FILLER_33_1001,VSS,Metal1,487.9260,143.1790,0.000000
FILLER_33_994,VSS,Metal1,484.5660,143.1790,0.000000
FILLER_33_987,VSS,Metal1,481.2060,143.1790,0.000000
FILLER_33_980,VSS,Metal1,477.8460,143.1790,0.000000
FILLER_33_973,VSS,Metal1,474.4860,143.1790,0.000000
FILLER_33_966,VSS,Metal1,471.1260,143.1790,0.000000
FILLER_33_959,VSS,Metal1,467.7660,143.1790,0.000000
FILLER_33_952,VSS,Metal1,464.4060,143.1790,0.000000
FILLER_33_945,VSS,Metal1,461.0460,143.1790,0.000000
FILLER_33_938,VSS,Metal1,457.6860,143.1790,0.000000
FILLER_33_931,VSS,Metal1,454.3260,143.1790,0.000000
FILLER_33_924,VSS,Metal1,450.9660,143.1790,0.000000
FILLER_33_917,VSS,Metal1,447.6060,143.1790,0.000000
FILLER_33_910,VSS,Metal1,444.2460,143.1790,0.000000
FILLER_33_903,VSS,Metal1,440.8860,143.1790,0.000000
FILLER_33_896,VSS,Metal1,437.5260,143.1790,0.000000
FILLER_33_889,VSS,Metal1,434.1660,143.1790,0.000000
FILLER_33_882,VSS,Metal1,430.8060,143.1790,0.000000
FILLER_33_875,VSS,Metal1,427.4460,143.1790,0.000000
FILLER_33_868,VSS,Metal1,424.0860,143.1790,0.000000
FILLER_33_861,VSS,Metal1,420.7260,143.1790,0.000000
FILLER_33_854,VSS,Metal1,417.3660,143.1790,0.000000
FILLER_33_847,VSS,Metal1,414.0060,143.1790,0.000000
FILLER_33_840,VSS,Metal1,410.6460,143.1790,0.000000
FILLER_33_833,VSS,Metal1,407.2860,143.1790,0.000000
FILLER_33_826,VSS,Metal1,403.9260,143.1790,0.000000
FILLER_33_819,VSS,Metal1,400.5660,143.1790,0.000000
FILLER_33_812,VSS,Metal1,397.2060,143.1790,0.000000
FILLER_33_805,VSS,Metal1,393.8460,143.1790,0.000000
FILLER_33_798,VSS,Metal1,390.4860,143.1790,0.000000
FILLER_33_791,VSS,Metal1,387.1260,143.1790,0.000000
FILLER_33_784,VSS,Metal1,383.7660,143.1790,0.000000
FILLER_33_777,VSS,Metal1,380.4060,143.1790,0.000000
FILLER_33_770,VSS,Metal1,377.0460,143.1790,0.000000
FILLER_33_763,VSS,Metal1,373.6860,143.1790,0.000000
FILLER_33_756,VSS,Metal1,370.3260,143.1790,0.000000
FILLER_33_749,VSS,Metal1,366.9660,143.1790,0.000000
FILLER_33_742,VSS,Metal1,363.6060,143.1790,0.000000
FILLER_33_735,VSS,Metal1,360.2460,143.1790,0.000000
FILLER_33_728,VSS,Metal1,356.8860,143.1790,0.000000
FILLER_33_721,VSS,Metal1,353.5260,143.1790,0.000000
FILLER_33_714,VSS,Metal1,350.1660,143.1790,0.000000
FILLER_33_707,VSS,Metal1,346.8060,143.1790,0.000000
FILLER_33_700,VSS,Metal1,343.4460,143.1790,0.000000
FILLER_33_693,VSS,Metal1,340.0860,143.1790,0.000000
FILLER_33_686,VSS,Metal1,336.7260,143.1790,0.000000
FILLER_33_679,VSS,Metal1,333.3660,143.1790,0.000000
FILLER_33_672,VSS,Metal1,330.0060,143.1790,0.000000
FILLER_33_665,VSS,Metal1,326.6460,143.1790,0.000000
FILLER_33_658,VSS,Metal1,323.2860,143.1790,0.000000
FILLER_33_651,VSS,Metal1,319.9260,143.1790,0.000000
FILLER_33_644,VSS,Metal1,316.5660,143.1790,0.000000
FILLER_33_637,VSS,Metal1,313.2060,143.1790,0.000000
FILLER_33_630,VSS,Metal1,309.8460,143.1790,0.000000
FILLER_33_623,VSS,Metal1,306.4860,143.1790,0.000000
FILLER_33_616,VSS,Metal1,303.1260,143.1790,0.000000
FILLER_33_609,VSS,Metal1,299.7660,143.1790,0.000000
FILLER_33_602,VSS,Metal1,296.4060,143.1790,0.000000
FILLER_33_595,VSS,Metal1,293.0460,143.1790,0.000000
FILLER_33_588,VSS,Metal1,289.6860,143.1790,0.000000
FILLER_33_581,VSS,Metal1,286.3260,143.1790,0.000000
FILLER_33_574,VSS,Metal1,282.9660,143.1790,0.000000
FILLER_33_567,VSS,Metal1,279.6060,143.1790,0.000000
FILLER_33_560,VSS,Metal1,276.2460,143.1790,0.000000
FILLER_33_553,VSS,Metal1,272.8860,143.1790,0.000000
FILLER_33_546,VSS,Metal1,269.5260,143.1790,0.000000
FILLER_33_539,VSS,Metal1,266.1660,143.1790,0.000000
FILLER_33_532,VSS,Metal1,262.8060,143.1790,0.000000
FILLER_33_525,VSS,Metal1,259.4460,143.1790,0.000000
FILLER_33_518,VSS,Metal1,256.0860,143.1790,0.000000
FILLER_33_511,VSS,Metal1,252.7260,143.1790,0.000000
FILLER_33_504,VSS,Metal1,249.3660,143.1790,0.000000
FILLER_33_497,VSS,Metal1,246.0060,143.1790,0.000000
FILLER_33_490,VSS,Metal1,242.6460,143.1790,0.000000
FILLER_33_483,VSS,Metal1,239.2860,143.1790,0.000000
FILLER_33_476,VSS,Metal1,235.9260,143.1790,0.000000
FILLER_33_469,VSS,Metal1,232.5660,143.1790,0.000000
FILLER_33_462,VSS,Metal1,229.2060,143.1790,0.000000
FILLER_33_455,VSS,Metal1,225.8460,143.1790,0.000000
FILLER_33_448,VSS,Metal1,222.4860,143.1790,0.000000
FILLER_33_441,VSS,Metal1,219.1260,143.1790,0.000000
FILLER_33_434,VSS,Metal1,215.7660,143.1790,0.000000
FILLER_33_427,VSS,Metal1,212.4060,143.1790,0.000000
FILLER_33_420,VSS,Metal1,209.0460,143.1790,0.000000
FILLER_33_413,VSS,Metal1,205.6860,143.1790,0.000000
FILLER_33_406,VSS,Metal1,202.3260,143.1790,0.000000
FILLER_33_399,VSS,Metal1,198.9660,143.1790,0.000000
FILLER_33_392,VSS,Metal1,195.6060,143.1790,0.000000
FILLER_33_385,VSS,Metal1,192.2460,143.1790,0.000000
FILLER_33_378,VSS,Metal1,188.8860,143.1790,0.000000
FILLER_33_371,VSS,Metal1,185.5260,143.1790,0.000000
FILLER_33_364,VSS,Metal1,182.1660,143.1790,0.000000
FILLER_33_357,VSS,Metal1,178.8060,143.1790,0.000000
FILLER_33_350,VSS,Metal1,175.4460,143.1790,0.000000
FILLER_33_343,VSS,Metal1,172.0860,143.1790,0.000000
FILLER_33_336,VSS,Metal1,168.7260,143.1790,0.000000
FILLER_33_329,VSS,Metal1,165.3660,143.1790,0.000000
FILLER_33_322,VSS,Metal1,162.0060,143.1790,0.000000
FILLER_33_315,VSS,Metal1,158.6460,143.1790,0.000000
FILLER_33_308,VSS,Metal1,155.2860,143.1790,0.000000
FILLER_33_301,VSS,Metal1,151.9260,143.1790,0.000000
FILLER_33_294,VSS,Metal1,148.5660,143.1790,0.000000
FILLER_33_287,VSS,Metal1,145.2060,143.1790,0.000000
FILLER_33_280,VSS,Metal1,141.8460,143.1790,0.000000
FILLER_33_273,VSS,Metal1,138.4860,143.1790,0.000000
FILLER_33_266,VSS,Metal1,135.1260,143.1790,0.000000
FILLER_33_259,VSS,Metal1,131.7660,143.1790,0.000000
FILLER_33_252,VSS,Metal1,128.4060,143.1790,0.000000
FILLER_33_245,VSS,Metal1,125.0460,143.1790,0.000000
FILLER_33_238,VSS,Metal1,121.6860,143.1790,0.000000
FILLER_33_231,VSS,Metal1,118.3260,143.1790,0.000000
FILLER_33_224,VSS,Metal1,114.9660,143.1790,0.000000
FILLER_33_217,VSS,Metal1,111.6060,143.1790,0.000000
FILLER_33_210,VSS,Metal1,108.2460,143.1790,0.000000
FILLER_33_203,VSS,Metal1,104.8860,143.1790,0.000000
FILLER_33_196,VSS,Metal1,101.5260,143.1790,0.000000
FILLER_33_189,VSS,Metal1,98.1660,143.1790,0.000000
FILLER_33_182,VSS,Metal1,94.8060,143.1790,0.000000
FILLER_33_175,VSS,Metal1,91.4460,143.1790,0.000000
FILLER_33_168,VSS,Metal1,88.0860,143.1790,0.000000
FILLER_33_161,VSS,Metal1,84.7260,143.1790,0.000000
FILLER_33_154,VSS,Metal1,81.3660,143.1790,0.000000
FILLER_33_147,VSS,Metal1,78.0060,143.1790,0.000000
FILLER_33_140,VSS,Metal1,74.6460,143.1790,0.000000
FILLER_33_133,VSS,Metal1,71.2860,143.1790,0.000000
FILLER_33_126,VSS,Metal1,67.9260,143.1790,0.000000
FILLER_33_119,VSS,Metal1,64.5660,143.1790,0.000000
FILLER_33_112,VSS,Metal1,61.2060,143.1790,0.000000
FILLER_33_105,VSS,Metal1,57.8460,143.1790,0.000000
FILLER_33_98,VSS,Metal1,54.4860,143.1790,0.000000
FILLER_33_91,VSS,Metal1,51.1260,143.1790,0.000000
FILLER_33_84,VSS,Metal1,47.7660,143.1790,0.000000
FILLER_33_77,VSS,Metal1,44.4060,143.1790,0.000000
FILLER_33_70,VSS,Metal1,41.0460,143.1790,0.000000
FILLER_33_63,VSS,Metal1,37.6860,143.1790,0.000000
FILLER_33_56,VSS,Metal1,34.3260,143.1790,0.000000
FILLER_33_49,VSS,Metal1,30.9660,143.1790,0.000000
FILLER_33_42,VSS,Metal1,27.6060,143.1790,0.000000
FILLER_33_35,VSS,Metal1,24.2460,143.1790,0.000000
FILLER_33_28,VSS,Metal1,20.8860,143.1790,0.000000
FILLER_33_21,VSS,Metal1,17.5260,143.1790,0.000000
FILLER_33_14,VSS,Metal1,14.1660,143.1790,0.000000
FILLER_33_7,VSS,Metal1,10.8060,143.1790,0.000000
FILLER_33_0,VSS,Metal1,7.4460,143.1790,0.000000
FILLER_32_1099,VSS,Metal1,533.7600,136.0800,0.000000
FILLER_32_1092,VSS,Metal1,531.6060,136.5400,0.000000
FILLER_32_1085,VSS,Metal1,528.2460,136.5400,0.000000
FILLER_32_1078,VSS,Metal1,524.8860,136.5400,0.000000
FILLER_32_1071,VSS,Metal1,521.5260,136.5400,0.000000
FILLER_32_1064,VSS,Metal1,518.1660,136.5400,0.000000
FILLER_32_1057,VSS,Metal1,514.8060,136.5400,0.000000
FILLER_32_1050,VSS,Metal1,511.4460,136.5400,0.000000
FILLER_32_1043,VSS,Metal1,508.0860,136.5400,0.000000
FILLER_32_1036,VSS,Metal1,504.7260,136.5400,0.000000
FILLER_32_1029,VSS,Metal1,501.3660,136.5400,0.000000
FILLER_32_1022,VSS,Metal1,498.0060,136.5400,0.000000
FILLER_32_1015,VSS,Metal1,494.6460,136.5400,0.000000
FILLER_32_1008,VSS,Metal1,491.2860,136.5400,0.000000
FILLER_32_1001,VSS,Metal1,487.9260,136.5400,0.000000
FILLER_32_994,VSS,Metal1,484.5660,136.5400,0.000000
FILLER_32_987,VSS,Metal1,481.2060,136.5400,0.000000
FILLER_32_980,VSS,Metal1,477.8460,136.5400,0.000000
FILLER_32_973,VSS,Metal1,474.4860,136.5400,0.000000
FILLER_32_966,VSS,Metal1,471.1260,136.5400,0.000000
FILLER_32_959,VSS,Metal1,467.7660,136.5400,0.000000
FILLER_32_952,VSS,Metal1,464.4060,136.5400,0.000000
FILLER_32_945,VSS,Metal1,461.0460,136.5400,0.000000
FILLER_32_938,VSS,Metal1,457.6860,136.5400,0.000000
FILLER_32_931,VSS,Metal1,454.3260,136.5400,0.000000
FILLER_32_924,VSS,Metal1,450.9660,136.5400,0.000000
FILLER_32_917,VSS,Metal1,447.6060,136.5400,0.000000
FILLER_32_910,VSS,Metal1,444.2460,136.5400,0.000000
FILLER_32_903,VSS,Metal1,440.8860,136.5400,0.000000
FILLER_32_896,VSS,Metal1,437.5260,136.5400,0.000000
FILLER_32_889,VSS,Metal1,434.1660,136.5400,0.000000
FILLER_32_882,VSS,Metal1,430.8060,136.5400,0.000000
FILLER_32_875,VSS,Metal1,427.4460,136.5400,0.000000
FILLER_32_868,VSS,Metal1,424.0860,136.5400,0.000000
FILLER_32_861,VSS,Metal1,420.7260,136.5400,0.000000
FILLER_32_854,VSS,Metal1,417.3660,136.5400,0.000000
FILLER_32_847,VSS,Metal1,414.0060,136.5400,0.000000
FILLER_32_840,VSS,Metal1,410.6460,136.5400,0.000000
FILLER_32_833,VSS,Metal1,407.2860,136.5400,0.000000
FILLER_32_826,VSS,Metal1,403.9260,136.5400,0.000000
FILLER_32_819,VSS,Metal1,400.5660,136.5400,0.000000
FILLER_32_812,VSS,Metal1,397.2060,136.5400,0.000000
FILLER_32_805,VSS,Metal1,393.8460,136.5400,0.000000
FILLER_32_798,VSS,Metal1,390.4860,136.5400,0.000000
FILLER_32_791,VSS,Metal1,387.1260,136.5400,0.000000
FILLER_32_784,VSS,Metal1,383.7660,136.5400,0.000000
FILLER_32_777,VSS,Metal1,380.4060,136.5400,0.000000
FILLER_32_770,VSS,Metal1,377.0460,136.5400,0.000000
FILLER_32_763,VSS,Metal1,373.6860,136.5400,0.000000
FILLER_32_756,VSS,Metal1,370.3260,136.5400,0.000000
FILLER_32_749,VSS,Metal1,366.9660,136.5400,0.000000
FILLER_32_742,VSS,Metal1,363.6060,136.5400,0.000000
FILLER_32_735,VSS,Metal1,360.2460,136.5400,0.000000
FILLER_32_728,VSS,Metal1,356.8860,136.5400,0.000000
FILLER_32_721,VSS,Metal1,353.5260,136.5400,0.000000
FILLER_32_714,VSS,Metal1,350.1660,136.5400,0.000000
FILLER_32_707,VSS,Metal1,346.8060,136.5400,0.000000
FILLER_32_700,VSS,Metal1,343.4460,136.5400,0.000000
FILLER_32_693,VSS,Metal1,340.0860,136.5400,0.000000
FILLER_32_686,VSS,Metal1,336.7260,136.5400,0.000000
FILLER_32_679,VSS,Metal1,333.3660,136.5400,0.000000
FILLER_32_672,VSS,Metal1,330.0060,136.5400,0.000000
FILLER_32_665,VSS,Metal1,326.6460,136.5400,0.000000
FILLER_32_658,VSS,Metal1,323.2860,136.5400,0.000000
FILLER_32_651,VSS,Metal1,319.9260,136.5400,0.000000
FILLER_32_644,VSS,Metal1,316.5660,136.5400,0.000000
FILLER_32_637,VSS,Metal1,313.2060,136.5400,0.000000
FILLER_32_630,VSS,Metal1,309.8460,136.5400,0.000000
FILLER_32_623,VSS,Metal1,306.4860,136.5400,0.000000
FILLER_32_616,VSS,Metal1,303.1260,136.5400,0.000000
FILLER_32_609,VSS,Metal1,299.7660,136.5400,0.000000
FILLER_32_602,VSS,Metal1,296.4060,136.5400,0.000000
FILLER_32_595,VSS,Metal1,293.0460,136.5400,0.000000
FILLER_32_588,VSS,Metal1,289.6860,136.5400,0.000000
FILLER_32_581,VSS,Metal1,286.3260,136.5400,0.000000
FILLER_32_574,VSS,Metal1,282.9660,136.5400,0.000000
FILLER_32_567,VSS,Metal1,279.6060,136.5400,0.000000
FILLER_32_560,VSS,Metal1,276.2460,136.5400,0.000000
FILLER_32_553,VSS,Metal1,272.8860,136.5400,0.000000
FILLER_32_546,VSS,Metal1,269.5260,136.5400,0.000000
FILLER_32_539,VSS,Metal1,266.1660,136.5400,0.000000
FILLER_32_532,VSS,Metal1,262.8060,136.5400,0.000000
FILLER_32_525,VSS,Metal1,259.4460,136.5400,0.000000
FILLER_32_518,VSS,Metal1,256.0860,136.5400,0.000000
FILLER_32_511,VSS,Metal1,252.7260,136.5400,0.000000
FILLER_32_504,VSS,Metal1,249.3660,136.5400,0.000000
FILLER_32_497,VSS,Metal1,246.0060,136.5400,0.000000
FILLER_32_490,VSS,Metal1,242.6460,136.5400,0.000000
FILLER_32_483,VSS,Metal1,239.2860,136.5400,0.000000
FILLER_32_476,VSS,Metal1,235.9260,136.5400,0.000000
FILLER_32_469,VSS,Metal1,232.5660,136.5400,0.000000
FILLER_32_462,VSS,Metal1,229.2060,136.5400,0.000000
FILLER_32_455,VSS,Metal1,225.8460,136.5400,0.000000
FILLER_32_448,VSS,Metal1,222.4860,136.5400,0.000000
FILLER_32_441,VSS,Metal1,219.1260,136.5400,0.000000
FILLER_32_434,VSS,Metal1,215.7660,136.5400,0.000000
FILLER_32_427,VSS,Metal1,212.4060,136.5400,0.000000
FILLER_32_420,VSS,Metal1,209.0460,136.5400,0.000000
FILLER_32_413,VSS,Metal1,205.6860,136.5400,0.000000
FILLER_32_406,VSS,Metal1,202.3260,136.5400,0.000000
FILLER_32_399,VSS,Metal1,198.9660,136.5400,0.000000
FILLER_32_392,VSS,Metal1,195.6060,136.5400,0.000000
FILLER_32_385,VSS,Metal1,192.2460,136.5400,0.000000
FILLER_32_378,VSS,Metal1,188.8860,136.5400,0.000000
FILLER_32_371,VSS,Metal1,185.5260,136.5400,0.000000
FILLER_32_364,VSS,Metal1,182.1660,136.5400,0.000000
FILLER_32_357,VSS,Metal1,178.8060,136.5400,0.000000
FILLER_32_350,VSS,Metal1,175.4460,136.5400,0.000000
FILLER_32_343,VSS,Metal1,172.0860,136.5400,0.000000
FILLER_32_336,VSS,Metal1,168.7260,136.5400,0.000000
FILLER_32_329,VSS,Metal1,165.3660,136.5400,0.000000
FILLER_32_322,VSS,Metal1,162.0060,136.5400,0.000000
FILLER_32_315,VSS,Metal1,158.6460,136.5400,0.000000
FILLER_32_308,VSS,Metal1,155.2860,136.5400,0.000000
FILLER_32_301,VSS,Metal1,151.9260,136.5400,0.000000
FILLER_32_294,VSS,Metal1,148.5660,136.5400,0.000000
FILLER_32_287,VSS,Metal1,145.2060,136.5400,0.000000
FILLER_32_280,VSS,Metal1,141.8460,136.5400,0.000000
FILLER_32_273,VSS,Metal1,138.4860,136.5400,0.000000
FILLER_32_266,VSS,Metal1,135.1260,136.5400,0.000000
FILLER_32_259,VSS,Metal1,131.7660,136.5400,0.000000
FILLER_32_252,VSS,Metal1,128.4060,136.5400,0.000000
FILLER_32_245,VSS,Metal1,125.0460,136.5400,0.000000
FILLER_32_238,VSS,Metal1,121.6860,136.5400,0.000000
FILLER_32_231,VSS,Metal1,118.3260,136.5400,0.000000
FILLER_32_224,VSS,Metal1,114.9660,136.5400,0.000000
FILLER_32_217,VSS,Metal1,111.6060,136.5400,0.000000
FILLER_32_210,VSS,Metal1,108.2460,136.5400,0.000000
FILLER_32_203,VSS,Metal1,104.8860,136.5400,0.000000
FILLER_32_196,VSS,Metal1,101.5260,136.5400,0.000000
FILLER_32_189,VSS,Metal1,98.1660,136.5400,0.000000
FILLER_32_182,VSS,Metal1,94.8060,136.5400,0.000000
FILLER_32_175,VSS,Metal1,91.4460,136.5400,0.000000
FILLER_32_168,VSS,Metal1,88.0860,136.5400,0.000000
FILLER_32_161,VSS,Metal1,84.7260,136.5400,0.000000
FILLER_32_154,VSS,Metal1,81.3660,136.5400,0.000000
FILLER_32_147,VSS,Metal1,78.0060,136.5400,0.000000
FILLER_32_140,VSS,Metal1,74.6460,136.5400,0.000000
FILLER_32_133,VSS,Metal1,71.2860,136.5400,0.000000
FILLER_32_126,VSS,Metal1,67.9260,136.5400,0.000000
FILLER_32_119,VSS,Metal1,64.5660,136.5400,0.000000
FILLER_32_112,VSS,Metal1,61.2060,136.5400,0.000000
FILLER_32_105,VSS,Metal1,57.8460,136.5400,0.000000
FILLER_32_98,VSS,Metal1,54.4860,136.5400,0.000000
FILLER_32_91,VSS,Metal1,51.1260,136.5400,0.000000
FILLER_32_84,VSS,Metal1,47.7660,136.5400,0.000000
FILLER_32_77,VSS,Metal1,44.4060,136.5400,0.000000
FILLER_32_70,VSS,Metal1,41.0460,136.5400,0.000000
FILLER_32_63,VSS,Metal1,37.6860,136.5400,0.000000
FILLER_32_56,VSS,Metal1,34.3260,136.5400,0.000000
FILLER_32_49,VSS,Metal1,30.9660,136.5400,0.000000
FILLER_32_42,VSS,Metal1,27.6060,136.5400,0.000000
FILLER_32_35,VSS,Metal1,24.2460,136.5400,0.000000
FILLER_32_28,VSS,Metal1,20.8860,136.5400,0.000000
FILLER_32_21,VSS,Metal1,17.5260,136.5400,0.000000
FILLER_32_14,VSS,Metal1,14.1660,136.5400,0.000000
FILLER_32_7,VSS,Metal1,10.8060,136.5400,0.000000
FILLER_32_0,VSS,Metal1,7.4460,136.5400,0.000000
FILLER_31_1099,VSS,Metal1,533.7600,136.0800,0.000000
FILLER_31_1092,VSS,Metal1,531.6060,135.6190,0.000000
FILLER_31_1085,VSS,Metal1,528.2460,135.6190,0.000000
FILLER_31_1078,VSS,Metal1,524.8860,135.6190,0.000000
FILLER_31_1071,VSS,Metal1,521.5260,135.6190,0.000000
FILLER_31_1064,VSS,Metal1,518.1660,135.6190,0.000000
FILLER_31_1057,VSS,Metal1,514.8060,135.6190,0.000000
FILLER_31_1050,VSS,Metal1,511.4460,135.6190,0.000000
FILLER_31_1043,VSS,Metal1,508.0860,135.6190,0.000000
FILLER_31_1036,VSS,Metal1,504.7260,135.6190,0.000000
FILLER_31_1029,VSS,Metal1,501.3660,135.6190,0.000000
FILLER_31_1022,VSS,Metal1,498.0060,135.6190,0.000000
FILLER_31_1015,VSS,Metal1,494.6460,135.6190,0.000000
FILLER_31_1008,VSS,Metal1,491.2860,135.6190,0.000000
FILLER_31_1001,VSS,Metal1,487.9260,135.6190,0.000000
FILLER_31_994,VSS,Metal1,484.5660,135.6190,0.000000
FILLER_31_987,VSS,Metal1,481.2060,135.6190,0.000000
FILLER_31_980,VSS,Metal1,477.8460,135.6190,0.000000
FILLER_31_973,VSS,Metal1,474.4860,135.6190,0.000000
FILLER_31_966,VSS,Metal1,471.1260,135.6190,0.000000
FILLER_31_959,VSS,Metal1,467.7660,135.6190,0.000000
FILLER_31_952,VSS,Metal1,464.4060,135.6190,0.000000
FILLER_31_945,VSS,Metal1,461.0460,135.6190,0.000000
FILLER_31_938,VSS,Metal1,457.6860,135.6190,0.000000
FILLER_31_931,VSS,Metal1,454.3260,135.6190,0.000000
FILLER_31_924,VSS,Metal1,450.9660,135.6190,0.000000
FILLER_31_917,VSS,Metal1,447.6060,135.6190,0.000000
FILLER_31_910,VSS,Metal1,444.2460,135.6190,0.000000
FILLER_31_903,VSS,Metal1,440.8860,135.6190,0.000000
FILLER_31_896,VSS,Metal1,437.5260,135.6190,0.000000
FILLER_31_889,VSS,Metal1,434.1660,135.6190,0.000000
FILLER_31_882,VSS,Metal1,430.8060,135.6190,0.000000
FILLER_31_875,VSS,Metal1,427.4460,135.6190,0.000000
FILLER_31_868,VSS,Metal1,424.0860,135.6190,0.000000
FILLER_31_861,VSS,Metal1,420.7260,135.6190,0.000000
FILLER_31_854,VSS,Metal1,417.3660,135.6190,0.000000
FILLER_31_847,VSS,Metal1,414.0060,135.6190,0.000000
FILLER_31_840,VSS,Metal1,410.6460,135.6190,0.000000
FILLER_31_833,VSS,Metal1,407.2860,135.6190,0.000000
FILLER_31_826,VSS,Metal1,403.9260,135.6190,0.000000
FILLER_31_819,VSS,Metal1,400.5660,135.6190,0.000000
FILLER_31_812,VSS,Metal1,397.2060,135.6190,0.000000
FILLER_31_805,VSS,Metal1,393.8460,135.6190,0.000000
FILLER_31_798,VSS,Metal1,390.4860,135.6190,0.000000
FILLER_31_791,VSS,Metal1,387.1260,135.6190,0.000000
FILLER_31_784,VSS,Metal1,383.7660,135.6190,0.000000
FILLER_31_777,VSS,Metal1,380.4060,135.6190,0.000000
FILLER_31_770,VSS,Metal1,377.0460,135.6190,0.000000
FILLER_31_763,VSS,Metal1,373.6860,135.6190,0.000000
FILLER_31_756,VSS,Metal1,370.3260,135.6190,0.000000
FILLER_31_749,VSS,Metal1,366.9660,135.6190,0.000000
FILLER_31_742,VSS,Metal1,363.6060,135.6190,0.000000
FILLER_31_735,VSS,Metal1,360.2460,135.6190,0.000000
FILLER_31_728,VSS,Metal1,356.8860,135.6190,0.000000
FILLER_31_721,VSS,Metal1,353.5260,135.6190,0.000000
FILLER_31_714,VSS,Metal1,350.1660,135.6190,0.000000
FILLER_31_707,VSS,Metal1,346.8060,135.6190,0.000000
FILLER_31_700,VSS,Metal1,343.4460,135.6190,0.000000
FILLER_31_693,VSS,Metal1,340.0860,135.6190,0.000000
FILLER_31_686,VSS,Metal1,336.7260,135.6190,0.000000
FILLER_31_679,VSS,Metal1,333.3660,135.6190,0.000000
FILLER_31_672,VSS,Metal1,330.0060,135.6190,0.000000
FILLER_31_665,VSS,Metal1,326.6460,135.6190,0.000000
FILLER_31_658,VSS,Metal1,323.2860,135.6190,0.000000
FILLER_31_651,VSS,Metal1,319.9260,135.6190,0.000000
FILLER_31_644,VSS,Metal1,316.5660,135.6190,0.000000
FILLER_31_637,VSS,Metal1,313.2060,135.6190,0.000000
FILLER_31_630,VSS,Metal1,309.8460,135.6190,0.000000
FILLER_31_623,VSS,Metal1,306.4860,135.6190,0.000000
FILLER_31_616,VSS,Metal1,303.1260,135.6190,0.000000
FILLER_31_609,VSS,Metal1,299.7660,135.6190,0.000000
FILLER_31_602,VSS,Metal1,296.4060,135.6190,0.000000
FILLER_31_595,VSS,Metal1,293.0460,135.6190,0.000000
FILLER_31_588,VSS,Metal1,289.6860,135.6190,0.000000
FILLER_31_581,VSS,Metal1,286.3260,135.6190,0.000000
FILLER_31_574,VSS,Metal1,282.9660,135.6190,0.000000
FILLER_31_567,VSS,Metal1,279.6060,135.6190,0.000000
FILLER_31_560,VSS,Metal1,276.2460,135.6190,0.000000
FILLER_31_553,VSS,Metal1,272.8860,135.6190,0.000000
FILLER_31_546,VSS,Metal1,269.5260,135.6190,0.000000
FILLER_31_539,VSS,Metal1,266.1660,135.6190,0.000000
FILLER_31_532,VSS,Metal1,262.8060,135.6190,0.000000
FILLER_31_525,VSS,Metal1,259.4460,135.6190,0.000000
FILLER_31_518,VSS,Metal1,256.0860,135.6190,0.000000
FILLER_31_511,VSS,Metal1,252.7260,135.6190,0.000000
FILLER_31_504,VSS,Metal1,249.3660,135.6190,0.000000
FILLER_31_497,VSS,Metal1,246.0060,135.6190,0.000000
FILLER_31_490,VSS,Metal1,242.6460,135.6190,0.000000
FILLER_31_483,VSS,Metal1,239.2860,135.6190,0.000000
FILLER_31_476,VSS,Metal1,235.9260,135.6190,0.000000
FILLER_31_469,VSS,Metal1,232.5660,135.6190,0.000000
FILLER_31_462,VSS,Metal1,229.2060,135.6190,0.000000
FILLER_31_455,VSS,Metal1,225.8460,135.6190,0.000000
FILLER_31_448,VSS,Metal1,222.4860,135.6190,0.000000
FILLER_31_441,VSS,Metal1,219.1260,135.6190,0.000000
FILLER_31_434,VSS,Metal1,215.7660,135.6190,0.000000
FILLER_31_427,VSS,Metal1,212.4060,135.6190,0.000000
FILLER_31_420,VSS,Metal1,209.0460,135.6190,0.000000
FILLER_31_413,VSS,Metal1,205.6860,135.6190,0.000000
FILLER_31_406,VSS,Metal1,202.3260,135.6190,0.000000
FILLER_31_399,VSS,Metal1,198.9660,135.6190,0.000000
FILLER_31_392,VSS,Metal1,195.6060,135.6190,0.000000
FILLER_31_385,VSS,Metal1,192.2460,135.6190,0.000000
FILLER_31_378,VSS,Metal1,188.8860,135.6190,0.000000
FILLER_31_371,VSS,Metal1,185.5260,135.6190,0.000000
FILLER_31_364,VSS,Metal1,182.1660,135.6190,0.000000
FILLER_31_357,VSS,Metal1,178.8060,135.6190,0.000000
FILLER_31_350,VSS,Metal1,175.4460,135.6190,0.000000
FILLER_31_343,VSS,Metal1,172.0860,135.6190,0.000000
FILLER_31_336,VSS,Metal1,168.7260,135.6190,0.000000
FILLER_31_329,VSS,Metal1,165.3660,135.6190,0.000000
FILLER_31_322,VSS,Metal1,162.0060,135.6190,0.000000
FILLER_31_315,VSS,Metal1,158.6460,135.6190,0.000000
FILLER_31_308,VSS,Metal1,155.2860,135.6190,0.000000
FILLER_31_301,VSS,Metal1,151.9260,135.6190,0.000000
FILLER_31_294,VSS,Metal1,148.5660,135.6190,0.000000
FILLER_31_287,VSS,Metal1,145.2060,135.6190,0.000000
FILLER_31_280,VSS,Metal1,141.8460,135.6190,0.000000
FILLER_31_273,VSS,Metal1,138.4860,135.6190,0.000000
FILLER_31_266,VSS,Metal1,135.1260,135.6190,0.000000
FILLER_31_259,VSS,Metal1,131.7660,135.6190,0.000000
FILLER_31_252,VSS,Metal1,128.4060,135.6190,0.000000
FILLER_31_245,VSS,Metal1,125.0460,135.6190,0.000000
FILLER_31_238,VSS,Metal1,121.6860,135.6190,0.000000
FILLER_31_231,VSS,Metal1,118.3260,135.6190,0.000000
FILLER_31_224,VSS,Metal1,114.9660,135.6190,0.000000
FILLER_31_217,VSS,Metal1,111.6060,135.6190,0.000000
FILLER_31_210,VSS,Metal1,108.2460,135.6190,0.000000
FILLER_31_203,VSS,Metal1,104.8860,135.6190,0.000000
FILLER_31_196,VSS,Metal1,101.5260,135.6190,0.000000
FILLER_31_189,VSS,Metal1,98.1660,135.6190,0.000000
FILLER_31_182,VSS,Metal1,94.8060,135.6190,0.000000
FILLER_31_175,VSS,Metal1,91.4460,135.6190,0.000000
FILLER_31_168,VSS,Metal1,88.0860,135.6190,0.000000
FILLER_31_161,VSS,Metal1,84.7260,135.6190,0.000000
FILLER_31_154,VSS,Metal1,81.3660,135.6190,0.000000
FILLER_31_147,VSS,Metal1,78.0060,135.6190,0.000000
FILLER_31_140,VSS,Metal1,74.6460,135.6190,0.000000
FILLER_31_133,VSS,Metal1,71.2860,135.6190,0.000000
FILLER_31_126,VSS,Metal1,67.9260,135.6190,0.000000
FILLER_31_119,VSS,Metal1,64.5660,135.6190,0.000000
FILLER_31_112,VSS,Metal1,61.2060,135.6190,0.000000
FILLER_31_105,VSS,Metal1,57.8460,135.6190,0.000000
FILLER_31_98,VSS,Metal1,54.4860,135.6190,0.000000
FILLER_31_91,VSS,Metal1,51.1260,135.6190,0.000000
FILLER_31_84,VSS,Metal1,47.7660,135.6190,0.000000
FILLER_31_77,VSS,Metal1,44.4060,135.6190,0.000000
FILLER_31_70,VSS,Metal1,41.0460,135.6190,0.000000
FILLER_31_63,VSS,Metal1,37.6860,135.6190,0.000000
FILLER_31_56,VSS,Metal1,34.3260,135.6190,0.000000
FILLER_31_49,VSS,Metal1,30.9660,135.6190,0.000000
FILLER_31_42,VSS,Metal1,27.6060,135.6190,0.000000
FILLER_31_35,VSS,Metal1,24.2460,135.6190,0.000000
FILLER_31_28,VSS,Metal1,20.8860,135.6190,0.000000
FILLER_31_21,VSS,Metal1,17.5260,135.6190,0.000000
FILLER_31_14,VSS,Metal1,14.1660,135.6190,0.000000
FILLER_31_7,VSS,Metal1,10.8060,135.6190,0.000000
FILLER_31_0,VSS,Metal1,7.4460,135.6190,0.000000
FILLER_30_1099,VSS,Metal1,533.7600,128.5200,0.000000
FILLER_30_1092,VSS,Metal1,531.6060,128.9800,0.000000
FILLER_30_1085,VSS,Metal1,528.2460,128.9800,0.000000
FILLER_30_1078,VSS,Metal1,524.8860,128.9800,0.000000
FILLER_30_1071,VSS,Metal1,521.5260,128.9800,0.000000
FILLER_30_1064,VSS,Metal1,518.1660,128.9800,0.000000
FILLER_30_1057,VSS,Metal1,514.8060,128.9800,0.000000
FILLER_30_1050,VSS,Metal1,511.4460,128.9800,0.000000
FILLER_30_1043,VSS,Metal1,508.0860,128.9800,0.000000
FILLER_30_1036,VSS,Metal1,504.7260,128.9800,0.000000
FILLER_30_1029,VSS,Metal1,501.3660,128.9800,0.000000
FILLER_30_1022,VSS,Metal1,498.0060,128.9800,0.000000
FILLER_30_1015,VSS,Metal1,494.6460,128.9800,0.000000
FILLER_30_1008,VSS,Metal1,491.2860,128.9800,0.000000
FILLER_30_1001,VSS,Metal1,487.9260,128.9800,0.000000
FILLER_30_994,VSS,Metal1,484.5660,128.9800,0.000000
FILLER_30_987,VSS,Metal1,481.2060,128.9800,0.000000
FILLER_30_980,VSS,Metal1,477.8460,128.9800,0.000000
FILLER_30_973,VSS,Metal1,474.4860,128.9800,0.000000
FILLER_30_966,VSS,Metal1,471.1260,128.9800,0.000000
FILLER_30_959,VSS,Metal1,467.7660,128.9800,0.000000
FILLER_30_952,VSS,Metal1,464.4060,128.9800,0.000000
FILLER_30_945,VSS,Metal1,461.0460,128.9800,0.000000
FILLER_30_938,VSS,Metal1,457.6860,128.9800,0.000000
FILLER_30_931,VSS,Metal1,454.3260,128.9800,0.000000
FILLER_30_924,VSS,Metal1,450.9660,128.9800,0.000000
FILLER_30_917,VSS,Metal1,447.6060,128.9800,0.000000
FILLER_30_910,VSS,Metal1,444.2460,128.9800,0.000000
FILLER_30_903,VSS,Metal1,440.8860,128.9800,0.000000
FILLER_30_896,VSS,Metal1,437.5260,128.9800,0.000000
FILLER_30_889,VSS,Metal1,434.1660,128.9800,0.000000
FILLER_30_882,VSS,Metal1,430.8060,128.9800,0.000000
FILLER_30_875,VSS,Metal1,427.4460,128.9800,0.000000
FILLER_30_868,VSS,Metal1,424.0860,128.9800,0.000000
FILLER_30_861,VSS,Metal1,420.7260,128.9800,0.000000
FILLER_30_854,VSS,Metal1,417.3660,128.9800,0.000000
FILLER_30_847,VSS,Metal1,414.0060,128.9800,0.000000
FILLER_30_840,VSS,Metal1,410.6460,128.9800,0.000000
FILLER_30_833,VSS,Metal1,407.2860,128.9800,0.000000
FILLER_30_826,VSS,Metal1,403.9260,128.9800,0.000000
FILLER_30_819,VSS,Metal1,400.5660,128.9800,0.000000
FILLER_30_812,VSS,Metal1,397.2060,128.9800,0.000000
FILLER_30_805,VSS,Metal1,393.8460,128.9800,0.000000
FILLER_30_798,VSS,Metal1,390.4860,128.9800,0.000000
FILLER_30_791,VSS,Metal1,387.1260,128.9800,0.000000
FILLER_30_784,VSS,Metal1,383.7660,128.9800,0.000000
FILLER_30_777,VSS,Metal1,380.4060,128.9800,0.000000
FILLER_30_770,VSS,Metal1,377.0460,128.9800,0.000000
FILLER_30_763,VSS,Metal1,373.6860,128.9800,0.000000
FILLER_30_756,VSS,Metal1,370.3260,128.9800,0.000000
FILLER_30_749,VSS,Metal1,366.9660,128.9800,0.000000
FILLER_30_742,VSS,Metal1,363.6060,128.9800,0.000000
FILLER_30_735,VSS,Metal1,360.2460,128.9800,0.000000
FILLER_30_728,VSS,Metal1,356.8860,128.9800,0.000000
FILLER_30_721,VSS,Metal1,353.5260,128.9800,0.000000
FILLER_30_714,VSS,Metal1,350.1660,128.9800,0.000000
FILLER_30_707,VSS,Metal1,346.8060,128.9800,0.000000
FILLER_30_700,VSS,Metal1,343.4460,128.9800,0.000000
FILLER_30_693,VSS,Metal1,340.0860,128.9800,0.000000
FILLER_30_686,VSS,Metal1,336.7260,128.9800,0.000000
FILLER_30_679,VSS,Metal1,333.3660,128.9800,0.000000
FILLER_30_672,VSS,Metal1,330.0060,128.9800,0.000000
FILLER_30_665,VSS,Metal1,326.6460,128.9800,0.000000
FILLER_30_658,VSS,Metal1,323.2860,128.9800,0.000000
FILLER_30_651,VSS,Metal1,319.9260,128.9800,0.000000
FILLER_30_644,VSS,Metal1,316.5660,128.9800,0.000000
FILLER_30_637,VSS,Metal1,313.2060,128.9800,0.000000
FILLER_30_630,VSS,Metal1,309.8460,128.9800,0.000000
FILLER_30_623,VSS,Metal1,306.4860,128.9800,0.000000
FILLER_30_616,VSS,Metal1,303.1260,128.9800,0.000000
FILLER_30_609,VSS,Metal1,299.7660,128.9800,0.000000
FILLER_30_602,VSS,Metal1,296.4060,128.9800,0.000000
FILLER_30_595,VSS,Metal1,293.0460,128.9800,0.000000
FILLER_30_588,VSS,Metal1,289.6860,128.9800,0.000000
FILLER_30_581,VSS,Metal1,286.3260,128.9800,0.000000
FILLER_30_574,VSS,Metal1,282.9660,128.9800,0.000000
FILLER_30_567,VSS,Metal1,279.6060,128.9800,0.000000
FILLER_30_560,VSS,Metal1,276.2460,128.9800,0.000000
FILLER_30_553,VSS,Metal1,272.8860,128.9800,0.000000
FILLER_30_546,VSS,Metal1,269.5260,128.9800,0.000000
FILLER_30_539,VSS,Metal1,266.1660,128.9800,0.000000
FILLER_30_532,VSS,Metal1,262.8060,128.9800,0.000000
FILLER_30_525,VSS,Metal1,259.4460,128.9800,0.000000
FILLER_30_518,VSS,Metal1,256.0860,128.9800,0.000000
FILLER_30_511,VSS,Metal1,252.7260,128.9800,0.000000
FILLER_30_504,VSS,Metal1,249.3660,128.9800,0.000000
FILLER_30_497,VSS,Metal1,246.0060,128.9800,0.000000
FILLER_30_490,VSS,Metal1,242.6460,128.9800,0.000000
FILLER_30_483,VSS,Metal1,239.2860,128.9800,0.000000
FILLER_30_476,VSS,Metal1,235.9260,128.9800,0.000000
FILLER_30_469,VSS,Metal1,232.5660,128.9800,0.000000
FILLER_30_462,VSS,Metal1,229.2060,128.9800,0.000000
FILLER_30_455,VSS,Metal1,225.8460,128.9800,0.000000
FILLER_30_448,VSS,Metal1,222.4860,128.9800,0.000000
FILLER_30_441,VSS,Metal1,219.1260,128.9800,0.000000
FILLER_30_434,VSS,Metal1,215.7660,128.9800,0.000000
FILLER_30_427,VSS,Metal1,212.4060,128.9800,0.000000
FILLER_30_420,VSS,Metal1,209.0460,128.9800,0.000000
FILLER_30_413,VSS,Metal1,205.6860,128.9800,0.000000
FILLER_30_406,VSS,Metal1,202.3260,128.9800,0.000000
FILLER_30_399,VSS,Metal1,198.9660,128.9800,0.000000
FILLER_30_392,VSS,Metal1,195.6060,128.9800,0.000000
FILLER_30_385,VSS,Metal1,192.2460,128.9800,0.000000
FILLER_30_378,VSS,Metal1,188.8860,128.9800,0.000000
FILLER_30_371,VSS,Metal1,185.5260,128.9800,0.000000
FILLER_30_364,VSS,Metal1,182.1660,128.9800,0.000000
FILLER_30_357,VSS,Metal1,178.8060,128.9800,0.000000
FILLER_30_350,VSS,Metal1,175.4460,128.9800,0.000000
FILLER_30_343,VSS,Metal1,172.0860,128.9800,0.000000
FILLER_30_336,VSS,Metal1,168.7260,128.9800,0.000000
FILLER_30_329,VSS,Metal1,165.3660,128.9800,0.000000
FILLER_30_322,VSS,Metal1,162.0060,128.9800,0.000000
FILLER_30_315,VSS,Metal1,158.6460,128.9800,0.000000
FILLER_30_308,VSS,Metal1,155.2860,128.9800,0.000000
FILLER_30_301,VSS,Metal1,151.9260,128.9800,0.000000
FILLER_30_294,VSS,Metal1,148.5660,128.9800,0.000000
FILLER_30_287,VSS,Metal1,145.2060,128.9800,0.000000
FILLER_30_280,VSS,Metal1,141.8460,128.9800,0.000000
FILLER_30_273,VSS,Metal1,138.4860,128.9800,0.000000
FILLER_30_266,VSS,Metal1,135.1260,128.9800,0.000000
FILLER_30_259,VSS,Metal1,131.7660,128.9800,0.000000
FILLER_30_252,VSS,Metal1,128.4060,128.9800,0.000000
FILLER_30_245,VSS,Metal1,125.0460,128.9800,0.000000
FILLER_30_238,VSS,Metal1,121.6860,128.9800,0.000000
FILLER_30_231,VSS,Metal1,118.3260,128.9800,0.000000
FILLER_30_224,VSS,Metal1,114.9660,128.9800,0.000000
FILLER_30_217,VSS,Metal1,111.6060,128.9800,0.000000
FILLER_30_210,VSS,Metal1,108.2460,128.9800,0.000000
FILLER_30_203,VSS,Metal1,104.8860,128.9800,0.000000
FILLER_30_196,VSS,Metal1,101.5260,128.9800,0.000000
FILLER_30_189,VSS,Metal1,98.1660,128.9800,0.000000
FILLER_30_182,VSS,Metal1,94.8060,128.9800,0.000000
FILLER_30_175,VSS,Metal1,91.4460,128.9800,0.000000
FILLER_30_168,VSS,Metal1,88.0860,128.9800,0.000000
FILLER_30_161,VSS,Metal1,84.7260,128.9800,0.000000
FILLER_30_154,VSS,Metal1,81.3660,128.9800,0.000000
FILLER_30_147,VSS,Metal1,78.0060,128.9800,0.000000
FILLER_30_140,VSS,Metal1,74.6460,128.9800,0.000000
FILLER_30_133,VSS,Metal1,71.2860,128.9800,0.000000
FILLER_30_126,VSS,Metal1,67.9260,128.9800,0.000000
FILLER_30_119,VSS,Metal1,64.5660,128.9800,0.000000
FILLER_30_112,VSS,Metal1,61.2060,128.9800,0.000000
FILLER_30_105,VSS,Metal1,57.8460,128.9800,0.000000
FILLER_30_98,VSS,Metal1,54.4860,128.9800,0.000000
FILLER_30_91,VSS,Metal1,51.1260,128.9800,0.000000
FILLER_30_84,VSS,Metal1,47.7660,128.9800,0.000000
FILLER_30_77,VSS,Metal1,44.4060,128.9800,0.000000
FILLER_30_70,VSS,Metal1,41.0460,128.9800,0.000000
FILLER_30_63,VSS,Metal1,37.6860,128.9800,0.000000
FILLER_30_56,VSS,Metal1,34.3260,128.9800,0.000000
FILLER_30_49,VSS,Metal1,30.9660,128.9800,0.000000
FILLER_30_42,VSS,Metal1,27.6060,128.9800,0.000000
FILLER_30_35,VSS,Metal1,24.2460,128.9800,0.000000
FILLER_30_28,VSS,Metal1,20.8860,128.9800,0.000000
FILLER_30_21,VSS,Metal1,17.5260,128.9800,0.000000
FILLER_30_14,VSS,Metal1,14.1660,128.9800,0.000000
FILLER_30_7,VSS,Metal1,10.8060,128.9800,0.000000
FILLER_30_0,VSS,Metal1,7.4460,128.9800,0.000000
FILLER_29_1099,VSS,Metal1,533.7600,128.5200,0.000000
FILLER_29_1092,VSS,Metal1,531.6060,128.0590,0.000000
FILLER_29_1085,VSS,Metal1,528.2460,128.0590,0.000000
FILLER_29_1078,VSS,Metal1,524.8860,128.0590,0.000000
FILLER_29_1071,VSS,Metal1,521.5260,128.0590,0.000000
FILLER_29_1064,VSS,Metal1,518.1660,128.0590,0.000000
FILLER_29_1057,VSS,Metal1,514.8060,128.0590,0.000000
FILLER_29_1050,VSS,Metal1,511.4460,128.0590,0.000000
FILLER_29_1043,VSS,Metal1,508.0860,128.0590,0.000000
FILLER_29_1036,VSS,Metal1,504.7260,128.0590,0.000000
FILLER_29_1029,VSS,Metal1,501.3660,128.0590,0.000000
FILLER_29_1022,VSS,Metal1,498.0060,128.0590,0.000000
FILLER_29_1015,VSS,Metal1,494.6460,128.0590,0.000000
FILLER_29_1008,VSS,Metal1,491.2860,128.0590,0.000000
FILLER_29_1001,VSS,Metal1,487.9260,128.0590,0.000000
FILLER_29_994,VSS,Metal1,484.5660,128.0590,0.000000
FILLER_29_987,VSS,Metal1,481.2060,128.0590,0.000000
FILLER_29_980,VSS,Metal1,477.8460,128.0590,0.000000
FILLER_29_973,VSS,Metal1,474.4860,128.0590,0.000000
FILLER_29_966,VSS,Metal1,471.1260,128.0590,0.000000
FILLER_29_959,VSS,Metal1,467.7660,128.0590,0.000000
FILLER_29_952,VSS,Metal1,464.4060,128.0590,0.000000
FILLER_29_945,VSS,Metal1,461.0460,128.0590,0.000000
FILLER_29_938,VSS,Metal1,457.6860,128.0590,0.000000
FILLER_29_931,VSS,Metal1,454.3260,128.0590,0.000000
FILLER_29_924,VSS,Metal1,450.9660,128.0590,0.000000
FILLER_29_917,VSS,Metal1,447.6060,128.0590,0.000000
FILLER_29_910,VSS,Metal1,444.2460,128.0590,0.000000
FILLER_29_903,VSS,Metal1,440.8860,128.0590,0.000000
FILLER_29_896,VSS,Metal1,437.5260,128.0590,0.000000
FILLER_29_889,VSS,Metal1,434.1660,128.0590,0.000000
FILLER_29_882,VSS,Metal1,430.8060,128.0590,0.000000
FILLER_29_875,VSS,Metal1,427.4460,128.0590,0.000000
FILLER_29_868,VSS,Metal1,424.0860,128.0590,0.000000
FILLER_29_861,VSS,Metal1,420.7260,128.0590,0.000000
FILLER_29_854,VSS,Metal1,417.3660,128.0590,0.000000
FILLER_29_847,VSS,Metal1,414.0060,128.0590,0.000000
FILLER_29_840,VSS,Metal1,410.6460,128.0590,0.000000
FILLER_29_833,VSS,Metal1,407.2860,128.0590,0.000000
FILLER_29_826,VSS,Metal1,403.9260,128.0590,0.000000
FILLER_29_819,VSS,Metal1,400.5660,128.0590,0.000000
FILLER_29_812,VSS,Metal1,397.2060,128.0590,0.000000
FILLER_29_805,VSS,Metal1,393.8460,128.0590,0.000000
FILLER_29_798,VSS,Metal1,390.4860,128.0590,0.000000
FILLER_29_791,VSS,Metal1,387.1260,128.0590,0.000000
FILLER_29_784,VSS,Metal1,383.7660,128.0590,0.000000
FILLER_29_777,VSS,Metal1,380.4060,128.0590,0.000000
FILLER_29_770,VSS,Metal1,377.0460,128.0590,0.000000
FILLER_29_763,VSS,Metal1,373.6860,128.0590,0.000000
FILLER_29_756,VSS,Metal1,370.3260,128.0590,0.000000
FILLER_29_749,VSS,Metal1,366.9660,128.0590,0.000000
FILLER_29_742,VSS,Metal1,363.6060,128.0590,0.000000
FILLER_29_735,VSS,Metal1,360.2460,128.0590,0.000000
FILLER_29_728,VSS,Metal1,356.8860,128.0590,0.000000
FILLER_29_721,VSS,Metal1,353.5260,128.0590,0.000000
FILLER_29_714,VSS,Metal1,350.1660,128.0590,0.000000
FILLER_29_707,VSS,Metal1,346.8060,128.0590,0.000000
FILLER_29_700,VSS,Metal1,343.4460,128.0590,0.000000
FILLER_29_693,VSS,Metal1,340.0860,128.0590,0.000000
FILLER_29_686,VSS,Metal1,336.7260,128.0590,0.000000
FILLER_29_679,VSS,Metal1,333.3660,128.0590,0.000000
FILLER_29_672,VSS,Metal1,330.0060,128.0590,0.000000
FILLER_29_665,VSS,Metal1,326.6460,128.0590,0.000000
FILLER_29_658,VSS,Metal1,323.2860,128.0590,0.000000
FILLER_29_651,VSS,Metal1,319.9260,128.0590,0.000000
FILLER_29_644,VSS,Metal1,316.5660,128.0590,0.000000
FILLER_29_637,VSS,Metal1,313.2060,128.0590,0.000000
FILLER_29_630,VSS,Metal1,309.8460,128.0590,0.000000
FILLER_29_623,VSS,Metal1,306.4860,128.0590,0.000000
FILLER_29_616,VSS,Metal1,303.1260,128.0590,0.000000
FILLER_29_609,VSS,Metal1,299.7660,128.0590,0.000000
FILLER_29_602,VSS,Metal1,296.4060,128.0590,0.000000
FILLER_29_595,VSS,Metal1,293.0460,128.0590,0.000000
FILLER_29_588,VSS,Metal1,289.6860,128.0590,0.000000
FILLER_29_581,VSS,Metal1,286.3260,128.0590,0.000000
FILLER_29_574,VSS,Metal1,282.9660,128.0590,0.000000
FILLER_29_567,VSS,Metal1,279.6060,128.0590,0.000000
FILLER_29_560,VSS,Metal1,276.2460,128.0590,0.000000
FILLER_29_553,VSS,Metal1,272.8860,128.0590,0.000000
FILLER_29_546,VSS,Metal1,269.5260,128.0590,0.000000
FILLER_29_539,VSS,Metal1,266.1660,128.0590,0.000000
FILLER_29_532,VSS,Metal1,262.8060,128.0590,0.000000
FILLER_29_525,VSS,Metal1,259.4460,128.0590,0.000000
FILLER_29_518,VSS,Metal1,256.0860,128.0590,0.000000
FILLER_29_511,VSS,Metal1,252.7260,128.0590,0.000000
FILLER_29_504,VSS,Metal1,249.3660,128.0590,0.000000
FILLER_29_497,VSS,Metal1,246.0060,128.0590,0.000000
FILLER_29_490,VSS,Metal1,242.6460,128.0590,0.000000
FILLER_29_483,VSS,Metal1,239.2860,128.0590,0.000000
FILLER_29_476,VSS,Metal1,235.9260,128.0590,0.000000
FILLER_29_469,VSS,Metal1,232.5660,128.0590,0.000000
FILLER_29_462,VSS,Metal1,229.2060,128.0590,0.000000
FILLER_29_455,VSS,Metal1,225.8460,128.0590,0.000000
FILLER_29_448,VSS,Metal1,222.4860,128.0590,0.000000
FILLER_29_441,VSS,Metal1,219.1260,128.0590,0.000000
FILLER_29_434,VSS,Metal1,215.7660,128.0590,0.000000
FILLER_29_427,VSS,Metal1,212.4060,128.0590,0.000000
FILLER_29_420,VSS,Metal1,209.0460,128.0590,0.000000
FILLER_29_413,VSS,Metal1,205.6860,128.0590,0.000000
FILLER_29_406,VSS,Metal1,202.3260,128.0590,0.000000
FILLER_29_399,VSS,Metal1,198.9660,128.0590,0.000000
FILLER_29_392,VSS,Metal1,195.6060,128.0590,0.000000
FILLER_29_385,VSS,Metal1,192.2460,128.0590,0.000000
FILLER_29_378,VSS,Metal1,188.8860,128.0590,0.000000
FILLER_29_371,VSS,Metal1,185.5260,128.0590,0.000000
FILLER_29_364,VSS,Metal1,182.1660,128.0590,0.000000
FILLER_29_357,VSS,Metal1,178.8060,128.0590,0.000000
FILLER_29_350,VSS,Metal1,175.4460,128.0590,0.000000
FILLER_29_343,VSS,Metal1,172.0860,128.0590,0.000000
FILLER_29_336,VSS,Metal1,168.7260,128.0590,0.000000
FILLER_29_329,VSS,Metal1,165.3660,128.0590,0.000000
FILLER_29_322,VSS,Metal1,162.0060,128.0590,0.000000
FILLER_29_315,VSS,Metal1,158.6460,128.0590,0.000000
FILLER_29_308,VSS,Metal1,155.2860,128.0590,0.000000
FILLER_29_301,VSS,Metal1,151.9260,128.0590,0.000000
FILLER_29_294,VSS,Metal1,148.5660,128.0590,0.000000
FILLER_29_287,VSS,Metal1,145.2060,128.0590,0.000000
FILLER_29_280,VSS,Metal1,141.8460,128.0590,0.000000
FILLER_29_273,VSS,Metal1,138.4860,128.0590,0.000000
FILLER_29_266,VSS,Metal1,135.1260,128.0590,0.000000
FILLER_29_259,VSS,Metal1,131.7660,128.0590,0.000000
FILLER_29_252,VSS,Metal1,128.4060,128.0590,0.000000
FILLER_29_245,VSS,Metal1,125.0460,128.0590,0.000000
FILLER_29_238,VSS,Metal1,121.6860,128.0590,0.000000
FILLER_29_231,VSS,Metal1,118.3260,128.0590,0.000000
FILLER_29_224,VSS,Metal1,114.9660,128.0590,0.000000
FILLER_29_217,VSS,Metal1,111.6060,128.0590,0.000000
FILLER_29_210,VSS,Metal1,108.2460,128.0590,0.000000
FILLER_29_203,VSS,Metal1,104.8860,128.0590,0.000000
FILLER_29_196,VSS,Metal1,101.5260,128.0590,0.000000
FILLER_29_189,VSS,Metal1,98.1660,128.0590,0.000000
FILLER_29_182,VSS,Metal1,94.8060,128.0590,0.000000
FILLER_29_175,VSS,Metal1,91.4460,128.0590,0.000000
FILLER_29_168,VSS,Metal1,88.0860,128.0590,0.000000
FILLER_29_161,VSS,Metal1,84.7260,128.0590,0.000000
FILLER_29_154,VSS,Metal1,81.3660,128.0590,0.000000
FILLER_29_147,VSS,Metal1,78.0060,128.0590,0.000000
FILLER_29_140,VSS,Metal1,74.6460,128.0590,0.000000
FILLER_29_133,VSS,Metal1,71.2860,128.0590,0.000000
FILLER_29_126,VSS,Metal1,67.9260,128.0590,0.000000
FILLER_29_119,VSS,Metal1,64.5660,128.0590,0.000000
FILLER_29_112,VSS,Metal1,61.2060,128.0590,0.000000
FILLER_29_105,VSS,Metal1,57.8460,128.0590,0.000000
FILLER_29_98,VSS,Metal1,54.4860,128.0590,0.000000
FILLER_29_91,VSS,Metal1,51.1260,128.0590,0.000000
FILLER_29_84,VSS,Metal1,47.7660,128.0590,0.000000
FILLER_29_77,VSS,Metal1,44.4060,128.0590,0.000000
FILLER_29_70,VSS,Metal1,41.0460,128.0590,0.000000
FILLER_29_63,VSS,Metal1,37.6860,128.0590,0.000000
FILLER_29_56,VSS,Metal1,34.3260,128.0590,0.000000
FILLER_29_49,VSS,Metal1,30.9660,128.0590,0.000000
FILLER_29_42,VSS,Metal1,27.6060,128.0590,0.000000
FILLER_29_35,VSS,Metal1,24.2460,128.0590,0.000000
FILLER_29_28,VSS,Metal1,20.8860,128.0590,0.000000
FILLER_29_21,VSS,Metal1,17.5260,128.0590,0.000000
FILLER_29_14,VSS,Metal1,14.1660,128.0590,0.000000
FILLER_29_7,VSS,Metal1,10.8060,128.0590,0.000000
FILLER_29_0,VSS,Metal1,7.4460,128.0590,0.000000
FILLER_28_1099,VSS,Metal1,533.7600,120.9600,0.000000
FILLER_28_1092,VSS,Metal1,531.6060,121.4200,0.000000
FILLER_28_1085,VSS,Metal1,528.2460,121.4200,0.000000
FILLER_28_1078,VSS,Metal1,524.8860,121.4200,0.000000
FILLER_28_1071,VSS,Metal1,521.5260,121.4200,0.000000
FILLER_28_1064,VSS,Metal1,518.1660,121.4200,0.000000
FILLER_28_1057,VSS,Metal1,514.8060,121.4200,0.000000
FILLER_28_1050,VSS,Metal1,511.4460,121.4200,0.000000
FILLER_28_1043,VSS,Metal1,508.0860,121.4200,0.000000
FILLER_28_1036,VSS,Metal1,504.7260,121.4200,0.000000
FILLER_28_1029,VSS,Metal1,501.3660,121.4200,0.000000
FILLER_28_1022,VSS,Metal1,498.0060,121.4200,0.000000
FILLER_28_1015,VSS,Metal1,494.6460,121.4200,0.000000
FILLER_28_1008,VSS,Metal1,491.2860,121.4200,0.000000
FILLER_28_1001,VSS,Metal1,487.9260,121.4200,0.000000
FILLER_28_994,VSS,Metal1,484.5660,121.4200,0.000000
FILLER_28_987,VSS,Metal1,481.2060,121.4200,0.000000
FILLER_28_980,VSS,Metal1,477.8460,121.4200,0.000000
FILLER_28_973,VSS,Metal1,474.4860,121.4200,0.000000
FILLER_28_966,VSS,Metal1,471.1260,121.4200,0.000000
FILLER_28_959,VSS,Metal1,467.7660,121.4200,0.000000
FILLER_28_952,VSS,Metal1,464.4060,121.4200,0.000000
FILLER_28_945,VSS,Metal1,461.0460,121.4200,0.000000
FILLER_28_938,VSS,Metal1,457.6860,121.4200,0.000000
FILLER_28_931,VSS,Metal1,454.3260,121.4200,0.000000
FILLER_28_924,VSS,Metal1,450.9660,121.4200,0.000000
FILLER_28_917,VSS,Metal1,447.6060,121.4200,0.000000
FILLER_28_910,VSS,Metal1,444.2460,121.4200,0.000000
FILLER_28_903,VSS,Metal1,440.8860,121.4200,0.000000
FILLER_28_896,VSS,Metal1,437.5260,121.4200,0.000000
FILLER_28_889,VSS,Metal1,434.1660,121.4200,0.000000
FILLER_28_882,VSS,Metal1,430.8060,121.4200,0.000000
FILLER_28_875,VSS,Metal1,427.4460,121.4200,0.000000
FILLER_28_868,VSS,Metal1,424.0860,121.4200,0.000000
FILLER_28_861,VSS,Metal1,420.7260,121.4200,0.000000
FILLER_28_854,VSS,Metal1,417.3660,121.4200,0.000000
FILLER_28_847,VSS,Metal1,414.0060,121.4200,0.000000
FILLER_28_840,VSS,Metal1,410.6460,121.4200,0.000000
FILLER_28_833,VSS,Metal1,407.2860,121.4200,0.000000
FILLER_28_826,VSS,Metal1,403.9260,121.4200,0.000000
FILLER_28_819,VSS,Metal1,400.5660,121.4200,0.000000
FILLER_28_812,VSS,Metal1,397.2060,121.4200,0.000000
FILLER_28_805,VSS,Metal1,393.8460,121.4200,0.000000
FILLER_28_798,VSS,Metal1,390.4860,121.4200,0.000000
FILLER_28_791,VSS,Metal1,387.1260,121.4200,0.000000
FILLER_28_784,VSS,Metal1,383.7660,121.4200,0.000000
FILLER_28_777,VSS,Metal1,380.4060,121.4200,0.000000
FILLER_28_770,VSS,Metal1,377.0460,121.4200,0.000000
FILLER_28_763,VSS,Metal1,373.6860,121.4200,0.000000
FILLER_28_756,VSS,Metal1,370.3260,121.4200,0.000000
FILLER_28_749,VSS,Metal1,366.9660,121.4200,0.000000
FILLER_28_742,VSS,Metal1,363.6060,121.4200,0.000000
FILLER_28_735,VSS,Metal1,360.2460,121.4200,0.000000
FILLER_28_728,VSS,Metal1,356.8860,121.4200,0.000000
FILLER_28_721,VSS,Metal1,353.5260,121.4200,0.000000
FILLER_28_714,VSS,Metal1,350.1660,121.4200,0.000000
FILLER_28_707,VSS,Metal1,346.8060,121.4200,0.000000
FILLER_28_700,VSS,Metal1,343.4460,121.4200,0.000000
FILLER_28_693,VSS,Metal1,340.0860,121.4200,0.000000
FILLER_28_686,VSS,Metal1,336.7260,121.4200,0.000000
FILLER_28_679,VSS,Metal1,333.3660,121.4200,0.000000
FILLER_28_672,VSS,Metal1,330.0060,121.4200,0.000000
FILLER_28_665,VSS,Metal1,326.6460,121.4200,0.000000
FILLER_28_658,VSS,Metal1,323.2860,121.4200,0.000000
FILLER_28_651,VSS,Metal1,319.9260,121.4200,0.000000
FILLER_28_644,VSS,Metal1,316.5660,121.4200,0.000000
FILLER_28_637,VSS,Metal1,313.2060,121.4200,0.000000
FILLER_28_630,VSS,Metal1,309.8460,121.4200,0.000000
FILLER_28_623,VSS,Metal1,306.4860,121.4200,0.000000
FILLER_28_616,VSS,Metal1,303.1260,121.4200,0.000000
FILLER_28_609,VSS,Metal1,299.7660,121.4200,0.000000
FILLER_28_602,VSS,Metal1,296.4060,121.4200,0.000000
FILLER_28_595,VSS,Metal1,293.0460,121.4200,0.000000
FILLER_28_588,VSS,Metal1,289.6860,121.4200,0.000000
FILLER_28_581,VSS,Metal1,286.3260,121.4200,0.000000
FILLER_28_574,VSS,Metal1,282.9660,121.4200,0.000000
FILLER_28_567,VSS,Metal1,279.6060,121.4200,0.000000
FILLER_28_560,VSS,Metal1,276.2460,121.4200,0.000000
FILLER_28_553,VSS,Metal1,272.8860,121.4200,0.000000
FILLER_28_546,VSS,Metal1,269.5260,121.4200,0.000000
FILLER_28_539,VSS,Metal1,266.1660,121.4200,0.000000
FILLER_28_532,VSS,Metal1,262.8060,121.4200,0.000000
FILLER_28_525,VSS,Metal1,259.4460,121.4200,0.000000
FILLER_28_518,VSS,Metal1,256.0860,121.4200,0.000000
FILLER_28_511,VSS,Metal1,252.7260,121.4200,0.000000
FILLER_28_504,VSS,Metal1,249.3660,121.4200,0.000000
FILLER_28_497,VSS,Metal1,246.0060,121.4200,0.000000
FILLER_28_490,VSS,Metal1,242.6460,121.4200,0.000000
FILLER_28_483,VSS,Metal1,239.2860,121.4200,0.000000
FILLER_28_476,VSS,Metal1,235.9260,121.4200,0.000000
FILLER_28_469,VSS,Metal1,232.5660,121.4200,0.000000
FILLER_28_462,VSS,Metal1,229.2060,121.4200,0.000000
FILLER_28_455,VSS,Metal1,225.8460,121.4200,0.000000
FILLER_28_448,VSS,Metal1,222.4860,121.4200,0.000000
FILLER_28_441,VSS,Metal1,219.1260,121.4200,0.000000
FILLER_28_434,VSS,Metal1,215.7660,121.4200,0.000000
FILLER_28_427,VSS,Metal1,212.4060,121.4200,0.000000
FILLER_28_420,VSS,Metal1,209.0460,121.4200,0.000000
FILLER_28_413,VSS,Metal1,205.6860,121.4200,0.000000
FILLER_28_406,VSS,Metal1,202.3260,121.4200,0.000000
FILLER_28_399,VSS,Metal1,198.9660,121.4200,0.000000
FILLER_28_392,VSS,Metal1,195.6060,121.4200,0.000000
FILLER_28_385,VSS,Metal1,192.2460,121.4200,0.000000
FILLER_28_378,VSS,Metal1,188.8860,121.4200,0.000000
FILLER_28_371,VSS,Metal1,185.5260,121.4200,0.000000
FILLER_28_364,VSS,Metal1,182.1660,121.4200,0.000000
FILLER_28_357,VSS,Metal1,178.8060,121.4200,0.000000
FILLER_28_350,VSS,Metal1,175.4460,121.4200,0.000000
FILLER_28_343,VSS,Metal1,172.0860,121.4200,0.000000
FILLER_28_336,VSS,Metal1,168.7260,121.4200,0.000000
FILLER_28_329,VSS,Metal1,165.3660,121.4200,0.000000
FILLER_28_322,VSS,Metal1,162.0060,121.4200,0.000000
FILLER_28_315,VSS,Metal1,158.6460,121.4200,0.000000
FILLER_28_308,VSS,Metal1,155.2860,121.4200,0.000000
FILLER_28_301,VSS,Metal1,151.9260,121.4200,0.000000
FILLER_28_294,VSS,Metal1,148.5660,121.4200,0.000000
FILLER_28_287,VSS,Metal1,145.2060,121.4200,0.000000
FILLER_28_280,VSS,Metal1,141.8460,121.4200,0.000000
FILLER_28_273,VSS,Metal1,138.4860,121.4200,0.000000
FILLER_28_266,VSS,Metal1,135.1260,121.4200,0.000000
FILLER_28_259,VSS,Metal1,131.7660,121.4200,0.000000
FILLER_28_252,VSS,Metal1,128.4060,121.4200,0.000000
FILLER_28_245,VSS,Metal1,125.0460,121.4200,0.000000
FILLER_28_238,VSS,Metal1,121.6860,121.4200,0.000000
FILLER_28_231,VSS,Metal1,118.3260,121.4200,0.000000
FILLER_28_224,VSS,Metal1,114.9660,121.4200,0.000000
FILLER_28_217,VSS,Metal1,111.6060,121.4200,0.000000
FILLER_28_210,VSS,Metal1,108.2460,121.4200,0.000000
FILLER_28_203,VSS,Metal1,104.8860,121.4200,0.000000
FILLER_28_196,VSS,Metal1,101.5260,121.4200,0.000000
FILLER_28_189,VSS,Metal1,98.1660,121.4200,0.000000
FILLER_28_182,VSS,Metal1,94.8060,121.4200,0.000000
FILLER_28_175,VSS,Metal1,91.4460,121.4200,0.000000
FILLER_28_168,VSS,Metal1,88.0860,121.4200,0.000000
FILLER_28_161,VSS,Metal1,84.7260,121.4200,0.000000
FILLER_28_154,VSS,Metal1,81.3660,121.4200,0.000000
FILLER_28_147,VSS,Metal1,78.0060,121.4200,0.000000
FILLER_28_140,VSS,Metal1,74.6460,121.4200,0.000000
FILLER_28_133,VSS,Metal1,71.2860,121.4200,0.000000
FILLER_28_126,VSS,Metal1,67.9260,121.4200,0.000000
FILLER_28_119,VSS,Metal1,64.5660,121.4200,0.000000
FILLER_28_112,VSS,Metal1,61.2060,121.4200,0.000000
FILLER_28_105,VSS,Metal1,57.8460,121.4200,0.000000
FILLER_28_98,VSS,Metal1,54.4860,121.4200,0.000000
FILLER_28_91,VSS,Metal1,51.1260,121.4200,0.000000
FILLER_28_84,VSS,Metal1,47.7660,121.4200,0.000000
FILLER_28_77,VSS,Metal1,44.4060,121.4200,0.000000
FILLER_28_70,VSS,Metal1,41.0460,121.4200,0.000000
FILLER_28_63,VSS,Metal1,37.6860,121.4200,0.000000
FILLER_28_56,VSS,Metal1,34.3260,121.4200,0.000000
FILLER_28_49,VSS,Metal1,30.9660,121.4200,0.000000
FILLER_28_42,VSS,Metal1,27.6060,121.4200,0.000000
FILLER_28_35,VSS,Metal1,24.2460,121.4200,0.000000
FILLER_28_28,VSS,Metal1,20.8860,121.4200,0.000000
FILLER_28_21,VSS,Metal1,17.5260,121.4200,0.000000
FILLER_28_14,VSS,Metal1,14.1660,121.4200,0.000000
FILLER_28_7,VSS,Metal1,10.8060,121.4200,0.000000
FILLER_28_0,VSS,Metal1,7.4460,121.4200,0.000000
FILLER_27_1099,VSS,Metal1,533.7600,120.9600,0.000000
FILLER_27_1092,VSS,Metal1,531.6060,120.4990,0.000000
FILLER_27_1085,VSS,Metal1,528.2460,120.4990,0.000000
FILLER_27_1078,VSS,Metal1,524.8860,120.4990,0.000000
FILLER_27_1071,VSS,Metal1,521.5260,120.4990,0.000000
FILLER_27_1064,VSS,Metal1,518.1660,120.4990,0.000000
FILLER_27_1057,VSS,Metal1,514.8060,120.4990,0.000000
FILLER_27_1050,VSS,Metal1,511.4460,120.4990,0.000000
FILLER_27_1043,VSS,Metal1,508.0860,120.4990,0.000000
FILLER_27_1036,VSS,Metal1,504.7260,120.4990,0.000000
FILLER_27_1029,VSS,Metal1,501.3660,120.4990,0.000000
FILLER_27_1022,VSS,Metal1,498.0060,120.4990,0.000000
FILLER_27_1015,VSS,Metal1,494.6460,120.4990,0.000000
FILLER_27_1008,VSS,Metal1,491.2860,120.4990,0.000000
FILLER_27_1001,VSS,Metal1,487.9260,120.4990,0.000000
FILLER_27_994,VSS,Metal1,484.5660,120.4990,0.000000
FILLER_27_987,VSS,Metal1,481.2060,120.4990,0.000000
FILLER_27_980,VSS,Metal1,477.8460,120.4990,0.000000
FILLER_27_973,VSS,Metal1,474.4860,120.4990,0.000000
FILLER_27_966,VSS,Metal1,471.1260,120.4990,0.000000
FILLER_27_959,VSS,Metal1,467.7660,120.4990,0.000000
FILLER_27_952,VSS,Metal1,464.4060,120.4990,0.000000
FILLER_27_945,VSS,Metal1,461.0460,120.4990,0.000000
FILLER_27_938,VSS,Metal1,457.6860,120.4990,0.000000
FILLER_27_931,VSS,Metal1,454.3260,120.4990,0.000000
FILLER_27_924,VSS,Metal1,450.9660,120.4990,0.000000
FILLER_27_917,VSS,Metal1,447.6060,120.4990,0.000000
FILLER_27_910,VSS,Metal1,444.2460,120.4990,0.000000
FILLER_27_903,VSS,Metal1,440.8860,120.4990,0.000000
FILLER_27_896,VSS,Metal1,437.5260,120.4990,0.000000
FILLER_27_889,VSS,Metal1,434.1660,120.4990,0.000000
FILLER_27_882,VSS,Metal1,430.8060,120.4990,0.000000
FILLER_27_875,VSS,Metal1,427.4460,120.4990,0.000000
FILLER_27_868,VSS,Metal1,424.0860,120.4990,0.000000
FILLER_27_861,VSS,Metal1,420.7260,120.4990,0.000000
FILLER_27_854,VSS,Metal1,417.3660,120.4990,0.000000
FILLER_27_847,VSS,Metal1,414.0060,120.4990,0.000000
FILLER_27_840,VSS,Metal1,410.6460,120.4990,0.000000
FILLER_27_833,VSS,Metal1,407.2860,120.4990,0.000000
FILLER_27_826,VSS,Metal1,403.9260,120.4990,0.000000
FILLER_27_819,VSS,Metal1,400.5660,120.4990,0.000000
FILLER_27_812,VSS,Metal1,397.2060,120.4990,0.000000
FILLER_27_805,VSS,Metal1,393.8460,120.4990,0.000000
FILLER_27_798,VSS,Metal1,390.4860,120.4990,0.000000
FILLER_27_791,VSS,Metal1,387.1260,120.4990,0.000000
FILLER_27_784,VSS,Metal1,383.7660,120.4990,0.000000
FILLER_27_777,VSS,Metal1,380.4060,120.4990,0.000000
FILLER_27_770,VSS,Metal1,377.0460,120.4990,0.000000
FILLER_27_763,VSS,Metal1,373.6860,120.4990,0.000000
FILLER_27_756,VSS,Metal1,370.3260,120.4990,0.000000
FILLER_27_749,VSS,Metal1,366.9660,120.4990,0.000000
FILLER_27_742,VSS,Metal1,363.6060,120.4990,0.000000
FILLER_27_735,VSS,Metal1,360.2460,120.4990,0.000000
FILLER_27_728,VSS,Metal1,356.8860,120.4990,0.000000
FILLER_27_721,VSS,Metal1,353.5260,120.4990,0.000000
FILLER_27_714,VSS,Metal1,350.1660,120.4990,0.000000
FILLER_27_707,VSS,Metal1,346.8060,120.4990,0.000000
FILLER_27_700,VSS,Metal1,343.4460,120.4990,0.000000
FILLER_27_693,VSS,Metal1,340.0860,120.4990,0.000000
FILLER_27_686,VSS,Metal1,336.7260,120.4990,0.000000
FILLER_27_679,VSS,Metal1,333.3660,120.4990,0.000000
FILLER_27_672,VSS,Metal1,330.0060,120.4990,0.000000
FILLER_27_665,VSS,Metal1,326.6460,120.4990,0.000000
FILLER_27_658,VSS,Metal1,323.2860,120.4990,0.000000
FILLER_27_651,VSS,Metal1,319.9260,120.4990,0.000000
FILLER_27_644,VSS,Metal1,316.5660,120.4990,0.000000
FILLER_27_637,VSS,Metal1,313.2060,120.4990,0.000000
FILLER_27_630,VSS,Metal1,309.8460,120.4990,0.000000
FILLER_27_623,VSS,Metal1,306.4860,120.4990,0.000000
FILLER_27_616,VSS,Metal1,303.1260,120.4990,0.000000
FILLER_27_609,VSS,Metal1,299.7660,120.4990,0.000000
FILLER_27_602,VSS,Metal1,296.4060,120.4990,0.000000
FILLER_27_595,VSS,Metal1,293.0460,120.4990,0.000000
FILLER_27_588,VSS,Metal1,289.6860,120.4990,0.000000
FILLER_27_581,VSS,Metal1,286.3260,120.4990,0.000000
FILLER_27_574,VSS,Metal1,282.9660,120.4990,0.000000
FILLER_27_567,VSS,Metal1,279.6060,120.4990,0.000000
FILLER_27_560,VSS,Metal1,276.2460,120.4990,0.000000
FILLER_27_553,VSS,Metal1,272.8860,120.4990,0.000000
FILLER_27_546,VSS,Metal1,269.5260,120.4990,0.000000
FILLER_27_539,VSS,Metal1,266.1660,120.4990,0.000000
FILLER_27_532,VSS,Metal1,262.8060,120.4990,0.000000
FILLER_27_525,VSS,Metal1,259.4460,120.4990,0.000000
FILLER_27_518,VSS,Metal1,256.0860,120.4990,0.000000
FILLER_27_511,VSS,Metal1,252.7260,120.4990,0.000000
FILLER_27_504,VSS,Metal1,249.3660,120.4990,0.000000
FILLER_27_497,VSS,Metal1,246.0060,120.4990,0.000000
FILLER_27_490,VSS,Metal1,242.6460,120.4990,0.000000
FILLER_27_483,VSS,Metal1,239.2860,120.4990,0.000000
FILLER_27_476,VSS,Metal1,235.9260,120.4990,0.000000
FILLER_27_469,VSS,Metal1,232.5660,120.4990,0.000000
FILLER_27_462,VSS,Metal1,229.2060,120.4990,0.000000
FILLER_27_455,VSS,Metal1,225.8460,120.4990,0.000000
FILLER_27_448,VSS,Metal1,222.4860,120.4990,0.000000
FILLER_27_441,VSS,Metal1,219.1260,120.4990,0.000000
FILLER_27_434,VSS,Metal1,215.7660,120.4990,0.000000
FILLER_27_427,VSS,Metal1,212.4060,120.4990,0.000000
FILLER_27_420,VSS,Metal1,209.0460,120.4990,0.000000
FILLER_27_413,VSS,Metal1,205.6860,120.4990,0.000000
FILLER_27_406,VSS,Metal1,202.3260,120.4990,0.000000
FILLER_27_399,VSS,Metal1,198.9660,120.4990,0.000000
FILLER_27_392,VSS,Metal1,195.6060,120.4990,0.000000
FILLER_27_385,VSS,Metal1,192.2460,120.4990,0.000000
FILLER_27_378,VSS,Metal1,188.8860,120.4990,0.000000
FILLER_27_371,VSS,Metal1,185.5260,120.4990,0.000000
FILLER_27_364,VSS,Metal1,182.1660,120.4990,0.000000
FILLER_27_357,VSS,Metal1,178.8060,120.4990,0.000000
FILLER_27_350,VSS,Metal1,175.4460,120.4990,0.000000
FILLER_27_343,VSS,Metal1,172.0860,120.4990,0.000000
FILLER_27_336,VSS,Metal1,168.7260,120.4990,0.000000
FILLER_27_329,VSS,Metal1,165.3660,120.4990,0.000000
FILLER_27_322,VSS,Metal1,162.0060,120.4990,0.000000
FILLER_27_315,VSS,Metal1,158.6460,120.4990,0.000000
FILLER_27_308,VSS,Metal1,155.2860,120.4990,0.000000
FILLER_27_301,VSS,Metal1,151.9260,120.4990,0.000000
FILLER_27_294,VSS,Metal1,148.5660,120.4990,0.000000
FILLER_27_287,VSS,Metal1,145.2060,120.4990,0.000000
FILLER_27_280,VSS,Metal1,141.8460,120.4990,0.000000
FILLER_27_273,VSS,Metal1,138.4860,120.4990,0.000000
FILLER_27_266,VSS,Metal1,135.1260,120.4990,0.000000
FILLER_27_259,VSS,Metal1,131.7660,120.4990,0.000000
FILLER_27_252,VSS,Metal1,128.4060,120.4990,0.000000
FILLER_27_245,VSS,Metal1,125.0460,120.4990,0.000000
FILLER_27_238,VSS,Metal1,121.6860,120.4990,0.000000
FILLER_27_231,VSS,Metal1,118.3260,120.4990,0.000000
FILLER_27_224,VSS,Metal1,114.9660,120.4990,0.000000
FILLER_27_217,VSS,Metal1,111.6060,120.4990,0.000000
FILLER_27_210,VSS,Metal1,108.2460,120.4990,0.000000
FILLER_27_203,VSS,Metal1,104.8860,120.4990,0.000000
FILLER_27_196,VSS,Metal1,101.5260,120.4990,0.000000
FILLER_27_189,VSS,Metal1,98.1660,120.4990,0.000000
FILLER_27_182,VSS,Metal1,94.8060,120.4990,0.000000
FILLER_27_175,VSS,Metal1,91.4460,120.4990,0.000000
FILLER_27_168,VSS,Metal1,88.0860,120.4990,0.000000
FILLER_27_161,VSS,Metal1,84.7260,120.4990,0.000000
FILLER_27_154,VSS,Metal1,81.3660,120.4990,0.000000
FILLER_27_147,VSS,Metal1,78.0060,120.4990,0.000000
FILLER_27_140,VSS,Metal1,74.6460,120.4990,0.000000
FILLER_27_133,VSS,Metal1,71.2860,120.4990,0.000000
FILLER_27_126,VSS,Metal1,67.9260,120.4990,0.000000
FILLER_27_119,VSS,Metal1,64.5660,120.4990,0.000000
FILLER_27_112,VSS,Metal1,61.2060,120.4990,0.000000
FILLER_27_105,VSS,Metal1,57.8460,120.4990,0.000000
FILLER_27_98,VSS,Metal1,54.4860,120.4990,0.000000
FILLER_27_91,VSS,Metal1,51.1260,120.4990,0.000000
FILLER_27_84,VSS,Metal1,47.7660,120.4990,0.000000
FILLER_27_77,VSS,Metal1,44.4060,120.4990,0.000000
FILLER_27_70,VSS,Metal1,41.0460,120.4990,0.000000
FILLER_27_63,VSS,Metal1,37.6860,120.4990,0.000000
FILLER_27_56,VSS,Metal1,34.3260,120.4990,0.000000
FILLER_27_49,VSS,Metal1,30.9660,120.4990,0.000000
FILLER_27_42,VSS,Metal1,27.6060,120.4990,0.000000
FILLER_27_35,VSS,Metal1,24.2460,120.4990,0.000000
FILLER_27_28,VSS,Metal1,20.8860,120.4990,0.000000
FILLER_27_21,VSS,Metal1,17.5260,120.4990,0.000000
FILLER_27_14,VSS,Metal1,14.1660,120.4990,0.000000
FILLER_27_7,VSS,Metal1,10.8060,120.4990,0.000000
FILLER_27_0,VSS,Metal1,7.4460,120.4990,0.000000
FILLER_26_1099,VSS,Metal1,533.7600,113.4000,0.000000
FILLER_26_1092,VSS,Metal1,531.6060,113.8600,0.000000
FILLER_26_1085,VSS,Metal1,528.2460,113.8600,0.000000
FILLER_26_1078,VSS,Metal1,524.8860,113.8600,0.000000
FILLER_26_1071,VSS,Metal1,521.5260,113.8600,0.000000
FILLER_26_1064,VSS,Metal1,518.1660,113.8600,0.000000
FILLER_26_1057,VSS,Metal1,514.8060,113.8600,0.000000
FILLER_26_1050,VSS,Metal1,511.4460,113.8600,0.000000
FILLER_26_1043,VSS,Metal1,508.0860,113.8600,0.000000
FILLER_26_1036,VSS,Metal1,504.7260,113.8600,0.000000
FILLER_26_1029,VSS,Metal1,501.3660,113.8600,0.000000
FILLER_26_1022,VSS,Metal1,498.0060,113.8600,0.000000
FILLER_26_1015,VSS,Metal1,494.6460,113.8600,0.000000
FILLER_26_1008,VSS,Metal1,491.2860,113.8600,0.000000
FILLER_26_1001,VSS,Metal1,487.9260,113.8600,0.000000
FILLER_26_994,VSS,Metal1,484.5660,113.8600,0.000000
FILLER_26_987,VSS,Metal1,481.2060,113.8600,0.000000
FILLER_26_980,VSS,Metal1,477.8460,113.8600,0.000000
FILLER_26_973,VSS,Metal1,474.4860,113.8600,0.000000
FILLER_26_966,VSS,Metal1,471.1260,113.8600,0.000000
FILLER_26_959,VSS,Metal1,467.7660,113.8600,0.000000
FILLER_26_952,VSS,Metal1,464.4060,113.8600,0.000000
FILLER_26_945,VSS,Metal1,461.0460,113.8600,0.000000
FILLER_26_938,VSS,Metal1,457.6860,113.8600,0.000000
FILLER_26_931,VSS,Metal1,454.3260,113.8600,0.000000
FILLER_26_924,VSS,Metal1,450.9660,113.8600,0.000000
FILLER_26_917,VSS,Metal1,447.6060,113.8600,0.000000
FILLER_26_910,VSS,Metal1,444.2460,113.8600,0.000000
FILLER_26_903,VSS,Metal1,440.8860,113.8600,0.000000
FILLER_26_896,VSS,Metal1,437.5260,113.8600,0.000000
FILLER_26_889,VSS,Metal1,434.1660,113.8600,0.000000
FILLER_26_882,VSS,Metal1,430.8060,113.8600,0.000000
FILLER_26_875,VSS,Metal1,427.4460,113.8600,0.000000
FILLER_26_868,VSS,Metal1,424.0860,113.8600,0.000000
FILLER_26_861,VSS,Metal1,420.7260,113.8600,0.000000
FILLER_26_854,VSS,Metal1,417.3660,113.8600,0.000000
FILLER_26_847,VSS,Metal1,414.0060,113.8600,0.000000
FILLER_26_840,VSS,Metal1,410.6460,113.8600,0.000000
FILLER_26_833,VSS,Metal1,407.2860,113.8600,0.000000
FILLER_26_826,VSS,Metal1,403.9260,113.8600,0.000000
FILLER_26_819,VSS,Metal1,400.5660,113.8600,0.000000
FILLER_26_812,VSS,Metal1,397.2060,113.8600,0.000000
FILLER_26_805,VSS,Metal1,393.8460,113.8600,0.000000
FILLER_26_798,VSS,Metal1,390.4860,113.8600,0.000000
FILLER_26_791,VSS,Metal1,387.1260,113.8600,0.000000
FILLER_26_784,VSS,Metal1,383.7660,113.8600,0.000000
FILLER_26_777,VSS,Metal1,380.4060,113.8600,0.000000
FILLER_26_770,VSS,Metal1,377.0460,113.8600,0.000000
FILLER_26_763,VSS,Metal1,373.6860,113.8600,0.000000
FILLER_26_756,VSS,Metal1,370.3260,113.8600,0.000000
FILLER_26_749,VSS,Metal1,366.9660,113.8600,0.000000
FILLER_26_742,VSS,Metal1,363.6060,113.8600,0.000000
FILLER_26_735,VSS,Metal1,360.2460,113.8600,0.000000
FILLER_26_728,VSS,Metal1,356.8860,113.8600,0.000000
FILLER_26_721,VSS,Metal1,353.5260,113.8600,0.000000
FILLER_26_714,VSS,Metal1,350.1660,113.8600,0.000000
FILLER_26_707,VSS,Metal1,346.8060,113.8600,0.000000
FILLER_26_700,VSS,Metal1,343.4460,113.8600,0.000000
FILLER_26_693,VSS,Metal1,340.0860,113.8600,0.000000
FILLER_26_686,VSS,Metal1,336.7260,113.8600,0.000000
FILLER_26_679,VSS,Metal1,333.3660,113.8600,0.000000
FILLER_26_672,VSS,Metal1,330.0060,113.8600,0.000000
FILLER_26_665,VSS,Metal1,326.6460,113.8600,0.000000
FILLER_26_658,VSS,Metal1,323.2860,113.8600,0.000000
FILLER_26_651,VSS,Metal1,319.9260,113.8600,0.000000
FILLER_26_644,VSS,Metal1,316.5660,113.8600,0.000000
FILLER_26_637,VSS,Metal1,313.2060,113.8600,0.000000
FILLER_26_630,VSS,Metal1,309.8460,113.8600,0.000000
FILLER_26_623,VSS,Metal1,306.4860,113.8600,0.000000
FILLER_26_616,VSS,Metal1,303.1260,113.8600,0.000000
FILLER_26_609,VSS,Metal1,299.7660,113.8600,0.000000
FILLER_26_602,VSS,Metal1,296.4060,113.8600,0.000000
FILLER_26_595,VSS,Metal1,293.0460,113.8600,0.000000
FILLER_26_588,VSS,Metal1,289.6860,113.8600,0.000000
FILLER_26_581,VSS,Metal1,286.3260,113.8600,0.000000
FILLER_26_574,VSS,Metal1,282.9660,113.8600,0.000000
FILLER_26_567,VSS,Metal1,279.6060,113.8600,0.000000
FILLER_26_560,VSS,Metal1,276.2460,113.8600,0.000000
FILLER_26_553,VSS,Metal1,272.8860,113.8600,0.000000
FILLER_26_546,VSS,Metal1,269.5260,113.8600,0.000000
FILLER_26_539,VSS,Metal1,266.1660,113.8600,0.000000
FILLER_26_532,VSS,Metal1,262.8060,113.8600,0.000000
FILLER_26_525,VSS,Metal1,259.4460,113.8600,0.000000
FILLER_26_518,VSS,Metal1,256.0860,113.8600,0.000000
FILLER_26_511,VSS,Metal1,252.7260,113.8600,0.000000
FILLER_26_504,VSS,Metal1,249.3660,113.8600,0.000000
FILLER_26_497,VSS,Metal1,246.0060,113.8600,0.000000
FILLER_26_490,VSS,Metal1,242.6460,113.8600,0.000000
FILLER_26_483,VSS,Metal1,239.2860,113.8600,0.000000
FILLER_26_476,VSS,Metal1,235.9260,113.8600,0.000000
FILLER_26_469,VSS,Metal1,232.5660,113.8600,0.000000
FILLER_26_462,VSS,Metal1,229.2060,113.8600,0.000000
FILLER_26_455,VSS,Metal1,225.8460,113.8600,0.000000
FILLER_26_448,VSS,Metal1,222.4860,113.8600,0.000000
FILLER_26_441,VSS,Metal1,219.1260,113.8600,0.000000
FILLER_26_434,VSS,Metal1,215.7660,113.8600,0.000000
FILLER_26_427,VSS,Metal1,212.4060,113.8600,0.000000
FILLER_26_420,VSS,Metal1,209.0460,113.8600,0.000000
FILLER_26_413,VSS,Metal1,205.6860,113.8600,0.000000
FILLER_26_406,VSS,Metal1,202.3260,113.8600,0.000000
FILLER_26_399,VSS,Metal1,198.9660,113.8600,0.000000
FILLER_26_392,VSS,Metal1,195.6060,113.8600,0.000000
FILLER_26_385,VSS,Metal1,192.2460,113.8600,0.000000
FILLER_26_378,VSS,Metal1,188.8860,113.8600,0.000000
FILLER_26_371,VSS,Metal1,185.5260,113.8600,0.000000
FILLER_26_364,VSS,Metal1,182.1660,113.8600,0.000000
FILLER_26_357,VSS,Metal1,178.8060,113.8600,0.000000
FILLER_26_350,VSS,Metal1,175.4460,113.8600,0.000000
FILLER_26_343,VSS,Metal1,172.0860,113.8600,0.000000
FILLER_26_336,VSS,Metal1,168.7260,113.8600,0.000000
FILLER_26_329,VSS,Metal1,165.3660,113.8600,0.000000
FILLER_26_322,VSS,Metal1,162.0060,113.8600,0.000000
FILLER_26_315,VSS,Metal1,158.6460,113.8600,0.000000
FILLER_26_308,VSS,Metal1,155.2860,113.8600,0.000000
FILLER_26_301,VSS,Metal1,151.9260,113.8600,0.000000
FILLER_26_294,VSS,Metal1,148.5660,113.8600,0.000000
FILLER_26_287,VSS,Metal1,145.2060,113.8600,0.000000
FILLER_26_280,VSS,Metal1,141.8460,113.8600,0.000000
FILLER_26_273,VSS,Metal1,138.4860,113.8600,0.000000
FILLER_26_266,VSS,Metal1,135.1260,113.8600,0.000000
FILLER_26_259,VSS,Metal1,131.7660,113.8600,0.000000
FILLER_26_252,VSS,Metal1,128.4060,113.8600,0.000000
FILLER_26_245,VSS,Metal1,125.0460,113.8600,0.000000
FILLER_26_238,VSS,Metal1,121.6860,113.8600,0.000000
FILLER_26_231,VSS,Metal1,118.3260,113.8600,0.000000
FILLER_26_224,VSS,Metal1,114.9660,113.8600,0.000000
FILLER_26_217,VSS,Metal1,111.6060,113.8600,0.000000
FILLER_26_210,VSS,Metal1,108.2460,113.8600,0.000000
FILLER_26_203,VSS,Metal1,104.8860,113.8600,0.000000
FILLER_26_196,VSS,Metal1,101.5260,113.8600,0.000000
FILLER_26_189,VSS,Metal1,98.1660,113.8600,0.000000
FILLER_26_182,VSS,Metal1,94.8060,113.8600,0.000000
FILLER_26_175,VSS,Metal1,91.4460,113.8600,0.000000
FILLER_26_168,VSS,Metal1,88.0860,113.8600,0.000000
FILLER_26_161,VSS,Metal1,84.7260,113.8600,0.000000
FILLER_26_154,VSS,Metal1,81.3660,113.8600,0.000000
FILLER_26_147,VSS,Metal1,78.0060,113.8600,0.000000
FILLER_26_140,VSS,Metal1,74.6460,113.8600,0.000000
FILLER_26_133,VSS,Metal1,71.2860,113.8600,0.000000
FILLER_26_126,VSS,Metal1,67.9260,113.8600,0.000000
FILLER_26_119,VSS,Metal1,64.5660,113.8600,0.000000
FILLER_26_112,VSS,Metal1,61.2060,113.8600,0.000000
FILLER_26_105,VSS,Metal1,57.8460,113.8600,0.000000
FILLER_26_98,VSS,Metal1,54.4860,113.8600,0.000000
FILLER_26_91,VSS,Metal1,51.1260,113.8600,0.000000
FILLER_26_84,VSS,Metal1,47.7660,113.8600,0.000000
FILLER_26_77,VSS,Metal1,44.4060,113.8600,0.000000
FILLER_26_70,VSS,Metal1,41.0460,113.8600,0.000000
FILLER_26_63,VSS,Metal1,37.6860,113.8600,0.000000
FILLER_26_56,VSS,Metal1,34.3260,113.8600,0.000000
FILLER_26_49,VSS,Metal1,30.9660,113.8600,0.000000
FILLER_26_42,VSS,Metal1,27.6060,113.8600,0.000000
FILLER_26_35,VSS,Metal1,24.2460,113.8600,0.000000
FILLER_26_28,VSS,Metal1,20.8860,113.8600,0.000000
FILLER_26_21,VSS,Metal1,17.5260,113.8600,0.000000
FILLER_26_14,VSS,Metal1,14.1660,113.8600,0.000000
FILLER_26_7,VSS,Metal1,10.8060,113.8600,0.000000
FILLER_26_0,VSS,Metal1,7.4460,113.8600,0.000000
FILLER_25_1099,VSS,Metal1,533.7600,113.4000,0.000000
FILLER_25_1092,VSS,Metal1,531.6060,112.9390,0.000000
FILLER_25_1085,VSS,Metal1,528.2460,112.9390,0.000000
FILLER_25_1078,VSS,Metal1,524.8860,112.9390,0.000000
FILLER_25_1071,VSS,Metal1,521.5260,112.9390,0.000000
FILLER_25_1064,VSS,Metal1,518.1660,112.9390,0.000000
FILLER_25_1057,VSS,Metal1,514.8060,112.9390,0.000000
FILLER_25_1050,VSS,Metal1,511.4460,112.9390,0.000000
FILLER_25_1043,VSS,Metal1,508.0860,112.9390,0.000000
FILLER_25_1036,VSS,Metal1,504.7260,112.9390,0.000000
FILLER_25_1029,VSS,Metal1,501.3660,112.9390,0.000000
FILLER_25_1022,VSS,Metal1,498.0060,112.9390,0.000000
FILLER_25_1015,VSS,Metal1,494.6460,112.9390,0.000000
FILLER_25_1008,VSS,Metal1,491.2860,112.9390,0.000000
FILLER_25_1001,VSS,Metal1,487.9260,112.9390,0.000000
FILLER_25_994,VSS,Metal1,484.5660,112.9390,0.000000
FILLER_25_987,VSS,Metal1,481.2060,112.9390,0.000000
FILLER_25_980,VSS,Metal1,477.8460,112.9390,0.000000
FILLER_25_973,VSS,Metal1,474.4860,112.9390,0.000000
FILLER_25_966,VSS,Metal1,471.1260,112.9390,0.000000
FILLER_25_959,VSS,Metal1,467.7660,112.9390,0.000000
FILLER_25_952,VSS,Metal1,464.4060,112.9390,0.000000
FILLER_25_945,VSS,Metal1,461.0460,112.9390,0.000000
FILLER_25_938,VSS,Metal1,457.6860,112.9390,0.000000
FILLER_25_931,VSS,Metal1,454.3260,112.9390,0.000000
FILLER_25_924,VSS,Metal1,450.9660,112.9390,0.000000
FILLER_25_917,VSS,Metal1,447.6060,112.9390,0.000000
FILLER_25_910,VSS,Metal1,444.2460,112.9390,0.000000
FILLER_25_903,VSS,Metal1,440.8860,112.9390,0.000000
FILLER_25_896,VSS,Metal1,437.5260,112.9390,0.000000
FILLER_25_889,VSS,Metal1,434.1660,112.9390,0.000000
FILLER_25_882,VSS,Metal1,430.8060,112.9390,0.000000
FILLER_25_875,VSS,Metal1,427.4460,112.9390,0.000000
FILLER_25_868,VSS,Metal1,424.0860,112.9390,0.000000
FILLER_25_861,VSS,Metal1,420.7260,112.9390,0.000000
FILLER_25_854,VSS,Metal1,417.3660,112.9390,0.000000
FILLER_25_847,VSS,Metal1,414.0060,112.9390,0.000000
FILLER_25_840,VSS,Metal1,410.6460,112.9390,0.000000
FILLER_25_833,VSS,Metal1,407.2860,112.9390,0.000000
FILLER_25_826,VSS,Metal1,403.9260,112.9390,0.000000
FILLER_25_819,VSS,Metal1,400.5660,112.9390,0.000000
FILLER_25_812,VSS,Metal1,397.2060,112.9390,0.000000
FILLER_25_805,VSS,Metal1,393.8460,112.9390,0.000000
FILLER_25_798,VSS,Metal1,390.4860,112.9390,0.000000
FILLER_25_791,VSS,Metal1,387.1260,112.9390,0.000000
FILLER_25_784,VSS,Metal1,383.7660,112.9390,0.000000
FILLER_25_777,VSS,Metal1,380.4060,112.9390,0.000000
FILLER_25_770,VSS,Metal1,377.0460,112.9390,0.000000
FILLER_25_763,VSS,Metal1,373.6860,112.9390,0.000000
FILLER_25_756,VSS,Metal1,370.3260,112.9390,0.000000
FILLER_25_749,VSS,Metal1,366.9660,112.9390,0.000000
FILLER_25_742,VSS,Metal1,363.6060,112.9390,0.000000
FILLER_25_735,VSS,Metal1,360.2460,112.9390,0.000000
FILLER_25_728,VSS,Metal1,356.8860,112.9390,0.000000
FILLER_25_721,VSS,Metal1,353.5260,112.9390,0.000000
FILLER_25_714,VSS,Metal1,350.1660,112.9390,0.000000
FILLER_25_707,VSS,Metal1,346.8060,112.9390,0.000000
FILLER_25_700,VSS,Metal1,343.4460,112.9390,0.000000
FILLER_25_693,VSS,Metal1,340.0860,112.9390,0.000000
FILLER_25_686,VSS,Metal1,336.7260,112.9390,0.000000
FILLER_25_679,VSS,Metal1,333.3660,112.9390,0.000000
FILLER_25_672,VSS,Metal1,330.0060,112.9390,0.000000
FILLER_25_665,VSS,Metal1,326.6460,112.9390,0.000000
FILLER_25_658,VSS,Metal1,323.2860,112.9390,0.000000
FILLER_25_651,VSS,Metal1,319.9260,112.9390,0.000000
FILLER_25_644,VSS,Metal1,316.5660,112.9390,0.000000
FILLER_25_637,VSS,Metal1,313.2060,112.9390,0.000000
FILLER_25_630,VSS,Metal1,309.8460,112.9390,0.000000
FILLER_25_623,VSS,Metal1,306.4860,112.9390,0.000000
FILLER_25_616,VSS,Metal1,303.1260,112.9390,0.000000
FILLER_25_609,VSS,Metal1,299.7660,112.9390,0.000000
FILLER_25_602,VSS,Metal1,296.4060,112.9390,0.000000
FILLER_25_595,VSS,Metal1,293.0460,112.9390,0.000000
FILLER_25_588,VSS,Metal1,289.6860,112.9390,0.000000
FILLER_25_581,VSS,Metal1,286.3260,112.9390,0.000000
FILLER_25_574,VSS,Metal1,282.9660,112.9390,0.000000
FILLER_25_567,VSS,Metal1,279.6060,112.9390,0.000000
FILLER_25_560,VSS,Metal1,276.2460,112.9390,0.000000
FILLER_25_553,VSS,Metal1,272.8860,112.9390,0.000000
FILLER_25_546,VSS,Metal1,269.5260,112.9390,0.000000
FILLER_25_539,VSS,Metal1,266.1660,112.9390,0.000000
FILLER_25_532,VSS,Metal1,262.8060,112.9390,0.000000
FILLER_25_525,VSS,Metal1,259.4460,112.9390,0.000000
FILLER_25_518,VSS,Metal1,256.0860,112.9390,0.000000
FILLER_25_511,VSS,Metal1,252.7260,112.9390,0.000000
FILLER_25_504,VSS,Metal1,249.3660,112.9390,0.000000
FILLER_25_497,VSS,Metal1,246.0060,112.9390,0.000000
FILLER_25_490,VSS,Metal1,242.6460,112.9390,0.000000
FILLER_25_483,VSS,Metal1,239.2860,112.9390,0.000000
FILLER_25_476,VSS,Metal1,235.9260,112.9390,0.000000
FILLER_25_469,VSS,Metal1,232.5660,112.9390,0.000000
FILLER_25_462,VSS,Metal1,229.2060,112.9390,0.000000
FILLER_25_455,VSS,Metal1,225.8460,112.9390,0.000000
FILLER_25_448,VSS,Metal1,222.4860,112.9390,0.000000
FILLER_25_441,VSS,Metal1,219.1260,112.9390,0.000000
FILLER_25_434,VSS,Metal1,215.7660,112.9390,0.000000
FILLER_25_427,VSS,Metal1,212.4060,112.9390,0.000000
FILLER_25_420,VSS,Metal1,209.0460,112.9390,0.000000
FILLER_25_413,VSS,Metal1,205.6860,112.9390,0.000000
FILLER_25_406,VSS,Metal1,202.3260,112.9390,0.000000
FILLER_25_399,VSS,Metal1,198.9660,112.9390,0.000000
FILLER_25_392,VSS,Metal1,195.6060,112.9390,0.000000
FILLER_25_385,VSS,Metal1,192.2460,112.9390,0.000000
FILLER_25_378,VSS,Metal1,188.8860,112.9390,0.000000
FILLER_25_371,VSS,Metal1,185.5260,112.9390,0.000000
FILLER_25_364,VSS,Metal1,182.1660,112.9390,0.000000
FILLER_25_357,VSS,Metal1,178.8060,112.9390,0.000000
FILLER_25_350,VSS,Metal1,175.4460,112.9390,0.000000
FILLER_25_343,VSS,Metal1,172.0860,112.9390,0.000000
FILLER_25_336,VSS,Metal1,168.7260,112.9390,0.000000
FILLER_25_329,VSS,Metal1,165.3660,112.9390,0.000000
FILLER_25_322,VSS,Metal1,162.0060,112.9390,0.000000
FILLER_25_315,VSS,Metal1,158.6460,112.9390,0.000000
FILLER_25_308,VSS,Metal1,155.2860,112.9390,0.000000
FILLER_25_301,VSS,Metal1,151.9260,112.9390,0.000000
FILLER_25_294,VSS,Metal1,148.5660,112.9390,0.000000
FILLER_25_287,VSS,Metal1,145.2060,112.9390,0.000000
FILLER_25_280,VSS,Metal1,141.8460,112.9390,0.000000
FILLER_25_273,VSS,Metal1,138.4860,112.9390,0.000000
FILLER_25_266,VSS,Metal1,135.1260,112.9390,0.000000
FILLER_25_259,VSS,Metal1,131.7660,112.9390,0.000000
FILLER_25_252,VSS,Metal1,128.4060,112.9390,0.000000
FILLER_25_245,VSS,Metal1,125.0460,112.9390,0.000000
FILLER_25_238,VSS,Metal1,121.6860,112.9390,0.000000
FILLER_25_231,VSS,Metal1,118.3260,112.9390,0.000000
FILLER_25_224,VSS,Metal1,114.9660,112.9390,0.000000
FILLER_25_217,VSS,Metal1,111.6060,112.9390,0.000000
FILLER_25_210,VSS,Metal1,108.2460,112.9390,0.000000
FILLER_25_203,VSS,Metal1,104.8860,112.9390,0.000000
FILLER_25_196,VSS,Metal1,101.5260,112.9390,0.000000
FILLER_25_189,VSS,Metal1,98.1660,112.9390,0.000000
FILLER_25_182,VSS,Metal1,94.8060,112.9390,0.000000
FILLER_25_175,VSS,Metal1,91.4460,112.9390,0.000000
FILLER_25_168,VSS,Metal1,88.0860,112.9390,0.000000
FILLER_25_161,VSS,Metal1,84.7260,112.9390,0.000000
FILLER_25_154,VSS,Metal1,81.3660,112.9390,0.000000
FILLER_25_147,VSS,Metal1,78.0060,112.9390,0.000000
FILLER_25_140,VSS,Metal1,74.6460,112.9390,0.000000
FILLER_25_133,VSS,Metal1,71.2860,112.9390,0.000000
FILLER_25_126,VSS,Metal1,67.9260,112.9390,0.000000
FILLER_25_119,VSS,Metal1,64.5660,112.9390,0.000000
FILLER_25_112,VSS,Metal1,61.2060,112.9390,0.000000
FILLER_25_105,VSS,Metal1,57.8460,112.9390,0.000000
FILLER_25_98,VSS,Metal1,54.4860,112.9390,0.000000
FILLER_25_91,VSS,Metal1,51.1260,112.9390,0.000000
FILLER_25_84,VSS,Metal1,47.7660,112.9390,0.000000
FILLER_25_77,VSS,Metal1,44.4060,112.9390,0.000000
FILLER_25_70,VSS,Metal1,41.0460,112.9390,0.000000
FILLER_25_63,VSS,Metal1,37.6860,112.9390,0.000000
FILLER_25_56,VSS,Metal1,34.3260,112.9390,0.000000
FILLER_25_49,VSS,Metal1,30.9660,112.9390,0.000000
FILLER_25_42,VSS,Metal1,27.6060,112.9390,0.000000
FILLER_25_35,VSS,Metal1,24.2460,112.9390,0.000000
FILLER_25_28,VSS,Metal1,20.8860,112.9390,0.000000
FILLER_25_21,VSS,Metal1,17.5260,112.9390,0.000000
FILLER_25_14,VSS,Metal1,14.1660,112.9390,0.000000
FILLER_25_7,VSS,Metal1,10.8060,112.9390,0.000000
FILLER_25_0,VSS,Metal1,7.4460,112.9390,0.000000
FILLER_24_1099,VSS,Metal1,533.7600,105.8400,0.000000
FILLER_24_1092,VSS,Metal1,531.6060,106.3000,0.000000
FILLER_24_1085,VSS,Metal1,528.2460,106.3000,0.000000
FILLER_24_1078,VSS,Metal1,524.8860,106.3000,0.000000
FILLER_24_1071,VSS,Metal1,521.5260,106.3000,0.000000
FILLER_24_1064,VSS,Metal1,518.1660,106.3000,0.000000
FILLER_24_1057,VSS,Metal1,514.8060,106.3000,0.000000
FILLER_24_1050,VSS,Metal1,511.4460,106.3000,0.000000
FILLER_24_1043,VSS,Metal1,508.0860,106.3000,0.000000
FILLER_24_1036,VSS,Metal1,504.7260,106.3000,0.000000
FILLER_24_1029,VSS,Metal1,501.3660,106.3000,0.000000
FILLER_24_1022,VSS,Metal1,498.0060,106.3000,0.000000
FILLER_24_1015,VSS,Metal1,494.6460,106.3000,0.000000
FILLER_24_1008,VSS,Metal1,491.2860,106.3000,0.000000
FILLER_24_1001,VSS,Metal1,487.9260,106.3000,0.000000
FILLER_24_994,VSS,Metal1,484.5660,106.3000,0.000000
FILLER_24_987,VSS,Metal1,481.2060,106.3000,0.000000
FILLER_24_980,VSS,Metal1,477.8460,106.3000,0.000000
FILLER_24_973,VSS,Metal1,474.4860,106.3000,0.000000
FILLER_24_966,VSS,Metal1,471.1260,106.3000,0.000000
FILLER_24_959,VSS,Metal1,467.7660,106.3000,0.000000
FILLER_24_952,VSS,Metal1,464.4060,106.3000,0.000000
FILLER_24_945,VSS,Metal1,461.0460,106.3000,0.000000
FILLER_24_938,VSS,Metal1,457.6860,106.3000,0.000000
FILLER_24_931,VSS,Metal1,454.3260,106.3000,0.000000
FILLER_24_924,VSS,Metal1,450.9660,106.3000,0.000000
FILLER_24_917,VSS,Metal1,447.6060,106.3000,0.000000
FILLER_24_910,VSS,Metal1,444.2460,106.3000,0.000000
FILLER_24_903,VSS,Metal1,440.8860,106.3000,0.000000
FILLER_24_896,VSS,Metal1,437.5260,106.3000,0.000000
FILLER_24_889,VSS,Metal1,434.1660,106.3000,0.000000
FILLER_24_882,VSS,Metal1,430.8060,106.3000,0.000000
FILLER_24_875,VSS,Metal1,427.4460,106.3000,0.000000
FILLER_24_868,VSS,Metal1,424.0860,106.3000,0.000000
FILLER_24_861,VSS,Metal1,420.7260,106.3000,0.000000
FILLER_24_854,VSS,Metal1,417.3660,106.3000,0.000000
FILLER_24_847,VSS,Metal1,414.0060,106.3000,0.000000
FILLER_24_840,VSS,Metal1,410.6460,106.3000,0.000000
FILLER_24_833,VSS,Metal1,407.2860,106.3000,0.000000
FILLER_24_826,VSS,Metal1,403.9260,106.3000,0.000000
FILLER_24_819,VSS,Metal1,400.5660,106.3000,0.000000
FILLER_24_812,VSS,Metal1,397.2060,106.3000,0.000000
FILLER_24_805,VSS,Metal1,393.8460,106.3000,0.000000
FILLER_24_798,VSS,Metal1,390.4860,106.3000,0.000000
FILLER_24_791,VSS,Metal1,387.1260,106.3000,0.000000
FILLER_24_784,VSS,Metal1,383.7660,106.3000,0.000000
FILLER_24_777,VSS,Metal1,380.4060,106.3000,0.000000
FILLER_24_770,VSS,Metal1,377.0460,106.3000,0.000000
FILLER_24_763,VSS,Metal1,373.6860,106.3000,0.000000
FILLER_24_756,VSS,Metal1,370.3260,106.3000,0.000000
FILLER_24_749,VSS,Metal1,366.9660,106.3000,0.000000
FILLER_24_742,VSS,Metal1,363.6060,106.3000,0.000000
FILLER_24_735,VSS,Metal1,360.2460,106.3000,0.000000
FILLER_24_728,VSS,Metal1,356.8860,106.3000,0.000000
FILLER_24_721,VSS,Metal1,353.5260,106.3000,0.000000
FILLER_24_714,VSS,Metal1,350.1660,106.3000,0.000000
FILLER_24_707,VSS,Metal1,346.8060,106.3000,0.000000
FILLER_24_700,VSS,Metal1,343.4460,106.3000,0.000000
FILLER_24_693,VSS,Metal1,340.0860,106.3000,0.000000
FILLER_24_686,VSS,Metal1,336.7260,106.3000,0.000000
FILLER_24_679,VSS,Metal1,333.3660,106.3000,0.000000
FILLER_24_672,VSS,Metal1,330.0060,106.3000,0.000000
FILLER_24_665,VSS,Metal1,326.6460,106.3000,0.000000
FILLER_24_658,VSS,Metal1,323.2860,106.3000,0.000000
FILLER_24_651,VSS,Metal1,319.9260,106.3000,0.000000
FILLER_24_644,VSS,Metal1,316.5660,106.3000,0.000000
FILLER_24_637,VSS,Metal1,313.2060,106.3000,0.000000
FILLER_24_630,VSS,Metal1,309.8460,106.3000,0.000000
FILLER_24_623,VSS,Metal1,306.4860,106.3000,0.000000
FILLER_24_616,VSS,Metal1,303.1260,106.3000,0.000000
FILLER_24_609,VSS,Metal1,299.7660,106.3000,0.000000
FILLER_24_602,VSS,Metal1,296.4060,106.3000,0.000000
FILLER_24_595,VSS,Metal1,293.0460,106.3000,0.000000
FILLER_24_588,VSS,Metal1,289.6860,106.3000,0.000000
FILLER_24_581,VSS,Metal1,286.3260,106.3000,0.000000
FILLER_24_574,VSS,Metal1,282.9660,106.3000,0.000000
FILLER_24_567,VSS,Metal1,279.6060,106.3000,0.000000
FILLER_24_560,VSS,Metal1,276.2460,106.3000,0.000000
FILLER_24_553,VSS,Metal1,272.8860,106.3000,0.000000
FILLER_24_546,VSS,Metal1,269.5260,106.3000,0.000000
FILLER_24_539,VSS,Metal1,266.1660,106.3000,0.000000
FILLER_24_532,VSS,Metal1,262.8060,106.3000,0.000000
FILLER_24_525,VSS,Metal1,259.4460,106.3000,0.000000
FILLER_24_518,VSS,Metal1,256.0860,106.3000,0.000000
FILLER_24_511,VSS,Metal1,252.7260,106.3000,0.000000
FILLER_24_504,VSS,Metal1,249.3660,106.3000,0.000000
FILLER_24_497,VSS,Metal1,246.0060,106.3000,0.000000
FILLER_24_490,VSS,Metal1,242.6460,106.3000,0.000000
FILLER_24_483,VSS,Metal1,239.2860,106.3000,0.000000
FILLER_24_476,VSS,Metal1,235.9260,106.3000,0.000000
FILLER_24_469,VSS,Metal1,232.5660,106.3000,0.000000
FILLER_24_462,VSS,Metal1,229.2060,106.3000,0.000000
FILLER_24_455,VSS,Metal1,225.8460,106.3000,0.000000
FILLER_24_448,VSS,Metal1,222.4860,106.3000,0.000000
FILLER_24_441,VSS,Metal1,219.1260,106.3000,0.000000
FILLER_24_434,VSS,Metal1,215.7660,106.3000,0.000000
FILLER_24_427,VSS,Metal1,212.4060,106.3000,0.000000
FILLER_24_420,VSS,Metal1,209.0460,106.3000,0.000000
FILLER_24_413,VSS,Metal1,205.6860,106.3000,0.000000
FILLER_24_406,VSS,Metal1,202.3260,106.3000,0.000000
FILLER_24_399,VSS,Metal1,198.9660,106.3000,0.000000
FILLER_24_392,VSS,Metal1,195.6060,106.3000,0.000000
FILLER_24_385,VSS,Metal1,192.2460,106.3000,0.000000
FILLER_24_378,VSS,Metal1,188.8860,106.3000,0.000000
FILLER_24_371,VSS,Metal1,185.5260,106.3000,0.000000
FILLER_24_364,VSS,Metal1,182.1660,106.3000,0.000000
FILLER_24_357,VSS,Metal1,178.8060,106.3000,0.000000
FILLER_24_350,VSS,Metal1,175.4460,106.3000,0.000000
FILLER_24_343,VSS,Metal1,172.0860,106.3000,0.000000
FILLER_24_336,VSS,Metal1,168.7260,106.3000,0.000000
FILLER_24_329,VSS,Metal1,165.3660,106.3000,0.000000
FILLER_24_322,VSS,Metal1,162.0060,106.3000,0.000000
FILLER_24_315,VSS,Metal1,158.6460,106.3000,0.000000
FILLER_24_308,VSS,Metal1,155.2860,106.3000,0.000000
FILLER_24_301,VSS,Metal1,151.9260,106.3000,0.000000
FILLER_24_294,VSS,Metal1,148.5660,106.3000,0.000000
FILLER_24_287,VSS,Metal1,145.2060,106.3000,0.000000
FILLER_24_280,VSS,Metal1,141.8460,106.3000,0.000000
FILLER_24_273,VSS,Metal1,138.4860,106.3000,0.000000
FILLER_24_266,VSS,Metal1,135.1260,106.3000,0.000000
FILLER_24_259,VSS,Metal1,131.7660,106.3000,0.000000
FILLER_24_252,VSS,Metal1,128.4060,106.3000,0.000000
FILLER_24_245,VSS,Metal1,125.0460,106.3000,0.000000
FILLER_24_238,VSS,Metal1,121.6860,106.3000,0.000000
FILLER_24_231,VSS,Metal1,118.3260,106.3000,0.000000
FILLER_24_224,VSS,Metal1,114.9660,106.3000,0.000000
FILLER_24_217,VSS,Metal1,111.6060,106.3000,0.000000
FILLER_24_210,VSS,Metal1,108.2460,106.3000,0.000000
FILLER_24_203,VSS,Metal1,104.8860,106.3000,0.000000
FILLER_24_196,VSS,Metal1,101.5260,106.3000,0.000000
FILLER_24_189,VSS,Metal1,98.1660,106.3000,0.000000
FILLER_24_182,VSS,Metal1,94.8060,106.3000,0.000000
FILLER_24_175,VSS,Metal1,91.4460,106.3000,0.000000
FILLER_24_168,VSS,Metal1,88.0860,106.3000,0.000000
FILLER_24_161,VSS,Metal1,84.7260,106.3000,0.000000
FILLER_24_154,VSS,Metal1,81.3660,106.3000,0.000000
FILLER_24_147,VSS,Metal1,78.0060,106.3000,0.000000
FILLER_24_140,VSS,Metal1,74.6460,106.3000,0.000000
FILLER_24_133,VSS,Metal1,71.2860,106.3000,0.000000
FILLER_24_126,VSS,Metal1,67.9260,106.3000,0.000000
FILLER_24_119,VSS,Metal1,64.5660,106.3000,0.000000
FILLER_24_112,VSS,Metal1,61.2060,106.3000,0.000000
FILLER_24_105,VSS,Metal1,57.8460,106.3000,0.000000
FILLER_24_98,VSS,Metal1,54.4860,106.3000,0.000000
FILLER_24_91,VSS,Metal1,51.1260,106.3000,0.000000
FILLER_24_84,VSS,Metal1,47.7660,106.3000,0.000000
FILLER_24_77,VSS,Metal1,44.4060,106.3000,0.000000
FILLER_24_70,VSS,Metal1,41.0460,106.3000,0.000000
FILLER_24_63,VSS,Metal1,37.6860,106.3000,0.000000
FILLER_24_56,VSS,Metal1,34.3260,106.3000,0.000000
FILLER_24_49,VSS,Metal1,30.9660,106.3000,0.000000
FILLER_24_42,VSS,Metal1,27.6060,106.3000,0.000000
FILLER_24_35,VSS,Metal1,24.2460,106.3000,0.000000
FILLER_24_28,VSS,Metal1,20.8860,106.3000,0.000000
FILLER_24_21,VSS,Metal1,17.5260,106.3000,0.000000
FILLER_24_14,VSS,Metal1,14.1660,106.3000,0.000000
FILLER_24_7,VSS,Metal1,10.8060,106.3000,0.000000
FILLER_24_0,VSS,Metal1,7.4460,106.3000,0.000000
FILLER_23_1099,VSS,Metal1,533.7600,105.8400,0.000000
FILLER_23_1092,VSS,Metal1,531.6060,105.3790,0.000000
FILLER_23_1085,VSS,Metal1,528.2460,105.3790,0.000000
FILLER_23_1078,VSS,Metal1,524.8860,105.3790,0.000000
FILLER_23_1071,VSS,Metal1,521.5260,105.3790,0.000000
FILLER_23_1064,VSS,Metal1,518.1660,105.3790,0.000000
FILLER_23_1057,VSS,Metal1,514.8060,105.3790,0.000000
FILLER_23_1050,VSS,Metal1,511.4460,105.3790,0.000000
FILLER_23_1043,VSS,Metal1,508.0860,105.3790,0.000000
FILLER_23_1036,VSS,Metal1,504.7260,105.3790,0.000000
FILLER_23_1029,VSS,Metal1,501.3660,105.3790,0.000000
FILLER_23_1022,VSS,Metal1,498.0060,105.3790,0.000000
FILLER_23_1015,VSS,Metal1,494.6460,105.3790,0.000000
FILLER_23_1008,VSS,Metal1,491.2860,105.3790,0.000000
FILLER_23_1001,VSS,Metal1,487.9260,105.3790,0.000000
FILLER_23_994,VSS,Metal1,484.5660,105.3790,0.000000
FILLER_23_987,VSS,Metal1,481.2060,105.3790,0.000000
FILLER_23_980,VSS,Metal1,477.8460,105.3790,0.000000
FILLER_23_973,VSS,Metal1,474.4860,105.3790,0.000000
FILLER_23_966,VSS,Metal1,471.1260,105.3790,0.000000
FILLER_23_959,VSS,Metal1,467.7660,105.3790,0.000000
FILLER_23_952,VSS,Metal1,464.4060,105.3790,0.000000
FILLER_23_945,VSS,Metal1,461.0460,105.3790,0.000000
FILLER_23_938,VSS,Metal1,457.6860,105.3790,0.000000
FILLER_23_931,VSS,Metal1,454.3260,105.3790,0.000000
FILLER_23_924,VSS,Metal1,450.9660,105.3790,0.000000
FILLER_23_917,VSS,Metal1,447.6060,105.3790,0.000000
FILLER_23_910,VSS,Metal1,444.2460,105.3790,0.000000
FILLER_23_903,VSS,Metal1,440.8860,105.3790,0.000000
FILLER_23_896,VSS,Metal1,437.5260,105.3790,0.000000
FILLER_23_889,VSS,Metal1,434.1660,105.3790,0.000000
FILLER_23_882,VSS,Metal1,430.8060,105.3790,0.000000
FILLER_23_875,VSS,Metal1,427.4460,105.3790,0.000000
FILLER_23_868,VSS,Metal1,424.0860,105.3790,0.000000
FILLER_23_861,VSS,Metal1,420.7260,105.3790,0.000000
FILLER_23_854,VSS,Metal1,417.3660,105.3790,0.000000
FILLER_23_847,VSS,Metal1,414.0060,105.3790,0.000000
FILLER_23_840,VSS,Metal1,410.6460,105.3790,0.000000
FILLER_23_833,VSS,Metal1,407.2860,105.3790,0.000000
FILLER_23_826,VSS,Metal1,403.9260,105.3790,0.000000
FILLER_23_819,VSS,Metal1,400.5660,105.3790,0.000000
FILLER_23_812,VSS,Metal1,397.2060,105.3790,0.000000
FILLER_23_805,VSS,Metal1,393.8460,105.3790,0.000000
FILLER_23_798,VSS,Metal1,390.4860,105.3790,0.000000
FILLER_23_791,VSS,Metal1,387.1260,105.3790,0.000000
FILLER_23_784,VSS,Metal1,383.7660,105.3790,0.000000
FILLER_23_777,VSS,Metal1,380.4060,105.3790,0.000000
FILLER_23_770,VSS,Metal1,377.0460,105.3790,0.000000
FILLER_23_763,VSS,Metal1,373.6860,105.3790,0.000000
FILLER_23_756,VSS,Metal1,370.3260,105.3790,0.000000
FILLER_23_749,VSS,Metal1,366.9660,105.3790,0.000000
FILLER_23_742,VSS,Metal1,363.6060,105.3790,0.000000
FILLER_23_735,VSS,Metal1,360.2460,105.3790,0.000000
FILLER_23_728,VSS,Metal1,356.8860,105.3790,0.000000
FILLER_23_721,VSS,Metal1,353.5260,105.3790,0.000000
FILLER_23_714,VSS,Metal1,350.1660,105.3790,0.000000
FILLER_23_707,VSS,Metal1,346.8060,105.3790,0.000000
FILLER_23_700,VSS,Metal1,343.4460,105.3790,0.000000
FILLER_23_693,VSS,Metal1,340.0860,105.3790,0.000000
FILLER_23_686,VSS,Metal1,336.7260,105.3790,0.000000
FILLER_23_679,VSS,Metal1,333.3660,105.3790,0.000000
FILLER_23_672,VSS,Metal1,330.0060,105.3790,0.000000
FILLER_23_665,VSS,Metal1,326.6460,105.3790,0.000000
FILLER_23_658,VSS,Metal1,323.2860,105.3790,0.000000
FILLER_23_651,VSS,Metal1,319.9260,105.3790,0.000000
FILLER_23_644,VSS,Metal1,316.5660,105.3790,0.000000
FILLER_23_637,VSS,Metal1,313.2060,105.3790,0.000000
FILLER_23_630,VSS,Metal1,309.8460,105.3790,0.000000
FILLER_23_623,VSS,Metal1,306.4860,105.3790,0.000000
FILLER_23_616,VSS,Metal1,303.1260,105.3790,0.000000
FILLER_23_609,VSS,Metal1,299.7660,105.3790,0.000000
FILLER_23_602,VSS,Metal1,296.4060,105.3790,0.000000
FILLER_23_595,VSS,Metal1,293.0460,105.3790,0.000000
FILLER_23_588,VSS,Metal1,289.6860,105.3790,0.000000
FILLER_23_581,VSS,Metal1,286.3260,105.3790,0.000000
FILLER_23_574,VSS,Metal1,282.9660,105.3790,0.000000
FILLER_23_567,VSS,Metal1,279.6060,105.3790,0.000000
FILLER_23_560,VSS,Metal1,276.2460,105.3790,0.000000
FILLER_23_553,VSS,Metal1,272.8860,105.3790,0.000000
FILLER_23_546,VSS,Metal1,269.5260,105.3790,0.000000
FILLER_23_539,VSS,Metal1,266.1660,105.3790,0.000000
FILLER_23_532,VSS,Metal1,262.8060,105.3790,0.000000
FILLER_23_525,VSS,Metal1,259.4460,105.3790,0.000000
FILLER_23_518,VSS,Metal1,256.0860,105.3790,0.000000
FILLER_23_511,VSS,Metal1,252.7260,105.3790,0.000000
FILLER_23_504,VSS,Metal1,249.3660,105.3790,0.000000
FILLER_23_497,VSS,Metal1,246.0060,105.3790,0.000000
FILLER_23_490,VSS,Metal1,242.6460,105.3790,0.000000
FILLER_23_483,VSS,Metal1,239.2860,105.3790,0.000000
FILLER_23_476,VSS,Metal1,235.9260,105.3790,0.000000
FILLER_23_469,VSS,Metal1,232.5660,105.3790,0.000000
FILLER_23_462,VSS,Metal1,229.2060,105.3790,0.000000
FILLER_23_455,VSS,Metal1,225.8460,105.3790,0.000000
FILLER_23_448,VSS,Metal1,222.4860,105.3790,0.000000
FILLER_23_441,VSS,Metal1,219.1260,105.3790,0.000000
FILLER_23_434,VSS,Metal1,215.7660,105.3790,0.000000
FILLER_23_427,VSS,Metal1,212.4060,105.3790,0.000000
FILLER_23_420,VSS,Metal1,209.0460,105.3790,0.000000
FILLER_23_413,VSS,Metal1,205.6860,105.3790,0.000000
FILLER_23_406,VSS,Metal1,202.3260,105.3790,0.000000
FILLER_23_399,VSS,Metal1,198.9660,105.3790,0.000000
FILLER_23_392,VSS,Metal1,195.6060,105.3790,0.000000
FILLER_23_385,VSS,Metal1,192.2460,105.3790,0.000000
FILLER_23_378,VSS,Metal1,188.8860,105.3790,0.000000
FILLER_23_371,VSS,Metal1,185.5260,105.3790,0.000000
FILLER_23_364,VSS,Metal1,182.1660,105.3790,0.000000
FILLER_23_357,VSS,Metal1,178.8060,105.3790,0.000000
FILLER_23_350,VSS,Metal1,175.4460,105.3790,0.000000
FILLER_23_343,VSS,Metal1,172.0860,105.3790,0.000000
FILLER_23_336,VSS,Metal1,168.7260,105.3790,0.000000
FILLER_23_329,VSS,Metal1,165.3660,105.3790,0.000000
FILLER_23_322,VSS,Metal1,162.0060,105.3790,0.000000
FILLER_23_315,VSS,Metal1,158.6460,105.3790,0.000000
FILLER_23_308,VSS,Metal1,155.2860,105.3790,0.000000
FILLER_23_301,VSS,Metal1,151.9260,105.3790,0.000000
FILLER_23_294,VSS,Metal1,148.5660,105.3790,0.000000
FILLER_23_287,VSS,Metal1,145.2060,105.3790,0.000000
FILLER_23_280,VSS,Metal1,141.8460,105.3790,0.000000
FILLER_23_273,VSS,Metal1,138.4860,105.3790,0.000000
FILLER_23_266,VSS,Metal1,135.1260,105.3790,0.000000
FILLER_23_259,VSS,Metal1,131.7660,105.3790,0.000000
FILLER_23_252,VSS,Metal1,128.4060,105.3790,0.000000
FILLER_23_245,VSS,Metal1,125.0460,105.3790,0.000000
FILLER_23_238,VSS,Metal1,121.6860,105.3790,0.000000
FILLER_23_231,VSS,Metal1,118.3260,105.3790,0.000000
FILLER_23_224,VSS,Metal1,114.9660,105.3790,0.000000
FILLER_23_217,VSS,Metal1,111.6060,105.3790,0.000000
FILLER_23_210,VSS,Metal1,108.2460,105.3790,0.000000
FILLER_23_203,VSS,Metal1,104.8860,105.3790,0.000000
FILLER_23_196,VSS,Metal1,101.5260,105.3790,0.000000
FILLER_23_189,VSS,Metal1,98.1660,105.3790,0.000000
FILLER_23_182,VSS,Metal1,94.8060,105.3790,0.000000
FILLER_23_175,VSS,Metal1,91.4460,105.3790,0.000000
FILLER_23_168,VSS,Metal1,88.0860,105.3790,0.000000
FILLER_23_161,VSS,Metal1,84.7260,105.3790,0.000000
FILLER_23_154,VSS,Metal1,81.3660,105.3790,0.000000
FILLER_23_147,VSS,Metal1,78.0060,105.3790,0.000000
FILLER_23_140,VSS,Metal1,74.6460,105.3790,0.000000
FILLER_23_133,VSS,Metal1,71.2860,105.3790,0.000000
FILLER_23_126,VSS,Metal1,67.9260,105.3790,0.000000
FILLER_23_119,VSS,Metal1,64.5660,105.3790,0.000000
FILLER_23_112,VSS,Metal1,61.2060,105.3790,0.000000
FILLER_23_105,VSS,Metal1,57.8460,105.3790,0.000000
FILLER_23_98,VSS,Metal1,54.4860,105.3790,0.000000
FILLER_23_91,VSS,Metal1,51.1260,105.3790,0.000000
FILLER_23_84,VSS,Metal1,47.7660,105.3790,0.000000
FILLER_23_77,VSS,Metal1,44.4060,105.3790,0.000000
FILLER_23_70,VSS,Metal1,41.0460,105.3790,0.000000
FILLER_23_63,VSS,Metal1,37.6860,105.3790,0.000000
FILLER_23_56,VSS,Metal1,34.3260,105.3790,0.000000
FILLER_23_49,VSS,Metal1,30.9660,105.3790,0.000000
FILLER_23_42,VSS,Metal1,27.6060,105.3790,0.000000
FILLER_23_35,VSS,Metal1,24.2460,105.3790,0.000000
FILLER_23_28,VSS,Metal1,20.8860,105.3790,0.000000
FILLER_23_21,VSS,Metal1,17.5260,105.3790,0.000000
FILLER_23_14,VSS,Metal1,14.1660,105.3790,0.000000
FILLER_23_7,VSS,Metal1,10.8060,105.3790,0.000000
FILLER_23_0,VSS,Metal1,7.4460,105.3790,0.000000
FILLER_22_1096,VSS,Metal1,532.0800,98.2800,0.000003
FILLER_22_1092,VSS,Metal1,530.8680,98.6560,0.000003
FILLER_22_1085,VSS,Metal1,528.2460,98.7400,0.000002
FILLER_22_1078,VSS,Metal1,524.8860,98.7400,0.000002
FILLER_22_1071,VSS,Metal1,521.5260,98.7400,0.000002
FILLER_22_1064,VSS,Metal1,518.1660,98.7400,0.000002
FILLER_22_1057,VSS,Metal1,514.8060,98.7400,0.000001
FILLER_22_1050,VSS,Metal1,511.4460,98.7400,0.000001
FILLER_22_1043,VSS,Metal1,508.0860,98.7400,0.000001
FILLER_22_1036,VSS,Metal1,504.7260,98.7400,0.000001
FILLER_22_1029,VSS,Metal1,501.3660,98.7400,0.000001
FILLER_22_1022,VSS,Metal1,498.0060,98.7400,0.000001
FILLER_22_1015,VSS,Metal1,494.6460,98.7400,0.000001
FILLER_22_1008,VSS,Metal1,491.2860,98.7400,0.000001
FILLER_22_1001,VSS,Metal1,487.9260,98.7400,0.000001
FILLER_22_994,VSS,Metal1,484.5660,98.7400,0.000000
FILLER_22_987,VSS,Metal1,481.2060,98.7400,0.000000
FILLER_22_980,VSS,Metal1,477.8460,98.7400,0.000000
FILLER_22_973,VSS,Metal1,474.4860,98.7400,0.000000
FILLER_22_966,VSS,Metal1,471.1260,98.7400,0.000000
FILLER_22_959,VSS,Metal1,467.7660,98.7400,0.000000
FILLER_22_952,VSS,Metal1,464.4060,98.7400,0.000000
FILLER_22_945,VSS,Metal1,461.0460,98.7400,0.000000
FILLER_22_938,VSS,Metal1,457.6860,98.7400,0.000000
FILLER_22_931,VSS,Metal1,454.3260,98.7400,0.000000
FILLER_22_924,VSS,Metal1,450.9660,98.7400,0.000000
FILLER_22_917,VSS,Metal1,447.6060,98.7400,0.000000
FILLER_22_910,VSS,Metal1,444.2460,98.7400,0.000000
FILLER_22_903,VSS,Metal1,440.8860,98.7400,0.000000
FILLER_22_896,VSS,Metal1,437.5260,98.7400,0.000000
FILLER_22_889,VSS,Metal1,434.1660,98.7400,0.000000
FILLER_22_882,VSS,Metal1,430.8060,98.7400,0.000000
FILLER_22_875,VSS,Metal1,427.4460,98.7400,0.000000
FILLER_22_868,VSS,Metal1,424.0860,98.7400,0.000000
FILLER_22_861,VSS,Metal1,420.7260,98.7400,0.000000
FILLER_22_854,VSS,Metal1,417.3660,98.7400,0.000000
FILLER_22_847,VSS,Metal1,414.0060,98.7400,0.000000
FILLER_22_840,VSS,Metal1,410.6460,98.7400,0.000000
FILLER_22_833,VSS,Metal1,407.2860,98.7400,0.000000
FILLER_22_826,VSS,Metal1,403.9260,98.7400,0.000000
FILLER_22_819,VSS,Metal1,400.5660,98.7400,0.000000
FILLER_22_812,VSS,Metal1,397.2060,98.7400,0.000000
FILLER_22_805,VSS,Metal1,393.8460,98.7400,0.000000
FILLER_22_798,VSS,Metal1,390.4860,98.7400,0.000000
FILLER_22_791,VSS,Metal1,387.1260,98.7400,0.000000
FILLER_22_784,VSS,Metal1,383.7660,98.7400,0.000000
FILLER_22_777,VSS,Metal1,380.4060,98.7400,0.000000
FILLER_22_770,VSS,Metal1,377.0460,98.7400,0.000000
FILLER_22_763,VSS,Metal1,373.6860,98.7400,0.000000
FILLER_22_756,VSS,Metal1,370.3260,98.7400,0.000000
FILLER_22_749,VSS,Metal1,366.9660,98.7400,0.000000
FILLER_22_742,VSS,Metal1,363.6060,98.7400,0.000000
FILLER_22_735,VSS,Metal1,360.2460,98.7400,0.000000
FILLER_22_728,VSS,Metal1,356.8860,98.7400,0.000000
FILLER_22_721,VSS,Metal1,353.5260,98.7400,0.000000
FILLER_22_714,VSS,Metal1,350.1660,98.7400,0.000000
FILLER_22_707,VSS,Metal1,346.8060,98.7400,0.000000
FILLER_22_700,VSS,Metal1,343.4460,98.7400,0.000000
FILLER_22_693,VSS,Metal1,340.0860,98.7400,0.000000
FILLER_22_686,VSS,Metal1,336.7260,98.7400,0.000000
FILLER_22_679,VSS,Metal1,333.3660,98.7400,0.000000
FILLER_22_672,VSS,Metal1,330.0060,98.7400,0.000000
FILLER_22_665,VSS,Metal1,326.6460,98.7400,0.000000
FILLER_22_658,VSS,Metal1,323.2860,98.7400,0.000000
FILLER_22_651,VSS,Metal1,319.9260,98.7400,0.000000
FILLER_22_644,VSS,Metal1,316.5660,98.7400,0.000000
FILLER_22_637,VSS,Metal1,313.2060,98.7400,0.000000
FILLER_22_630,VSS,Metal1,309.8460,98.7400,0.000000
FILLER_22_623,VSS,Metal1,306.4860,98.7400,0.000000
FILLER_22_616,VSS,Metal1,303.1260,98.7400,0.000000
FILLER_22_609,VSS,Metal1,299.7660,98.7400,0.000000
FILLER_22_602,VSS,Metal1,296.4060,98.7400,0.000000
FILLER_22_595,VSS,Metal1,293.0460,98.7400,0.000000
FILLER_22_588,VSS,Metal1,289.6860,98.7400,0.000000
FILLER_22_581,VSS,Metal1,286.3260,98.7400,0.000000
FILLER_22_574,VSS,Metal1,282.9660,98.7400,0.000000
FILLER_22_567,VSS,Metal1,279.6060,98.7400,0.000000
FILLER_22_560,VSS,Metal1,276.2460,98.7400,0.000000
FILLER_22_553,VSS,Metal1,272.8860,98.7400,0.000000
FILLER_22_546,VSS,Metal1,269.5260,98.7400,0.000000
FILLER_22_539,VSS,Metal1,266.1660,98.7400,0.000000
FILLER_22_532,VSS,Metal1,262.8060,98.7400,0.000000
FILLER_22_525,VSS,Metal1,259.4460,98.7400,0.000000
FILLER_22_518,VSS,Metal1,256.0860,98.7400,0.000000
FILLER_22_511,VSS,Metal1,252.7260,98.7400,0.000000
FILLER_22_504,VSS,Metal1,249.3660,98.7400,0.000000
FILLER_22_497,VSS,Metal1,246.0060,98.7400,0.000000
FILLER_22_490,VSS,Metal1,242.6460,98.7400,0.000000
FILLER_22_483,VSS,Metal1,239.2860,98.7400,0.000000
FILLER_22_476,VSS,Metal1,235.9260,98.7400,0.000000
FILLER_22_469,VSS,Metal1,232.5660,98.7400,0.000000
FILLER_22_462,VSS,Metal1,229.2060,98.7400,0.000000
FILLER_22_455,VSS,Metal1,225.8460,98.7400,0.000000
FILLER_22_448,VSS,Metal1,222.4860,98.7400,0.000000
FILLER_22_441,VSS,Metal1,219.1260,98.7400,0.000000
FILLER_22_434,VSS,Metal1,215.7660,98.7400,0.000000
FILLER_22_427,VSS,Metal1,212.4060,98.7400,0.000000
FILLER_22_420,VSS,Metal1,209.0460,98.7400,0.000000
FILLER_22_413,VSS,Metal1,205.6860,98.7400,0.000000
FILLER_22_406,VSS,Metal1,202.3260,98.7400,0.000000
FILLER_22_399,VSS,Metal1,198.9660,98.7400,0.000000
FILLER_22_392,VSS,Metal1,195.6060,98.7400,0.000000
FILLER_22_385,VSS,Metal1,192.2460,98.7400,0.000000
FILLER_22_378,VSS,Metal1,188.8860,98.7400,0.000000
FILLER_22_371,VSS,Metal1,185.5260,98.7400,0.000000
FILLER_22_364,VSS,Metal1,182.1660,98.7400,0.000000
FILLER_22_357,VSS,Metal1,178.8060,98.7400,0.000000
FILLER_22_350,VSS,Metal1,175.4460,98.7400,0.000000
FILLER_22_343,VSS,Metal1,172.0860,98.7400,0.000000
FILLER_22_336,VSS,Metal1,168.7260,98.7400,0.000000
FILLER_22_329,VSS,Metal1,165.3660,98.7400,0.000000
FILLER_22_322,VSS,Metal1,162.0060,98.7400,0.000000
FILLER_22_315,VSS,Metal1,158.6460,98.7400,0.000000
FILLER_22_308,VSS,Metal1,155.2860,98.7400,0.000000
FILLER_22_301,VSS,Metal1,151.9260,98.7400,0.000000
FILLER_22_294,VSS,Metal1,148.5660,98.7400,0.000000
FILLER_22_287,VSS,Metal1,145.2060,98.7400,0.000000
FILLER_22_280,VSS,Metal1,141.8460,98.7400,0.000000
FILLER_22_273,VSS,Metal1,138.4860,98.7400,0.000000
FILLER_22_266,VSS,Metal1,135.1260,98.7400,0.000000
FILLER_22_259,VSS,Metal1,131.7660,98.7400,0.000000
FILLER_22_252,VSS,Metal1,128.4060,98.7400,0.000000
FILLER_22_245,VSS,Metal1,125.0460,98.7400,0.000000
FILLER_22_238,VSS,Metal1,121.6860,98.7400,0.000000
FILLER_22_231,VSS,Metal1,118.3260,98.7400,0.000000
FILLER_22_224,VSS,Metal1,114.9660,98.7400,0.000000
FILLER_22_217,VSS,Metal1,111.6060,98.7400,0.000000
FILLER_22_210,VSS,Metal1,108.2460,98.7400,0.000000
FILLER_22_203,VSS,Metal1,104.8860,98.7400,0.000000
FILLER_22_196,VSS,Metal1,101.5260,98.7400,0.000000
FILLER_22_189,VSS,Metal1,98.1660,98.7400,0.000000
FILLER_22_182,VSS,Metal1,94.8060,98.7400,0.000000
FILLER_22_175,VSS,Metal1,91.4460,98.7400,0.000000
FILLER_22_168,VSS,Metal1,88.0860,98.7400,0.000000
FILLER_22_161,VSS,Metal1,84.7260,98.7400,0.000000
FILLER_22_154,VSS,Metal1,81.3660,98.7400,0.000000
FILLER_22_147,VSS,Metal1,78.0060,98.7400,0.000000
FILLER_22_140,VSS,Metal1,74.6460,98.7400,0.000000
FILLER_22_133,VSS,Metal1,71.2860,98.7400,0.000000
FILLER_22_126,VSS,Metal1,67.9260,98.7400,0.000000
FILLER_22_119,VSS,Metal1,64.5660,98.7400,0.000000
FILLER_22_112,VSS,Metal1,61.2060,98.7400,0.000000
FILLER_22_105,VSS,Metal1,57.8460,98.7400,0.000000
FILLER_22_98,VSS,Metal1,54.4860,98.7400,0.000000
FILLER_22_91,VSS,Metal1,51.1260,98.7400,0.000000
FILLER_22_84,VSS,Metal1,47.7660,98.7400,0.000000
FILLER_22_77,VSS,Metal1,44.4060,98.7400,0.000000
FILLER_22_70,VSS,Metal1,41.0460,98.7400,0.000000
FILLER_22_63,VSS,Metal1,37.6860,98.7400,0.000000
FILLER_22_56,VSS,Metal1,34.3260,98.7400,0.000000
FILLER_22_49,VSS,Metal1,30.9660,98.7400,0.000000
FILLER_22_42,VSS,Metal1,27.6060,98.7400,0.000000
FILLER_22_35,VSS,Metal1,24.2460,98.7400,0.000000
FILLER_22_28,VSS,Metal1,20.8860,98.7400,0.000000
FILLER_22_21,VSS,Metal1,17.5260,98.7400,0.000000
FILLER_22_14,VSS,Metal1,14.1660,98.7400,0.000000
FILLER_22_7,VSS,Metal1,10.8060,98.7400,0.000000
FILLER_22_0,VSS,Metal1,7.4460,98.7400,0.000000
FILLER_21_1099,VSS,Metal1,533.7600,98.2800,0.000003
FILLER_21_1092,VSS,Metal1,531.6060,97.8190,0.000003
FILLER_21_1085,VSS,Metal1,528.2460,97.8190,0.000002
FILLER_21_1078,VSS,Metal1,524.8860,97.8190,0.000002
FILLER_21_1071,VSS,Metal1,521.5260,97.8190,0.000002
FILLER_21_1064,VSS,Metal1,518.1660,97.8190,0.000002
FILLER_21_1057,VSS,Metal1,514.8060,97.8190,0.000001
FILLER_21_1050,VSS,Metal1,511.4460,97.8190,0.000001
FILLER_21_1043,VSS,Metal1,508.0860,97.8190,0.000001
FILLER_21_1036,VSS,Metal1,504.7260,97.8190,0.000001
FILLER_21_1029,VSS,Metal1,501.3660,97.8190,0.000001
FILLER_21_1022,VSS,Metal1,498.0060,97.8190,0.000001
FILLER_21_1015,VSS,Metal1,494.6460,97.8190,0.000001
FILLER_21_1008,VSS,Metal1,491.2860,97.8190,0.000001
FILLER_21_1001,VSS,Metal1,487.9260,97.8190,0.000001
FILLER_21_994,VSS,Metal1,484.5660,97.8190,0.000000
FILLER_21_987,VSS,Metal1,481.2060,97.8190,0.000000
FILLER_21_980,VSS,Metal1,477.8460,97.8190,0.000000
FILLER_21_973,VSS,Metal1,474.4860,97.8190,0.000000
FILLER_21_966,VSS,Metal1,471.1260,97.8190,0.000000
FILLER_21_959,VSS,Metal1,467.7660,97.8190,0.000000
FILLER_21_952,VSS,Metal1,464.4060,97.8190,0.000000
FILLER_21_945,VSS,Metal1,461.0460,97.8190,0.000000
FILLER_21_938,VSS,Metal1,457.6860,97.8190,0.000000
FILLER_21_931,VSS,Metal1,454.3260,97.8190,0.000000
FILLER_21_924,VSS,Metal1,450.9660,97.8190,0.000000
FILLER_21_917,VSS,Metal1,447.6060,97.8190,0.000000
FILLER_21_910,VSS,Metal1,444.2460,97.8190,0.000000
FILLER_21_903,VSS,Metal1,440.8860,97.8190,0.000000
FILLER_21_896,VSS,Metal1,437.5260,97.8190,0.000000
FILLER_21_889,VSS,Metal1,434.1660,97.8190,0.000000
FILLER_21_882,VSS,Metal1,430.8060,97.8190,0.000000
FILLER_21_875,VSS,Metal1,427.4460,97.8190,0.000000
FILLER_21_868,VSS,Metal1,424.0860,97.8190,0.000000
FILLER_21_861,VSS,Metal1,420.7260,97.8190,0.000000
FILLER_21_854,VSS,Metal1,417.3660,97.8190,0.000000
FILLER_21_847,VSS,Metal1,414.0060,97.8190,0.000000
FILLER_21_840,VSS,Metal1,410.6460,97.8190,0.000000
FILLER_21_833,VSS,Metal1,407.2860,97.8190,0.000000
FILLER_21_826,VSS,Metal1,403.9260,97.8190,0.000000
FILLER_21_819,VSS,Metal1,400.5660,97.8190,0.000000
FILLER_21_812,VSS,Metal1,397.2060,97.8190,0.000000
FILLER_21_805,VSS,Metal1,393.8460,97.8190,0.000000
FILLER_21_798,VSS,Metal1,390.4860,97.8190,0.000000
FILLER_21_791,VSS,Metal1,387.1260,97.8190,0.000000
FILLER_21_784,VSS,Metal1,383.7660,97.8190,0.000000
FILLER_21_777,VSS,Metal1,380.4060,97.8190,0.000000
FILLER_21_770,VSS,Metal1,377.0460,97.8190,0.000000
FILLER_21_763,VSS,Metal1,373.6860,97.8190,0.000000
FILLER_21_756,VSS,Metal1,370.3260,97.8190,0.000000
FILLER_21_749,VSS,Metal1,366.9660,97.8190,0.000000
FILLER_21_742,VSS,Metal1,363.6060,97.8190,0.000000
FILLER_21_735,VSS,Metal1,360.2460,97.8190,0.000000
FILLER_21_728,VSS,Metal1,356.8860,97.8190,0.000000
FILLER_21_721,VSS,Metal1,353.5260,97.8190,0.000000
FILLER_21_714,VSS,Metal1,350.1660,97.8190,0.000000
FILLER_21_707,VSS,Metal1,346.8060,97.8190,0.000000
FILLER_21_700,VSS,Metal1,343.4460,97.8190,0.000000
FILLER_21_693,VSS,Metal1,340.0860,97.8190,0.000000
FILLER_21_686,VSS,Metal1,336.7260,97.8190,0.000000
FILLER_21_679,VSS,Metal1,333.3660,97.8190,0.000000
FILLER_21_672,VSS,Metal1,330.0060,97.8190,0.000000
FILLER_21_665,VSS,Metal1,326.6460,97.8190,0.000000
FILLER_21_658,VSS,Metal1,323.2860,97.8190,0.000000
FILLER_21_651,VSS,Metal1,319.9260,97.8190,0.000000
FILLER_21_644,VSS,Metal1,316.5660,97.8190,0.000000
FILLER_21_637,VSS,Metal1,313.2060,97.8190,0.000000
FILLER_21_630,VSS,Metal1,309.8460,97.8190,0.000000
FILLER_21_623,VSS,Metal1,306.4860,97.8190,0.000000
FILLER_21_616,VSS,Metal1,303.1260,97.8190,0.000000
FILLER_21_609,VSS,Metal1,299.7660,97.8190,0.000000
FILLER_21_602,VSS,Metal1,296.4060,97.8190,0.000000
FILLER_21_595,VSS,Metal1,293.0460,97.8190,0.000000
FILLER_21_588,VSS,Metal1,289.6860,97.8190,0.000000
FILLER_21_581,VSS,Metal1,286.3260,97.8190,0.000000
FILLER_21_574,VSS,Metal1,282.9660,97.8190,0.000000
FILLER_21_567,VSS,Metal1,279.6060,97.8190,0.000000
FILLER_21_560,VSS,Metal1,276.2460,97.8190,0.000000
FILLER_21_553,VSS,Metal1,272.8860,97.8190,0.000000
FILLER_21_546,VSS,Metal1,269.5260,97.8190,0.000000
FILLER_21_539,VSS,Metal1,266.1660,97.8190,0.000000
FILLER_21_532,VSS,Metal1,262.8060,97.8190,0.000000
FILLER_21_525,VSS,Metal1,259.4460,97.8190,0.000000
FILLER_21_518,VSS,Metal1,256.0860,97.8190,0.000000
FILLER_21_511,VSS,Metal1,252.7260,97.8190,0.000000
FILLER_21_504,VSS,Metal1,249.3660,97.8190,0.000000
FILLER_21_497,VSS,Metal1,246.0060,97.8190,0.000000
FILLER_21_490,VSS,Metal1,242.6460,97.8190,0.000000
FILLER_21_483,VSS,Metal1,239.2860,97.8190,0.000000
FILLER_21_476,VSS,Metal1,235.9260,97.8190,0.000000
FILLER_21_469,VSS,Metal1,232.5660,97.8190,0.000000
FILLER_21_462,VSS,Metal1,229.2060,97.8190,0.000000
FILLER_21_455,VSS,Metal1,225.8460,97.8190,0.000000
FILLER_21_448,VSS,Metal1,222.4860,97.8190,0.000000
FILLER_21_441,VSS,Metal1,219.1260,97.8190,0.000000
FILLER_21_434,VSS,Metal1,215.7660,97.8190,0.000000
FILLER_21_427,VSS,Metal1,212.4060,97.8190,0.000000
FILLER_21_420,VSS,Metal1,209.0460,97.8190,0.000000
FILLER_21_413,VSS,Metal1,205.6860,97.8190,0.000000
FILLER_21_406,VSS,Metal1,202.3260,97.8190,0.000000
FILLER_21_399,VSS,Metal1,198.9660,97.8190,0.000000
FILLER_21_392,VSS,Metal1,195.6060,97.8190,0.000000
FILLER_21_385,VSS,Metal1,192.2460,97.8190,0.000000
FILLER_21_378,VSS,Metal1,188.8860,97.8190,0.000000
FILLER_21_371,VSS,Metal1,185.5260,97.8190,0.000000
FILLER_21_364,VSS,Metal1,182.1660,97.8190,0.000000
FILLER_21_357,VSS,Metal1,178.8060,97.8190,0.000000
FILLER_21_350,VSS,Metal1,175.4460,97.8190,0.000000
FILLER_21_343,VSS,Metal1,172.0860,97.8190,0.000000
FILLER_21_336,VSS,Metal1,168.7260,97.8190,0.000000
FILLER_21_329,VSS,Metal1,165.3660,97.8190,0.000000
FILLER_21_322,VSS,Metal1,162.0060,97.8190,0.000000
FILLER_21_315,VSS,Metal1,158.6460,97.8190,0.000000
FILLER_21_308,VSS,Metal1,155.2860,97.8190,0.000000
FILLER_21_301,VSS,Metal1,151.9260,97.8190,0.000000
FILLER_21_294,VSS,Metal1,148.5660,97.8190,0.000000
FILLER_21_287,VSS,Metal1,145.2060,97.8190,0.000000
FILLER_21_280,VSS,Metal1,141.8460,97.8190,0.000000
FILLER_21_273,VSS,Metal1,138.4860,97.8190,0.000000
FILLER_21_266,VSS,Metal1,135.1260,97.8190,0.000000
FILLER_21_259,VSS,Metal1,131.7660,97.8190,0.000000
FILLER_21_252,VSS,Metal1,128.4060,97.8190,0.000000
FILLER_21_245,VSS,Metal1,125.0460,97.8190,0.000000
FILLER_21_238,VSS,Metal1,121.6860,97.8190,0.000000
FILLER_21_231,VSS,Metal1,118.3260,97.8190,0.000000
FILLER_21_224,VSS,Metal1,114.9660,97.8190,0.000000
FILLER_21_217,VSS,Metal1,111.6060,97.8190,0.000000
FILLER_21_210,VSS,Metal1,108.2460,97.8190,0.000000
FILLER_21_203,VSS,Metal1,104.8860,97.8190,0.000000
FILLER_21_196,VSS,Metal1,101.5260,97.8190,0.000000
FILLER_21_189,VSS,Metal1,98.1660,97.8190,0.000000
FILLER_21_182,VSS,Metal1,94.8060,97.8190,0.000000
FILLER_21_175,VSS,Metal1,91.4460,97.8190,0.000000
FILLER_21_168,VSS,Metal1,88.0860,97.8190,0.000000
FILLER_21_161,VSS,Metal1,84.7260,97.8190,0.000000
FILLER_21_154,VSS,Metal1,81.3660,97.8190,0.000000
FILLER_21_147,VSS,Metal1,78.0060,97.8190,0.000000
FILLER_21_140,VSS,Metal1,74.6460,97.8190,0.000000
FILLER_21_133,VSS,Metal1,71.2860,97.8190,0.000000
FILLER_21_126,VSS,Metal1,67.9260,97.8190,0.000000
FILLER_21_119,VSS,Metal1,64.5660,97.8190,0.000000
FILLER_21_112,VSS,Metal1,61.2060,97.8190,0.000000
FILLER_21_105,VSS,Metal1,57.8460,97.8190,0.000000
FILLER_21_98,VSS,Metal1,54.4860,97.8190,0.000000
FILLER_21_91,VSS,Metal1,51.1260,97.8190,0.000000
FILLER_21_84,VSS,Metal1,47.7660,97.8190,0.000000
FILLER_21_77,VSS,Metal1,44.4060,97.8190,0.000000
FILLER_21_70,VSS,Metal1,41.0460,97.8190,0.000000
FILLER_21_63,VSS,Metal1,37.6860,97.8190,0.000000
FILLER_21_56,VSS,Metal1,34.3260,97.8190,0.000000
FILLER_21_49,VSS,Metal1,30.9660,97.8190,0.000000
FILLER_21_42,VSS,Metal1,27.6060,97.8190,0.000000
FILLER_21_35,VSS,Metal1,24.2460,97.8190,0.000000
FILLER_21_28,VSS,Metal1,20.8860,97.8190,0.000000
FILLER_21_21,VSS,Metal1,17.5260,97.8190,0.000000
FILLER_21_14,VSS,Metal1,14.1660,97.8190,0.000000
FILLER_21_7,VSS,Metal1,10.8060,97.8190,0.000000
FILLER_21_0,VSS,Metal1,7.4460,97.8190,0.000000
FILLER_20_1099,VSS,Metal1,533.7600,90.7200,0.000000
FILLER_20_1092,VSS,Metal1,531.6060,91.1800,0.000000
FILLER_20_1085,VSS,Metal1,528.2460,91.1800,0.000000
FILLER_20_1078,VSS,Metal1,524.8860,91.1800,0.000000
FILLER_20_1071,VSS,Metal1,521.5260,91.1800,0.000000
FILLER_20_1064,VSS,Metal1,518.1660,91.1800,0.000000
FILLER_20_1057,VSS,Metal1,514.8060,91.1800,0.000000
FILLER_20_1050,VSS,Metal1,511.4460,91.1800,0.000000
FILLER_20_1043,VSS,Metal1,508.0860,91.1800,0.000000
FILLER_20_1036,VSS,Metal1,504.7260,91.1800,0.000000
FILLER_20_1029,VSS,Metal1,501.3660,91.1800,0.000000
FILLER_20_1022,VSS,Metal1,498.0060,91.1800,0.000000
FILLER_20_1015,VSS,Metal1,494.6460,91.1800,0.000000
FILLER_20_1008,VSS,Metal1,491.2860,91.1800,0.000000
FILLER_20_1001,VSS,Metal1,487.9260,91.1800,0.000000
FILLER_20_994,VSS,Metal1,484.5660,91.1800,0.000000
FILLER_20_987,VSS,Metal1,481.2060,91.1800,0.000000
FILLER_20_980,VSS,Metal1,477.8460,91.1800,0.000000
FILLER_20_973,VSS,Metal1,474.4860,91.1800,0.000000
FILLER_20_966,VSS,Metal1,471.1260,91.1800,0.000000
FILLER_20_959,VSS,Metal1,467.7660,91.1800,0.000000
FILLER_20_952,VSS,Metal1,464.4060,91.1800,0.000000
FILLER_20_945,VSS,Metal1,461.0460,91.1800,0.000000
FILLER_20_938,VSS,Metal1,457.6860,91.1800,0.000000
FILLER_20_931,VSS,Metal1,454.3260,91.1800,0.000000
FILLER_20_924,VSS,Metal1,450.9660,91.1800,0.000000
FILLER_20_917,VSS,Metal1,447.6060,91.1800,0.000000
FILLER_20_910,VSS,Metal1,444.2460,91.1800,0.000000
FILLER_20_903,VSS,Metal1,440.8860,91.1800,0.000000
FILLER_20_896,VSS,Metal1,437.5260,91.1800,0.000000
FILLER_20_889,VSS,Metal1,434.1660,91.1800,0.000000
FILLER_20_882,VSS,Metal1,430.8060,91.1800,0.000000
FILLER_20_875,VSS,Metal1,427.4460,91.1800,0.000000
FILLER_20_868,VSS,Metal1,424.0860,91.1800,0.000000
FILLER_20_861,VSS,Metal1,420.7260,91.1800,0.000000
FILLER_20_854,VSS,Metal1,417.3660,91.1800,0.000000
FILLER_20_847,VSS,Metal1,414.0060,91.1800,0.000000
FILLER_20_840,VSS,Metal1,410.6460,91.1800,0.000000
FILLER_20_833,VSS,Metal1,407.2860,91.1800,0.000000
FILLER_20_826,VSS,Metal1,403.9260,91.1800,0.000000
FILLER_20_819,VSS,Metal1,400.5660,91.1800,0.000000
FILLER_20_812,VSS,Metal1,397.2060,91.1800,0.000000
FILLER_20_805,VSS,Metal1,393.8460,91.1800,0.000000
FILLER_20_798,VSS,Metal1,390.4860,91.1800,0.000000
FILLER_20_791,VSS,Metal1,387.1260,91.1800,0.000000
FILLER_20_784,VSS,Metal1,383.7660,91.1800,0.000000
FILLER_20_777,VSS,Metal1,380.4060,91.1800,0.000000
FILLER_20_770,VSS,Metal1,377.0460,91.1800,0.000000
FILLER_20_763,VSS,Metal1,373.6860,91.1800,0.000000
FILLER_20_756,VSS,Metal1,370.3260,91.1800,0.000000
FILLER_20_749,VSS,Metal1,366.9660,91.1800,0.000000
FILLER_20_742,VSS,Metal1,363.6060,91.1800,0.000000
FILLER_20_735,VSS,Metal1,360.2460,91.1800,0.000000
FILLER_20_728,VSS,Metal1,356.8860,91.1800,0.000000
FILLER_20_721,VSS,Metal1,353.5260,91.1800,0.000000
FILLER_20_714,VSS,Metal1,350.1660,91.1800,0.000000
FILLER_20_707,VSS,Metal1,346.8060,91.1800,0.000000
FILLER_20_700,VSS,Metal1,343.4460,91.1800,0.000000
FILLER_20_693,VSS,Metal1,340.0860,91.1800,0.000000
FILLER_20_686,VSS,Metal1,336.7260,91.1800,0.000000
FILLER_20_679,VSS,Metal1,333.3660,91.1800,0.000000
FILLER_20_672,VSS,Metal1,330.0060,91.1800,0.000000
FILLER_20_665,VSS,Metal1,326.6460,91.1800,0.000000
FILLER_20_658,VSS,Metal1,323.2860,91.1800,0.000000
FILLER_20_651,VSS,Metal1,319.9260,91.1800,0.000000
FILLER_20_644,VSS,Metal1,316.5660,91.1800,0.000000
FILLER_20_637,VSS,Metal1,313.2060,91.1800,0.000000
FILLER_20_630,VSS,Metal1,309.8460,91.1800,0.000000
FILLER_20_623,VSS,Metal1,306.4860,91.1800,0.000000
FILLER_20_616,VSS,Metal1,303.1260,91.1800,0.000000
FILLER_20_609,VSS,Metal1,299.7660,91.1800,0.000000
FILLER_20_602,VSS,Metal1,296.4060,91.1800,0.000000
FILLER_20_595,VSS,Metal1,293.0460,91.1800,0.000000
FILLER_20_588,VSS,Metal1,289.6860,91.1800,0.000000
FILLER_20_581,VSS,Metal1,286.3260,91.1800,0.000000
FILLER_20_574,VSS,Metal1,282.9660,91.1800,0.000000
FILLER_20_567,VSS,Metal1,279.6060,91.1800,0.000000
FILLER_20_560,VSS,Metal1,276.2460,91.1800,0.000000
FILLER_20_553,VSS,Metal1,272.8860,91.1800,0.000000
FILLER_20_546,VSS,Metal1,269.5260,91.1800,0.000000
FILLER_20_539,VSS,Metal1,266.1660,91.1800,0.000000
FILLER_20_532,VSS,Metal1,262.8060,91.1800,0.000000
FILLER_20_525,VSS,Metal1,259.4460,91.1800,0.000000
FILLER_20_518,VSS,Metal1,256.0860,91.1800,0.000000
FILLER_20_511,VSS,Metal1,252.7260,91.1800,0.000000
FILLER_20_504,VSS,Metal1,249.3660,91.1800,0.000000
FILLER_20_497,VSS,Metal1,246.0060,91.1800,0.000000
FILLER_20_490,VSS,Metal1,242.6460,91.1800,0.000000
FILLER_20_483,VSS,Metal1,239.2860,91.1800,0.000000
FILLER_20_476,VSS,Metal1,235.9260,91.1800,0.000000
FILLER_20_469,VSS,Metal1,232.5660,91.1800,0.000000
FILLER_20_462,VSS,Metal1,229.2060,91.1800,0.000000
FILLER_20_455,VSS,Metal1,225.8460,91.1800,0.000000
FILLER_20_448,VSS,Metal1,222.4860,91.1800,0.000000
FILLER_20_441,VSS,Metal1,219.1260,91.1800,0.000000
FILLER_20_434,VSS,Metal1,215.7660,91.1800,0.000000
FILLER_20_427,VSS,Metal1,212.4060,91.1800,0.000000
FILLER_20_420,VSS,Metal1,209.0460,91.1800,0.000000
FILLER_20_413,VSS,Metal1,205.6860,91.1800,0.000000
FILLER_20_406,VSS,Metal1,202.3260,91.1800,0.000000
FILLER_20_399,VSS,Metal1,198.9660,91.1800,0.000000
FILLER_20_392,VSS,Metal1,195.6060,91.1800,0.000000
FILLER_20_385,VSS,Metal1,192.2460,91.1800,0.000000
FILLER_20_378,VSS,Metal1,188.8860,91.1800,0.000000
FILLER_20_371,VSS,Metal1,185.5260,91.1800,0.000000
FILLER_20_364,VSS,Metal1,182.1660,91.1800,0.000000
FILLER_20_357,VSS,Metal1,178.8060,91.1800,0.000000
FILLER_20_350,VSS,Metal1,175.4460,91.1800,0.000000
FILLER_20_343,VSS,Metal1,172.0860,91.1800,0.000000
FILLER_20_336,VSS,Metal1,168.7260,91.1800,0.000000
FILLER_20_329,VSS,Metal1,165.3660,91.1800,0.000000
FILLER_20_322,VSS,Metal1,162.0060,91.1800,0.000000
FILLER_20_315,VSS,Metal1,158.6460,91.1800,0.000000
FILLER_20_308,VSS,Metal1,155.2860,91.1800,0.000000
FILLER_20_301,VSS,Metal1,151.9260,91.1800,0.000000
FILLER_20_294,VSS,Metal1,148.5660,91.1800,0.000000
FILLER_20_287,VSS,Metal1,145.2060,91.1800,0.000000
FILLER_20_280,VSS,Metal1,141.8460,91.1800,0.000000
FILLER_20_273,VSS,Metal1,138.4860,91.1800,0.000000
FILLER_20_266,VSS,Metal1,135.1260,91.1800,0.000000
FILLER_20_259,VSS,Metal1,131.7660,91.1800,0.000000
FILLER_20_252,VSS,Metal1,128.4060,91.1800,0.000000
FILLER_20_245,VSS,Metal1,125.0460,91.1800,0.000000
FILLER_20_238,VSS,Metal1,121.6860,91.1800,0.000000
FILLER_20_231,VSS,Metal1,118.3260,91.1800,0.000000
FILLER_20_224,VSS,Metal1,114.9660,91.1800,0.000000
FILLER_20_217,VSS,Metal1,111.6060,91.1800,0.000000
FILLER_20_210,VSS,Metal1,108.2460,91.1800,0.000000
FILLER_20_203,VSS,Metal1,104.8860,91.1800,0.000000
FILLER_20_196,VSS,Metal1,101.5260,91.1800,0.000000
FILLER_20_189,VSS,Metal1,98.1660,91.1800,0.000000
FILLER_20_182,VSS,Metal1,94.8060,91.1800,0.000000
FILLER_20_175,VSS,Metal1,91.4460,91.1800,0.000000
FILLER_20_168,VSS,Metal1,88.0860,91.1800,0.000000
FILLER_20_161,VSS,Metal1,84.7260,91.1800,0.000000
FILLER_20_154,VSS,Metal1,81.3660,91.1800,0.000000
FILLER_20_147,VSS,Metal1,78.0060,91.1800,0.000000
FILLER_20_140,VSS,Metal1,74.6460,91.1800,0.000000
FILLER_20_133,VSS,Metal1,71.2860,91.1800,0.000000
FILLER_20_126,VSS,Metal1,67.9260,91.1800,0.000000
FILLER_20_119,VSS,Metal1,64.5660,91.1800,0.000000
FILLER_20_112,VSS,Metal1,61.2060,91.1800,0.000000
FILLER_20_105,VSS,Metal1,57.8460,91.1800,0.000000
FILLER_20_98,VSS,Metal1,54.4860,91.1800,0.000000
FILLER_20_91,VSS,Metal1,51.1260,91.1800,0.000000
FILLER_20_84,VSS,Metal1,47.7660,91.1800,0.000000
FILLER_20_77,VSS,Metal1,44.4060,91.1800,0.000000
FILLER_20_70,VSS,Metal1,41.0460,91.1800,0.000000
FILLER_20_63,VSS,Metal1,37.6860,91.1800,0.000000
FILLER_20_56,VSS,Metal1,34.3260,91.1800,0.000000
FILLER_20_49,VSS,Metal1,30.9660,91.1800,0.000000
FILLER_20_42,VSS,Metal1,27.6060,91.1800,0.000000
FILLER_20_35,VSS,Metal1,24.2460,91.1800,0.000000
FILLER_20_28,VSS,Metal1,20.8860,91.1800,0.000000
FILLER_20_21,VSS,Metal1,17.5260,91.1800,0.000000
FILLER_20_14,VSS,Metal1,14.1660,91.1800,0.000000
FILLER_20_7,VSS,Metal1,10.8060,91.1800,0.000000
FILLER_20_0,VSS,Metal1,7.4460,91.1800,0.000000
FILLER_19_1099,VSS,Metal1,533.7600,90.7200,0.000000
FILLER_19_1092,VSS,Metal1,531.6060,90.2590,0.000000
FILLER_19_1085,VSS,Metal1,528.2460,90.2590,0.000000
FILLER_19_1078,VSS,Metal1,524.8860,90.2590,0.000000
FILLER_19_1071,VSS,Metal1,521.5260,90.2590,0.000000
FILLER_19_1064,VSS,Metal1,518.1660,90.2590,0.000000
FILLER_19_1057,VSS,Metal1,514.8060,90.2590,0.000000
FILLER_19_1050,VSS,Metal1,511.4460,90.2590,0.000000
FILLER_19_1043,VSS,Metal1,508.0860,90.2590,0.000000
FILLER_19_1036,VSS,Metal1,504.7260,90.2590,0.000000
FILLER_19_1029,VSS,Metal1,501.3660,90.2590,0.000000
FILLER_19_1022,VSS,Metal1,498.0060,90.2590,0.000000
FILLER_19_1015,VSS,Metal1,494.6460,90.2590,0.000000
FILLER_19_1008,VSS,Metal1,491.2860,90.2590,0.000000
FILLER_19_1001,VSS,Metal1,487.9260,90.2590,0.000000
FILLER_19_994,VSS,Metal1,484.5660,90.2590,0.000000
FILLER_19_987,VSS,Metal1,481.2060,90.2590,0.000000
FILLER_19_980,VSS,Metal1,477.8460,90.2590,0.000000
FILLER_19_973,VSS,Metal1,474.4860,90.2590,0.000000
FILLER_19_966,VSS,Metal1,471.1260,90.2590,0.000000
FILLER_19_959,VSS,Metal1,467.7660,90.2590,0.000000
FILLER_19_952,VSS,Metal1,464.4060,90.2590,0.000000
FILLER_19_945,VSS,Metal1,461.0460,90.2590,0.000000
FILLER_19_938,VSS,Metal1,457.6860,90.2590,0.000000
FILLER_19_931,VSS,Metal1,454.3260,90.2590,0.000000
FILLER_19_924,VSS,Metal1,450.9660,90.2590,0.000000
FILLER_19_917,VSS,Metal1,447.6060,90.2590,0.000000
FILLER_19_910,VSS,Metal1,444.2460,90.2590,0.000000
FILLER_19_903,VSS,Metal1,440.8860,90.2590,0.000000
FILLER_19_896,VSS,Metal1,437.5260,90.2590,0.000000
FILLER_19_889,VSS,Metal1,434.1660,90.2590,0.000000
FILLER_19_882,VSS,Metal1,430.8060,90.2590,0.000000
FILLER_19_875,VSS,Metal1,427.4460,90.2590,0.000000
FILLER_19_868,VSS,Metal1,424.0860,90.2590,0.000000
FILLER_19_861,VSS,Metal1,420.7260,90.2590,0.000000
FILLER_19_854,VSS,Metal1,417.3660,90.2590,0.000000
FILLER_19_847,VSS,Metal1,414.0060,90.2590,0.000000
FILLER_19_840,VSS,Metal1,410.6460,90.2590,0.000000
FILLER_19_833,VSS,Metal1,407.2860,90.2590,0.000000
FILLER_19_826,VSS,Metal1,403.9260,90.2590,0.000000
FILLER_19_819,VSS,Metal1,400.5660,90.2590,0.000000
FILLER_19_812,VSS,Metal1,397.2060,90.2590,0.000000
FILLER_19_805,VSS,Metal1,393.8460,90.2590,0.000000
FILLER_19_798,VSS,Metal1,390.4860,90.2590,0.000000
FILLER_19_791,VSS,Metal1,387.1260,90.2590,0.000000
FILLER_19_784,VSS,Metal1,383.7660,90.2590,0.000000
FILLER_19_777,VSS,Metal1,380.4060,90.2590,0.000000
FILLER_19_770,VSS,Metal1,377.0460,90.2590,0.000000
FILLER_19_763,VSS,Metal1,373.6860,90.2590,0.000000
FILLER_19_756,VSS,Metal1,370.3260,90.2590,0.000000
FILLER_19_749,VSS,Metal1,366.9660,90.2590,0.000000
FILLER_19_742,VSS,Metal1,363.6060,90.2590,0.000000
FILLER_19_735,VSS,Metal1,360.2460,90.2590,0.000000
FILLER_19_728,VSS,Metal1,356.8860,90.2590,0.000000
FILLER_19_721,VSS,Metal1,353.5260,90.2590,0.000000
FILLER_19_714,VSS,Metal1,350.1660,90.2590,0.000000
FILLER_19_707,VSS,Metal1,346.8060,90.2590,0.000000
FILLER_19_700,VSS,Metal1,343.4460,90.2590,0.000000
FILLER_19_693,VSS,Metal1,340.0860,90.2590,0.000000
FILLER_19_686,VSS,Metal1,336.7260,90.2590,0.000000
FILLER_19_679,VSS,Metal1,333.3660,90.2590,0.000000
FILLER_19_672,VSS,Metal1,330.0060,90.2590,0.000000
FILLER_19_665,VSS,Metal1,326.6460,90.2590,0.000000
FILLER_19_658,VSS,Metal1,323.2860,90.2590,0.000000
FILLER_19_651,VSS,Metal1,319.9260,90.2590,0.000000
FILLER_19_644,VSS,Metal1,316.5660,90.2590,0.000000
FILLER_19_637,VSS,Metal1,313.2060,90.2590,0.000000
FILLER_19_630,VSS,Metal1,309.8460,90.2590,0.000000
FILLER_19_623,VSS,Metal1,306.4860,90.2590,0.000000
FILLER_19_616,VSS,Metal1,303.1260,90.2590,0.000000
FILLER_19_609,VSS,Metal1,299.7660,90.2590,0.000000
FILLER_19_602,VSS,Metal1,296.4060,90.2590,0.000000
FILLER_19_595,VSS,Metal1,293.0460,90.2590,0.000000
FILLER_19_588,VSS,Metal1,289.6860,90.2590,0.000000
FILLER_19_581,VSS,Metal1,286.3260,90.2590,0.000000
FILLER_19_574,VSS,Metal1,282.9660,90.2590,0.000000
FILLER_19_567,VSS,Metal1,279.6060,90.2590,0.000000
FILLER_19_560,VSS,Metal1,276.2460,90.2590,0.000000
FILLER_19_553,VSS,Metal1,272.8860,90.2590,0.000000
FILLER_19_546,VSS,Metal1,269.5260,90.2590,0.000000
FILLER_19_539,VSS,Metal1,266.1660,90.2590,0.000000
FILLER_19_532,VSS,Metal1,262.8060,90.2590,0.000000
FILLER_19_525,VSS,Metal1,259.4460,90.2590,0.000000
FILLER_19_518,VSS,Metal1,256.0860,90.2590,0.000000
FILLER_19_511,VSS,Metal1,252.7260,90.2590,0.000000
FILLER_19_504,VSS,Metal1,249.3660,90.2590,0.000000
FILLER_19_497,VSS,Metal1,246.0060,90.2590,0.000000
FILLER_19_490,VSS,Metal1,242.6460,90.2590,0.000000
FILLER_19_483,VSS,Metal1,239.2860,90.2590,0.000000
FILLER_19_476,VSS,Metal1,235.9260,90.2590,0.000000
FILLER_19_469,VSS,Metal1,232.5660,90.2590,0.000000
FILLER_19_462,VSS,Metal1,229.2060,90.2590,0.000000
FILLER_19_455,VSS,Metal1,225.8460,90.2590,0.000000
FILLER_19_448,VSS,Metal1,222.4860,90.2590,0.000000
FILLER_19_441,VSS,Metal1,219.1260,90.2590,0.000000
FILLER_19_434,VSS,Metal1,215.7660,90.2590,0.000000
FILLER_19_427,VSS,Metal1,212.4060,90.2590,0.000000
FILLER_19_420,VSS,Metal1,209.0460,90.2590,0.000000
FILLER_19_413,VSS,Metal1,205.6860,90.2590,0.000000
FILLER_19_406,VSS,Metal1,202.3260,90.2590,0.000000
FILLER_19_399,VSS,Metal1,198.9660,90.2590,0.000000
FILLER_19_392,VSS,Metal1,195.6060,90.2590,0.000000
FILLER_19_385,VSS,Metal1,192.2460,90.2590,0.000000
FILLER_19_378,VSS,Metal1,188.8860,90.2590,0.000000
FILLER_19_371,VSS,Metal1,185.5260,90.2590,0.000000
FILLER_19_364,VSS,Metal1,182.1660,90.2590,0.000000
FILLER_19_357,VSS,Metal1,178.8060,90.2590,0.000000
FILLER_19_350,VSS,Metal1,175.4460,90.2590,0.000000
FILLER_19_343,VSS,Metal1,172.0860,90.2590,0.000000
FILLER_19_336,VSS,Metal1,168.7260,90.2590,0.000000
FILLER_19_329,VSS,Metal1,165.3660,90.2590,0.000000
FILLER_19_322,VSS,Metal1,162.0060,90.2590,0.000000
FILLER_19_315,VSS,Metal1,158.6460,90.2590,0.000000
FILLER_19_308,VSS,Metal1,155.2860,90.2590,0.000000
FILLER_19_301,VSS,Metal1,151.9260,90.2590,0.000000
FILLER_19_294,VSS,Metal1,148.5660,90.2590,0.000000
FILLER_19_287,VSS,Metal1,145.2060,90.2590,0.000000
FILLER_19_280,VSS,Metal1,141.8460,90.2590,0.000000
FILLER_19_273,VSS,Metal1,138.4860,90.2590,0.000000
FILLER_19_266,VSS,Metal1,135.1260,90.2590,0.000000
FILLER_19_259,VSS,Metal1,131.7660,90.2590,0.000000
FILLER_19_252,VSS,Metal1,128.4060,90.2590,0.000000
FILLER_19_245,VSS,Metal1,125.0460,90.2590,0.000000
FILLER_19_238,VSS,Metal1,121.6860,90.2590,0.000000
FILLER_19_231,VSS,Metal1,118.3260,90.2590,0.000000
FILLER_19_224,VSS,Metal1,114.9660,90.2590,0.000000
FILLER_19_217,VSS,Metal1,111.6060,90.2590,0.000000
FILLER_19_210,VSS,Metal1,108.2460,90.2590,0.000000
FILLER_19_203,VSS,Metal1,104.8860,90.2590,0.000000
FILLER_19_196,VSS,Metal1,101.5260,90.2590,0.000000
FILLER_19_189,VSS,Metal1,98.1660,90.2590,0.000000
FILLER_19_182,VSS,Metal1,94.8060,90.2590,0.000000
FILLER_19_175,VSS,Metal1,91.4460,90.2590,0.000000
FILLER_19_168,VSS,Metal1,88.0860,90.2590,0.000000
FILLER_19_161,VSS,Metal1,84.7260,90.2590,0.000000
FILLER_19_154,VSS,Metal1,81.3660,90.2590,0.000000
FILLER_19_147,VSS,Metal1,78.0060,90.2590,0.000000
FILLER_19_140,VSS,Metal1,74.6460,90.2590,0.000000
FILLER_19_133,VSS,Metal1,71.2860,90.2590,0.000000
FILLER_19_126,VSS,Metal1,67.9260,90.2590,0.000000
FILLER_19_119,VSS,Metal1,64.5660,90.2590,0.000000
FILLER_19_112,VSS,Metal1,61.2060,90.2590,0.000000
FILLER_19_105,VSS,Metal1,57.8460,90.2590,0.000000
FILLER_19_98,VSS,Metal1,54.4860,90.2590,0.000000
FILLER_19_91,VSS,Metal1,51.1260,90.2590,0.000000
FILLER_19_84,VSS,Metal1,47.7660,90.2590,0.000000
FILLER_19_77,VSS,Metal1,44.4060,90.2590,0.000000
FILLER_19_70,VSS,Metal1,41.0460,90.2590,0.000000
FILLER_19_63,VSS,Metal1,37.6860,90.2590,0.000000
FILLER_19_56,VSS,Metal1,34.3260,90.2590,0.000000
FILLER_19_49,VSS,Metal1,30.9660,90.2590,0.000000
FILLER_19_42,VSS,Metal1,27.6060,90.2590,0.000000
FILLER_19_35,VSS,Metal1,24.2460,90.2590,0.000000
FILLER_19_28,VSS,Metal1,20.8860,90.2590,0.000000
FILLER_19_21,VSS,Metal1,17.5260,90.2590,0.000000
FILLER_19_14,VSS,Metal1,14.1660,90.2590,0.000000
FILLER_19_7,VSS,Metal1,10.8060,90.2590,0.000000
FILLER_19_0,VSS,Metal1,7.4460,90.2590,0.000000
FILLER_18_1099,VSS,Metal1,533.7600,83.1600,0.000000
FILLER_18_1092,VSS,Metal1,531.6060,83.6200,0.000000
FILLER_18_1085,VSS,Metal1,528.2460,83.6200,0.000000
FILLER_18_1078,VSS,Metal1,524.8860,83.6200,0.000000
FILLER_18_1071,VSS,Metal1,521.5260,83.6200,0.000000
FILLER_18_1064,VSS,Metal1,518.1660,83.6200,0.000000
FILLER_18_1057,VSS,Metal1,514.8060,83.6200,0.000000
FILLER_18_1050,VSS,Metal1,511.4460,83.6200,0.000000
FILLER_18_1043,VSS,Metal1,508.0860,83.6200,0.000000
FILLER_18_1036,VSS,Metal1,504.7260,83.6200,0.000000
FILLER_18_1029,VSS,Metal1,501.3660,83.6200,0.000000
FILLER_18_1022,VSS,Metal1,498.0060,83.6200,0.000000
FILLER_18_1015,VSS,Metal1,494.6460,83.6200,0.000000
FILLER_18_1008,VSS,Metal1,491.2860,83.6200,0.000000
FILLER_18_1001,VSS,Metal1,487.9260,83.6200,0.000000
FILLER_18_994,VSS,Metal1,484.5660,83.6200,0.000000
FILLER_18_987,VSS,Metal1,481.2060,83.6200,0.000000
FILLER_18_980,VSS,Metal1,477.8460,83.6200,0.000000
FILLER_18_973,VSS,Metal1,474.4860,83.6200,0.000000
FILLER_18_966,VSS,Metal1,471.1260,83.6200,0.000000
FILLER_18_959,VSS,Metal1,467.7660,83.6200,0.000000
FILLER_18_952,VSS,Metal1,464.4060,83.6200,0.000000
FILLER_18_945,VSS,Metal1,461.0460,83.6200,0.000000
FILLER_18_938,VSS,Metal1,457.6860,83.6200,0.000000
FILLER_18_931,VSS,Metal1,454.3260,83.6200,0.000000
FILLER_18_924,VSS,Metal1,450.9660,83.6200,0.000000
FILLER_18_917,VSS,Metal1,447.6060,83.6200,0.000000
FILLER_18_910,VSS,Metal1,444.2460,83.6200,0.000000
FILLER_18_903,VSS,Metal1,440.8860,83.6200,0.000000
FILLER_18_896,VSS,Metal1,437.5260,83.6200,0.000000
FILLER_18_889,VSS,Metal1,434.1660,83.6200,0.000000
FILLER_18_882,VSS,Metal1,430.8060,83.6200,0.000000
FILLER_18_875,VSS,Metal1,427.4460,83.6200,0.000000
FILLER_18_868,VSS,Metal1,424.0860,83.6200,0.000000
FILLER_18_861,VSS,Metal1,420.7260,83.6200,0.000000
FILLER_18_854,VSS,Metal1,417.3660,83.6200,0.000000
FILLER_18_847,VSS,Metal1,414.0060,83.6200,0.000000
FILLER_18_840,VSS,Metal1,410.6460,83.6200,0.000000
FILLER_18_833,VSS,Metal1,407.2860,83.6200,0.000000
FILLER_18_826,VSS,Metal1,403.9260,83.6200,0.000000
FILLER_18_819,VSS,Metal1,400.5660,83.6200,0.000000
FILLER_18_812,VSS,Metal1,397.2060,83.6200,0.000000
FILLER_18_805,VSS,Metal1,393.8460,83.6200,0.000000
FILLER_18_798,VSS,Metal1,390.4860,83.6200,0.000000
FILLER_18_791,VSS,Metal1,387.1260,83.6200,0.000000
FILLER_18_784,VSS,Metal1,383.7660,83.6200,0.000000
FILLER_18_777,VSS,Metal1,380.4060,83.6200,0.000000
FILLER_18_770,VSS,Metal1,377.0460,83.6200,0.000000
FILLER_18_763,VSS,Metal1,373.6860,83.6200,0.000000
FILLER_18_756,VSS,Metal1,370.3260,83.6200,0.000000
FILLER_18_749,VSS,Metal1,366.9660,83.6200,0.000000
FILLER_18_742,VSS,Metal1,363.6060,83.6200,0.000000
FILLER_18_735,VSS,Metal1,360.2460,83.6200,0.000000
FILLER_18_728,VSS,Metal1,356.8860,83.6200,0.000000
FILLER_18_721,VSS,Metal1,353.5260,83.6200,0.000000
FILLER_18_714,VSS,Metal1,350.1660,83.6200,0.000000
FILLER_18_707,VSS,Metal1,346.8060,83.6200,0.000000
FILLER_18_700,VSS,Metal1,343.4460,83.6200,0.000000
FILLER_18_693,VSS,Metal1,340.0860,83.6200,0.000000
FILLER_18_686,VSS,Metal1,336.7260,83.6200,0.000000
FILLER_18_679,VSS,Metal1,333.3660,83.6200,0.000000
FILLER_18_672,VSS,Metal1,330.0060,83.6200,0.000000
FILLER_18_665,VSS,Metal1,326.6460,83.6200,0.000000
FILLER_18_658,VSS,Metal1,323.2860,83.6200,0.000000
FILLER_18_651,VSS,Metal1,319.9260,83.6200,0.000000
FILLER_18_644,VSS,Metal1,316.5660,83.6200,0.000000
FILLER_18_637,VSS,Metal1,313.2060,83.6200,0.000000
FILLER_18_630,VSS,Metal1,309.8460,83.6200,0.000000
FILLER_18_623,VSS,Metal1,306.4860,83.6200,0.000000
FILLER_18_616,VSS,Metal1,303.1260,83.6200,0.000000
FILLER_18_609,VSS,Metal1,299.7660,83.6200,0.000000
FILLER_18_602,VSS,Metal1,296.4060,83.6200,0.000000
FILLER_18_595,VSS,Metal1,293.0460,83.6200,0.000000
FILLER_18_588,VSS,Metal1,289.6860,83.6200,0.000000
FILLER_18_581,VSS,Metal1,286.3260,83.6200,0.000000
FILLER_18_574,VSS,Metal1,282.9660,83.6200,0.000000
FILLER_18_567,VSS,Metal1,279.6060,83.6200,0.000000
FILLER_18_560,VSS,Metal1,276.2460,83.6200,0.000000
FILLER_18_553,VSS,Metal1,272.8860,83.6200,0.000000
FILLER_18_546,VSS,Metal1,269.5260,83.6200,0.000000
FILLER_18_539,VSS,Metal1,266.1660,83.6200,0.000000
FILLER_18_532,VSS,Metal1,262.8060,83.6200,0.000000
FILLER_18_525,VSS,Metal1,259.4460,83.6200,0.000000
FILLER_18_518,VSS,Metal1,256.0860,83.6200,0.000000
FILLER_18_511,VSS,Metal1,252.7260,83.6200,0.000000
FILLER_18_504,VSS,Metal1,249.3660,83.6200,0.000000
FILLER_18_497,VSS,Metal1,246.0060,83.6200,0.000000
FILLER_18_490,VSS,Metal1,242.6460,83.6200,0.000000
FILLER_18_483,VSS,Metal1,239.2860,83.6200,0.000000
FILLER_18_476,VSS,Metal1,235.9260,83.6200,0.000000
FILLER_18_469,VSS,Metal1,232.5660,83.6200,0.000000
FILLER_18_462,VSS,Metal1,229.2060,83.6200,0.000000
FILLER_18_455,VSS,Metal1,225.8460,83.6200,0.000000
FILLER_18_448,VSS,Metal1,222.4860,83.6200,0.000000
FILLER_18_441,VSS,Metal1,219.1260,83.6200,0.000000
FILLER_18_434,VSS,Metal1,215.7660,83.6200,0.000000
FILLER_18_427,VSS,Metal1,212.4060,83.6200,0.000000
FILLER_18_420,VSS,Metal1,209.0460,83.6200,0.000000
FILLER_18_413,VSS,Metal1,205.6860,83.6200,0.000000
FILLER_18_406,VSS,Metal1,202.3260,83.6200,0.000000
FILLER_18_399,VSS,Metal1,198.9660,83.6200,0.000000
FILLER_18_392,VSS,Metal1,195.6060,83.6200,0.000000
FILLER_18_385,VSS,Metal1,192.2460,83.6200,0.000000
FILLER_18_378,VSS,Metal1,188.8860,83.6200,0.000000
FILLER_18_371,VSS,Metal1,185.5260,83.6200,0.000000
FILLER_18_364,VSS,Metal1,182.1660,83.6200,0.000000
FILLER_18_357,VSS,Metal1,178.8060,83.6200,0.000000
FILLER_18_350,VSS,Metal1,175.4460,83.6200,0.000000
FILLER_18_343,VSS,Metal1,172.0860,83.6200,0.000000
FILLER_18_336,VSS,Metal1,168.7260,83.6200,0.000000
FILLER_18_329,VSS,Metal1,165.3660,83.6200,0.000000
FILLER_18_322,VSS,Metal1,162.0060,83.6200,0.000000
FILLER_18_315,VSS,Metal1,158.6460,83.6200,0.000000
FILLER_18_308,VSS,Metal1,155.2860,83.6200,0.000000
FILLER_18_301,VSS,Metal1,151.9260,83.6200,0.000000
FILLER_18_294,VSS,Metal1,148.5660,83.6200,0.000000
FILLER_18_287,VSS,Metal1,145.2060,83.6200,0.000000
FILLER_18_280,VSS,Metal1,141.8460,83.6200,0.000000
FILLER_18_273,VSS,Metal1,138.4860,83.6200,0.000000
FILLER_18_266,VSS,Metal1,135.1260,83.6200,0.000000
FILLER_18_259,VSS,Metal1,131.7660,83.6200,0.000000
FILLER_18_252,VSS,Metal1,128.4060,83.6200,0.000000
FILLER_18_245,VSS,Metal1,125.0460,83.6200,0.000000
FILLER_18_238,VSS,Metal1,121.6860,83.6200,0.000000
FILLER_18_231,VSS,Metal1,118.3260,83.6200,0.000000
FILLER_18_224,VSS,Metal1,114.9660,83.6200,0.000000
FILLER_18_217,VSS,Metal1,111.6060,83.6200,0.000000
FILLER_18_210,VSS,Metal1,108.2460,83.6200,0.000000
FILLER_18_203,VSS,Metal1,104.8860,83.6200,0.000000
FILLER_18_196,VSS,Metal1,101.5260,83.6200,0.000000
FILLER_18_189,VSS,Metal1,98.1660,83.6200,0.000000
FILLER_18_182,VSS,Metal1,94.8060,83.6200,0.000000
FILLER_18_175,VSS,Metal1,91.4460,83.6200,0.000000
FILLER_18_168,VSS,Metal1,88.0860,83.6200,0.000000
FILLER_18_161,VSS,Metal1,84.7260,83.6200,0.000000
FILLER_18_154,VSS,Metal1,81.3660,83.6200,0.000000
FILLER_18_147,VSS,Metal1,78.0060,83.6200,0.000000
FILLER_18_140,VSS,Metal1,74.6460,83.6200,0.000000
FILLER_18_133,VSS,Metal1,71.2860,83.6200,0.000000
FILLER_18_126,VSS,Metal1,67.9260,83.6200,0.000000
FILLER_18_119,VSS,Metal1,64.5660,83.6200,0.000000
FILLER_18_112,VSS,Metal1,61.2060,83.6200,0.000000
FILLER_18_105,VSS,Metal1,57.8460,83.6200,0.000000
FILLER_18_98,VSS,Metal1,54.4860,83.6200,0.000000
FILLER_18_91,VSS,Metal1,51.1260,83.6200,0.000000
FILLER_18_84,VSS,Metal1,47.7660,83.6200,0.000000
FILLER_18_77,VSS,Metal1,44.4060,83.6200,0.000000
FILLER_18_70,VSS,Metal1,41.0460,83.6200,0.000000
FILLER_18_63,VSS,Metal1,37.6860,83.6200,0.000000
FILLER_18_56,VSS,Metal1,34.3260,83.6200,0.000000
FILLER_18_49,VSS,Metal1,30.9660,83.6200,0.000000
FILLER_18_42,VSS,Metal1,27.6060,83.6200,0.000000
FILLER_18_35,VSS,Metal1,24.2460,83.6200,0.000000
FILLER_18_28,VSS,Metal1,20.8860,83.6200,0.000000
FILLER_18_21,VSS,Metal1,17.5260,83.6200,0.000000
FILLER_18_14,VSS,Metal1,14.1660,83.6200,0.000000
FILLER_18_7,VSS,Metal1,10.8060,83.6200,0.000000
FILLER_18_0,VSS,Metal1,7.4460,83.6200,0.000000
FILLER_17_1099,VSS,Metal1,533.7600,83.1600,0.000000
FILLER_17_1092,VSS,Metal1,531.6060,82.6990,0.000000
FILLER_17_1085,VSS,Metal1,528.2460,82.6990,0.000000
FILLER_17_1078,VSS,Metal1,524.8860,82.6990,0.000000
FILLER_17_1071,VSS,Metal1,521.5260,82.6990,0.000000
FILLER_17_1064,VSS,Metal1,518.1660,82.6990,0.000000
FILLER_17_1057,VSS,Metal1,514.8060,82.6990,0.000000
FILLER_17_1050,VSS,Metal1,511.4460,82.6990,0.000000
FILLER_17_1043,VSS,Metal1,508.0860,82.6990,0.000000
FILLER_17_1036,VSS,Metal1,504.7260,82.6990,0.000000
FILLER_17_1029,VSS,Metal1,501.3660,82.6990,0.000000
FILLER_17_1022,VSS,Metal1,498.0060,82.6990,0.000000
FILLER_17_1015,VSS,Metal1,494.6460,82.6990,0.000000
FILLER_17_1008,VSS,Metal1,491.2860,82.6990,0.000000
FILLER_17_1001,VSS,Metal1,487.9260,82.6990,0.000000
FILLER_17_994,VSS,Metal1,484.5660,82.6990,0.000000
FILLER_17_987,VSS,Metal1,481.2060,82.6990,0.000000
FILLER_17_980,VSS,Metal1,477.8460,82.6990,0.000000
FILLER_17_973,VSS,Metal1,474.4860,82.6990,0.000000
FILLER_17_966,VSS,Metal1,471.1260,82.6990,0.000000
FILLER_17_959,VSS,Metal1,467.7660,82.6990,0.000000
FILLER_17_952,VSS,Metal1,464.4060,82.6990,0.000000
FILLER_17_945,VSS,Metal1,461.0460,82.6990,0.000000
FILLER_17_938,VSS,Metal1,457.6860,82.6990,0.000000
FILLER_17_931,VSS,Metal1,454.3260,82.6990,0.000000
FILLER_17_924,VSS,Metal1,450.9660,82.6990,0.000000
FILLER_17_917,VSS,Metal1,447.6060,82.6990,0.000000
FILLER_17_910,VSS,Metal1,444.2460,82.6990,0.000000
FILLER_17_903,VSS,Metal1,440.8860,82.6990,0.000000
FILLER_17_896,VSS,Metal1,437.5260,82.6990,0.000000
FILLER_17_889,VSS,Metal1,434.1660,82.6990,0.000000
FILLER_17_882,VSS,Metal1,430.8060,82.6990,0.000000
FILLER_17_875,VSS,Metal1,427.4460,82.6990,0.000000
FILLER_17_868,VSS,Metal1,424.0860,82.6990,0.000000
FILLER_17_861,VSS,Metal1,420.7260,82.6990,0.000000
FILLER_17_854,VSS,Metal1,417.3660,82.6990,0.000000
FILLER_17_847,VSS,Metal1,414.0060,82.6990,0.000000
FILLER_17_840,VSS,Metal1,410.6460,82.6990,0.000000
FILLER_17_833,VSS,Metal1,407.2860,82.6990,0.000000
FILLER_17_826,VSS,Metal1,403.9260,82.6990,0.000000
FILLER_17_819,VSS,Metal1,400.5660,82.6990,0.000000
FILLER_17_812,VSS,Metal1,397.2060,82.6990,0.000000
FILLER_17_805,VSS,Metal1,393.8460,82.6990,0.000000
FILLER_17_798,VSS,Metal1,390.4860,82.6990,0.000000
FILLER_17_791,VSS,Metal1,387.1260,82.6990,0.000000
FILLER_17_784,VSS,Metal1,383.7660,82.6990,0.000000
FILLER_17_777,VSS,Metal1,380.4060,82.6990,0.000000
FILLER_17_770,VSS,Metal1,377.0460,82.6990,0.000000
FILLER_17_763,VSS,Metal1,373.6860,82.6990,0.000000
FILLER_17_756,VSS,Metal1,370.3260,82.6990,0.000000
FILLER_17_749,VSS,Metal1,366.9660,82.6990,0.000000
FILLER_17_742,VSS,Metal1,363.6060,82.6990,0.000000
FILLER_17_735,VSS,Metal1,360.2460,82.6990,0.000000
FILLER_17_728,VSS,Metal1,356.8860,82.6990,0.000000
FILLER_17_721,VSS,Metal1,353.5260,82.6990,0.000000
FILLER_17_714,VSS,Metal1,350.1660,82.6990,0.000000
FILLER_17_707,VSS,Metal1,346.8060,82.6990,0.000000
FILLER_17_700,VSS,Metal1,343.4460,82.6990,0.000000
FILLER_17_693,VSS,Metal1,340.0860,82.6990,0.000000
FILLER_17_686,VSS,Metal1,336.7260,82.6990,0.000000
FILLER_17_679,VSS,Metal1,333.3660,82.6990,0.000000
FILLER_17_672,VSS,Metal1,330.0060,82.6990,0.000000
FILLER_17_665,VSS,Metal1,326.6460,82.6990,0.000000
FILLER_17_658,VSS,Metal1,323.2860,82.6990,0.000000
FILLER_17_651,VSS,Metal1,319.9260,82.6990,0.000000
FILLER_17_644,VSS,Metal1,316.5660,82.6990,0.000000
FILLER_17_637,VSS,Metal1,313.2060,82.6990,0.000000
FILLER_17_630,VSS,Metal1,309.8460,82.6990,0.000000
FILLER_17_623,VSS,Metal1,306.4860,82.6990,0.000000
FILLER_17_616,VSS,Metal1,303.1260,82.6990,0.000000
FILLER_17_609,VSS,Metal1,299.7660,82.6990,0.000000
FILLER_17_602,VSS,Metal1,296.4060,82.6990,0.000000
FILLER_17_595,VSS,Metal1,293.0460,82.6990,0.000000
FILLER_17_588,VSS,Metal1,289.6860,82.6990,0.000000
FILLER_17_581,VSS,Metal1,286.3260,82.6990,0.000000
FILLER_17_574,VSS,Metal1,282.9660,82.6990,0.000000
FILLER_17_567,VSS,Metal1,279.6060,82.6990,0.000000
FILLER_17_560,VSS,Metal1,276.2460,82.6990,0.000000
FILLER_17_553,VSS,Metal1,272.8860,82.6990,0.000000
FILLER_17_546,VSS,Metal1,269.5260,82.6990,0.000000
FILLER_17_539,VSS,Metal1,266.1660,82.6990,0.000000
FILLER_17_532,VSS,Metal1,262.8060,82.6990,0.000000
FILLER_17_525,VSS,Metal1,259.4460,82.6990,0.000000
FILLER_17_518,VSS,Metal1,256.0860,82.6990,0.000000
FILLER_17_511,VSS,Metal1,252.7260,82.6990,0.000000
FILLER_17_504,VSS,Metal1,249.3660,82.6990,0.000000
FILLER_17_497,VSS,Metal1,246.0060,82.6990,0.000000
FILLER_17_490,VSS,Metal1,242.6460,82.6990,0.000000
FILLER_17_483,VSS,Metal1,239.2860,82.6990,0.000000
FILLER_17_476,VSS,Metal1,235.9260,82.6990,0.000000
FILLER_17_469,VSS,Metal1,232.5660,82.6990,0.000000
FILLER_17_462,VSS,Metal1,229.2060,82.6990,0.000000
FILLER_17_455,VSS,Metal1,225.8460,82.6990,0.000000
FILLER_17_448,VSS,Metal1,222.4860,82.6990,0.000000
FILLER_17_441,VSS,Metal1,219.1260,82.6990,0.000000
FILLER_17_434,VSS,Metal1,215.7660,82.6990,0.000000
FILLER_17_427,VSS,Metal1,212.4060,82.6990,0.000000
FILLER_17_420,VSS,Metal1,209.0460,82.6990,0.000000
FILLER_17_413,VSS,Metal1,205.6860,82.6990,0.000000
FILLER_17_406,VSS,Metal1,202.3260,82.6990,0.000000
FILLER_17_399,VSS,Metal1,198.9660,82.6990,0.000000
FILLER_17_392,VSS,Metal1,195.6060,82.6990,0.000000
FILLER_17_385,VSS,Metal1,192.2460,82.6990,0.000000
FILLER_17_378,VSS,Metal1,188.8860,82.6990,0.000000
FILLER_17_371,VSS,Metal1,185.5260,82.6990,0.000000
FILLER_17_364,VSS,Metal1,182.1660,82.6990,0.000000
FILLER_17_357,VSS,Metal1,178.8060,82.6990,0.000000
FILLER_17_350,VSS,Metal1,175.4460,82.6990,0.000000
FILLER_17_343,VSS,Metal1,172.0860,82.6990,0.000000
FILLER_17_336,VSS,Metal1,168.7260,82.6990,0.000000
FILLER_17_329,VSS,Metal1,165.3660,82.6990,0.000000
FILLER_17_322,VSS,Metal1,162.0060,82.6990,0.000000
FILLER_17_315,VSS,Metal1,158.6460,82.6990,0.000000
FILLER_17_308,VSS,Metal1,155.2860,82.6990,0.000000
FILLER_17_301,VSS,Metal1,151.9260,82.6990,0.000000
FILLER_17_294,VSS,Metal1,148.5660,82.6990,0.000000
FILLER_17_287,VSS,Metal1,145.2060,82.6990,0.000000
FILLER_17_280,VSS,Metal1,141.8460,82.6990,0.000000
FILLER_17_273,VSS,Metal1,138.4860,82.6990,0.000000
FILLER_17_266,VSS,Metal1,135.1260,82.6990,0.000000
FILLER_17_259,VSS,Metal1,131.7660,82.6990,0.000000
FILLER_17_252,VSS,Metal1,128.4060,82.6990,0.000000
FILLER_17_245,VSS,Metal1,125.0460,82.6990,0.000000
FILLER_17_238,VSS,Metal1,121.6860,82.6990,0.000000
FILLER_17_231,VSS,Metal1,118.3260,82.6990,0.000000
FILLER_17_224,VSS,Metal1,114.9660,82.6990,0.000000
FILLER_17_217,VSS,Metal1,111.6060,82.6990,0.000000
FILLER_17_210,VSS,Metal1,108.2460,82.6990,0.000000
FILLER_17_203,VSS,Metal1,104.8860,82.6990,0.000000
FILLER_17_196,VSS,Metal1,101.5260,82.6990,0.000000
FILLER_17_189,VSS,Metal1,98.1660,82.6990,0.000000
FILLER_17_182,VSS,Metal1,94.8060,82.6990,0.000000
FILLER_17_175,VSS,Metal1,91.4460,82.6990,0.000000
FILLER_17_168,VSS,Metal1,88.0860,82.6990,0.000000
FILLER_17_161,VSS,Metal1,84.7260,82.6990,0.000000
FILLER_17_154,VSS,Metal1,81.3660,82.6990,0.000000
FILLER_17_147,VSS,Metal1,78.0060,82.6990,0.000000
FILLER_17_140,VSS,Metal1,74.6460,82.6990,0.000000
FILLER_17_133,VSS,Metal1,71.2860,82.6990,0.000000
FILLER_17_126,VSS,Metal1,67.9260,82.6990,0.000000
FILLER_17_119,VSS,Metal1,64.5660,82.6990,0.000000
FILLER_17_112,VSS,Metal1,61.2060,82.6990,0.000000
FILLER_17_105,VSS,Metal1,57.8460,82.6990,0.000000
FILLER_17_98,VSS,Metal1,54.4860,82.6990,0.000000
FILLER_17_91,VSS,Metal1,51.1260,82.6990,0.000000
FILLER_17_84,VSS,Metal1,47.7660,82.6990,0.000000
FILLER_17_77,VSS,Metal1,44.4060,82.6990,0.000000
FILLER_17_70,VSS,Metal1,41.0460,82.6990,0.000000
FILLER_17_63,VSS,Metal1,37.6860,82.6990,0.000000
FILLER_17_56,VSS,Metal1,34.3260,82.6990,0.000000
FILLER_17_49,VSS,Metal1,30.9660,82.6990,0.000000
FILLER_17_42,VSS,Metal1,27.6060,82.6990,0.000000
FILLER_17_35,VSS,Metal1,24.2460,82.6990,0.000000
FILLER_17_28,VSS,Metal1,20.8860,82.6990,0.000000
FILLER_17_21,VSS,Metal1,17.5260,82.6990,0.000000
FILLER_17_14,VSS,Metal1,14.1660,82.6990,0.000000
FILLER_17_7,VSS,Metal1,10.8060,82.6990,0.000000
FILLER_17_0,VSS,Metal1,7.4460,82.6990,0.000000
FILLER_16_1099,VSS,Metal1,533.7600,75.6000,0.000000
FILLER_16_1092,VSS,Metal1,531.6060,76.0600,0.000000
FILLER_16_1085,VSS,Metal1,528.2460,76.0600,0.000000
FILLER_16_1078,VSS,Metal1,524.8860,76.0600,0.000000
FILLER_16_1071,VSS,Metal1,521.5260,76.0600,0.000000
FILLER_16_1064,VSS,Metal1,518.1660,76.0600,0.000000
FILLER_16_1057,VSS,Metal1,514.8060,76.0600,0.000000
FILLER_16_1050,VSS,Metal1,511.4460,76.0600,0.000000
FILLER_16_1043,VSS,Metal1,508.0860,76.0600,0.000000
FILLER_16_1036,VSS,Metal1,504.7260,76.0600,0.000000
FILLER_16_1029,VSS,Metal1,501.3660,76.0600,0.000000
FILLER_16_1022,VSS,Metal1,498.0060,76.0600,0.000000
FILLER_16_1015,VSS,Metal1,494.6460,76.0600,0.000000
FILLER_16_1008,VSS,Metal1,491.2860,76.0600,0.000000
FILLER_16_1001,VSS,Metal1,487.9260,76.0600,0.000000
FILLER_16_994,VSS,Metal1,484.5660,76.0600,0.000000
FILLER_16_987,VSS,Metal1,481.2060,76.0600,0.000000
FILLER_16_980,VSS,Metal1,477.8460,76.0600,0.000000
FILLER_16_973,VSS,Metal1,474.4860,76.0600,0.000000
FILLER_16_966,VSS,Metal1,471.1260,76.0600,0.000000
FILLER_16_959,VSS,Metal1,467.7660,76.0600,0.000000
FILLER_16_952,VSS,Metal1,464.4060,76.0600,0.000000
FILLER_16_945,VSS,Metal1,461.0460,76.0600,0.000000
FILLER_16_938,VSS,Metal1,457.6860,76.0600,0.000000
FILLER_16_931,VSS,Metal1,454.3260,76.0600,0.000000
FILLER_16_924,VSS,Metal1,450.9660,76.0600,0.000000
FILLER_16_917,VSS,Metal1,447.6060,76.0600,0.000000
FILLER_16_910,VSS,Metal1,444.2460,76.0600,0.000000
FILLER_16_903,VSS,Metal1,440.8860,76.0600,0.000000
FILLER_16_896,VSS,Metal1,437.5260,76.0600,0.000000
FILLER_16_889,VSS,Metal1,434.1660,76.0600,0.000000
FILLER_16_882,VSS,Metal1,430.8060,76.0600,0.000000
FILLER_16_875,VSS,Metal1,427.4460,76.0600,0.000000
FILLER_16_868,VSS,Metal1,424.0860,76.0600,0.000000
FILLER_16_861,VSS,Metal1,420.7260,76.0600,0.000000
FILLER_16_854,VSS,Metal1,417.3660,76.0600,0.000000
FILLER_16_847,VSS,Metal1,414.0060,76.0600,0.000000
FILLER_16_840,VSS,Metal1,410.6460,76.0600,0.000000
FILLER_16_833,VSS,Metal1,407.2860,76.0600,0.000000
FILLER_16_826,VSS,Metal1,403.9260,76.0600,0.000000
FILLER_16_819,VSS,Metal1,400.5660,76.0600,0.000000
FILLER_16_812,VSS,Metal1,397.2060,76.0600,0.000000
FILLER_16_805,VSS,Metal1,393.8460,76.0600,0.000000
FILLER_16_798,VSS,Metal1,390.4860,76.0600,0.000000
FILLER_16_791,VSS,Metal1,387.1260,76.0600,0.000000
FILLER_16_784,VSS,Metal1,383.7660,76.0600,0.000000
FILLER_16_777,VSS,Metal1,380.4060,76.0600,0.000000
FILLER_16_770,VSS,Metal1,377.0460,76.0600,0.000000
FILLER_16_763,VSS,Metal1,373.6860,76.0600,0.000000
FILLER_16_756,VSS,Metal1,370.3260,76.0600,0.000000
FILLER_16_749,VSS,Metal1,366.9660,76.0600,0.000000
FILLER_16_742,VSS,Metal1,363.6060,76.0600,0.000000
FILLER_16_735,VSS,Metal1,360.2460,76.0600,0.000000
FILLER_16_728,VSS,Metal1,356.8860,76.0600,0.000000
FILLER_16_721,VSS,Metal1,353.5260,76.0600,0.000000
FILLER_16_714,VSS,Metal1,350.1660,76.0600,0.000000
FILLER_16_707,VSS,Metal1,346.8060,76.0600,0.000000
FILLER_16_700,VSS,Metal1,343.4460,76.0600,0.000000
FILLER_16_693,VSS,Metal1,340.0860,76.0600,0.000000
FILLER_16_686,VSS,Metal1,336.7260,76.0600,0.000000
FILLER_16_679,VSS,Metal1,333.3660,76.0600,0.000000
FILLER_16_672,VSS,Metal1,330.0060,76.0600,0.000000
FILLER_16_665,VSS,Metal1,326.6460,76.0600,0.000000
FILLER_16_658,VSS,Metal1,323.2860,76.0600,0.000000
FILLER_16_651,VSS,Metal1,319.9260,76.0600,0.000000
FILLER_16_644,VSS,Metal1,316.5660,76.0600,0.000000
FILLER_16_637,VSS,Metal1,313.2060,76.0600,0.000000
FILLER_16_630,VSS,Metal1,309.8460,76.0600,0.000000
FILLER_16_623,VSS,Metal1,306.4860,76.0600,0.000000
FILLER_16_616,VSS,Metal1,303.1260,76.0600,0.000000
FILLER_16_609,VSS,Metal1,299.7660,76.0600,0.000000
FILLER_16_602,VSS,Metal1,296.4060,76.0600,0.000000
FILLER_16_595,VSS,Metal1,293.0460,76.0600,0.000000
FILLER_16_588,VSS,Metal1,289.6860,76.0600,0.000000
FILLER_16_581,VSS,Metal1,286.3260,76.0600,0.000000
FILLER_16_574,VSS,Metal1,282.9660,76.0600,0.000000
FILLER_16_567,VSS,Metal1,279.6060,76.0600,0.000000
FILLER_16_560,VSS,Metal1,276.2460,76.0600,0.000000
FILLER_16_553,VSS,Metal1,272.8860,76.0600,0.000000
FILLER_16_546,VSS,Metal1,269.5260,76.0600,0.000000
FILLER_16_539,VSS,Metal1,266.1660,76.0600,0.000000
FILLER_16_532,VSS,Metal1,262.8060,76.0600,0.000000
FILLER_16_525,VSS,Metal1,259.4460,76.0600,0.000000
FILLER_16_518,VSS,Metal1,256.0860,76.0600,0.000000
FILLER_16_511,VSS,Metal1,252.7260,76.0600,0.000000
FILLER_16_504,VSS,Metal1,249.3660,76.0600,0.000000
FILLER_16_497,VSS,Metal1,246.0060,76.0600,0.000000
FILLER_16_490,VSS,Metal1,242.6460,76.0600,0.000000
FILLER_16_483,VSS,Metal1,239.2860,76.0600,0.000000
FILLER_16_476,VSS,Metal1,235.9260,76.0600,0.000000
FILLER_16_469,VSS,Metal1,232.5660,76.0600,0.000000
FILLER_16_462,VSS,Metal1,229.2060,76.0600,0.000000
FILLER_16_455,VSS,Metal1,225.8460,76.0600,0.000000
FILLER_16_448,VSS,Metal1,222.4860,76.0600,0.000000
FILLER_16_441,VSS,Metal1,219.1260,76.0600,0.000000
FILLER_16_434,VSS,Metal1,215.7660,76.0600,0.000000
FILLER_16_427,VSS,Metal1,212.4060,76.0600,0.000000
FILLER_16_420,VSS,Metal1,209.0460,76.0600,0.000000
FILLER_16_413,VSS,Metal1,205.6860,76.0600,0.000000
FILLER_16_406,VSS,Metal1,202.3260,76.0600,0.000000
FILLER_16_399,VSS,Metal1,198.9660,76.0600,0.000000
FILLER_16_392,VSS,Metal1,195.6060,76.0600,0.000000
FILLER_16_385,VSS,Metal1,192.2460,76.0600,0.000000
FILLER_16_378,VSS,Metal1,188.8860,76.0600,0.000000
FILLER_16_371,VSS,Metal1,185.5260,76.0600,0.000000
FILLER_16_364,VSS,Metal1,182.1660,76.0600,0.000000
FILLER_16_357,VSS,Metal1,178.8060,76.0600,0.000000
FILLER_16_350,VSS,Metal1,175.4460,76.0600,0.000000
FILLER_16_343,VSS,Metal1,172.0860,76.0600,0.000000
FILLER_16_336,VSS,Metal1,168.7260,76.0600,0.000000
FILLER_16_329,VSS,Metal1,165.3660,76.0600,0.000000
FILLER_16_322,VSS,Metal1,162.0060,76.0600,0.000000
FILLER_16_315,VSS,Metal1,158.6460,76.0600,0.000000
FILLER_16_308,VSS,Metal1,155.2860,76.0600,0.000000
FILLER_16_301,VSS,Metal1,151.9260,76.0600,0.000000
FILLER_16_294,VSS,Metal1,148.5660,76.0600,0.000000
FILLER_16_287,VSS,Metal1,145.2060,76.0600,0.000000
FILLER_16_280,VSS,Metal1,141.8460,76.0600,0.000000
FILLER_16_273,VSS,Metal1,138.4860,76.0600,0.000000
FILLER_16_266,VSS,Metal1,135.1260,76.0600,0.000000
FILLER_16_259,VSS,Metal1,131.7660,76.0600,0.000000
FILLER_16_252,VSS,Metal1,128.4060,76.0600,0.000000
FILLER_16_245,VSS,Metal1,125.0460,76.0600,0.000000
FILLER_16_238,VSS,Metal1,121.6860,76.0600,0.000000
FILLER_16_231,VSS,Metal1,118.3260,76.0600,0.000000
FILLER_16_224,VSS,Metal1,114.9660,76.0600,0.000000
FILLER_16_217,VSS,Metal1,111.6060,76.0600,0.000000
FILLER_16_210,VSS,Metal1,108.2460,76.0600,0.000000
FILLER_16_203,VSS,Metal1,104.8860,76.0600,0.000000
FILLER_16_196,VSS,Metal1,101.5260,76.0600,0.000000
FILLER_16_189,VSS,Metal1,98.1660,76.0600,0.000000
FILLER_16_182,VSS,Metal1,94.8060,76.0600,0.000000
FILLER_16_175,VSS,Metal1,91.4460,76.0600,0.000000
FILLER_16_168,VSS,Metal1,88.0860,76.0600,0.000000
FILLER_16_161,VSS,Metal1,84.7260,76.0600,0.000000
FILLER_16_154,VSS,Metal1,81.3660,76.0600,0.000000
FILLER_16_147,VSS,Metal1,78.0060,76.0600,0.000000
FILLER_16_140,VSS,Metal1,74.6460,76.0600,0.000000
FILLER_16_133,VSS,Metal1,71.2860,76.0600,0.000000
FILLER_16_126,VSS,Metal1,67.9260,76.0600,0.000000
FILLER_16_119,VSS,Metal1,64.5660,76.0600,0.000000
FILLER_16_112,VSS,Metal1,61.2060,76.0600,0.000000
FILLER_16_105,VSS,Metal1,57.8460,76.0600,0.000000
FILLER_16_98,VSS,Metal1,54.4860,76.0600,0.000000
FILLER_16_91,VSS,Metal1,51.1260,76.0600,0.000000
FILLER_16_84,VSS,Metal1,47.7660,76.0600,0.000000
FILLER_16_77,VSS,Metal1,44.4060,76.0600,0.000000
FILLER_16_70,VSS,Metal1,41.0460,76.0600,0.000000
FILLER_16_63,VSS,Metal1,37.6860,76.0600,0.000000
FILLER_16_56,VSS,Metal1,34.3260,76.0600,0.000000
FILLER_16_49,VSS,Metal1,30.9660,76.0600,0.000000
FILLER_16_42,VSS,Metal1,27.6060,76.0600,0.000000
FILLER_16_35,VSS,Metal1,24.2460,76.0600,0.000000
FILLER_16_28,VSS,Metal1,20.8860,76.0600,0.000000
FILLER_16_21,VSS,Metal1,17.5260,76.0600,0.000000
FILLER_16_14,VSS,Metal1,14.1660,76.0600,0.000000
FILLER_16_7,VSS,Metal1,10.8060,76.0600,0.000000
FILLER_16_0,VSS,Metal1,7.4460,76.0600,0.000000
FILLER_15_1099,VSS,Metal1,533.7600,75.6000,0.000000
FILLER_15_1092,VSS,Metal1,531.6060,75.1390,0.000000
FILLER_15_1085,VSS,Metal1,528.2460,75.1390,0.000000
FILLER_15_1078,VSS,Metal1,524.8860,75.1390,0.000000
FILLER_15_1071,VSS,Metal1,521.5260,75.1390,0.000000
FILLER_15_1064,VSS,Metal1,518.1660,75.1390,0.000000
FILLER_15_1057,VSS,Metal1,514.8060,75.1390,0.000000
FILLER_15_1050,VSS,Metal1,511.4460,75.1390,0.000000
FILLER_15_1043,VSS,Metal1,508.0860,75.1390,0.000000
FILLER_15_1036,VSS,Metal1,504.7260,75.1390,0.000000
FILLER_15_1029,VSS,Metal1,501.3660,75.1390,0.000000
FILLER_15_1022,VSS,Metal1,498.0060,75.1390,0.000000
FILLER_15_1015,VSS,Metal1,494.6460,75.1390,0.000000
FILLER_15_1008,VSS,Metal1,491.2860,75.1390,0.000000
FILLER_15_1001,VSS,Metal1,487.9260,75.1390,0.000000
FILLER_15_994,VSS,Metal1,484.5660,75.1390,0.000000
FILLER_15_987,VSS,Metal1,481.2060,75.1390,0.000000
FILLER_15_980,VSS,Metal1,477.8460,75.1390,0.000000
FILLER_15_973,VSS,Metal1,474.4860,75.1390,0.000000
FILLER_15_966,VSS,Metal1,471.1260,75.1390,0.000000
FILLER_15_959,VSS,Metal1,467.7660,75.1390,0.000000
FILLER_15_952,VSS,Metal1,464.4060,75.1390,0.000000
FILLER_15_945,VSS,Metal1,461.0460,75.1390,0.000000
FILLER_15_938,VSS,Metal1,457.6860,75.1390,0.000000
FILLER_15_931,VSS,Metal1,454.3260,75.1390,0.000000
FILLER_15_924,VSS,Metal1,450.9660,75.1390,0.000000
FILLER_15_917,VSS,Metal1,447.6060,75.1390,0.000000
FILLER_15_910,VSS,Metal1,444.2460,75.1390,0.000000
FILLER_15_903,VSS,Metal1,440.8860,75.1390,0.000000
FILLER_15_896,VSS,Metal1,437.5260,75.1390,0.000000
FILLER_15_889,VSS,Metal1,434.1660,75.1390,0.000000
FILLER_15_882,VSS,Metal1,430.8060,75.1390,0.000000
FILLER_15_875,VSS,Metal1,427.4460,75.1390,0.000000
FILLER_15_868,VSS,Metal1,424.0860,75.1390,0.000000
FILLER_15_861,VSS,Metal1,420.7260,75.1390,0.000000
FILLER_15_854,VSS,Metal1,417.3660,75.1390,0.000000
FILLER_15_847,VSS,Metal1,414.0060,75.1390,0.000000
FILLER_15_840,VSS,Metal1,410.6460,75.1390,0.000000
FILLER_15_833,VSS,Metal1,407.2860,75.1390,0.000000
FILLER_15_826,VSS,Metal1,403.9260,75.1390,0.000000
FILLER_15_819,VSS,Metal1,400.5660,75.1390,0.000000
FILLER_15_812,VSS,Metal1,397.2060,75.1390,0.000000
FILLER_15_805,VSS,Metal1,393.8460,75.1390,0.000000
FILLER_15_798,VSS,Metal1,390.4860,75.1390,0.000000
FILLER_15_791,VSS,Metal1,387.1260,75.1390,0.000000
FILLER_15_784,VSS,Metal1,383.7660,75.1390,0.000000
FILLER_15_777,VSS,Metal1,380.4060,75.1390,0.000000
FILLER_15_770,VSS,Metal1,377.0460,75.1390,0.000000
FILLER_15_763,VSS,Metal1,373.6860,75.1390,0.000000
FILLER_15_756,VSS,Metal1,370.3260,75.1390,0.000000
FILLER_15_749,VSS,Metal1,366.9660,75.1390,0.000000
FILLER_15_742,VSS,Metal1,363.6060,75.1390,0.000000
FILLER_15_735,VSS,Metal1,360.2460,75.1390,0.000000
FILLER_15_728,VSS,Metal1,356.8860,75.1390,0.000000
FILLER_15_721,VSS,Metal1,353.5260,75.1390,0.000000
FILLER_15_714,VSS,Metal1,350.1660,75.1390,0.000000
FILLER_15_707,VSS,Metal1,346.8060,75.1390,0.000000
FILLER_15_700,VSS,Metal1,343.4460,75.1390,0.000000
FILLER_15_693,VSS,Metal1,340.0860,75.1390,0.000000
FILLER_15_686,VSS,Metal1,336.7260,75.1390,0.000000
FILLER_15_679,VSS,Metal1,333.3660,75.1390,0.000000
FILLER_15_672,VSS,Metal1,330.0060,75.1390,0.000000
FILLER_15_665,VSS,Metal1,326.6460,75.1390,0.000000
FILLER_15_658,VSS,Metal1,323.2860,75.1390,0.000000
FILLER_15_651,VSS,Metal1,319.9260,75.1390,0.000000
FILLER_15_644,VSS,Metal1,316.5660,75.1390,0.000000
FILLER_15_637,VSS,Metal1,313.2060,75.1390,0.000000
FILLER_15_630,VSS,Metal1,309.8460,75.1390,0.000000
FILLER_15_623,VSS,Metal1,306.4860,75.1390,0.000000
FILLER_15_616,VSS,Metal1,303.1260,75.1390,0.000000
FILLER_15_609,VSS,Metal1,299.7660,75.1390,0.000000
FILLER_15_602,VSS,Metal1,296.4060,75.1390,0.000000
FILLER_15_595,VSS,Metal1,293.0460,75.1390,0.000000
FILLER_15_588,VSS,Metal1,289.6860,75.1390,0.000000
FILLER_15_581,VSS,Metal1,286.3260,75.1390,0.000000
FILLER_15_574,VSS,Metal1,282.9660,75.1390,0.000000
FILLER_15_567,VSS,Metal1,279.6060,75.1390,0.000000
FILLER_15_560,VSS,Metal1,276.2460,75.1390,0.000000
FILLER_15_553,VSS,Metal1,272.8860,75.1390,0.000000
FILLER_15_546,VSS,Metal1,269.5260,75.1390,0.000000
FILLER_15_539,VSS,Metal1,266.1660,75.1390,0.000000
FILLER_15_532,VSS,Metal1,262.8060,75.1390,0.000000
FILLER_15_525,VSS,Metal1,259.4460,75.1390,0.000000
FILLER_15_518,VSS,Metal1,256.0860,75.1390,0.000000
FILLER_15_511,VSS,Metal1,252.7260,75.1390,0.000000
FILLER_15_504,VSS,Metal1,249.3660,75.1390,0.000000
FILLER_15_497,VSS,Metal1,246.0060,75.1390,0.000000
FILLER_15_490,VSS,Metal1,242.6460,75.1390,0.000000
FILLER_15_483,VSS,Metal1,239.2860,75.1390,0.000000
FILLER_15_476,VSS,Metal1,235.9260,75.1390,0.000000
FILLER_15_469,VSS,Metal1,232.5660,75.1390,0.000000
FILLER_15_462,VSS,Metal1,229.2060,75.1390,0.000000
FILLER_15_455,VSS,Metal1,225.8460,75.1390,0.000000
FILLER_15_448,VSS,Metal1,222.4860,75.1390,0.000000
FILLER_15_441,VSS,Metal1,219.1260,75.1390,0.000000
FILLER_15_434,VSS,Metal1,215.7660,75.1390,0.000000
FILLER_15_427,VSS,Metal1,212.4060,75.1390,0.000000
FILLER_15_420,VSS,Metal1,209.0460,75.1390,0.000000
FILLER_15_413,VSS,Metal1,205.6860,75.1390,0.000000
FILLER_15_406,VSS,Metal1,202.3260,75.1390,0.000000
FILLER_15_399,VSS,Metal1,198.9660,75.1390,0.000000
FILLER_15_392,VSS,Metal1,195.6060,75.1390,0.000000
FILLER_15_385,VSS,Metal1,192.2460,75.1390,0.000000
FILLER_15_378,VSS,Metal1,188.8860,75.1390,0.000000
FILLER_15_371,VSS,Metal1,185.5260,75.1390,0.000000
FILLER_15_364,VSS,Metal1,182.1660,75.1390,0.000000
FILLER_15_357,VSS,Metal1,178.8060,75.1390,0.000000
FILLER_15_350,VSS,Metal1,175.4460,75.1390,0.000000
FILLER_15_343,VSS,Metal1,172.0860,75.1390,0.000000
FILLER_15_336,VSS,Metal1,168.7260,75.1390,0.000000
FILLER_15_329,VSS,Metal1,165.3660,75.1390,0.000000
FILLER_15_322,VSS,Metal1,162.0060,75.1390,0.000000
FILLER_15_315,VSS,Metal1,158.6460,75.1390,0.000000
FILLER_15_308,VSS,Metal1,155.2860,75.1390,0.000000
FILLER_15_301,VSS,Metal1,151.9260,75.1390,0.000000
FILLER_15_294,VSS,Metal1,148.5660,75.1390,0.000000
FILLER_15_287,VSS,Metal1,145.2060,75.1390,0.000000
FILLER_15_280,VSS,Metal1,141.8460,75.1390,0.000000
FILLER_15_273,VSS,Metal1,138.4860,75.1390,0.000000
FILLER_15_266,VSS,Metal1,135.1260,75.1390,0.000000
FILLER_15_259,VSS,Metal1,131.7660,75.1390,0.000000
FILLER_15_252,VSS,Metal1,128.4060,75.1390,0.000000
FILLER_15_245,VSS,Metal1,125.0460,75.1390,0.000000
FILLER_15_238,VSS,Metal1,121.6860,75.1390,0.000000
FILLER_15_231,VSS,Metal1,118.3260,75.1390,0.000000
FILLER_15_224,VSS,Metal1,114.9660,75.1390,0.000000
FILLER_15_217,VSS,Metal1,111.6060,75.1390,0.000000
FILLER_15_210,VSS,Metal1,108.2460,75.1390,0.000000
FILLER_15_203,VSS,Metal1,104.8860,75.1390,0.000000
FILLER_15_196,VSS,Metal1,101.5260,75.1390,0.000000
FILLER_15_189,VSS,Metal1,98.1660,75.1390,0.000000
FILLER_15_182,VSS,Metal1,94.8060,75.1390,0.000000
FILLER_15_175,VSS,Metal1,91.4460,75.1390,0.000000
FILLER_15_168,VSS,Metal1,88.0860,75.1390,0.000000
FILLER_15_161,VSS,Metal1,84.7260,75.1390,0.000000
FILLER_15_154,VSS,Metal1,81.3660,75.1390,0.000000
FILLER_15_147,VSS,Metal1,78.0060,75.1390,0.000000
FILLER_15_140,VSS,Metal1,74.6460,75.1390,0.000000
FILLER_15_133,VSS,Metal1,71.2860,75.1390,0.000000
FILLER_15_126,VSS,Metal1,67.9260,75.1390,0.000000
FILLER_15_119,VSS,Metal1,64.5660,75.1390,0.000000
FILLER_15_112,VSS,Metal1,61.2060,75.1390,0.000000
FILLER_15_105,VSS,Metal1,57.8460,75.1390,0.000000
FILLER_15_98,VSS,Metal1,54.4860,75.1390,0.000000
FILLER_15_91,VSS,Metal1,51.1260,75.1390,0.000000
FILLER_15_84,VSS,Metal1,47.7660,75.1390,0.000000
FILLER_15_77,VSS,Metal1,44.4060,75.1390,0.000000
FILLER_15_70,VSS,Metal1,41.0460,75.1390,0.000000
FILLER_15_63,VSS,Metal1,37.6860,75.1390,0.000000
FILLER_15_56,VSS,Metal1,34.3260,75.1390,0.000000
FILLER_15_49,VSS,Metal1,30.9660,75.1390,0.000000
FILLER_15_42,VSS,Metal1,27.6060,75.1390,0.000000
FILLER_15_35,VSS,Metal1,24.2460,75.1390,0.000000
FILLER_15_28,VSS,Metal1,20.8860,75.1390,0.000000
FILLER_15_21,VSS,Metal1,17.5260,75.1390,0.000000
FILLER_15_14,VSS,Metal1,14.1660,75.1390,0.000000
FILLER_15_7,VSS,Metal1,10.8060,75.1390,0.000000
FILLER_15_0,VSS,Metal1,7.4460,75.1390,0.000000
FILLER_14_1099,VSS,Metal1,533.7600,68.0400,0.000000
FILLER_14_1092,VSS,Metal1,531.6060,68.5000,0.000000
FILLER_14_1085,VSS,Metal1,528.2460,68.5000,0.000000
FILLER_14_1078,VSS,Metal1,524.8860,68.5000,0.000000
FILLER_14_1071,VSS,Metal1,521.5260,68.5000,0.000000
FILLER_14_1064,VSS,Metal1,518.1660,68.5000,0.000000
FILLER_14_1057,VSS,Metal1,514.8060,68.5000,0.000000
FILLER_14_1050,VSS,Metal1,511.4460,68.5000,0.000000
FILLER_14_1043,VSS,Metal1,508.0860,68.5000,0.000000
FILLER_14_1036,VSS,Metal1,504.7260,68.5000,0.000000
FILLER_14_1029,VSS,Metal1,501.3660,68.5000,0.000000
FILLER_14_1022,VSS,Metal1,498.0060,68.5000,0.000000
FILLER_14_1015,VSS,Metal1,494.6460,68.5000,0.000000
FILLER_14_1008,VSS,Metal1,491.2860,68.5000,0.000000
FILLER_14_1001,VSS,Metal1,487.9260,68.5000,0.000000
FILLER_14_994,VSS,Metal1,484.5660,68.5000,0.000000
FILLER_14_987,VSS,Metal1,481.2060,68.5000,0.000000
FILLER_14_980,VSS,Metal1,477.8460,68.5000,0.000000
FILLER_14_973,VSS,Metal1,474.4860,68.5000,0.000000
FILLER_14_966,VSS,Metal1,471.1260,68.5000,0.000000
FILLER_14_959,VSS,Metal1,467.7660,68.5000,0.000000
FILLER_14_952,VSS,Metal1,464.4060,68.5000,0.000000
FILLER_14_945,VSS,Metal1,461.0460,68.5000,0.000000
FILLER_14_938,VSS,Metal1,457.6860,68.5000,0.000000
FILLER_14_931,VSS,Metal1,454.3260,68.5000,0.000000
FILLER_14_924,VSS,Metal1,450.9660,68.5000,0.000000
FILLER_14_917,VSS,Metal1,447.6060,68.5000,0.000000
FILLER_14_910,VSS,Metal1,444.2460,68.5000,0.000000
FILLER_14_903,VSS,Metal1,440.8860,68.5000,0.000000
FILLER_14_896,VSS,Metal1,437.5260,68.5000,0.000000
FILLER_14_889,VSS,Metal1,434.1660,68.5000,0.000000
FILLER_14_882,VSS,Metal1,430.8060,68.5000,0.000000
FILLER_14_875,VSS,Metal1,427.4460,68.5000,0.000000
FILLER_14_868,VSS,Metal1,424.0860,68.5000,0.000000
FILLER_14_861,VSS,Metal1,420.7260,68.5000,0.000000
FILLER_14_854,VSS,Metal1,417.3660,68.5000,0.000000
FILLER_14_847,VSS,Metal1,414.0060,68.5000,0.000000
FILLER_14_840,VSS,Metal1,410.6460,68.5000,0.000000
FILLER_14_833,VSS,Metal1,407.2860,68.5000,0.000000
FILLER_14_826,VSS,Metal1,403.9260,68.5000,0.000000
FILLER_14_819,VSS,Metal1,400.5660,68.5000,0.000000
FILLER_14_812,VSS,Metal1,397.2060,68.5000,0.000000
FILLER_14_805,VSS,Metal1,393.8460,68.5000,0.000000
FILLER_14_798,VSS,Metal1,390.4860,68.5000,0.000000
FILLER_14_791,VSS,Metal1,387.1260,68.5000,0.000000
FILLER_14_784,VSS,Metal1,383.7660,68.5000,0.000000
FILLER_14_777,VSS,Metal1,380.4060,68.5000,0.000000
FILLER_14_770,VSS,Metal1,377.0460,68.5000,0.000000
FILLER_14_763,VSS,Metal1,373.6860,68.5000,0.000000
FILLER_14_756,VSS,Metal1,370.3260,68.5000,0.000000
FILLER_14_749,VSS,Metal1,366.9660,68.5000,0.000000
FILLER_14_742,VSS,Metal1,363.6060,68.5000,0.000000
FILLER_14_735,VSS,Metal1,360.2460,68.5000,0.000000
FILLER_14_728,VSS,Metal1,356.8860,68.5000,0.000000
FILLER_14_721,VSS,Metal1,353.5260,68.5000,0.000000
FILLER_14_714,VSS,Metal1,350.1660,68.5000,0.000000
FILLER_14_707,VSS,Metal1,346.8060,68.5000,0.000000
FILLER_14_700,VSS,Metal1,343.4460,68.5000,0.000000
FILLER_14_693,VSS,Metal1,340.0860,68.5000,0.000000
FILLER_14_686,VSS,Metal1,336.7260,68.5000,0.000000
FILLER_14_679,VSS,Metal1,333.3660,68.5000,0.000000
FILLER_14_672,VSS,Metal1,330.0060,68.5000,0.000000
FILLER_14_665,VSS,Metal1,326.6460,68.5000,0.000000
FILLER_14_658,VSS,Metal1,323.2860,68.5000,0.000000
FILLER_14_651,VSS,Metal1,319.9260,68.5000,0.000000
FILLER_14_644,VSS,Metal1,316.5660,68.5000,0.000000
FILLER_14_637,VSS,Metal1,313.2060,68.5000,0.000000
FILLER_14_630,VSS,Metal1,309.8460,68.5000,0.000000
FILLER_14_623,VSS,Metal1,306.4860,68.5000,0.000000
FILLER_14_616,VSS,Metal1,303.1260,68.5000,0.000000
FILLER_14_609,VSS,Metal1,299.7660,68.5000,0.000000
FILLER_14_602,VSS,Metal1,296.4060,68.5000,0.000000
FILLER_14_595,VSS,Metal1,293.0460,68.5000,0.000000
FILLER_14_588,VSS,Metal1,289.6860,68.5000,0.000000
FILLER_14_581,VSS,Metal1,286.3260,68.5000,0.000000
FILLER_14_574,VSS,Metal1,282.9660,68.5000,0.000000
FILLER_14_567,VSS,Metal1,279.6060,68.5000,0.000000
FILLER_14_560,VSS,Metal1,276.2460,68.5000,0.000000
FILLER_14_553,VSS,Metal1,272.8860,68.5000,0.000000
FILLER_14_546,VSS,Metal1,269.5260,68.5000,0.000000
FILLER_14_539,VSS,Metal1,266.1660,68.5000,0.000000
FILLER_14_532,VSS,Metal1,262.8060,68.5000,0.000000
FILLER_14_525,VSS,Metal1,259.4460,68.5000,0.000000
FILLER_14_518,VSS,Metal1,256.0860,68.5000,0.000000
FILLER_14_511,VSS,Metal1,252.7260,68.5000,0.000000
FILLER_14_504,VSS,Metal1,249.3660,68.5000,0.000000
FILLER_14_497,VSS,Metal1,246.0060,68.5000,0.000000
FILLER_14_490,VSS,Metal1,242.6460,68.5000,0.000000
FILLER_14_483,VSS,Metal1,239.2860,68.5000,0.000000
FILLER_14_476,VSS,Metal1,235.9260,68.5000,0.000000
FILLER_14_469,VSS,Metal1,232.5660,68.5000,0.000000
FILLER_14_462,VSS,Metal1,229.2060,68.5000,0.000000
FILLER_14_455,VSS,Metal1,225.8460,68.5000,0.000000
FILLER_14_448,VSS,Metal1,222.4860,68.5000,0.000000
FILLER_14_441,VSS,Metal1,219.1260,68.5000,0.000000
FILLER_14_434,VSS,Metal1,215.7660,68.5000,0.000000
FILLER_14_427,VSS,Metal1,212.4060,68.5000,0.000000
FILLER_14_420,VSS,Metal1,209.0460,68.5000,0.000000
FILLER_14_413,VSS,Metal1,205.6860,68.5000,0.000000
FILLER_14_406,VSS,Metal1,202.3260,68.5000,0.000000
FILLER_14_399,VSS,Metal1,198.9660,68.5000,0.000000
FILLER_14_392,VSS,Metal1,195.6060,68.5000,0.000000
FILLER_14_385,VSS,Metal1,192.2460,68.5000,0.000000
FILLER_14_378,VSS,Metal1,188.8860,68.5000,0.000000
FILLER_14_371,VSS,Metal1,185.5260,68.5000,0.000000
FILLER_14_364,VSS,Metal1,182.1660,68.5000,0.000000
FILLER_14_357,VSS,Metal1,178.8060,68.5000,0.000000
FILLER_14_350,VSS,Metal1,175.4460,68.5000,0.000000
FILLER_14_343,VSS,Metal1,172.0860,68.5000,0.000000
FILLER_14_336,VSS,Metal1,168.7260,68.5000,0.000000
FILLER_14_329,VSS,Metal1,165.3660,68.5000,0.000000
FILLER_14_322,VSS,Metal1,162.0060,68.5000,0.000000
FILLER_14_315,VSS,Metal1,158.6460,68.5000,0.000000
FILLER_14_308,VSS,Metal1,155.2860,68.5000,0.000000
FILLER_14_301,VSS,Metal1,151.9260,68.5000,0.000000
FILLER_14_294,VSS,Metal1,148.5660,68.5000,0.000000
FILLER_14_287,VSS,Metal1,145.2060,68.5000,0.000000
FILLER_14_280,VSS,Metal1,141.8460,68.5000,0.000000
FILLER_14_273,VSS,Metal1,138.4860,68.5000,0.000000
FILLER_14_266,VSS,Metal1,135.1260,68.5000,0.000000
FILLER_14_259,VSS,Metal1,131.7660,68.5000,0.000000
FILLER_14_252,VSS,Metal1,128.4060,68.5000,0.000000
FILLER_14_245,VSS,Metal1,125.0460,68.5000,0.000000
FILLER_14_238,VSS,Metal1,121.6860,68.5000,0.000000
FILLER_14_231,VSS,Metal1,118.3260,68.5000,0.000000
FILLER_14_224,VSS,Metal1,114.9660,68.5000,0.000000
FILLER_14_217,VSS,Metal1,111.6060,68.5000,0.000000
FILLER_14_210,VSS,Metal1,108.2460,68.5000,0.000000
FILLER_14_203,VSS,Metal1,104.8860,68.5000,0.000000
FILLER_14_196,VSS,Metal1,101.5260,68.5000,0.000000
FILLER_14_189,VSS,Metal1,98.1660,68.5000,0.000000
FILLER_14_182,VSS,Metal1,94.8060,68.5000,0.000000
FILLER_14_175,VSS,Metal1,91.4460,68.5000,0.000000
FILLER_14_168,VSS,Metal1,88.0860,68.5000,0.000000
FILLER_14_161,VSS,Metal1,84.7260,68.5000,0.000000
FILLER_14_154,VSS,Metal1,81.3660,68.5000,0.000000
FILLER_14_147,VSS,Metal1,78.0060,68.5000,0.000000
FILLER_14_140,VSS,Metal1,74.6460,68.5000,0.000000
FILLER_14_133,VSS,Metal1,71.2860,68.5000,0.000000
FILLER_14_126,VSS,Metal1,67.9260,68.5000,0.000000
FILLER_14_119,VSS,Metal1,64.5660,68.5000,0.000000
FILLER_14_112,VSS,Metal1,61.2060,68.5000,0.000000
FILLER_14_105,VSS,Metal1,57.8460,68.5000,0.000000
FILLER_14_98,VSS,Metal1,54.4860,68.5000,0.000000
FILLER_14_91,VSS,Metal1,51.1260,68.5000,0.000000
FILLER_14_84,VSS,Metal1,47.7660,68.5000,0.000000
FILLER_14_77,VSS,Metal1,44.4060,68.5000,0.000000
FILLER_14_70,VSS,Metal1,41.0460,68.5000,0.000000
FILLER_14_63,VSS,Metal1,37.6860,68.5000,0.000000
FILLER_14_56,VSS,Metal1,34.3260,68.5000,0.000000
FILLER_14_49,VSS,Metal1,30.9660,68.5000,0.000000
FILLER_14_42,VSS,Metal1,27.6060,68.5000,0.000000
FILLER_14_35,VSS,Metal1,24.2460,68.5000,0.000000
FILLER_14_28,VSS,Metal1,20.8860,68.5000,0.000000
FILLER_14_21,VSS,Metal1,17.5260,68.5000,0.000000
FILLER_14_14,VSS,Metal1,14.1660,68.5000,0.000000
FILLER_14_7,VSS,Metal1,10.8060,68.5000,0.000000
FILLER_14_0,VSS,Metal1,7.4460,68.5000,0.000000
FILLER_13_1099,VSS,Metal1,533.7600,68.0400,0.000000
FILLER_13_1092,VSS,Metal1,531.6060,67.5790,0.000000
FILLER_13_1085,VSS,Metal1,528.2460,67.5790,0.000000
FILLER_13_1078,VSS,Metal1,524.8860,67.5790,0.000000
FILLER_13_1071,VSS,Metal1,521.5260,67.5790,0.000000
FILLER_13_1064,VSS,Metal1,518.1660,67.5790,0.000000
FILLER_13_1057,VSS,Metal1,514.8060,67.5790,0.000000
FILLER_13_1050,VSS,Metal1,511.4460,67.5790,0.000000
FILLER_13_1043,VSS,Metal1,508.0860,67.5790,0.000000
FILLER_13_1036,VSS,Metal1,504.7260,67.5790,0.000000
FILLER_13_1029,VSS,Metal1,501.3660,67.5790,0.000000
FILLER_13_1022,VSS,Metal1,498.0060,67.5790,0.000000
FILLER_13_1015,VSS,Metal1,494.6460,67.5790,0.000000
FILLER_13_1008,VSS,Metal1,491.2860,67.5790,0.000000
FILLER_13_1001,VSS,Metal1,487.9260,67.5790,0.000000
FILLER_13_994,VSS,Metal1,484.5660,67.5790,0.000000
FILLER_13_987,VSS,Metal1,481.2060,67.5790,0.000000
FILLER_13_980,VSS,Metal1,477.8460,67.5790,0.000000
FILLER_13_973,VSS,Metal1,474.4860,67.5790,0.000000
FILLER_13_966,VSS,Metal1,471.1260,67.5790,0.000000
FILLER_13_959,VSS,Metal1,467.7660,67.5790,0.000000
FILLER_13_952,VSS,Metal1,464.4060,67.5790,0.000000
FILLER_13_945,VSS,Metal1,461.0460,67.5790,0.000000
FILLER_13_938,VSS,Metal1,457.6860,67.5790,0.000000
FILLER_13_931,VSS,Metal1,454.3260,67.5790,0.000000
FILLER_13_924,VSS,Metal1,450.9660,67.5790,0.000000
FILLER_13_917,VSS,Metal1,447.6060,67.5790,0.000000
FILLER_13_910,VSS,Metal1,444.2460,67.5790,0.000000
FILLER_13_903,VSS,Metal1,440.8860,67.5790,0.000000
FILLER_13_896,VSS,Metal1,437.5260,67.5790,0.000000
FILLER_13_889,VSS,Metal1,434.1660,67.5790,0.000000
FILLER_13_882,VSS,Metal1,430.8060,67.5790,0.000000
FILLER_13_875,VSS,Metal1,427.4460,67.5790,0.000000
FILLER_13_868,VSS,Metal1,424.0860,67.5790,0.000000
FILLER_13_861,VSS,Metal1,420.7260,67.5790,0.000000
FILLER_13_854,VSS,Metal1,417.3660,67.5790,0.000000
FILLER_13_847,VSS,Metal1,414.0060,67.5790,0.000000
FILLER_13_840,VSS,Metal1,410.6460,67.5790,0.000000
FILLER_13_833,VSS,Metal1,407.2860,67.5790,0.000000
FILLER_13_826,VSS,Metal1,403.9260,67.5790,0.000000
FILLER_13_819,VSS,Metal1,400.5660,67.5790,0.000000
FILLER_13_812,VSS,Metal1,397.2060,67.5790,0.000000
FILLER_13_805,VSS,Metal1,393.8460,67.5790,0.000000
FILLER_13_798,VSS,Metal1,390.4860,67.5790,0.000000
FILLER_13_791,VSS,Metal1,387.1260,67.5790,0.000000
FILLER_13_784,VSS,Metal1,383.7660,67.5790,0.000000
FILLER_13_777,VSS,Metal1,380.4060,67.5790,0.000000
FILLER_13_770,VSS,Metal1,377.0460,67.5790,0.000000
FILLER_13_763,VSS,Metal1,373.6860,67.5790,0.000000
FILLER_13_756,VSS,Metal1,370.3260,67.5790,0.000000
FILLER_13_749,VSS,Metal1,366.9660,67.5790,0.000000
FILLER_13_742,VSS,Metal1,363.6060,67.5790,0.000000
FILLER_13_735,VSS,Metal1,360.2460,67.5790,0.000000
FILLER_13_728,VSS,Metal1,356.8860,67.5790,0.000000
FILLER_13_721,VSS,Metal1,353.5260,67.5790,0.000000
FILLER_13_714,VSS,Metal1,350.1660,67.5790,0.000000
FILLER_13_707,VSS,Metal1,346.8060,67.5790,0.000000
FILLER_13_700,VSS,Metal1,343.4460,67.5790,0.000000
FILLER_13_693,VSS,Metal1,340.0860,67.5790,0.000000
FILLER_13_686,VSS,Metal1,336.7260,67.5790,0.000000
FILLER_13_679,VSS,Metal1,333.3660,67.5790,0.000000
FILLER_13_672,VSS,Metal1,330.0060,67.5790,0.000000
FILLER_13_665,VSS,Metal1,326.6460,67.5790,0.000000
FILLER_13_658,VSS,Metal1,323.2860,67.5790,0.000000
FILLER_13_651,VSS,Metal1,319.9260,67.5790,0.000000
FILLER_13_644,VSS,Metal1,316.5660,67.5790,0.000000
FILLER_13_637,VSS,Metal1,313.2060,67.5790,0.000000
FILLER_13_630,VSS,Metal1,309.8460,67.5790,0.000000
FILLER_13_623,VSS,Metal1,306.4860,67.5790,0.000000
FILLER_13_616,VSS,Metal1,303.1260,67.5790,0.000000
FILLER_13_609,VSS,Metal1,299.7660,67.5790,0.000000
FILLER_13_602,VSS,Metal1,296.4060,67.5790,0.000000
FILLER_13_595,VSS,Metal1,293.0460,67.5790,0.000000
FILLER_13_588,VSS,Metal1,289.6860,67.5790,0.000000
FILLER_13_581,VSS,Metal1,286.3260,67.5790,0.000000
FILLER_13_574,VSS,Metal1,282.9660,67.5790,0.000000
FILLER_13_567,VSS,Metal1,279.6060,67.5790,0.000000
FILLER_13_560,VSS,Metal1,276.2460,67.5790,0.000000
FILLER_13_553,VSS,Metal1,272.8860,67.5790,0.000000
FILLER_13_546,VSS,Metal1,269.5260,67.5790,0.000000
FILLER_13_539,VSS,Metal1,266.1660,67.5790,0.000000
FILLER_13_532,VSS,Metal1,262.8060,67.5790,0.000000
FILLER_13_525,VSS,Metal1,259.4460,67.5790,0.000000
FILLER_13_518,VSS,Metal1,256.0860,67.5790,0.000000
FILLER_13_511,VSS,Metal1,252.7260,67.5790,0.000000
FILLER_13_504,VSS,Metal1,249.3660,67.5790,0.000000
FILLER_13_497,VSS,Metal1,246.0060,67.5790,0.000000
FILLER_13_490,VSS,Metal1,242.6460,67.5790,0.000000
FILLER_13_483,VSS,Metal1,239.2860,67.5790,0.000000
FILLER_13_476,VSS,Metal1,235.9260,67.5790,0.000000
FILLER_13_469,VSS,Metal1,232.5660,67.5790,0.000000
FILLER_13_462,VSS,Metal1,229.2060,67.5790,0.000000
FILLER_13_455,VSS,Metal1,225.8460,67.5790,0.000000
FILLER_13_448,VSS,Metal1,222.4860,67.5790,0.000000
FILLER_13_441,VSS,Metal1,219.1260,67.5790,0.000000
FILLER_13_434,VSS,Metal1,215.7660,67.5790,0.000000
FILLER_13_427,VSS,Metal1,212.4060,67.5790,0.000000
FILLER_13_420,VSS,Metal1,209.0460,67.5790,0.000000
FILLER_13_413,VSS,Metal1,205.6860,67.5790,0.000000
FILLER_13_406,VSS,Metal1,202.3260,67.5790,0.000000
FILLER_13_399,VSS,Metal1,198.9660,67.5790,0.000000
FILLER_13_392,VSS,Metal1,195.6060,67.5790,0.000000
FILLER_13_385,VSS,Metal1,192.2460,67.5790,0.000000
FILLER_13_378,VSS,Metal1,188.8860,67.5790,0.000000
FILLER_13_371,VSS,Metal1,185.5260,67.5790,0.000000
FILLER_13_364,VSS,Metal1,182.1660,67.5790,0.000000
FILLER_13_357,VSS,Metal1,178.8060,67.5790,0.000000
FILLER_13_350,VSS,Metal1,175.4460,67.5790,0.000000
FILLER_13_343,VSS,Metal1,172.0860,67.5790,0.000000
FILLER_13_336,VSS,Metal1,168.7260,67.5790,0.000000
FILLER_13_329,VSS,Metal1,165.3660,67.5790,0.000000
FILLER_13_322,VSS,Metal1,162.0060,67.5790,0.000000
FILLER_13_315,VSS,Metal1,158.6460,67.5790,0.000000
FILLER_13_308,VSS,Metal1,155.2860,67.5790,0.000000
FILLER_13_301,VSS,Metal1,151.9260,67.5790,0.000000
FILLER_13_294,VSS,Metal1,148.5660,67.5790,0.000000
FILLER_13_287,VSS,Metal1,145.2060,67.5790,0.000000
FILLER_13_280,VSS,Metal1,141.8460,67.5790,0.000000
FILLER_13_273,VSS,Metal1,138.4860,67.5790,0.000000
FILLER_13_266,VSS,Metal1,135.1260,67.5790,0.000000
FILLER_13_259,VSS,Metal1,131.7660,67.5790,0.000000
FILLER_13_252,VSS,Metal1,128.4060,67.5790,0.000000
FILLER_13_245,VSS,Metal1,125.0460,67.5790,0.000000
FILLER_13_238,VSS,Metal1,121.6860,67.5790,0.000000
FILLER_13_231,VSS,Metal1,118.3260,67.5790,0.000000
FILLER_13_224,VSS,Metal1,114.9660,67.5790,0.000000
FILLER_13_217,VSS,Metal1,111.6060,67.5790,0.000000
FILLER_13_210,VSS,Metal1,108.2460,67.5790,0.000000
FILLER_13_203,VSS,Metal1,104.8860,67.5790,0.000000
FILLER_13_196,VSS,Metal1,101.5260,67.5790,0.000000
FILLER_13_189,VSS,Metal1,98.1660,67.5790,0.000000
FILLER_13_182,VSS,Metal1,94.8060,67.5790,0.000000
FILLER_13_175,VSS,Metal1,91.4460,67.5790,0.000000
FILLER_13_168,VSS,Metal1,88.0860,67.5790,0.000000
FILLER_13_161,VSS,Metal1,84.7260,67.5790,0.000000
FILLER_13_154,VSS,Metal1,81.3660,67.5790,0.000000
FILLER_13_147,VSS,Metal1,78.0060,67.5790,0.000000
FILLER_13_140,VSS,Metal1,74.6460,67.5790,0.000000
FILLER_13_133,VSS,Metal1,71.2860,67.5790,0.000000
FILLER_13_126,VSS,Metal1,67.9260,67.5790,0.000000
FILLER_13_119,VSS,Metal1,64.5660,67.5790,0.000000
FILLER_13_112,VSS,Metal1,61.2060,67.5790,0.000000
FILLER_13_105,VSS,Metal1,57.8460,67.5790,0.000000
FILLER_13_98,VSS,Metal1,54.4860,67.5790,0.000000
FILLER_13_91,VSS,Metal1,51.1260,67.5790,0.000000
FILLER_13_84,VSS,Metal1,47.7660,67.5790,0.000000
FILLER_13_77,VSS,Metal1,44.4060,67.5790,0.000000
FILLER_13_70,VSS,Metal1,41.0460,67.5790,0.000000
FILLER_13_63,VSS,Metal1,37.6860,67.5790,0.000000
FILLER_13_56,VSS,Metal1,34.3260,67.5790,0.000000
FILLER_13_49,VSS,Metal1,30.9660,67.5790,0.000000
FILLER_13_42,VSS,Metal1,27.6060,67.5790,0.000000
FILLER_13_35,VSS,Metal1,24.2460,67.5790,0.000000
FILLER_13_28,VSS,Metal1,20.8860,67.5790,0.000000
FILLER_13_21,VSS,Metal1,17.5260,67.5790,0.000000
FILLER_13_14,VSS,Metal1,14.1660,67.5790,0.000000
FILLER_13_7,VSS,Metal1,10.8060,67.5790,0.000000
FILLER_13_0,VSS,Metal1,7.4460,67.5790,0.000000
FILLER_12_1099,VSS,Metal1,533.7600,60.4800,0.000000
FILLER_12_1092,VSS,Metal1,531.6060,60.9400,0.000000
FILLER_12_1085,VSS,Metal1,528.2460,60.9400,0.000000
FILLER_12_1078,VSS,Metal1,524.8860,60.9400,0.000000
FILLER_12_1071,VSS,Metal1,521.5260,60.9400,0.000000
FILLER_12_1064,VSS,Metal1,518.1660,60.9400,0.000000
FILLER_12_1057,VSS,Metal1,514.8060,60.9400,0.000000
FILLER_12_1050,VSS,Metal1,511.4460,60.9400,0.000000
FILLER_12_1043,VSS,Metal1,508.0860,60.9400,0.000000
FILLER_12_1036,VSS,Metal1,504.7260,60.9400,0.000000
FILLER_12_1029,VSS,Metal1,501.3660,60.9400,0.000000
FILLER_12_1022,VSS,Metal1,498.0060,60.9400,0.000000
FILLER_12_1015,VSS,Metal1,494.6460,60.9400,0.000000
FILLER_12_1008,VSS,Metal1,491.2860,60.9400,0.000000
FILLER_12_1001,VSS,Metal1,487.9260,60.9400,0.000000
FILLER_12_994,VSS,Metal1,484.5660,60.9400,0.000000
FILLER_12_987,VSS,Metal1,481.2060,60.9400,0.000000
FILLER_12_980,VSS,Metal1,477.8460,60.9400,0.000000
FILLER_12_973,VSS,Metal1,474.4860,60.9400,0.000000
FILLER_12_966,VSS,Metal1,471.1260,60.9400,0.000000
FILLER_12_959,VSS,Metal1,467.7660,60.9400,0.000000
FILLER_12_952,VSS,Metal1,464.4060,60.9400,0.000000
FILLER_12_945,VSS,Metal1,461.0460,60.9400,0.000000
FILLER_12_938,VSS,Metal1,457.6860,60.9400,0.000000
FILLER_12_931,VSS,Metal1,454.3260,60.9400,0.000000
FILLER_12_924,VSS,Metal1,450.9660,60.9400,0.000000
FILLER_12_917,VSS,Metal1,447.6060,60.9400,0.000000
FILLER_12_910,VSS,Metal1,444.2460,60.9400,0.000000
FILLER_12_903,VSS,Metal1,440.8860,60.9400,0.000000
FILLER_12_896,VSS,Metal1,437.5260,60.9400,0.000000
FILLER_12_889,VSS,Metal1,434.1660,60.9400,0.000000
FILLER_12_882,VSS,Metal1,430.8060,60.9400,0.000000
FILLER_12_875,VSS,Metal1,427.4460,60.9400,0.000000
FILLER_12_868,VSS,Metal1,424.0860,60.9400,0.000000
FILLER_12_861,VSS,Metal1,420.7260,60.9400,0.000000
FILLER_12_854,VSS,Metal1,417.3660,60.9400,0.000000
FILLER_12_847,VSS,Metal1,414.0060,60.9400,0.000000
FILLER_12_840,VSS,Metal1,410.6460,60.9400,0.000000
FILLER_12_833,VSS,Metal1,407.2860,60.9400,0.000000
FILLER_12_826,VSS,Metal1,403.9260,60.9400,0.000000
FILLER_12_819,VSS,Metal1,400.5660,60.9400,0.000000
FILLER_12_812,VSS,Metal1,397.2060,60.9400,0.000000
FILLER_12_805,VSS,Metal1,393.8460,60.9400,0.000000
FILLER_12_798,VSS,Metal1,390.4860,60.9400,0.000000
FILLER_12_791,VSS,Metal1,387.1260,60.9400,0.000000
FILLER_12_784,VSS,Metal1,383.7660,60.9400,0.000000
FILLER_12_777,VSS,Metal1,380.4060,60.9400,0.000000
FILLER_12_770,VSS,Metal1,377.0460,60.9400,0.000000
FILLER_12_763,VSS,Metal1,373.6860,60.9400,0.000000
FILLER_12_756,VSS,Metal1,370.3260,60.9400,0.000000
FILLER_12_749,VSS,Metal1,366.9660,60.9400,0.000000
FILLER_12_742,VSS,Metal1,363.6060,60.9400,0.000000
FILLER_12_735,VSS,Metal1,360.2460,60.9400,0.000000
FILLER_12_728,VSS,Metal1,356.8860,60.9400,0.000000
FILLER_12_721,VSS,Metal1,353.5260,60.9400,0.000000
FILLER_12_714,VSS,Metal1,350.1660,60.9400,0.000000
FILLER_12_707,VSS,Metal1,346.8060,60.9400,0.000000
FILLER_12_700,VSS,Metal1,343.4460,60.9400,0.000000
FILLER_12_693,VSS,Metal1,340.0860,60.9400,0.000000
FILLER_12_686,VSS,Metal1,336.7260,60.9400,0.000000
FILLER_12_679,VSS,Metal1,333.3660,60.9400,0.000000
FILLER_12_672,VSS,Metal1,330.0060,60.9400,0.000000
FILLER_12_665,VSS,Metal1,326.6460,60.9400,0.000000
FILLER_12_658,VSS,Metal1,323.2860,60.9400,0.000000
FILLER_12_651,VSS,Metal1,319.9260,60.9400,0.000000
FILLER_12_644,VSS,Metal1,316.5660,60.9400,0.000000
FILLER_12_637,VSS,Metal1,313.2060,60.9400,0.000000
FILLER_12_630,VSS,Metal1,309.8460,60.9400,0.000000
FILLER_12_623,VSS,Metal1,306.4860,60.9400,0.000000
FILLER_12_616,VSS,Metal1,303.1260,60.9400,0.000000
FILLER_12_609,VSS,Metal1,299.7660,60.9400,0.000000
FILLER_12_602,VSS,Metal1,296.4060,60.9400,0.000000
FILLER_12_595,VSS,Metal1,293.0460,60.9400,0.000000
FILLER_12_588,VSS,Metal1,289.6860,60.9400,0.000000
FILLER_12_581,VSS,Metal1,286.3260,60.9400,0.000000
FILLER_12_574,VSS,Metal1,282.9660,60.9400,0.000000
FILLER_12_567,VSS,Metal1,279.6060,60.9400,0.000000
FILLER_12_560,VSS,Metal1,276.2460,60.9400,0.000000
FILLER_12_553,VSS,Metal1,272.8860,60.9400,0.000000
FILLER_12_546,VSS,Metal1,269.5260,60.9400,0.000000
FILLER_12_539,VSS,Metal1,266.1660,60.9400,0.000000
FILLER_12_532,VSS,Metal1,262.8060,60.9400,0.000000
FILLER_12_525,VSS,Metal1,259.4460,60.9400,0.000000
FILLER_12_518,VSS,Metal1,256.0860,60.9400,0.000000
FILLER_12_511,VSS,Metal1,252.7260,60.9400,0.000000
FILLER_12_504,VSS,Metal1,249.3660,60.9400,0.000000
FILLER_12_497,VSS,Metal1,246.0060,60.9400,0.000000
FILLER_12_490,VSS,Metal1,242.6460,60.9400,0.000000
FILLER_12_483,VSS,Metal1,239.2860,60.9400,0.000000
FILLER_12_476,VSS,Metal1,235.9260,60.9400,0.000000
FILLER_12_469,VSS,Metal1,232.5660,60.9400,0.000000
FILLER_12_462,VSS,Metal1,229.2060,60.9400,0.000000
FILLER_12_455,VSS,Metal1,225.8460,60.9400,0.000000
FILLER_12_448,VSS,Metal1,222.4860,60.9400,0.000000
FILLER_12_441,VSS,Metal1,219.1260,60.9400,0.000000
FILLER_12_434,VSS,Metal1,215.7660,60.9400,0.000000
FILLER_12_427,VSS,Metal1,212.4060,60.9400,0.000000
FILLER_12_420,VSS,Metal1,209.0460,60.9400,0.000000
FILLER_12_413,VSS,Metal1,205.6860,60.9400,0.000000
FILLER_12_406,VSS,Metal1,202.3260,60.9400,0.000000
FILLER_12_399,VSS,Metal1,198.9660,60.9400,0.000000
FILLER_12_392,VSS,Metal1,195.6060,60.9400,0.000000
FILLER_12_385,VSS,Metal1,192.2460,60.9400,0.000000
FILLER_12_378,VSS,Metal1,188.8860,60.9400,0.000000
FILLER_12_371,VSS,Metal1,185.5260,60.9400,0.000000
FILLER_12_364,VSS,Metal1,182.1660,60.9400,0.000000
FILLER_12_357,VSS,Metal1,178.8060,60.9400,0.000000
FILLER_12_350,VSS,Metal1,175.4460,60.9400,0.000000
FILLER_12_343,VSS,Metal1,172.0860,60.9400,0.000000
FILLER_12_336,VSS,Metal1,168.7260,60.9400,0.000000
FILLER_12_329,VSS,Metal1,165.3660,60.9400,0.000000
FILLER_12_322,VSS,Metal1,162.0060,60.9400,0.000000
FILLER_12_315,VSS,Metal1,158.6460,60.9400,0.000000
FILLER_12_308,VSS,Metal1,155.2860,60.9400,0.000000
FILLER_12_301,VSS,Metal1,151.9260,60.9400,0.000000
FILLER_12_294,VSS,Metal1,148.5660,60.9400,0.000000
FILLER_12_287,VSS,Metal1,145.2060,60.9400,0.000000
FILLER_12_280,VSS,Metal1,141.8460,60.9400,0.000000
FILLER_12_273,VSS,Metal1,138.4860,60.9400,0.000000
FILLER_12_266,VSS,Metal1,135.1260,60.9400,0.000000
FILLER_12_259,VSS,Metal1,131.7660,60.9400,0.000000
FILLER_12_252,VSS,Metal1,128.4060,60.9400,0.000000
FILLER_12_245,VSS,Metal1,125.0460,60.9400,0.000000
FILLER_12_238,VSS,Metal1,121.6860,60.9400,0.000000
FILLER_12_231,VSS,Metal1,118.3260,60.9400,0.000000
FILLER_12_224,VSS,Metal1,114.9660,60.9400,0.000000
FILLER_12_217,VSS,Metal1,111.6060,60.9400,0.000000
FILLER_12_210,VSS,Metal1,108.2460,60.9400,0.000000
FILLER_12_203,VSS,Metal1,104.8860,60.9400,0.000000
FILLER_12_196,VSS,Metal1,101.5260,60.9400,0.000000
FILLER_12_189,VSS,Metal1,98.1660,60.9400,0.000000
FILLER_12_182,VSS,Metal1,94.8060,60.9400,0.000000
FILLER_12_175,VSS,Metal1,91.4460,60.9400,0.000000
FILLER_12_168,VSS,Metal1,88.0860,60.9400,0.000000
FILLER_12_161,VSS,Metal1,84.7260,60.9400,0.000000
FILLER_12_154,VSS,Metal1,81.3660,60.9400,0.000000
FILLER_12_147,VSS,Metal1,78.0060,60.9400,0.000000
FILLER_12_140,VSS,Metal1,74.6460,60.9400,0.000000
FILLER_12_133,VSS,Metal1,71.2860,60.9400,0.000000
FILLER_12_126,VSS,Metal1,67.9260,60.9400,0.000000
FILLER_12_119,VSS,Metal1,64.5660,60.9400,0.000000
FILLER_12_112,VSS,Metal1,61.2060,60.9400,0.000000
FILLER_12_105,VSS,Metal1,57.8460,60.9400,0.000000
FILLER_12_98,VSS,Metal1,54.4860,60.9400,0.000000
FILLER_12_91,VSS,Metal1,51.1260,60.9400,0.000000
FILLER_12_84,VSS,Metal1,47.7660,60.9400,0.000000
FILLER_12_77,VSS,Metal1,44.4060,60.9400,0.000000
FILLER_12_70,VSS,Metal1,41.0460,60.9400,0.000000
FILLER_12_63,VSS,Metal1,37.6860,60.9400,0.000000
FILLER_12_56,VSS,Metal1,34.3260,60.9400,0.000000
FILLER_12_49,VSS,Metal1,30.9660,60.9400,0.000000
FILLER_12_42,VSS,Metal1,27.6060,60.9400,0.000000
FILLER_12_35,VSS,Metal1,24.2460,60.9400,0.000000
FILLER_12_28,VSS,Metal1,20.8860,60.9400,0.000000
FILLER_12_21,VSS,Metal1,17.5260,60.9400,0.000000
FILLER_12_14,VSS,Metal1,14.1660,60.9400,0.000000
FILLER_12_7,VSS,Metal1,10.8060,60.9400,0.000000
FILLER_12_0,VSS,Metal1,7.4460,60.9400,0.000000
FILLER_11_1099,VSS,Metal1,533.7600,60.4800,0.000000
FILLER_11_1092,VSS,Metal1,531.6060,60.0190,0.000000
FILLER_11_1085,VSS,Metal1,528.2460,60.0190,0.000000
FILLER_11_1078,VSS,Metal1,524.8860,60.0190,0.000000
FILLER_11_1071,VSS,Metal1,521.5260,60.0190,0.000000
FILLER_11_1064,VSS,Metal1,518.1660,60.0190,0.000000
FILLER_11_1057,VSS,Metal1,514.8060,60.0190,0.000000
FILLER_11_1050,VSS,Metal1,511.4460,60.0190,0.000000
FILLER_11_1043,VSS,Metal1,508.0860,60.0190,0.000000
FILLER_11_1036,VSS,Metal1,504.7260,60.0190,0.000000
FILLER_11_1029,VSS,Metal1,501.3660,60.0190,0.000000
FILLER_11_1022,VSS,Metal1,498.0060,60.0190,0.000000
FILLER_11_1015,VSS,Metal1,494.6460,60.0190,0.000000
FILLER_11_1008,VSS,Metal1,491.2860,60.0190,0.000000
FILLER_11_1001,VSS,Metal1,487.9260,60.0190,0.000000
FILLER_11_994,VSS,Metal1,484.5660,60.0190,0.000000
FILLER_11_987,VSS,Metal1,481.2060,60.0190,0.000000
FILLER_11_980,VSS,Metal1,477.8460,60.0190,0.000000
FILLER_11_973,VSS,Metal1,474.4860,60.0190,0.000000
FILLER_11_966,VSS,Metal1,471.1260,60.0190,0.000000
FILLER_11_959,VSS,Metal1,467.7660,60.0190,0.000000
FILLER_11_952,VSS,Metal1,464.4060,60.0190,0.000000
FILLER_11_945,VSS,Metal1,461.0460,60.0190,0.000000
FILLER_11_938,VSS,Metal1,457.6860,60.0190,0.000000
FILLER_11_931,VSS,Metal1,454.3260,60.0190,0.000000
FILLER_11_924,VSS,Metal1,450.9660,60.0190,0.000000
FILLER_11_917,VSS,Metal1,447.6060,60.0190,0.000000
FILLER_11_910,VSS,Metal1,444.2460,60.0190,0.000000
FILLER_11_903,VSS,Metal1,440.8860,60.0190,0.000000
FILLER_11_896,VSS,Metal1,437.5260,60.0190,0.000000
FILLER_11_889,VSS,Metal1,434.1660,60.0190,0.000000
FILLER_11_882,VSS,Metal1,430.8060,60.0190,0.000000
FILLER_11_875,VSS,Metal1,427.4460,60.0190,0.000000
FILLER_11_868,VSS,Metal1,424.0860,60.0190,0.000000
FILLER_11_861,VSS,Metal1,420.7260,60.0190,0.000000
FILLER_11_854,VSS,Metal1,417.3660,60.0190,0.000000
FILLER_11_847,VSS,Metal1,414.0060,60.0190,0.000000
FILLER_11_840,VSS,Metal1,410.6460,60.0190,0.000000
FILLER_11_833,VSS,Metal1,407.2860,60.0190,0.000000
FILLER_11_826,VSS,Metal1,403.9260,60.0190,0.000000
FILLER_11_819,VSS,Metal1,400.5660,60.0190,0.000000
FILLER_11_812,VSS,Metal1,397.2060,60.0190,0.000000
FILLER_11_805,VSS,Metal1,393.8460,60.0190,0.000000
FILLER_11_798,VSS,Metal1,390.4860,60.0190,0.000000
FILLER_11_791,VSS,Metal1,387.1260,60.0190,0.000000
FILLER_11_784,VSS,Metal1,383.7660,60.0190,0.000000
FILLER_11_777,VSS,Metal1,380.4060,60.0190,0.000000
FILLER_11_770,VSS,Metal1,377.0460,60.0190,0.000000
FILLER_11_763,VSS,Metal1,373.6860,60.0190,0.000000
FILLER_11_756,VSS,Metal1,370.3260,60.0190,0.000000
FILLER_11_749,VSS,Metal1,366.9660,60.0190,0.000000
FILLER_11_742,VSS,Metal1,363.6060,60.0190,0.000000
FILLER_11_735,VSS,Metal1,360.2460,60.0190,0.000000
FILLER_11_728,VSS,Metal1,356.8860,60.0190,0.000000
FILLER_11_721,VSS,Metal1,353.5260,60.0190,0.000000
FILLER_11_714,VSS,Metal1,350.1660,60.0190,0.000000
FILLER_11_707,VSS,Metal1,346.8060,60.0190,0.000000
FILLER_11_700,VSS,Metal1,343.4460,60.0190,0.000000
FILLER_11_693,VSS,Metal1,340.0860,60.0190,0.000000
FILLER_11_686,VSS,Metal1,336.7260,60.0190,0.000000
FILLER_11_679,VSS,Metal1,333.3660,60.0190,0.000000
FILLER_11_672,VSS,Metal1,330.0060,60.0190,0.000000
FILLER_11_665,VSS,Metal1,326.6460,60.0190,0.000000
FILLER_11_658,VSS,Metal1,323.2860,60.0190,0.000000
FILLER_11_651,VSS,Metal1,319.9260,60.0190,0.000000
FILLER_11_644,VSS,Metal1,316.5660,60.0190,0.000000
FILLER_11_637,VSS,Metal1,313.2060,60.0190,0.000000
FILLER_11_630,VSS,Metal1,309.8460,60.0190,0.000000
FILLER_11_623,VSS,Metal1,306.4860,60.0190,0.000000
FILLER_11_616,VSS,Metal1,303.1260,60.0190,0.000000
FILLER_11_609,VSS,Metal1,299.7660,60.0190,0.000000
FILLER_11_602,VSS,Metal1,296.4060,60.0190,0.000000
FILLER_11_595,VSS,Metal1,293.0460,60.0190,0.000000
FILLER_11_588,VSS,Metal1,289.6860,60.0190,0.000000
FILLER_11_581,VSS,Metal1,286.3260,60.0190,0.000000
FILLER_11_574,VSS,Metal1,282.9660,60.0190,0.000000
FILLER_11_567,VSS,Metal1,279.6060,60.0190,0.000000
FILLER_11_560,VSS,Metal1,276.2460,60.0190,0.000000
FILLER_11_553,VSS,Metal1,272.8860,60.0190,0.000000
FILLER_11_546,VSS,Metal1,269.5260,60.0190,0.000000
FILLER_11_539,VSS,Metal1,266.1660,60.0190,0.000000
FILLER_11_532,VSS,Metal1,262.8060,60.0190,0.000000
FILLER_11_525,VSS,Metal1,259.4460,60.0190,0.000000
FILLER_11_518,VSS,Metal1,256.0860,60.0190,0.000000
FILLER_11_511,VSS,Metal1,252.7260,60.0190,0.000000
FILLER_11_504,VSS,Metal1,249.3660,60.0190,0.000000
FILLER_11_497,VSS,Metal1,246.0060,60.0190,0.000000
FILLER_11_490,VSS,Metal1,242.6460,60.0190,0.000000
FILLER_11_483,VSS,Metal1,239.2860,60.0190,0.000000
FILLER_11_476,VSS,Metal1,235.9260,60.0190,0.000000
FILLER_11_469,VSS,Metal1,232.5660,60.0190,0.000000
FILLER_11_462,VSS,Metal1,229.2060,60.0190,0.000000
FILLER_11_455,VSS,Metal1,225.8460,60.0190,0.000000
FILLER_11_448,VSS,Metal1,222.4860,60.0190,0.000000
FILLER_11_441,VSS,Metal1,219.1260,60.0190,0.000000
FILLER_11_434,VSS,Metal1,215.7660,60.0190,0.000000
FILLER_11_427,VSS,Metal1,212.4060,60.0190,0.000000
FILLER_11_420,VSS,Metal1,209.0460,60.0190,0.000000
FILLER_11_413,VSS,Metal1,205.6860,60.0190,0.000000
FILLER_11_406,VSS,Metal1,202.3260,60.0190,0.000000
FILLER_11_399,VSS,Metal1,198.9660,60.0190,0.000000
FILLER_11_392,VSS,Metal1,195.6060,60.0190,0.000000
FILLER_11_385,VSS,Metal1,192.2460,60.0190,0.000000
FILLER_11_378,VSS,Metal1,188.8860,60.0190,0.000000
FILLER_11_371,VSS,Metal1,185.5260,60.0190,0.000000
FILLER_11_364,VSS,Metal1,182.1660,60.0190,0.000000
FILLER_11_357,VSS,Metal1,178.8060,60.0190,0.000000
FILLER_11_350,VSS,Metal1,175.4460,60.0190,0.000000
FILLER_11_343,VSS,Metal1,172.0860,60.0190,0.000000
FILLER_11_336,VSS,Metal1,168.7260,60.0190,0.000000
FILLER_11_329,VSS,Metal1,165.3660,60.0190,0.000000
FILLER_11_322,VSS,Metal1,162.0060,60.0190,0.000000
FILLER_11_315,VSS,Metal1,158.6460,60.0190,0.000000
FILLER_11_308,VSS,Metal1,155.2860,60.0190,0.000000
FILLER_11_301,VSS,Metal1,151.9260,60.0190,0.000000
FILLER_11_294,VSS,Metal1,148.5660,60.0190,0.000000
FILLER_11_287,VSS,Metal1,145.2060,60.0190,0.000000
FILLER_11_280,VSS,Metal1,141.8460,60.0190,0.000000
FILLER_11_273,VSS,Metal1,138.4860,60.0190,0.000000
FILLER_11_266,VSS,Metal1,135.1260,60.0190,0.000000
FILLER_11_259,VSS,Metal1,131.7660,60.0190,0.000000
FILLER_11_252,VSS,Metal1,128.4060,60.0190,0.000000
FILLER_11_245,VSS,Metal1,125.0460,60.0190,0.000000
FILLER_11_238,VSS,Metal1,121.6860,60.0190,0.000000
FILLER_11_231,VSS,Metal1,118.3260,60.0190,0.000000
FILLER_11_224,VSS,Metal1,114.9660,60.0190,0.000000
FILLER_11_217,VSS,Metal1,111.6060,60.0190,0.000000
FILLER_11_210,VSS,Metal1,108.2460,60.0190,0.000000
FILLER_11_203,VSS,Metal1,104.8860,60.0190,0.000000
FILLER_11_196,VSS,Metal1,101.5260,60.0190,0.000000
FILLER_11_189,VSS,Metal1,98.1660,60.0190,0.000000
FILLER_11_182,VSS,Metal1,94.8060,60.0190,0.000000
FILLER_11_175,VSS,Metal1,91.4460,60.0190,0.000000
FILLER_11_168,VSS,Metal1,88.0860,60.0190,0.000000
FILLER_11_161,VSS,Metal1,84.7260,60.0190,0.000000
FILLER_11_154,VSS,Metal1,81.3660,60.0190,0.000000
FILLER_11_147,VSS,Metal1,78.0060,60.0190,0.000000
FILLER_11_140,VSS,Metal1,74.6460,60.0190,0.000000
FILLER_11_133,VSS,Metal1,71.2860,60.0190,0.000000
FILLER_11_126,VSS,Metal1,67.9260,60.0190,0.000000
FILLER_11_119,VSS,Metal1,64.5660,60.0190,0.000000
FILLER_11_112,VSS,Metal1,61.2060,60.0190,0.000000
FILLER_11_105,VSS,Metal1,57.8460,60.0190,0.000000
FILLER_11_98,VSS,Metal1,54.4860,60.0190,0.000000
FILLER_11_91,VSS,Metal1,51.1260,60.0190,0.000000
FILLER_11_84,VSS,Metal1,47.7660,60.0190,0.000000
FILLER_11_77,VSS,Metal1,44.4060,60.0190,0.000000
FILLER_11_70,VSS,Metal1,41.0460,60.0190,0.000000
FILLER_11_63,VSS,Metal1,37.6860,60.0190,0.000000
FILLER_11_56,VSS,Metal1,34.3260,60.0190,0.000000
FILLER_11_49,VSS,Metal1,30.9660,60.0190,0.000000
FILLER_11_42,VSS,Metal1,27.6060,60.0190,0.000000
FILLER_11_35,VSS,Metal1,24.2460,60.0190,0.000000
FILLER_11_28,VSS,Metal1,20.8860,60.0190,0.000000
FILLER_11_21,VSS,Metal1,17.5260,60.0190,0.000000
FILLER_11_14,VSS,Metal1,14.1660,60.0190,0.000000
FILLER_11_7,VSS,Metal1,10.8060,60.0190,0.000000
FILLER_11_0,VSS,Metal1,7.4460,60.0190,0.000000
FILLER_10_1099,VSS,Metal1,533.7600,52.9200,0.000000
FILLER_10_1092,VSS,Metal1,531.6060,53.3800,0.000000
FILLER_10_1085,VSS,Metal1,528.2460,53.3800,0.000000
FILLER_10_1078,VSS,Metal1,524.8860,53.3800,0.000000
FILLER_10_1071,VSS,Metal1,521.5260,53.3800,0.000000
FILLER_10_1064,VSS,Metal1,518.1660,53.3800,0.000000
FILLER_10_1057,VSS,Metal1,514.8060,53.3800,0.000000
FILLER_10_1050,VSS,Metal1,511.4460,53.3800,0.000000
FILLER_10_1043,VSS,Metal1,508.0860,53.3800,0.000000
FILLER_10_1036,VSS,Metal1,504.7260,53.3800,0.000000
FILLER_10_1029,VSS,Metal1,501.3660,53.3800,0.000000
FILLER_10_1022,VSS,Metal1,498.0060,53.3800,0.000000
FILLER_10_1015,VSS,Metal1,494.6460,53.3800,0.000000
FILLER_10_1008,VSS,Metal1,491.2860,53.3800,0.000000
FILLER_10_1001,VSS,Metal1,487.9260,53.3800,0.000000
FILLER_10_994,VSS,Metal1,484.5660,53.3800,0.000000
FILLER_10_987,VSS,Metal1,481.2060,53.3800,0.000000
FILLER_10_980,VSS,Metal1,477.8460,53.3800,0.000000
FILLER_10_973,VSS,Metal1,474.4860,53.3800,0.000000
FILLER_10_966,VSS,Metal1,471.1260,53.3800,0.000000
FILLER_10_959,VSS,Metal1,467.7660,53.3800,0.000000
FILLER_10_952,VSS,Metal1,464.4060,53.3800,0.000000
FILLER_10_945,VSS,Metal1,461.0460,53.3800,0.000000
FILLER_10_938,VSS,Metal1,457.6860,53.3800,0.000000
FILLER_10_931,VSS,Metal1,454.3260,53.3800,0.000000
FILLER_10_924,VSS,Metal1,450.9660,53.3800,0.000000
FILLER_10_917,VSS,Metal1,447.6060,53.3800,0.000000
FILLER_10_910,VSS,Metal1,444.2460,53.3800,0.000000
FILLER_10_903,VSS,Metal1,440.8860,53.3800,0.000000
FILLER_10_896,VSS,Metal1,437.5260,53.3800,0.000000
FILLER_10_889,VSS,Metal1,434.1660,53.3800,0.000000
FILLER_10_882,VSS,Metal1,430.8060,53.3800,0.000000
FILLER_10_875,VSS,Metal1,427.4460,53.3800,0.000000
FILLER_10_868,VSS,Metal1,424.0860,53.3800,0.000000
FILLER_10_861,VSS,Metal1,420.7260,53.3800,0.000000
FILLER_10_854,VSS,Metal1,417.3660,53.3800,0.000000
FILLER_10_847,VSS,Metal1,414.0060,53.3800,0.000000
FILLER_10_840,VSS,Metal1,410.6460,53.3800,0.000000
FILLER_10_833,VSS,Metal1,407.2860,53.3800,0.000000
FILLER_10_826,VSS,Metal1,403.9260,53.3800,0.000000
FILLER_10_819,VSS,Metal1,400.5660,53.3800,0.000000
FILLER_10_812,VSS,Metal1,397.2060,53.3800,0.000000
FILLER_10_805,VSS,Metal1,393.8460,53.3800,0.000000
FILLER_10_798,VSS,Metal1,390.4860,53.3800,0.000000
FILLER_10_791,VSS,Metal1,387.1260,53.3800,0.000000
FILLER_10_784,VSS,Metal1,383.7660,53.3800,0.000000
FILLER_10_777,VSS,Metal1,380.4060,53.3800,0.000000
FILLER_10_770,VSS,Metal1,377.0460,53.3800,0.000000
FILLER_10_763,VSS,Metal1,373.6860,53.3800,0.000000
FILLER_10_756,VSS,Metal1,370.3260,53.3800,0.000000
FILLER_10_749,VSS,Metal1,366.9660,53.3800,0.000000
FILLER_10_742,VSS,Metal1,363.6060,53.3800,0.000000
FILLER_10_735,VSS,Metal1,360.2460,53.3800,0.000000
FILLER_10_728,VSS,Metal1,356.8860,53.3800,0.000000
FILLER_10_721,VSS,Metal1,353.5260,53.3800,0.000000
FILLER_10_714,VSS,Metal1,350.1660,53.3800,0.000000
FILLER_10_707,VSS,Metal1,346.8060,53.3800,0.000000
FILLER_10_700,VSS,Metal1,343.4460,53.3800,0.000000
FILLER_10_693,VSS,Metal1,340.0860,53.3800,0.000000
FILLER_10_686,VSS,Metal1,336.7260,53.3800,0.000000
FILLER_10_679,VSS,Metal1,333.3660,53.3800,0.000000
FILLER_10_672,VSS,Metal1,330.0060,53.3800,0.000000
FILLER_10_665,VSS,Metal1,326.6460,53.3800,0.000000
FILLER_10_658,VSS,Metal1,323.2860,53.3800,0.000000
FILLER_10_651,VSS,Metal1,319.9260,53.3800,0.000000
FILLER_10_644,VSS,Metal1,316.5660,53.3800,0.000000
FILLER_10_637,VSS,Metal1,313.2060,53.3800,0.000000
FILLER_10_630,VSS,Metal1,309.8460,53.3800,0.000000
FILLER_10_623,VSS,Metal1,306.4860,53.3800,0.000000
FILLER_10_616,VSS,Metal1,303.1260,53.3800,0.000000
FILLER_10_609,VSS,Metal1,299.7660,53.3800,0.000000
FILLER_10_602,VSS,Metal1,296.4060,53.3800,0.000000
FILLER_10_595,VSS,Metal1,293.0460,53.3800,0.000000
FILLER_10_588,VSS,Metal1,289.6860,53.3800,0.000000
FILLER_10_581,VSS,Metal1,286.3260,53.3800,0.000000
FILLER_10_574,VSS,Metal1,282.9660,53.3800,0.000000
FILLER_10_567,VSS,Metal1,279.6060,53.3800,0.000000
FILLER_10_560,VSS,Metal1,276.2460,53.3800,0.000000
FILLER_10_553,VSS,Metal1,272.8860,53.3800,0.000000
FILLER_10_546,VSS,Metal1,269.5260,53.3800,0.000000
FILLER_10_539,VSS,Metal1,266.1660,53.3800,0.000000
FILLER_10_532,VSS,Metal1,262.8060,53.3800,0.000000
FILLER_10_525,VSS,Metal1,259.4460,53.3800,0.000000
FILLER_10_518,VSS,Metal1,256.0860,53.3800,0.000000
FILLER_10_511,VSS,Metal1,252.7260,53.3800,0.000000
FILLER_10_504,VSS,Metal1,249.3660,53.3800,0.000000
FILLER_10_497,VSS,Metal1,246.0060,53.3800,0.000000
FILLER_10_490,VSS,Metal1,242.6460,53.3800,0.000000
FILLER_10_483,VSS,Metal1,239.2860,53.3800,0.000000
FILLER_10_476,VSS,Metal1,235.9260,53.3800,0.000000
FILLER_10_469,VSS,Metal1,232.5660,53.3800,0.000000
FILLER_10_462,VSS,Metal1,229.2060,53.3800,0.000000
FILLER_10_455,VSS,Metal1,225.8460,53.3800,0.000000
FILLER_10_448,VSS,Metal1,222.4860,53.3800,0.000000
FILLER_10_441,VSS,Metal1,219.1260,53.3800,0.000000
FILLER_10_434,VSS,Metal1,215.7660,53.3800,0.000000
FILLER_10_427,VSS,Metal1,212.4060,53.3800,0.000000
FILLER_10_420,VSS,Metal1,209.0460,53.3800,0.000000
FILLER_10_413,VSS,Metal1,205.6860,53.3800,0.000000
FILLER_10_406,VSS,Metal1,202.3260,53.3800,0.000000
FILLER_10_399,VSS,Metal1,198.9660,53.3800,0.000000
FILLER_10_392,VSS,Metal1,195.6060,53.3800,0.000000
FILLER_10_385,VSS,Metal1,192.2460,53.3800,0.000000
FILLER_10_378,VSS,Metal1,188.8860,53.3800,0.000000
FILLER_10_371,VSS,Metal1,185.5260,53.3800,0.000000
FILLER_10_364,VSS,Metal1,182.1660,53.3800,0.000000
FILLER_10_357,VSS,Metal1,178.8060,53.3800,0.000000
FILLER_10_350,VSS,Metal1,175.4460,53.3800,0.000000
FILLER_10_343,VSS,Metal1,172.0860,53.3800,0.000000
FILLER_10_336,VSS,Metal1,168.7260,53.3800,0.000000
FILLER_10_329,VSS,Metal1,165.3660,53.3800,0.000000
FILLER_10_322,VSS,Metal1,162.0060,53.3800,0.000000
FILLER_10_315,VSS,Metal1,158.6460,53.3800,0.000000
FILLER_10_308,VSS,Metal1,155.2860,53.3800,0.000000
FILLER_10_301,VSS,Metal1,151.9260,53.3800,0.000000
FILLER_10_294,VSS,Metal1,148.5660,53.3800,0.000000
FILLER_10_287,VSS,Metal1,145.2060,53.3800,0.000000
FILLER_10_280,VSS,Metal1,141.8460,53.3800,0.000000
FILLER_10_273,VSS,Metal1,138.4860,53.3800,0.000000
FILLER_10_266,VSS,Metal1,135.1260,53.3800,0.000000
FILLER_10_259,VSS,Metal1,131.7660,53.3800,0.000000
FILLER_10_252,VSS,Metal1,128.4060,53.3800,0.000000
FILLER_10_245,VSS,Metal1,125.0460,53.3800,0.000000
FILLER_10_238,VSS,Metal1,121.6860,53.3800,0.000000
FILLER_10_231,VSS,Metal1,118.3260,53.3800,0.000000
FILLER_10_224,VSS,Metal1,114.9660,53.3800,0.000000
FILLER_10_217,VSS,Metal1,111.6060,53.3800,0.000000
FILLER_10_210,VSS,Metal1,108.2460,53.3800,0.000000
FILLER_10_203,VSS,Metal1,104.8860,53.3800,0.000000
FILLER_10_196,VSS,Metal1,101.5260,53.3800,0.000000
FILLER_10_189,VSS,Metal1,98.1660,53.3800,0.000000
FILLER_10_182,VSS,Metal1,94.8060,53.3800,0.000000
FILLER_10_175,VSS,Metal1,91.4460,53.3800,0.000000
FILLER_10_168,VSS,Metal1,88.0860,53.3800,0.000000
FILLER_10_161,VSS,Metal1,84.7260,53.3800,0.000000
FILLER_10_154,VSS,Metal1,81.3660,53.3800,0.000000
FILLER_10_147,VSS,Metal1,78.0060,53.3800,0.000000
FILLER_10_140,VSS,Metal1,74.6460,53.3800,0.000000
FILLER_10_133,VSS,Metal1,71.2860,53.3800,0.000000
FILLER_10_126,VSS,Metal1,67.9260,53.3800,0.000000
FILLER_10_119,VSS,Metal1,64.5660,53.3800,0.000000
FILLER_10_112,VSS,Metal1,61.2060,53.3800,0.000000
FILLER_10_105,VSS,Metal1,57.8460,53.3800,0.000000
FILLER_10_98,VSS,Metal1,54.4860,53.3800,0.000000
FILLER_10_91,VSS,Metal1,51.1260,53.3800,0.000000
FILLER_10_84,VSS,Metal1,47.7660,53.3800,0.000000
FILLER_10_77,VSS,Metal1,44.4060,53.3800,0.000000
FILLER_10_70,VSS,Metal1,41.0460,53.3800,0.000000
FILLER_10_63,VSS,Metal1,37.6860,53.3800,0.000000
FILLER_10_56,VSS,Metal1,34.3260,53.3800,0.000000
FILLER_10_49,VSS,Metal1,30.9660,53.3800,0.000000
FILLER_10_42,VSS,Metal1,27.6060,53.3800,0.000000
FILLER_10_35,VSS,Metal1,24.2460,53.3800,0.000000
FILLER_10_28,VSS,Metal1,20.8860,53.3800,0.000000
FILLER_10_21,VSS,Metal1,17.5260,53.3800,0.000000
FILLER_10_14,VSS,Metal1,14.1660,53.3800,0.000000
FILLER_10_7,VSS,Metal1,10.8060,53.3800,0.000000
FILLER_10_0,VSS,Metal1,7.4460,53.3800,0.000000
FILLER_9_1099,VSS,Metal1,533.7600,52.9200,0.000000
FILLER_9_1092,VSS,Metal1,531.6060,52.4590,0.000000
FILLER_9_1085,VSS,Metal1,528.2460,52.4590,0.000000
FILLER_9_1078,VSS,Metal1,524.8860,52.4590,0.000000
FILLER_9_1071,VSS,Metal1,521.5260,52.4590,0.000000
FILLER_9_1064,VSS,Metal1,518.1660,52.4590,0.000000
FILLER_9_1057,VSS,Metal1,514.8060,52.4590,0.000000
FILLER_9_1050,VSS,Metal1,511.4460,52.4590,0.000000
FILLER_9_1043,VSS,Metal1,508.0860,52.4590,0.000000
FILLER_9_1036,VSS,Metal1,504.7260,52.4590,0.000000
FILLER_9_1029,VSS,Metal1,501.3660,52.4590,0.000000
FILLER_9_1022,VSS,Metal1,498.0060,52.4590,0.000000
FILLER_9_1015,VSS,Metal1,494.6460,52.4590,0.000000
FILLER_9_1008,VSS,Metal1,491.2860,52.4590,0.000000
FILLER_9_1001,VSS,Metal1,487.9260,52.4590,0.000000
FILLER_9_994,VSS,Metal1,484.5660,52.4590,0.000000
FILLER_9_987,VSS,Metal1,481.2060,52.4590,0.000000
FILLER_9_980,VSS,Metal1,477.8460,52.4590,0.000000
FILLER_9_973,VSS,Metal1,474.4860,52.4590,0.000000
FILLER_9_966,VSS,Metal1,471.1260,52.4590,0.000000
FILLER_9_959,VSS,Metal1,467.7660,52.4590,0.000000
FILLER_9_952,VSS,Metal1,464.4060,52.4590,0.000000
FILLER_9_945,VSS,Metal1,461.0460,52.4590,0.000000
FILLER_9_938,VSS,Metal1,457.6860,52.4590,0.000000
FILLER_9_931,VSS,Metal1,454.3260,52.4590,0.000000
FILLER_9_924,VSS,Metal1,450.9660,52.4590,0.000000
FILLER_9_917,VSS,Metal1,447.6060,52.4590,0.000000
FILLER_9_910,VSS,Metal1,444.2460,52.4590,0.000000
FILLER_9_903,VSS,Metal1,440.8860,52.4590,0.000000
FILLER_9_896,VSS,Metal1,437.5260,52.4590,0.000000
FILLER_9_889,VSS,Metal1,434.1660,52.4590,0.000000
FILLER_9_882,VSS,Metal1,430.8060,52.4590,0.000000
FILLER_9_875,VSS,Metal1,427.4460,52.4590,0.000000
FILLER_9_868,VSS,Metal1,424.0860,52.4590,0.000000
FILLER_9_861,VSS,Metal1,420.7260,52.4590,0.000000
FILLER_9_854,VSS,Metal1,417.3660,52.4590,0.000000
FILLER_9_847,VSS,Metal1,414.0060,52.4590,0.000000
FILLER_9_840,VSS,Metal1,410.6460,52.4590,0.000000
FILLER_9_833,VSS,Metal1,407.2860,52.4590,0.000000
FILLER_9_826,VSS,Metal1,403.9260,52.4590,0.000000
FILLER_9_819,VSS,Metal1,400.5660,52.4590,0.000000
FILLER_9_812,VSS,Metal1,397.2060,52.4590,0.000000
FILLER_9_805,VSS,Metal1,393.8460,52.4590,0.000000
FILLER_9_798,VSS,Metal1,390.4860,52.4590,0.000000
FILLER_9_791,VSS,Metal1,387.1260,52.4590,0.000000
FILLER_9_784,VSS,Metal1,383.7660,52.4590,0.000000
FILLER_9_777,VSS,Metal1,380.4060,52.4590,0.000000
FILLER_9_770,VSS,Metal1,377.0460,52.4590,0.000000
FILLER_9_763,VSS,Metal1,373.6860,52.4590,0.000000
FILLER_9_756,VSS,Metal1,370.3260,52.4590,0.000000
FILLER_9_749,VSS,Metal1,366.9660,52.4590,0.000000
FILLER_9_742,VSS,Metal1,363.6060,52.4590,0.000000
FILLER_9_735,VSS,Metal1,360.2460,52.4590,0.000000
FILLER_9_728,VSS,Metal1,356.8860,52.4590,0.000000
FILLER_9_721,VSS,Metal1,353.5260,52.4590,0.000000
FILLER_9_714,VSS,Metal1,350.1660,52.4590,0.000000
FILLER_9_707,VSS,Metal1,346.8060,52.4590,0.000000
FILLER_9_700,VSS,Metal1,343.4460,52.4590,0.000000
FILLER_9_693,VSS,Metal1,340.0860,52.4590,0.000000
FILLER_9_686,VSS,Metal1,336.7260,52.4590,0.000000
FILLER_9_679,VSS,Metal1,333.3660,52.4590,0.000000
FILLER_9_672,VSS,Metal1,330.0060,52.4590,0.000000
FILLER_9_665,VSS,Metal1,326.6460,52.4590,0.000000
FILLER_9_658,VSS,Metal1,323.2860,52.4590,0.000000
FILLER_9_651,VSS,Metal1,319.9260,52.4590,0.000000
FILLER_9_644,VSS,Metal1,316.5660,52.4590,0.000000
FILLER_9_637,VSS,Metal1,313.2060,52.4590,0.000000
FILLER_9_630,VSS,Metal1,309.8460,52.4590,0.000000
FILLER_9_623,VSS,Metal1,306.4860,52.4590,0.000000
FILLER_9_616,VSS,Metal1,303.1260,52.4590,0.000000
FILLER_9_609,VSS,Metal1,299.7660,52.4590,0.000000
FILLER_9_602,VSS,Metal1,296.4060,52.4590,0.000000
FILLER_9_595,VSS,Metal1,293.0460,52.4590,0.000000
FILLER_9_588,VSS,Metal1,289.6860,52.4590,0.000000
FILLER_9_581,VSS,Metal1,286.3260,52.4590,0.000000
FILLER_9_574,VSS,Metal1,282.9660,52.4590,0.000000
FILLER_9_567,VSS,Metal1,279.6060,52.4590,0.000000
FILLER_9_560,VSS,Metal1,276.2460,52.4590,0.000000
FILLER_9_553,VSS,Metal1,272.8860,52.4590,0.000000
FILLER_9_546,VSS,Metal1,269.5260,52.4590,0.000000
FILLER_9_539,VSS,Metal1,266.1660,52.4590,0.000000
FILLER_9_532,VSS,Metal1,262.8060,52.4590,0.000000
FILLER_9_525,VSS,Metal1,259.4460,52.4590,0.000000
FILLER_9_518,VSS,Metal1,256.0860,52.4590,0.000000
FILLER_9_511,VSS,Metal1,252.7260,52.4590,0.000000
FILLER_9_504,VSS,Metal1,249.3660,52.4590,0.000000
FILLER_9_497,VSS,Metal1,246.0060,52.4590,0.000000
FILLER_9_490,VSS,Metal1,242.6460,52.4590,0.000000
FILLER_9_483,VSS,Metal1,239.2860,52.4590,0.000000
FILLER_9_476,VSS,Metal1,235.9260,52.4590,0.000000
FILLER_9_469,VSS,Metal1,232.5660,52.4590,0.000000
FILLER_9_462,VSS,Metal1,229.2060,52.4590,0.000000
FILLER_9_455,VSS,Metal1,225.8460,52.4590,0.000000
FILLER_9_448,VSS,Metal1,222.4860,52.4590,0.000000
FILLER_9_441,VSS,Metal1,219.1260,52.4590,0.000000
FILLER_9_434,VSS,Metal1,215.7660,52.4590,0.000000
FILLER_9_427,VSS,Metal1,212.4060,52.4590,0.000000
FILLER_9_420,VSS,Metal1,209.0460,52.4590,0.000000
FILLER_9_413,VSS,Metal1,205.6860,52.4590,0.000000
FILLER_9_406,VSS,Metal1,202.3260,52.4590,0.000000
FILLER_9_399,VSS,Metal1,198.9660,52.4590,0.000000
FILLER_9_392,VSS,Metal1,195.6060,52.4590,0.000000
FILLER_9_385,VSS,Metal1,192.2460,52.4590,0.000000
FILLER_9_378,VSS,Metal1,188.8860,52.4590,0.000000
FILLER_9_371,VSS,Metal1,185.5260,52.4590,0.000000
FILLER_9_364,VSS,Metal1,182.1660,52.4590,0.000000
FILLER_9_357,VSS,Metal1,178.8060,52.4590,0.000000
FILLER_9_350,VSS,Metal1,175.4460,52.4590,0.000000
FILLER_9_343,VSS,Metal1,172.0860,52.4590,0.000000
FILLER_9_336,VSS,Metal1,168.7260,52.4590,0.000000
FILLER_9_329,VSS,Metal1,165.3660,52.4590,0.000000
FILLER_9_322,VSS,Metal1,162.0060,52.4590,0.000000
FILLER_9_315,VSS,Metal1,158.6460,52.4590,0.000000
FILLER_9_308,VSS,Metal1,155.2860,52.4590,0.000000
FILLER_9_301,VSS,Metal1,151.9260,52.4590,0.000000
FILLER_9_294,VSS,Metal1,148.5660,52.4590,0.000000
FILLER_9_287,VSS,Metal1,145.2060,52.4590,0.000000
FILLER_9_280,VSS,Metal1,141.8460,52.4590,0.000000
FILLER_9_273,VSS,Metal1,138.4860,52.4590,0.000000
FILLER_9_266,VSS,Metal1,135.1260,52.4590,0.000000
FILLER_9_259,VSS,Metal1,131.7660,52.4590,0.000000
FILLER_9_252,VSS,Metal1,128.4060,52.4590,0.000000
FILLER_9_245,VSS,Metal1,125.0460,52.4590,0.000000
FILLER_9_238,VSS,Metal1,121.6860,52.4590,0.000000
FILLER_9_231,VSS,Metal1,118.3260,52.4590,0.000000
FILLER_9_224,VSS,Metal1,114.9660,52.4590,0.000000
FILLER_9_217,VSS,Metal1,111.6060,52.4590,0.000000
FILLER_9_210,VSS,Metal1,108.2460,52.4590,0.000000
FILLER_9_203,VSS,Metal1,104.8860,52.4590,0.000000
FILLER_9_196,VSS,Metal1,101.5260,52.4590,0.000000
FILLER_9_189,VSS,Metal1,98.1660,52.4590,0.000000
FILLER_9_182,VSS,Metal1,94.8060,52.4590,0.000000
FILLER_9_175,VSS,Metal1,91.4460,52.4590,0.000000
FILLER_9_168,VSS,Metal1,88.0860,52.4590,0.000000
FILLER_9_161,VSS,Metal1,84.7260,52.4590,0.000000
FILLER_9_154,VSS,Metal1,81.3660,52.4590,0.000000
FILLER_9_147,VSS,Metal1,78.0060,52.4590,0.000000
FILLER_9_140,VSS,Metal1,74.6460,52.4590,0.000000
FILLER_9_133,VSS,Metal1,71.2860,52.4590,0.000000
FILLER_9_126,VSS,Metal1,67.9260,52.4590,0.000000
FILLER_9_119,VSS,Metal1,64.5660,52.4590,0.000000
FILLER_9_112,VSS,Metal1,61.2060,52.4590,0.000000
FILLER_9_105,VSS,Metal1,57.8460,52.4590,0.000000
FILLER_9_98,VSS,Metal1,54.4860,52.4590,0.000000
FILLER_9_91,VSS,Metal1,51.1260,52.4590,0.000000
FILLER_9_84,VSS,Metal1,47.7660,52.4590,0.000000
FILLER_9_77,VSS,Metal1,44.4060,52.4590,0.000000
FILLER_9_70,VSS,Metal1,41.0460,52.4590,0.000000
FILLER_9_63,VSS,Metal1,37.6860,52.4590,0.000000
FILLER_9_56,VSS,Metal1,34.3260,52.4590,0.000000
FILLER_9_49,VSS,Metal1,30.9660,52.4590,0.000000
FILLER_9_42,VSS,Metal1,27.6060,52.4590,0.000000
FILLER_9_35,VSS,Metal1,24.2460,52.4590,0.000000
FILLER_9_28,VSS,Metal1,20.8860,52.4590,0.000000
FILLER_9_21,VSS,Metal1,17.5260,52.4590,0.000000
FILLER_9_14,VSS,Metal1,14.1660,52.4590,0.000000
FILLER_9_7,VSS,Metal1,10.8060,52.4590,0.000000
FILLER_9_0,VSS,Metal1,7.4460,52.4590,0.000000
FILLER_8_1099,VSS,Metal1,533.7600,45.3600,0.000000
FILLER_8_1092,VSS,Metal1,531.6060,45.8200,0.000000
FILLER_8_1085,VSS,Metal1,528.2460,45.8200,0.000000
FILLER_8_1078,VSS,Metal1,524.8860,45.8200,0.000000
FILLER_8_1071,VSS,Metal1,521.5260,45.8200,0.000000
FILLER_8_1064,VSS,Metal1,518.1660,45.8200,0.000000
FILLER_8_1057,VSS,Metal1,514.8060,45.8200,0.000000
FILLER_8_1050,VSS,Metal1,511.4460,45.8200,0.000000
FILLER_8_1043,VSS,Metal1,508.0860,45.8200,0.000000
FILLER_8_1036,VSS,Metal1,504.7260,45.8200,0.000000
FILLER_8_1029,VSS,Metal1,501.3660,45.8200,0.000000
FILLER_8_1022,VSS,Metal1,498.0060,45.8200,0.000000
FILLER_8_1015,VSS,Metal1,494.6460,45.8200,0.000000
FILLER_8_1008,VSS,Metal1,491.2860,45.8200,0.000000
FILLER_8_1001,VSS,Metal1,487.9260,45.8200,0.000000
FILLER_8_994,VSS,Metal1,484.5660,45.8200,0.000000
FILLER_8_987,VSS,Metal1,481.2060,45.8200,0.000000
FILLER_8_980,VSS,Metal1,477.8460,45.8200,0.000000
FILLER_8_973,VSS,Metal1,474.4860,45.8200,0.000000
FILLER_8_966,VSS,Metal1,471.1260,45.8200,0.000000
FILLER_8_959,VSS,Metal1,467.7660,45.8200,0.000000
FILLER_8_952,VSS,Metal1,464.4060,45.8200,0.000000
FILLER_8_945,VSS,Metal1,461.0460,45.8200,0.000000
FILLER_8_938,VSS,Metal1,457.6860,45.8200,0.000000
FILLER_8_931,VSS,Metal1,454.3260,45.8200,0.000000
FILLER_8_924,VSS,Metal1,450.9660,45.8200,0.000000
FILLER_8_917,VSS,Metal1,447.6060,45.8200,0.000000
FILLER_8_910,VSS,Metal1,444.2460,45.8200,0.000000
FILLER_8_903,VSS,Metal1,440.8860,45.8200,0.000000
FILLER_8_896,VSS,Metal1,437.5260,45.8200,0.000000
FILLER_8_889,VSS,Metal1,434.1660,45.8200,0.000000
FILLER_8_882,VSS,Metal1,430.8060,45.8200,0.000000
FILLER_8_875,VSS,Metal1,427.4460,45.8200,0.000000
FILLER_8_868,VSS,Metal1,424.0860,45.8200,0.000000
FILLER_8_861,VSS,Metal1,420.7260,45.8200,0.000000
FILLER_8_854,VSS,Metal1,417.3660,45.8200,0.000000
FILLER_8_847,VSS,Metal1,414.0060,45.8200,0.000000
FILLER_8_840,VSS,Metal1,410.6460,45.8200,0.000000
FILLER_8_833,VSS,Metal1,407.2860,45.8200,0.000000
FILLER_8_826,VSS,Metal1,403.9260,45.8200,0.000000
FILLER_8_819,VSS,Metal1,400.5660,45.8200,0.000000
FILLER_8_812,VSS,Metal1,397.2060,45.8200,0.000000
FILLER_8_805,VSS,Metal1,393.8460,45.8200,0.000000
FILLER_8_798,VSS,Metal1,390.4860,45.8200,0.000000
FILLER_8_791,VSS,Metal1,387.1260,45.8200,0.000000
FILLER_8_784,VSS,Metal1,383.7660,45.8200,0.000000
FILLER_8_777,VSS,Metal1,380.4060,45.8200,0.000000
FILLER_8_770,VSS,Metal1,377.0460,45.8200,0.000000
FILLER_8_763,VSS,Metal1,373.6860,45.8200,0.000000
FILLER_8_756,VSS,Metal1,370.3260,45.8200,0.000000
FILLER_8_749,VSS,Metal1,366.9660,45.8200,0.000000
FILLER_8_742,VSS,Metal1,363.6060,45.8200,0.000000
FILLER_8_735,VSS,Metal1,360.2460,45.8200,0.000000
FILLER_8_728,VSS,Metal1,356.8860,45.8200,0.000000
FILLER_8_721,VSS,Metal1,353.5260,45.8200,0.000000
FILLER_8_714,VSS,Metal1,350.1660,45.8200,0.000000
FILLER_8_707,VSS,Metal1,346.8060,45.8200,0.000000
FILLER_8_700,VSS,Metal1,343.4460,45.8200,0.000000
FILLER_8_693,VSS,Metal1,340.0860,45.8200,0.000000
FILLER_8_686,VSS,Metal1,336.7260,45.8200,0.000000
FILLER_8_679,VSS,Metal1,333.3660,45.8200,0.000000
FILLER_8_672,VSS,Metal1,330.0060,45.8200,0.000000
FILLER_8_665,VSS,Metal1,326.6460,45.8200,0.000000
FILLER_8_658,VSS,Metal1,323.2860,45.8200,0.000000
FILLER_8_651,VSS,Metal1,319.9260,45.8200,0.000000
FILLER_8_644,VSS,Metal1,316.5660,45.8200,0.000000
FILLER_8_637,VSS,Metal1,313.2060,45.8200,0.000000
FILLER_8_630,VSS,Metal1,309.8460,45.8200,0.000000
FILLER_8_623,VSS,Metal1,306.4860,45.8200,0.000000
FILLER_8_616,VSS,Metal1,303.1260,45.8200,0.000000
FILLER_8_609,VSS,Metal1,299.7660,45.8200,0.000000
FILLER_8_602,VSS,Metal1,296.4060,45.8200,0.000000
FILLER_8_595,VSS,Metal1,293.0460,45.8200,0.000000
FILLER_8_588,VSS,Metal1,289.6860,45.8200,0.000000
FILLER_8_581,VSS,Metal1,286.3260,45.8200,0.000000
FILLER_8_574,VSS,Metal1,282.9660,45.8200,0.000000
FILLER_8_567,VSS,Metal1,279.6060,45.8200,0.000000
FILLER_8_560,VSS,Metal1,276.2460,45.8200,0.000000
FILLER_8_553,VSS,Metal1,272.8860,45.8200,0.000000
FILLER_8_546,VSS,Metal1,269.5260,45.8200,0.000000
FILLER_8_539,VSS,Metal1,266.1660,45.8200,0.000000
FILLER_8_532,VSS,Metal1,262.8060,45.8200,0.000000
FILLER_8_525,VSS,Metal1,259.4460,45.8200,0.000000
FILLER_8_518,VSS,Metal1,256.0860,45.8200,0.000000
FILLER_8_511,VSS,Metal1,252.7260,45.8200,0.000000
FILLER_8_504,VSS,Metal1,249.3660,45.8200,0.000000
FILLER_8_497,VSS,Metal1,246.0060,45.8200,0.000000
FILLER_8_490,VSS,Metal1,242.6460,45.8200,0.000000
FILLER_8_483,VSS,Metal1,239.2860,45.8200,0.000000
FILLER_8_476,VSS,Metal1,235.9260,45.8200,0.000000
FILLER_8_469,VSS,Metal1,232.5660,45.8200,0.000000
FILLER_8_462,VSS,Metal1,229.2060,45.8200,0.000000
FILLER_8_455,VSS,Metal1,225.8460,45.8200,0.000000
FILLER_8_448,VSS,Metal1,222.4860,45.8200,0.000000
FILLER_8_441,VSS,Metal1,219.1260,45.8200,0.000000
FILLER_8_434,VSS,Metal1,215.7660,45.8200,0.000000
FILLER_8_427,VSS,Metal1,212.4060,45.8200,0.000000
FILLER_8_420,VSS,Metal1,209.0460,45.8200,0.000000
FILLER_8_413,VSS,Metal1,205.6860,45.8200,0.000000
FILLER_8_406,VSS,Metal1,202.3260,45.8200,0.000000
FILLER_8_399,VSS,Metal1,198.9660,45.8200,0.000000
FILLER_8_392,VSS,Metal1,195.6060,45.8200,0.000000
FILLER_8_385,VSS,Metal1,192.2460,45.8200,0.000000
FILLER_8_378,VSS,Metal1,188.8860,45.8200,0.000000
FILLER_8_371,VSS,Metal1,185.5260,45.8200,0.000000
FILLER_8_364,VSS,Metal1,182.1660,45.8200,0.000000
FILLER_8_357,VSS,Metal1,178.8060,45.8200,0.000000
FILLER_8_350,VSS,Metal1,175.4460,45.8200,0.000000
FILLER_8_343,VSS,Metal1,172.0860,45.8200,0.000000
FILLER_8_336,VSS,Metal1,168.7260,45.8200,0.000000
FILLER_8_329,VSS,Metal1,165.3660,45.8200,0.000000
FILLER_8_322,VSS,Metal1,162.0060,45.8200,0.000000
FILLER_8_315,VSS,Metal1,158.6460,45.8200,0.000000
FILLER_8_308,VSS,Metal1,155.2860,45.8200,0.000000
FILLER_8_301,VSS,Metal1,151.9260,45.8200,0.000000
FILLER_8_294,VSS,Metal1,148.5660,45.8200,0.000000
FILLER_8_287,VSS,Metal1,145.2060,45.8200,0.000000
FILLER_8_280,VSS,Metal1,141.8460,45.8200,0.000000
FILLER_8_273,VSS,Metal1,138.4860,45.8200,0.000000
FILLER_8_266,VSS,Metal1,135.1260,45.8200,0.000000
FILLER_8_259,VSS,Metal1,131.7660,45.8200,0.000000
FILLER_8_252,VSS,Metal1,128.4060,45.8200,0.000000
FILLER_8_245,VSS,Metal1,125.0460,45.8200,0.000000
FILLER_8_238,VSS,Metal1,121.6860,45.8200,0.000000
FILLER_8_231,VSS,Metal1,118.3260,45.8200,0.000000
FILLER_8_224,VSS,Metal1,114.9660,45.8200,0.000000
FILLER_8_217,VSS,Metal1,111.6060,45.8200,0.000000
FILLER_8_210,VSS,Metal1,108.2460,45.8200,0.000000
FILLER_8_203,VSS,Metal1,104.8860,45.8200,0.000000
FILLER_8_196,VSS,Metal1,101.5260,45.8200,0.000000
FILLER_8_189,VSS,Metal1,98.1660,45.8200,0.000000
FILLER_8_182,VSS,Metal1,94.8060,45.8200,0.000000
FILLER_8_175,VSS,Metal1,91.4460,45.8200,0.000000
FILLER_8_168,VSS,Metal1,88.0860,45.8200,0.000000
FILLER_8_161,VSS,Metal1,84.7260,45.8200,0.000000
FILLER_8_154,VSS,Metal1,81.3660,45.8200,0.000000
FILLER_8_147,VSS,Metal1,78.0060,45.8200,0.000000
FILLER_8_140,VSS,Metal1,74.6460,45.8200,0.000000
FILLER_8_133,VSS,Metal1,71.2860,45.8200,0.000000
FILLER_8_126,VSS,Metal1,67.9260,45.8200,0.000000
FILLER_8_119,VSS,Metal1,64.5660,45.8200,0.000000
FILLER_8_112,VSS,Metal1,61.2060,45.8200,0.000000
FILLER_8_105,VSS,Metal1,57.8460,45.8200,0.000000
FILLER_8_98,VSS,Metal1,54.4860,45.8200,0.000000
FILLER_8_91,VSS,Metal1,51.1260,45.8200,0.000000
FILLER_8_84,VSS,Metal1,47.7660,45.8200,0.000000
FILLER_8_77,VSS,Metal1,44.4060,45.8200,0.000000
FILLER_8_70,VSS,Metal1,41.0460,45.8200,0.000000
FILLER_8_63,VSS,Metal1,37.6860,45.8200,0.000000
FILLER_8_56,VSS,Metal1,34.3260,45.8200,0.000000
FILLER_8_49,VSS,Metal1,30.9660,45.8200,0.000000
FILLER_8_42,VSS,Metal1,27.6060,45.8200,0.000000
FILLER_8_35,VSS,Metal1,24.2460,45.8200,0.000000
FILLER_8_28,VSS,Metal1,20.8860,45.8200,0.000000
FILLER_8_21,VSS,Metal1,17.5260,45.8200,0.000000
FILLER_8_14,VSS,Metal1,14.1660,45.8200,0.000000
FILLER_8_7,VSS,Metal1,10.8060,45.8200,0.000000
FILLER_8_0,VSS,Metal1,7.4460,45.8200,0.000000
FILLER_7_1099,VSS,Metal1,533.7600,45.3600,0.000000
FILLER_7_1092,VSS,Metal1,531.6060,44.8990,0.000000
FILLER_7_1085,VSS,Metal1,528.2460,44.8990,0.000000
FILLER_7_1078,VSS,Metal1,524.8860,44.8990,0.000000
FILLER_7_1071,VSS,Metal1,521.5260,44.8990,0.000000
FILLER_7_1064,VSS,Metal1,518.1660,44.8990,0.000000
FILLER_7_1057,VSS,Metal1,514.8060,44.8990,0.000000
FILLER_7_1050,VSS,Metal1,511.4460,44.8990,0.000000
FILLER_7_1043,VSS,Metal1,508.0860,44.8990,0.000000
FILLER_7_1036,VSS,Metal1,504.7260,44.8990,0.000000
FILLER_7_1029,VSS,Metal1,501.3660,44.8990,0.000000
FILLER_7_1022,VSS,Metal1,498.0060,44.8990,0.000000
FILLER_7_1015,VSS,Metal1,494.6460,44.8990,0.000000
FILLER_7_1008,VSS,Metal1,491.2860,44.8990,0.000000
FILLER_7_1001,VSS,Metal1,487.9260,44.8990,0.000000
FILLER_7_994,VSS,Metal1,484.5660,44.8990,0.000000
FILLER_7_987,VSS,Metal1,481.2060,44.8990,0.000000
FILLER_7_980,VSS,Metal1,477.8460,44.8990,0.000000
FILLER_7_973,VSS,Metal1,474.4860,44.8990,0.000000
FILLER_7_966,VSS,Metal1,471.1260,44.8990,0.000000
FILLER_7_959,VSS,Metal1,467.7660,44.8990,0.000000
FILLER_7_952,VSS,Metal1,464.4060,44.8990,0.000000
FILLER_7_945,VSS,Metal1,461.0460,44.8990,0.000000
FILLER_7_938,VSS,Metal1,457.6860,44.8990,0.000000
FILLER_7_931,VSS,Metal1,454.3260,44.8990,0.000000
FILLER_7_924,VSS,Metal1,450.9660,44.8990,0.000000
FILLER_7_917,VSS,Metal1,447.6060,44.8990,0.000000
FILLER_7_910,VSS,Metal1,444.2460,44.8990,0.000000
FILLER_7_903,VSS,Metal1,440.8860,44.8990,0.000000
FILLER_7_896,VSS,Metal1,437.5260,44.8990,0.000000
FILLER_7_889,VSS,Metal1,434.1660,44.8990,0.000000
FILLER_7_882,VSS,Metal1,430.8060,44.8990,0.000000
FILLER_7_875,VSS,Metal1,427.4460,44.8990,0.000000
FILLER_7_868,VSS,Metal1,424.0860,44.8990,0.000000
FILLER_7_861,VSS,Metal1,420.7260,44.8990,0.000000
FILLER_7_854,VSS,Metal1,417.3660,44.8990,0.000000
FILLER_7_847,VSS,Metal1,414.0060,44.8990,0.000000
FILLER_7_840,VSS,Metal1,410.6460,44.8990,0.000000
FILLER_7_833,VSS,Metal1,407.2860,44.8990,0.000000
FILLER_7_826,VSS,Metal1,403.9260,44.8990,0.000000
FILLER_7_819,VSS,Metal1,400.5660,44.8990,0.000000
FILLER_7_812,VSS,Metal1,397.2060,44.8990,0.000000
FILLER_7_805,VSS,Metal1,393.8460,44.8990,0.000000
FILLER_7_798,VSS,Metal1,390.4860,44.8990,0.000000
FILLER_7_791,VSS,Metal1,387.1260,44.8990,0.000000
FILLER_7_784,VSS,Metal1,383.7660,44.8990,0.000000
FILLER_7_777,VSS,Metal1,380.4060,44.8990,0.000000
FILLER_7_770,VSS,Metal1,377.0460,44.8990,0.000000
FILLER_7_763,VSS,Metal1,373.6860,44.8990,0.000000
FILLER_7_756,VSS,Metal1,370.3260,44.8990,0.000000
FILLER_7_749,VSS,Metal1,366.9660,44.8990,0.000000
FILLER_7_742,VSS,Metal1,363.6060,44.8990,0.000000
FILLER_7_735,VSS,Metal1,360.2460,44.8990,0.000000
FILLER_7_728,VSS,Metal1,356.8860,44.8990,0.000000
FILLER_7_721,VSS,Metal1,353.5260,44.8990,0.000000
FILLER_7_714,VSS,Metal1,350.1660,44.8990,0.000000
FILLER_7_707,VSS,Metal1,346.8060,44.8990,0.000000
FILLER_7_700,VSS,Metal1,343.4460,44.8990,0.000000
FILLER_7_693,VSS,Metal1,340.0860,44.8990,0.000000
FILLER_7_686,VSS,Metal1,336.7260,44.8990,0.000000
FILLER_7_679,VSS,Metal1,333.3660,44.8990,0.000000
FILLER_7_672,VSS,Metal1,330.0060,44.8990,0.000000
FILLER_7_665,VSS,Metal1,326.6460,44.8990,0.000000
FILLER_7_658,VSS,Metal1,323.2860,44.8990,0.000000
FILLER_7_651,VSS,Metal1,319.9260,44.8990,0.000000
FILLER_7_644,VSS,Metal1,316.5660,44.8990,0.000000
FILLER_7_637,VSS,Metal1,313.2060,44.8990,0.000000
FILLER_7_630,VSS,Metal1,309.8460,44.8990,0.000000
FILLER_7_623,VSS,Metal1,306.4860,44.8990,0.000000
FILLER_7_616,VSS,Metal1,303.1260,44.8990,0.000000
FILLER_7_609,VSS,Metal1,299.7660,44.8990,0.000000
FILLER_7_602,VSS,Metal1,296.4060,44.8990,0.000000
FILLER_7_595,VSS,Metal1,293.0460,44.8990,0.000000
FILLER_7_588,VSS,Metal1,289.6860,44.8990,0.000000
FILLER_7_581,VSS,Metal1,286.3260,44.8990,0.000000
FILLER_7_574,VSS,Metal1,282.9660,44.8990,0.000000
FILLER_7_567,VSS,Metal1,279.6060,44.8990,0.000000
FILLER_7_560,VSS,Metal1,276.2460,44.8990,0.000000
FILLER_7_553,VSS,Metal1,272.8860,44.8990,0.000000
FILLER_7_546,VSS,Metal1,269.5260,44.8990,0.000000
FILLER_7_539,VSS,Metal1,266.1660,44.8990,0.000000
FILLER_7_532,VSS,Metal1,262.8060,44.8990,0.000000
FILLER_7_525,VSS,Metal1,259.4460,44.8990,0.000000
FILLER_7_518,VSS,Metal1,256.0860,44.8990,0.000000
FILLER_7_511,VSS,Metal1,252.7260,44.8990,0.000000
FILLER_7_504,VSS,Metal1,249.3660,44.8990,0.000000
FILLER_7_497,VSS,Metal1,246.0060,44.8990,0.000000
FILLER_7_490,VSS,Metal1,242.6460,44.8990,0.000000
FILLER_7_483,VSS,Metal1,239.2860,44.8990,0.000000
FILLER_7_476,VSS,Metal1,235.9260,44.8990,0.000000
FILLER_7_469,VSS,Metal1,232.5660,44.8990,0.000000
FILLER_7_462,VSS,Metal1,229.2060,44.8990,0.000000
FILLER_7_455,VSS,Metal1,225.8460,44.8990,0.000000
FILLER_7_448,VSS,Metal1,222.4860,44.8990,0.000000
FILLER_7_441,VSS,Metal1,219.1260,44.8990,0.000000
FILLER_7_434,VSS,Metal1,215.7660,44.8990,0.000000
FILLER_7_427,VSS,Metal1,212.4060,44.8990,0.000000
FILLER_7_420,VSS,Metal1,209.0460,44.8990,0.000000
FILLER_7_413,VSS,Metal1,205.6860,44.8990,0.000000
FILLER_7_406,VSS,Metal1,202.3260,44.8990,0.000000
FILLER_7_399,VSS,Metal1,198.9660,44.8990,0.000000
FILLER_7_392,VSS,Metal1,195.6060,44.8990,0.000000
FILLER_7_385,VSS,Metal1,192.2460,44.8990,0.000000
FILLER_7_378,VSS,Metal1,188.8860,44.8990,0.000000
FILLER_7_371,VSS,Metal1,185.5260,44.8990,0.000000
FILLER_7_364,VSS,Metal1,182.1660,44.8990,0.000000
FILLER_7_357,VSS,Metal1,178.8060,44.8990,0.000000
FILLER_7_350,VSS,Metal1,175.4460,44.8990,0.000000
FILLER_7_343,VSS,Metal1,172.0860,44.8990,0.000000
FILLER_7_336,VSS,Metal1,168.7260,44.8990,0.000000
FILLER_7_329,VSS,Metal1,165.3660,44.8990,0.000000
FILLER_7_322,VSS,Metal1,162.0060,44.8990,0.000000
FILLER_7_315,VSS,Metal1,158.6460,44.8990,0.000000
FILLER_7_308,VSS,Metal1,155.2860,44.8990,0.000000
FILLER_7_301,VSS,Metal1,151.9260,44.8990,0.000000
FILLER_7_294,VSS,Metal1,148.5660,44.8990,0.000000
FILLER_7_287,VSS,Metal1,145.2060,44.8990,0.000000
FILLER_7_280,VSS,Metal1,141.8460,44.8990,0.000000
FILLER_7_273,VSS,Metal1,138.4860,44.8990,0.000000
FILLER_7_266,VSS,Metal1,135.1260,44.8990,0.000000
FILLER_7_259,VSS,Metal1,131.7660,44.8990,0.000000
FILLER_7_252,VSS,Metal1,128.4060,44.8990,0.000000
FILLER_7_245,VSS,Metal1,125.0460,44.8990,0.000000
FILLER_7_238,VSS,Metal1,121.6860,44.8990,0.000000
FILLER_7_231,VSS,Metal1,118.3260,44.8990,0.000000
FILLER_7_224,VSS,Metal1,114.9660,44.8990,0.000000
FILLER_7_217,VSS,Metal1,111.6060,44.8990,0.000000
FILLER_7_210,VSS,Metal1,108.2460,44.8990,0.000000
FILLER_7_203,VSS,Metal1,104.8860,44.8990,0.000000
FILLER_7_196,VSS,Metal1,101.5260,44.8990,0.000000
FILLER_7_189,VSS,Metal1,98.1660,44.8990,0.000000
FILLER_7_182,VSS,Metal1,94.8060,44.8990,0.000000
FILLER_7_175,VSS,Metal1,91.4460,44.8990,0.000000
FILLER_7_168,VSS,Metal1,88.0860,44.8990,0.000000
FILLER_7_161,VSS,Metal1,84.7260,44.8990,0.000000
FILLER_7_154,VSS,Metal1,81.3660,44.8990,0.000000
FILLER_7_147,VSS,Metal1,78.0060,44.8990,0.000000
FILLER_7_140,VSS,Metal1,74.6460,44.8990,0.000000
FILLER_7_133,VSS,Metal1,71.2860,44.8990,0.000000
FILLER_7_126,VSS,Metal1,67.9260,44.8990,0.000000
FILLER_7_119,VSS,Metal1,64.5660,44.8990,0.000000
FILLER_7_112,VSS,Metal1,61.2060,44.8990,0.000000
FILLER_7_105,VSS,Metal1,57.8460,44.8990,0.000000
FILLER_7_98,VSS,Metal1,54.4860,44.8990,0.000000
FILLER_7_91,VSS,Metal1,51.1260,44.8990,0.000000
FILLER_7_84,VSS,Metal1,47.7660,44.8990,0.000000
FILLER_7_77,VSS,Metal1,44.4060,44.8990,0.000000
FILLER_7_70,VSS,Metal1,41.0460,44.8990,0.000000
FILLER_7_63,VSS,Metal1,37.6860,44.8990,0.000000
FILLER_7_56,VSS,Metal1,34.3260,44.8990,0.000000
FILLER_7_49,VSS,Metal1,30.9660,44.8990,0.000000
FILLER_7_42,VSS,Metal1,27.6060,44.8990,0.000000
FILLER_7_35,VSS,Metal1,24.2460,44.8990,0.000000
FILLER_7_28,VSS,Metal1,20.8860,44.8990,0.000000
FILLER_7_21,VSS,Metal1,17.5260,44.8990,0.000000
FILLER_7_14,VSS,Metal1,14.1660,44.8990,0.000000
FILLER_7_7,VSS,Metal1,10.8060,44.8990,0.000000
FILLER_7_0,VSS,Metal1,7.4460,44.8990,0.000000
FILLER_6_1099,VSS,Metal1,533.7600,37.8000,0.000004
FILLER_6_1092,VSS,Metal1,531.6060,38.2600,0.000004
FILLER_6_1085,VSS,Metal1,528.2460,38.2600,0.000002
FILLER_6_1078,VSS,Metal1,524.8860,38.2600,0.000002
FILLER_6_1071,VSS,Metal1,521.5260,38.2600,0.000002
FILLER_6_1064,VSS,Metal1,518.1660,38.2600,0.000002
FILLER_6_1057,VSS,Metal1,514.8060,38.2600,0.000002
FILLER_6_1050,VSS,Metal1,511.4460,38.2600,0.000002
FILLER_6_1043,VSS,Metal1,508.0860,38.2600,0.000002
FILLER_6_1036,VSS,Metal1,504.7260,38.2600,0.000001
FILLER_6_1029,VSS,Metal1,501.3660,38.2600,0.000001
FILLER_6_1022,VSS,Metal1,498.0060,38.2600,0.000001
FILLER_6_1015,VSS,Metal1,494.6460,38.2600,0.000001
FILLER_6_1008,VSS,Metal1,491.2860,38.2600,0.000001
FILLER_6_1001,VSS,Metal1,487.9260,38.2600,0.000001
FILLER_6_994,VSS,Metal1,484.5660,38.2600,0.000001
FILLER_6_987,VSS,Metal1,481.2060,38.2600,0.000000
FILLER_6_980,VSS,Metal1,477.8460,38.2600,0.000000
FILLER_6_973,VSS,Metal1,474.4860,38.2600,0.000000
FILLER_6_966,VSS,Metal1,471.1260,38.2600,0.000000
FILLER_6_959,VSS,Metal1,467.7660,38.2600,0.000000
FILLER_6_952,VSS,Metal1,464.4060,38.2600,0.000000
FILLER_6_945,VSS,Metal1,461.0460,38.2600,0.000000
FILLER_6_938,VSS,Metal1,457.6860,38.2600,0.000000
FILLER_6_931,VSS,Metal1,454.3260,38.2600,0.000000
FILLER_6_924,VSS,Metal1,450.9660,38.2600,0.000000
FILLER_6_917,VSS,Metal1,447.6060,38.2600,0.000000
FILLER_6_910,VSS,Metal1,444.2460,38.2600,0.000000
FILLER_6_903,VSS,Metal1,440.8860,38.2600,0.000000
FILLER_6_896,VSS,Metal1,437.5260,38.2600,0.000000
FILLER_6_889,VSS,Metal1,434.1660,38.2600,0.000000
FILLER_6_882,VSS,Metal1,430.8060,38.2600,0.000000
FILLER_6_875,VSS,Metal1,427.4460,38.2600,0.000000
FILLER_6_868,VSS,Metal1,424.0860,38.2600,0.000000
FILLER_6_861,VSS,Metal1,420.7260,38.2600,0.000000
FILLER_6_854,VSS,Metal1,417.3660,38.2600,0.000000
FILLER_6_847,VSS,Metal1,414.0060,38.2600,0.000000
FILLER_6_840,VSS,Metal1,410.6460,38.2600,0.000000
FILLER_6_833,VSS,Metal1,407.2860,38.2600,0.000000
FILLER_6_826,VSS,Metal1,403.9260,38.2600,0.000000
FILLER_6_819,VSS,Metal1,400.5660,38.2600,0.000000
FILLER_6_812,VSS,Metal1,397.2060,38.2600,0.000000
FILLER_6_805,VSS,Metal1,393.8460,38.2600,0.000000
FILLER_6_798,VSS,Metal1,390.4860,38.2600,0.000000
FILLER_6_791,VSS,Metal1,387.1260,38.2600,0.000000
FILLER_6_784,VSS,Metal1,383.7660,38.2600,0.000000
FILLER_6_777,VSS,Metal1,380.4060,38.2600,0.000000
FILLER_6_770,VSS,Metal1,377.0460,38.2600,0.000000
FILLER_6_763,VSS,Metal1,373.6860,38.2600,0.000000
FILLER_6_756,VSS,Metal1,370.3260,38.2600,0.000000
FILLER_6_749,VSS,Metal1,366.9660,38.2600,0.000000
FILLER_6_742,VSS,Metal1,363.6060,38.2600,0.000000
FILLER_6_735,VSS,Metal1,360.2460,38.2600,0.000000
FILLER_6_728,VSS,Metal1,356.8860,38.2600,0.000000
FILLER_6_721,VSS,Metal1,353.5260,38.2600,0.000000
FILLER_6_714,VSS,Metal1,350.1660,38.2600,0.000000
FILLER_6_707,VSS,Metal1,346.8060,38.2600,0.000000
FILLER_6_700,VSS,Metal1,343.4460,38.2600,0.000000
FILLER_6_693,VSS,Metal1,340.0860,38.2600,0.000000
FILLER_6_686,VSS,Metal1,336.7260,38.2600,0.000000
FILLER_6_679,VSS,Metal1,333.3660,38.2600,0.000000
FILLER_6_672,VSS,Metal1,330.0060,38.2600,0.000000
FILLER_6_665,VSS,Metal1,326.6460,38.2600,0.000000
FILLER_6_658,VSS,Metal1,323.2860,38.2600,0.000000
FILLER_6_651,VSS,Metal1,319.9260,38.2600,0.000000
FILLER_6_644,VSS,Metal1,316.5660,38.2600,0.000000
FILLER_6_637,VSS,Metal1,313.2060,38.2600,0.000000
FILLER_6_630,VSS,Metal1,309.8460,38.2600,0.000000
FILLER_6_623,VSS,Metal1,306.4860,38.2600,0.000000
FILLER_6_616,VSS,Metal1,303.1260,38.2600,0.000000
FILLER_6_609,VSS,Metal1,299.7660,38.2600,0.000000
FILLER_6_602,VSS,Metal1,296.4060,38.2600,0.000000
FILLER_6_595,VSS,Metal1,293.0460,38.2600,0.000000
FILLER_6_588,VSS,Metal1,289.6860,38.2600,0.000000
FILLER_6_581,VSS,Metal1,286.3260,38.2600,0.000000
FILLER_6_574,VSS,Metal1,282.9660,38.2600,0.000000
FILLER_6_567,VSS,Metal1,279.6060,38.2600,0.000000
FILLER_6_560,VSS,Metal1,276.2460,38.2600,0.000000
FILLER_6_553,VSS,Metal1,272.8860,38.2600,0.000000
FILLER_6_546,VSS,Metal1,269.5260,38.2600,0.000000
FILLER_6_539,VSS,Metal1,266.1660,38.2600,0.000000
FILLER_6_532,VSS,Metal1,262.8060,38.2600,0.000000
FILLER_6_525,VSS,Metal1,259.4460,38.2600,0.000000
FILLER_6_518,VSS,Metal1,256.0860,38.2600,0.000000
FILLER_6_511,VSS,Metal1,252.7260,38.2600,0.000000
FILLER_6_504,VSS,Metal1,249.3660,38.2600,0.000000
FILLER_6_497,VSS,Metal1,246.0060,38.2600,0.000000
FILLER_6_490,VSS,Metal1,242.6460,38.2600,0.000000
FILLER_6_483,VSS,Metal1,239.2860,38.2600,0.000000
FILLER_6_476,VSS,Metal1,235.9260,38.2600,0.000000
FILLER_6_469,VSS,Metal1,232.5660,38.2600,0.000000
FILLER_6_462,VSS,Metal1,229.2060,38.2600,0.000000
FILLER_6_455,VSS,Metal1,225.8460,38.2600,0.000000
FILLER_6_448,VSS,Metal1,222.4860,38.2600,0.000000
FILLER_6_441,VSS,Metal1,219.1260,38.2600,0.000000
FILLER_6_434,VSS,Metal1,215.7660,38.2600,0.000000
FILLER_6_427,VSS,Metal1,212.4060,38.2600,0.000000
FILLER_6_420,VSS,Metal1,209.0460,38.2600,0.000000
FILLER_6_413,VSS,Metal1,205.6860,38.2600,0.000000
FILLER_6_406,VSS,Metal1,202.3260,38.2600,0.000000
FILLER_6_399,VSS,Metal1,198.9660,38.2600,0.000000
FILLER_6_392,VSS,Metal1,195.6060,38.2600,0.000000
FILLER_6_385,VSS,Metal1,192.2460,38.2600,0.000000
FILLER_6_378,VSS,Metal1,188.8860,38.2600,0.000000
FILLER_6_371,VSS,Metal1,185.5260,38.2600,0.000000
FILLER_6_364,VSS,Metal1,182.1660,38.2600,0.000000
FILLER_6_357,VSS,Metal1,178.8060,38.2600,0.000000
FILLER_6_350,VSS,Metal1,175.4460,38.2600,0.000000
FILLER_6_343,VSS,Metal1,172.0860,38.2600,0.000000
FILLER_6_336,VSS,Metal1,168.7260,38.2600,0.000000
FILLER_6_329,VSS,Metal1,165.3660,38.2600,0.000000
FILLER_6_322,VSS,Metal1,162.0060,38.2600,0.000000
FILLER_6_315,VSS,Metal1,158.6460,38.2600,0.000000
FILLER_6_308,VSS,Metal1,155.2860,38.2600,0.000000
FILLER_6_301,VSS,Metal1,151.9260,38.2600,0.000000
FILLER_6_294,VSS,Metal1,148.5660,38.2600,0.000000
FILLER_6_287,VSS,Metal1,145.2060,38.2600,0.000000
FILLER_6_280,VSS,Metal1,141.8460,38.2600,0.000000
FILLER_6_273,VSS,Metal1,138.4860,38.2600,0.000000
FILLER_6_266,VSS,Metal1,135.1260,38.2600,0.000000
FILLER_6_259,VSS,Metal1,131.7660,38.2600,0.000000
FILLER_6_252,VSS,Metal1,128.4060,38.2600,0.000000
FILLER_6_245,VSS,Metal1,125.0460,38.2600,0.000000
FILLER_6_238,VSS,Metal1,121.6860,38.2600,0.000000
FILLER_6_231,VSS,Metal1,118.3260,38.2600,0.000000
FILLER_6_224,VSS,Metal1,114.9660,38.2600,0.000000
FILLER_6_217,VSS,Metal1,111.6060,38.2600,0.000000
FILLER_6_210,VSS,Metal1,108.2460,38.2600,0.000000
FILLER_6_203,VSS,Metal1,104.8860,38.2600,0.000000
FILLER_6_196,VSS,Metal1,101.5260,38.2600,0.000000
FILLER_6_189,VSS,Metal1,98.1660,38.2600,0.000000
FILLER_6_182,VSS,Metal1,94.8060,38.2600,0.000000
FILLER_6_175,VSS,Metal1,91.4460,38.2600,0.000000
FILLER_6_168,VSS,Metal1,88.0860,38.2600,0.000000
FILLER_6_161,VSS,Metal1,84.7260,38.2600,0.000000
FILLER_6_154,VSS,Metal1,81.3660,38.2600,0.000000
FILLER_6_147,VSS,Metal1,78.0060,38.2600,0.000000
FILLER_6_140,VSS,Metal1,74.6460,38.2600,0.000000
FILLER_6_133,VSS,Metal1,71.2860,38.2600,0.000000
FILLER_6_126,VSS,Metal1,67.9260,38.2600,0.000000
FILLER_6_119,VSS,Metal1,64.5660,38.2600,0.000000
FILLER_6_112,VSS,Metal1,61.2060,38.2600,0.000000
FILLER_6_105,VSS,Metal1,57.8460,38.2600,0.000000
FILLER_6_98,VSS,Metal1,54.4860,38.2600,0.000000
FILLER_6_91,VSS,Metal1,51.1260,38.2600,0.000000
FILLER_6_84,VSS,Metal1,47.7660,38.2600,0.000000
FILLER_6_77,VSS,Metal1,44.4060,38.2600,0.000000
FILLER_6_70,VSS,Metal1,41.0460,38.2600,0.000000
FILLER_6_63,VSS,Metal1,37.6860,38.2600,0.000000
FILLER_6_56,VSS,Metal1,34.3260,38.2600,0.000000
FILLER_6_49,VSS,Metal1,30.9660,38.2600,0.000000
FILLER_6_42,VSS,Metal1,27.6060,38.2600,0.000000
FILLER_6_35,VSS,Metal1,24.2460,38.2600,0.000000
FILLER_6_28,VSS,Metal1,20.8860,38.2600,0.000000
FILLER_6_21,VSS,Metal1,17.5260,38.2600,0.000000
FILLER_6_14,VSS,Metal1,14.1660,38.2600,0.000000
FILLER_6_7,VSS,Metal1,10.8060,38.2600,0.000000
FILLER_6_0,VSS,Metal1,7.4460,38.2600,0.000000
FILLER_5_1096,VSS,Metal1,532.0800,37.8000,0.000004
FILLER_5_1092,VSS,Metal1,530.8680,37.4230,0.000004
FILLER_5_1085,VSS,Metal1,528.2460,37.3390,0.000002
FILLER_5_1078,VSS,Metal1,524.8860,37.3390,0.000002
FILLER_5_1071,VSS,Metal1,521.5260,37.3390,0.000002
FILLER_5_1064,VSS,Metal1,518.1660,37.3390,0.000002
FILLER_5_1057,VSS,Metal1,514.8060,37.3390,0.000002
FILLER_5_1050,VSS,Metal1,511.4460,37.3390,0.000002
FILLER_5_1043,VSS,Metal1,508.0860,37.3390,0.000002
FILLER_5_1036,VSS,Metal1,504.7260,37.3390,0.000001
FILLER_5_1029,VSS,Metal1,501.3660,37.3390,0.000001
FILLER_5_1022,VSS,Metal1,498.0060,37.3390,0.000001
FILLER_5_1015,VSS,Metal1,494.6460,37.3390,0.000001
FILLER_5_1008,VSS,Metal1,491.2860,37.3390,0.000001
FILLER_5_1001,VSS,Metal1,487.9260,37.3390,0.000001
FILLER_5_994,VSS,Metal1,484.5660,37.3390,0.000001
FILLER_5_987,VSS,Metal1,481.2060,37.3390,0.000000
FILLER_5_980,VSS,Metal1,477.8460,37.3390,0.000000
FILLER_5_973,VSS,Metal1,474.4860,37.3390,0.000000
FILLER_5_966,VSS,Metal1,471.1260,37.3390,0.000000
FILLER_5_959,VSS,Metal1,467.7660,37.3390,0.000000
FILLER_5_952,VSS,Metal1,464.4060,37.3390,0.000000
FILLER_5_945,VSS,Metal1,461.0460,37.3390,0.000000
FILLER_5_938,VSS,Metal1,457.6860,37.3390,0.000000
FILLER_5_931,VSS,Metal1,454.3260,37.3390,0.000000
FILLER_5_924,VSS,Metal1,450.9660,37.3390,0.000000
FILLER_5_917,VSS,Metal1,447.6060,37.3390,0.000000
FILLER_5_910,VSS,Metal1,444.2460,37.3390,0.000000
FILLER_5_903,VSS,Metal1,440.8860,37.3390,0.000000
FILLER_5_896,VSS,Metal1,437.5260,37.3390,0.000000
FILLER_5_889,VSS,Metal1,434.1660,37.3390,0.000000
FILLER_5_882,VSS,Metal1,430.8060,37.3390,0.000000
FILLER_5_875,VSS,Metal1,427.4460,37.3390,0.000000
FILLER_5_868,VSS,Metal1,424.0860,37.3390,0.000000
FILLER_5_861,VSS,Metal1,420.7260,37.3390,0.000000
FILLER_5_854,VSS,Metal1,417.3660,37.3390,0.000000
FILLER_5_847,VSS,Metal1,414.0060,37.3390,0.000000
FILLER_5_840,VSS,Metal1,410.6460,37.3390,0.000000
FILLER_5_833,VSS,Metal1,407.2860,37.3390,0.000000
FILLER_5_826,VSS,Metal1,403.9260,37.3390,0.000000
FILLER_5_819,VSS,Metal1,400.5660,37.3390,0.000000
FILLER_5_812,VSS,Metal1,397.2060,37.3390,0.000000
FILLER_5_805,VSS,Metal1,393.8460,37.3390,0.000000
FILLER_5_798,VSS,Metal1,390.4860,37.3390,0.000000
FILLER_5_791,VSS,Metal1,387.1260,37.3390,0.000000
FILLER_5_784,VSS,Metal1,383.7660,37.3390,0.000000
FILLER_5_777,VSS,Metal1,380.4060,37.3390,0.000000
FILLER_5_770,VSS,Metal1,377.0460,37.3390,0.000000
FILLER_5_763,VSS,Metal1,373.6860,37.3390,0.000000
FILLER_5_756,VSS,Metal1,370.3260,37.3390,0.000000
FILLER_5_749,VSS,Metal1,366.9660,37.3390,0.000000
FILLER_5_742,VSS,Metal1,363.6060,37.3390,0.000000
FILLER_5_735,VSS,Metal1,360.2460,37.3390,0.000000
FILLER_5_728,VSS,Metal1,356.8860,37.3390,0.000000
FILLER_5_721,VSS,Metal1,353.5260,37.3390,0.000000
FILLER_5_714,VSS,Metal1,350.1660,37.3390,0.000000
FILLER_5_707,VSS,Metal1,346.8060,37.3390,0.000000
FILLER_5_700,VSS,Metal1,343.4460,37.3390,0.000000
FILLER_5_693,VSS,Metal1,340.0860,37.3390,0.000000
FILLER_5_686,VSS,Metal1,336.7260,37.3390,0.000000
FILLER_5_679,VSS,Metal1,333.3660,37.3390,0.000000
FILLER_5_672,VSS,Metal1,330.0060,37.3390,0.000000
FILLER_5_665,VSS,Metal1,326.6460,37.3390,0.000000
FILLER_5_658,VSS,Metal1,323.2860,37.3390,0.000000
FILLER_5_651,VSS,Metal1,319.9260,37.3390,0.000000
FILLER_5_644,VSS,Metal1,316.5660,37.3390,0.000000
FILLER_5_637,VSS,Metal1,313.2060,37.3390,0.000000
FILLER_5_630,VSS,Metal1,309.8460,37.3390,0.000000
FILLER_5_623,VSS,Metal1,306.4860,37.3390,0.000000
FILLER_5_616,VSS,Metal1,303.1260,37.3390,0.000000
FILLER_5_609,VSS,Metal1,299.7660,37.3390,0.000000
FILLER_5_602,VSS,Metal1,296.4060,37.3390,0.000000
FILLER_5_595,VSS,Metal1,293.0460,37.3390,0.000000
FILLER_5_588,VSS,Metal1,289.6860,37.3390,0.000000
FILLER_5_581,VSS,Metal1,286.3260,37.3390,0.000000
FILLER_5_574,VSS,Metal1,282.9660,37.3390,0.000000
FILLER_5_567,VSS,Metal1,279.6060,37.3390,0.000000
FILLER_5_560,VSS,Metal1,276.2460,37.3390,0.000000
FILLER_5_553,VSS,Metal1,272.8860,37.3390,0.000000
FILLER_5_546,VSS,Metal1,269.5260,37.3390,0.000000
FILLER_5_539,VSS,Metal1,266.1660,37.3390,0.000000
FILLER_5_532,VSS,Metal1,262.8060,37.3390,0.000000
FILLER_5_525,VSS,Metal1,259.4460,37.3390,0.000000
FILLER_5_518,VSS,Metal1,256.0860,37.3390,0.000000
FILLER_5_511,VSS,Metal1,252.7260,37.3390,0.000000
FILLER_5_504,VSS,Metal1,249.3660,37.3390,0.000000
FILLER_5_497,VSS,Metal1,246.0060,37.3390,0.000000
FILLER_5_490,VSS,Metal1,242.6460,37.3390,0.000000
FILLER_5_483,VSS,Metal1,239.2860,37.3390,0.000000
FILLER_5_476,VSS,Metal1,235.9260,37.3390,0.000000
FILLER_5_469,VSS,Metal1,232.5660,37.3390,0.000000
FILLER_5_462,VSS,Metal1,229.2060,37.3390,0.000000
FILLER_5_455,VSS,Metal1,225.8460,37.3390,0.000000
FILLER_5_448,VSS,Metal1,222.4860,37.3390,0.000000
FILLER_5_441,VSS,Metal1,219.1260,37.3390,0.000000
FILLER_5_434,VSS,Metal1,215.7660,37.3390,0.000000
FILLER_5_427,VSS,Metal1,212.4060,37.3390,0.000000
FILLER_5_420,VSS,Metal1,209.0460,37.3390,0.000000
FILLER_5_413,VSS,Metal1,205.6860,37.3390,0.000000
FILLER_5_406,VSS,Metal1,202.3260,37.3390,0.000000
FILLER_5_399,VSS,Metal1,198.9660,37.3390,0.000000
FILLER_5_392,VSS,Metal1,195.6060,37.3390,0.000000
FILLER_5_385,VSS,Metal1,192.2460,37.3390,0.000000
FILLER_5_378,VSS,Metal1,188.8860,37.3390,0.000000
FILLER_5_371,VSS,Metal1,185.5260,37.3390,0.000000
FILLER_5_364,VSS,Metal1,182.1660,37.3390,0.000000
FILLER_5_357,VSS,Metal1,178.8060,37.3390,0.000000
FILLER_5_350,VSS,Metal1,175.4460,37.3390,0.000000
FILLER_5_343,VSS,Metal1,172.0860,37.3390,0.000000
FILLER_5_336,VSS,Metal1,168.7260,37.3390,0.000000
FILLER_5_329,VSS,Metal1,165.3660,37.3390,0.000000
FILLER_5_322,VSS,Metal1,162.0060,37.3390,0.000000
FILLER_5_315,VSS,Metal1,158.6460,37.3390,0.000000
FILLER_5_308,VSS,Metal1,155.2860,37.3390,0.000000
FILLER_5_301,VSS,Metal1,151.9260,37.3390,0.000000
FILLER_5_294,VSS,Metal1,148.5660,37.3390,0.000000
FILLER_5_287,VSS,Metal1,145.2060,37.3390,0.000000
FILLER_5_280,VSS,Metal1,141.8460,37.3390,0.000000
FILLER_5_273,VSS,Metal1,138.4860,37.3390,0.000000
FILLER_5_266,VSS,Metal1,135.1260,37.3390,0.000000
FILLER_5_259,VSS,Metal1,131.7660,37.3390,0.000000
FILLER_5_252,VSS,Metal1,128.4060,37.3390,0.000000
FILLER_5_245,VSS,Metal1,125.0460,37.3390,0.000000
FILLER_5_238,VSS,Metal1,121.6860,37.3390,0.000000
FILLER_5_231,VSS,Metal1,118.3260,37.3390,0.000000
FILLER_5_224,VSS,Metal1,114.9660,37.3390,0.000000
FILLER_5_217,VSS,Metal1,111.6060,37.3390,0.000000
FILLER_5_210,VSS,Metal1,108.2460,37.3390,0.000000
FILLER_5_203,VSS,Metal1,104.8860,37.3390,0.000000
FILLER_5_196,VSS,Metal1,101.5260,37.3390,0.000000
FILLER_5_189,VSS,Metal1,98.1660,37.3390,0.000000
FILLER_5_182,VSS,Metal1,94.8060,37.3390,0.000000
FILLER_5_175,VSS,Metal1,91.4460,37.3390,0.000000
FILLER_5_168,VSS,Metal1,88.0860,37.3390,0.000000
FILLER_5_161,VSS,Metal1,84.7260,37.3390,0.000000
FILLER_5_154,VSS,Metal1,81.3660,37.3390,0.000000
FILLER_5_147,VSS,Metal1,78.0060,37.3390,0.000000
FILLER_5_140,VSS,Metal1,74.6460,37.3390,0.000000
FILLER_5_133,VSS,Metal1,71.2860,37.3390,0.000000
FILLER_5_126,VSS,Metal1,67.9260,37.3390,0.000000
FILLER_5_119,VSS,Metal1,64.5660,37.3390,0.000000
FILLER_5_112,VSS,Metal1,61.2060,37.3390,0.000000
FILLER_5_105,VSS,Metal1,57.8460,37.3390,0.000000
FILLER_5_98,VSS,Metal1,54.4860,37.3390,0.000000
FILLER_5_91,VSS,Metal1,51.1260,37.3390,0.000000
FILLER_5_84,VSS,Metal1,47.7660,37.3390,0.000000
FILLER_5_77,VSS,Metal1,44.4060,37.3390,0.000000
FILLER_5_70,VSS,Metal1,41.0460,37.3390,0.000000
FILLER_5_63,VSS,Metal1,37.6860,37.3390,0.000000
FILLER_5_56,VSS,Metal1,34.3260,37.3390,0.000000
FILLER_5_49,VSS,Metal1,30.9660,37.3390,0.000000
FILLER_5_42,VSS,Metal1,27.6060,37.3390,0.000000
FILLER_5_35,VSS,Metal1,24.2460,37.3390,0.000000
FILLER_5_28,VSS,Metal1,20.8860,37.3390,0.000000
FILLER_5_21,VSS,Metal1,17.5260,37.3390,0.000000
FILLER_5_14,VSS,Metal1,14.1660,37.3390,0.000000
FILLER_5_7,VSS,Metal1,10.8060,37.3390,0.000000
FILLER_5_0,VSS,Metal1,7.4460,37.3390,0.000000
FILLER_4_1099,VSS,Metal1,533.7600,30.2400,0.000000
FILLER_4_1092,VSS,Metal1,531.6060,30.7000,0.000000
FILLER_4_1085,VSS,Metal1,528.2460,30.7000,0.000000
FILLER_4_1078,VSS,Metal1,524.8860,30.7000,0.000000
FILLER_4_1071,VSS,Metal1,521.5260,30.7000,0.000000
FILLER_4_1064,VSS,Metal1,518.1660,30.7000,0.000000
FILLER_4_1057,VSS,Metal1,514.8060,30.7000,0.000000
FILLER_4_1050,VSS,Metal1,511.4460,30.7000,0.000000
FILLER_4_1043,VSS,Metal1,508.0860,30.7000,0.000000
FILLER_4_1036,VSS,Metal1,504.7260,30.7000,0.000000
FILLER_4_1029,VSS,Metal1,501.3660,30.7000,0.000000
FILLER_4_1022,VSS,Metal1,498.0060,30.7000,0.000000
FILLER_4_1015,VSS,Metal1,494.6460,30.7000,0.000000
FILLER_4_1008,VSS,Metal1,491.2860,30.7000,0.000000
FILLER_4_1001,VSS,Metal1,487.9260,30.7000,0.000000
FILLER_4_994,VSS,Metal1,484.5660,30.7000,0.000000
FILLER_4_987,VSS,Metal1,481.2060,30.7000,0.000000
FILLER_4_980,VSS,Metal1,477.8460,30.7000,0.000000
FILLER_4_973,VSS,Metal1,474.4860,30.7000,0.000000
FILLER_4_966,VSS,Metal1,471.1260,30.7000,0.000000
FILLER_4_959,VSS,Metal1,467.7660,30.7000,0.000000
FILLER_4_952,VSS,Metal1,464.4060,30.7000,0.000000
FILLER_4_945,VSS,Metal1,461.0460,30.7000,0.000000
FILLER_4_938,VSS,Metal1,457.6860,30.7000,0.000000
FILLER_4_931,VSS,Metal1,454.3260,30.7000,0.000000
FILLER_4_924,VSS,Metal1,450.9660,30.7000,0.000000
FILLER_4_917,VSS,Metal1,447.6060,30.7000,0.000000
FILLER_4_910,VSS,Metal1,444.2460,30.7000,0.000000
FILLER_4_903,VSS,Metal1,440.8860,30.7000,0.000000
FILLER_4_896,VSS,Metal1,437.5260,30.7000,0.000000
FILLER_4_889,VSS,Metal1,434.1660,30.7000,0.000000
FILLER_4_882,VSS,Metal1,430.8060,30.7000,0.000000
FILLER_4_875,VSS,Metal1,427.4460,30.7000,0.000000
FILLER_4_868,VSS,Metal1,424.0860,30.7000,0.000000
FILLER_4_861,VSS,Metal1,420.7260,30.7000,0.000000
FILLER_4_854,VSS,Metal1,417.3660,30.7000,0.000000
FILLER_4_847,VSS,Metal1,414.0060,30.7000,0.000000
FILLER_4_840,VSS,Metal1,410.6460,30.7000,0.000000
FILLER_4_833,VSS,Metal1,407.2860,30.7000,0.000000
FILLER_4_826,VSS,Metal1,403.9260,30.7000,0.000000
FILLER_4_819,VSS,Metal1,400.5660,30.7000,0.000000
FILLER_4_812,VSS,Metal1,397.2060,30.7000,0.000000
FILLER_4_805,VSS,Metal1,393.8460,30.7000,0.000000
FILLER_4_798,VSS,Metal1,390.4860,30.7000,0.000000
FILLER_4_791,VSS,Metal1,387.1260,30.7000,0.000000
FILLER_4_784,VSS,Metal1,383.7660,30.7000,0.000000
FILLER_4_777,VSS,Metal1,380.4060,30.7000,0.000000
FILLER_4_770,VSS,Metal1,377.0460,30.7000,0.000000
FILLER_4_763,VSS,Metal1,373.6860,30.7000,0.000000
FILLER_4_756,VSS,Metal1,370.3260,30.7000,0.000000
FILLER_4_749,VSS,Metal1,366.9660,30.7000,0.000000
FILLER_4_742,VSS,Metal1,363.6060,30.7000,0.000000
FILLER_4_735,VSS,Metal1,360.2460,30.7000,0.000000
FILLER_4_728,VSS,Metal1,356.8860,30.7000,0.000000
FILLER_4_721,VSS,Metal1,353.5260,30.7000,0.000000
FILLER_4_714,VSS,Metal1,350.1660,30.7000,0.000000
FILLER_4_707,VSS,Metal1,346.8060,30.7000,0.000000
FILLER_4_700,VSS,Metal1,343.4460,30.7000,0.000000
FILLER_4_693,VSS,Metal1,340.0860,30.7000,0.000000
FILLER_4_686,VSS,Metal1,336.7260,30.7000,0.000000
FILLER_4_679,VSS,Metal1,333.3660,30.7000,0.000000
FILLER_4_672,VSS,Metal1,330.0060,30.7000,0.000000
FILLER_4_665,VSS,Metal1,326.6460,30.7000,0.000000
FILLER_4_658,VSS,Metal1,323.2860,30.7000,0.000000
FILLER_4_651,VSS,Metal1,319.9260,30.7000,0.000000
FILLER_4_644,VSS,Metal1,316.5660,30.7000,0.000000
FILLER_4_637,VSS,Metal1,313.2060,30.7000,0.000000
FILLER_4_630,VSS,Metal1,309.8460,30.7000,0.000000
FILLER_4_623,VSS,Metal1,306.4860,30.7000,0.000000
FILLER_4_616,VSS,Metal1,303.1260,30.7000,0.000000
FILLER_4_609,VSS,Metal1,299.7660,30.7000,0.000000
FILLER_4_602,VSS,Metal1,296.4060,30.7000,0.000000
FILLER_4_595,VSS,Metal1,293.0460,30.7000,0.000000
FILLER_4_588,VSS,Metal1,289.6860,30.7000,0.000000
FILLER_4_581,VSS,Metal1,286.3260,30.7000,0.000000
FILLER_4_574,VSS,Metal1,282.9660,30.7000,0.000000
FILLER_4_567,VSS,Metal1,279.6060,30.7000,0.000000
FILLER_4_560,VSS,Metal1,276.2460,30.7000,0.000000
FILLER_4_553,VSS,Metal1,272.8860,30.7000,0.000000
FILLER_4_546,VSS,Metal1,269.5260,30.7000,0.000000
FILLER_4_539,VSS,Metal1,266.1660,30.7000,0.000000
FILLER_4_532,VSS,Metal1,262.8060,30.7000,0.000000
FILLER_4_525,VSS,Metal1,259.4460,30.7000,0.000000
FILLER_4_518,VSS,Metal1,256.0860,30.7000,0.000000
FILLER_4_511,VSS,Metal1,252.7260,30.7000,0.000000
FILLER_4_504,VSS,Metal1,249.3660,30.7000,0.000000
FILLER_4_497,VSS,Metal1,246.0060,30.7000,0.000000
FILLER_4_490,VSS,Metal1,242.6460,30.7000,0.000000
FILLER_4_483,VSS,Metal1,239.2860,30.7000,0.000000
FILLER_4_476,VSS,Metal1,235.9260,30.7000,0.000000
FILLER_4_469,VSS,Metal1,232.5660,30.7000,0.000000
FILLER_4_462,VSS,Metal1,229.2060,30.7000,0.000000
FILLER_4_455,VSS,Metal1,225.8460,30.7000,0.000000
FILLER_4_448,VSS,Metal1,222.4860,30.7000,0.000000
FILLER_4_441,VSS,Metal1,219.1260,30.7000,0.000000
FILLER_4_434,VSS,Metal1,215.7660,30.7000,0.000000
FILLER_4_427,VSS,Metal1,212.4060,30.7000,0.000000
FILLER_4_420,VSS,Metal1,209.0460,30.7000,0.000000
FILLER_4_413,VSS,Metal1,205.6860,30.7000,0.000000
FILLER_4_406,VSS,Metal1,202.3260,30.7000,0.000000
FILLER_4_399,VSS,Metal1,198.9660,30.7000,0.000000
FILLER_4_392,VSS,Metal1,195.6060,30.7000,0.000000
FILLER_4_385,VSS,Metal1,192.2460,30.7000,0.000000
FILLER_4_378,VSS,Metal1,188.8860,30.7000,0.000000
FILLER_4_371,VSS,Metal1,185.5260,30.7000,0.000000
FILLER_4_364,VSS,Metal1,182.1660,30.7000,0.000000
FILLER_4_357,VSS,Metal1,178.8060,30.7000,0.000000
FILLER_4_350,VSS,Metal1,175.4460,30.7000,0.000000
FILLER_4_343,VSS,Metal1,172.0860,30.7000,0.000000
FILLER_4_336,VSS,Metal1,168.7260,30.7000,0.000000
FILLER_4_329,VSS,Metal1,165.3660,30.7000,0.000000
FILLER_4_322,VSS,Metal1,162.0060,30.7000,0.000000
FILLER_4_315,VSS,Metal1,158.6460,30.7000,0.000000
FILLER_4_308,VSS,Metal1,155.2860,30.7000,0.000000
FILLER_4_301,VSS,Metal1,151.9260,30.7000,0.000000
FILLER_4_294,VSS,Metal1,148.5660,30.7000,0.000000
FILLER_4_287,VSS,Metal1,145.2060,30.7000,0.000000
FILLER_4_280,VSS,Metal1,141.8460,30.7000,0.000000
FILLER_4_273,VSS,Metal1,138.4860,30.7000,0.000000
FILLER_4_266,VSS,Metal1,135.1260,30.7000,0.000000
FILLER_4_259,VSS,Metal1,131.7660,30.7000,0.000000
FILLER_4_252,VSS,Metal1,128.4060,30.7000,0.000000
FILLER_4_245,VSS,Metal1,125.0460,30.7000,0.000000
FILLER_4_238,VSS,Metal1,121.6860,30.7000,0.000000
FILLER_4_231,VSS,Metal1,118.3260,30.7000,0.000000
FILLER_4_224,VSS,Metal1,114.9660,30.7000,0.000000
FILLER_4_217,VSS,Metal1,111.6060,30.7000,0.000000
FILLER_4_210,VSS,Metal1,108.2460,30.7000,0.000000
FILLER_4_203,VSS,Metal1,104.8860,30.7000,0.000000
FILLER_4_196,VSS,Metal1,101.5260,30.7000,0.000000
FILLER_4_189,VSS,Metal1,98.1660,30.7000,0.000000
FILLER_4_182,VSS,Metal1,94.8060,30.7000,0.000000
FILLER_4_175,VSS,Metal1,91.4460,30.7000,0.000000
FILLER_4_168,VSS,Metal1,88.0860,30.7000,0.000000
FILLER_4_161,VSS,Metal1,84.7260,30.7000,0.000000
FILLER_4_154,VSS,Metal1,81.3660,30.7000,0.000000
FILLER_4_147,VSS,Metal1,78.0060,30.7000,0.000000
FILLER_4_140,VSS,Metal1,74.6460,30.7000,0.000000
FILLER_4_133,VSS,Metal1,71.2860,30.7000,0.000000
FILLER_4_126,VSS,Metal1,67.9260,30.7000,0.000000
FILLER_4_119,VSS,Metal1,64.5660,30.7000,0.000000
FILLER_4_112,VSS,Metal1,61.2060,30.7000,0.000000
FILLER_4_105,VSS,Metal1,57.8460,30.7000,0.000000
FILLER_4_98,VSS,Metal1,54.4860,30.7000,0.000000
FILLER_4_91,VSS,Metal1,51.1260,30.7000,0.000000
FILLER_4_84,VSS,Metal1,47.7660,30.7000,0.000000
FILLER_4_77,VSS,Metal1,44.4060,30.7000,0.000000
FILLER_4_70,VSS,Metal1,41.0460,30.7000,0.000000
FILLER_4_63,VSS,Metal1,37.6860,30.7000,0.000000
FILLER_4_56,VSS,Metal1,34.3260,30.7000,0.000000
FILLER_4_49,VSS,Metal1,30.9660,30.7000,0.000000
FILLER_4_42,VSS,Metal1,27.6060,30.7000,0.000000
FILLER_4_35,VSS,Metal1,24.2460,30.7000,0.000000
FILLER_4_28,VSS,Metal1,20.8860,30.7000,0.000000
FILLER_4_21,VSS,Metal1,17.5260,30.7000,0.000000
FILLER_4_14,VSS,Metal1,14.1660,30.7000,0.000000
FILLER_4_7,VSS,Metal1,10.8060,30.7000,0.000000
FILLER_4_0,VSS,Metal1,7.4460,30.7000,0.000000
FILLER_3_1099,VSS,Metal1,533.7600,30.2400,0.000000
FILLER_3_1092,VSS,Metal1,531.6060,29.7790,0.000000
FILLER_3_1085,VSS,Metal1,528.2460,29.7790,0.000000
FILLER_3_1078,VSS,Metal1,524.8860,29.7790,0.000000
FILLER_3_1071,VSS,Metal1,521.5260,29.7790,0.000000
FILLER_3_1064,VSS,Metal1,518.1660,29.7790,0.000000
FILLER_3_1057,VSS,Metal1,514.8060,29.7790,0.000000
FILLER_3_1050,VSS,Metal1,511.4460,29.7790,0.000000
FILLER_3_1043,VSS,Metal1,508.0860,29.7790,0.000000
FILLER_3_1036,VSS,Metal1,504.7260,29.7790,0.000000
FILLER_3_1029,VSS,Metal1,501.3660,29.7790,0.000000
FILLER_3_1022,VSS,Metal1,498.0060,29.7790,0.000000
FILLER_3_1015,VSS,Metal1,494.6460,29.7790,0.000000
FILLER_3_1008,VSS,Metal1,491.2860,29.7790,0.000000
FILLER_3_1001,VSS,Metal1,487.9260,29.7790,0.000000
FILLER_3_994,VSS,Metal1,484.5660,29.7790,0.000000
FILLER_3_987,VSS,Metal1,481.2060,29.7790,0.000000
FILLER_3_980,VSS,Metal1,477.8460,29.7790,0.000000
FILLER_3_973,VSS,Metal1,474.4860,29.7790,0.000000
FILLER_3_966,VSS,Metal1,471.1260,29.7790,0.000000
FILLER_3_959,VSS,Metal1,467.7660,29.7790,0.000000
FILLER_3_952,VSS,Metal1,464.4060,29.7790,0.000000
FILLER_3_945,VSS,Metal1,461.0460,29.7790,0.000000
FILLER_3_938,VSS,Metal1,457.6860,29.7790,0.000000
FILLER_3_931,VSS,Metal1,454.3260,29.7790,0.000000
FILLER_3_924,VSS,Metal1,450.9660,29.7790,0.000000
FILLER_3_917,VSS,Metal1,447.6060,29.7790,0.000000
FILLER_3_910,VSS,Metal1,444.2460,29.7790,0.000000
FILLER_3_903,VSS,Metal1,440.8860,29.7790,0.000000
FILLER_3_896,VSS,Metal1,437.5260,29.7790,0.000000
FILLER_3_889,VSS,Metal1,434.1660,29.7790,0.000000
FILLER_3_882,VSS,Metal1,430.8060,29.7790,0.000000
FILLER_3_875,VSS,Metal1,427.4460,29.7790,0.000000
FILLER_3_868,VSS,Metal1,424.0860,29.7790,0.000000
FILLER_3_861,VSS,Metal1,420.7260,29.7790,0.000000
FILLER_3_854,VSS,Metal1,417.3660,29.7790,0.000000
FILLER_3_847,VSS,Metal1,414.0060,29.7790,0.000000
FILLER_3_840,VSS,Metal1,410.6460,29.7790,0.000000
FILLER_3_833,VSS,Metal1,407.2860,29.7790,0.000000
FILLER_3_826,VSS,Metal1,403.9260,29.7790,0.000000
FILLER_3_819,VSS,Metal1,400.5660,29.7790,0.000000
FILLER_3_812,VSS,Metal1,397.2060,29.7790,0.000000
FILLER_3_805,VSS,Metal1,393.8460,29.7790,0.000000
FILLER_3_798,VSS,Metal1,390.4860,29.7790,0.000000
FILLER_3_791,VSS,Metal1,387.1260,29.7790,0.000000
FILLER_3_784,VSS,Metal1,383.7660,29.7790,0.000000
FILLER_3_777,VSS,Metal1,380.4060,29.7790,0.000000
FILLER_3_770,VSS,Metal1,377.0460,29.7790,0.000000
FILLER_3_763,VSS,Metal1,373.6860,29.7790,0.000000
FILLER_3_756,VSS,Metal1,370.3260,29.7790,0.000000
FILLER_3_749,VSS,Metal1,366.9660,29.7790,0.000000
FILLER_3_742,VSS,Metal1,363.6060,29.7790,0.000000
FILLER_3_735,VSS,Metal1,360.2460,29.7790,0.000000
FILLER_3_728,VSS,Metal1,356.8860,29.7790,0.000000
FILLER_3_721,VSS,Metal1,353.5260,29.7790,0.000000
FILLER_3_714,VSS,Metal1,350.1660,29.7790,0.000000
FILLER_3_707,VSS,Metal1,346.8060,29.7790,0.000000
FILLER_3_700,VSS,Metal1,343.4460,29.7790,0.000000
FILLER_3_693,VSS,Metal1,340.0860,29.7790,0.000000
FILLER_3_686,VSS,Metal1,336.7260,29.7790,0.000000
FILLER_3_679,VSS,Metal1,333.3660,29.7790,0.000000
FILLER_3_672,VSS,Metal1,330.0060,29.7790,0.000000
FILLER_3_665,VSS,Metal1,326.6460,29.7790,0.000000
FILLER_3_658,VSS,Metal1,323.2860,29.7790,0.000000
FILLER_3_651,VSS,Metal1,319.9260,29.7790,0.000000
FILLER_3_644,VSS,Metal1,316.5660,29.7790,0.000000
FILLER_3_637,VSS,Metal1,313.2060,29.7790,0.000000
FILLER_3_630,VSS,Metal1,309.8460,29.7790,0.000000
FILLER_3_623,VSS,Metal1,306.4860,29.7790,0.000000
FILLER_3_616,VSS,Metal1,303.1260,29.7790,0.000000
FILLER_3_609,VSS,Metal1,299.7660,29.7790,0.000000
FILLER_3_602,VSS,Metal1,296.4060,29.7790,0.000000
FILLER_3_595,VSS,Metal1,293.0460,29.7790,0.000000
FILLER_3_588,VSS,Metal1,289.6860,29.7790,0.000000
FILLER_3_581,VSS,Metal1,286.3260,29.7790,0.000000
FILLER_3_574,VSS,Metal1,282.9660,29.7790,0.000000
FILLER_3_567,VSS,Metal1,279.6060,29.7790,0.000000
FILLER_3_560,VSS,Metal1,276.2460,29.7790,0.000000
FILLER_3_553,VSS,Metal1,272.8860,29.7790,0.000000
FILLER_3_546,VSS,Metal1,269.5260,29.7790,0.000000
FILLER_3_539,VSS,Metal1,266.1660,29.7790,0.000000
FILLER_3_532,VSS,Metal1,262.8060,29.7790,0.000000
FILLER_3_525,VSS,Metal1,259.4460,29.7790,0.000000
FILLER_3_518,VSS,Metal1,256.0860,29.7790,0.000000
FILLER_3_511,VSS,Metal1,252.7260,29.7790,0.000000
FILLER_3_504,VSS,Metal1,249.3660,29.7790,0.000000
FILLER_3_497,VSS,Metal1,246.0060,29.7790,0.000000
FILLER_3_490,VSS,Metal1,242.6460,29.7790,0.000000
FILLER_3_483,VSS,Metal1,239.2860,29.7790,0.000000
FILLER_3_476,VSS,Metal1,235.9260,29.7790,0.000000
FILLER_3_469,VSS,Metal1,232.5660,29.7790,0.000000
FILLER_3_462,VSS,Metal1,229.2060,29.7790,0.000000
FILLER_3_455,VSS,Metal1,225.8460,29.7790,0.000000
FILLER_3_448,VSS,Metal1,222.4860,29.7790,0.000000
FILLER_3_441,VSS,Metal1,219.1260,29.7790,0.000000
FILLER_3_434,VSS,Metal1,215.7660,29.7790,0.000000
FILLER_3_427,VSS,Metal1,212.4060,29.7790,0.000000
FILLER_3_420,VSS,Metal1,209.0460,29.7790,0.000000
FILLER_3_413,VSS,Metal1,205.6860,29.7790,0.000000
FILLER_3_406,VSS,Metal1,202.3260,29.7790,0.000000
FILLER_3_399,VSS,Metal1,198.9660,29.7790,0.000000
FILLER_3_392,VSS,Metal1,195.6060,29.7790,0.000000
FILLER_3_385,VSS,Metal1,192.2460,29.7790,0.000000
FILLER_3_378,VSS,Metal1,188.8860,29.7790,0.000000
FILLER_3_371,VSS,Metal1,185.5260,29.7790,0.000000
FILLER_3_364,VSS,Metal1,182.1660,29.7790,0.000000
FILLER_3_357,VSS,Metal1,178.8060,29.7790,0.000000
FILLER_3_350,VSS,Metal1,175.4460,29.7790,0.000000
FILLER_3_343,VSS,Metal1,172.0860,29.7790,0.000000
FILLER_3_336,VSS,Metal1,168.7260,29.7790,0.000000
FILLER_3_329,VSS,Metal1,165.3660,29.7790,0.000000
FILLER_3_322,VSS,Metal1,162.0060,29.7790,0.000000
FILLER_3_315,VSS,Metal1,158.6460,29.7790,0.000000
FILLER_3_308,VSS,Metal1,155.2860,29.7790,0.000000
FILLER_3_301,VSS,Metal1,151.9260,29.7790,0.000000
FILLER_3_294,VSS,Metal1,148.5660,29.7790,0.000000
FILLER_3_287,VSS,Metal1,145.2060,29.7790,0.000000
FILLER_3_280,VSS,Metal1,141.8460,29.7790,0.000000
FILLER_3_273,VSS,Metal1,138.4860,29.7790,0.000000
FILLER_3_266,VSS,Metal1,135.1260,29.7790,0.000000
FILLER_3_259,VSS,Metal1,131.7660,29.7790,0.000000
FILLER_3_252,VSS,Metal1,128.4060,29.7790,0.000000
FILLER_3_245,VSS,Metal1,125.0460,29.7790,0.000000
FILLER_3_238,VSS,Metal1,121.6860,29.7790,0.000000
FILLER_3_231,VSS,Metal1,118.3260,29.7790,0.000000
FILLER_3_224,VSS,Metal1,114.9660,29.7790,0.000000
FILLER_3_217,VSS,Metal1,111.6060,29.7790,0.000000
FILLER_3_210,VSS,Metal1,108.2460,29.7790,0.000000
FILLER_3_203,VSS,Metal1,104.8860,29.7790,0.000000
FILLER_3_196,VSS,Metal1,101.5260,29.7790,0.000000
FILLER_3_189,VSS,Metal1,98.1660,29.7790,0.000000
FILLER_3_182,VSS,Metal1,94.8060,29.7790,0.000000
FILLER_3_175,VSS,Metal1,91.4460,29.7790,0.000000
FILLER_3_168,VSS,Metal1,88.0860,29.7790,0.000000
FILLER_3_161,VSS,Metal1,84.7260,29.7790,0.000000
FILLER_3_154,VSS,Metal1,81.3660,29.7790,0.000000
FILLER_3_147,VSS,Metal1,78.0060,29.7790,0.000000
FILLER_3_140,VSS,Metal1,74.6460,29.7790,0.000000
FILLER_3_133,VSS,Metal1,71.2860,29.7790,0.000000
FILLER_3_126,VSS,Metal1,67.9260,29.7790,0.000000
FILLER_3_119,VSS,Metal1,64.5660,29.7790,0.000000
FILLER_3_112,VSS,Metal1,61.2060,29.7790,0.000000
FILLER_3_105,VSS,Metal1,57.8460,29.7790,0.000000
FILLER_3_98,VSS,Metal1,54.4860,29.7790,0.000000
FILLER_3_91,VSS,Metal1,51.1260,29.7790,0.000000
FILLER_3_84,VSS,Metal1,47.7660,29.7790,0.000000
FILLER_3_77,VSS,Metal1,44.4060,29.7790,0.000000
FILLER_3_70,VSS,Metal1,41.0460,29.7790,0.000000
FILLER_3_63,VSS,Metal1,37.6860,29.7790,0.000000
FILLER_3_56,VSS,Metal1,34.3260,29.7790,0.000000
FILLER_3_49,VSS,Metal1,30.9660,29.7790,0.000000
FILLER_3_42,VSS,Metal1,27.6060,29.7790,0.000000
FILLER_3_35,VSS,Metal1,24.2460,29.7790,0.000000
FILLER_3_28,VSS,Metal1,20.8860,29.7790,0.000000
FILLER_3_21,VSS,Metal1,17.5260,29.7790,0.000000
FILLER_3_14,VSS,Metal1,14.1660,29.7790,0.000000
FILLER_3_7,VSS,Metal1,10.8060,29.7790,0.000000
FILLER_3_0,VSS,Metal1,7.4460,29.7790,0.000000
FILLER_2_1099,VSS,Metal1,533.7600,22.6800,0.000000
FILLER_2_1092,VSS,Metal1,531.6060,23.1400,0.000000
FILLER_2_1085,VSS,Metal1,528.2460,23.1400,0.000000
FILLER_2_1078,VSS,Metal1,524.8860,23.1400,0.000000
FILLER_2_1071,VSS,Metal1,521.5260,23.1400,0.000000
FILLER_2_1064,VSS,Metal1,518.1660,23.1400,0.000000
FILLER_2_1057,VSS,Metal1,514.8060,23.1400,0.000000
FILLER_2_1050,VSS,Metal1,511.4460,23.1400,0.000000
FILLER_2_1043,VSS,Metal1,508.0860,23.1400,0.000000
FILLER_2_1036,VSS,Metal1,504.7260,23.1400,0.000000
FILLER_2_1029,VSS,Metal1,501.3660,23.1400,0.000000
FILLER_2_1022,VSS,Metal1,498.0060,23.1400,0.000000
FILLER_2_1015,VSS,Metal1,494.6460,23.1400,0.000000
FILLER_2_1008,VSS,Metal1,491.2860,23.1400,0.000000
FILLER_2_1001,VSS,Metal1,487.9260,23.1400,0.000000
FILLER_2_994,VSS,Metal1,484.5660,23.1400,0.000000
FILLER_2_987,VSS,Metal1,481.2060,23.1400,0.000000
FILLER_2_980,VSS,Metal1,477.8460,23.1400,0.000000
FILLER_2_973,VSS,Metal1,474.4860,23.1400,0.000000
FILLER_2_966,VSS,Metal1,471.1260,23.1400,0.000000
FILLER_2_959,VSS,Metal1,467.7660,23.1400,0.000000
FILLER_2_952,VSS,Metal1,464.4060,23.1400,0.000000
FILLER_2_945,VSS,Metal1,461.0460,23.1400,0.000000
FILLER_2_938,VSS,Metal1,457.6860,23.1400,0.000000
FILLER_2_931,VSS,Metal1,454.3260,23.1400,0.000000
FILLER_2_924,VSS,Metal1,450.9660,23.1400,0.000000
FILLER_2_917,VSS,Metal1,447.6060,23.1400,0.000000
FILLER_2_910,VSS,Metal1,444.2460,23.1400,0.000000
FILLER_2_903,VSS,Metal1,440.8860,23.1400,0.000000
FILLER_2_896,VSS,Metal1,437.5260,23.1400,0.000000
FILLER_2_889,VSS,Metal1,434.1660,23.1400,0.000000
FILLER_2_882,VSS,Metal1,430.8060,23.1400,0.000000
FILLER_2_875,VSS,Metal1,427.4460,23.1400,0.000000
FILLER_2_868,VSS,Metal1,424.0860,23.1400,0.000000
FILLER_2_861,VSS,Metal1,420.7260,23.1400,0.000000
FILLER_2_854,VSS,Metal1,417.3660,23.1400,0.000000
FILLER_2_847,VSS,Metal1,414.0060,23.1400,0.000000
FILLER_2_840,VSS,Metal1,410.6460,23.1400,0.000000
FILLER_2_833,VSS,Metal1,407.2860,23.1400,0.000000
FILLER_2_826,VSS,Metal1,403.9260,23.1400,0.000000
FILLER_2_819,VSS,Metal1,400.5660,23.1400,0.000000
FILLER_2_812,VSS,Metal1,397.2060,23.1400,0.000000
FILLER_2_805,VSS,Metal1,393.8460,23.1400,0.000000
FILLER_2_798,VSS,Metal1,390.4860,23.1400,0.000000
FILLER_2_791,VSS,Metal1,387.1260,23.1400,0.000000
FILLER_2_784,VSS,Metal1,383.7660,23.1400,0.000000
FILLER_2_777,VSS,Metal1,380.4060,23.1400,0.000000
FILLER_2_770,VSS,Metal1,377.0460,23.1400,0.000000
FILLER_2_763,VSS,Metal1,373.6860,23.1400,0.000000
FILLER_2_756,VSS,Metal1,370.3260,23.1400,0.000000
FILLER_2_749,VSS,Metal1,366.9660,23.1400,0.000000
FILLER_2_742,VSS,Metal1,363.6060,23.1400,0.000000
FILLER_2_735,VSS,Metal1,360.2460,23.1400,0.000000
FILLER_2_728,VSS,Metal1,356.8860,23.1400,0.000000
FILLER_2_721,VSS,Metal1,353.5260,23.1400,0.000000
FILLER_2_714,VSS,Metal1,350.1660,23.1400,0.000000
FILLER_2_707,VSS,Metal1,346.8060,23.1400,0.000000
FILLER_2_700,VSS,Metal1,343.4460,23.1400,0.000000
FILLER_2_693,VSS,Metal1,340.0860,23.1400,0.000000
FILLER_2_686,VSS,Metal1,336.7260,23.1400,0.000000
FILLER_2_679,VSS,Metal1,333.3660,23.1400,0.000000
FILLER_2_672,VSS,Metal1,330.0060,23.1400,0.000000
FILLER_2_665,VSS,Metal1,326.6460,23.1400,0.000000
FILLER_2_658,VSS,Metal1,323.2860,23.1400,0.000000
FILLER_2_651,VSS,Metal1,319.9260,23.1400,0.000000
FILLER_2_644,VSS,Metal1,316.5660,23.1400,0.000000
FILLER_2_637,VSS,Metal1,313.2060,23.1400,0.000000
FILLER_2_630,VSS,Metal1,309.8460,23.1400,0.000000
FILLER_2_623,VSS,Metal1,306.4860,23.1400,0.000000
FILLER_2_616,VSS,Metal1,303.1260,23.1400,0.000000
FILLER_2_609,VSS,Metal1,299.7660,23.1400,0.000000
FILLER_2_602,VSS,Metal1,296.4060,23.1400,0.000000
FILLER_2_595,VSS,Metal1,293.0460,23.1400,0.000000
FILLER_2_588,VSS,Metal1,289.6860,23.1400,0.000000
FILLER_2_581,VSS,Metal1,286.3260,23.1400,0.000000
FILLER_2_574,VSS,Metal1,282.9660,23.1400,0.000000
FILLER_2_567,VSS,Metal1,279.6060,23.1400,0.000000
FILLER_2_560,VSS,Metal1,276.2460,23.1400,0.000000
FILLER_2_553,VSS,Metal1,272.8860,23.1400,0.000000
FILLER_2_546,VSS,Metal1,269.5260,23.1400,0.000000
FILLER_2_539,VSS,Metal1,266.1660,23.1400,0.000000
FILLER_2_532,VSS,Metal1,262.8060,23.1400,0.000000
FILLER_2_525,VSS,Metal1,259.4460,23.1400,0.000000
FILLER_2_518,VSS,Metal1,256.0860,23.1400,0.000000
FILLER_2_511,VSS,Metal1,252.7260,23.1400,0.000000
FILLER_2_504,VSS,Metal1,249.3660,23.1400,0.000000
FILLER_2_497,VSS,Metal1,246.0060,23.1400,0.000000
FILLER_2_490,VSS,Metal1,242.6460,23.1400,0.000000
FILLER_2_483,VSS,Metal1,239.2860,23.1400,0.000000
FILLER_2_476,VSS,Metal1,235.9260,23.1400,0.000000
FILLER_2_469,VSS,Metal1,232.5660,23.1400,0.000000
FILLER_2_462,VSS,Metal1,229.2060,23.1400,0.000000
FILLER_2_455,VSS,Metal1,225.8460,23.1400,0.000000
FILLER_2_448,VSS,Metal1,222.4860,23.1400,0.000000
FILLER_2_441,VSS,Metal1,219.1260,23.1400,0.000000
FILLER_2_434,VSS,Metal1,215.7660,23.1400,0.000000
FILLER_2_427,VSS,Metal1,212.4060,23.1400,0.000000
FILLER_2_420,VSS,Metal1,209.0460,23.1400,0.000000
FILLER_2_413,VSS,Metal1,205.6860,23.1400,0.000000
FILLER_2_406,VSS,Metal1,202.3260,23.1400,0.000000
FILLER_2_399,VSS,Metal1,198.9660,23.1400,0.000000
FILLER_2_392,VSS,Metal1,195.6060,23.1400,0.000000
FILLER_2_385,VSS,Metal1,192.2460,23.1400,0.000000
FILLER_2_378,VSS,Metal1,188.8860,23.1400,0.000000
FILLER_2_371,VSS,Metal1,185.5260,23.1400,0.000000
FILLER_2_364,VSS,Metal1,182.1660,23.1400,0.000000
FILLER_2_357,VSS,Metal1,178.8060,23.1400,0.000000
FILLER_2_350,VSS,Metal1,175.4460,23.1400,0.000000
FILLER_2_343,VSS,Metal1,172.0860,23.1400,0.000000
FILLER_2_336,VSS,Metal1,168.7260,23.1400,0.000000
FILLER_2_329,VSS,Metal1,165.3660,23.1400,0.000000
FILLER_2_322,VSS,Metal1,162.0060,23.1400,0.000000
FILLER_2_315,VSS,Metal1,158.6460,23.1400,0.000000
FILLER_2_308,VSS,Metal1,155.2860,23.1400,0.000000
FILLER_2_301,VSS,Metal1,151.9260,23.1400,0.000000
FILLER_2_294,VSS,Metal1,148.5660,23.1400,0.000000
FILLER_2_287,VSS,Metal1,145.2060,23.1400,0.000000
FILLER_2_280,VSS,Metal1,141.8460,23.1400,0.000000
FILLER_2_273,VSS,Metal1,138.4860,23.1400,0.000000
FILLER_2_266,VSS,Metal1,135.1260,23.1400,0.000000
FILLER_2_259,VSS,Metal1,131.7660,23.1400,0.000000
FILLER_2_252,VSS,Metal1,128.4060,23.1400,0.000000
FILLER_2_245,VSS,Metal1,125.0460,23.1400,0.000000
FILLER_2_238,VSS,Metal1,121.6860,23.1400,0.000000
FILLER_2_231,VSS,Metal1,118.3260,23.1400,0.000000
FILLER_2_224,VSS,Metal1,114.9660,23.1400,0.000000
FILLER_2_217,VSS,Metal1,111.6060,23.1400,0.000000
FILLER_2_210,VSS,Metal1,108.2460,23.1400,0.000000
FILLER_2_203,VSS,Metal1,104.8860,23.1400,0.000000
FILLER_2_196,VSS,Metal1,101.5260,23.1400,0.000000
FILLER_2_189,VSS,Metal1,98.1660,23.1400,0.000000
FILLER_2_182,VSS,Metal1,94.8060,23.1400,0.000000
FILLER_2_175,VSS,Metal1,91.4460,23.1400,0.000000
FILLER_2_168,VSS,Metal1,88.0860,23.1400,0.000000
FILLER_2_161,VSS,Metal1,84.7260,23.1400,0.000000
FILLER_2_154,VSS,Metal1,81.3660,23.1400,0.000000
FILLER_2_147,VSS,Metal1,78.0060,23.1400,0.000000
FILLER_2_140,VSS,Metal1,74.6460,23.1400,0.000000
FILLER_2_133,VSS,Metal1,71.2860,23.1400,0.000000
FILLER_2_126,VSS,Metal1,67.9260,23.1400,0.000000
FILLER_2_119,VSS,Metal1,64.5660,23.1400,0.000000
FILLER_2_112,VSS,Metal1,61.2060,23.1400,0.000000
FILLER_2_105,VSS,Metal1,57.8460,23.1400,0.000000
FILLER_2_98,VSS,Metal1,54.4860,23.1400,0.000000
FILLER_2_91,VSS,Metal1,51.1260,23.1400,0.000000
FILLER_2_84,VSS,Metal1,47.7660,23.1400,0.000000
FILLER_2_77,VSS,Metal1,44.4060,23.1400,0.000000
FILLER_2_70,VSS,Metal1,41.0460,23.1400,0.000000
FILLER_2_63,VSS,Metal1,37.6860,23.1400,0.000000
FILLER_2_56,VSS,Metal1,34.3260,23.1400,0.000000
FILLER_2_49,VSS,Metal1,30.9660,23.1400,0.000000
FILLER_2_42,VSS,Metal1,27.6060,23.1400,0.000000
FILLER_2_35,VSS,Metal1,24.2460,23.1400,0.000000
FILLER_2_28,VSS,Metal1,20.8860,23.1400,0.000000
FILLER_2_21,VSS,Metal1,17.5260,23.1400,0.000000
FILLER_2_14,VSS,Metal1,14.1660,23.1400,0.000000
FILLER_2_7,VSS,Metal1,10.8060,23.1400,0.000000
FILLER_2_0,VSS,Metal1,7.4460,23.1400,0.000000
FILLER_1_1099,VSS,Metal1,533.7600,22.6800,0.000000
FILLER_1_1092,VSS,Metal1,531.6060,22.2190,0.000000
FILLER_1_1085,VSS,Metal1,528.2460,22.2190,0.000000
FILLER_1_1078,VSS,Metal1,524.8860,22.2190,0.000000
FILLER_1_1071,VSS,Metal1,521.5260,22.2190,0.000000
FILLER_1_1064,VSS,Metal1,518.1660,22.2190,0.000000
FILLER_1_1057,VSS,Metal1,514.8060,22.2190,0.000000
FILLER_1_1050,VSS,Metal1,511.4460,22.2190,0.000000
FILLER_1_1043,VSS,Metal1,508.0860,22.2190,0.000000
FILLER_1_1036,VSS,Metal1,504.7260,22.2190,0.000000
FILLER_1_1029,VSS,Metal1,501.3660,22.2190,0.000000
FILLER_1_1022,VSS,Metal1,498.0060,22.2190,0.000000
FILLER_1_1015,VSS,Metal1,494.6460,22.2190,0.000000
FILLER_1_1008,VSS,Metal1,491.2860,22.2190,0.000000
FILLER_1_1001,VSS,Metal1,487.9260,22.2190,0.000000
FILLER_1_994,VSS,Metal1,484.5660,22.2190,0.000000
FILLER_1_987,VSS,Metal1,481.2060,22.2190,0.000000
FILLER_1_980,VSS,Metal1,477.8460,22.2190,0.000000
FILLER_1_973,VSS,Metal1,474.4860,22.2190,0.000000
FILLER_1_966,VSS,Metal1,471.1260,22.2190,0.000000
FILLER_1_959,VSS,Metal1,467.7660,22.2190,0.000000
FILLER_1_952,VSS,Metal1,464.4060,22.2190,0.000000
FILLER_1_945,VSS,Metal1,461.0460,22.2190,0.000000
FILLER_1_938,VSS,Metal1,457.6860,22.2190,0.000000
FILLER_1_931,VSS,Metal1,454.3260,22.2190,0.000000
FILLER_1_924,VSS,Metal1,450.9660,22.2190,0.000000
FILLER_1_917,VSS,Metal1,447.6060,22.2190,0.000000
FILLER_1_910,VSS,Metal1,444.2460,22.2190,0.000000
FILLER_1_903,VSS,Metal1,440.8860,22.2190,0.000000
FILLER_1_896,VSS,Metal1,437.5260,22.2190,0.000000
FILLER_1_889,VSS,Metal1,434.1660,22.2190,0.000000
FILLER_1_882,VSS,Metal1,430.8060,22.2190,0.000000
FILLER_1_875,VSS,Metal1,427.4460,22.2190,0.000000
FILLER_1_868,VSS,Metal1,424.0860,22.2190,0.000000
FILLER_1_861,VSS,Metal1,420.7260,22.2190,0.000000
FILLER_1_854,VSS,Metal1,417.3660,22.2190,0.000000
FILLER_1_847,VSS,Metal1,414.0060,22.2190,0.000000
FILLER_1_840,VSS,Metal1,410.6460,22.2190,0.000000
FILLER_1_833,VSS,Metal1,407.2860,22.2190,0.000000
FILLER_1_826,VSS,Metal1,403.9260,22.2190,0.000000
FILLER_1_819,VSS,Metal1,400.5660,22.2190,0.000000
FILLER_1_812,VSS,Metal1,397.2060,22.2190,0.000000
FILLER_1_805,VSS,Metal1,393.8460,22.2190,0.000000
FILLER_1_798,VSS,Metal1,390.4860,22.2190,0.000000
FILLER_1_791,VSS,Metal1,387.1260,22.2190,0.000000
FILLER_1_784,VSS,Metal1,383.7660,22.2190,0.000000
FILLER_1_777,VSS,Metal1,380.4060,22.2190,0.000000
FILLER_1_770,VSS,Metal1,377.0460,22.2190,0.000000
FILLER_1_763,VSS,Metal1,373.6860,22.2190,0.000000
FILLER_1_756,VSS,Metal1,370.3260,22.2190,0.000000
FILLER_1_749,VSS,Metal1,366.9660,22.2190,0.000000
FILLER_1_742,VSS,Metal1,363.6060,22.2190,0.000000
FILLER_1_735,VSS,Metal1,360.2460,22.2190,0.000000
FILLER_1_728,VSS,Metal1,356.8860,22.2190,0.000000
FILLER_1_721,VSS,Metal1,353.5260,22.2190,0.000000
FILLER_1_714,VSS,Metal1,350.1660,22.2190,0.000000
FILLER_1_707,VSS,Metal1,346.8060,22.2190,0.000000
FILLER_1_700,VSS,Metal1,343.4460,22.2190,0.000000
FILLER_1_693,VSS,Metal1,340.0860,22.2190,0.000000
FILLER_1_686,VSS,Metal1,336.7260,22.2190,0.000000
FILLER_1_679,VSS,Metal1,333.3660,22.2190,0.000000
FILLER_1_672,VSS,Metal1,330.0060,22.2190,0.000000
FILLER_1_665,VSS,Metal1,326.6460,22.2190,0.000000
FILLER_1_658,VSS,Metal1,323.2860,22.2190,0.000000
FILLER_1_651,VSS,Metal1,319.9260,22.2190,0.000000
FILLER_1_644,VSS,Metal1,316.5660,22.2190,0.000000
FILLER_1_637,VSS,Metal1,313.2060,22.2190,0.000000
FILLER_1_630,VSS,Metal1,309.8460,22.2190,0.000000
FILLER_1_623,VSS,Metal1,306.4860,22.2190,0.000000
FILLER_1_616,VSS,Metal1,303.1260,22.2190,0.000000
FILLER_1_609,VSS,Metal1,299.7660,22.2190,0.000000
FILLER_1_602,VSS,Metal1,296.4060,22.2190,0.000000
FILLER_1_595,VSS,Metal1,293.0460,22.2190,0.000000
FILLER_1_588,VSS,Metal1,289.6860,22.2190,0.000000
FILLER_1_581,VSS,Metal1,286.3260,22.2190,0.000000
FILLER_1_574,VSS,Metal1,282.9660,22.2190,0.000000
FILLER_1_567,VSS,Metal1,279.6060,22.2190,0.000000
FILLER_1_560,VSS,Metal1,276.2460,22.2190,0.000000
FILLER_1_553,VSS,Metal1,272.8860,22.2190,0.000000
FILLER_1_546,VSS,Metal1,269.5260,22.2190,0.000000
FILLER_1_539,VSS,Metal1,266.1660,22.2190,0.000000
FILLER_1_532,VSS,Metal1,262.8060,22.2190,0.000000
FILLER_1_525,VSS,Metal1,259.4460,22.2190,0.000000
FILLER_1_518,VSS,Metal1,256.0860,22.2190,0.000000
FILLER_1_511,VSS,Metal1,252.7260,22.2190,0.000000
FILLER_1_504,VSS,Metal1,249.3660,22.2190,0.000000
FILLER_1_497,VSS,Metal1,246.0060,22.2190,0.000000
FILLER_1_490,VSS,Metal1,242.6460,22.2190,0.000000
FILLER_1_483,VSS,Metal1,239.2860,22.2190,0.000000
FILLER_1_476,VSS,Metal1,235.9260,22.2190,0.000000
FILLER_1_469,VSS,Metal1,232.5660,22.2190,0.000000
FILLER_1_462,VSS,Metal1,229.2060,22.2190,0.000000
FILLER_1_455,VSS,Metal1,225.8460,22.2190,0.000000
FILLER_1_448,VSS,Metal1,222.4860,22.2190,0.000000
FILLER_1_441,VSS,Metal1,219.1260,22.2190,0.000000
FILLER_1_434,VSS,Metal1,215.7660,22.2190,0.000000
FILLER_1_427,VSS,Metal1,212.4060,22.2190,0.000000
FILLER_1_420,VSS,Metal1,209.0460,22.2190,0.000000
FILLER_1_413,VSS,Metal1,205.6860,22.2190,0.000000
FILLER_1_406,VSS,Metal1,202.3260,22.2190,0.000000
FILLER_1_399,VSS,Metal1,198.9660,22.2190,0.000000
FILLER_1_392,VSS,Metal1,195.6060,22.2190,0.000000
FILLER_1_385,VSS,Metal1,192.2460,22.2190,0.000000
FILLER_1_378,VSS,Metal1,188.8860,22.2190,0.000000
FILLER_1_371,VSS,Metal1,185.5260,22.2190,0.000000
FILLER_1_364,VSS,Metal1,182.1660,22.2190,0.000000
FILLER_1_357,VSS,Metal1,178.8060,22.2190,0.000000
FILLER_1_350,VSS,Metal1,175.4460,22.2190,0.000000
FILLER_1_343,VSS,Metal1,172.0860,22.2190,0.000000
FILLER_1_336,VSS,Metal1,168.7260,22.2190,0.000000
FILLER_1_329,VSS,Metal1,165.3660,22.2190,0.000000
FILLER_1_322,VSS,Metal1,162.0060,22.2190,0.000000
FILLER_1_315,VSS,Metal1,158.6460,22.2190,0.000000
FILLER_1_308,VSS,Metal1,155.2860,22.2190,0.000000
FILLER_1_301,VSS,Metal1,151.9260,22.2190,0.000000
FILLER_1_294,VSS,Metal1,148.5660,22.2190,0.000000
FILLER_1_287,VSS,Metal1,145.2060,22.2190,0.000000
FILLER_1_280,VSS,Metal1,141.8460,22.2190,0.000000
FILLER_1_273,VSS,Metal1,138.4860,22.2190,0.000000
FILLER_1_266,VSS,Metal1,135.1260,22.2190,0.000000
FILLER_1_259,VSS,Metal1,131.7660,22.2190,0.000000
FILLER_1_252,VSS,Metal1,128.4060,22.2190,0.000000
FILLER_1_245,VSS,Metal1,125.0460,22.2190,0.000000
FILLER_1_238,VSS,Metal1,121.6860,22.2190,0.000000
FILLER_1_231,VSS,Metal1,118.3260,22.2190,0.000000
FILLER_1_224,VSS,Metal1,114.9660,22.2190,0.000000
FILLER_1_217,VSS,Metal1,111.6060,22.2190,0.000000
FILLER_1_210,VSS,Metal1,108.2460,22.2190,0.000000
FILLER_1_203,VSS,Metal1,104.8860,22.2190,0.000000
FILLER_1_196,VSS,Metal1,101.5260,22.2190,0.000000
FILLER_1_189,VSS,Metal1,98.1660,22.2190,0.000000
FILLER_1_182,VSS,Metal1,94.8060,22.2190,0.000000
FILLER_1_175,VSS,Metal1,91.4460,22.2190,0.000000
FILLER_1_168,VSS,Metal1,88.0860,22.2190,0.000000
FILLER_1_161,VSS,Metal1,84.7260,22.2190,0.000000
FILLER_1_154,VSS,Metal1,81.3660,22.2190,0.000000
FILLER_1_147,VSS,Metal1,78.0060,22.2190,0.000000
FILLER_1_140,VSS,Metal1,74.6460,22.2190,0.000000
FILLER_1_133,VSS,Metal1,71.2860,22.2190,0.000000
FILLER_1_126,VSS,Metal1,67.9260,22.2190,0.000000
FILLER_1_119,VSS,Metal1,64.5660,22.2190,0.000000
FILLER_1_112,VSS,Metal1,61.2060,22.2190,0.000000
FILLER_1_105,VSS,Metal1,57.8460,22.2190,0.000000
FILLER_1_98,VSS,Metal1,54.4860,22.2190,0.000000
FILLER_1_91,VSS,Metal1,51.1260,22.2190,0.000000
FILLER_1_84,VSS,Metal1,47.7660,22.2190,0.000000
FILLER_1_77,VSS,Metal1,44.4060,22.2190,0.000000
FILLER_1_70,VSS,Metal1,41.0460,22.2190,0.000000
FILLER_1_63,VSS,Metal1,37.6860,22.2190,0.000000
FILLER_1_56,VSS,Metal1,34.3260,22.2190,0.000000
FILLER_1_49,VSS,Metal1,30.9660,22.2190,0.000000
FILLER_1_42,VSS,Metal1,27.6060,22.2190,0.000000
FILLER_1_35,VSS,Metal1,24.2460,22.2190,0.000000
FILLER_1_28,VSS,Metal1,20.8860,22.2190,0.000000
FILLER_1_21,VSS,Metal1,17.5260,22.2190,0.000000
FILLER_1_14,VSS,Metal1,14.1660,22.2190,0.000000
FILLER_1_7,VSS,Metal1,10.8060,22.2190,0.000000
FILLER_1_0,VSS,Metal1,7.4460,22.2190,0.000000
FILLER_0_1094,VSS,Metal1,532.5660,15.5800,0.000000
FILLER_0_1087,VSS,Metal1,529.2060,15.5800,0.000000
FILLER_0_1080,VSS,Metal1,525.8460,15.5800,0.000000
FILLER_0_1073,VSS,Metal1,522.4860,15.5800,0.000000
FILLER_0_1066,VSS,Metal1,519.1260,15.5800,0.000000
FILLER_0_1059,VSS,Metal1,515.7660,15.5800,0.000000
FILLER_0_1052,VSS,Metal1,512.4060,15.5800,0.000000
FILLER_0_1045,VSS,Metal1,509.0460,15.5800,0.000000
FILLER_0_1038,VSS,Metal1,505.6860,15.5800,0.000000
FILLER_0_1031,VSS,Metal1,502.3260,15.5800,0.000000
FILLER_0_1024,VSS,Metal1,498.9660,15.5800,0.000000
FILLER_0_1017,VSS,Metal1,495.6060,15.5800,0.000000
FILLER_0_1010,VSS,Metal1,492.2460,15.5800,0.000000
FILLER_0_1003,VSS,Metal1,488.8860,15.5800,0.000000
FILLER_0_996,VSS,Metal1,485.5260,15.5800,0.000000
FILLER_0_989,VSS,Metal1,482.1660,15.5800,0.000000
FILLER_0_982,VSS,Metal1,478.8060,15.5800,0.000000
FILLER_0_975,VSS,Metal1,475.4460,15.5800,0.000000
FILLER_0_968,VSS,Metal1,472.0860,15.5800,0.000000
FILLER_0_961,VSS,Metal1,468.7260,15.5800,0.000000
FILLER_0_954,VSS,Metal1,465.3660,15.5800,0.000000
FILLER_0_947,VSS,Metal1,462.0060,15.5800,0.000000
FILLER_0_940,VSS,Metal1,458.6460,15.5800,0.000000
FILLER_0_933,VSS,Metal1,455.2860,15.5800,0.000000
FILLER_0_926,VSS,Metal1,451.9260,15.5800,0.000000
FILLER_0_919,VSS,Metal1,448.5660,15.5800,0.000000
FILLER_0_912,VSS,Metal1,445.2060,15.5800,0.000000
FILLER_0_905,VSS,Metal1,441.8460,15.5800,0.000000
FILLER_0_898,VSS,Metal1,438.4860,15.5800,0.000000
FILLER_0_891,VSS,Metal1,435.1260,15.5800,0.000000
FILLER_0_884,VSS,Metal1,431.7660,15.5800,0.000000
FILLER_0_877,VSS,Metal1,428.4060,15.5800,0.000000
FILLER_0_870,VSS,Metal1,425.0460,15.5800,0.000000
FILLER_0_863,VSS,Metal1,421.6860,15.5800,0.000000
FILLER_0_856,VSS,Metal1,418.3260,15.5800,0.000000
FILLER_0_849,VSS,Metal1,414.9660,15.5800,0.000000
FILLER_0_842,VSS,Metal1,411.6060,15.5800,0.000000
FILLER_0_835,VSS,Metal1,408.2460,15.5800,0.000000
FILLER_0_830,VSS,Metal1,404.4000,15.1200,0.000000
FILLER_0_826,VSS,Metal1,403.1880,15.4960,0.000000
FILLER_0_819,VSS,Metal1,400.5660,15.5800,0.000000
FILLER_0_812,VSS,Metal1,397.2060,15.5800,0.000000
FILLER_0_805,VSS,Metal1,393.8460,15.5800,0.000000
FILLER_0_798,VSS,Metal1,390.4860,15.5800,0.000000
FILLER_0_791,VSS,Metal1,387.1260,15.5800,0.000000
FILLER_0_784,VSS,Metal1,383.7660,15.5800,0.000000
FILLER_0_777,VSS,Metal1,380.4060,15.5800,0.000000
FILLER_0_770,VSS,Metal1,377.0460,15.5800,0.000000
FILLER_0_763,VSS,Metal1,373.6860,15.5800,0.000000
FILLER_0_756,VSS,Metal1,370.3260,15.5800,0.000000
FILLER_0_749,VSS,Metal1,366.9660,15.5800,0.000000
FILLER_0_742,VSS,Metal1,363.6060,15.5800,0.000000
FILLER_0_735,VSS,Metal1,360.2460,15.5800,0.000000
FILLER_0_728,VSS,Metal1,356.8860,15.5800,0.000000
FILLER_0_721,VSS,Metal1,353.5260,15.5800,0.000000
FILLER_0_714,VSS,Metal1,350.1660,15.5800,0.000000
FILLER_0_707,VSS,Metal1,346.8060,15.5800,0.000000
FILLER_0_700,VSS,Metal1,343.4460,15.5800,0.000000
FILLER_0_693,VSS,Metal1,340.0860,15.5800,0.000000
FILLER_0_686,VSS,Metal1,336.7260,15.5800,0.000000
FILLER_0_679,VSS,Metal1,333.3660,15.5800,0.000000
FILLER_0_672,VSS,Metal1,330.0060,15.5800,0.000000
FILLER_0_665,VSS,Metal1,326.6460,15.5800,0.000000
FILLER_0_658,VSS,Metal1,323.2860,15.5800,0.000000
FILLER_0_651,VSS,Metal1,319.9260,15.5800,0.000000
FILLER_0_644,VSS,Metal1,316.5660,15.5800,0.000000
FILLER_0_637,VSS,Metal1,313.2060,15.5800,0.000000
FILLER_0_630,VSS,Metal1,309.8460,15.5800,0.000000
FILLER_0_623,VSS,Metal1,306.4860,15.5800,0.000000
FILLER_0_616,VSS,Metal1,303.1260,15.5800,0.000000
FILLER_0_609,VSS,Metal1,299.7660,15.5800,0.000000
FILLER_0_602,VSS,Metal1,296.4060,15.5800,0.000000
FILLER_0_595,VSS,Metal1,293.0460,15.5800,0.000000
FILLER_0_588,VSS,Metal1,289.6860,15.5800,0.000000
FILLER_0_581,VSS,Metal1,286.3260,15.5800,0.000000
FILLER_0_574,VSS,Metal1,282.9660,15.5800,0.000000
FILLER_0_567,VSS,Metal1,279.6060,15.5800,0.000000
FILLER_0_560,VSS,Metal1,276.2460,15.5800,0.000000
FILLER_0_553,VSS,Metal1,272.8860,15.5800,0.000000
FILLER_0_546,VSS,Metal1,269.5260,15.5800,0.000000
FILLER_0_539,VSS,Metal1,266.1660,15.5800,0.000000
FILLER_0_532,VSS,Metal1,262.8060,15.5800,0.000000
FILLER_0_525,VSS,Metal1,259.4460,15.5800,0.000000
FILLER_0_518,VSS,Metal1,256.0860,15.5800,0.000000
FILLER_0_511,VSS,Metal1,252.7260,15.5800,0.000000
FILLER_0_504,VSS,Metal1,249.3660,15.5800,0.000000
FILLER_0_497,VSS,Metal1,246.0060,15.5800,0.000000
FILLER_0_490,VSS,Metal1,242.6460,15.5800,0.000000
FILLER_0_483,VSS,Metal1,239.2860,15.5800,0.000000
FILLER_0_476,VSS,Metal1,235.9260,15.5800,0.000000
FILLER_0_469,VSS,Metal1,232.5660,15.5800,0.000000
FILLER_0_462,VSS,Metal1,229.2060,15.5800,0.000000
FILLER_0_455,VSS,Metal1,225.8460,15.5800,0.000000
FILLER_0_448,VSS,Metal1,222.4860,15.5800,0.000000
FILLER_0_441,VSS,Metal1,219.1260,15.5800,0.000000
FILLER_0_434,VSS,Metal1,215.7660,15.5800,0.000000
FILLER_0_427,VSS,Metal1,212.4060,15.5800,0.000000
FILLER_0_420,VSS,Metal1,209.0460,15.5800,0.000000
FILLER_0_413,VSS,Metal1,205.6860,15.5800,0.000000
FILLER_0_406,VSS,Metal1,202.3260,15.5800,0.000000
FILLER_0_399,VSS,Metal1,198.9660,15.5800,0.000000
FILLER_0_392,VSS,Metal1,195.6060,15.5800,0.000000
FILLER_0_385,VSS,Metal1,192.2460,15.5800,0.000000
FILLER_0_378,VSS,Metal1,188.8860,15.5800,0.000000
FILLER_0_371,VSS,Metal1,185.5260,15.5800,0.000000
FILLER_0_364,VSS,Metal1,182.1660,15.5800,0.000000
FILLER_0_357,VSS,Metal1,178.8060,15.5800,0.000000
FILLER_0_350,VSS,Metal1,175.4460,15.5800,0.000000
FILLER_0_343,VSS,Metal1,172.0860,15.5800,0.000000
FILLER_0_336,VSS,Metal1,168.7260,15.5800,0.000000
FILLER_0_329,VSS,Metal1,165.3660,15.5800,0.000000
FILLER_0_322,VSS,Metal1,162.0060,15.5800,0.000000
FILLER_0_315,VSS,Metal1,158.6460,15.5800,0.000000
FILLER_0_308,VSS,Metal1,155.2860,15.5800,0.000000
FILLER_0_301,VSS,Metal1,151.9260,15.5800,0.000000
FILLER_0_294,VSS,Metal1,148.5660,15.5800,0.000000
FILLER_0_287,VSS,Metal1,145.2060,15.5800,0.000000
FILLER_0_280,VSS,Metal1,141.8460,15.5800,0.000000
FILLER_0_273,VSS,Metal1,138.4860,15.5800,0.000000
FILLER_0_266,VSS,Metal1,135.1260,15.5800,0.000000
FILLER_0_259,VSS,Metal1,131.7660,15.5800,0.000000
FILLER_0_252,VSS,Metal1,128.4060,15.5800,0.000000
FILLER_0_245,VSS,Metal1,125.0460,15.5800,0.000000
FILLER_0_238,VSS,Metal1,121.6860,15.5800,0.000000
FILLER_0_231,VSS,Metal1,118.3260,15.5800,0.000000
FILLER_0_224,VSS,Metal1,114.9660,15.5800,0.000000
FILLER_0_217,VSS,Metal1,111.6060,15.5800,0.000000
FILLER_0_210,VSS,Metal1,108.2460,15.5800,0.000000
FILLER_0_203,VSS,Metal1,104.8860,15.5800,0.000000
FILLER_0_196,VSS,Metal1,101.5260,15.5800,0.000000
FILLER_0_189,VSS,Metal1,98.1660,15.5800,0.000000
FILLER_0_182,VSS,Metal1,94.8060,15.5800,0.000000
FILLER_0_175,VSS,Metal1,91.4460,15.5800,0.000000
FILLER_0_168,VSS,Metal1,88.0860,15.5800,0.000000
FILLER_0_161,VSS,Metal1,84.7260,15.5800,0.000000
FILLER_0_154,VSS,Metal1,81.3660,15.5800,0.000000
FILLER_0_147,VSS,Metal1,78.0060,15.5800,0.000000
FILLER_0_140,VSS,Metal1,74.6460,15.5800,0.000000
FILLER_0_133,VSS,Metal1,71.2860,15.5800,0.000000
FILLER_0_126,VSS,Metal1,67.9260,15.5800,0.000000
FILLER_0_119,VSS,Metal1,64.5660,15.5800,0.000000
FILLER_0_112,VSS,Metal1,61.2060,15.5800,0.000000
FILLER_0_105,VSS,Metal1,57.8460,15.5800,0.000000
FILLER_0_98,VSS,Metal1,54.4860,15.5800,0.000000
FILLER_0_91,VSS,Metal1,51.1260,15.5800,0.000000
FILLER_0_84,VSS,Metal1,47.7660,15.5800,0.000000
FILLER_0_77,VSS,Metal1,44.4060,15.5800,0.000000
FILLER_0_70,VSS,Metal1,41.0460,15.5800,0.000000
FILLER_0_63,VSS,Metal1,37.6860,15.5800,0.000000
FILLER_0_56,VSS,Metal1,34.3260,15.5800,0.000000
FILLER_0_49,VSS,Metal1,30.9660,15.5800,0.000000
FILLER_0_42,VSS,Metal1,27.6060,15.5800,0.000000
FILLER_0_35,VSS,Metal1,24.2460,15.5800,0.000000
FILLER_0_28,VSS,Metal1,20.8860,15.5800,0.000000
FILLER_0_21,VSS,Metal1,17.5260,15.5800,0.000000
FILLER_0_14,VSS,Metal1,14.1660,15.5800,0.000000
FILLER_0_7,VSS,Metal1,10.8060,15.5800,0.000000
FILLER_0_0,VSS,Metal1,7.4460,15.5800,0.000000
hold57,VSS,Metal1,159.6410,173.6720,0.000066
hold56,VSS,Metal1,289.1580,174.0870,0.000324
hold55,VSS,Metal1,336.1980,181.2320,0.000128
hold54,VSS,Metal1,210.0410,166.5270,0.000021
hold53,VSS,Metal1,407.7180,181.2320,0.000109
hold52,VSS,Metal1,431.8010,181.2320,0.000156
hold51,VSS,Metal1,151.0010,174.0870,0.000067
hold50,VSS,Metal1,164.4410,173.6720,0.000059
hold49,VSS,Metal1,188.3580,174.0870,0.000134
hold48,VSS,Metal1,194.6810,174.0870,0.000171
hold47,VSS,Metal1,162.4380,181.2320,0.000049
hold46,VSS,Metal1,176.9210,174.0870,0.000042
hold45,VSS,Metal1,393.4010,173.6720,0.000061
hold44,VSS,Metal1,381.7980,174.0870,0.000118
hold43,VSS,Metal1,260.4410,173.6720,0.000230
hold42,VSS,Metal1,249.3180,174.0870,0.000128
hold41,VSS,Metal1,229.2410,173.6720,0.000225
hold40,VSS,Metal1,225.7980,166.5270,0.000034
hold39,VSS,Metal1,214.2780,166.5270,0.000033
hold38,VSS,Metal1,201.7980,181.2320,0.000182
hold37,VSS,Metal1,412.6010,174.0870,0.000195
hold36,VSS,Metal1,417.4010,174.0870,0.000195
hold35,VSS,Metal1,329.5610,181.2320,0.000077
hold34,VSS,Metal1,336.7610,173.6720,0.000038
hold33,VSS,Metal1,425.4780,174.0870,0.000217
hold32,VSS,Metal1,442.3610,166.5270,0.000054
hold31,VSS,Metal1,442.8410,173.6720,0.000405
hold30,VSS,Metal1,280.5180,181.2320,0.000086
hold29,VSS,Metal1,293.5610,174.0870,0.000558
hold28,VSS,Metal1,369.7980,181.2320,0.000205
hold27,VSS,Metal1,387.1610,181.2320,0.000122
hold26,VSS,Metal1,239.2380,181.2320,0.000095
hold25,VSS,Metal1,256.6010,181.2320,0.000049
clkbuf_2_3__f_clk,VSS,Metal1,396.7190,181.0500,0.000046
clkbuf_2_2__f_clk,VSS,Metal1,359.7590,181.0500,0.000223
clkbuf_2_1__f_clk,VSS,Metal1,222.9600,181.0500,0.000202
clkbuf_2_0__f_clk,VSS,Metal1,213.3600,173.4900,0.000237
clkbuf_0_clk,VSS,Metal1,305.0390,173.4900,0.000570
fanout24,VSS,Metal1,445.9550,173.6670,0.000405
fanout23,VSS,Metal1,432.9950,166.1070,0.000046
fanout22,VSS,Metal1,412.2850,166.5320,0.000041
fanout21,VSS,Metal1,420.5150,174.0920,0.000195
fanout20,VSS,Metal1,281.3150,174.0920,0.000275
fanout19,VSS,Metal1,213.6350,166.1070,0.000033
fanout18,VSS,Metal1,404.6750,181.2270,0.000080
fanout17,VSS,Metal1,426.7550,181.2270,0.000154
output16,VSS,Metal1,424.8350,181.2270,0.000150
output15,VSS,Metal1,378.6850,174.0920,0.000120
output14,VSS,Metal1,339.3950,181.2270,0.000159
output13,VSS,Metal1,292.3550,173.6670,0.000558
output12,VSS,Metal1,248.1950,173.6670,0.000128
output11,VSS,Metal1,198.6850,181.2270,0.000158
output10,VSS,Metal1,159.3950,181.2270,0.000060
output9,VSS,Metal1,115.7150,181.2270,0.000029
output8,VSS,Metal1,71.5550,181.2270,0.000007
output7,VSS,Metal1,513.1550,181.2270,0.000025
output6,VSS,Metal1,468.9950,181.2270,0.000050
output5,VSS,Metal1,27.3950,181.2270,0.000003
input4,VSS,Metal1,533.3150,98.4920,0.000003
input3,VSS,Metal1,405.5650,15.3320,0.000000
input2,VSS,Metal1,533.3150,37.5870,0.000004
input1,VSS,Metal1,533.3150,166.5320,0.000021
_121_,VSS,Metal1,151.7850,181.1470,0.000070
_120_,VSS,Metal1,150.8250,173.5870,0.000067
_119_,VSS,Metal1,434.0250,173.5870,0.000409
_118_,VSS,Metal1,416.2650,173.5870,0.000195
_117_,VSS,Metal1,397.5450,174.1720,0.000059
_116_,VSS,Metal1,364.4250,174.1720,0.000124
_115_,VSS,Metal1,306.8250,174.1720,0.000570
_114_,VSS,Metal1,264.5850,174.1720,0.000239
_113_,VSS,Metal1,232.9050,174.1720,0.000225
_112_,VSS,Metal1,217.0650,174.1720,0.000238
_111_,VSS,Metal1,195.4650,173.5870,0.000171
_110_,VSS,Metal1,178.1850,173.5870,0.000050
_109_,VSS,Metal1,166.6650,166.6120,0.000035
_108_,VSS,Metal1,251.6250,166.6120,0.000010
_107_,VSS,Metal1,446.5050,174.1720,0.000405
_106_,VSS,Metal1,440.2650,181.1470,0.000152
_105_,VSS,Metal1,416.2650,181.1470,0.000140
_104_,VSS,Metal1,378.3450,181.1470,0.000172
_103_,VSS,Metal1,333.7050,174.1720,0.000037
_102_,VSS,Metal1,289.0650,181.1470,0.000090
_101_,VSS,Metal1,247.7850,181.1470,0.000033
_100_,VSS,Metal1,210.6150,181.1470,0.000203
_099_,VSS,Metal1,190.9350,181.1470,0.000120
_098_,VSS,Metal1,170.9850,181.1470,0.000029
_097_,VSS,Metal1,240.1100,174.1270,0.000225
_096_,VSS,Metal1,208.6900,174.1270,0.000237
_095_,VSS,Metal1,186.8300,173.6320,0.000123
_094_,VSS,Metal1,168.3700,174.1270,0.000055
_093_,VSS,Metal1,148.2100,174.1270,0.000067
_092_,VSS,Metal1,147.7300,166.5670,0.000017
_091_,VSS,Metal1,429.2300,166.5670,0.000044
_090_,VSS,Metal1,410.5100,166.5670,0.000007
_089_,VSS,Metal1,390.3500,173.6320,0.000079
_088_,VSS,Metal1,359.6300,173.6320,0.000124
_087_,VSS,Metal1,302.7700,166.5670,0.000001
_086_,VSS,Metal1,257.3900,173.6320,0.000146
_085_,VSS,Metal1,225.7100,174.1270,0.000236
_084_,VSS,Metal1,209.8700,174.1270,0.000237
_083_,VSS,Metal1,188.2700,173.6320,0.000134
_082_,VSS,Metal1,173.8700,166.5670,0.000010
_081_,VSS,Metal1,161.8700,166.0720,0.000035
_080_,VSS,Metal1,246.8300,166.0720,0.000010
_079_,VSS,Metal1,433.0700,174.1270,0.000409
_078_,VSS,Metal1,434.5100,174.1270,0.000409
_077_,VSS,Metal1,422.2900,174.1270,0.000196
_076_,VSS,Metal1,377.1700,174.1270,0.000120
_075_,VSS,Metal1,326.5100,174.1270,0.000058
_074_,VSS,Metal1,284.6720,174.1490,0.000320
_073_,VSS,Metal1,328.8320,173.6100,0.000036
_072_,VSS,Metal1,373.9520,174.1490,0.000121
_071_,VSS,Metal1,407.9670,174.1490,0.000136
_070_,VSS,Metal1,430.0470,174.1490,0.000409
_069_,VSS,Metal1,437.7270,174.1490,0.000409
_068_,VSS,Metal1,242.8470,166.5890,0.000021
_067_,VSS,Metal1,157.8870,166.5890,0.000033
_066_,VSS,Metal1,168.9270,173.6100,0.000055
_065_,VSS,Metal1,185.2470,166.5890,0.000017
_064_,VSS,Metal1,205.4070,174.1490,0.000210
_063_,VSS,Metal1,224.6070,173.6100,0.000236
_062_,VSS,Metal1,255.8070,174.1490,0.000146
_061_,VSS,Metal1,298.0470,174.1490,0.000570
_060_,VSS,Metal1,355.6470,174.1490,0.000115
_059_,VSS,Metal1,388.7670,174.1490,0.000079
_058_,VSS,Metal1,407.4870,173.6100,0.000136
_057_,VSS,Metal1,425.2470,173.6100,0.000217
_056_,VSS,Metal1,430.5800,166.0300,0.000046
_055_,VSS,Metal1,153.1520,166.5890,0.000033
_054_,VSS,Metal1,155.5520,174.1490,0.000067
_053_,VSS,Metal1,165.1520,174.1490,0.000059
_052_,VSS,Metal1,183.8070,174.1490,0.000050
_051_,VSS,Metal1,204.4470,173.6100,0.000210
_050_,VSS,Metal1,243.3920,174.1490,0.000195
_049_,VSS,Metal1,279.4700,174.1270,0.000275
