
===========================================================================
report_checks -path_delay max (Setup)
============================================================================
======================= nom_typ_1p20V_25C Corner ===================================

Startpoint: done_in (input port clocked by clk)
Endpoint: _113_ (rising edge-triggered flip-flop clocked by clk)
Path Group: clk
Path Type: max

Fanout         Cap        Slew       Delay        Time   Description
---------------------------------------------------------------------------------------------
                                  0.000000    0.000000   clock clk (rise edge)
                                  0.000000    0.000000   clock network delay (propagated)
                                  4.000000    4.000000 v input external delay
     1    0.003235    0.017363    0.002371    4.002370 v done_in (in)
                                                         done_in (net)
                      0.017363    0.000000    4.002370 v input2/A (sg13g2_buf_1)
     2    0.028904    0.095088    0.123940    4.126310 v input2/X (sg13g2_buf_1)
                                                         net2 (net)
                      0.095294    0.003820    4.130131 v fanout23/A (sg13g2_buf_1)
     8    0.072145    0.227668    0.255822    4.385952 v fanout23/X (sg13g2_buf_1)
                                                         net23 (net)
                      0.227668    0.000298    4.386251 v _056_/A (sg13g2_nor2b_1)
     2    0.008828    0.119090    0.146375    4.532626 ^ _056_/Y (sg13g2_nor2b_1)
                                                         _048_ (net)
                      0.119090    0.000173    4.532799 ^ fanout17/A (sg13g2_buf_1)
     8    0.075114    0.309803    0.308750    4.841549 ^ fanout17/X (sg13g2_buf_1)
                                                         net17 (net)
                      0.310214    0.009786    4.851335 ^ _063_/S (sg13g2_mux2_1)
     1    0.001939    0.032877    0.233918    5.085253 v _063_/X (sg13g2_mux2_1)
                                                         _035_ (net)
                      0.032877    0.000013    5.085266 v hold41/A (sg13g2_dlygate4sd3_1)
     1    0.002197    0.034737    0.389548    5.474813 v hold41/X (sg13g2_dlygate4sd3_1)
                                                         net41 (net)
                      0.034737    0.000016    5.474830 v _113_/D (sg13g2_dfrbpq_1)
                                              5.474830   data arrival time

                                 20.000000   20.000000   clock clk (rise edge)
                                  0.000000   20.000000   clock source latency
     1    0.049876    0.064457    0.043762   20.043762 ^ clk (in)
                                                         clk (net)
                      0.066940    0.000000   20.043762 ^ clkbuf_0_clk/A (sg13g2_buf_16)
     4    0.080607    0.034407    0.089432   20.133196 ^ clkbuf_0_clk/X (sg13g2_buf_16)
                                                         clknet_0_clk (net)
                      0.034864    0.002824   20.136019 ^ clkbuf_2_1__f_clk/A (sg13g2_buf_16)
     6    0.025413    0.020925    0.065183   20.201202 ^ clkbuf_2_1__f_clk/X (sg13g2_buf_16)
                                                         clknet_2_1__leaf_clk (net)
                      0.020925    0.000128   20.201330 ^ _113_/CLK (sg13g2_dfrbpq_1)
                                 -0.250000   19.951332   clock uncertainty
                                  0.000000   19.951332   clock reconvergence pessimism
                                 -0.117698   19.833633   library setup time
                                             19.833633   data required time
---------------------------------------------------------------------------------------------
                                             19.833633   data required time
                                             -5.474830   data arrival time
---------------------------------------------------------------------------------------------
                                             14.358805   slack (MET)


Startpoint: done_in (input port clocked by clk)
Endpoint: _114_ (rising edge-triggered flip-flop clocked by clk)
Path Group: clk
Path Type: max

Fanout         Cap        Slew       Delay        Time   Description
---------------------------------------------------------------------------------------------
                                  0.000000    0.000000   clock clk (rise edge)
                                  0.000000    0.000000   clock network delay (propagated)
                                  4.000000    4.000000 v input external delay
     1    0.003235    0.017363    0.002371    4.002370 v done_in (in)
                                                         done_in (net)
                      0.017363    0.000000    4.002370 v input2/A (sg13g2_buf_1)
     2    0.028904    0.095088    0.123940    4.126310 v input2/X (sg13g2_buf_1)
                                                         net2 (net)
                      0.095294    0.003820    4.130131 v fanout23/A (sg13g2_buf_1)
     8    0.072145    0.227668    0.255822    4.385952 v fanout23/X (sg13g2_buf_1)
                                                         net23 (net)
                      0.227668    0.000298    4.386251 v _056_/A (sg13g2_nor2b_1)
     2    0.008828    0.119090    0.146375    4.532626 ^ _056_/Y (sg13g2_nor2b_1)
                                                         _048_ (net)
                      0.119090    0.000173    4.532799 ^ fanout17/A (sg13g2_buf_1)
     8    0.075114    0.309803    0.308750    4.841549 ^ fanout17/X (sg13g2_buf_1)
                                                         net17 (net)
                      0.310120    0.008614    4.850163 ^ _062_/S (sg13g2_mux2_1)
     1    0.002330    0.033522    0.235104    5.085268 v _062_/X (sg13g2_mux2_1)
                                                         _036_ (net)
                      0.033522    0.000022    5.085289 v hold43/A (sg13g2_dlygate4sd3_1)
     1    0.002154    0.034617    0.389766    5.475055 v hold43/X (sg13g2_dlygate4sd3_1)
                                                         net43 (net)
                      0.034617    0.000016    5.475071 v _114_/D (sg13g2_dfrbpq_1)
                                              5.475071   data arrival time

                                 20.000000   20.000000   clock clk (rise edge)
                                  0.000000   20.000000   clock source latency
     1    0.049876    0.064457    0.043762   20.043762 ^ clk (in)
                                                         clk (net)
                      0.066940    0.000000   20.043762 ^ clkbuf_0_clk/A (sg13g2_buf_16)
     4    0.080607    0.034407    0.089432   20.133196 ^ clkbuf_0_clk/X (sg13g2_buf_16)
                                                         clknet_0_clk (net)
                      0.034694    0.002069   20.135265 ^ clkbuf_2_2__f_clk/A (sg13g2_buf_16)
     6    0.027798    0.021457    0.065500   20.200764 ^ clkbuf_2_2__f_clk/X (sg13g2_buf_16)
                                                         clknet_2_2__leaf_clk (net)
                      0.021468    0.000943   20.201708 ^ _114_/CLK (sg13g2_dfrbpq_1)
                                 -0.250000   19.951708   clock uncertainty
                                  0.000000   19.951708   clock reconvergence pessimism
                                 -0.117516   19.834192   library setup time
                                             19.834192   data required time
---------------------------------------------------------------------------------------------
                                             19.834192   data required time
                                             -5.475071   data arrival time
---------------------------------------------------------------------------------------------
                                             14.359120   slack (MET)


Startpoint: done_in (input port clocked by clk)
Endpoint: _117_ (rising edge-triggered flip-flop clocked by clk)
Path Group: clk
Path Type: max

Fanout         Cap        Slew       Delay        Time   Description
---------------------------------------------------------------------------------------------
                                  0.000000    0.000000   clock clk (rise edge)
                                  0.000000    0.000000   clock network delay (propagated)
                                  4.000000    4.000000 v input external delay
     1    0.003235    0.017363    0.002371    4.002370 v done_in (in)
                                                         done_in (net)
                      0.017363    0.000000    4.002370 v input2/A (sg13g2_buf_1)
     2    0.028904    0.095088    0.123940    4.126310 v input2/X (sg13g2_buf_1)
                                                         net2 (net)
                      0.095294    0.003820    4.130131 v fanout23/A (sg13g2_buf_1)
     8    0.072145    0.227668    0.255822    4.385952 v fanout23/X (sg13g2_buf_1)
                                                         net23 (net)
                      0.227668    0.000298    4.386251 v _056_/A (sg13g2_nor2b_1)
     2    0.008828    0.119090    0.146375    4.532626 ^ _056_/Y (sg13g2_nor2b_1)
                                                         _048_ (net)
                      0.119090    0.000232    4.532858 ^ fanout18/A (sg13g2_buf_1)
     4    0.034613    0.146843    0.195583    4.728440 ^ fanout18/X (sg13g2_buf_1)
                                                         net18 (net)
                      0.146894    0.000594    4.729034 ^ _059_/S (sg13g2_mux2_1)
     1    0.002330    0.033880    0.199213    4.928247 v _059_/X (sg13g2_mux2_1)
                                                         _039_ (net)
                      0.033880    0.000022    4.928269 v hold45/A (sg13g2_dlygate4sd3_1)
     1    0.002154    0.034617    0.389973    5.318243 v hold45/X (sg13g2_dlygate4sd3_1)
                                                         net45 (net)
                      0.034617    0.000016    5.318258 v _117_/D (sg13g2_dfrbpq_1)
                                              5.318258   data arrival time

                                 20.000000   20.000000   clock clk (rise edge)
                                  0.000000   20.000000   clock source latency
     1    0.049876    0.064457    0.043762   20.043762 ^ clk (in)
                                                         clk (net)
                      0.066940    0.000000   20.043762 ^ clkbuf_0_clk/A (sg13g2_buf_16)
     4    0.080607    0.034407    0.089432   20.133196 ^ clkbuf_0_clk/X (sg13g2_buf_16)
                                                         clknet_0_clk (net)
                      0.034791    0.002519   20.135714 ^ clkbuf_2_3__f_clk/A (sg13g2_buf_16)
     6    0.022856    0.020339    0.064654   20.200369 ^ clkbuf_2_3__f_clk/X (sg13g2_buf_16)
                                                         clknet_2_3__leaf_clk (net)
                      0.020339    0.000060   20.200428 ^ _117_/CLK (sg13g2_dfrbpq_1)
                                 -0.250000   19.950430   clock uncertainty
                                  0.000000   19.950430   clock reconvergence pessimism
                                 -0.117804   19.832624   library setup time
                                             19.832624   data required time
---------------------------------------------------------------------------------------------
                                             19.832624   data required time
                                             -5.318258   data arrival time
---------------------------------------------------------------------------------------------
                                             14.514367   slack (MET)


Startpoint: done_in (input port clocked by clk)
Endpoint: _111_ (rising edge-triggered flip-flop clocked by clk)
Path Group: clk
Path Type: max

Fanout         Cap        Slew       Delay        Time   Description
---------------------------------------------------------------------------------------------
                                  0.000000    0.000000   clock clk (rise edge)
                                  0.000000    0.000000   clock network delay (propagated)
                                  4.000000    4.000000 v input external delay
     1    0.003235    0.017363    0.002371    4.002370 v done_in (in)
                                                         done_in (net)
                      0.017363    0.000000    4.002370 v input2/A (sg13g2_buf_1)
     2    0.028904    0.095088    0.123940    4.126310 v input2/X (sg13g2_buf_1)
                                                         net2 (net)
                      0.095294    0.003820    4.130131 v fanout23/A (sg13g2_buf_1)
     8    0.072145    0.227668    0.255822    4.385952 v fanout23/X (sg13g2_buf_1)
                                                         net23 (net)
                      0.227668    0.000298    4.386251 v _056_/A (sg13g2_nor2b_1)
     2    0.008828    0.119090    0.146375    4.532626 ^ _056_/Y (sg13g2_nor2b_1)
                                                         _048_ (net)
                      0.119090    0.000173    4.532799 ^ fanout17/A (sg13g2_buf_1)
     8    0.075114    0.309803    0.308750    4.841549 ^ fanout17/X (sg13g2_buf_1)
                                                         net17 (net)
                      0.310289    0.010614    4.852163 ^ _065_/S (sg13g2_mux2_1)
     1    0.002459    0.034435    0.235539    5.087702 v _065_/X (sg13g2_mux2_1)
                                                         _033_ (net)
                      0.034435    0.000023    5.087725 v _111_/D (sg13g2_dfrbpq_1)
                                              5.087725   data arrival time

                                 20.000000   20.000000   clock clk (rise edge)
                                  0.000000   20.000000   clock source latency
     1    0.049876    0.064457    0.043762   20.043762 ^ clk (in)
                                                         clk (net)
                      0.066940    0.000000   20.043762 ^ clkbuf_0_clk/A (sg13g2_buf_16)
     4    0.080607    0.034407    0.089432   20.133196 ^ clkbuf_0_clk/X (sg13g2_buf_16)
                                                         clknet_0_clk (net)
                      0.034924    0.003059   20.136253 ^ clkbuf_2_0__f_clk/A (sg13g2_buf_16)
     6    0.026689    0.021216    0.065452   20.201706 ^ clkbuf_2_0__f_clk/X (sg13g2_buf_16)
                                                         clknet_2_0__leaf_clk (net)
                      0.021217    0.000243   20.201950 ^ _111_/CLK (sg13g2_dfrbpq_1)
                                 -0.250000   19.951950   clock uncertainty
                                  0.000000   19.951950   clock reconvergence pessimism
                                 -0.117514   19.834435   library setup time
                                             19.834435   data required time
---------------------------------------------------------------------------------------------
                                             19.834435   data required time
                                             -5.087725   data arrival time
---------------------------------------------------------------------------------------------
                                             14.746710   slack (MET)


Startpoint: done_in (input port clocked by clk)
Endpoint: _100_ (rising edge-triggered flip-flop clocked by clk)
Path Group: clk
Path Type: max

Fanout         Cap        Slew       Delay        Time   Description
---------------------------------------------------------------------------------------------
                                  0.000000    0.000000   clock clk (rise edge)
                                  0.000000    0.000000   clock network delay (propagated)
                                  4.000000    4.000000 ^ input external delay
     1    0.003274    0.020481    0.002821    4.002821 ^ done_in (in)
                                                         done_in (net)
                      0.020481    0.000000    4.002821 ^ input2/A (sg13g2_buf_1)
     2    0.028982    0.124029    0.136668    4.139489 ^ input2/X (sg13g2_buf_1)
                                                         net2 (net)
                      0.124192    0.003843    4.143332 ^ fanout23/A (sg13g2_buf_1)
     8    0.072744    0.300393    0.302822    4.446154 ^ fanout23/X (sg13g2_buf_1)
                                                         net23 (net)
                      0.300905    0.010736    4.456890 ^ _051_/S (sg13g2_mux2_1)
     1    0.002576    0.034007    0.233964    4.690854 v _051_/X (sg13g2_mux2_1)
                                                         _046_ (net)
                      0.034007    0.000028    4.690882 v hold39/A (sg13g2_dlygate4sd3_1)
     1    0.003149    0.037364    0.393684    5.084566 v hold39/X (sg13g2_dlygate4sd3_1)
                                                         net39 (net)
                      0.037364    0.000044    5.084610 v _100_/D (sg13g2_dfrbpq_1)
                                              5.084610   data arrival time

                                 20.000000   20.000000   clock clk (rise edge)
                                  0.000000   20.000000   clock source latency
     1    0.049876    0.064457    0.043762   20.043762 ^ clk (in)
                                                         clk (net)
                      0.066940    0.000000   20.043762 ^ clkbuf_0_clk/A (sg13g2_buf_16)
     4    0.080607    0.034407    0.089432   20.133196 ^ clkbuf_0_clk/X (sg13g2_buf_16)
                                                         clknet_0_clk (net)
                      0.034864    0.002824   20.136019 ^ clkbuf_2_1__f_clk/A (sg13g2_buf_16)
     6    0.025413    0.020925    0.065183   20.201202 ^ clkbuf_2_1__f_clk/X (sg13g2_buf_16)
                                                         clknet_2_1__leaf_clk (net)
                      0.020926    0.000192   20.201395 ^ _100_/CLK (sg13g2_dfrbpq_1)
                                 -0.250000   19.951395   clock uncertainty
                                  0.000000   19.951395   clock reconvergence pessimism
                                 -0.118644   19.832752   library setup time
                                             19.832752   data required time
---------------------------------------------------------------------------------------------
                                             19.832752   data required time
                                             -5.084610   data arrival time
---------------------------------------------------------------------------------------------
                                             14.748142   slack (MET)


Startpoint: done_in (input port clocked by clk)
Endpoint: _112_ (rising edge-triggered flip-flop clocked by clk)
Path Group: clk
Path Type: max

Fanout         Cap        Slew       Delay        Time   Description
---------------------------------------------------------------------------------------------
                                  0.000000    0.000000   clock clk (rise edge)
                                  0.000000    0.000000   clock network delay (propagated)
                                  4.000000    4.000000 v input external delay
     1    0.003235    0.017363    0.002371    4.002370 v done_in (in)
                                                         done_in (net)
                      0.017363    0.000000    4.002370 v input2/A (sg13g2_buf_1)
     2    0.028904    0.095088    0.123940    4.126310 v input2/X (sg13g2_buf_1)
                                                         net2 (net)
                      0.095294    0.003820    4.130131 v fanout23/A (sg13g2_buf_1)
     8    0.072145    0.227668    0.255822    4.385952 v fanout23/X (sg13g2_buf_1)
                                                         net23 (net)
                      0.227668    0.000298    4.386251 v _056_/A (sg13g2_nor2b_1)
     2    0.008828    0.119090    0.146375    4.532626 ^ _056_/Y (sg13g2_nor2b_1)
                                                         _048_ (net)
                      0.119090    0.000173    4.532799 ^ fanout17/A (sg13g2_buf_1)
     8    0.075114    0.309803    0.308750    4.841549 ^ fanout17/X (sg13g2_buf_1)
                                                         net17 (net)
                      0.310256    0.010261    4.851810 ^ _064_/S (sg13g2_mux2_1)
     1    0.002145    0.033628    0.234561    5.086371 v _064_/X (sg13g2_mux2_1)
                                                         _034_ (net)
                      0.033628    0.000015    5.086386 v _112_/D (sg13g2_dfrbpq_1)
                                              5.086386   data arrival time

                                 20.000000   20.000000   clock clk (rise edge)
                                  0.000000   20.000000   clock source latency
     1    0.049876    0.064457    0.043762   20.043762 ^ clk (in)
                                                         clk (net)
                      0.066940    0.000000   20.043762 ^ clkbuf_0_clk/A (sg13g2_buf_16)
     4    0.080607    0.034407    0.089432   20.133196 ^ clkbuf_0_clk/X (sg13g2_buf_16)
                                                         clknet_0_clk (net)
                      0.034924    0.003059   20.136253 ^ clkbuf_2_0__f_clk/A (sg13g2_buf_16)
     6    0.026689    0.021216    0.065452   20.201706 ^ clkbuf_2_0__f_clk/X (sg13g2_buf_16)
                                                         clknet_2_0__leaf_clk (net)
                      0.021217    0.000101   20.201807 ^ _112_/CLK (sg13g2_dfrbpq_1)
                                 -0.250000   19.951807   clock uncertainty
                                  0.000000   19.951807   clock reconvergence pessimism
                                 -0.117224   19.834585   library setup time
                                             19.834585   data required time
---------------------------------------------------------------------------------------------
                                             19.834585   data required time
                                             -5.086386   data arrival time
---------------------------------------------------------------------------------------------
                                             14.748199   slack (MET)


Startpoint: done_in (input port clocked by clk)
Endpoint: _109_ (rising edge-triggered flip-flop clocked by clk)
Path Group: clk
Path Type: max

Fanout         Cap        Slew       Delay        Time   Description
---------------------------------------------------------------------------------------------
                                  0.000000    0.000000   clock clk (rise edge)
                                  0.000000    0.000000   clock network delay (propagated)
                                  4.000000    4.000000 v input external delay
     1    0.003235    0.017363    0.002371    4.002370 v done_in (in)
                                                         done_in (net)
                      0.017363    0.000000    4.002370 v input2/A (sg13g2_buf_1)
     2    0.028904    0.095088    0.123940    4.126310 v input2/X (sg13g2_buf_1)
                                                         net2 (net)
                      0.095294    0.003820    4.130131 v fanout23/A (sg13g2_buf_1)
     8    0.072145    0.227668    0.255822    4.385952 v fanout23/X (sg13g2_buf_1)
                                                         net23 (net)
                      0.227668    0.000298    4.386251 v _056_/A (sg13g2_nor2b_1)
     2    0.008828    0.119090    0.146375    4.532626 ^ _056_/Y (sg13g2_nor2b_1)
                                                         _048_ (net)
                      0.119090    0.000173    4.532799 ^ fanout17/A (sg13g2_buf_1)
     8    0.075114    0.309803    0.308750    4.841549 ^ fanout17/X (sg13g2_buf_1)
                                                         net17 (net)
                      0.310312    0.010853    4.852402 ^ _067_/S (sg13g2_mux2_1)
     1    0.001887    0.033396    0.233777    5.086178 v _067_/X (sg13g2_mux2_1)
                                                         _031_ (net)
                      0.033396    0.000009    5.086188 v _109_/D (sg13g2_dfrbpq_1)
                                              5.086188   data arrival time

                                 20.000000   20.000000   clock clk (rise edge)
                                  0.000000   20.000000   clock source latency
     1    0.049876    0.064457    0.043762   20.043762 ^ clk (in)
                                                         clk (net)
                      0.066940    0.000000   20.043762 ^ clkbuf_0_clk/A (sg13g2_buf_16)
     4    0.080607    0.034407    0.089432   20.133196 ^ clkbuf_0_clk/X (sg13g2_buf_16)
                                                         clknet_0_clk (net)
                      0.034924    0.003059   20.136253 ^ clkbuf_2_0__f_clk/A (sg13g2_buf_16)
     6    0.026689    0.021216    0.065452   20.201706 ^ clkbuf_2_0__f_clk/X (sg13g2_buf_16)
                                                         clknet_2_0__leaf_clk (net)
                      0.021219    0.000464   20.202169 ^ _109_/CLK (sg13g2_dfrbpq_1)
                                 -0.250000   19.952169   clock uncertainty
                                  0.000000   19.952169   clock reconvergence pessimism
                                 -0.117140   19.835030   library setup time
                                             19.835030   data required time
---------------------------------------------------------------------------------------------
                                             19.835030   data required time
                                             -5.086188   data arrival time
---------------------------------------------------------------------------------------------
                                             14.748842   slack (MET)


Startpoint: done_in (input port clocked by clk)
Endpoint: _110_ (rising edge-triggered flip-flop clocked by clk)
Path Group: clk
Path Type: max

Fanout         Cap        Slew       Delay        Time   Description
---------------------------------------------------------------------------------------------
                                  0.000000    0.000000   clock clk (rise edge)
                                  0.000000    0.000000   clock network delay (propagated)
                                  4.000000    4.000000 v input external delay
     1    0.003235    0.017363    0.002371    4.002370 v done_in (in)
                                                         done_in (net)
                      0.017363    0.000000    4.002370 v input2/A (sg13g2_buf_1)
     2    0.028904    0.095088    0.123940    4.126310 v input2/X (sg13g2_buf_1)
                                                         net2 (net)
                      0.095294    0.003820    4.130131 v fanout23/A (sg13g2_buf_1)
     8    0.072145    0.227668    0.255822    4.385952 v fanout23/X (sg13g2_buf_1)
                                                         net23 (net)
                      0.227668    0.000298    4.386251 v _056_/A (sg13g2_nor2b_1)
     2    0.008828    0.119090    0.146375    4.532626 ^ _056_/Y (sg13g2_nor2b_1)
                                                         _048_ (net)
                      0.119090    0.000173    4.532799 ^ fanout17/A (sg13g2_buf_1)
     8    0.075114    0.309803    0.308750    4.841549 ^ fanout17/X (sg13g2_buf_1)
                                                         net17 (net)
                      0.310303    0.010764    4.852314 ^ _066_/S (sg13g2_mux2_1)
     1    0.001930    0.033020    0.233908    5.086221 v _066_/X (sg13g2_mux2_1)
                                                         _032_ (net)
                      0.033020    0.000010    5.086232 v _110_/D (sg13g2_dfrbpq_1)
                                              5.086232   data arrival time

                                 20.000000   20.000000   clock clk (rise edge)
                                  0.000000   20.000000   clock source latency
     1    0.049876    0.064457    0.043762   20.043762 ^ clk (in)
                                                         clk (net)
                      0.066940    0.000000   20.043762 ^ clkbuf_0_clk/A (sg13g2_buf_16)
     4    0.080607    0.034407    0.089432   20.133196 ^ clkbuf_0_clk/X (sg13g2_buf_16)
                                                         clknet_0_clk (net)
                      0.034924    0.003059   20.136253 ^ clkbuf_2_0__f_clk/A (sg13g2_buf_16)
     6    0.026689    0.021216    0.065452   20.201706 ^ clkbuf_2_0__f_clk/X (sg13g2_buf_16)
                                                         clknet_2_0__leaf_clk (net)
                      0.021218    0.000387   20.202093 ^ _110_/CLK (sg13g2_dfrbpq_1)
                                 -0.250000   19.952093   clock uncertainty
                                  0.000000   19.952093   clock reconvergence pessimism
                                 -0.117004   19.835089   library setup time
                                             19.835089   data required time
---------------------------------------------------------------------------------------------
                                             19.835089   data required time
                                             -5.086232   data arrival time
---------------------------------------------------------------------------------------------
                                             14.748857   slack (MET)


Startpoint: done_in (input port clocked by clk)
Endpoint: _108_ (rising edge-triggered flip-flop clocked by clk)
Path Group: clk
Path Type: max

Fanout         Cap        Slew       Delay        Time   Description
---------------------------------------------------------------------------------------------
                                  0.000000    0.000000   clock clk (rise edge)
                                  0.000000    0.000000   clock network delay (propagated)
                                  4.000000    4.000000 v input external delay
     1    0.003235    0.017363    0.002371    4.002370 v done_in (in)
                                                         done_in (net)
                      0.017363    0.000000    4.002370 v input2/A (sg13g2_buf_1)
     2    0.028904    0.095088    0.123940    4.126310 v input2/X (sg13g2_buf_1)
                                                         net2 (net)
                      0.095294    0.003820    4.130131 v fanout23/A (sg13g2_buf_1)
     8    0.072145    0.227668    0.255822    4.385952 v fanout23/X (sg13g2_buf_1)
                                                         net23 (net)
                      0.227668    0.000298    4.386251 v _056_/A (sg13g2_nor2b_1)
     2    0.008828    0.119090    0.146375    4.532626 ^ _056_/Y (sg13g2_nor2b_1)
                                                         _048_ (net)
                      0.119090    0.000173    4.532799 ^ fanout17/A (sg13g2_buf_1)
     8    0.075114    0.309803    0.308750    4.841549 ^ fanout17/X (sg13g2_buf_1)
                                                         net17 (net)
                      0.310172    0.009277    4.850826 ^ _068_/S (sg13g2_mux2_1)
     1    0.001887    0.033727    0.233748    5.084574 v _068_/X (sg13g2_mux2_1)
                                                         _030_ (net)
                      0.033727    0.000009    5.084583 v _108_/D (sg13g2_dfrbpq_1)
                                              5.084583   data arrival time

                                 20.000000   20.000000   clock clk (rise edge)
                                  0.000000   20.000000   clock source latency
     1    0.049876    0.064457    0.043762   20.043762 ^ clk (in)
                                                         clk (net)
                      0.066940    0.000000   20.043762 ^ clkbuf_0_clk/A (sg13g2_buf_16)
     4    0.080607    0.034407    0.089432   20.133196 ^ clkbuf_0_clk/X (sg13g2_buf_16)
                                                         clknet_0_clk (net)
                      0.034924    0.003059   20.136253 ^ clkbuf_2_0__f_clk/A (sg13g2_buf_16)
     6    0.026689    0.021216    0.065452   20.201706 ^ clkbuf_2_0__f_clk/X (sg13g2_buf_16)
                                                         clknet_2_0__leaf_clk (net)
                      0.021217    0.000218   20.201923 ^ _108_/CLK (sg13g2_dfrbpq_1)
                                 -0.250000   19.951925   clock uncertainty
                                  0.000000   19.951925   clock reconvergence pessimism
                                 -0.117259   19.834665   library setup time
                                             19.834665   data required time
---------------------------------------------------------------------------------------------
                                             19.834665   data required time
                                             -5.084583   data arrival time
---------------------------------------------------------------------------------------------
                                             14.750082   slack (MET)


Startpoint: done_in (input port clocked by clk)
Endpoint: _099_ (rising edge-triggered flip-flop clocked by clk)
Path Group: clk
Path Type: max

Fanout         Cap        Slew       Delay        Time   Description
---------------------------------------------------------------------------------------------
                                  0.000000    0.000000   clock clk (rise edge)
                                  0.000000    0.000000   clock network delay (propagated)
                                  4.000000    4.000000 ^ input external delay
     1    0.003274    0.020481    0.002821    4.002821 ^ done_in (in)
                                                         done_in (net)
                      0.020481    0.000000    4.002821 ^ input2/A (sg13g2_buf_1)
     2    0.028982    0.124029    0.136668    4.139489 ^ input2/X (sg13g2_buf_1)
                                                         net2 (net)
                      0.124192    0.003843    4.143332 ^ fanout23/A (sg13g2_buf_1)
     8    0.072744    0.300393    0.302822    4.446154 ^ fanout23/X (sg13g2_buf_1)
                                                         net23 (net)
                      0.300948    0.011164    4.457318 ^ _052_/S (sg13g2_mux2_1)
     1    0.001660    0.032385    0.231144    4.688462 v _052_/X (sg13g2_mux2_1)
                                                         _045_ (net)
                      0.032385    0.000008    4.688470 v hold49/A (sg13g2_dlygate4sd3_1)
     1    0.002862    0.036578    0.391694    5.080164 v hold49/X (sg13g2_dlygate4sd3_1)
                                                         net49 (net)
                      0.036578    0.000033    5.080197 v _099_/D (sg13g2_dfrbpq_1)
                                              5.080197   data arrival time

                                 20.000000   20.000000   clock clk (rise edge)
                                  0.000000   20.000000   clock source latency
     1    0.049876    0.064457    0.043762   20.043762 ^ clk (in)
                                                         clk (net)
                      0.066940    0.000000   20.043762 ^ clkbuf_0_clk/A (sg13g2_buf_16)
     4    0.080607    0.034407    0.089432   20.133196 ^ clkbuf_0_clk/X (sg13g2_buf_16)
                                                         clknet_0_clk (net)
                      0.034864    0.002824   20.136019 ^ clkbuf_2_1__f_clk/A (sg13g2_buf_16)
     6    0.025413    0.020925    0.065183   20.201202 ^ clkbuf_2_1__f_clk/X (sg13g2_buf_16)
                                                         clknet_2_1__leaf_clk (net)
                      0.020927    0.000364   20.201567 ^ _099_/CLK (sg13g2_dfrbpq_1)
                                 -0.250000   19.951569   clock uncertainty
                                  0.000000   19.951569   clock reconvergence pessimism
                                 -0.118361   19.833208   library setup time
                                             19.833208   data required time
---------------------------------------------------------------------------------------------
                                             19.833208   data required time
                                             -5.080197   data arrival time
---------------------------------------------------------------------------------------------
                                             14.753011   slack (MET)


Startpoint: done_in (input port clocked by clk)
Endpoint: _121_ (rising edge-triggered flip-flop clocked by clk)
Path Group: clk
Path Type: max

Fanout         Cap        Slew       Delay        Time   Description
---------------------------------------------------------------------------------------------
                                  0.000000    0.000000   clock clk (rise edge)
                                  0.000000    0.000000   clock network delay (propagated)
                                  4.000000    4.000000 ^ input external delay
     1    0.003274    0.020481    0.002821    4.002821 ^ done_in (in)
                                                         done_in (net)
                      0.020481    0.000000    4.002821 ^ input2/A (sg13g2_buf_1)
     2    0.028982    0.124029    0.136668    4.139489 ^ input2/X (sg13g2_buf_1)
                                                         net2 (net)
                      0.124192    0.003843    4.143332 ^ fanout23/A (sg13g2_buf_1)
     8    0.072744    0.300393    0.302822    4.446154 ^ fanout23/X (sg13g2_buf_1)
                                                         net23 (net)
                      0.300985    0.011513    4.457667 ^ _054_/S (sg13g2_mux2_1)
     1    0.001660    0.032323    0.231152    4.688818 v _054_/X (sg13g2_mux2_1)
                                                         _043_ (net)
                      0.032323    0.000008    4.688827 v hold51/A (sg13g2_dlygate4sd3_1)
     1    0.002561    0.035750    0.390558    5.079385 v hold51/X (sg13g2_dlygate4sd3_1)
                                                         net51 (net)
                      0.035750    0.000025    5.079410 v _121_/D (sg13g2_dfrbpq_1)
                                              5.079410   data arrival time

                                 20.000000   20.000000   clock clk (rise edge)
                                  0.000000   20.000000   clock source latency
     1    0.049876    0.064457    0.043762   20.043762 ^ clk (in)
                                                         clk (net)
                      0.066940    0.000000   20.043762 ^ clkbuf_0_clk/A (sg13g2_buf_16)
     4    0.080607    0.034407    0.089432   20.133196 ^ clkbuf_0_clk/X (sg13g2_buf_16)
                                                         clknet_0_clk (net)
                      0.034864    0.002824   20.136019 ^ clkbuf_2_1__f_clk/A (sg13g2_buf_16)
     6    0.025413    0.020925    0.065183   20.201202 ^ clkbuf_2_1__f_clk/X (sg13g2_buf_16)
                                                         clknet_2_1__leaf_clk (net)
                      0.020928    0.000522   20.201725 ^ _121_/CLK (sg13g2_dfrbpq_1)
                                 -0.250000   19.951727   clock uncertainty
                                  0.000000   19.951727   clock reconvergence pessimism
                                 -0.118062   19.833664   library setup time
                                             19.833664   data required time
---------------------------------------------------------------------------------------------
                                             19.833664   data required time
                                             -5.079410   data arrival time
---------------------------------------------------------------------------------------------
                                             14.754254   slack (MET)


Startpoint: done_in (input port clocked by clk)
Endpoint: _098_ (rising edge-triggered flip-flop clocked by clk)
Path Group: clk
Path Type: max

Fanout         Cap        Slew       Delay        Time   Description
---------------------------------------------------------------------------------------------
                                  0.000000    0.000000   clock clk (rise edge)
                                  0.000000    0.000000   clock network delay (propagated)
                                  4.000000    4.000000 ^ input external delay
     1    0.003274    0.020481    0.002821    4.002821 ^ done_in (in)
                                                         done_in (net)
                      0.020481    0.000000    4.002821 ^ input2/A (sg13g2_buf_1)
     2    0.028982    0.124029    0.136668    4.139489 ^ input2/X (sg13g2_buf_1)
                                                         net2 (net)
                      0.124192    0.003843    4.143332 ^ fanout23/A (sg13g2_buf_1)
     8    0.072744    0.300393    0.302822    4.446154 ^ fanout23/X (sg13g2_buf_1)
                                                         net23 (net)
                      0.300974    0.011413    4.457567 ^ _053_/S (sg13g2_mux2_1)
     1    0.002211    0.033811    0.232851    4.690417 v _053_/X (sg13g2_mux2_1)
                                                         _044_ (net)
                      0.033811    0.000020    4.690437 v hold47/A (sg13g2_dlygate4sd3_1)
     1    0.001899    0.033909    0.389002    5.079439 v hold47/X (sg13g2_dlygate4sd3_1)
                                                         net47 (net)
                      0.033909    0.000010    5.079449 v _098_/D (sg13g2_dfrbpq_1)
                                              5.079449   data arrival time

                                 20.000000   20.000000   clock clk (rise edge)
                                  0.000000   20.000000   clock source latency
     1    0.049876    0.064457    0.043762   20.043762 ^ clk (in)
                                                         clk (net)
                      0.066940    0.000000   20.043762 ^ clkbuf_0_clk/A (sg13g2_buf_16)
     4    0.080607    0.034407    0.089432   20.133196 ^ clkbuf_0_clk/X (sg13g2_buf_16)
                                                         clknet_0_clk (net)
                      0.034864    0.002824   20.136019 ^ clkbuf_2_1__f_clk/A (sg13g2_buf_16)
     6    0.025413    0.020925    0.065183   20.201202 ^ clkbuf_2_1__f_clk/X (sg13g2_buf_16)
                                                         clknet_2_1__leaf_clk (net)
                      0.020928    0.000473   20.201675 ^ _098_/CLK (sg13g2_dfrbpq_1)
                                 -0.250000   19.951677   clock uncertainty
                                  0.000000   19.951677   clock reconvergence pessimism
                                 -0.117399   19.834276   library setup time
                                             19.834276   data required time
---------------------------------------------------------------------------------------------
                                             19.834276   data required time
                                             -5.079449   data arrival time
---------------------------------------------------------------------------------------------
                                             14.754828   slack (MET)


Startpoint: done_in (input port clocked by clk)
Endpoint: _101_ (rising edge-triggered flip-flop clocked by clk)
Path Group: clk
Path Type: max

Fanout         Cap        Slew       Delay        Time   Description
---------------------------------------------------------------------------------------------
                                  0.000000    0.000000   clock clk (rise edge)
                                  0.000000    0.000000   clock network delay (propagated)
                                  4.000000    4.000000 ^ input external delay
     1    0.003274    0.020481    0.002821    4.002821 ^ done_in (in)
                                                         done_in (net)
                      0.020481    0.000000    4.002821 ^ input2/A (sg13g2_buf_1)
     2    0.028982    0.124029    0.136668    4.139489 ^ input2/X (sg13g2_buf_1)
                                                         net2 (net)
                      0.124192    0.003843    4.143332 ^ fanout23/A (sg13g2_buf_1)
     8    0.072744    0.300393    0.302822    4.446154 ^ fanout23/X (sg13g2_buf_1)
                                                         net23 (net)
                      0.300791    0.009500    4.455654 ^ _050_/S (sg13g2_mux2_1)
     1    0.002340    0.033573    0.233211    4.688865 v _050_/X (sg13g2_mux2_1)
                                                         _047_ (net)
                      0.033573    0.000022    4.688887 v hold26/A (sg13g2_dlygate4sd3_1)
     1    0.001899    0.033909    0.388863    5.077750 v hold26/X (sg13g2_dlygate4sd3_1)
                                                         net26 (net)
                      0.033909    0.000010    5.077760 v _101_/D (sg13g2_dfrbpq_1)
                                              5.077760   data arrival time

                                 20.000000   20.000000   clock clk (rise edge)
                                  0.000000   20.000000   clock source latency
     1    0.049876    0.064457    0.043762   20.043762 ^ clk (in)
                                                         clk (net)
                      0.066940    0.000000   20.043762 ^ clkbuf_0_clk/A (sg13g2_buf_16)
     4    0.080607    0.034407    0.089432   20.133196 ^ clkbuf_0_clk/X (sg13g2_buf_16)
                                                         clknet_0_clk (net)
                      0.034864    0.002824   20.136019 ^ clkbuf_2_1__f_clk/A (sg13g2_buf_16)
     6    0.025413    0.020925    0.065183   20.201202 ^ clkbuf_2_1__f_clk/X (sg13g2_buf_16)
                                                         clknet_2_1__leaf_clk (net)
                      0.020925    0.000153   20.201355 ^ _101_/CLK (sg13g2_dfrbpq_1)
                                 -0.250000   19.951357   clock uncertainty
                                  0.000000   19.951357   clock reconvergence pessimism
                                 -0.117399   19.833958   library setup time
                                             19.833958   data required time
---------------------------------------------------------------------------------------------
                                             19.833958   data required time
                                             -5.077760   data arrival time
---------------------------------------------------------------------------------------------
                                             14.756197   slack (MET)


Startpoint: done_in (input port clocked by clk)
Endpoint: _119_ (rising edge-triggered flip-flop clocked by clk)
Path Group: clk
Path Type: max

Fanout         Cap        Slew       Delay        Time   Description
---------------------------------------------------------------------------------------------
                                  0.000000    0.000000   clock clk (rise edge)
                                  0.000000    0.000000   clock network delay (propagated)
                                  4.000000    4.000000 v input external delay
     1    0.003235    0.017363    0.002371    4.002370 v done_in (in)
                                                         done_in (net)
                      0.017363    0.000000    4.002370 v input2/A (sg13g2_buf_1)
     2    0.028904    0.095088    0.123940    4.126310 v input2/X (sg13g2_buf_1)
                                                         net2 (net)
                      0.095294    0.003820    4.130131 v fanout23/A (sg13g2_buf_1)
     8    0.072145    0.227668    0.255822    4.385952 v fanout23/X (sg13g2_buf_1)
                                                         net23 (net)
                      0.227668    0.000298    4.386251 v _056_/A (sg13g2_nor2b_1)
     2    0.008828    0.119090    0.146375    4.532626 ^ _056_/Y (sg13g2_nor2b_1)
                                                         _048_ (net)
                      0.119090    0.000173    4.532799 ^ fanout17/A (sg13g2_buf_1)
     8    0.075114    0.309803    0.308750    4.841549 ^ fanout17/X (sg13g2_buf_1)
                                                         net17 (net)
                      0.309805    0.000675    4.842224 ^ _057_/S (sg13g2_mux2_1)
     1    0.001887    0.032941    0.233672    5.075896 v _057_/X (sg13g2_mux2_1)
                                                         _041_ (net)
                      0.032941    0.000009    5.075906 v _119_/D (sg13g2_dfrbpq_1)
                                              5.075906   data arrival time

                                 20.000000   20.000000   clock clk (rise edge)
                                  0.000000   20.000000   clock source latency
     1    0.049876    0.064457    0.043762   20.043762 ^ clk (in)
                                                         clk (net)
                      0.066940    0.000000   20.043762 ^ clkbuf_0_clk/A (sg13g2_buf_16)
     4    0.080607    0.034407    0.089432   20.133196 ^ clkbuf_0_clk/X (sg13g2_buf_16)
                                                         clknet_0_clk (net)
                      0.034791    0.002519   20.135714 ^ clkbuf_2_3__f_clk/A (sg13g2_buf_16)
     6    0.022856    0.020339    0.064654   20.200369 ^ clkbuf_2_3__f_clk/X (sg13g2_buf_16)
                                                         clknet_2_3__leaf_clk (net)
                      0.020343    0.000544   20.200912 ^ _119_/CLK (sg13g2_dfrbpq_1)
                                 -0.250000   19.950912   clock uncertainty
                                  0.000000   19.950912   clock reconvergence pessimism
                                 -0.117199   19.833714   library setup time
                                             19.833714   data required time
---------------------------------------------------------------------------------------------
                                             19.833714   data required time
                                             -5.075906   data arrival time
---------------------------------------------------------------------------------------------
                                             14.757808   slack (MET)


Startpoint: done_in (input port clocked by clk)
Endpoint: _102_ (rising edge-triggered flip-flop clocked by clk)
Path Group: clk
Path Type: max

Fanout         Cap        Slew       Delay        Time   Description
---------------------------------------------------------------------------------------------
                                  0.000000    0.000000   clock clk (rise edge)
                                  0.000000    0.000000   clock network delay (propagated)
                                  4.000000    4.000000 ^ input external delay
     1    0.003274    0.020481    0.002821    4.002821 ^ done_in (in)
                                                         done_in (net)
                      0.020481    0.000000    4.002821 ^ input2/A (sg13g2_buf_1)
     2    0.028982    0.124029    0.136668    4.139489 ^ input2/X (sg13g2_buf_1)
                                                         net2 (net)
                      0.124192    0.003843    4.143332 ^ fanout23/A (sg13g2_buf_1)
     8    0.072744    0.300393    0.302822    4.446154 ^ fanout23/X (sg13g2_buf_1)
                                                         net23 (net)
                      0.300672    0.007994    4.454148 ^ _074_/S (sg13g2_mux2_1)
     1    0.002340    0.033600    0.233186    4.687334 v _074_/X (sg13g2_mux2_1)
                                                         _024_ (net)
                      0.033600    0.000022    4.687356 v hold30/A (sg13g2_dlygate4sd3_1)
     1    0.001899    0.033909    0.388879    5.076235 v hold30/X (sg13g2_dlygate4sd3_1)
                                                         net30 (net)
                      0.033909    0.000010    5.076245 v _102_/D (sg13g2_dfrbpq_1)
                                              5.076245   data arrival time

                                 20.000000   20.000000   clock clk (rise edge)
                                  0.000000   20.000000   clock source latency
     1    0.049876    0.064457    0.043762   20.043762 ^ clk (in)
                                                         clk (net)
                      0.066940    0.000000   20.043762 ^ clkbuf_0_clk/A (sg13g2_buf_16)
     4    0.080607    0.034407    0.089432   20.133196 ^ clkbuf_0_clk/X (sg13g2_buf_16)
                                                         clknet_0_clk (net)
                      0.034694    0.002069   20.135265 ^ clkbuf_2_2__f_clk/A (sg13g2_buf_16)
     6    0.027798    0.021457    0.065500   20.200764 ^ clkbuf_2_2__f_clk/X (sg13g2_buf_16)
                                                         clknet_2_2__leaf_clk (net)
                      0.021466    0.000890   20.201654 ^ _102_/CLK (sg13g2_dfrbpq_1)
                                 -0.250000   19.951654   clock uncertainty
                                  0.000000   19.951654   clock reconvergence pessimism
                                 -0.117261   19.834394   library setup time
                                             19.834394   data required time
---------------------------------------------------------------------------------------------
                                             19.834394   data required time
                                             -5.076245   data arrival time
---------------------------------------------------------------------------------------------
                                             14.758149   slack (MET)


Startpoint: done_in (input port clocked by clk)
Endpoint: _107_ (rising edge-triggered flip-flop clocked by clk)
Path Group: clk
Path Type: max

Fanout         Cap        Slew       Delay        Time   Description
---------------------------------------------------------------------------------------------
                                  0.000000    0.000000   clock clk (rise edge)
                                  0.000000    0.000000   clock network delay (propagated)
                                  4.000000    4.000000 ^ input external delay
     1    0.003274    0.020481    0.002821    4.002821 ^ done_in (in)
                                                         done_in (net)
                      0.020481    0.000000    4.002821 ^ input2/A (sg13g2_buf_1)
     2    0.028982    0.124029    0.136668    4.139489 ^ input2/X (sg13g2_buf_1)
                                                         net2 (net)
                      0.124191    0.003836    4.143325 ^ fanout24/A (sg13g2_buf_1)
     5    0.041047    0.172511    0.215676    4.359001 ^ fanout24/X (sg13g2_buf_1)
                                                         net24 (net)
                      0.172513    0.000544    4.359545 ^ _069_/S (sg13g2_mux2_1)
     1    0.002785    0.034930    0.208007    4.567552 v _069_/X (sg13g2_mux2_1)
                                                         _029_ (net)
                      0.034930    0.000035    4.567587 v hold32/A (sg13g2_dlygate4sd3_1)
     1    0.002591    0.035834    0.392183    4.959770 v hold32/X (sg13g2_dlygate4sd3_1)
                                                         net32 (net)
                      0.035834    0.000027    4.959796 v _107_/D (sg13g2_dfrbpq_1)
                                              4.959796   data arrival time

                                 20.000000   20.000000   clock clk (rise edge)
                                  0.000000   20.000000   clock source latency
     1    0.049876    0.064457    0.043762   20.043762 ^ clk (in)
                                                         clk (net)
                      0.066940    0.000000   20.043762 ^ clkbuf_0_clk/A (sg13g2_buf_16)
     4    0.080607    0.034407    0.089432   20.133196 ^ clkbuf_0_clk/X (sg13g2_buf_16)
                                                         clknet_0_clk (net)
                      0.034791    0.002519   20.135714 ^ clkbuf_2_3__f_clk/A (sg13g2_buf_16)
     6    0.022856    0.020339    0.064654   20.200369 ^ clkbuf_2_3__f_clk/X (sg13g2_buf_16)
                                                         clknet_2_3__leaf_clk (net)
                      0.020344    0.000611   20.200979 ^ _107_/CLK (sg13g2_dfrbpq_1)
                                 -0.250000   19.950979   clock uncertainty
                                  0.000000   19.950979   clock reconvergence pessimism
                                 -0.118241   19.832739   library setup time
                                             19.832739   data required time
---------------------------------------------------------------------------------------------
                                             19.832739   data required time
                                             -4.959796   data arrival time
---------------------------------------------------------------------------------------------
                                             14.872942   slack (MET)


Startpoint: done_in (input port clocked by clk)
Endpoint: _103_ (rising edge-triggered flip-flop clocked by clk)
Path Group: clk
Path Type: max

Fanout         Cap        Slew       Delay        Time   Description
---------------------------------------------------------------------------------------------
                                  0.000000    0.000000   clock clk (rise edge)
                                  0.000000    0.000000   clock network delay (propagated)
                                  4.000000    4.000000 ^ input external delay
     1    0.003274    0.020481    0.002821    4.002821 ^ done_in (in)
                                                         done_in (net)
                      0.020481    0.000000    4.002821 ^ input2/A (sg13g2_buf_1)
     2    0.028982    0.124029    0.136668    4.139489 ^ input2/X (sg13g2_buf_1)
                                                         net2 (net)
                      0.124191    0.003836    4.143325 ^ fanout24/A (sg13g2_buf_1)
     5    0.041047    0.172511    0.215676    4.359001 ^ fanout24/X (sg13g2_buf_1)
                                                         net24 (net)
                      0.172540    0.001942    4.360943 ^ _073_/S (sg13g2_mux2_1)
     1    0.002806    0.034563    0.208080    4.569023 v _073_/X (sg13g2_mux2_1)
                                                         _025_ (net)
                      0.034563    0.000035    4.569058 v hold35/A (sg13g2_dlygate4sd3_1)
     1    0.002260    0.034915    0.390758    4.959816 v hold35/X (sg13g2_dlygate4sd3_1)
                                                         net35 (net)
                      0.034915    0.000018    4.959835 v _103_/D (sg13g2_dfrbpq_1)
                                              4.959835   data arrival time

                                 20.000000   20.000000   clock clk (rise edge)
                                  0.000000   20.000000   clock source latency
     1    0.049876    0.064457    0.043762   20.043762 ^ clk (in)
                                                         clk (net)
                      0.066940    0.000000   20.043762 ^ clkbuf_0_clk/A (sg13g2_buf_16)
     4    0.080607    0.034407    0.089432   20.133196 ^ clkbuf_0_clk/X (sg13g2_buf_16)
                                                         clknet_0_clk (net)
                      0.034694    0.002069   20.135265 ^ clkbuf_2_2__f_clk/A (sg13g2_buf_16)
     6    0.027798    0.021457    0.065500   20.200764 ^ clkbuf_2_2__f_clk/X (sg13g2_buf_16)
                                                         clknet_2_2__leaf_clk (net)
                      0.021460    0.000508   20.201273 ^ _103_/CLK (sg13g2_dfrbpq_1)
                                 -0.250000   19.951273   clock uncertainty
                                  0.000000   19.951273   clock reconvergence pessimism
                                 -0.117625   19.833649   library setup time
                                             19.833649   data required time
---------------------------------------------------------------------------------------------
                                             19.833649   data required time
                                             -4.959835   data arrival time
---------------------------------------------------------------------------------------------
                                             14.873814   slack (MET)


Startpoint: done_in (input port clocked by clk)
Endpoint: _105_ (rising edge-triggered flip-flop clocked by clk)
Path Group: clk
Path Type: max

Fanout         Cap        Slew       Delay        Time   Description
---------------------------------------------------------------------------------------------
                                  0.000000    0.000000   clock clk (rise edge)
                                  0.000000    0.000000   clock network delay (propagated)
                                  4.000000    4.000000 ^ input external delay
     1    0.003274    0.020481    0.002821    4.002821 ^ done_in (in)
                                                         done_in (net)
                      0.020481    0.000000    4.002821 ^ input2/A (sg13g2_buf_1)
     2    0.028982    0.124029    0.136668    4.139489 ^ input2/X (sg13g2_buf_1)
                                                         net2 (net)
                      0.124191    0.003836    4.143325 ^ fanout24/A (sg13g2_buf_1)
     5    0.041047    0.172511    0.215676    4.359001 ^ fanout24/X (sg13g2_buf_1)
                                                         net24 (net)
                      0.172522    0.001195    4.360196 ^ _071_/S (sg13g2_mux2_1)
     1    0.001939    0.032535    0.205402    4.565598 v _071_/X (sg13g2_mux2_1)
                                                         _027_ (net)
                      0.032535    0.000013    4.565610 v hold37/A (sg13g2_dlygate4sd3_1)
     1    0.002303    0.035035    0.389738    4.955348 v hold37/X (sg13g2_dlygate4sd3_1)
                                                         net37 (net)
                      0.035035    0.000019    4.955368 v _105_/D (sg13g2_dfrbpq_1)
                                              4.955368   data arrival time

                                 20.000000   20.000000   clock clk (rise edge)
                                  0.000000   20.000000   clock source latency
     1    0.049876    0.064457    0.043762   20.043762 ^ clk (in)
                                                         clk (net)
                      0.066940    0.000000   20.043762 ^ clkbuf_0_clk/A (sg13g2_buf_16)
     4    0.080607    0.034407    0.089432   20.133196 ^ clkbuf_0_clk/X (sg13g2_buf_16)
                                                         clknet_0_clk (net)
                      0.034791    0.002519   20.135714 ^ clkbuf_2_3__f_clk/A (sg13g2_buf_16)
     6    0.022856    0.020339    0.064654   20.200369 ^ clkbuf_2_3__f_clk/X (sg13g2_buf_16)
                                                         clknet_2_3__leaf_clk (net)
                      0.020340    0.000297   20.200665 ^ _105_/CLK (sg13g2_dfrbpq_1)
                                 -0.250000   19.950666   clock uncertainty
                                  0.000000   19.950666   clock reconvergence pessimism
                                 -0.117954   19.832712   library setup time
                                             19.832712   data required time
---------------------------------------------------------------------------------------------
                                             19.832712   data required time
                                             -4.955368   data arrival time
---------------------------------------------------------------------------------------------
                                             14.877344   slack (MET)


Startpoint: done_in (input port clocked by clk)
Endpoint: _104_ (rising edge-triggered flip-flop clocked by clk)
Path Group: clk
Path Type: max

Fanout         Cap        Slew       Delay        Time   Description
---------------------------------------------------------------------------------------------
                                  0.000000    0.000000   clock clk (rise edge)
                                  0.000000    0.000000   clock network delay (propagated)
                                  4.000000    4.000000 ^ input external delay
     1    0.003274    0.020481    0.002821    4.002821 ^ done_in (in)
                                                         done_in (net)
                      0.020481    0.000000    4.002821 ^ input2/A (sg13g2_buf_1)
     2    0.028982    0.124029    0.136668    4.139489 ^ input2/X (sg13g2_buf_1)
                                                         net2 (net)
                      0.124191    0.003836    4.143325 ^ fanout24/A (sg13g2_buf_1)
     5    0.041047    0.172511    0.215676    4.359001 ^ fanout24/X (sg13g2_buf_1)
                                                         net24 (net)
                      0.172531    0.001624    4.360625 ^ _072_/S (sg13g2_mux2_1)
     1    0.002340    0.033450    0.206640    4.567265 v _072_/X (sg13g2_mux2_1)
                                                         _026_ (net)
                      0.033450    0.000022    4.567286 v hold28/A (sg13g2_dlygate4sd3_1)
     1    0.001899    0.033909    0.388792    4.956079 v hold28/X (sg13g2_dlygate4sd3_1)
                                                         net28 (net)
                      0.033909    0.000010    4.956088 v _104_/D (sg13g2_dfrbpq_1)
                                              4.956088   data arrival time

                                 20.000000   20.000000   clock clk (rise edge)
                                  0.000000   20.000000   clock source latency
     1    0.049876    0.064457    0.043762   20.043762 ^ clk (in)
                                                         clk (net)
                      0.066940    0.000000   20.043762 ^ clkbuf_0_clk/A (sg13g2_buf_16)
     4    0.080607    0.034407    0.089432   20.133196 ^ clkbuf_0_clk/X (sg13g2_buf_16)
                                                         clknet_0_clk (net)
                      0.034694    0.002069   20.135265 ^ clkbuf_2_2__f_clk/A (sg13g2_buf_16)
     6    0.027798    0.021457    0.065500   20.200764 ^ clkbuf_2_2__f_clk/X (sg13g2_buf_16)
                                                         clknet_2_2__leaf_clk (net)
                      0.021457    0.000103   20.200867 ^ _104_/CLK (sg13g2_dfrbpq_1)
                                 -0.250000   19.950869   clock uncertainty
                                  0.000000   19.950869   clock reconvergence pessimism
                                 -0.117264   19.833603   library setup time
                                             19.833603   data required time
---------------------------------------------------------------------------------------------
                                             19.833603   data required time
                                             -4.956088   data arrival time
---------------------------------------------------------------------------------------------
                                             14.877516   slack (MET)


Startpoint: done_in (input port clocked by clk)
Endpoint: _116_ (rising edge-triggered flip-flop clocked by clk)
Path Group: clk
Path Type: max

Fanout         Cap        Slew       Delay        Time   Description
---------------------------------------------------------------------------------------------
                                  0.000000    0.000000   clock clk (rise edge)
                                  0.000000    0.000000   clock network delay (propagated)
                                  4.000000    4.000000 v input external delay
     1    0.003235    0.017363    0.002371    4.002370 v done_in (in)
                                                         done_in (net)
                      0.017363    0.000000    4.002370 v input2/A (sg13g2_buf_1)
     2    0.028904    0.095088    0.123940    4.126310 v input2/X (sg13g2_buf_1)
                                                         net2 (net)
                      0.095294    0.003820    4.130131 v fanout23/A (sg13g2_buf_1)
     8    0.072145    0.227668    0.255822    4.385952 v fanout23/X (sg13g2_buf_1)
                                                         net23 (net)
                      0.227668    0.000298    4.386251 v _056_/A (sg13g2_nor2b_1)
     2    0.008828    0.119090    0.146375    4.532626 ^ _056_/Y (sg13g2_nor2b_1)
                                                         _048_ (net)
                      0.119090    0.000232    4.532858 ^ fanout18/A (sg13g2_buf_1)
     4    0.034613    0.146843    0.195583    4.728440 ^ fanout18/X (sg13g2_buf_1)
                                                         net18 (net)
                      0.146901    0.001074    4.729515 ^ _060_/S (sg13g2_mux2_1)
     1    0.001887    0.032956    0.197848    4.927362 v _060_/X (sg13g2_mux2_1)
                                                         _038_ (net)
                      0.032956    0.000009    4.927372 v _116_/D (sg13g2_dfrbpq_1)
                                              4.927372   data arrival time

                                 20.000000   20.000000   clock clk (rise edge)
                                  0.000000   20.000000   clock source latency
     1    0.049876    0.064457    0.043762   20.043762 ^ clk (in)
                                                         clk (net)
                      0.066940    0.000000   20.043762 ^ clkbuf_0_clk/A (sg13g2_buf_16)
     4    0.080607    0.034407    0.089432   20.133196 ^ clkbuf_0_clk/X (sg13g2_buf_16)
                                                         clknet_0_clk (net)
                      0.034694    0.002069   20.135265 ^ clkbuf_2_2__f_clk/A (sg13g2_buf_16)
     6    0.027798    0.021457    0.065500   20.200764 ^ clkbuf_2_2__f_clk/X (sg13g2_buf_16)
                                                         clknet_2_2__leaf_clk (net)
                      0.021457    0.000160   20.200924 ^ _116_/CLK (sg13g2_dfrbpq_1)
                                 -0.250000   19.950926   clock uncertainty
                                  0.000000   19.950926   clock reconvergence pessimism
                                 -0.116920   19.834005   library setup time
                                             19.834005   data required time
---------------------------------------------------------------------------------------------
                                             19.834005   data required time
                                             -4.927372   data arrival time
---------------------------------------------------------------------------------------------
                                             14.906632   slack (MET)


Startpoint: done_in (input port clocked by clk)
Endpoint: _115_ (rising edge-triggered flip-flop clocked by clk)
Path Group: clk
Path Type: max

Fanout         Cap        Slew       Delay        Time   Description
---------------------------------------------------------------------------------------------
                                  0.000000    0.000000   clock clk (rise edge)
                                  0.000000    0.000000   clock network delay (propagated)
                                  4.000000    4.000000 v input external delay
     1    0.003235    0.017363    0.002371    4.002370 v done_in (in)
                                                         done_in (net)
                      0.017363    0.000000    4.002370 v input2/A (sg13g2_buf_1)
     2    0.028904    0.095088    0.123940    4.126310 v input2/X (sg13g2_buf_1)
                                                         net2 (net)
                      0.095294    0.003820    4.130131 v fanout23/A (sg13g2_buf_1)
     8    0.072145    0.227668    0.255822    4.385952 v fanout23/X (sg13g2_buf_1)
                                                         net23 (net)
                      0.227668    0.000298    4.386251 v _056_/A (sg13g2_nor2b_1)
     2    0.008828    0.119090    0.146375    4.532626 ^ _056_/Y (sg13g2_nor2b_1)
                                                         _048_ (net)
                      0.119090    0.000232    4.532858 ^ fanout18/A (sg13g2_buf_1)
     4    0.034613    0.146843    0.195583    4.728440 ^ fanout18/X (sg13g2_buf_1)
                                                         net18 (net)
                      0.146910    0.001458    4.729899 ^ _061_/S (sg13g2_mux2_1)
     1    0.001887    0.032807    0.197851    4.927750 v _061_/X (sg13g2_mux2_1)
                                                         _037_ (net)
                      0.032807    0.000009    4.927759 v _115_/D (sg13g2_dfrbpq_1)
                                              4.927759   data arrival time

                                 20.000000   20.000000   clock clk (rise edge)
                                  0.000000   20.000000   clock source latency
     1    0.049876    0.064457    0.043762   20.043762 ^ clk (in)
                                                         clk (net)
                      0.066940    0.000000   20.043762 ^ clkbuf_0_clk/A (sg13g2_buf_16)
     4    0.080607    0.034407    0.089432   20.133196 ^ clkbuf_0_clk/X (sg13g2_buf_16)
                                                         clknet_0_clk (net)
                      0.034694    0.002069   20.135265 ^ clkbuf_2_2__f_clk/A (sg13g2_buf_16)
     6    0.027798    0.021457    0.065500   20.200764 ^ clkbuf_2_2__f_clk/X (sg13g2_buf_16)
                                                         clknet_2_2__leaf_clk (net)
                      0.021464    0.000766   20.201530 ^ _115_/CLK (sg13g2_dfrbpq_1)
                                 -0.250000   19.951530   clock uncertainty
                                  0.000000   19.951530   clock reconvergence pessimism
                                 -0.116865   19.834665   library setup time
                                             19.834665   data required time
---------------------------------------------------------------------------------------------
                                             19.834665   data required time
                                             -4.927759   data arrival time
---------------------------------------------------------------------------------------------
                                             14.906906   slack (MET)


Startpoint: done_in (input port clocked by clk)
Endpoint: _118_ (rising edge-triggered flip-flop clocked by clk)
Path Group: clk
Path Type: max

Fanout         Cap        Slew       Delay        Time   Description
---------------------------------------------------------------------------------------------
                                  0.000000    0.000000   clock clk (rise edge)
                                  0.000000    0.000000   clock network delay (propagated)
                                  4.000000    4.000000 v input external delay
     1    0.003235    0.017363    0.002371    4.002370 v done_in (in)
                                                         done_in (net)
                      0.017363    0.000000    4.002370 v input2/A (sg13g2_buf_1)
     2    0.028904    0.095088    0.123940    4.126310 v input2/X (sg13g2_buf_1)
                                                         net2 (net)
                      0.095294    0.003820    4.130131 v fanout23/A (sg13g2_buf_1)
     8    0.072145    0.227668    0.255822    4.385952 v fanout23/X (sg13g2_buf_1)
                                                         net23 (net)
                      0.227668    0.000298    4.386251 v _056_/A (sg13g2_nor2b_1)
     2    0.008828    0.119090    0.146375    4.532626 ^ _056_/Y (sg13g2_nor2b_1)
                                                         _048_ (net)
                      0.119090    0.000232    4.532858 ^ fanout18/A (sg13g2_buf_1)
     4    0.034613    0.146843    0.195583    4.728440 ^ fanout18/X (sg13g2_buf_1)
                                                         net18 (net)
                      0.146843    0.000273    4.728714 ^ _058_/S (sg13g2_mux2_1)
     1    0.001887    0.032791    0.197832    4.926545 v _058_/X (sg13g2_mux2_1)
                                                         _040_ (net)
                      0.032791    0.000009    4.926554 v _118_/D (sg13g2_dfrbpq_1)
                                              4.926554   data arrival time

                                 20.000000   20.000000   clock clk (rise edge)
                                  0.000000   20.000000   clock source latency
     1    0.049876    0.064457    0.043762   20.043762 ^ clk (in)
                                                         clk (net)
                      0.066940    0.000000   20.043762 ^ clkbuf_0_clk/A (sg13g2_buf_16)
     4    0.080607    0.034407    0.089432   20.133196 ^ clkbuf_0_clk/X (sg13g2_buf_16)
                                                         clknet_0_clk (net)
                      0.034791    0.002519   20.135714 ^ clkbuf_2_3__f_clk/A (sg13g2_buf_16)
     6    0.022856    0.020339    0.064654   20.200369 ^ clkbuf_2_3__f_clk/X (sg13g2_buf_16)
                                                         clknet_2_3__leaf_clk (net)
                      0.020341    0.000407   20.200775 ^ _118_/CLK (sg13g2_dfrbpq_1)
                                 -0.250000   19.950775   clock uncertainty
                                  0.000000   19.950775   clock reconvergence pessimism
                                 -0.117146   19.833630   library setup time
                                             19.833630   data required time
---------------------------------------------------------------------------------------------
                                             19.833630   data required time
                                             -4.926554   data arrival time
---------------------------------------------------------------------------------------------
                                             14.907077   slack (MET)


Startpoint: done_in (input port clocked by clk)
Endpoint: _120_ (rising edge-triggered flip-flop clocked by clk)
Path Group: clk
Path Type: max

Fanout         Cap        Slew       Delay        Time   Description
---------------------------------------------------------------------------------------------
                                  0.000000    0.000000   clock clk (rise edge)
                                  0.000000    0.000000   clock network delay (propagated)
                                  4.000000    4.000000 ^ input external delay
     1    0.003274    0.020481    0.002821    4.002821 ^ done_in (in)
                                                         done_in (net)
                      0.020481    0.000000    4.002821 ^ input2/A (sg13g2_buf_1)
     2    0.028982    0.124029    0.136668    4.139489 ^ input2/X (sg13g2_buf_1)
                                                         net2 (net)
                      0.124192    0.003843    4.143332 ^ fanout23/A (sg13g2_buf_1)
     8    0.072744    0.300393    0.302822    4.446154 ^ fanout23/X (sg13g2_buf_1)
                                                         net23 (net)
                      0.300992    0.011580    4.457734 ^ _055_/S (sg13g2_mux2_1)
     1    0.002812    0.035711    0.234712    4.692445 v _055_/X (sg13g2_mux2_1)
                                                         _042_ (net)
                      0.035711    0.000032    4.692477 v _120_/D (sg13g2_dfrbpq_1)
                                              4.692477   data arrival time

                                 20.000000   20.000000   clock clk (rise edge)
                                  0.000000   20.000000   clock source latency
     1    0.049876    0.064457    0.043762   20.043762 ^ clk (in)
                                                         clk (net)
                      0.066940    0.000000   20.043762 ^ clkbuf_0_clk/A (sg13g2_buf_16)
     4    0.080607    0.034407    0.089432   20.133196 ^ clkbuf_0_clk/X (sg13g2_buf_16)
                                                         clknet_0_clk (net)
                      0.034924    0.003059   20.136253 ^ clkbuf_2_0__f_clk/A (sg13g2_buf_16)
     6    0.026689    0.021216    0.065452   20.201706 ^ clkbuf_2_0__f_clk/X (sg13g2_buf_16)
                                                         clknet_2_0__leaf_clk (net)
                      0.021219    0.000490   20.202196 ^ _120_/CLK (sg13g2_dfrbpq_1)
                                 -0.250000   19.952196   clock uncertainty
                                  0.000000   19.952196   clock reconvergence pessimism
                                 -0.117973   19.834223   library setup time
                                             19.834223   data required time
---------------------------------------------------------------------------------------------
                                             19.834223   data required time
                                             -4.692477   data arrival time
---------------------------------------------------------------------------------------------
                                             15.141747   slack (MET)


Startpoint: reset (input port clocked by clk)
Endpoint: _099_ (recovery check against rising-edge clock clk)
Path Group: asynchronous
Path Type: max

Fanout         Cap        Slew       Delay        Time   Description
---------------------------------------------------------------------------------------------
                                  0.000000    0.000000   clock clk (rise edge)
                                  0.000000    0.000000   clock network delay (propagated)
                                  4.000000    4.000000 v input external delay
     1    0.004358    0.018155    0.003225    4.003225 v reset (in)
                                                         reset (net)
                      0.018155    0.000000    4.003225 v input3/A (sg13g2_buf_1)
     1    0.019871    0.069765    0.103083    4.106308 v input3/X (sg13g2_buf_1)
                                                         net3 (net)
                      0.069837    0.001961    4.108269 v fanout22/A (sg13g2_buf_1)
     4    0.026288    0.087634    0.143401    4.251670 v fanout22/X (sg13g2_buf_1)
                                                         net22 (net)
                      0.087690    0.001032    4.252702 v fanout20/A (sg13g2_buf_1)
     7    0.031206    0.102638    0.162850    4.415552 v fanout20/X (sg13g2_buf_1)
                                                         net20 (net)
                      0.102651    0.001242    4.416794 v fanout19/A (sg13g2_buf_1)
     8    0.035574    0.115971    0.178754    4.595549 v fanout19/X (sg13g2_buf_1)
                                                         net19 (net)
                      0.115977    0.001000    4.596549 v _095_/A (sg13g2_inv_1)
     1    0.007550    0.054520    0.073018    4.669566 ^ _095_/Y (sg13g2_inv_1)
                                                         _021_ (net)
                      0.054520    0.000127    4.669693 ^ _099_/RESET_B (sg13g2_dfrbpq_1)
                                              4.669693   data arrival time

                                 20.000000   20.000000   clock clk (rise edge)
                                  0.000000   20.000000   clock source latency
     1    0.049876    0.064457    0.043762   20.043762 ^ clk (in)
                                                         clk (net)
                      0.066940    0.000000   20.043762 ^ clkbuf_0_clk/A (sg13g2_buf_16)
     4    0.080607    0.034407    0.089432   20.133196 ^ clkbuf_0_clk/X (sg13g2_buf_16)
                                                         clknet_0_clk (net)
                      0.034864    0.002824   20.136019 ^ clkbuf_2_1__f_clk/A (sg13g2_buf_16)
     6    0.025413    0.020925    0.065183   20.201202 ^ clkbuf_2_1__f_clk/X (sg13g2_buf_16)
                                                         clknet_2_1__leaf_clk (net)
                      0.020927    0.000364   20.201567 ^ _099_/CLK (sg13g2_dfrbpq_1)
                                 -0.250000   19.951569   clock uncertainty
                                  0.000000   19.951569   clock reconvergence pessimism
                                 -0.130632   19.820936   library recovery time
                                             19.820936   data required time
---------------------------------------------------------------------------------------------
                                             19.820936   data required time
                                             -4.669693   data arrival time
---------------------------------------------------------------------------------------------
                                             15.151244   slack (MET)


Startpoint: reset (input port clocked by clk)
Endpoint: _098_ (recovery check against rising-edge clock clk)
Path Group: asynchronous
Path Type: max

Fanout         Cap        Slew       Delay        Time   Description
---------------------------------------------------------------------------------------------
                                  0.000000    0.000000   clock clk (rise edge)
                                  0.000000    0.000000   clock network delay (propagated)
                                  4.000000    4.000000 v input external delay
     1    0.004358    0.018155    0.003225    4.003225 v reset (in)
                                                         reset (net)
                      0.018155    0.000000    4.003225 v input3/A (sg13g2_buf_1)
     1    0.019871    0.069765    0.103083    4.106308 v input3/X (sg13g2_buf_1)
                                                         net3 (net)
                      0.069837    0.001961    4.108269 v fanout22/A (sg13g2_buf_1)
     4    0.026288    0.087634    0.143401    4.251670 v fanout22/X (sg13g2_buf_1)
                                                         net22 (net)
                      0.087690    0.001032    4.252702 v fanout20/A (sg13g2_buf_1)
     7    0.031206    0.102638    0.162850    4.415552 v fanout20/X (sg13g2_buf_1)
                                                         net20 (net)
                      0.102651    0.001242    4.416794 v fanout19/A (sg13g2_buf_1)
     8    0.035574    0.115971    0.178754    4.595549 v fanout19/X (sg13g2_buf_1)
                                                         net19 (net)
                      0.115986    0.001416    4.596965 v _094_/A (sg13g2_inv_1)
     1    0.006525    0.050701    0.068561    4.665525 ^ _094_/Y (sg13g2_inv_1)
                                                         _020_ (net)
                      0.050701    0.000058    4.665584 ^ _098_/RESET_B (sg13g2_dfrbpq_1)
                                              4.665584   data arrival time

                                 20.000000   20.000000   clock clk (rise edge)
                                  0.000000   20.000000   clock source latency
     1    0.049876    0.064457    0.043762   20.043762 ^ clk (in)
                                                         clk (net)
                      0.066940    0.000000   20.043762 ^ clkbuf_0_clk/A (sg13g2_buf_16)
     4    0.080607    0.034407    0.089432   20.133196 ^ clkbuf_0_clk/X (sg13g2_buf_16)
                                                         clknet_0_clk (net)
                      0.034864    0.002824   20.136019 ^ clkbuf_2_1__f_clk/A (sg13g2_buf_16)
     6    0.025413    0.020925    0.065183   20.201202 ^ clkbuf_2_1__f_clk/X (sg13g2_buf_16)
                                                         clknet_2_1__leaf_clk (net)
                      0.020928    0.000473   20.201675 ^ _098_/CLK (sg13g2_dfrbpq_1)
                                 -0.250000   19.951677   clock uncertainty
                                  0.000000   19.951677   clock reconvergence pessimism
                                 -0.129447   19.822229   library recovery time
                                             19.822229   data required time
---------------------------------------------------------------------------------------------
                                             19.822229   data required time
                                             -4.665584   data arrival time
---------------------------------------------------------------------------------------------
                                             15.156646   slack (MET)


Startpoint: reset (input port clocked by clk)
Endpoint: _121_ (recovery check against rising-edge clock clk)
Path Group: asynchronous
Path Type: max

Fanout         Cap        Slew       Delay        Time   Description
---------------------------------------------------------------------------------------------
                                  0.000000    0.000000   clock clk (rise edge)
                                  0.000000    0.000000   clock network delay (propagated)
                                  4.000000    4.000000 v input external delay
     1    0.004358    0.018155    0.003225    4.003225 v reset (in)
                                                         reset (net)
                      0.018155    0.000000    4.003225 v input3/A (sg13g2_buf_1)
     1    0.019871    0.069765    0.103083    4.106308 v input3/X (sg13g2_buf_1)
                                                         net3 (net)
                      0.069837    0.001961    4.108269 v fanout22/A (sg13g2_buf_1)
     4    0.026288    0.087634    0.143401    4.251670 v fanout22/X (sg13g2_buf_1)
                                                         net22 (net)
                      0.087690    0.001032    4.252702 v fanout20/A (sg13g2_buf_1)
     7    0.031206    0.102638    0.162850    4.415552 v fanout20/X (sg13g2_buf_1)
                                                         net20 (net)
                      0.102651    0.001242    4.416794 v fanout19/A (sg13g2_buf_1)
     8    0.035574    0.115971    0.178754    4.595549 v fanout19/X (sg13g2_buf_1)
                                                         net19 (net)
                      0.115990    0.001565    4.597114 v _093_/A (sg13g2_inv_1)
     1    0.006450    0.050426    0.068232    4.665345 ^ _093_/Y (sg13g2_inv_1)
                                                         _019_ (net)
                      0.050426    0.000054    4.665399 ^ _121_/RESET_B (sg13g2_dfrbpq_1)
                                              4.665399   data arrival time

                                 20.000000   20.000000   clock clk (rise edge)
                                  0.000000   20.000000   clock source latency
     1    0.049876    0.064457    0.043762   20.043762 ^ clk (in)
                                                         clk (net)
                      0.066940    0.000000   20.043762 ^ clkbuf_0_clk/A (sg13g2_buf_16)
     4    0.080607    0.034407    0.089432   20.133196 ^ clkbuf_0_clk/X (sg13g2_buf_16)
                                                         clknet_0_clk (net)
                      0.034864    0.002824   20.136019 ^ clkbuf_2_1__f_clk/A (sg13g2_buf_16)
     6    0.025413    0.020925    0.065183   20.201202 ^ clkbuf_2_1__f_clk/X (sg13g2_buf_16)
                                                         clknet_2_1__leaf_clk (net)
                      0.020928    0.000522   20.201725 ^ _121_/CLK (sg13g2_dfrbpq_1)
                                 -0.250000   19.951727   clock uncertainty
                                  0.000000   19.951727   clock reconvergence pessimism
                                 -0.129361   19.822365   library recovery time
                                             19.822365   data required time
---------------------------------------------------------------------------------------------
                                             19.822365   data required time
                                             -4.665399   data arrival time
---------------------------------------------------------------------------------------------
                                             15.156966   slack (MET)


Startpoint: reset (input port clocked by clk)
Endpoint: _120_ (recovery check against rising-edge clock clk)
Path Group: asynchronous
Path Type: max

Fanout         Cap        Slew       Delay        Time   Description
---------------------------------------------------------------------------------------------
                                  0.000000    0.000000   clock clk (rise edge)
                                  0.000000    0.000000   clock network delay (propagated)
                                  4.000000    4.000000 v input external delay
     1    0.004358    0.018155    0.003225    4.003225 v reset (in)
                                                         reset (net)
                      0.018155    0.000000    4.003225 v input3/A (sg13g2_buf_1)
     1    0.019871    0.069765    0.103083    4.106308 v input3/X (sg13g2_buf_1)
                                                         net3 (net)
                      0.069837    0.001961    4.108269 v fanout22/A (sg13g2_buf_1)
     4    0.026288    0.087634    0.143401    4.251670 v fanout22/X (sg13g2_buf_1)
                                                         net22 (net)
                      0.087690    0.001032    4.252702 v fanout20/A (sg13g2_buf_1)
     7    0.031206    0.102638    0.162850    4.415552 v fanout20/X (sg13g2_buf_1)
                                                         net20 (net)
                      0.102651    0.001242    4.416794 v fanout19/A (sg13g2_buf_1)
     8    0.035574    0.115971    0.178754    4.595549 v fanout19/X (sg13g2_buf_1)
                                                         net19 (net)
                      0.115989    0.001536    4.597084 v _092_/A (sg13g2_inv_1)
     1    0.006482    0.050545    0.068374    4.665458 ^ _092_/Y (sg13g2_inv_1)
                                                         _018_ (net)
                      0.050545    0.000056    4.665514 ^ _120_/RESET_B (sg13g2_dfrbpq_1)
                                              4.665514   data arrival time

                                 20.000000   20.000000   clock clk (rise edge)
                                  0.000000   20.000000   clock source latency
     1    0.049876    0.064457    0.043762   20.043762 ^ clk (in)
                                                         clk (net)
                      0.066940    0.000000   20.043762 ^ clkbuf_0_clk/A (sg13g2_buf_16)
     4    0.080607    0.034407    0.089432   20.133196 ^ clkbuf_0_clk/X (sg13g2_buf_16)
                                                         clknet_0_clk (net)
                      0.034924    0.003059   20.136253 ^ clkbuf_2_0__f_clk/A (sg13g2_buf_16)
     6    0.026689    0.021216    0.065452   20.201706 ^ clkbuf_2_0__f_clk/X (sg13g2_buf_16)
                                                         clknet_2_0__leaf_clk (net)
                      0.021219    0.000490   20.202196 ^ _120_/CLK (sg13g2_dfrbpq_1)
                                 -0.250000   19.952196   clock uncertainty
                                  0.000000   19.952196   clock reconvergence pessimism
                                 -0.129357   19.822840   library recovery time
                                             19.822840   data required time
---------------------------------------------------------------------------------------------
                                             19.822840   data required time
                                             -4.665514   data arrival time
---------------------------------------------------------------------------------------------
                                             15.157325   slack (MET)


Startpoint: reset (input port clocked by clk)
Endpoint: _109_ (recovery check against rising-edge clock clk)
Path Group: asynchronous
Path Type: max

Fanout         Cap        Slew       Delay        Time   Description
---------------------------------------------------------------------------------------------
                                  0.000000    0.000000   clock clk (rise edge)
                                  0.000000    0.000000   clock network delay (propagated)
                                  4.000000    4.000000 v input external delay
     1    0.004358    0.018155    0.003225    4.003225 v reset (in)
                                                         reset (net)
                      0.018155    0.000000    4.003225 v input3/A (sg13g2_buf_1)
     1    0.019871    0.069765    0.103083    4.106308 v input3/X (sg13g2_buf_1)
                                                         net3 (net)
                      0.069837    0.001961    4.108269 v fanout22/A (sg13g2_buf_1)
     4    0.026288    0.087634    0.143401    4.251670 v fanout22/X (sg13g2_buf_1)
                                                         net22 (net)
                      0.087690    0.001032    4.252702 v fanout20/A (sg13g2_buf_1)
     7    0.031206    0.102638    0.162850    4.415552 v fanout20/X (sg13g2_buf_1)
                                                         net20 (net)
                      0.102651    0.001242    4.416794 v fanout19/A (sg13g2_buf_1)
     8    0.035574    0.115971    0.178754    4.595549 v fanout19/X (sg13g2_buf_1)
                                                         net19 (net)
                      0.115987    0.001464    4.597013 v _081_/A (sg13g2_inv_1)
     1    0.006457    0.050453    0.068265    4.665277 ^ _081_/Y (sg13g2_inv_1)
                                                         _007_ (net)
                      0.050453    0.000054    4.665331 ^ _109_/RESET_B (sg13g2_dfrbpq_1)
                                              4.665331   data arrival time

                                 20.000000   20.000000   clock clk (rise edge)
                                  0.000000   20.000000   clock source latency
     1    0.049876    0.064457    0.043762   20.043762 ^ clk (in)
                                                         clk (net)
                      0.066940    0.000000   20.043762 ^ clkbuf_0_clk/A (sg13g2_buf_16)
     4    0.080607    0.034407    0.089432   20.133196 ^ clkbuf_0_clk/X (sg13g2_buf_16)
                                                         clknet_0_clk (net)
                      0.034924    0.003059   20.136253 ^ clkbuf_2_0__f_clk/A (sg13g2_buf_16)
     6    0.026689    0.021216    0.065452   20.201706 ^ clkbuf_2_0__f_clk/X (sg13g2_buf_16)
                                                         clknet_2_0__leaf_clk (net)
                      0.021219    0.000464   20.202169 ^ _109_/CLK (sg13g2_dfrbpq_1)
                                 -0.250000   19.952169   clock uncertainty
                                  0.000000   19.952169   clock reconvergence pessimism
                                 -0.129329   19.822842   library recovery time
                                             19.822842   data required time
---------------------------------------------------------------------------------------------
                                             19.822842   data required time
                                             -4.665331   data arrival time
---------------------------------------------------------------------------------------------
                                             15.157510   slack (MET)


Startpoint: reset (input port clocked by clk)
Endpoint: _110_ (recovery check against rising-edge clock clk)
Path Group: asynchronous
Path Type: max

Fanout         Cap        Slew       Delay        Time   Description
---------------------------------------------------------------------------------------------
                                  0.000000    0.000000   clock clk (rise edge)
                                  0.000000    0.000000   clock network delay (propagated)
                                  4.000000    4.000000 v input external delay
     1    0.004358    0.018155    0.003225    4.003225 v reset (in)
                                                         reset (net)
                      0.018155    0.000000    4.003225 v input3/A (sg13g2_buf_1)
     1    0.019871    0.069765    0.103083    4.106308 v input3/X (sg13g2_buf_1)
                                                         net3 (net)
                      0.069837    0.001961    4.108269 v fanout22/A (sg13g2_buf_1)
     4    0.026288    0.087634    0.143401    4.251670 v fanout22/X (sg13g2_buf_1)
                                                         net22 (net)
                      0.087690    0.001032    4.252702 v fanout20/A (sg13g2_buf_1)
     7    0.031206    0.102638    0.162850    4.415552 v fanout20/X (sg13g2_buf_1)
                                                         net20 (net)
                      0.102651    0.001242    4.416794 v fanout19/A (sg13g2_buf_1)
     8    0.035574    0.115971    0.178754    4.595549 v fanout19/X (sg13g2_buf_1)
                                                         net19 (net)
                      0.115983    0.001316    4.596864 v _082_/A (sg13g2_inv_1)
     1    0.006448    0.050419    0.068222    4.665087 ^ _082_/Y (sg13g2_inv_1)
                                                         _008_ (net)
                      0.050419    0.000053    4.665140 ^ _110_/RESET_B (sg13g2_dfrbpq_1)
                                              4.665140   data arrival time

                                 20.000000   20.000000   clock clk (rise edge)
                                  0.000000   20.000000   clock source latency
     1    0.049876    0.064457    0.043762   20.043762 ^ clk (in)
                                                         clk (net)
                      0.066940    0.000000   20.043762 ^ clkbuf_0_clk/A (sg13g2_buf_16)
     4    0.080607    0.034407    0.089432   20.133196 ^ clkbuf_0_clk/X (sg13g2_buf_16)
                                                         clknet_0_clk (net)
                      0.034924    0.003059   20.136253 ^ clkbuf_2_0__f_clk/A (sg13g2_buf_16)
     6    0.026689    0.021216    0.065452   20.201706 ^ clkbuf_2_0__f_clk/X (sg13g2_buf_16)
                                                         clknet_2_0__leaf_clk (net)
                      0.021218    0.000387   20.202093 ^ _110_/CLK (sg13g2_dfrbpq_1)
                                 -0.250000   19.952093   clock uncertainty
                                  0.000000   19.952093   clock reconvergence pessimism
                                 -0.129318   19.822775   library recovery time
                                             19.822775   data required time
---------------------------------------------------------------------------------------------
                                             19.822775   data required time
                                             -4.665140   data arrival time
---------------------------------------------------------------------------------------------
                                             15.157636   slack (MET)


Startpoint: reset (input port clocked by clk)
Endpoint: _111_ (recovery check against rising-edge clock clk)
Path Group: asynchronous
Path Type: max

Fanout         Cap        Slew       Delay        Time   Description
---------------------------------------------------------------------------------------------
                                  0.000000    0.000000   clock clk (rise edge)
                                  0.000000    0.000000   clock network delay (propagated)
                                  4.000000    4.000000 v input external delay
     1    0.004358    0.018155    0.003225    4.003225 v reset (in)
                                                         reset (net)
                      0.018155    0.000000    4.003225 v input3/A (sg13g2_buf_1)
     1    0.019871    0.069765    0.103083    4.106308 v input3/X (sg13g2_buf_1)
                                                         net3 (net)
                      0.069837    0.001961    4.108269 v fanout22/A (sg13g2_buf_1)
     4    0.026288    0.087634    0.143401    4.251670 v fanout22/X (sg13g2_buf_1)
                                                         net22 (net)
                      0.087690    0.001032    4.252702 v fanout20/A (sg13g2_buf_1)
     7    0.031206    0.102638    0.162850    4.415552 v fanout20/X (sg13g2_buf_1)
                                                         net20 (net)
                      0.102651    0.001242    4.416794 v fanout19/A (sg13g2_buf_1)
     8    0.035574    0.115971    0.178754    4.595549 v fanout19/X (sg13g2_buf_1)
                                                         net19 (net)
                      0.115976    0.000972    4.596520 v _083_/A (sg13g2_inv_1)
     1    0.006283    0.049824    0.067506    4.664026 ^ _083_/Y (sg13g2_inv_1)
                                                         _009_ (net)
                      0.049824    0.000041    4.664067 ^ _111_/RESET_B (sg13g2_dfrbpq_1)
                                              4.664067   data arrival time

                                 20.000000   20.000000   clock clk (rise edge)
                                  0.000000   20.000000   clock source latency
     1    0.049876    0.064457    0.043762   20.043762 ^ clk (in)
                                                         clk (net)
                      0.066940    0.000000   20.043762 ^ clkbuf_0_clk/A (sg13g2_buf_16)
     4    0.080607    0.034407    0.089432   20.133196 ^ clkbuf_0_clk/X (sg13g2_buf_16)
                                                         clknet_0_clk (net)
                      0.034924    0.003059   20.136253 ^ clkbuf_2_0__f_clk/A (sg13g2_buf_16)
     6    0.026689    0.021216    0.065452   20.201706 ^ clkbuf_2_0__f_clk/X (sg13g2_buf_16)
                                                         clknet_2_0__leaf_clk (net)
                      0.021217    0.000243   20.201950 ^ _111_/CLK (sg13g2_dfrbpq_1)
                                 -0.250000   19.951950   clock uncertainty
                                  0.000000   19.951950   clock reconvergence pessimism
                                 -0.129134   19.822817   library recovery time
                                             19.822817   data required time
---------------------------------------------------------------------------------------------
                                             19.822817   data required time
                                             -4.664067   data arrival time
---------------------------------------------------------------------------------------------
                                             15.158750   slack (MET)


Startpoint: reset (input port clocked by clk)
Endpoint: _112_ (recovery check against rising-edge clock clk)
Path Group: asynchronous
Path Type: max

Fanout         Cap        Slew       Delay        Time   Description
---------------------------------------------------------------------------------------------
                                  0.000000    0.000000   clock clk (rise edge)
                                  0.000000    0.000000   clock network delay (propagated)
                                  4.000000    4.000000 v input external delay
     1    0.004358    0.018155    0.003225    4.003225 v reset (in)
                                                         reset (net)
                      0.018155    0.000000    4.003225 v input3/A (sg13g2_buf_1)
     1    0.019871    0.069765    0.103083    4.106308 v input3/X (sg13g2_buf_1)
                                                         net3 (net)
                      0.069837    0.001961    4.108269 v fanout22/A (sg13g2_buf_1)
     4    0.026288    0.087634    0.143401    4.251670 v fanout22/X (sg13g2_buf_1)
                                                         net22 (net)
                      0.087690    0.001032    4.252702 v fanout20/A (sg13g2_buf_1)
     7    0.031206    0.102638    0.162850    4.415552 v fanout20/X (sg13g2_buf_1)
                                                         net20 (net)
                      0.102651    0.001242    4.416794 v fanout19/A (sg13g2_buf_1)
     8    0.035574    0.115971    0.178754    4.595549 v fanout19/X (sg13g2_buf_1)
                                                         net19 (net)
                      0.115971    0.000483    4.596031 v _084_/A (sg13g2_inv_1)
     1    0.006283    0.049823    0.067505    4.663537 ^ _084_/Y (sg13g2_inv_1)
                                                         _010_ (net)
                      0.049823    0.000041    4.663577 ^ _112_/RESET_B (sg13g2_dfrbpq_1)
                                              4.663577   data arrival time

                                 20.000000   20.000000   clock clk (rise edge)
                                  0.000000   20.000000   clock source latency
     1    0.049876    0.064457    0.043762   20.043762 ^ clk (in)
                                                         clk (net)
                      0.066940    0.000000   20.043762 ^ clkbuf_0_clk/A (sg13g2_buf_16)
     4    0.080607    0.034407    0.089432   20.133196 ^ clkbuf_0_clk/X (sg13g2_buf_16)
                                                         clknet_0_clk (net)
                      0.034924    0.003059   20.136253 ^ clkbuf_2_0__f_clk/A (sg13g2_buf_16)
     6    0.026689    0.021216    0.065452   20.201706 ^ clkbuf_2_0__f_clk/X (sg13g2_buf_16)
                                                         clknet_2_0__leaf_clk (net)
                      0.021217    0.000101   20.201807 ^ _112_/CLK (sg13g2_dfrbpq_1)
                                 -0.250000   19.951807   clock uncertainty
                                  0.000000   19.951807   clock reconvergence pessimism
                                 -0.129133   19.822674   library recovery time
                                             19.822674   data required time
---------------------------------------------------------------------------------------------
                                             19.822674   data required time
                                             -4.663577   data arrival time
---------------------------------------------------------------------------------------------
                                             15.159096   slack (MET)


Startpoint: _120_ (rising edge-triggered flip-flop clocked by clk)
Endpoint: dout[0] (output port clocked by clk)
Path Group: clk
Path Type: max

Fanout         Cap        Slew       Delay        Time   Description
---------------------------------------------------------------------------------------------
                                  0.000000    0.000000   clock clk (rise edge)
                                  0.000000    0.000000   clock source latency
     1    0.052549    0.067257    0.050880    0.050880 ^ clk (in)
                                                         clk (net)
                      0.070027    0.000000    0.050880 ^ clkbuf_0_clk/A (sg13g2_buf_16)
     4    0.091299    0.037008    0.102396    0.153276 ^ clkbuf_0_clk/X (sg13g2_buf_16)
                                                         clknet_0_clk (net)
                      0.037634    0.003860    0.157136 ^ clkbuf_2_0__f_clk/A (sg13g2_buf_16)
     6    0.029373    0.021948    0.074264    0.231400 ^ clkbuf_2_0__f_clk/X (sg13g2_buf_16)
                                                         clknet_2_0__leaf_clk (net)
                      0.021952    0.000603    0.232003 ^ _120_/CLK (sg13g2_dfrbpq_1)
     2    0.016776    0.076091    0.213783    0.445786 ^ _120_/Q (sg13g2_dfrbpq_1)
                                                         net5 (net)
                      0.076100    0.000979    0.446765 ^ output5/A (sg13g2_buf_1)
     1    0.006000    0.036645    0.093430    0.540194 ^ output5/X (sg13g2_buf_1)
                                                         dout[0] (net)
                      0.036645    0.000000    0.540194 ^ dout[0] (out)
                                              0.540194   data arrival time

                                 20.000000   20.000000   clock clk (rise edge)
                                  0.000000   20.000000   clock network delay (propagated)
                                 -0.250000   19.750002   clock uncertainty
                                  0.000000   19.750002   clock reconvergence pessimism
                                 -4.000000   15.750001   output external delay
                                             15.750001   data required time
---------------------------------------------------------------------------------------------
                                             15.750001   data required time
                                             -0.540194   data arrival time
---------------------------------------------------------------------------------------------
                                             15.209807   slack (MET)


Startpoint: _121_ (rising edge-triggered flip-flop clocked by clk)
Endpoint: dout[1] (output port clocked by clk)
Path Group: clk
Path Type: max

Fanout         Cap        Slew       Delay        Time   Description
---------------------------------------------------------------------------------------------
                                  0.000000    0.000000   clock clk (rise edge)
                                  0.000000    0.000000   clock source latency
     1    0.052549    0.067257    0.050880    0.050880 ^ clk (in)
                                                         clk (net)
                      0.070027    0.000000    0.050880 ^ clkbuf_0_clk/A (sg13g2_buf_16)
     4    0.091299    0.037008    0.102396    0.153276 ^ clkbuf_0_clk/X (sg13g2_buf_16)
                                                         clknet_0_clk (net)
                      0.037555    0.003559    0.156835 ^ clkbuf_2_1__f_clk/A (sg13g2_buf_16)
     6    0.028098    0.021658    0.073960    0.230795 ^ clkbuf_2_1__f_clk/X (sg13g2_buf_16)
                                                         clknet_2_1__leaf_clk (net)
                      0.021662    0.000640    0.231435 ^ _121_/CLK (sg13g2_dfrbpq_1)
     2    0.013704    0.064209    0.204419    0.435854 ^ _121_/Q (sg13g2_dfrbpq_1)
                                                         net8 (net)
                      0.064211    0.000467    0.436321 ^ output8/A (sg13g2_buf_1)
     1    0.006000    0.036236    0.088081    0.524402 ^ output8/X (sg13g2_buf_1)
                                                         dout[1] (net)
                      0.036236    0.000000    0.524402 ^ dout[1] (out)
                                              0.524402   data arrival time

                                 20.000000   20.000000   clock clk (rise edge)
                                  0.000000   20.000000   clock network delay (propagated)
                                 -0.250000   19.750002   clock uncertainty
                                  0.000000   19.750002   clock reconvergence pessimism
                                 -4.000000   15.750001   output external delay
                                             15.750001   data required time
---------------------------------------------------------------------------------------------
                                             15.750001   data required time
                                             -0.524402   data arrival time
---------------------------------------------------------------------------------------------
                                             15.225599   slack (MET)


Startpoint: _107_ (rising edge-triggered flip-flop clocked by clk)
Endpoint: dout[11] (output port clocked by clk)
Path Group: clk
Path Type: max

Fanout         Cap        Slew       Delay        Time   Description
---------------------------------------------------------------------------------------------
                                  0.000000    0.000000   clock clk (rise edge)
                                  0.000000    0.000000   clock source latency
     1    0.052549    0.067257    0.050880    0.050880 ^ clk (in)
                                                         clk (net)
                      0.070027    0.000000    0.050880 ^ clkbuf_0_clk/A (sg13g2_buf_16)
     4    0.091299    0.037008    0.102396    0.153276 ^ clkbuf_0_clk/X (sg13g2_buf_16)
                                                         clknet_0_clk (net)
                      0.037461    0.003177    0.156453 ^ clkbuf_2_3__f_clk/A (sg13g2_buf_16)
     6    0.025540    0.021075    0.073357    0.229810 ^ clkbuf_2_3__f_clk/X (sg13g2_buf_16)
                                                         clknet_2_3__leaf_clk (net)
                      0.021081    0.000758    0.230568 ^ _107_/CLK (sg13g2_dfrbpq_1)
     2    0.012770    0.060608    0.201319    0.431887 ^ _107_/Q (sg13g2_dfrbpq_1)
                                                         net7 (net)
                      0.060608    0.000309    0.432196 ^ output7/A (sg13g2_buf_1)
     1    0.006000    0.036111    0.086461    0.518657 ^ output7/X (sg13g2_buf_1)
                                                         dout[11] (net)
                      0.036111    0.000000    0.518657 ^ dout[11] (out)
                                              0.518657   data arrival time

                                 20.000000   20.000000   clock clk (rise edge)
                                  0.000000   20.000000   clock network delay (propagated)
                                 -0.250000   19.750002   clock uncertainty
                                  0.000000   19.750002   clock reconvergence pessimism
                                 -4.000000   15.750001   output external delay
                                             15.750001   data required time
---------------------------------------------------------------------------------------------
                                             15.750001   data required time
                                             -0.518657   data arrival time
---------------------------------------------------------------------------------------------
                                             15.231343   slack (MET)


Startpoint: _098_ (rising edge-triggered flip-flop clocked by clk)
Endpoint: dout[2] (output port clocked by clk)
Path Group: clk
Path Type: max

Fanout         Cap        Slew       Delay        Time   Description
---------------------------------------------------------------------------------------------
                                  0.000000    0.000000   clock clk (rise edge)
                                  0.000000    0.000000   clock source latency
     1    0.052549    0.067257    0.050880    0.050880 ^ clk (in)
                                                         clk (net)
                      0.070027    0.000000    0.050880 ^ clkbuf_0_clk/A (sg13g2_buf_16)
     4    0.091299    0.037008    0.102396    0.153276 ^ clkbuf_0_clk/X (sg13g2_buf_16)
                                                         clknet_0_clk (net)
                      0.037555    0.003559    0.156835 ^ clkbuf_2_1__f_clk/A (sg13g2_buf_16)
     6    0.028098    0.021658    0.073960    0.230795 ^ clkbuf_2_1__f_clk/X (sg13g2_buf_16)
                                                         clknet_2_1__leaf_clk (net)
                      0.021661    0.000580    0.231375 ^ _098_/CLK (sg13g2_dfrbpq_1)
     2    0.011470    0.055640    0.197610    0.428984 ^ _098_/Q (sg13g2_dfrbpq_1)
                                                         net9 (net)
                      0.055641    0.000312    0.429297 ^ output9/A (sg13g2_buf_1)
     1    0.006000    0.035940    0.084227    0.513523 ^ output9/X (sg13g2_buf_1)
                                                         dout[2] (net)
                      0.035940    0.000000    0.513523 ^ dout[2] (out)
                                              0.513523   data arrival time

                                 20.000000   20.000000   clock clk (rise edge)
                                  0.000000   20.000000   clock network delay (propagated)
                                 -0.250000   19.750002   clock uncertainty
                                  0.000000   19.750002   clock reconvergence pessimism
                                 -4.000000   15.750001   output external delay
                                             15.750001   data required time
---------------------------------------------------------------------------------------------
                                             15.750001   data required time
                                             -0.513523   data arrival time
---------------------------------------------------------------------------------------------
                                             15.236478   slack (MET)


Startpoint: _099_ (rising edge-triggered flip-flop clocked by clk)
Endpoint: dout[3] (output port clocked by clk)
Path Group: clk
Path Type: max

Fanout         Cap        Slew       Delay        Time   Description
---------------------------------------------------------------------------------------------
                                  0.000000    0.000000   clock clk (rise edge)
                                  0.000000    0.000000   clock source latency
     1    0.052549    0.067257    0.050880    0.050880 ^ clk (in)
                                                         clk (net)
                      0.070027    0.000000    0.050880 ^ clkbuf_0_clk/A (sg13g2_buf_16)
     4    0.091299    0.037008    0.102396    0.153276 ^ clkbuf_0_clk/X (sg13g2_buf_16)
                                                         clknet_0_clk (net)
                      0.037555    0.003559    0.156835 ^ clkbuf_2_1__f_clk/A (sg13g2_buf_16)
     6    0.028098    0.021658    0.073960    0.230795 ^ clkbuf_2_1__f_clk/X (sg13g2_buf_16)
                                                         clknet_2_1__leaf_clk (net)
                      0.021660    0.000446    0.231241 ^ _099_/CLK (sg13g2_dfrbpq_1)
     2    0.008237    0.043367    0.187798    0.419040 ^ _099_/Q (sg13g2_dfrbpq_1)
                                                         net10 (net)
                      0.043367    0.000097    0.419137 ^ output10/A (sg13g2_buf_1)
     1    0.006000    0.035517    0.078705    0.497842 ^ output10/X (sg13g2_buf_1)
                                                         dout[3] (net)
                      0.035517    0.000000    0.497842 ^ dout[3] (out)
                                              0.497842   data arrival time

                                 20.000000   20.000000   clock clk (rise edge)
                                  0.000000   20.000000   clock network delay (propagated)
                                 -0.250000   19.750002   clock uncertainty
                                  0.000000   19.750002   clock reconvergence pessimism
                                 -4.000000   15.750001   output external delay
                                             15.750001   data required time
---------------------------------------------------------------------------------------------
                                             15.750001   data required time
                                             -0.497842   data arrival time
---------------------------------------------------------------------------------------------
                                             15.252159   slack (MET)


Startpoint: _106_ (rising edge-triggered flip-flop clocked by clk)
Endpoint: dout[10] (output port clocked by clk)
Path Group: clk
Path Type: max

Fanout         Cap        Slew       Delay        Time   Description
---------------------------------------------------------------------------------------------
                                  0.000000    0.000000   clock clk (rise edge)
                                  0.000000    0.000000   clock source latency
     1    0.052549    0.067257    0.050880    0.050880 ^ clk (in)
                                                         clk (net)
                      0.070027    0.000000    0.050880 ^ clkbuf_0_clk/A (sg13g2_buf_16)
     4    0.091299    0.037008    0.102396    0.153276 ^ clkbuf_0_clk/X (sg13g2_buf_16)
                                                         clknet_0_clk (net)
                      0.037461    0.003177    0.156453 ^ clkbuf_2_3__f_clk/A (sg13g2_buf_16)
     6    0.025540    0.021075    0.073357    0.229810 ^ clkbuf_2_3__f_clk/X (sg13g2_buf_16)
                                                         clknet_2_3__leaf_clk (net)
                      0.021081    0.000757    0.230567 ^ _106_/CLK (sg13g2_dfrbpq_1)
     2    0.007301    0.039866    0.184644    0.415211 ^ _106_/Q (sg13g2_dfrbpq_1)
                                                         net6 (net)
                      0.039866    0.000084    0.415295 ^ output6/A (sg13g2_buf_1)
     1    0.006000    0.035397    0.077131    0.492426 ^ output6/X (sg13g2_buf_1)
                                                         dout[10] (net)
                      0.035397    0.000000    0.492426 ^ dout[10] (out)
                                              0.492426   data arrival time

                                 20.000000   20.000000   clock clk (rise edge)
                                  0.000000   20.000000   clock network delay (propagated)
                                 -0.250000   19.750002   clock uncertainty
                                  0.000000   19.750002   clock reconvergence pessimism
                                 -4.000000   15.750001   output external delay
                                             15.750001   data required time
---------------------------------------------------------------------------------------------
                                             15.750001   data required time
                                             -0.492426   data arrival time
---------------------------------------------------------------------------------------------
                                             15.257575   slack (MET)


Startpoint: _101_ (rising edge-triggered flip-flop clocked by clk)
Endpoint: dout[5] (output port clocked by clk)
Path Group: clk
Path Type: max

Fanout         Cap        Slew       Delay        Time   Description
---------------------------------------------------------------------------------------------
                                  0.000000    0.000000   clock clk (rise edge)
                                  0.000000    0.000000   clock source latency
     1    0.052549    0.067257    0.050880    0.050880 ^ clk (in)
                                                         clk (net)
                      0.070027    0.000000    0.050880 ^ clkbuf_0_clk/A (sg13g2_buf_16)
     4    0.091299    0.037008    0.102396    0.153276 ^ clkbuf_0_clk/X (sg13g2_buf_16)
                                                         clknet_0_clk (net)
                      0.037555    0.003559    0.156835 ^ clkbuf_2_1__f_clk/A (sg13g2_buf_16)
     6    0.028098    0.021658    0.073960    0.230795 ^ clkbuf_2_1__f_clk/X (sg13g2_buf_16)
                                                         clknet_2_1__leaf_clk (net)
                      0.021658    0.000189    0.230984 ^ _101_/CLK (sg13g2_dfrbpq_1)
     2    0.005762    0.034173    0.180235    0.411219 ^ _101_/Q (sg13g2_dfrbpq_1)
                                                         net12 (net)
                      0.034173    0.000058    0.411276 ^ output12/A (sg13g2_buf_1)
     1    0.006000    0.035200    0.074570    0.485846 ^ output12/X (sg13g2_buf_1)
                                                         dout[5] (net)
                      0.035200    0.000000    0.485846 ^ dout[5] (out)
                                              0.485846   data arrival time

                                 20.000000   20.000000   clock clk (rise edge)
                                  0.000000   20.000000   clock network delay (propagated)
                                 -0.250000   19.750002   clock uncertainty
                                  0.000000   19.750002   clock reconvergence pessimism
                                 -4.000000   15.750001   output external delay
                                             15.750001   data required time
---------------------------------------------------------------------------------------------
                                             15.750001   data required time
                                             -0.485846   data arrival time
---------------------------------------------------------------------------------------------
                                             15.264154   slack (MET)


Startpoint: _104_ (rising edge-triggered flip-flop clocked by clk)
Endpoint: dout[8] (output port clocked by clk)
Path Group: clk
Path Type: max

Fanout         Cap        Slew       Delay        Time   Description
---------------------------------------------------------------------------------------------
                                  0.000000    0.000000   clock clk (rise edge)
                                  0.000000    0.000000   clock source latency
     1    0.052549    0.067257    0.050880    0.050880 ^ clk (in)
                                                         clk (net)
                      0.070027    0.000000    0.050880 ^ clkbuf_0_clk/A (sg13g2_buf_16)
     4    0.091299    0.037008    0.102396    0.153276 ^ clkbuf_0_clk/X (sg13g2_buf_16)
                                                         clknet_0_clk (net)
                      0.037334    0.002605    0.155881 ^ clkbuf_2_2__f_clk/A (sg13g2_buf_16)
     6    0.030482    0.022184    0.074274    0.230155 ^ clkbuf_2_2__f_clk/X (sg13g2_buf_16)
                                                         clknet_2_2__leaf_clk (net)
                      0.022185    0.000126    0.230282 ^ _104_/CLK (sg13g2_dfrbpq_1)
     2    0.005379    0.032788    0.179332    0.409614 ^ _104_/Q (sg13g2_dfrbpq_1)
                                                         net15 (net)
                      0.032788    0.000043    0.409657 ^ output15/A (sg13g2_buf_1)
     1    0.006000    0.035153    0.073947    0.483603 ^ output15/X (sg13g2_buf_1)
                                                         dout[8] (net)
                      0.035153    0.000000    0.483603 ^ dout[8] (out)
                                              0.483603   data arrival time

                                 20.000000   20.000000   clock clk (rise edge)
                                  0.000000   20.000000   clock network delay (propagated)
                                 -0.250000   19.750002   clock uncertainty
                                  0.000000   19.750002   clock reconvergence pessimism
                                 -4.000000   15.750001   output external delay
                                             15.750001   data required time
---------------------------------------------------------------------------------------------
                                             15.750001   data required time
                                             -0.483603   data arrival time
---------------------------------------------------------------------------------------------
                                             15.266398   slack (MET)


Startpoint: done_in (input port clocked by clk)
Endpoint: _106_ (rising edge-triggered flip-flop clocked by clk)
Path Group: clk
Path Type: max

Fanout         Cap        Slew       Delay        Time   Description
---------------------------------------------------------------------------------------------
                                  0.000000    0.000000   clock clk (rise edge)
                                  0.000000    0.000000   clock network delay (propagated)
                                  4.000000    4.000000 ^ input external delay
     1    0.003274    0.020481    0.002821    4.002821 ^ done_in (in)
                                                         done_in (net)
                      0.020481    0.000000    4.002821 ^ input2/A (sg13g2_buf_1)
     2    0.028982    0.124029    0.136668    4.139489 ^ input2/X (sg13g2_buf_1)
                                                         net2 (net)
                      0.124191    0.003836    4.143325 ^ fanout24/A (sg13g2_buf_1)
     5    0.041047    0.172511    0.215676    4.359001 ^ fanout24/X (sg13g2_buf_1)
                                                         net24 (net)
                      0.172515    0.000744    4.359745 ^ _070_/S (sg13g2_mux2_1)
     1    0.002459    0.034388    0.207004    4.566749 v _070_/X (sg13g2_mux2_1)
                                                         _028_ (net)
                      0.034388    0.000023    4.566772 v _106_/D (sg13g2_dfrbpq_1)
                                              4.566772   data arrival time

                                 20.000000   20.000000   clock clk (rise edge)
                                  0.000000   20.000000   clock source latency
     1    0.049876    0.064457    0.043762   20.043762 ^ clk (in)
                                                         clk (net)
                      0.066940    0.000000   20.043762 ^ clkbuf_0_clk/A (sg13g2_buf_16)
     4    0.080607    0.034407    0.089432   20.133196 ^ clkbuf_0_clk/X (sg13g2_buf_16)
                                                         clknet_0_clk (net)
                      0.034791    0.002519   20.135714 ^ clkbuf_2_3__f_clk/A (sg13g2_buf_16)
     6    0.022856    0.020339    0.064654   20.200369 ^ clkbuf_2_3__f_clk/X (sg13g2_buf_16)
                                                         clknet_2_3__leaf_clk (net)
                      0.020344    0.000609   20.200977 ^ _106_/CLK (sg13g2_dfrbpq_1)
                                 -0.250000   19.950979   clock uncertainty
                                  0.000000   19.950979   clock reconvergence pessimism
                                 -0.117720   19.833258   library setup time
                                             19.833258   data required time
---------------------------------------------------------------------------------------------
                                             19.833258   data required time
                                             -4.566772   data arrival time
---------------------------------------------------------------------------------------------
                                             15.266485   slack (MET)


Startpoint: _102_ (rising edge-triggered flip-flop clocked by clk)
Endpoint: dout[6] (output port clocked by clk)
Path Group: clk
Path Type: max

Fanout         Cap        Slew       Delay        Time   Description
---------------------------------------------------------------------------------------------
                                  0.000000    0.000000   clock clk (rise edge)
                                  0.000000    0.000000   clock source latency
     1    0.052549    0.067257    0.050880    0.050880 ^ clk (in)
                                                         clk (net)
                      0.070027    0.000000    0.050880 ^ clkbuf_0_clk/A (sg13g2_buf_16)
     4    0.091299    0.037008    0.102396    0.153276 ^ clkbuf_0_clk/X (sg13g2_buf_16)
                                                         clknet_0_clk (net)
                      0.037334    0.002605    0.155881 ^ clkbuf_2_2__f_clk/A (sg13g2_buf_16)
     6    0.030482    0.022184    0.074274    0.230155 ^ clkbuf_2_2__f_clk/X (sg13g2_buf_16)
                                                         clknet_2_2__leaf_clk (net)
                      0.022195    0.001079    0.231234 ^ _102_/CLK (sg13g2_dfrbpq_1)
     2    0.005127    0.031885    0.178561    0.409796 ^ _102_/Q (sg13g2_dfrbpq_1)
                                                         net13 (net)
                      0.031885    0.000055    0.409851 ^ output13/A (sg13g2_buf_1)
     1    0.006000    0.035122    0.073541    0.483391 ^ output13/X (sg13g2_buf_1)
                                                         dout[6] (net)
                      0.035122    0.000000    0.483391 ^ dout[6] (out)
                                              0.483391   data arrival time

                                 20.000000   20.000000   clock clk (rise edge)
                                  0.000000   20.000000   clock network delay (propagated)
                                 -0.250000   19.750002   clock uncertainty
                                  0.000000   19.750002   clock reconvergence pessimism
                                 -4.000000   15.750001   output external delay
                                             15.750001   data required time
---------------------------------------------------------------------------------------------
                                             15.750001   data required time
                                             -0.483391   data arrival time
---------------------------------------------------------------------------------------------
                                             15.266610   slack (MET)


Startpoint: _103_ (rising edge-triggered flip-flop clocked by clk)
Endpoint: dout[7] (output port clocked by clk)
Path Group: clk
Path Type: max

Fanout         Cap        Slew       Delay        Time   Description
---------------------------------------------------------------------------------------------
                                  0.000000    0.000000   clock clk (rise edge)
                                  0.000000    0.000000   clock source latency
     1    0.052549    0.067257    0.050880    0.050880 ^ clk (in)
                                                         clk (net)
                      0.070027    0.000000    0.050880 ^ clkbuf_0_clk/A (sg13g2_buf_16)
     4    0.091299    0.037008    0.102396    0.153276 ^ clkbuf_0_clk/X (sg13g2_buf_16)
                                                         clknet_0_clk (net)
                      0.037334    0.002605    0.155881 ^ clkbuf_2_2__f_clk/A (sg13g2_buf_16)
     6    0.030482    0.022184    0.074274    0.230155 ^ clkbuf_2_2__f_clk/X (sg13g2_buf_16)
                                                         clknet_2_2__leaf_clk (net)
                      0.022188    0.000615    0.230770 ^ _103_/CLK (sg13g2_dfrbpq_1)
     2    0.004979    0.031361    0.178113    0.408883 ^ _103_/Q (sg13g2_dfrbpq_1)
                                                         net14 (net)
                      0.031361    0.000027    0.408910 ^ output14/A (sg13g2_buf_1)
     1    0.006000    0.035104    0.073305    0.482214 ^ output14/X (sg13g2_buf_1)
                                                         dout[7] (net)
                      0.035104    0.000000    0.482214 ^ dout[7] (out)
                                              0.482214   data arrival time

                                 20.000000   20.000000   clock clk (rise edge)
                                  0.000000   20.000000   clock network delay (propagated)
                                 -0.250000   19.750002   clock uncertainty
                                  0.000000   19.750002   clock reconvergence pessimism
                                 -4.000000   15.750001   output external delay
                                             15.750001   data required time
---------------------------------------------------------------------------------------------
                                             15.750001   data required time
                                             -0.482214   data arrival time
---------------------------------------------------------------------------------------------
                                             15.267786   slack (MET)


Startpoint: _105_ (rising edge-triggered flip-flop clocked by clk)
Endpoint: dout[9] (output port clocked by clk)
Path Group: clk
Path Type: max

Fanout         Cap        Slew       Delay        Time   Description
---------------------------------------------------------------------------------------------
                                  0.000000    0.000000   clock clk (rise edge)
                                  0.000000    0.000000   clock source latency
     1    0.052549    0.067257    0.050880    0.050880 ^ clk (in)
                                                         clk (net)
                      0.070027    0.000000    0.050880 ^ clkbuf_0_clk/A (sg13g2_buf_16)
     4    0.091299    0.037008    0.102396    0.153276 ^ clkbuf_0_clk/X (sg13g2_buf_16)
                                                         clknet_0_clk (net)
                      0.037461    0.003177    0.156453 ^ clkbuf_2_3__f_clk/A (sg13g2_buf_16)
     6    0.025540    0.021075    0.073357    0.229810 ^ clkbuf_2_3__f_clk/X (sg13g2_buf_16)
                                                         clknet_2_3__leaf_clk (net)
                      0.021077    0.000368    0.230179 ^ _105_/CLK (sg13g2_dfrbpq_1)
     2    0.005047    0.031603    0.177758    0.407937 ^ _105_/Q (sg13g2_dfrbpq_1)
                                                         net16 (net)
                      0.031603    0.000023    0.407960 ^ output16/A (sg13g2_buf_1)
     1    0.006000    0.035112    0.073413    0.481373 ^ output16/X (sg13g2_buf_1)
                                                         dout[9] (net)
                      0.035112    0.000000    0.481373 ^ dout[9] (out)
                                              0.481373   data arrival time

                                 20.000000   20.000000   clock clk (rise edge)
                                  0.000000   20.000000   clock network delay (propagated)
                                 -0.250000   19.750002   clock uncertainty
                                  0.000000   19.750002   clock reconvergence pessimism
                                 -4.000000   15.750001   output external delay
                                             15.750001   data required time
---------------------------------------------------------------------------------------------
                                             15.750001   data required time
                                             -0.481373   data arrival time
---------------------------------------------------------------------------------------------
                                             15.268628   slack (MET)


Startpoint: _100_ (rising edge-triggered flip-flop clocked by clk)
Endpoint: dout[4] (output port clocked by clk)
Path Group: clk
Path Type: max

Fanout         Cap        Slew       Delay        Time   Description
---------------------------------------------------------------------------------------------
                                  0.000000    0.000000   clock clk (rise edge)
                                  0.000000    0.000000   clock source latency
     1    0.052549    0.067257    0.050880    0.050880 ^ clk (in)
                                                         clk (net)
                      0.070027    0.000000    0.050880 ^ clkbuf_0_clk/A (sg13g2_buf_16)
     4    0.091299    0.037008    0.102396    0.153276 ^ clkbuf_0_clk/X (sg13g2_buf_16)
                                                         clknet_0_clk (net)
                      0.037555    0.003559    0.156835 ^ clkbuf_2_1__f_clk/A (sg13g2_buf_16)
     6    0.028098    0.021658    0.073960    0.230795 ^ clkbuf_2_1__f_clk/X (sg13g2_buf_16)
                                                         clknet_2_1__leaf_clk (net)
                      0.021658    0.000234    0.231029 ^ _100_/CLK (sg13g2_dfrbpq_1)
     2    0.004621    0.030084    0.176746    0.407776 ^ _100_/Q (sg13g2_dfrbpq_1)
                                                         net11 (net)
                      0.030084    0.000034    0.407810 ^ output11/A (sg13g2_buf_1)
     1    0.006000    0.035060    0.072730    0.480540 ^ output11/X (sg13g2_buf_1)
                                                         dout[4] (net)
                      0.035060    0.000000    0.480540 ^ dout[4] (out)
                                              0.480540   data arrival time

                                 20.000000   20.000000   clock clk (rise edge)
                                  0.000000   20.000000   clock network delay (propagated)
                                 -0.250000   19.750002   clock uncertainty
                                  0.000000   19.750002   clock reconvergence pessimism
                                 -4.000000   15.750001   output external delay
                                             15.750001   data required time
---------------------------------------------------------------------------------------------
                                             15.750001   data required time
                                             -0.480540   data arrival time
---------------------------------------------------------------------------------------------
                                             15.269461   slack (MET)


Startpoint: reset (input port clocked by clk)
Endpoint: _105_ (recovery check against rising-edge clock clk)
Path Group: asynchronous
Path Type: max

Fanout         Cap        Slew       Delay        Time   Description
---------------------------------------------------------------------------------------------
                                  0.000000    0.000000   clock clk (rise edge)
                                  0.000000    0.000000   clock network delay (propagated)
                                  4.000000    4.000000 v input external delay
     1    0.004358    0.018155    0.003225    4.003225 v reset (in)
                                                         reset (net)
                      0.018155    0.000000    4.003225 v input3/A (sg13g2_buf_1)
     1    0.019871    0.069765    0.103083    4.106308 v input3/X (sg13g2_buf_1)
                                                         net3 (net)
                      0.069837    0.001961    4.108269 v fanout22/A (sg13g2_buf_1)
     4    0.026288    0.087634    0.143401    4.251670 v fanout22/X (sg13g2_buf_1)
                                                         net22 (net)
                      0.087674    0.000134    4.251804 v fanout21/A (sg13g2_buf_1)
     8    0.039346    0.126974    0.181982    4.433786 v fanout21/X (sg13g2_buf_1)
                                                         net21 (net)
                      0.126974    0.000115    4.433901 v _077_/A (sg13g2_inv_1)
     1    0.007299    0.055371    0.074369    4.508270 ^ _077_/Y (sg13g2_inv_1)
                                                         _003_ (net)
                      0.055371    0.000107    4.508377 ^ _105_/RESET_B (sg13g2_dfrbpq_1)
                                              4.508377   data arrival time

                                 20.000000   20.000000   clock clk (rise edge)
                                  0.000000   20.000000   clock source latency
     1    0.049876    0.064457    0.043762   20.043762 ^ clk (in)
                                                         clk (net)
                      0.066940    0.000000   20.043762 ^ clkbuf_0_clk/A (sg13g2_buf_16)
     4    0.080607    0.034407    0.089432   20.133196 ^ clkbuf_0_clk/X (sg13g2_buf_16)
                                                         clknet_0_clk (net)
                      0.034791    0.002519   20.135714 ^ clkbuf_2_3__f_clk/A (sg13g2_buf_16)
     6    0.022856    0.020339    0.064654   20.200369 ^ clkbuf_2_3__f_clk/X (sg13g2_buf_16)
                                                         clknet_2_3__leaf_clk (net)
                      0.020340    0.000297   20.200665 ^ _105_/CLK (sg13g2_dfrbpq_1)
                                 -0.250000   19.950666   clock uncertainty
                                  0.000000   19.950666   clock reconvergence pessimism
                                 -0.130979   19.819687   library recovery time
                                             19.819687   data required time
---------------------------------------------------------------------------------------------
                                             19.819687   data required time
                                             -4.508377   data arrival time
---------------------------------------------------------------------------------------------
                                             15.311308   slack (MET)


Startpoint: reset (input port clocked by clk)
Endpoint: _115_ (recovery check against rising-edge clock clk)
Path Group: asynchronous
Path Type: max

Fanout         Cap        Slew       Delay        Time   Description
---------------------------------------------------------------------------------------------
                                  0.000000    0.000000   clock clk (rise edge)
                                  0.000000    0.000000   clock network delay (propagated)
                                  4.000000    4.000000 v input external delay
     1    0.004358    0.018155    0.003225    4.003225 v reset (in)
                                                         reset (net)
                      0.018155    0.000000    4.003225 v input3/A (sg13g2_buf_1)
     1    0.019871    0.069765    0.103083    4.106308 v input3/X (sg13g2_buf_1)
                                                         net3 (net)
                      0.069837    0.001961    4.108269 v fanout22/A (sg13g2_buf_1)
     4    0.026288    0.087634    0.143401    4.251670 v fanout22/X (sg13g2_buf_1)
                                                         net22 (net)
                      0.087674    0.000134    4.251804 v fanout21/A (sg13g2_buf_1)
     8    0.039346    0.126974    0.181982    4.433786 v fanout21/X (sg13g2_buf_1)
                                                         net21 (net)
                      0.127039    0.001575    4.435361 v _087_/A (sg13g2_inv_1)
     1    0.006881    0.053796    0.072498    4.507859 ^ _087_/Y (sg13g2_inv_1)
                                                         _013_ (net)
                      0.053796    0.000083    4.507942 ^ _115_/RESET_B (sg13g2_dfrbpq_1)
                                              4.507942   data arrival time

                                 20.000000   20.000000   clock clk (rise edge)
                                  0.000000   20.000000   clock source latency
     1    0.049876    0.064457    0.043762   20.043762 ^ clk (in)
                                                         clk (net)
                      0.066940    0.000000   20.043762 ^ clkbuf_0_clk/A (sg13g2_buf_16)
     4    0.080607    0.034407    0.089432   20.133196 ^ clkbuf_0_clk/X (sg13g2_buf_16)
                                                         clknet_0_clk (net)
                      0.034694    0.002069   20.135265 ^ clkbuf_2_2__f_clk/A (sg13g2_buf_16)
     6    0.027798    0.021457    0.065500   20.200764 ^ clkbuf_2_2__f_clk/X (sg13g2_buf_16)
                                                         clknet_2_2__leaf_clk (net)
                      0.021464    0.000766   20.201530 ^ _115_/CLK (sg13g2_dfrbpq_1)
                                 -0.250000   19.951530   clock uncertainty
                                  0.000000   19.951530   clock reconvergence pessimism
                                 -0.130331   19.821199   library recovery time
                                             19.821199   data required time
---------------------------------------------------------------------------------------------
                                             19.821199   data required time
                                             -4.507942   data arrival time
---------------------------------------------------------------------------------------------
                                             15.313259   slack (MET)


Startpoint: reset (input port clocked by clk)
Endpoint: _117_ (recovery check against rising-edge clock clk)
Path Group: asynchronous
Path Type: max

Fanout         Cap        Slew       Delay        Time   Description
---------------------------------------------------------------------------------------------
                                  0.000000    0.000000   clock clk (rise edge)
                                  0.000000    0.000000   clock network delay (propagated)
                                  4.000000    4.000000 v input external delay
     1    0.004358    0.018155    0.003225    4.003225 v reset (in)
                                                         reset (net)
                      0.018155    0.000000    4.003225 v input3/A (sg13g2_buf_1)
     1    0.019871    0.069765    0.103083    4.106308 v input3/X (sg13g2_buf_1)
                                                         net3 (net)
                      0.069837    0.001961    4.108269 v fanout22/A (sg13g2_buf_1)
     4    0.026288    0.087634    0.143401    4.251670 v fanout22/X (sg13g2_buf_1)
                                                         net22 (net)
                      0.087674    0.000134    4.251804 v fanout21/A (sg13g2_buf_1)
     8    0.039346    0.126974    0.181982    4.433786 v fanout21/X (sg13g2_buf_1)
                                                         net21 (net)
                      0.126975    0.000732    4.434518 v _089_/A (sg13g2_inv_1)
     1    0.006672    0.053002    0.071542    4.506060 ^ _089_/Y (sg13g2_inv_1)
                                                         _015_ (net)
                      0.053002    0.000067    4.506127 ^ _117_/RESET_B (sg13g2_dfrbpq_1)
                                              4.506127   data arrival time

                                 20.000000   20.000000   clock clk (rise edge)
                                  0.000000   20.000000   clock source latency
     1    0.049876    0.064457    0.043762   20.043762 ^ clk (in)
                                                         clk (net)
                      0.066940    0.000000   20.043762 ^ clkbuf_0_clk/A (sg13g2_buf_16)
     4    0.080607    0.034407    0.089432   20.133196 ^ clkbuf_0_clk/X (sg13g2_buf_16)
                                                         clknet_0_clk (net)
                      0.034791    0.002519   20.135714 ^ clkbuf_2_3__f_clk/A (sg13g2_buf_16)
     6    0.022856    0.020339    0.064654   20.200369 ^ clkbuf_2_3__f_clk/X (sg13g2_buf_16)
                                                         clknet_2_3__leaf_clk (net)
                      0.020339    0.000060   20.200428 ^ _117_/CLK (sg13g2_dfrbpq_1)
                                 -0.250000   19.950430   clock uncertainty
                                  0.000000   19.950430   clock reconvergence pessimism
                                 -0.130244   19.820185   library recovery time
                                             19.820185   data required time
---------------------------------------------------------------------------------------------
                                             19.820185   data required time
                                             -4.506127   data arrival time
---------------------------------------------------------------------------------------------
                                             15.314058   slack (MET)


Startpoint: reset (input port clocked by clk)
Endpoint: _107_ (recovery check against rising-edge clock clk)
Path Group: asynchronous
Path Type: max

Fanout         Cap        Slew       Delay        Time   Description
---------------------------------------------------------------------------------------------
                                  0.000000    0.000000   clock clk (rise edge)
                                  0.000000    0.000000   clock network delay (propagated)
                                  4.000000    4.000000 v input external delay
     1    0.004358    0.018155    0.003225    4.003225 v reset (in)
                                                         reset (net)
                      0.018155    0.000000    4.003225 v input3/A (sg13g2_buf_1)
     1    0.019871    0.069765    0.103083    4.106308 v input3/X (sg13g2_buf_1)
                                                         net3 (net)
                      0.069837    0.001961    4.108269 v fanout22/A (sg13g2_buf_1)
     4    0.026288    0.087634    0.143401    4.251670 v fanout22/X (sg13g2_buf_1)
                                                         net22 (net)
                      0.087674    0.000134    4.251804 v fanout21/A (sg13g2_buf_1)
     8    0.039346    0.126974    0.181982    4.433786 v fanout21/X (sg13g2_buf_1)
                                                         net21 (net)
                      0.126974    0.000173    4.433959 v _079_/A (sg13g2_inv_1)
     1    0.006842    0.053637    0.072310    4.506269 ^ _079_/Y (sg13g2_inv_1)
                                                         _005_ (net)
                      0.053637    0.000074    4.506343 ^ _107_/RESET_B (sg13g2_dfrbpq_1)
                                              4.506343   data arrival time

                                 20.000000   20.000000   clock clk (rise edge)
                                  0.000000   20.000000   clock source latency
     1    0.049876    0.064457    0.043762   20.043762 ^ clk (in)
                                                         clk (net)
                      0.066940    0.000000   20.043762 ^ clkbuf_0_clk/A (sg13g2_buf_16)
     4    0.080607    0.034407    0.089432   20.133196 ^ clkbuf_0_clk/X (sg13g2_buf_16)
                                                         clknet_0_clk (net)
                      0.034791    0.002519   20.135714 ^ clkbuf_2_3__f_clk/A (sg13g2_buf_16)
     6    0.022856    0.020339    0.064654   20.200369 ^ clkbuf_2_3__f_clk/X (sg13g2_buf_16)
                                                         clknet_2_3__leaf_clk (net)
                      0.020344    0.000611   20.200979 ^ _107_/CLK (sg13g2_dfrbpq_1)
                                 -0.250000   19.950979   clock uncertainty
                                  0.000000   19.950979   clock reconvergence pessimism
                                 -0.130440   19.820541   library recovery time
                                             19.820541   data required time
---------------------------------------------------------------------------------------------
                                             19.820541   data required time
                                             -4.506343   data arrival time
---------------------------------------------------------------------------------------------
                                             15.314197   slack (MET)


Startpoint: reset (input port clocked by clk)
Endpoint: _104_ (recovery check against rising-edge clock clk)
Path Group: asynchronous
Path Type: max

Fanout         Cap        Slew       Delay        Time   Description
---------------------------------------------------------------------------------------------
                                  0.000000    0.000000   clock clk (rise edge)
                                  0.000000    0.000000   clock network delay (propagated)
                                  4.000000    4.000000 v input external delay
     1    0.004358    0.018155    0.003225    4.003225 v reset (in)
                                                         reset (net)
                      0.018155    0.000000    4.003225 v input3/A (sg13g2_buf_1)
     1    0.019871    0.069765    0.103083    4.106308 v input3/X (sg13g2_buf_1)
                                                         net3 (net)
                      0.069837    0.001961    4.108269 v fanout22/A (sg13g2_buf_1)
     4    0.026288    0.087634    0.143401    4.251670 v fanout22/X (sg13g2_buf_1)
                                                         net22 (net)
                      0.087674    0.000134    4.251804 v fanout21/A (sg13g2_buf_1)
     8    0.039346    0.126974    0.181982    4.433786 v fanout21/X (sg13g2_buf_1)
                                                         net21 (net)
                      0.126978    0.000935    4.434721 v _076_/A (sg13g2_inv_1)
     1    0.006654    0.052937    0.071462    4.506183 ^ _076_/Y (sg13g2_inv_1)
                                                         _002_ (net)
                      0.052937    0.000066    4.506249 ^ _104_/RESET_B (sg13g2_dfrbpq_1)
                                              4.506249   data arrival time

                                 20.000000   20.000000   clock clk (rise edge)
                                  0.000000   20.000000   clock source latency
     1    0.049876    0.064457    0.043762   20.043762 ^ clk (in)
                                                         clk (net)
                      0.066940    0.000000   20.043762 ^ clkbuf_0_clk/A (sg13g2_buf_16)
     4    0.080607    0.034407    0.089432   20.133196 ^ clkbuf_0_clk/X (sg13g2_buf_16)
                                                         clknet_0_clk (net)
                      0.034694    0.002069   20.135265 ^ clkbuf_2_2__f_clk/A (sg13g2_buf_16)
     6    0.027798    0.021457    0.065500   20.200764 ^ clkbuf_2_2__f_clk/X (sg13g2_buf_16)
                                                         clknet_2_2__leaf_clk (net)
                      0.021457    0.000103   20.200867 ^ _104_/CLK (sg13g2_dfrbpq_1)
                                 -0.250000   19.950869   clock uncertainty
                                  0.000000   19.950869   clock reconvergence pessimism
                                 -0.130065   19.820803   library recovery time
                                             19.820803   data required time
---------------------------------------------------------------------------------------------
                                             19.820803   data required time
                                             -4.506249   data arrival time
---------------------------------------------------------------------------------------------
                                             15.314555   slack (MET)


Startpoint: reset (input port clocked by clk)
Endpoint: _116_ (recovery check against rising-edge clock clk)
Path Group: asynchronous
Path Type: max

Fanout         Cap        Slew       Delay        Time   Description
---------------------------------------------------------------------------------------------
                                  0.000000    0.000000   clock clk (rise edge)
                                  0.000000    0.000000   clock network delay (propagated)
                                  4.000000    4.000000 v input external delay
     1    0.004358    0.018155    0.003225    4.003225 v reset (in)
                                                         reset (net)
                      0.018155    0.000000    4.003225 v input3/A (sg13g2_buf_1)
     1    0.019871    0.069765    0.103083    4.106308 v input3/X (sg13g2_buf_1)
                                                         net3 (net)
                      0.069837    0.001961    4.108269 v fanout22/A (sg13g2_buf_1)
     4    0.026288    0.087634    0.143401    4.251670 v fanout22/X (sg13g2_buf_1)
                                                         net22 (net)
                      0.087674    0.000134    4.251804 v fanout21/A (sg13g2_buf_1)
     8    0.039346    0.126974    0.181982    4.433786 v fanout21/X (sg13g2_buf_1)
                                                         net21 (net)
                      0.126982    0.001181    4.434967 v _088_/A (sg13g2_inv_1)
     1    0.006457    0.052209    0.070573    4.505539 ^ _088_/Y (sg13g2_inv_1)
                                                         _014_ (net)
                      0.052209    0.000054    4.505593 ^ _116_/RESET_B (sg13g2_dfrbpq_1)
                                              4.505593   data arrival time

                                 20.000000   20.000000   clock clk (rise edge)
                                  0.000000   20.000000   clock source latency
     1    0.049876    0.064457    0.043762   20.043762 ^ clk (in)
                                                         clk (net)
                      0.066940    0.000000   20.043762 ^ clkbuf_0_clk/A (sg13g2_buf_16)
     4    0.080607    0.034407    0.089432   20.133196 ^ clkbuf_0_clk/X (sg13g2_buf_16)
                                                         clknet_0_clk (net)
                      0.034694    0.002069   20.135265 ^ clkbuf_2_2__f_clk/A (sg13g2_buf_16)
     6    0.027798    0.021457    0.065500   20.200764 ^ clkbuf_2_2__f_clk/X (sg13g2_buf_16)
                                                         clknet_2_2__leaf_clk (net)
                      0.021457    0.000160   20.200924 ^ _116_/CLK (sg13g2_dfrbpq_1)
                                 -0.250000   19.950926   clock uncertainty
                                  0.000000   19.950926   clock reconvergence pessimism
                                 -0.129839   19.821085   library recovery time
                                             19.821085   data required time
---------------------------------------------------------------------------------------------
                                             19.821085   data required time
                                             -4.505593   data arrival time
---------------------------------------------------------------------------------------------
                                             15.315494   slack (MET)


Startpoint: reset (input port clocked by clk)
Endpoint: _106_ (recovery check against rising-edge clock clk)
Path Group: asynchronous
Path Type: max

Fanout         Cap        Slew       Delay        Time   Description
---------------------------------------------------------------------------------------------
                                  0.000000    0.000000   clock clk (rise edge)
                                  0.000000    0.000000   clock network delay (propagated)
                                  4.000000    4.000000 v input external delay
     1    0.004358    0.018155    0.003225    4.003225 v reset (in)
                                                         reset (net)
                      0.018155    0.000000    4.003225 v input3/A (sg13g2_buf_1)
     1    0.019871    0.069765    0.103083    4.106308 v input3/X (sg13g2_buf_1)
                                                         net3 (net)
                      0.069837    0.001961    4.108269 v fanout22/A (sg13g2_buf_1)
     4    0.026288    0.087634    0.143401    4.251670 v fanout22/X (sg13g2_buf_1)
                                                         net22 (net)
                      0.087674    0.000134    4.251804 v fanout21/A (sg13g2_buf_1)
     8    0.039346    0.126974    0.181982    4.433786 v fanout21/X (sg13g2_buf_1)
                                                         net21 (net)
                      0.126974    0.000177    4.433963 v _078_/A (sg13g2_inv_1)
     1    0.006577    0.052648    0.071111    4.505074 ^ _078_/Y (sg13g2_inv_1)
                                                         _004_ (net)
                      0.052648    0.000061    4.505135 ^ _106_/RESET_B (sg13g2_dfrbpq_1)
                                              4.505135   data arrival time

                                 20.000000   20.000000   clock clk (rise edge)
                                  0.000000   20.000000   clock source latency
     1    0.049876    0.064457    0.043762   20.043762 ^ clk (in)
                                                         clk (net)
                      0.066940    0.000000   20.043762 ^ clkbuf_0_clk/A (sg13g2_buf_16)
     4    0.080607    0.034407    0.089432   20.133196 ^ clkbuf_0_clk/X (sg13g2_buf_16)
                                                         clknet_0_clk (net)
                      0.034791    0.002519   20.135714 ^ clkbuf_2_3__f_clk/A (sg13g2_buf_16)
     6    0.022856    0.020339    0.064654   20.200369 ^ clkbuf_2_3__f_clk/X (sg13g2_buf_16)
                                                         clknet_2_3__leaf_clk (net)
                      0.020344    0.000609   20.200977 ^ _106_/CLK (sg13g2_dfrbpq_1)
                                 -0.250000   19.950979   clock uncertainty
                                  0.000000   19.950979   clock reconvergence pessimism
                                 -0.130134   19.820845   library recovery time
                                             19.820845   data required time
---------------------------------------------------------------------------------------------
                                             19.820845   data required time
                                             -4.505135   data arrival time
---------------------------------------------------------------------------------------------
                                             15.315710   slack (MET)


Startpoint: reset (input port clocked by clk)
Endpoint: _103_ (recovery check against rising-edge clock clk)
Path Group: asynchronous
Path Type: max

Fanout         Cap        Slew       Delay        Time   Description
---------------------------------------------------------------------------------------------
                                  0.000000    0.000000   clock clk (rise edge)
                                  0.000000    0.000000   clock network delay (propagated)
                                  4.000000    4.000000 v input external delay
     1    0.004358    0.018155    0.003225    4.003225 v reset (in)
                                                         reset (net)
                      0.018155    0.000000    4.003225 v input3/A (sg13g2_buf_1)
     1    0.019871    0.069765    0.103083    4.106308 v input3/X (sg13g2_buf_1)
                                                         net3 (net)
                      0.069837    0.001961    4.108269 v fanout22/A (sg13g2_buf_1)
     4    0.026288    0.087634    0.143401    4.251670 v fanout22/X (sg13g2_buf_1)
                                                         net22 (net)
                      0.087674    0.000134    4.251804 v fanout21/A (sg13g2_buf_1)
     8    0.039346    0.126974    0.181982    4.433786 v fanout21/X (sg13g2_buf_1)
                                                         net21 (net)
                      0.126988    0.001450    4.435236 v _075_/A (sg13g2_inv_1)
     1    0.006283    0.051573    0.069790    4.505026 ^ _075_/Y (sg13g2_inv_1)
                                                         _001_ (net)
                      0.051573    0.000041    4.505067 ^ _103_/RESET_B (sg13g2_dfrbpq_1)
                                              4.505067   data arrival time

                                 20.000000   20.000000   clock clk (rise edge)
                                  0.000000   20.000000   clock source latency
     1    0.049876    0.064457    0.043762   20.043762 ^ clk (in)
                                                         clk (net)
                      0.066940    0.000000   20.043762 ^ clkbuf_0_clk/A (sg13g2_buf_16)
     4    0.080607    0.034407    0.089432   20.133196 ^ clkbuf_0_clk/X (sg13g2_buf_16)
                                                         clknet_0_clk (net)
                      0.034694    0.002069   20.135265 ^ clkbuf_2_2__f_clk/A (sg13g2_buf_16)
     6    0.027798    0.021457    0.065500   20.200764 ^ clkbuf_2_2__f_clk/X (sg13g2_buf_16)
                                                         clknet_2_2__leaf_clk (net)
                      0.021460    0.000508   20.201273 ^ _103_/CLK (sg13g2_dfrbpq_1)
                                 -0.250000   19.951273   clock uncertainty
                                  0.000000   19.951273   clock reconvergence pessimism
                                 -0.129642   19.821630   library recovery time
                                             19.821630   data required time
---------------------------------------------------------------------------------------------
                                             19.821630   data required time
                                             -4.505067   data arrival time
---------------------------------------------------------------------------------------------
                                             15.316565   slack (MET)


Startpoint: reset (input port clocked by clk)
Endpoint: _100_ (recovery check against rising-edge clock clk)
Path Group: asynchronous
Path Type: max

Fanout         Cap        Slew       Delay        Time   Description
---------------------------------------------------------------------------------------------
                                  0.000000    0.000000   clock clk (rise edge)
                                  0.000000    0.000000   clock network delay (propagated)
                                  4.000000    4.000000 v input external delay
     1    0.004358    0.018155    0.003225    4.003225 v reset (in)
                                                         reset (net)
                      0.018155    0.000000    4.003225 v input3/A (sg13g2_buf_1)
     1    0.019871    0.069765    0.103083    4.106308 v input3/X (sg13g2_buf_1)
                                                         net3 (net)
                      0.069837    0.001961    4.108269 v fanout22/A (sg13g2_buf_1)
     4    0.026288    0.087634    0.143401    4.251670 v fanout22/X (sg13g2_buf_1)
                                                         net22 (net)
                      0.087690    0.001032    4.252702 v fanout20/A (sg13g2_buf_1)
     7    0.031206    0.102638    0.162850    4.415552 v fanout20/X (sg13g2_buf_1)
                                                         net20 (net)
                      0.102650    0.001220    4.416772 v _096_/A (sg13g2_inv_1)
     1    0.007000    0.050281    0.067721    4.484493 ^ _096_/Y (sg13g2_inv_1)
                                                         _022_ (net)
                      0.050281    0.000087    4.484580 ^ _100_/RESET_B (sg13g2_dfrbpq_1)
                                              4.484580   data arrival time

                                 20.000000   20.000000   clock clk (rise edge)
                                  0.000000   20.000000   clock source latency
     1    0.049876    0.064457    0.043762   20.043762 ^ clk (in)
                                                         clk (net)
                      0.066940    0.000000   20.043762 ^ clkbuf_0_clk/A (sg13g2_buf_16)
     4    0.080607    0.034407    0.089432   20.133196 ^ clkbuf_0_clk/X (sg13g2_buf_16)
                                                         clknet_0_clk (net)
                      0.034864    0.002824   20.136019 ^ clkbuf_2_1__f_clk/A (sg13g2_buf_16)
     6    0.025413    0.020925    0.065183   20.201202 ^ clkbuf_2_1__f_clk/X (sg13g2_buf_16)
                                                         clknet_2_1__leaf_clk (net)
                      0.020926    0.000192   20.201395 ^ _100_/CLK (sg13g2_dfrbpq_1)
                                 -0.250000   19.951395   clock uncertainty
                                  0.000000   19.951395   clock reconvergence pessimism
                                 -0.129317   19.822079   library recovery time
                                             19.822079   data required time
---------------------------------------------------------------------------------------------
                                             19.822079   data required time
                                             -4.484580   data arrival time
---------------------------------------------------------------------------------------------
                                             15.337499   slack (MET)


Startpoint: reset (input port clocked by clk)
Endpoint: _101_ (recovery check against rising-edge clock clk)
Path Group: asynchronous
Path Type: max

Fanout         Cap        Slew       Delay        Time   Description
---------------------------------------------------------------------------------------------
                                  0.000000    0.000000   clock clk (rise edge)
                                  0.000000    0.000000   clock network delay (propagated)
                                  4.000000    4.000000 v input external delay
     1    0.004358    0.018155    0.003225    4.003225 v reset (in)
                                                         reset (net)
                      0.018155    0.000000    4.003225 v input3/A (sg13g2_buf_1)
     1    0.019871    0.069765    0.103083    4.106308 v input3/X (sg13g2_buf_1)
                                                         net3 (net)
                      0.069837    0.001961    4.108269 v fanout22/A (sg13g2_buf_1)
     4    0.026288    0.087634    0.143401    4.251670 v fanout22/X (sg13g2_buf_1)
                                                         net22 (net)
                      0.087690    0.001032    4.252702 v fanout20/A (sg13g2_buf_1)
     7    0.031206    0.102638    0.162850    4.415552 v fanout20/X (sg13g2_buf_1)
                                                         net20 (net)
                      0.102645    0.000997    4.416549 v _097_/A (sg13g2_inv_1)
     1    0.006749    0.049368    0.066675    4.483224 ^ _097_/Y (sg13g2_inv_1)
                                                         _023_ (net)
                      0.049368    0.000071    4.483295 ^ _101_/RESET_B (sg13g2_dfrbpq_1)
                                              4.483295   data arrival time

                                 20.000000   20.000000   clock clk (rise edge)
                                  0.000000   20.000000   clock source latency
     1    0.049876    0.064457    0.043762   20.043762 ^ clk (in)
                                                         clk (net)
                      0.066940    0.000000   20.043762 ^ clkbuf_0_clk/A (sg13g2_buf_16)
     4    0.080607    0.034407    0.089432   20.133196 ^ clkbuf_0_clk/X (sg13g2_buf_16)
                                                         clknet_0_clk (net)
                      0.034864    0.002824   20.136019 ^ clkbuf_2_1__f_clk/A (sg13g2_buf_16)
     6    0.025413    0.020925    0.065183   20.201202 ^ clkbuf_2_1__f_clk/X (sg13g2_buf_16)
                                                         clknet_2_1__leaf_clk (net)
                      0.020925    0.000153   20.201355 ^ _101_/CLK (sg13g2_dfrbpq_1)
                                 -0.250000   19.951357   clock uncertainty
                                  0.000000   19.951357   clock reconvergence pessimism
                                 -0.129034   19.822325   library recovery time
                                             19.822325   data required time
---------------------------------------------------------------------------------------------
                                             19.822325   data required time
                                             -4.483295   data arrival time
---------------------------------------------------------------------------------------------
                                             15.339028   slack (MET)


Startpoint: reset (input port clocked by clk)
Endpoint: _102_ (recovery check against rising-edge clock clk)
Path Group: asynchronous
Path Type: max

Fanout         Cap        Slew       Delay        Time   Description
---------------------------------------------------------------------------------------------
                                  0.000000    0.000000   clock clk (rise edge)
                                  0.000000    0.000000   clock network delay (propagated)
                                  4.000000    4.000000 v input external delay
     1    0.004358    0.018155    0.003225    4.003225 v reset (in)
                                                         reset (net)
                      0.018155    0.000000    4.003225 v input3/A (sg13g2_buf_1)
     1    0.019871    0.069765    0.103083    4.106308 v input3/X (sg13g2_buf_1)
                                                         net3 (net)
                      0.069837    0.001961    4.108269 v fanout22/A (sg13g2_buf_1)
     4    0.026288    0.087634    0.143401    4.251670 v fanout22/X (sg13g2_buf_1)
                                                         net22 (net)
                      0.087690    0.001032    4.252702 v fanout20/A (sg13g2_buf_1)
     7    0.031206    0.102638    0.162850    4.415552 v fanout20/X (sg13g2_buf_1)
                                                         net20 (net)
                      0.102638    0.000111    4.415663 v _049_/A (sg13g2_inv_1)
     1    0.006920    0.049990    0.067389    4.483051 ^ _049_/Y (sg13g2_inv_1)
                                                         _000_ (net)
                      0.049990    0.000082    4.483133 ^ _102_/RESET_B (sg13g2_dfrbpq_1)
                                              4.483133   data arrival time

                                 20.000000   20.000000   clock clk (rise edge)
                                  0.000000   20.000000   clock source latency
     1    0.049876    0.064457    0.043762   20.043762 ^ clk (in)
                                                         clk (net)
                      0.066940    0.000000   20.043762 ^ clkbuf_0_clk/A (sg13g2_buf_16)
     4    0.080607    0.034407    0.089432   20.133196 ^ clkbuf_0_clk/X (sg13g2_buf_16)
                                                         clknet_0_clk (net)
                      0.034694    0.002069   20.135265 ^ clkbuf_2_2__f_clk/A (sg13g2_buf_16)
     6    0.027798    0.021457    0.065500   20.200764 ^ clkbuf_2_2__f_clk/X (sg13g2_buf_16)
                                                         clknet_2_2__leaf_clk (net)
                      0.021466    0.000890   20.201654 ^ _102_/CLK (sg13g2_dfrbpq_1)
                                 -0.250000   19.951654   clock uncertainty
                                  0.000000   19.951654   clock reconvergence pessimism
                                 -0.129150   19.822506   library recovery time
                                             19.822506   data required time
---------------------------------------------------------------------------------------------
                                             19.822506   data required time
                                             -4.483133   data arrival time
---------------------------------------------------------------------------------------------
                                             15.339371   slack (MET)


Startpoint: reset (input port clocked by clk)
Endpoint: _114_ (recovery check against rising-edge clock clk)
Path Group: asynchronous
Path Type: max

Fanout         Cap        Slew       Delay        Time   Description
---------------------------------------------------------------------------------------------
                                  0.000000    0.000000   clock clk (rise edge)
                                  0.000000    0.000000   clock network delay (propagated)
                                  4.000000    4.000000 v input external delay
     1    0.004358    0.018155    0.003225    4.003225 v reset (in)
                                                         reset (net)
                      0.018155    0.000000    4.003225 v input3/A (sg13g2_buf_1)
     1    0.019871    0.069765    0.103083    4.106308 v input3/X (sg13g2_buf_1)
                                                         net3 (net)
                      0.069837    0.001961    4.108269 v fanout22/A (sg13g2_buf_1)
     4    0.026288    0.087634    0.143401    4.251670 v fanout22/X (sg13g2_buf_1)
                                                         net22 (net)
                      0.087690    0.001032    4.252702 v fanout20/A (sg13g2_buf_1)
     7    0.031206    0.102638    0.162850    4.415552 v fanout20/X (sg13g2_buf_1)
                                                         net20 (net)
                      0.102640    0.000668    4.416220 v _086_/A (sg13g2_inv_1)
     1    0.006672    0.049092    0.066356    4.482576 ^ _086_/Y (sg13g2_inv_1)
                                                         _012_ (net)
                      0.049092    0.000067    4.482643 ^ _114_/RESET_B (sg13g2_dfrbpq_1)
                                              4.482643   data arrival time

                                 20.000000   20.000000   clock clk (rise edge)
                                  0.000000   20.000000   clock source latency
     1    0.049876    0.064457    0.043762   20.043762 ^ clk (in)
                                                         clk (net)
                      0.066940    0.000000   20.043762 ^ clkbuf_0_clk/A (sg13g2_buf_16)
     4    0.080607    0.034407    0.089432   20.133196 ^ clkbuf_0_clk/X (sg13g2_buf_16)
                                                         clknet_0_clk (net)
                      0.034694    0.002069   20.135265 ^ clkbuf_2_2__f_clk/A (sg13g2_buf_16)
     6    0.027798    0.021457    0.065500   20.200764 ^ clkbuf_2_2__f_clk/X (sg13g2_buf_16)
                                                         clknet_2_2__leaf_clk (net)
                      0.021468    0.000943   20.201708 ^ _114_/CLK (sg13g2_dfrbpq_1)
                                 -0.250000   19.951708   clock uncertainty
                                  0.000000   19.951708   clock reconvergence pessimism
                                 -0.128871   19.822838   library recovery time
                                             19.822838   data required time
---------------------------------------------------------------------------------------------
                                             19.822838   data required time
                                             -4.482643   data arrival time
---------------------------------------------------------------------------------------------
                                             15.340196   slack (MET)


Startpoint: reset (input port clocked by clk)
Endpoint: _108_ (recovery check against rising-edge clock clk)
Path Group: asynchronous
Path Type: max

Fanout         Cap        Slew       Delay        Time   Description
---------------------------------------------------------------------------------------------
                                  0.000000    0.000000   clock clk (rise edge)
                                  0.000000    0.000000   clock network delay (propagated)
                                  4.000000    4.000000 v input external delay
     1    0.004358    0.018155    0.003225    4.003225 v reset (in)
                                                         reset (net)
                      0.018155    0.000000    4.003225 v input3/A (sg13g2_buf_1)
     1    0.019871    0.069765    0.103083    4.106308 v input3/X (sg13g2_buf_1)
                                                         net3 (net)
                      0.069837    0.001961    4.108269 v fanout22/A (sg13g2_buf_1)
     4    0.026288    0.087634    0.143401    4.251670 v fanout22/X (sg13g2_buf_1)
                                                         net22 (net)
                      0.087690    0.001032    4.252702 v fanout20/A (sg13g2_buf_1)
     7    0.031206    0.102638    0.162850    4.415552 v fanout20/X (sg13g2_buf_1)
                                                         net20 (net)
                      0.102643    0.000878    4.416430 v _080_/A (sg13g2_inv_1)
     1    0.006457    0.048323    0.065462    4.481892 ^ _080_/Y (sg13g2_inv_1)
                                                         _006_ (net)
                      0.048323    0.000054    4.481946 ^ _108_/RESET_B (sg13g2_dfrbpq_1)
                                              4.481946   data arrival time

                                 20.000000   20.000000   clock clk (rise edge)
                                  0.000000   20.000000   clock source latency
     1    0.049876    0.064457    0.043762   20.043762 ^ clk (in)
                                                         clk (net)
                      0.066940    0.000000   20.043762 ^ clkbuf_0_clk/A (sg13g2_buf_16)
     4    0.080607    0.034407    0.089432   20.133196 ^ clkbuf_0_clk/X (sg13g2_buf_16)
                                                         clknet_0_clk (net)
                      0.034924    0.003059   20.136253 ^ clkbuf_2_0__f_clk/A (sg13g2_buf_16)
     6    0.026689    0.021216    0.065452   20.201706 ^ clkbuf_2_0__f_clk/X (sg13g2_buf_16)
                                                         clknet_2_0__leaf_clk (net)
                      0.021217    0.000218   20.201923 ^ _108_/CLK (sg13g2_dfrbpq_1)
                                 -0.250000   19.951925   clock uncertainty
                                  0.000000   19.951925   clock reconvergence pessimism
                                 -0.128668   19.823256   library recovery time
                                             19.823256   data required time
---------------------------------------------------------------------------------------------
                                             19.823256   data required time
                                             -4.481946   data arrival time
---------------------------------------------------------------------------------------------
                                             15.341311   slack (MET)


Startpoint: reset (input port clocked by clk)
Endpoint: _113_ (recovery check against rising-edge clock clk)
Path Group: asynchronous
Path Type: max

Fanout         Cap        Slew       Delay        Time   Description
---------------------------------------------------------------------------------------------
                                  0.000000    0.000000   clock clk (rise edge)
                                  0.000000    0.000000   clock network delay (propagated)
                                  4.000000    4.000000 v input external delay
     1    0.004358    0.018155    0.003225    4.003225 v reset (in)
                                                         reset (net)
                      0.018155    0.000000    4.003225 v input3/A (sg13g2_buf_1)
     1    0.019871    0.069765    0.103083    4.106308 v input3/X (sg13g2_buf_1)
                                                         net3 (net)
                      0.069837    0.001961    4.108269 v fanout22/A (sg13g2_buf_1)
     4    0.026288    0.087634    0.143401    4.251670 v fanout22/X (sg13g2_buf_1)
                                                         net22 (net)
                      0.087690    0.001032    4.252702 v fanout20/A (sg13g2_buf_1)
     7    0.031206    0.102638    0.162850    4.415552 v fanout20/X (sg13g2_buf_1)
                                                         net20 (net)
                      0.102648    0.001135    4.416687 v _085_/A (sg13g2_inv_1)
     1    0.006283    0.047707    0.064741    4.481428 ^ _085_/Y (sg13g2_inv_1)
                                                         _011_ (net)
                      0.047707    0.000041    4.481469 ^ _113_/RESET_B (sg13g2_dfrbpq_1)
                                              4.481469   data arrival time

                                 20.000000   20.000000   clock clk (rise edge)
                                  0.000000   20.000000   clock source latency
     1    0.049876    0.064457    0.043762   20.043762 ^ clk (in)
                                                         clk (net)
                      0.066940    0.000000   20.043762 ^ clkbuf_0_clk/A (sg13g2_buf_16)
     4    0.080607    0.034407    0.089432   20.133196 ^ clkbuf_0_clk/X (sg13g2_buf_16)
                                                         clknet_0_clk (net)
                      0.034864    0.002824   20.136019 ^ clkbuf_2_1__f_clk/A (sg13g2_buf_16)
     6    0.025413    0.020925    0.065183   20.201202 ^ clkbuf_2_1__f_clk/X (sg13g2_buf_16)
                                                         clknet_2_1__leaf_clk (net)
                      0.020925    0.000128   20.201330 ^ _113_/CLK (sg13g2_dfrbpq_1)
                                 -0.250000   19.951332   clock uncertainty
                                  0.000000   19.951332   clock reconvergence pessimism
                                 -0.128518   19.822815   library recovery time
                                             19.822815   data required time
---------------------------------------------------------------------------------------------
                                             19.822815   data required time
                                             -4.481469   data arrival time
---------------------------------------------------------------------------------------------
                                             15.341347   slack (MET)


Startpoint: reset (input port clocked by clk)
Endpoint: _118_ (recovery check against rising-edge clock clk)
Path Group: asynchronous
Path Type: max

Fanout         Cap        Slew       Delay        Time   Description
---------------------------------------------------------------------------------------------
                                  0.000000    0.000000   clock clk (rise edge)
                                  0.000000    0.000000   clock network delay (propagated)
                                  4.000000    4.000000 v input external delay
     1    0.004358    0.018155    0.003225    4.003225 v reset (in)
                                                         reset (net)
                      0.018155    0.000000    4.003225 v input3/A (sg13g2_buf_1)
     1    0.019871    0.069765    0.103083    4.106308 v input3/X (sg13g2_buf_1)
                                                         net3 (net)
                      0.069837    0.001961    4.108269 v fanout22/A (sg13g2_buf_1)
     4    0.026288    0.087634    0.143401    4.251670 v fanout22/X (sg13g2_buf_1)
                                                         net22 (net)
                      0.087674    0.000097    4.251767 v _090_/A (sg13g2_inv_1)
     1    0.006577    0.046137    0.061670    4.313437 ^ _090_/Y (sg13g2_inv_1)
                                                         _016_ (net)
                      0.046137    0.000061    4.313498 ^ _118_/RESET_B (sg13g2_dfrbpq_1)
                                              4.313498   data arrival time

                                 20.000000   20.000000   clock clk (rise edge)
                                  0.000000   20.000000   clock source latency
     1    0.049876    0.064457    0.043762   20.043762 ^ clk (in)
                                                         clk (net)
                      0.066940    0.000000   20.043762 ^ clkbuf_0_clk/A (sg13g2_buf_16)
     4    0.080607    0.034407    0.089432   20.133196 ^ clkbuf_0_clk/X (sg13g2_buf_16)
                                                         clknet_0_clk (net)
                      0.034791    0.002519   20.135714 ^ clkbuf_2_3__f_clk/A (sg13g2_buf_16)
     6    0.022856    0.020339    0.064654   20.200369 ^ clkbuf_2_3__f_clk/X (sg13g2_buf_16)
                                                         clknet_2_3__leaf_clk (net)
                      0.020341    0.000407   20.200775 ^ _118_/CLK (sg13g2_dfrbpq_1)
                                 -0.250000   19.950775   clock uncertainty
                                  0.000000   19.950775   clock reconvergence pessimism
                                 -0.128114   19.822662   library recovery time
                                             19.822662   data required time
---------------------------------------------------------------------------------------------
                                             19.822662   data required time
                                             -4.313498   data arrival time
---------------------------------------------------------------------------------------------
                                             15.509162   slack (MET)


Startpoint: reset (input port clocked by clk)
Endpoint: _119_ (recovery check against rising-edge clock clk)
Path Group: asynchronous
Path Type: max

Fanout         Cap        Slew       Delay        Time   Description
---------------------------------------------------------------------------------------------
                                  0.000000    0.000000   clock clk (rise edge)
                                  0.000000    0.000000   clock network delay (propagated)
                                  4.000000    4.000000 v input external delay
     1    0.004358    0.018155    0.003225    4.003225 v reset (in)
                                                         reset (net)
                      0.018155    0.000000    4.003225 v input3/A (sg13g2_buf_1)
     1    0.019871    0.069765    0.103083    4.106308 v input3/X (sg13g2_buf_1)
                                                         net3 (net)
                      0.069837    0.001961    4.108269 v fanout22/A (sg13g2_buf_1)
     4    0.026288    0.087634    0.143401    4.251670 v fanout22/X (sg13g2_buf_1)
                                                         net22 (net)
                      0.087674    0.000134    4.251804 v _091_/A (sg13g2_inv_1)
     1    0.006491    0.045829    0.061331    4.313135 ^ _091_/Y (sg13g2_inv_1)
                                                         _017_ (net)
                      0.045829    0.000056    4.313191 ^ _119_/RESET_B (sg13g2_dfrbpq_1)
                                              4.313191   data arrival time

                                 20.000000   20.000000   clock clk (rise edge)
                                  0.000000   20.000000   clock source latency
     1    0.049876    0.064457    0.043762   20.043762 ^ clk (in)
                                                         clk (net)
                      0.066940    0.000000   20.043762 ^ clkbuf_0_clk/A (sg13g2_buf_16)
     4    0.080607    0.034407    0.089432   20.133196 ^ clkbuf_0_clk/X (sg13g2_buf_16)
                                                         clknet_0_clk (net)
                      0.034791    0.002519   20.135714 ^ clkbuf_2_3__f_clk/A (sg13g2_buf_16)
     6    0.022856    0.020339    0.064654   20.200369 ^ clkbuf_2_3__f_clk/X (sg13g2_buf_16)
                                                         clknet_2_3__leaf_clk (net)
                      0.020343    0.000544   20.200912 ^ _119_/CLK (sg13g2_dfrbpq_1)
                                 -0.250000   19.950912   clock uncertainty
                                  0.000000   19.950912   clock reconvergence pessimism
                                 -0.128018   19.822895   library recovery time
                                             19.822895   data required time
---------------------------------------------------------------------------------------------
                                             19.822895   data required time
                                             -4.313191   data arrival time
---------------------------------------------------------------------------------------------
                                             15.509703   slack (MET)



