
===========================================================================
report_checks -path_delay min (Hold)
============================================================================
======================= nom_typ_1p20V_25C Corner ===================================

Startpoint: _116_ (rising edge-triggered flip-flop clocked by clk)
Endpoint: _104_ (rising edge-triggered flip-flop clocked by clk)
Path Group: clk
Path Type: min

Fanout         Cap        Slew       Delay        Time   Description
---------------------------------------------------------------------------------------------
                                  0.000000    0.000000   clock clk (rise edge)
                                  0.000000    0.000000   clock source latency
     1    0.049876    0.064457    0.043762    0.043762 ^ clk (in)
                                                         clk (net)
                      0.066940    0.000000    0.043762 ^ clkbuf_0_clk/A (sg13g2_buf_16)
     4    0.080607    0.034407    0.089433    0.133195 ^ clkbuf_0_clk/X (sg13g2_buf_16)
                                                         clknet_0_clk (net)
                      0.034694    0.002069    0.135264 ^ clkbuf_2_2__f_clk/A (sg13g2_buf_16)
     6    0.027798    0.021457    0.065500    0.200764 ^ clkbuf_2_2__f_clk/X (sg13g2_buf_16)
                                                         clknet_2_2__leaf_clk (net)
                      0.021457    0.000160    0.200924 ^ _116_/CLK (sg13g2_dfrbpq_1)
     2    0.004879    0.031003    0.160535    0.361459 ^ _116_/Q (sg13g2_dfrbpq_1)
                                                         internal_data_reg[8] (net)
                      0.031003    0.000027    0.361486 ^ _072_/A1 (sg13g2_mux2_1)
     1    0.002167    0.025062    0.078883    0.440370 ^ _072_/X (sg13g2_mux2_1)
                                                         _026_ (net)
                      0.025062    0.000018    0.440388 ^ hold28/A (sg13g2_dlygate4sd3_1)
     1    0.001452    0.029115    0.332487    0.772875 ^ hold28/X (sg13g2_dlygate4sd3_1)
                                                         net28 (net)
                      0.029115    0.000007    0.772882 ^ _104_/D (sg13g2_dfrbpq_1)
                                              0.772882   data arrival time

                                  0.000000    0.000000   clock clk (rise edge)
                                  0.000000    0.000000   clock source latency
     1    0.052549    0.067257    0.050880    0.050880 ^ clk (in)
                                                         clk (net)
                      0.070027    0.000000    0.050880 ^ clkbuf_0_clk/A (sg13g2_buf_16)
     4    0.091299    0.037008    0.102396    0.153276 ^ clkbuf_0_clk/X (sg13g2_buf_16)
                                                         clknet_0_clk (net)
                      0.037334    0.002605    0.155881 ^ clkbuf_2_2__f_clk/A (sg13g2_buf_16)
     6    0.030482    0.022184    0.074274    0.230155 ^ clkbuf_2_2__f_clk/X (sg13g2_buf_16)
                                                         clknet_2_2__leaf_clk (net)
                      0.022185    0.000126    0.230282 ^ _104_/CLK (sg13g2_dfrbpq_1)
                                  0.250000    0.480282   clock uncertainty
                                 -0.029391    0.450891   clock reconvergence pessimism
                                 -0.061167    0.389724   library hold time
                                              0.389724   data required time
---------------------------------------------------------------------------------------------
                                              0.389724   data required time
                                             -0.772882   data arrival time
---------------------------------------------------------------------------------------------
                                              0.383158   slack (MET)


Startpoint: _112_ (rising edge-triggered flip-flop clocked by clk)
Endpoint: _100_ (rising edge-triggered flip-flop clocked by clk)
Path Group: clk
Path Type: min

Fanout         Cap        Slew       Delay        Time   Description
---------------------------------------------------------------------------------------------
                                  0.000000    0.000000   clock clk (rise edge)
                                  0.000000    0.000000   clock source latency
     1    0.049876    0.064457    0.043762    0.043762 ^ clk (in)
                                                         clk (net)
                      0.066940    0.000000    0.043762 ^ clkbuf_0_clk/A (sg13g2_buf_16)
     4    0.080607    0.034407    0.089433    0.133195 ^ clkbuf_0_clk/X (sg13g2_buf_16)
                                                         clknet_0_clk (net)
                      0.034924    0.003059    0.136254 ^ clkbuf_2_0__f_clk/A (sg13g2_buf_16)
     6    0.026689    0.021216    0.065451    0.201705 ^ clkbuf_2_0__f_clk/X (sg13g2_buf_16)
                                                         clknet_2_0__leaf_clk (net)
                      0.021217    0.000102    0.201807 ^ _112_/CLK (sg13g2_dfrbpq_1)
     2    0.006611    0.037308    0.165204    0.367011 ^ _112_/Q (sg13g2_dfrbpq_1)
                                                         internal_data_reg[4] (net)
                      0.037308    0.000084    0.367095 ^ _051_/A1 (sg13g2_mux2_1)
     1    0.002404    0.026050    0.082153    0.449248 ^ _051_/X (sg13g2_mux2_1)
                                                         _046_ (net)
                      0.026050    0.000023    0.449271 ^ hold39/A (sg13g2_dlygate4sd3_1)
     1    0.002701    0.033530    0.337100    0.786371 ^ hold39/X (sg13g2_dlygate4sd3_1)
                                                         net39 (net)
                      0.033530    0.000032    0.786403 ^ _100_/D (sg13g2_dfrbpq_1)
                                              0.786403   data arrival time

                                  0.000000    0.000000   clock clk (rise edge)
                                  0.000000    0.000000   clock source latency
     1    0.052549    0.067257    0.050880    0.050880 ^ clk (in)
                                                         clk (net)
                      0.070027    0.000000    0.050880 ^ clkbuf_0_clk/A (sg13g2_buf_16)
     4    0.091299    0.037008    0.102396    0.153276 ^ clkbuf_0_clk/X (sg13g2_buf_16)
                                                         clknet_0_clk (net)
                      0.037555    0.003559    0.156835 ^ clkbuf_2_1__f_clk/A (sg13g2_buf_16)
     6    0.028098    0.021658    0.073960    0.230795 ^ clkbuf_2_1__f_clk/X (sg13g2_buf_16)
                                                         clknet_2_1__leaf_clk (net)
                      0.021658    0.000234    0.231029 ^ _100_/CLK (sg13g2_dfrbpq_1)
                                  0.250000    0.481029   clock uncertainty
                                 -0.020081    0.460949   clock reconvergence pessimism
                                 -0.062428    0.398521   library hold time
                                              0.398521   data required time
---------------------------------------------------------------------------------------------
                                              0.398521   data required time
                                             -0.786403   data arrival time
---------------------------------------------------------------------------------------------
                                              0.387882   slack (MET)


Startpoint: _115_ (rising edge-triggered flip-flop clocked by clk)
Endpoint: _103_ (rising edge-triggered flip-flop clocked by clk)
Path Group: clk
Path Type: min

Fanout         Cap        Slew       Delay        Time   Description
---------------------------------------------------------------------------------------------
                                  0.000000    0.000000   clock clk (rise edge)
                                  0.000000    0.000000   clock source latency
     1    0.049876    0.064457    0.043762    0.043762 ^ clk (in)
                                                         clk (net)
                      0.066940    0.000000    0.043762 ^ clkbuf_0_clk/A (sg13g2_buf_16)
     4    0.080607    0.034407    0.089433    0.133195 ^ clkbuf_0_clk/X (sg13g2_buf_16)
                                                         clknet_0_clk (net)
                      0.034694    0.002069    0.135264 ^ clkbuf_2_2__f_clk/A (sg13g2_buf_16)
     6    0.027798    0.021457    0.065500    0.200764 ^ clkbuf_2_2__f_clk/X (sg13g2_buf_16)
                                                         clknet_2_2__leaf_clk (net)
                      0.021464    0.000765    0.201530 ^ _115_/CLK (sg13g2_dfrbpq_1)
     2    0.006715    0.037677    0.165596    0.367125 ^ _115_/Q (sg13g2_dfrbpq_1)
                                                         internal_data_reg[7] (net)
                      0.037677    0.000094    0.367219 ^ _073_/A1 (sg13g2_mux2_1)
     1    0.002634    0.026715    0.083018    0.450237 ^ _073_/X (sg13g2_mux2_1)
                                                         _025_ (net)
                      0.026715    0.000029    0.450266 ^ hold35/A (sg13g2_dlygate4sd3_1)
     1    0.001813    0.030403    0.334496    0.784763 ^ hold35/X (sg13g2_dlygate4sd3_1)
                                                         net35 (net)
                      0.030403    0.000013    0.784776 ^ _103_/D (sg13g2_dfrbpq_1)
                                              0.784776   data arrival time

                                  0.000000    0.000000   clock clk (rise edge)
                                  0.000000    0.000000   clock source latency
     1    0.052549    0.067257    0.050880    0.050880 ^ clk (in)
                                                         clk (net)
                      0.070027    0.000000    0.050880 ^ clkbuf_0_clk/A (sg13g2_buf_16)
     4    0.091299    0.037008    0.102396    0.153276 ^ clkbuf_0_clk/X (sg13g2_buf_16)
                                                         clknet_0_clk (net)
                      0.037334    0.002605    0.155881 ^ clkbuf_2_2__f_clk/A (sg13g2_buf_16)
     6    0.030482    0.022184    0.074274    0.230155 ^ clkbuf_2_2__f_clk/X (sg13g2_buf_16)
                                                         clknet_2_2__leaf_clk (net)
                      0.022188    0.000615    0.230770 ^ _103_/CLK (sg13g2_dfrbpq_1)
                                  0.250000    0.480770   clock uncertainty
                                 -0.029391    0.451379   clock reconvergence pessimism
                                 -0.061518    0.389861   library hold time
                                              0.389861   data required time
---------------------------------------------------------------------------------------------
                                              0.389861   data required time
                                             -0.784776   data arrival time
---------------------------------------------------------------------------------------------
                                              0.394915   slack (MET)


Startpoint: _119_ (rising edge-triggered flip-flop clocked by clk)
Endpoint: _119_ (rising edge-triggered flip-flop clocked by clk)
Path Group: clk
Path Type: min

Fanout         Cap        Slew       Delay        Time   Description
---------------------------------------------------------------------------------------------
                                  0.000000    0.000000   clock clk (rise edge)
                                  0.000000    0.000000   clock source latency
     1    0.049876    0.064457    0.043762    0.043762 ^ clk (in)
                                                         clk (net)
                      0.066940    0.000000    0.043762 ^ clkbuf_0_clk/A (sg13g2_buf_16)
     4    0.080607    0.034407    0.089433    0.133195 ^ clkbuf_0_clk/X (sg13g2_buf_16)
                                                         clknet_0_clk (net)
                      0.034791    0.002519    0.135714 ^ clkbuf_2_3__f_clk/A (sg13g2_buf_16)
     6    0.022856    0.020339    0.064653    0.200367 ^ clkbuf_2_3__f_clk/X (sg13g2_buf_16)
                                                         clknet_2_3__leaf_clk (net)
                      0.020343    0.000544    0.200911 ^ _119_/CLK (sg13g2_dfrbpq_1)
     1    0.001773    0.019925    0.151427    0.352339 ^ _119_/Q (sg13g2_dfrbpq_1)
                                                         internal_data_reg[11] (net)
                      0.019925    0.000011    0.352350 ^ hold31/A (sg13g2_dlygate4sd3_1)
     2    0.006823    0.047836    0.347670    0.700020 ^ hold31/X (sg13g2_dlygate4sd3_1)
                                                         net31 (net)
                      0.047836    0.000062    0.700081 ^ _057_/A0 (sg13g2_mux2_1)
     1    0.001440    0.022621    0.087619    0.787701 ^ _057_/X (sg13g2_mux2_1)
                                                         _041_ (net)
                      0.022621    0.000006    0.787707 ^ _119_/D (sg13g2_dfrbpq_1)
                                              0.787707   data arrival time

                                  0.000000    0.000000   clock clk (rise edge)
                                  0.000000    0.000000   clock source latency
     1    0.052549    0.067257    0.050880    0.050880 ^ clk (in)
                                                         clk (net)
                      0.070027    0.000000    0.050880 ^ clkbuf_0_clk/A (sg13g2_buf_16)
     4    0.091299    0.037008    0.102396    0.153276 ^ clkbuf_0_clk/X (sg13g2_buf_16)
                                                         clknet_0_clk (net)
                      0.037461    0.003177    0.156453 ^ clkbuf_2_3__f_clk/A (sg13g2_buf_16)
     6    0.025540    0.021075    0.073357    0.229810 ^ clkbuf_2_3__f_clk/X (sg13g2_buf_16)
                                                         clknet_2_3__leaf_clk (net)
                      0.021080    0.000674    0.230484 ^ _119_/CLK (sg13g2_dfrbpq_1)
                                  0.250000    0.480484   clock uncertainty
                                 -0.029573    0.450911   clock reconvergence pessimism
                                 -0.059515    0.391397   library hold time
                                              0.391397   data required time
---------------------------------------------------------------------------------------------
                                              0.391397   data required time
                                             -0.787707   data arrival time
---------------------------------------------------------------------------------------------
                                              0.396311   slack (MET)


Startpoint: _099_ (rising edge-triggered flip-flop clocked by clk)
Endpoint: _099_ (rising edge-triggered flip-flop clocked by clk)
Path Group: clk
Path Type: min

Fanout         Cap        Slew       Delay        Time   Description
---------------------------------------------------------------------------------------------
                                  0.000000    0.000000   clock clk (rise edge)
                                  0.000000    0.000000   clock source latency
     1    0.049876    0.064457    0.043762    0.043762 ^ clk (in)
                                                         clk (net)
                      0.066940    0.000000    0.043762 ^ clkbuf_0_clk/A (sg13g2_buf_16)
     4    0.080607    0.034407    0.089433    0.133195 ^ clkbuf_0_clk/X (sg13g2_buf_16)
                                                         clknet_0_clk (net)
                      0.034864    0.002823    0.136019 ^ clkbuf_2_1__f_clk/A (sg13g2_buf_16)
     6    0.025413    0.020925    0.065184    0.201203 ^ clkbuf_2_1__f_clk/X (sg13g2_buf_16)
                                                         clknet_2_1__leaf_clk (net)
                      0.020927    0.000364    0.201567 ^ _099_/CLK (sg13g2_dfrbpq_1)
     2    0.007228    0.039597    0.166787    0.368354 ^ _099_/Q (sg13g2_dfrbpq_1)
                                                         net10 (net)
                      0.039597    0.000036    0.368390 ^ _052_/A0 (sg13g2_mux2_1)
     1    0.001488    0.022788    0.084252    0.452642 ^ _052_/X (sg13g2_mux2_1)
                                                         _045_ (net)
                      0.022788    0.000007    0.452648 ^ hold49/A (sg13g2_dlygate4sd3_1)
     1    0.002414    0.032527    0.334540    0.787188 ^ hold49/X (sg13g2_dlygate4sd3_1)
                                                         net49 (net)
                      0.032527    0.000024    0.787212 ^ _099_/D (sg13g2_dfrbpq_1)
                                              0.787212   data arrival time

                                  0.000000    0.000000   clock clk (rise edge)
                                  0.000000    0.000000   clock source latency
     1    0.052549    0.067257    0.050880    0.050880 ^ clk (in)
                                                         clk (net)
                      0.070027    0.000000    0.050880 ^ clkbuf_0_clk/A (sg13g2_buf_16)
     4    0.091299    0.037008    0.102396    0.153276 ^ clkbuf_0_clk/X (sg13g2_buf_16)
                                                         clknet_0_clk (net)
                      0.037555    0.003559    0.156835 ^ clkbuf_2_1__f_clk/A (sg13g2_buf_16)
     6    0.028098    0.021658    0.073960    0.230795 ^ clkbuf_2_1__f_clk/X (sg13g2_buf_16)
                                                         clknet_2_1__leaf_clk (net)
                      0.021660    0.000446    0.231241 ^ _099_/CLK (sg13g2_dfrbpq_1)
                                  0.250000    0.481241   clock uncertainty
                                 -0.029674    0.451567   clock reconvergence pessimism
                                 -0.062154    0.389413   library hold time
                                              0.389413   data required time
---------------------------------------------------------------------------------------------
                                              0.389413   data required time
                                             -0.787212   data arrival time
---------------------------------------------------------------------------------------------
                                              0.397799   slack (MET)


Startpoint: _117_ (rising edge-triggered flip-flop clocked by clk)
Endpoint: _105_ (rising edge-triggered flip-flop clocked by clk)
Path Group: clk
Path Type: min

Fanout         Cap        Slew       Delay        Time   Description
---------------------------------------------------------------------------------------------
                                  0.000000    0.000000   clock clk (rise edge)
                                  0.000000    0.000000   clock source latency
     1    0.049876    0.064457    0.043762    0.043762 ^ clk (in)
                                                         clk (net)
                      0.066940    0.000000    0.043762 ^ clkbuf_0_clk/A (sg13g2_buf_16)
     4    0.080607    0.034407    0.089433    0.133195 ^ clkbuf_0_clk/X (sg13g2_buf_16)
                                                         clknet_0_clk (net)
                      0.034791    0.002519    0.135714 ^ clkbuf_2_3__f_clk/A (sg13g2_buf_16)
     6    0.022856    0.020339    0.064653    0.200367 ^ clkbuf_2_3__f_clk/X (sg13g2_buf_16)
                                                         clknet_2_3__leaf_clk (net)
                      0.020339    0.000061    0.200428 ^ _117_/CLK (sg13g2_dfrbpq_1)
     3    0.008652    0.044925    0.170465    0.370893 ^ _117_/Q (sg13g2_dfrbpq_1)
                                                         internal_data_reg[9] (net)
                      0.044925    0.000034    0.370926 ^ _071_/A1 (sg13g2_mux2_1)
     1    0.001767    0.023632    0.083226    0.454152 ^ _071_/X (sg13g2_mux2_1)
                                                         _027_ (net)
                      0.023632    0.000011    0.454163 ^ hold37/A (sg13g2_dlygate4sd3_1)
     1    0.001856    0.030557    0.333113    0.787277 ^ hold37/X (sg13g2_dlygate4sd3_1)
                                                         net37 (net)
                      0.030557    0.000013    0.787290 ^ _105_/D (sg13g2_dfrbpq_1)
                                              0.787290   data arrival time

                                  0.000000    0.000000   clock clk (rise edge)
                                  0.000000    0.000000   clock source latency
     1    0.052549    0.067257    0.050880    0.050880 ^ clk (in)
                                                         clk (net)
                      0.070027    0.000000    0.050880 ^ clkbuf_0_clk/A (sg13g2_buf_16)
     4    0.091299    0.037008    0.102396    0.153276 ^ clkbuf_0_clk/X (sg13g2_buf_16)
                                                         clknet_0_clk (net)
                      0.037461    0.003177    0.156453 ^ clkbuf_2_3__f_clk/A (sg13g2_buf_16)
     6    0.025540    0.021075    0.073357    0.229810 ^ clkbuf_2_3__f_clk/X (sg13g2_buf_16)
                                                         clknet_2_3__leaf_clk (net)
                      0.021077    0.000368    0.230179 ^ _105_/CLK (sg13g2_dfrbpq_1)
                                  0.250000    0.480179   clock uncertainty
                                 -0.029443    0.450736   clock reconvergence pessimism
                                 -0.061679    0.389057   library hold time
                                              0.389057   data required time
---------------------------------------------------------------------------------------------
                                              0.389057   data required time
                                             -0.787290   data arrival time
---------------------------------------------------------------------------------------------
                                              0.398234   slack (MET)


Startpoint: _113_ (rising edge-triggered flip-flop clocked by clk)
Endpoint: _101_ (rising edge-triggered flip-flop clocked by clk)
Path Group: clk
Path Type: min

Fanout         Cap        Slew       Delay        Time   Description
---------------------------------------------------------------------------------------------
                                  0.000000    0.000000   clock clk (rise edge)
                                  0.000000    0.000000   clock source latency
     1    0.049876    0.064457    0.043762    0.043762 ^ clk (in)
                                                         clk (net)
                      0.066940    0.000000    0.043762 ^ clkbuf_0_clk/A (sg13g2_buf_16)
     4    0.080607    0.034407    0.089433    0.133195 ^ clkbuf_0_clk/X (sg13g2_buf_16)
                                                         clknet_0_clk (net)
                      0.034864    0.002823    0.136019 ^ clkbuf_2_1__f_clk/A (sg13g2_buf_16)
     6    0.025413    0.020925    0.065184    0.201203 ^ clkbuf_2_1__f_clk/X (sg13g2_buf_16)
                                                         clknet_2_1__leaf_clk (net)
                      0.020925    0.000128    0.201331 ^ _113_/CLK (sg13g2_dfrbpq_1)
     3    0.008941    0.046015    0.171529    0.372860 ^ _113_/Q (sg13g2_dfrbpq_1)
                                                         internal_data_reg[5] (net)
                      0.046015    0.000040    0.372900 ^ _050_/A1 (sg13g2_mux2_1)
     1    0.002167    0.025212    0.084915    0.457815 ^ _050_/X (sg13g2_mux2_1)
                                                         _047_ (net)
                      0.025212    0.000018    0.457834 ^ hold26/A (sg13g2_dlygate4sd3_1)
     1    0.001452    0.029115    0.332561    0.790395 ^ hold26/X (sg13g2_dlygate4sd3_1)
                                                         net26 (net)
                      0.029115    0.000007    0.790402 ^ _101_/D (sg13g2_dfrbpq_1)
                                              0.790402   data arrival time

                                  0.000000    0.000000   clock clk (rise edge)
                                  0.000000    0.000000   clock source latency
     1    0.052549    0.067257    0.050880    0.050880 ^ clk (in)
                                                         clk (net)
                      0.070027    0.000000    0.050880 ^ clkbuf_0_clk/A (sg13g2_buf_16)
     4    0.091299    0.037008    0.102396    0.153276 ^ clkbuf_0_clk/X (sg13g2_buf_16)
                                                         clknet_0_clk (net)
                      0.037555    0.003559    0.156835 ^ clkbuf_2_1__f_clk/A (sg13g2_buf_16)
     6    0.028098    0.021658    0.073960    0.230795 ^ clkbuf_2_1__f_clk/X (sg13g2_buf_16)
                                                         clknet_2_1__leaf_clk (net)
                      0.021658    0.000189    0.230984 ^ _101_/CLK (sg13g2_dfrbpq_1)
                                  0.250000    0.480984   clock uncertainty
                                 -0.029592    0.451391   clock reconvergence pessimism
                                 -0.061224    0.390168   library hold time
                                              0.390168   data required time
---------------------------------------------------------------------------------------------
                                              0.390168   data required time
                                             -0.790402   data arrival time
---------------------------------------------------------------------------------------------
                                              0.400234   slack (MET)


Startpoint: _114_ (rising edge-triggered flip-flop clocked by clk)
Endpoint: _102_ (rising edge-triggered flip-flop clocked by clk)
Path Group: clk
Path Type: min

Fanout         Cap        Slew       Delay        Time   Description
---------------------------------------------------------------------------------------------
                                  0.000000    0.000000   clock clk (rise edge)
                                  0.000000    0.000000   clock source latency
     1    0.049876    0.064457    0.043762    0.043762 ^ clk (in)
                                                         clk (net)
                      0.066940    0.000000    0.043762 ^ clkbuf_0_clk/A (sg13g2_buf_16)
     4    0.080607    0.034407    0.089433    0.133195 ^ clkbuf_0_clk/X (sg13g2_buf_16)
                                                         clknet_0_clk (net)
                      0.034694    0.002069    0.135264 ^ clkbuf_2_2__f_clk/A (sg13g2_buf_16)
     6    0.027798    0.021457    0.065500    0.200764 ^ clkbuf_2_2__f_clk/X (sg13g2_buf_16)
                                                         clknet_2_2__leaf_clk (net)
                      0.021468    0.000942    0.201707 ^ _114_/CLK (sg13g2_dfrbpq_1)
     3    0.009343    0.047535    0.172886    0.374593 ^ _114_/Q (sg13g2_dfrbpq_1)
                                                         internal_data_reg[6] (net)
                      0.047535    0.000073    0.374665 ^ _074_/A1 (sg13g2_mux2_1)
     1    0.002167    0.025202    0.085526    0.460191 ^ _074_/X (sg13g2_mux2_1)
                                                         _024_ (net)
                      0.025202    0.000018    0.460209 ^ hold30/A (sg13g2_dlygate4sd3_1)
     1    0.001452    0.029115    0.332556    0.792766 ^ hold30/X (sg13g2_dlygate4sd3_1)
                                                         net30 (net)
                      0.029115    0.000007    0.792772 ^ _102_/D (sg13g2_dfrbpq_1)
                                              0.792772   data arrival time

                                  0.000000    0.000000   clock clk (rise edge)
                                  0.000000    0.000000   clock source latency
     1    0.052549    0.067257    0.050880    0.050880 ^ clk (in)
                                                         clk (net)
                      0.070027    0.000000    0.050880 ^ clkbuf_0_clk/A (sg13g2_buf_16)
     4    0.091299    0.037008    0.102396    0.153276 ^ clkbuf_0_clk/X (sg13g2_buf_16)
                                                         clknet_0_clk (net)
                      0.037334    0.002605    0.155881 ^ clkbuf_2_2__f_clk/A (sg13g2_buf_16)
     6    0.030482    0.022184    0.074274    0.230155 ^ clkbuf_2_2__f_clk/X (sg13g2_buf_16)
                                                         clknet_2_2__leaf_clk (net)
                      0.022195    0.001079    0.231234 ^ _102_/CLK (sg13g2_dfrbpq_1)
                                  0.250000    0.481234   clock uncertainty
                                 -0.029391    0.451843   clock reconvergence pessimism
                                 -0.061166    0.390677   library hold time
                                              0.390677   data required time
---------------------------------------------------------------------------------------------
                                              0.390677   data required time
                                             -0.792772   data arrival time
---------------------------------------------------------------------------------------------
                                              0.402095   slack (MET)


Startpoint: _106_ (rising edge-triggered flip-flop clocked by clk)
Endpoint: _106_ (rising edge-triggered flip-flop clocked by clk)
Path Group: clk
Path Type: min

Fanout         Cap        Slew       Delay        Time   Description
---------------------------------------------------------------------------------------------
                                  0.000000    0.000000   clock clk (rise edge)
                                  0.000000    0.000000   clock source latency
     1    0.049876    0.064457    0.043762    0.043762 ^ clk (in)
                                                         clk (net)
                      0.066940    0.000000    0.043762 ^ clkbuf_0_clk/A (sg13g2_buf_16)
     4    0.080607    0.034407    0.089433    0.133195 ^ clkbuf_0_clk/X (sg13g2_buf_16)
                                                         clknet_0_clk (net)
                      0.034791    0.002519    0.135714 ^ clkbuf_2_3__f_clk/A (sg13g2_buf_16)
     6    0.022856    0.020339    0.064653    0.200367 ^ clkbuf_2_3__f_clk/X (sg13g2_buf_16)
                                                         clknet_2_3__leaf_clk (net)
                      0.020344    0.000610    0.200978 ^ _106_/CLK (sg13g2_dfrbpq_1)
     2    0.006741    0.037789    0.165173    0.366151 ^ _106_/Q (sg13g2_dfrbpq_1)
                                                         net6 (net)
                      0.037789    0.000034    0.366185 ^ hold52/A (sg13g2_dlygate4sd3_1)
     1    0.002927    0.034318    0.343656    0.709841 ^ hold52/X (sg13g2_dlygate4sd3_1)
                                                         net52 (net)
                      0.034318    0.000021    0.709862 ^ _070_/A0 (sg13g2_mux2_1)
     1    0.002012    0.024508    0.083550    0.793411 ^ _070_/X (sg13g2_mux2_1)
                                                         _028_ (net)
                      0.024508    0.000016    0.793428 ^ _106_/D (sg13g2_dfrbpq_1)
                                              0.793428   data arrival time

                                  0.000000    0.000000   clock clk (rise edge)
                                  0.000000    0.000000   clock source latency
     1    0.052549    0.067257    0.050880    0.050880 ^ clk (in)
                                                         clk (net)
                      0.070027    0.000000    0.050880 ^ clkbuf_0_clk/A (sg13g2_buf_16)
     4    0.091299    0.037008    0.102396    0.153276 ^ clkbuf_0_clk/X (sg13g2_buf_16)
                                                         clknet_0_clk (net)
                      0.037461    0.003177    0.156453 ^ clkbuf_2_3__f_clk/A (sg13g2_buf_16)
     6    0.025540    0.021075    0.073357    0.229810 ^ clkbuf_2_3__f_clk/X (sg13g2_buf_16)
                                                         clknet_2_3__leaf_clk (net)
                      0.021081    0.000757    0.230567 ^ _106_/CLK (sg13g2_dfrbpq_1)
                                  0.250000    0.480567   clock uncertainty
                                 -0.029589    0.450978   clock reconvergence pessimism
                                 -0.060029    0.390949   library hold time
                                              0.390949   data required time
---------------------------------------------------------------------------------------------
                                              0.390949   data required time
                                             -0.793428   data arrival time
---------------------------------------------------------------------------------------------
                                              0.402479   slack (MET)


Startpoint: _113_ (rising edge-triggered flip-flop clocked by clk)
Endpoint: _113_ (rising edge-triggered flip-flop clocked by clk)
Path Group: clk
Path Type: min

Fanout         Cap        Slew       Delay        Time   Description
---------------------------------------------------------------------------------------------
                                  0.000000    0.000000   clock clk (rise edge)
                                  0.000000    0.000000   clock source latency
     1    0.049876    0.064457    0.043762    0.043762 ^ clk (in)
                                                         clk (net)
                      0.066940    0.000000    0.043762 ^ clkbuf_0_clk/A (sg13g2_buf_16)
     4    0.080607    0.034407    0.089433    0.133195 ^ clkbuf_0_clk/X (sg13g2_buf_16)
                                                         clknet_0_clk (net)
                      0.034864    0.002823    0.136019 ^ clkbuf_2_1__f_clk/A (sg13g2_buf_16)
     6    0.025413    0.020925    0.065184    0.201203 ^ clkbuf_2_1__f_clk/X (sg13g2_buf_16)
                                                         clknet_2_1__leaf_clk (net)
                      0.020925    0.000128    0.201331 ^ _113_/CLK (sg13g2_dfrbpq_1)
     3    0.008941    0.046015    0.171529    0.372860 ^ _113_/Q (sg13g2_dfrbpq_1)
                                                         internal_data_reg[5] (net)
                      0.046015    0.000069    0.372929 ^ _063_/A0 (sg13g2_mux2_1)
     1    0.001767    0.023793    0.087810    0.460739 ^ _063_/X (sg13g2_mux2_1)
                                                         _035_ (net)
                      0.023793    0.000011    0.460750 ^ hold41/A (sg13g2_dlygate4sd3_1)
     1    0.001749    0.030188    0.332842    0.793592 ^ hold41/X (sg13g2_dlygate4sd3_1)
                                                         net41 (net)
                      0.030188    0.000012    0.793603 ^ _113_/D (sg13g2_dfrbpq_1)
                                              0.793603   data arrival time

                                  0.000000    0.000000   clock clk (rise edge)
                                  0.000000    0.000000   clock source latency
     1    0.052549    0.067257    0.050880    0.050880 ^ clk (in)
                                                         clk (net)
                      0.070027    0.000000    0.050880 ^ clkbuf_0_clk/A (sg13g2_buf_16)
     4    0.091299    0.037008    0.102396    0.153276 ^ clkbuf_0_clk/X (sg13g2_buf_16)
                                                         clknet_0_clk (net)
                      0.037555    0.003559    0.156835 ^ clkbuf_2_1__f_clk/A (sg13g2_buf_16)
     6    0.028098    0.021658    0.073960    0.230795 ^ clkbuf_2_1__f_clk/X (sg13g2_buf_16)
                                                         clknet_2_1__leaf_clk (net)
                      0.021658    0.000159    0.230954 ^ _113_/CLK (sg13g2_dfrbpq_1)
                                  0.250000    0.480954   clock uncertainty
                                 -0.029622    0.451331   clock reconvergence pessimism
                                 -0.061516    0.389815   library hold time
                                              0.389815   data required time
---------------------------------------------------------------------------------------------
                                              0.389815   data required time
                                             -0.793603   data arrival time
---------------------------------------------------------------------------------------------
                                              0.403788   slack (MET)


Startpoint: _117_ (rising edge-triggered flip-flop clocked by clk)
Endpoint: _117_ (rising edge-triggered flip-flop clocked by clk)
Path Group: clk
Path Type: min

Fanout         Cap        Slew       Delay        Time   Description
---------------------------------------------------------------------------------------------
                                  0.000000    0.000000   clock clk (rise edge)
                                  0.000000    0.000000   clock source latency
     1    0.049876    0.064457    0.043762    0.043762 ^ clk (in)
                                                         clk (net)
                      0.066940    0.000000    0.043762 ^ clkbuf_0_clk/A (sg13g2_buf_16)
     4    0.080607    0.034407    0.089433    0.133195 ^ clkbuf_0_clk/X (sg13g2_buf_16)
                                                         clknet_0_clk (net)
                      0.034791    0.002519    0.135714 ^ clkbuf_2_3__f_clk/A (sg13g2_buf_16)
     6    0.022856    0.020339    0.064653    0.200367 ^ clkbuf_2_3__f_clk/X (sg13g2_buf_16)
                                                         clknet_2_3__leaf_clk (net)
                      0.020339    0.000061    0.200428 ^ _117_/CLK (sg13g2_dfrbpq_1)
     3    0.008652    0.044925    0.170465    0.370893 ^ _117_/Q (sg13g2_dfrbpq_1)
                                                         internal_data_reg[9] (net)
                      0.044925    0.000055    0.370948 ^ _059_/A0 (sg13g2_mux2_1)
     1    0.002157    0.025005    0.088497    0.459444 ^ _059_/X (sg13g2_mux2_1)
                                                         _039_ (net)
                      0.025005    0.000018    0.459463 ^ hold45/A (sg13g2_dlygate4sd3_1)
     1    0.001706    0.030034    0.333300    0.792762 ^ hold45/X (sg13g2_dlygate4sd3_1)
                                                         net45 (net)
                      0.030034    0.000011    0.792773 ^ _117_/D (sg13g2_dfrbpq_1)
                                              0.792773   data arrival time

                                  0.000000    0.000000   clock clk (rise edge)
                                  0.000000    0.000000   clock source latency
     1    0.052549    0.067257    0.050880    0.050880 ^ clk (in)
                                                         clk (net)
                      0.070027    0.000000    0.050880 ^ clkbuf_0_clk/A (sg13g2_buf_16)
     4    0.091299    0.037008    0.102396    0.153276 ^ clkbuf_0_clk/X (sg13g2_buf_16)
                                                         clknet_0_clk (net)
                      0.037461    0.003177    0.156453 ^ clkbuf_2_3__f_clk/A (sg13g2_buf_16)
     6    0.025540    0.021075    0.073357    0.229810 ^ clkbuf_2_3__f_clk/X (sg13g2_buf_16)
                                                         clknet_2_3__leaf_clk (net)
                      0.021075    0.000075    0.229886 ^ _117_/CLK (sg13g2_dfrbpq_1)
                                  0.250000    0.479886   clock uncertainty
                                 -0.029458    0.450428   clock reconvergence pessimism
                                 -0.061537    0.388891   library hold time
                                              0.388891   data required time
---------------------------------------------------------------------------------------------
                                              0.388891   data required time
                                             -0.792773   data arrival time
---------------------------------------------------------------------------------------------
                                              0.403882   slack (MET)


Startpoint: _114_ (rising edge-triggered flip-flop clocked by clk)
Endpoint: _114_ (rising edge-triggered flip-flop clocked by clk)
Path Group: clk
Path Type: min

Fanout         Cap        Slew       Delay        Time   Description
---------------------------------------------------------------------------------------------
                                  0.000000    0.000000   clock clk (rise edge)
                                  0.000000    0.000000   clock source latency
     1    0.049876    0.064457    0.043762    0.043762 ^ clk (in)
                                                         clk (net)
                      0.066940    0.000000    0.043762 ^ clkbuf_0_clk/A (sg13g2_buf_16)
     4    0.080607    0.034407    0.089433    0.133195 ^ clkbuf_0_clk/X (sg13g2_buf_16)
                                                         clknet_0_clk (net)
                      0.034694    0.002069    0.135264 ^ clkbuf_2_2__f_clk/A (sg13g2_buf_16)
     6    0.027798    0.021457    0.065500    0.200764 ^ clkbuf_2_2__f_clk/X (sg13g2_buf_16)
                                                         clknet_2_2__leaf_clk (net)
                      0.021468    0.000942    0.201707 ^ _114_/CLK (sg13g2_dfrbpq_1)
     3    0.009320    0.037312    0.167111    0.368818 v _114_/Q (sg13g2_dfrbpq_1)
                                                         internal_data_reg[6] (net)
                      0.037312    0.000056    0.368874 v _062_/A0 (sg13g2_mux2_1)
     1    0.002224    0.027382    0.103401    0.472275 v _062_/X (sg13g2_mux2_1)
                                                         _036_ (net)
                      0.027382    0.000019    0.472294 v hold43/A (sg13g2_dlygate4sd3_1)
     1    0.001803    0.033634    0.348256    0.820550 v hold43/X (sg13g2_dlygate4sd3_1)
                                                         net43 (net)
                      0.033634    0.000012    0.820562 v _114_/D (sg13g2_dfrbpq_1)
                                              0.820562   data arrival time

                                  0.000000    0.000000   clock clk (rise edge)
                                  0.000000    0.000000   clock source latency
     1    0.052549    0.067257    0.050880    0.050880 ^ clk (in)
                                                         clk (net)
                      0.070027    0.000000    0.050880 ^ clkbuf_0_clk/A (sg13g2_buf_16)
     4    0.091299    0.037008    0.102396    0.153276 ^ clkbuf_0_clk/X (sg13g2_buf_16)
                                                         clknet_0_clk (net)
                      0.037334    0.002605    0.155881 ^ clkbuf_2_2__f_clk/A (sg13g2_buf_16)
     6    0.030482    0.022184    0.074274    0.230155 ^ clkbuf_2_2__f_clk/X (sg13g2_buf_16)
                                                         clknet_2_2__leaf_clk (net)
                      0.022197    0.001144    0.231300 ^ _114_/CLK (sg13g2_dfrbpq_1)
                                  0.250000    0.481300   clock uncertainty
                                 -0.029593    0.451707   clock reconvergence pessimism
                                 -0.038247    0.413460   library hold time
                                              0.413460   data required time
---------------------------------------------------------------------------------------------
                                              0.413460   data required time
                                             -0.820562   data arrival time
---------------------------------------------------------------------------------------------
                                              0.407101   slack (MET)


Startpoint: _117_ (rising edge-triggered flip-flop clocked by clk)
Endpoint: _118_ (rising edge-triggered flip-flop clocked by clk)
Path Group: clk
Path Type: min

Fanout         Cap        Slew       Delay        Time   Description
---------------------------------------------------------------------------------------------
                                  0.000000    0.000000   clock clk (rise edge)
                                  0.000000    0.000000   clock source latency
     1    0.049876    0.064457    0.043762    0.043762 ^ clk (in)
                                                         clk (net)
                      0.066940    0.000000    0.043762 ^ clkbuf_0_clk/A (sg13g2_buf_16)
     4    0.080607    0.034407    0.089433    0.133195 ^ clkbuf_0_clk/X (sg13g2_buf_16)
                                                         clknet_0_clk (net)
                      0.034791    0.002519    0.135714 ^ clkbuf_2_3__f_clk/A (sg13g2_buf_16)
     6    0.022856    0.020339    0.064653    0.200367 ^ clkbuf_2_3__f_clk/X (sg13g2_buf_16)
                                                         clknet_2_3__leaf_clk (net)
                      0.020339    0.000061    0.200428 ^ _117_/CLK (sg13g2_dfrbpq_1)
     3    0.008652    0.044925    0.170465    0.370893 ^ _117_/Q (sg13g2_dfrbpq_1)
                                                         internal_data_reg[9] (net)
                      0.044925    0.000034    0.370927 ^ hold53/A (sg13g2_dlygate4sd3_1)
     1    0.003562    0.036518    0.349278    0.720205 ^ hold53/X (sg13g2_dlygate4sd3_1)
                                                         net53 (net)
                      0.036518    0.000038    0.720243 ^ _058_/A1 (sg13g2_mux2_1)
     1    0.001440    0.022438    0.078830    0.799074 ^ _058_/X (sg13g2_mux2_1)
                                                         _040_ (net)
                      0.022438    0.000006    0.799080 ^ _118_/D (sg13g2_dfrbpq_1)
                                              0.799080   data arrival time

                                  0.000000    0.000000   clock clk (rise edge)
                                  0.000000    0.000000   clock source latency
     1    0.052549    0.067257    0.050880    0.050880 ^ clk (in)
                                                         clk (net)
                      0.070027    0.000000    0.050880 ^ clkbuf_0_clk/A (sg13g2_buf_16)
     4    0.091299    0.037008    0.102396    0.153276 ^ clkbuf_0_clk/X (sg13g2_buf_16)
                                                         clknet_0_clk (net)
                      0.037461    0.003177    0.156453 ^ clkbuf_2_3__f_clk/A (sg13g2_buf_16)
     6    0.025540    0.021075    0.073357    0.229810 ^ clkbuf_2_3__f_clk/X (sg13g2_buf_16)
                                                         clknet_2_3__leaf_clk (net)
                      0.021078    0.000504    0.230314 ^ _118_/CLK (sg13g2_dfrbpq_1)
                                  0.250000    0.480314   clock uncertainty
                                 -0.029443    0.450871   clock reconvergence pessimism
                                 -0.059465    0.391406   library hold time
                                              0.391406   data required time
---------------------------------------------------------------------------------------------
                                              0.391406   data required time
                                             -0.799080   data arrival time
---------------------------------------------------------------------------------------------
                                              0.407674   slack (MET)


Startpoint: _098_ (rising edge-triggered flip-flop clocked by clk)
Endpoint: _098_ (rising edge-triggered flip-flop clocked by clk)
Path Group: clk
Path Type: min

Fanout         Cap        Slew       Delay        Time   Description
---------------------------------------------------------------------------------------------
                                  0.000000    0.000000   clock clk (rise edge)
                                  0.000000    0.000000   clock source latency
     1    0.049876    0.064457    0.043762    0.043762 ^ clk (in)
                                                         clk (net)
                      0.066940    0.000000    0.043762 ^ clkbuf_0_clk/A (sg13g2_buf_16)
     4    0.080607    0.034407    0.089433    0.133195 ^ clkbuf_0_clk/X (sg13g2_buf_16)
                                                         clknet_0_clk (net)
                      0.034864    0.002823    0.136019 ^ clkbuf_2_1__f_clk/A (sg13g2_buf_16)
     6    0.025413    0.020925    0.065184    0.201203 ^ clkbuf_2_1__f_clk/X (sg13g2_buf_16)
                                                         clknet_2_1__leaf_clk (net)
                      0.020928    0.000473    0.201676 ^ _098_/CLK (sg13g2_dfrbpq_1)
     2    0.010385    0.040442    0.169263    0.370938 v _098_/Q (sg13g2_dfrbpq_1)
                                                         net9 (net)
                      0.040442    0.000120    0.371059 v _053_/A0 (sg13g2_mux2_1)
     1    0.002105    0.027067    0.104231    0.475290 v _053_/X (sg13g2_mux2_1)
                                                         _044_ (net)
                      0.027067    0.000017    0.475307 v hold47/A (sg13g2_dlygate4sd3_1)
     1    0.001548    0.032899    0.347247    0.822554 v hold47/X (sg13g2_dlygate4sd3_1)
                                                         net47 (net)
                      0.032899    0.000007    0.822561 v _098_/D (sg13g2_dfrbpq_1)
                                              0.822561   data arrival time

                                  0.000000    0.000000   clock clk (rise edge)
                                  0.000000    0.000000   clock source latency
     1    0.052549    0.067257    0.050880    0.050880 ^ clk (in)
                                                         clk (net)
                      0.070027    0.000000    0.050880 ^ clkbuf_0_clk/A (sg13g2_buf_16)
     4    0.091299    0.037008    0.102396    0.153276 ^ clkbuf_0_clk/X (sg13g2_buf_16)
                                                         clknet_0_clk (net)
                      0.037555    0.003559    0.156835 ^ clkbuf_2_1__f_clk/A (sg13g2_buf_16)
     6    0.028098    0.021658    0.073960    0.230795 ^ clkbuf_2_1__f_clk/X (sg13g2_buf_16)
                                                         clknet_2_1__leaf_clk (net)
                      0.021661    0.000580    0.231375 ^ _098_/CLK (sg13g2_dfrbpq_1)
                                  0.250000    0.481375   clock uncertainty
                                 -0.029699    0.451676   clock reconvergence pessimism
                                 -0.038125    0.413551   library hold time
                                              0.413551   data required time
---------------------------------------------------------------------------------------------
                                              0.413551   data required time
                                             -0.822561   data arrival time
---------------------------------------------------------------------------------------------
                                              0.409010   slack (MET)


Startpoint: _109_ (rising edge-triggered flip-flop clocked by clk)
Endpoint: _110_ (rising edge-triggered flip-flop clocked by clk)
Path Group: clk
Path Type: min

Fanout         Cap        Slew       Delay        Time   Description
---------------------------------------------------------------------------------------------
                                  0.000000    0.000000   clock clk (rise edge)
                                  0.000000    0.000000   clock source latency
     1    0.049876    0.064457    0.043762    0.043762 ^ clk (in)
                                                         clk (net)
                      0.066940    0.000000    0.043762 ^ clkbuf_0_clk/A (sg13g2_buf_16)
     4    0.080607    0.034407    0.089433    0.133195 ^ clkbuf_0_clk/X (sg13g2_buf_16)
                                                         clknet_0_clk (net)
                      0.034924    0.003059    0.136254 ^ clkbuf_2_0__f_clk/A (sg13g2_buf_16)
     6    0.026689    0.021216    0.065451    0.201705 ^ clkbuf_2_0__f_clk/X (sg13g2_buf_16)
                                                         clknet_2_0__leaf_clk (net)
                      0.021219    0.000464    0.202169 ^ _109_/CLK (sg13g2_dfrbpq_1)
     1    0.002462    0.022394    0.153736    0.355905 ^ _109_/Q (sg13g2_dfrbpq_1)
                                                         internal_data_reg[1] (net)
                      0.022394    0.000024    0.355929 ^ hold50/A (sg13g2_dlygate4sd3_1)
     3    0.009643    0.058278    0.358207    0.714136 ^ hold50/X (sg13g2_dlygate4sd3_1)
                                                         net50 (net)
                      0.058278    0.000037    0.714173 ^ _066_/A1 (sg13g2_mux2_1)
     1    0.001483    0.022777    0.087694    0.801867 ^ _066_/X (sg13g2_mux2_1)
                                                         _032_ (net)
                      0.022777    0.000007    0.801874 ^ _110_/D (sg13g2_dfrbpq_1)
                                              0.801874   data arrival time

                                  0.000000    0.000000   clock clk (rise edge)
                                  0.000000    0.000000   clock source latency
     1    0.052549    0.067257    0.050880    0.050880 ^ clk (in)
                                                         clk (net)
                      0.070027    0.000000    0.050880 ^ clkbuf_0_clk/A (sg13g2_buf_16)
     4    0.091299    0.037008    0.102396    0.153276 ^ clkbuf_0_clk/X (sg13g2_buf_16)
                                                         clknet_0_clk (net)
                      0.037634    0.003860    0.157136 ^ clkbuf_2_0__f_clk/A (sg13g2_buf_16)
     6    0.029373    0.021948    0.074264    0.231400 ^ clkbuf_2_0__f_clk/X (sg13g2_buf_16)
                                                         clknet_2_0__leaf_clk (net)
                      0.021950    0.000477    0.231876 ^ _110_/CLK (sg13g2_dfrbpq_1)
                                  0.250000    0.481876   clock uncertainty
                                 -0.029695    0.452181   clock reconvergence pessimism
                                 -0.059464    0.392717   library hold time
                                              0.392717   data required time
---------------------------------------------------------------------------------------------
                                              0.392717   data required time
                                             -0.801874   data arrival time
---------------------------------------------------------------------------------------------
                                              0.409156   slack (MET)


Startpoint: _114_ (rising edge-triggered flip-flop clocked by clk)
Endpoint: _115_ (rising edge-triggered flip-flop clocked by clk)
Path Group: clk
Path Type: min

Fanout         Cap        Slew       Delay        Time   Description
---------------------------------------------------------------------------------------------
                                  0.000000    0.000000   clock clk (rise edge)
                                  0.000000    0.000000   clock source latency
     1    0.049876    0.064457    0.043762    0.043762 ^ clk (in)
                                                         clk (net)
                      0.066940    0.000000    0.043762 ^ clkbuf_0_clk/A (sg13g2_buf_16)
     4    0.080607    0.034407    0.089433    0.133195 ^ clkbuf_0_clk/X (sg13g2_buf_16)
                                                         clknet_0_clk (net)
                      0.034694    0.002069    0.135264 ^ clkbuf_2_2__f_clk/A (sg13g2_buf_16)
     6    0.027798    0.021457    0.065500    0.200764 ^ clkbuf_2_2__f_clk/X (sg13g2_buf_16)
                                                         clknet_2_2__leaf_clk (net)
                      0.021468    0.000942    0.201707 ^ _114_/CLK (sg13g2_dfrbpq_1)
     3    0.009343    0.047535    0.172886    0.374593 ^ _114_/Q (sg13g2_dfrbpq_1)
                                                         internal_data_reg[6] (net)
                      0.047535    0.000072    0.374665 ^ hold56/A (sg13g2_dlygate4sd3_1)
     1    0.003246    0.035425    0.349530    0.724195 ^ hold56/X (sg13g2_dlygate4sd3_1)
                                                         net56 (net)
                      0.035425    0.000027    0.724222 ^ _061_/A1 (sg13g2_mux2_1)
     1    0.001440    0.022438    0.078392    0.802613 ^ _061_/X (sg13g2_mux2_1)
                                                         _037_ (net)
                      0.022438    0.000006    0.802620 ^ _115_/D (sg13g2_dfrbpq_1)
                                              0.802620   data arrival time

                                  0.000000    0.000000   clock clk (rise edge)
                                  0.000000    0.000000   clock source latency
     1    0.052549    0.067257    0.050880    0.050880 ^ clk (in)
                                                         clk (net)
                      0.070027    0.000000    0.050880 ^ clkbuf_0_clk/A (sg13g2_buf_16)
     4    0.091299    0.037008    0.102396    0.153276 ^ clkbuf_0_clk/X (sg13g2_buf_16)
                                                         clknet_0_clk (net)
                      0.037334    0.002605    0.155881 ^ clkbuf_2_2__f_clk/A (sg13g2_buf_16)
     6    0.030482    0.022184    0.074274    0.230155 ^ clkbuf_2_2__f_clk/X (sg13g2_buf_16)
                                                         clknet_2_2__leaf_clk (net)
                      0.022192    0.000928    0.231083 ^ _115_/CLK (sg13g2_dfrbpq_1)
                                  0.250000    0.481083   clock uncertainty
                                 -0.029391    0.451692   clock reconvergence pessimism
                                 -0.059345    0.392347   library hold time
                                              0.392347   data required time
---------------------------------------------------------------------------------------------
                                              0.392347   data required time
                                             -0.802620   data arrival time
---------------------------------------------------------------------------------------------
                                              0.410273   slack (MET)


Startpoint: _111_ (rising edge-triggered flip-flop clocked by clk)
Endpoint: _112_ (rising edge-triggered flip-flop clocked by clk)
Path Group: clk
Path Type: min

Fanout         Cap        Slew       Delay        Time   Description
---------------------------------------------------------------------------------------------
                                  0.000000    0.000000   clock clk (rise edge)
                                  0.000000    0.000000   clock source latency
     1    0.049876    0.064457    0.043762    0.043762 ^ clk (in)
                                                         clk (net)
                      0.066940    0.000000    0.043762 ^ clkbuf_0_clk/A (sg13g2_buf_16)
     4    0.080607    0.034407    0.089433    0.133195 ^ clkbuf_0_clk/X (sg13g2_buf_16)
                                                         clknet_0_clk (net)
                      0.034924    0.003059    0.136254 ^ clkbuf_2_0__f_clk/A (sg13g2_buf_16)
     6    0.026689    0.021216    0.065451    0.201705 ^ clkbuf_2_0__f_clk/X (sg13g2_buf_16)
                                                         clknet_2_0__leaf_clk (net)
                      0.021217    0.000244    0.201948 ^ _111_/CLK (sg13g2_dfrbpq_1)
     1    0.002280    0.021742    0.153231    0.355179 ^ _111_/Q (sg13g2_dfrbpq_1)
                                                         internal_data_reg[3] (net)
                      0.021742    0.000021    0.355199 ^ hold48/A (sg13g2_dlygate4sd3_1)
     3    0.010410    0.061208    0.360408    0.715607 ^ hold48/X (sg13g2_dlygate4sd3_1)
                                                         net48 (net)
                      0.061208    0.000056    0.715663 ^ _064_/A1 (sg13g2_mux2_1)
     1    0.001697    0.023543    0.089544    0.805207 ^ _064_/X (sg13g2_mux2_1)
                                                         _034_ (net)
                      0.023543    0.000010    0.805217 ^ _112_/D (sg13g2_dfrbpq_1)
                                              0.805217   data arrival time

                                  0.000000    0.000000   clock clk (rise edge)
                                  0.000000    0.000000   clock source latency
     1    0.052549    0.067257    0.050880    0.050880 ^ clk (in)
                                                         clk (net)
                      0.070027    0.000000    0.050880 ^ clkbuf_0_clk/A (sg13g2_buf_16)
     4    0.091299    0.037008    0.102396    0.153276 ^ clkbuf_0_clk/X (sg13g2_buf_16)
                                                         clknet_0_clk (net)
                      0.037634    0.003860    0.157136 ^ clkbuf_2_0__f_clk/A (sg13g2_buf_16)
     6    0.029373    0.021948    0.074264    0.231400 ^ clkbuf_2_0__f_clk/X (sg13g2_buf_16)
                                                         clknet_2_0__leaf_clk (net)
                      0.021949    0.000125    0.231524 ^ _112_/CLK (sg13g2_dfrbpq_1)
                                  0.250000    0.481524   clock uncertainty
                                 -0.029695    0.451829   clock reconvergence pessimism
                                 -0.059673    0.392156   library hold time
                                              0.392156   data required time
---------------------------------------------------------------------------------------------
                                              0.392156   data required time
                                             -0.805217   data arrival time
---------------------------------------------------------------------------------------------
                                              0.413060   slack (MET)


Startpoint: _109_ (rising edge-triggered flip-flop clocked by clk)
Endpoint: _109_ (rising edge-triggered flip-flop clocked by clk)
Path Group: clk
Path Type: min

Fanout         Cap        Slew       Delay        Time   Description
---------------------------------------------------------------------------------------------
                                  0.000000    0.000000   clock clk (rise edge)
                                  0.000000    0.000000   clock source latency
     1    0.049876    0.064457    0.043762    0.043762 ^ clk (in)
                                                         clk (net)
                      0.066940    0.000000    0.043762 ^ clkbuf_0_clk/A (sg13g2_buf_16)
     4    0.080607    0.034407    0.089433    0.133195 ^ clkbuf_0_clk/X (sg13g2_buf_16)
                                                         clknet_0_clk (net)
                      0.034924    0.003059    0.136254 ^ clkbuf_2_0__f_clk/A (sg13g2_buf_16)
     6    0.026689    0.021216    0.065451    0.201705 ^ clkbuf_2_0__f_clk/X (sg13g2_buf_16)
                                                         clknet_2_0__leaf_clk (net)
                      0.021219    0.000464    0.202169 ^ _109_/CLK (sg13g2_dfrbpq_1)
     1    0.002462    0.022394    0.153736    0.355905 ^ _109_/Q (sg13g2_dfrbpq_1)
                                                         internal_data_reg[1] (net)
                      0.022394    0.000024    0.355929 ^ hold50/A (sg13g2_dlygate4sd3_1)
     3    0.009643    0.058278    0.358207    0.714136 ^ hold50/X (sg13g2_dlygate4sd3_1)
                                                         net50 (net)
                      0.058278    0.000055    0.714192 ^ _067_/A0 (sg13g2_mux2_1)
     1    0.001440    0.022621    0.092065    0.806257 ^ _067_/X (sg13g2_mux2_1)
                                                         _031_ (net)
                      0.022621    0.000006    0.806263 ^ _109_/D (sg13g2_dfrbpq_1)
                                              0.806263   data arrival time

                                  0.000000    0.000000   clock clk (rise edge)
                                  0.000000    0.000000   clock source latency
     1    0.052549    0.067257    0.050880    0.050880 ^ clk (in)
                                                         clk (net)
                      0.070027    0.000000    0.050880 ^ clkbuf_0_clk/A (sg13g2_buf_16)
     4    0.091299    0.037008    0.102396    0.153276 ^ clkbuf_0_clk/X (sg13g2_buf_16)
                                                         clknet_0_clk (net)
                      0.037634    0.003860    0.157136 ^ clkbuf_2_0__f_clk/A (sg13g2_buf_16)
     6    0.029373    0.021948    0.074264    0.231400 ^ clkbuf_2_0__f_clk/X (sg13g2_buf_16)
                                                         clknet_2_0__leaf_clk (net)
                      0.021951    0.000571    0.231971 ^ _109_/CLK (sg13g2_dfrbpq_1)
                                  0.250000    0.481971   clock uncertainty
                                 -0.029802    0.452169   clock reconvergence pessimism
                                 -0.059421    0.392748   library hold time
                                              0.392748   data required time
---------------------------------------------------------------------------------------------
                                              0.392748   data required time
                                             -0.806263   data arrival time
---------------------------------------------------------------------------------------------
                                              0.413516   slack (MET)


Startpoint: _110_ (rising edge-triggered flip-flop clocked by clk)
Endpoint: _111_ (rising edge-triggered flip-flop clocked by clk)
Path Group: clk
Path Type: min

Fanout         Cap        Slew       Delay        Time   Description
---------------------------------------------------------------------------------------------
                                  0.000000    0.000000   clock clk (rise edge)
                                  0.000000    0.000000   clock source latency
     1    0.049876    0.064457    0.043762    0.043762 ^ clk (in)
                                                         clk (net)
                      0.066940    0.000000    0.043762 ^ clkbuf_0_clk/A (sg13g2_buf_16)
     4    0.080607    0.034407    0.089433    0.133195 ^ clkbuf_0_clk/X (sg13g2_buf_16)
                                                         clknet_0_clk (net)
                      0.034924    0.003059    0.136254 ^ clkbuf_2_0__f_clk/A (sg13g2_buf_16)
     6    0.026689    0.021216    0.065451    0.201705 ^ clkbuf_2_0__f_clk/X (sg13g2_buf_16)
                                                         clknet_2_0__leaf_clk (net)
                      0.021218    0.000388    0.202093 ^ _110_/CLK (sg13g2_dfrbpq_1)
     1    0.002323    0.021896    0.153350    0.355443 ^ _110_/Q (sg13g2_dfrbpq_1)
                                                         internal_data_reg[2] (net)
                      0.021896    0.000021    0.355464 ^ hold46/A (sg13g2_dlygate4sd3_1)
     3    0.010616    0.062006    0.361148    0.716612 ^ hold46/X (sg13g2_dlygate4sd3_1)
                                                         net46 (net)
                      0.062006    0.000099    0.716711 ^ _065_/A1 (sg13g2_mux2_1)
     1    0.002012    0.024667    0.090851    0.807563 ^ _065_/X (sg13g2_mux2_1)
                                                         _033_ (net)
                      0.024667    0.000016    0.807579 ^ _111_/D (sg13g2_dfrbpq_1)
                                              0.807579   data arrival time

                                  0.000000    0.000000   clock clk (rise edge)
                                  0.000000    0.000000   clock source latency
     1    0.052549    0.067257    0.050880    0.050880 ^ clk (in)
                                                         clk (net)
                      0.070027    0.000000    0.050880 ^ clkbuf_0_clk/A (sg13g2_buf_16)
     4    0.091299    0.037008    0.102396    0.153276 ^ clkbuf_0_clk/X (sg13g2_buf_16)
                                                         clknet_0_clk (net)
                      0.037634    0.003860    0.157136 ^ clkbuf_2_0__f_clk/A (sg13g2_buf_16)
     6    0.029373    0.021948    0.074264    0.231400 ^ clkbuf_2_0__f_clk/X (sg13g2_buf_16)
                                                         clknet_2_0__leaf_clk (net)
                      0.021949    0.000299    0.231699 ^ _111_/CLK (sg13g2_dfrbpq_1)
                                  0.250000    0.481699   clock uncertainty
                                 -0.029695    0.452004   clock reconvergence pessimism
                                 -0.059979    0.392024   library hold time
                                              0.392024   data required time
---------------------------------------------------------------------------------------------
                                              0.392024   data required time
                                             -0.807579   data arrival time
---------------------------------------------------------------------------------------------
                                              0.415554   slack (MET)


Startpoint: _116_ (rising edge-triggered flip-flop clocked by clk)
Endpoint: _116_ (rising edge-triggered flip-flop clocked by clk)
Path Group: clk
Path Type: min

Fanout         Cap        Slew       Delay        Time   Description
---------------------------------------------------------------------------------------------
                                  0.000000    0.000000   clock clk (rise edge)
                                  0.000000    0.000000   clock source latency
     1    0.049876    0.064457    0.043762    0.043762 ^ clk (in)
                                                         clk (net)
                      0.066940    0.000000    0.043762 ^ clkbuf_0_clk/A (sg13g2_buf_16)
     4    0.080607    0.034407    0.089433    0.133195 ^ clkbuf_0_clk/X (sg13g2_buf_16)
                                                         clknet_0_clk (net)
                      0.034694    0.002069    0.135264 ^ clkbuf_2_2__f_clk/A (sg13g2_buf_16)
     6    0.027798    0.021457    0.065500    0.200764 ^ clkbuf_2_2__f_clk/X (sg13g2_buf_16)
                                                         clknet_2_2__leaf_clk (net)
                      0.021457    0.000160    0.200924 ^ _116_/CLK (sg13g2_dfrbpq_1)
     2    0.004901    0.024837    0.156881    0.357805 v _116_/Q (sg13g2_dfrbpq_1)
                                                         internal_data_reg[8] (net)
                      0.024837    0.000032    0.357837 v hold44/A (sg13g2_dlygate4sd3_1)
     2    0.007952    0.050722    0.367265    0.725102 v hold44/X (sg13g2_dlygate4sd3_1)
                                                         net44 (net)
                      0.050722    0.000093    0.725195 v _060_/A0 (sg13g2_mux2_1)
     1    0.001536    0.025534    0.106389    0.831585 v _060_/X (sg13g2_mux2_1)
                                                         _038_ (net)
                      0.025534    0.000007    0.831592 v _116_/D (sg13g2_dfrbpq_1)
                                              0.831592   data arrival time

                                  0.000000    0.000000   clock clk (rise edge)
                                  0.000000    0.000000   clock source latency
     1    0.052549    0.067257    0.050880    0.050880 ^ clk (in)
                                                         clk (net)
                      0.070027    0.000000    0.050880 ^ clkbuf_0_clk/A (sg13g2_buf_16)
     4    0.091299    0.037008    0.102396    0.153276 ^ clkbuf_0_clk/X (sg13g2_buf_16)
                                                         clknet_0_clk (net)
                      0.037334    0.002605    0.155881 ^ clkbuf_2_2__f_clk/A (sg13g2_buf_16)
     6    0.030482    0.022184    0.074274    0.230155 ^ clkbuf_2_2__f_clk/X (sg13g2_buf_16)
                                                         clknet_2_2__leaf_clk (net)
                      0.022185    0.000194    0.230350 ^ _116_/CLK (sg13g2_dfrbpq_1)
                                  0.250000    0.480350   clock uncertainty
                                 -0.029426    0.450924   clock reconvergence pessimism
                                 -0.035682    0.415242   library hold time
                                              0.415242   data required time
---------------------------------------------------------------------------------------------
                                              0.415242   data required time
                                             -0.831592   data arrival time
---------------------------------------------------------------------------------------------
                                              0.416350   slack (MET)


Startpoint: _121_ (rising edge-triggered flip-flop clocked by clk)
Endpoint: _121_ (rising edge-triggered flip-flop clocked by clk)
Path Group: clk
Path Type: min

Fanout         Cap        Slew       Delay        Time   Description
---------------------------------------------------------------------------------------------
                                  0.000000    0.000000   clock clk (rise edge)
                                  0.000000    0.000000   clock source latency
     1    0.049876    0.064457    0.043762    0.043762 ^ clk (in)
                                                         clk (net)
                      0.066940    0.000000    0.043762 ^ clkbuf_0_clk/A (sg13g2_buf_16)
     4    0.080607    0.034407    0.089433    0.133195 ^ clkbuf_0_clk/X (sg13g2_buf_16)
                                                         clknet_0_clk (net)
                      0.034864    0.002823    0.136019 ^ clkbuf_2_1__f_clk/A (sg13g2_buf_16)
     6    0.025413    0.020925    0.065184    0.201203 ^ clkbuf_2_1__f_clk/X (sg13g2_buf_16)
                                                         clknet_2_1__leaf_clk (net)
                      0.020928    0.000521    0.201724 ^ _121_/CLK (sg13g2_dfrbpq_1)
     2    0.012620    0.047025    0.174407    0.376131 v _121_/Q (sg13g2_dfrbpq_1)
                                                         net8 (net)
                      0.047025    0.000063    0.376195 v _054_/A0 (sg13g2_mux2_1)
     1    0.001554    0.025601    0.105023    0.481217 v _054_/X (sg13g2_mux2_1)
                                                         _043_ (net)
                      0.025601    0.000007    0.481224 v hold51/A (sg13g2_dlygate4sd3_1)
     1    0.002210    0.034774    0.348668    0.829892 v hold51/X (sg13g2_dlygate4sd3_1)
                                                         net51 (net)
                      0.034774    0.000019    0.829911 v _121_/D (sg13g2_dfrbpq_1)
                                              0.829911   data arrival time

                                  0.000000    0.000000   clock clk (rise edge)
                                  0.000000    0.000000   clock source latency
     1    0.052549    0.067257    0.050880    0.050880 ^ clk (in)
                                                         clk (net)
                      0.070027    0.000000    0.050880 ^ clkbuf_0_clk/A (sg13g2_buf_16)
     4    0.091299    0.037008    0.102396    0.153276 ^ clkbuf_0_clk/X (sg13g2_buf_16)
                                                         clknet_0_clk (net)
                      0.037555    0.003559    0.156835 ^ clkbuf_2_1__f_clk/A (sg13g2_buf_16)
     6    0.028098    0.021658    0.073960    0.230795 ^ clkbuf_2_1__f_clk/X (sg13g2_buf_16)
                                                         clknet_2_1__leaf_clk (net)
                      0.021662    0.000640    0.231435 ^ _121_/CLK (sg13g2_dfrbpq_1)
                                  0.250000    0.481435   clock uncertainty
                                 -0.029711    0.451724   clock reconvergence pessimism
                                 -0.038719    0.413005   library hold time
                                              0.413005   data required time
---------------------------------------------------------------------------------------------
                                              0.413005   data required time
                                             -0.829911   data arrival time
---------------------------------------------------------------------------------------------
                                              0.416906   slack (MET)


Startpoint: _107_ (rising edge-triggered flip-flop clocked by clk)
Endpoint: _107_ (rising edge-triggered flip-flop clocked by clk)
Path Group: clk
Path Type: min

Fanout         Cap        Slew       Delay        Time   Description
---------------------------------------------------------------------------------------------
                                  0.000000    0.000000   clock clk (rise edge)
                                  0.000000    0.000000   clock source latency
     1    0.049876    0.064457    0.043762    0.043762 ^ clk (in)
                                                         clk (net)
                      0.066940    0.000000    0.043762 ^ clkbuf_0_clk/A (sg13g2_buf_16)
     4    0.080607    0.034407    0.089433    0.133195 ^ clkbuf_0_clk/X (sg13g2_buf_16)
                                                         clknet_0_clk (net)
                      0.034791    0.002519    0.135714 ^ clkbuf_2_3__f_clk/A (sg13g2_buf_16)
     6    0.022856    0.020339    0.064653    0.200367 ^ clkbuf_2_3__f_clk/X (sg13g2_buf_16)
                                                         clknet_2_3__leaf_clk (net)
                      0.020344    0.000611    0.200979 ^ _107_/CLK (sg13g2_dfrbpq_1)
     2    0.011685    0.044245    0.172027    0.373005 v _107_/Q (sg13g2_dfrbpq_1)
                                                         net7 (net)
                      0.044245    0.000060    0.373065 v _069_/A0 (sg13g2_mux2_1)
     1    0.002679    0.028554    0.107517    0.480582 v _069_/X (sg13g2_mux2_1)
                                                         _029_ (net)
                      0.028554    0.000030    0.480612 v hold32/A (sg13g2_dlygate4sd3_1)
     1    0.002240    0.034859    0.350320    0.830931 v hold32/X (sg13g2_dlygate4sd3_1)
                                                         net32 (net)
                      0.034859    0.000020    0.830952 v _107_/D (sg13g2_dfrbpq_1)
                                              0.830952   data arrival time

                                  0.000000    0.000000   clock clk (rise edge)
                                  0.000000    0.000000   clock source latency
     1    0.052549    0.067257    0.050880    0.050880 ^ clk (in)
                                                         clk (net)
                      0.070027    0.000000    0.050880 ^ clkbuf_0_clk/A (sg13g2_buf_16)
     4    0.091299    0.037008    0.102396    0.153276 ^ clkbuf_0_clk/X (sg13g2_buf_16)
                                                         clknet_0_clk (net)
                      0.037461    0.003177    0.156453 ^ clkbuf_2_3__f_clk/A (sg13g2_buf_16)
     6    0.025540    0.021075    0.073357    0.229810 ^ clkbuf_2_3__f_clk/X (sg13g2_buf_16)
                                                         clknet_2_3__leaf_clk (net)
                      0.021081    0.000758    0.230568 ^ _107_/CLK (sg13g2_dfrbpq_1)
                                  0.250000    0.480568   clock uncertainty
                                 -0.029590    0.450979   clock reconvergence pessimism
                                 -0.038867    0.412111   library hold time
                                              0.412111   data required time
---------------------------------------------------------------------------------------------
                                              0.412111   data required time
                                             -0.830952   data arrival time
---------------------------------------------------------------------------------------------
                                              0.418840   slack (MET)


Startpoint: _120_ (rising edge-triggered flip-flop clocked by clk)
Endpoint: _120_ (rising edge-triggered flip-flop clocked by clk)
Path Group: clk
Path Type: min

Fanout         Cap        Slew       Delay        Time   Description
---------------------------------------------------------------------------------------------
                                  0.000000    0.000000   clock clk (rise edge)
                                  0.000000    0.000000   clock source latency
     1    0.049876    0.064457    0.043762    0.043762 ^ clk (in)
                                                         clk (net)
                      0.066940    0.000000    0.043762 ^ clkbuf_0_clk/A (sg13g2_buf_16)
     4    0.080607    0.034407    0.089433    0.133195 ^ clkbuf_0_clk/X (sg13g2_buf_16)
                                                         clknet_0_clk (net)
                      0.034924    0.003059    0.136254 ^ clkbuf_2_0__f_clk/A (sg13g2_buf_16)
     6    0.026689    0.021216    0.065451    0.201705 ^ clkbuf_2_0__f_clk/X (sg13g2_buf_16)
                                                         clknet_2_0__leaf_clk (net)
                      0.021219    0.000490    0.202195 ^ _120_/CLK (sg13g2_dfrbpq_1)
     2    0.016251    0.057888    0.182776    0.384971 v _120_/Q (sg13g2_dfrbpq_1)
                                                         net5 (net)
                      0.057888    0.000039    0.385011 v hold57/A (sg13g2_dlygate4sd3_1)
     1    0.003300    0.037778    0.369241    0.754252 v hold57/X (sg13g2_dlygate4sd3_1)
                                                         net57 (net)
                      0.037778    0.000032    0.754284 v _055_/A0 (sg13g2_mux2_1)
     1    0.002461    0.028003    0.104333    0.858616 v _055_/X (sg13g2_mux2_1)
                                                         _042_ (net)
                      0.028003    0.000024    0.858641 v _120_/D (sg13g2_dfrbpq_1)
                                              0.858641   data arrival time

                                  0.000000    0.000000   clock clk (rise edge)
                                  0.000000    0.000000   clock source latency
     1    0.052549    0.067257    0.050880    0.050880 ^ clk (in)
                                                         clk (net)
                      0.070027    0.000000    0.050880 ^ clkbuf_0_clk/A (sg13g2_buf_16)
     4    0.091299    0.037008    0.102396    0.153276 ^ clkbuf_0_clk/X (sg13g2_buf_16)
                                                         clknet_0_clk (net)
                      0.037634    0.003860    0.157136 ^ clkbuf_2_0__f_clk/A (sg13g2_buf_16)
     6    0.029373    0.021948    0.074264    0.231400 ^ clkbuf_2_0__f_clk/X (sg13g2_buf_16)
                                                         clknet_2_0__leaf_clk (net)
                      0.021952    0.000603    0.232003 ^ _120_/CLK (sg13g2_dfrbpq_1)
                                  0.250000    0.482003   clock uncertainty
                                 -0.029808    0.452195   clock reconvergence pessimism
                                 -0.036513    0.415682   library hold time
                                              0.415682   data required time
---------------------------------------------------------------------------------------------
                                              0.415682   data required time
                                             -0.858641   data arrival time
---------------------------------------------------------------------------------------------
                                              0.442959   slack (MET)


Startpoint: _108_ (rising edge-triggered flip-flop clocked by clk)
Endpoint: _108_ (rising edge-triggered flip-flop clocked by clk)
Path Group: clk
Path Type: min

Fanout         Cap        Slew       Delay        Time   Description
---------------------------------------------------------------------------------------------
                                  0.000000    0.000000   clock clk (rise edge)
                                  0.000000    0.000000   clock source latency
     1    0.049876    0.064457    0.043762    0.043762 ^ clk (in)
                                                         clk (net)
                      0.066940    0.000000    0.043762 ^ clkbuf_0_clk/A (sg13g2_buf_16)
     4    0.080607    0.034407    0.089433    0.133195 ^ clkbuf_0_clk/X (sg13g2_buf_16)
                                                         clknet_0_clk (net)
                      0.034924    0.003059    0.136254 ^ clkbuf_2_0__f_clk/A (sg13g2_buf_16)
     6    0.026689    0.021216    0.065451    0.201705 ^ clkbuf_2_0__f_clk/X (sg13g2_buf_16)
                                                         clknet_2_0__leaf_clk (net)
                      0.021217    0.000219    0.201924 ^ _108_/CLK (sg13g2_dfrbpq_1)
     1    0.005608    0.026748    0.158385    0.360309 v _108_/Q (sg13g2_dfrbpq_1)
                                                         internal_data_reg[0] (net)
                      0.026748    0.000129    0.360438 v hold54/A (sg13g2_dlygate4sd3_1)
     3    0.015538    0.076078    0.393271    0.753709 v hold54/X (sg13g2_dlygate4sd3_1)
                                                         net54 (net)
                      0.076078    0.000133    0.753842 v _068_/A0 (sg13g2_mux2_1)
     1    0.001536    0.025554    0.116156    0.869997 v _068_/X (sg13g2_mux2_1)
                                                         _030_ (net)
                      0.025554    0.000007    0.870004 v _108_/D (sg13g2_dfrbpq_1)
                                              0.870004   data arrival time

                                  0.000000    0.000000   clock clk (rise edge)
                                  0.000000    0.000000   clock source latency
     1    0.052549    0.067257    0.050880    0.050880 ^ clk (in)
                                                         clk (net)
                      0.070027    0.000000    0.050880 ^ clkbuf_0_clk/A (sg13g2_buf_16)
     4    0.091299    0.037008    0.102396    0.153276 ^ clkbuf_0_clk/X (sg13g2_buf_16)
                                                         clknet_0_clk (net)
                      0.037634    0.003860    0.157136 ^ clkbuf_2_0__f_clk/A (sg13g2_buf_16)
     6    0.029373    0.021948    0.074264    0.231400 ^ clkbuf_2_0__f_clk/X (sg13g2_buf_16)
                                                         clknet_2_0__leaf_clk (net)
                      0.021949    0.000267    0.231666 ^ _108_/CLK (sg13g2_dfrbpq_1)
                                  0.250000    0.481667   clock uncertainty
                                 -0.029742    0.451924   clock reconvergence pessimism
                                 -0.035738    0.416186   library hold time
                                              0.416186   data required time
---------------------------------------------------------------------------------------------
                                              0.416186   data required time
                                             -0.870004   data arrival time
---------------------------------------------------------------------------------------------
                                              0.453818   slack (MET)


Startpoint: reset (input port clocked by clk)
Endpoint: _119_ (removal check against rising-edge clock clk)
Path Group: asynchronous
Path Type: min

Fanout         Cap        Slew       Delay        Time   Description
---------------------------------------------------------------------------------------------
                                  0.000000    0.000000   clock clk (rise edge)
                                  0.000000    0.000000   clock network delay (propagated)
                                  4.000000    4.000000 v input external delay
     1    0.003988    0.017895    0.002669    4.002668 v reset (in)
                                                         reset (net)
                      0.017895    0.000000    4.002668 v input3/A (sg13g2_buf_1)
     1    0.019501    0.068614    0.092331    4.095000 v input3/X (sg13g2_buf_1)
                                                         net3 (net)
                      0.068682    0.001716    4.096715 v fanout22/A (sg13g2_buf_1)
     4    0.024197    0.081345    0.124826    4.221541 v fanout22/X (sg13g2_buf_1)
                                                         net22 (net)
                      0.081384    0.000106    4.221647 v _091_/A (sg13g2_inv_1)
     1    0.004968    0.039366    0.048225    4.269872 ^ _091_/Y (sg13g2_inv_1)
                                                         _017_ (net)
                      0.039366    0.000038    4.269910 ^ _119_/RESET_B (sg13g2_dfrbpq_1)
                                              4.269910   data arrival time

                                  0.000000    0.000000   clock clk (rise edge)
                                  0.000000    0.000000   clock source latency
     1    0.052549    0.067257    0.050880    0.050880 ^ clk (in)
                                                         clk (net)
                      0.070027    0.000000    0.050880 ^ clkbuf_0_clk/A (sg13g2_buf_16)
     4    0.091299    0.037008    0.102396    0.153276 ^ clkbuf_0_clk/X (sg13g2_buf_16)
                                                         clknet_0_clk (net)
                      0.037461    0.003177    0.156453 ^ clkbuf_2_3__f_clk/A (sg13g2_buf_16)
     6    0.025540    0.021075    0.073357    0.229810 ^ clkbuf_2_3__f_clk/X (sg13g2_buf_16)
                                                         clknet_2_3__leaf_clk (net)
                      0.021080    0.000674    0.230484 ^ _119_/CLK (sg13g2_dfrbpq_1)
                                  0.250000    0.480484   clock uncertainty
                                  0.000000    0.480484   clock reconvergence pessimism
                                 -0.106159    0.374325   library removal time
                                              0.374325   data required time
---------------------------------------------------------------------------------------------
                                              0.374325   data required time
                                             -4.269910   data arrival time
---------------------------------------------------------------------------------------------
                                              3.895585   slack (MET)


Startpoint: reset (input port clocked by clk)
Endpoint: _118_ (removal check against rising-edge clock clk)
Path Group: asynchronous
Path Type: min

Fanout         Cap        Slew       Delay        Time   Description
---------------------------------------------------------------------------------------------
                                  0.000000    0.000000   clock clk (rise edge)
                                  0.000000    0.000000   clock network delay (propagated)
                                  4.000000    4.000000 v input external delay
     1    0.003988    0.017895    0.002669    4.002668 v reset (in)
                                                         reset (net)
                      0.017895    0.000000    4.002668 v input3/A (sg13g2_buf_1)
     1    0.019501    0.068614    0.092331    4.095000 v input3/X (sg13g2_buf_1)
                                                         net3 (net)
                      0.068682    0.001716    4.096715 v fanout22/A (sg13g2_buf_1)
     4    0.024197    0.081345    0.124826    4.221541 v fanout22/X (sg13g2_buf_1)
                                                         net22 (net)
                      0.081345    0.000081    4.221622 v _090_/A (sg13g2_inv_1)
     1    0.005053    0.039643    0.048515    4.270137 ^ _090_/Y (sg13g2_inv_1)
                                                         _016_ (net)
                      0.039643    0.000042    4.270178 ^ _118_/RESET_B (sg13g2_dfrbpq_1)
                                              4.270178   data arrival time

                                  0.000000    0.000000   clock clk (rise edge)
                                  0.000000    0.000000   clock source latency
     1    0.052549    0.067257    0.050880    0.050880 ^ clk (in)
                                                         clk (net)
                      0.070027    0.000000    0.050880 ^ clkbuf_0_clk/A (sg13g2_buf_16)
     4    0.091299    0.037008    0.102396    0.153276 ^ clkbuf_0_clk/X (sg13g2_buf_16)
                                                         clknet_0_clk (net)
                      0.037461    0.003177    0.156453 ^ clkbuf_2_3__f_clk/A (sg13g2_buf_16)
     6    0.025540    0.021075    0.073357    0.229810 ^ clkbuf_2_3__f_clk/X (sg13g2_buf_16)
                                                         clknet_2_3__leaf_clk (net)
                      0.021078    0.000504    0.230314 ^ _118_/CLK (sg13g2_dfrbpq_1)
                                  0.250000    0.480314   clock uncertainty
                                  0.000000    0.480314   clock reconvergence pessimism
                                 -0.106242    0.374072   library removal time
                                              0.374072   data required time
---------------------------------------------------------------------------------------------
                                              0.374072   data required time
                                             -4.270178   data arrival time
---------------------------------------------------------------------------------------------
                                              3.896106   slack (MET)


Startpoint: reset (input port clocked by clk)
Endpoint: _108_ (removal check against rising-edge clock clk)
Path Group: asynchronous
Path Type: min

Fanout         Cap        Slew       Delay        Time   Description
---------------------------------------------------------------------------------------------
                                  0.000000    0.000000   clock clk (rise edge)
                                  0.000000    0.000000   clock network delay (propagated)
                                  4.000000    4.000000 v input external delay
     1    0.003988    0.017895    0.002669    4.002668 v reset (in)
                                                         reset (net)
                      0.017895    0.000000    4.002668 v input3/A (sg13g2_buf_1)
     1    0.019501    0.068614    0.092331    4.095000 v input3/X (sg13g2_buf_1)
                                                         net3 (net)
                      0.068682    0.001716    4.096715 v fanout22/A (sg13g2_buf_1)
     4    0.024197    0.081345    0.124826    4.221541 v fanout22/X (sg13g2_buf_1)
                                                         net22 (net)
                      0.081400    0.000891    4.222432 v fanout20/A (sg13g2_buf_1)
     7    0.026784    0.089278    0.135402    4.357834 v fanout20/X (sg13g2_buf_1)
                                                         net20 (net)
                      0.089283    0.000681    4.358515 v _080_/A (sg13g2_inv_1)
     1    0.004934    0.040793    0.050353    4.408868 ^ _080_/Y (sg13g2_inv_1)
                                                         _006_ (net)
                      0.040793    0.000037    4.408905 ^ _108_/RESET_B (sg13g2_dfrbpq_1)
                                              4.408905   data arrival time

                                  0.000000    0.000000   clock clk (rise edge)
                                  0.000000    0.000000   clock source latency
     1    0.052549    0.067257    0.050880    0.050880 ^ clk (in)
                                                         clk (net)
                      0.070027    0.000000    0.050880 ^ clkbuf_0_clk/A (sg13g2_buf_16)
     4    0.091299    0.037008    0.102396    0.153276 ^ clkbuf_0_clk/X (sg13g2_buf_16)
                                                         clknet_0_clk (net)
                      0.037634    0.003860    0.157136 ^ clkbuf_2_0__f_clk/A (sg13g2_buf_16)
     6    0.029373    0.021948    0.074264    0.231400 ^ clkbuf_2_0__f_clk/X (sg13g2_buf_16)
                                                         clknet_2_0__leaf_clk (net)
                      0.021949    0.000267    0.231666 ^ _108_/CLK (sg13g2_dfrbpq_1)
                                  0.250000    0.481667   clock uncertainty
                                  0.000000    0.481667   clock reconvergence pessimism
                                 -0.106476    0.375190   library removal time
                                              0.375190   data required time
---------------------------------------------------------------------------------------------
                                              0.375190   data required time
                                             -4.408905   data arrival time
---------------------------------------------------------------------------------------------
                                              4.033715   slack (MET)


Startpoint: reset (input port clocked by clk)
Endpoint: _113_ (removal check against rising-edge clock clk)
Path Group: asynchronous
Path Type: min

Fanout         Cap        Slew       Delay        Time   Description
---------------------------------------------------------------------------------------------
                                  0.000000    0.000000   clock clk (rise edge)
                                  0.000000    0.000000   clock network delay (propagated)
                                  4.000000    4.000000 v input external delay
     1    0.003988    0.017895    0.002669    4.002668 v reset (in)
                                                         reset (net)
                      0.017895    0.000000    4.002668 v input3/A (sg13g2_buf_1)
     1    0.019501    0.068614    0.092331    4.095000 v input3/X (sg13g2_buf_1)
                                                         net3 (net)
                      0.068682    0.001716    4.096715 v fanout22/A (sg13g2_buf_1)
     4    0.024197    0.081345    0.124826    4.221541 v fanout22/X (sg13g2_buf_1)
                                                         net22 (net)
                      0.081400    0.000891    4.222432 v fanout20/A (sg13g2_buf_1)
     7    0.026784    0.089278    0.135402    4.357834 v fanout20/X (sg13g2_buf_1)
                                                         net20 (net)
                      0.089287    0.000882    4.358716 v _085_/A (sg13g2_inv_1)
     1    0.004760    0.040227    0.049729    4.408444 ^ _085_/Y (sg13g2_inv_1)
                                                         _011_ (net)
                      0.040227    0.000028    4.408473 ^ _113_/RESET_B (sg13g2_dfrbpq_1)
                                              4.408473   data arrival time

                                  0.000000    0.000000   clock clk (rise edge)
                                  0.000000    0.000000   clock source latency
     1    0.052549    0.067257    0.050880    0.050880 ^ clk (in)
                                                         clk (net)
                      0.070027    0.000000    0.050880 ^ clkbuf_0_clk/A (sg13g2_buf_16)
     4    0.091299    0.037008    0.102396    0.153276 ^ clkbuf_0_clk/X (sg13g2_buf_16)
                                                         clknet_0_clk (net)
                      0.037555    0.003559    0.156835 ^ clkbuf_2_1__f_clk/A (sg13g2_buf_16)
     6    0.028098    0.021658    0.073960    0.230795 ^ clkbuf_2_1__f_clk/X (sg13g2_buf_16)
                                                         clknet_2_1__leaf_clk (net)
                      0.021658    0.000159    0.230954 ^ _113_/CLK (sg13g2_dfrbpq_1)
                                  0.250000    0.480954   clock uncertainty
                                  0.000000    0.480954   clock reconvergence pessimism
                                 -0.106344    0.374610   library removal time
                                              0.374610   data required time
---------------------------------------------------------------------------------------------
                                              0.374610   data required time
                                             -4.408473   data arrival time
---------------------------------------------------------------------------------------------
                                              4.033862   slack (MET)


Startpoint: reset (input port clocked by clk)
Endpoint: _114_ (removal check against rising-edge clock clk)
Path Group: asynchronous
Path Type: min

Fanout         Cap        Slew       Delay        Time   Description
---------------------------------------------------------------------------------------------
                                  0.000000    0.000000   clock clk (rise edge)
                                  0.000000    0.000000   clock network delay (propagated)
                                  4.000000    4.000000 v input external delay
     1    0.003988    0.017895    0.002669    4.002668 v reset (in)
                                                         reset (net)
                      0.017895    0.000000    4.002668 v input3/A (sg13g2_buf_1)
     1    0.019501    0.068614    0.092331    4.095000 v input3/X (sg13g2_buf_1)
                                                         net3 (net)
                      0.068682    0.001716    4.096715 v fanout22/A (sg13g2_buf_1)
     4    0.024197    0.081345    0.124826    4.221541 v fanout22/X (sg13g2_buf_1)
                                                         net22 (net)
                      0.081400    0.000891    4.222432 v fanout20/A (sg13g2_buf_1)
     7    0.026784    0.089278    0.135402    4.357834 v fanout20/X (sg13g2_buf_1)
                                                         net20 (net)
                      0.089280    0.000519    4.358353 v _086_/A (sg13g2_inv_1)
     1    0.005149    0.041494    0.051127    4.409480 ^ _086_/Y (sg13g2_inv_1)
                                                         _012_ (net)
                      0.041494    0.000046    4.409526 ^ _114_/RESET_B (sg13g2_dfrbpq_1)
                                              4.409526   data arrival time

                                  0.000000    0.000000   clock clk (rise edge)
                                  0.000000    0.000000   clock source latency
     1    0.052549    0.067257    0.050880    0.050880 ^ clk (in)
                                                         clk (net)
                      0.070027    0.000000    0.050880 ^ clkbuf_0_clk/A (sg13g2_buf_16)
     4    0.091299    0.037008    0.102396    0.153276 ^ clkbuf_0_clk/X (sg13g2_buf_16)
                                                         clknet_0_clk (net)
                      0.037334    0.002605    0.155881 ^ clkbuf_2_2__f_clk/A (sg13g2_buf_16)
     6    0.030482    0.022184    0.074274    0.230155 ^ clkbuf_2_2__f_clk/X (sg13g2_buf_16)
                                                         clknet_2_2__leaf_clk (net)
                      0.022197    0.001144    0.231300 ^ _114_/CLK (sg13g2_dfrbpq_1)
                                  0.250000    0.481300   clock uncertainty
                                  0.000000    0.481300   clock reconvergence pessimism
                                 -0.106655    0.374645   library removal time
                                              0.374645   data required time
---------------------------------------------------------------------------------------------
                                              0.374645   data required time
                                             -4.409526   data arrival time
---------------------------------------------------------------------------------------------
                                              4.034881   slack (MET)


Startpoint: reset (input port clocked by clk)
Endpoint: _102_ (removal check against rising-edge clock clk)
Path Group: asynchronous
Path Type: min

Fanout         Cap        Slew       Delay        Time   Description
---------------------------------------------------------------------------------------------
                                  0.000000    0.000000   clock clk (rise edge)
                                  0.000000    0.000000   clock network delay (propagated)
                                  4.000000    4.000000 v input external delay
     1    0.003988    0.017895    0.002669    4.002668 v reset (in)
                                                         reset (net)
                      0.017895    0.000000    4.002668 v input3/A (sg13g2_buf_1)
     1    0.019501    0.068614    0.092331    4.095000 v input3/X (sg13g2_buf_1)
                                                         net3 (net)
                      0.068682    0.001716    4.096715 v fanout22/A (sg13g2_buf_1)
     4    0.024197    0.081345    0.124826    4.221541 v fanout22/X (sg13g2_buf_1)
                                                         net22 (net)
                      0.081400    0.000891    4.222432 v fanout20/A (sg13g2_buf_1)
     7    0.026784    0.089278    0.135402    4.357834 v fanout20/X (sg13g2_buf_1)
                                                         net20 (net)
                      0.089278    0.000086    4.357920 v _049_/A (sg13g2_inv_1)
     1    0.005397    0.042322    0.052021    4.409941 ^ _049_/Y (sg13g2_inv_1)
                                                         _000_ (net)
                      0.042322    0.000057    4.409998 ^ _102_/RESET_B (sg13g2_dfrbpq_1)
                                              4.409998   data arrival time

                                  0.000000    0.000000   clock clk (rise edge)
                                  0.000000    0.000000   clock source latency
     1    0.052549    0.067257    0.050880    0.050880 ^ clk (in)
                                                         clk (net)
                      0.070027    0.000000    0.050880 ^ clkbuf_0_clk/A (sg13g2_buf_16)
     4    0.091299    0.037008    0.102396    0.153276 ^ clkbuf_0_clk/X (sg13g2_buf_16)
                                                         clknet_0_clk (net)
                      0.037334    0.002605    0.155881 ^ clkbuf_2_2__f_clk/A (sg13g2_buf_16)
     6    0.030482    0.022184    0.074274    0.230155 ^ clkbuf_2_2__f_clk/X (sg13g2_buf_16)
                                                         clknet_2_2__leaf_clk (net)
                      0.022195    0.001079    0.231234 ^ _102_/CLK (sg13g2_dfrbpq_1)
                                  0.250000    0.481234   clock uncertainty
                                  0.000000    0.481234   clock reconvergence pessimism
                                 -0.106903    0.374331   library removal time
                                              0.374331   data required time
---------------------------------------------------------------------------------------------
                                              0.374331   data required time
                                             -4.409998   data arrival time
---------------------------------------------------------------------------------------------
                                              4.035666   slack (MET)


Startpoint: reset (input port clocked by clk)
Endpoint: _101_ (removal check against rising-edge clock clk)
Path Group: asynchronous
Path Type: min

Fanout         Cap        Slew       Delay        Time   Description
---------------------------------------------------------------------------------------------
                                  0.000000    0.000000   clock clk (rise edge)
                                  0.000000    0.000000   clock network delay (propagated)
                                  4.000000    4.000000 v input external delay
     1    0.003988    0.017895    0.002669    4.002668 v reset (in)
                                                         reset (net)
                      0.017895    0.000000    4.002668 v input3/A (sg13g2_buf_1)
     1    0.019501    0.068614    0.092331    4.095000 v input3/X (sg13g2_buf_1)
                                                         net3 (net)
                      0.068682    0.001716    4.096715 v fanout22/A (sg13g2_buf_1)
     4    0.024197    0.081345    0.124826    4.221541 v fanout22/X (sg13g2_buf_1)
                                                         net22 (net)
                      0.081400    0.000891    4.222432 v fanout20/A (sg13g2_buf_1)
     7    0.026784    0.089278    0.135402    4.357834 v fanout20/X (sg13g2_buf_1)
                                                         net20 (net)
                      0.089284    0.000774    4.358608 v _097_/A (sg13g2_inv_1)
     1    0.005225    0.041748    0.051404    4.410012 ^ _097_/Y (sg13g2_inv_1)
                                                         _023_ (net)
                      0.041748    0.000050    4.410062 ^ _101_/RESET_B (sg13g2_dfrbpq_1)
                                              4.410062   data arrival time

                                  0.000000    0.000000   clock clk (rise edge)
                                  0.000000    0.000000   clock source latency
     1    0.052549    0.067257    0.050880    0.050880 ^ clk (in)
                                                         clk (net)
                      0.070027    0.000000    0.050880 ^ clkbuf_0_clk/A (sg13g2_buf_16)
     4    0.091299    0.037008    0.102396    0.153276 ^ clkbuf_0_clk/X (sg13g2_buf_16)
                                                         clknet_0_clk (net)
                      0.037555    0.003559    0.156835 ^ clkbuf_2_1__f_clk/A (sg13g2_buf_16)
     6    0.028098    0.021658    0.073960    0.230795 ^ clkbuf_2_1__f_clk/X (sg13g2_buf_16)
                                                         clknet_2_1__leaf_clk (net)
                      0.021658    0.000189    0.230984 ^ _101_/CLK (sg13g2_dfrbpq_1)
                                  0.250000    0.480984   clock uncertainty
                                  0.000000    0.480984   clock reconvergence pessimism
                                 -0.106799    0.374185   library removal time
                                              0.374185   data required time
---------------------------------------------------------------------------------------------
                                              0.374185   data required time
                                             -4.410062   data arrival time
---------------------------------------------------------------------------------------------
                                              4.035877   slack (MET)


Startpoint: reset (input port clocked by clk)
Endpoint: _100_ (removal check against rising-edge clock clk)
Path Group: asynchronous
Path Type: min

Fanout         Cap        Slew       Delay        Time   Description
---------------------------------------------------------------------------------------------
                                  0.000000    0.000000   clock clk (rise edge)
                                  0.000000    0.000000   clock network delay (propagated)
                                  4.000000    4.000000 v input external delay
     1    0.003988    0.017895    0.002669    4.002668 v reset (in)
                                                         reset (net)
                      0.017895    0.000000    4.002668 v input3/A (sg13g2_buf_1)
     1    0.019501    0.068614    0.092331    4.095000 v input3/X (sg13g2_buf_1)
                                                         net3 (net)
                      0.068682    0.001716    4.096715 v fanout22/A (sg13g2_buf_1)
     4    0.024197    0.081345    0.124826    4.221541 v fanout22/X (sg13g2_buf_1)
                                                         net22 (net)
                      0.081400    0.000891    4.222432 v fanout20/A (sg13g2_buf_1)
     7    0.026784    0.089278    0.135402    4.357834 v fanout20/X (sg13g2_buf_1)
                                                         net20 (net)
                      0.089289    0.000947    4.358781 v _096_/A (sg13g2_inv_1)
     1    0.005476    0.042592    0.052310    4.411091 ^ _096_/Y (sg13g2_inv_1)
                                                         _022_ (net)
                      0.042592    0.000060    4.411151 ^ _100_/RESET_B (sg13g2_dfrbpq_1)
                                              4.411151   data arrival time

                                  0.000000    0.000000   clock clk (rise edge)
                                  0.000000    0.000000   clock source latency
     1    0.052549    0.067257    0.050880    0.050880 ^ clk (in)
                                                         clk (net)
                      0.070027    0.000000    0.050880 ^ clkbuf_0_clk/A (sg13g2_buf_16)
     4    0.091299    0.037008    0.102396    0.153276 ^ clkbuf_0_clk/X (sg13g2_buf_16)
                                                         clknet_0_clk (net)
                      0.037555    0.003559    0.156835 ^ clkbuf_2_1__f_clk/A (sg13g2_buf_16)
     6    0.028098    0.021658    0.073960    0.230795 ^ clkbuf_2_1__f_clk/X (sg13g2_buf_16)
                                                         clknet_2_1__leaf_clk (net)
                      0.021658    0.000234    0.231029 ^ _100_/CLK (sg13g2_dfrbpq_1)
                                  0.250000    0.481029   clock uncertainty
                                  0.000000    0.481029   clock reconvergence pessimism
                                 -0.107052    0.373978   library removal time
                                              0.373978   data required time
---------------------------------------------------------------------------------------------
                                              0.373978   data required time
                                             -4.411151   data arrival time
---------------------------------------------------------------------------------------------
                                              4.037174   slack (MET)


Startpoint: reset (input port clocked by clk)
Endpoint: _103_ (removal check against rising-edge clock clk)
Path Group: asynchronous
Path Type: min

Fanout         Cap        Slew       Delay        Time   Description
---------------------------------------------------------------------------------------------
                                  0.000000    0.000000   clock clk (rise edge)
                                  0.000000    0.000000   clock network delay (propagated)
                                  4.000000    4.000000 v input external delay
     1    0.003988    0.017895    0.002669    4.002668 v reset (in)
                                                         reset (net)
                      0.017895    0.000000    4.002668 v input3/A (sg13g2_buf_1)
     1    0.019501    0.068614    0.092331    4.095000 v input3/X (sg13g2_buf_1)
                                                         net3 (net)
                      0.068682    0.001716    4.096715 v fanout22/A (sg13g2_buf_1)
     4    0.024197    0.081345    0.124826    4.221541 v fanout22/X (sg13g2_buf_1)
                                                         net22 (net)
                      0.081384    0.000107    4.221649 v fanout21/A (sg13g2_buf_1)
     8    0.033945    0.110817    0.150610    4.372258 v fanout21/X (sg13g2_buf_1)
                                                         net21 (net)
                      0.110829    0.001147    4.373405 v _075_/A (sg13g2_inv_1)
     1    0.004760    0.043842    0.054178    4.427583 ^ _075_/Y (sg13g2_inv_1)
                                                         _001_ (net)
                      0.043842    0.000028    4.427611 ^ _103_/RESET_B (sg13g2_dfrbpq_1)
                                              4.427611   data arrival time

                                  0.000000    0.000000   clock clk (rise edge)
                                  0.000000    0.000000   clock source latency
     1    0.052549    0.067257    0.050880    0.050880 ^ clk (in)
                                                         clk (net)
                      0.070027    0.000000    0.050880 ^ clkbuf_0_clk/A (sg13g2_buf_16)
     4    0.091299    0.037008    0.102396    0.153276 ^ clkbuf_0_clk/X (sg13g2_buf_16)
                                                         clknet_0_clk (net)
                      0.037334    0.002605    0.155881 ^ clkbuf_2_2__f_clk/A (sg13g2_buf_16)
     6    0.030482    0.022184    0.074274    0.230155 ^ clkbuf_2_2__f_clk/X (sg13g2_buf_16)
                                                         clknet_2_2__leaf_clk (net)
                      0.022188    0.000615    0.230770 ^ _103_/CLK (sg13g2_dfrbpq_1)
                                  0.250000    0.480770   clock uncertainty
                                  0.000000    0.480770   clock reconvergence pessimism
                                 -0.107359    0.373411   library removal time
                                              0.373411   data required time
---------------------------------------------------------------------------------------------
                                              0.373411   data required time
                                             -4.427611   data arrival time
---------------------------------------------------------------------------------------------
                                              4.054200   slack (MET)


Startpoint: reset (input port clocked by clk)
Endpoint: _106_ (removal check against rising-edge clock clk)
Path Group: asynchronous
Path Type: min

Fanout         Cap        Slew       Delay        Time   Description
---------------------------------------------------------------------------------------------
                                  0.000000    0.000000   clock clk (rise edge)
                                  0.000000    0.000000   clock network delay (propagated)
                                  4.000000    4.000000 v input external delay
     1    0.003988    0.017895    0.002669    4.002668 v reset (in)
                                                         reset (net)
                      0.017895    0.000000    4.002668 v input3/A (sg13g2_buf_1)
     1    0.019501    0.068614    0.092331    4.095000 v input3/X (sg13g2_buf_1)
                                                         net3 (net)
                      0.068682    0.001716    4.096715 v fanout22/A (sg13g2_buf_1)
     4    0.024197    0.081345    0.124826    4.221541 v fanout22/X (sg13g2_buf_1)
                                                         net22 (net)
                      0.081384    0.000107    4.221649 v fanout21/A (sg13g2_buf_1)
     8    0.033945    0.110817    0.150610    4.372258 v fanout21/X (sg13g2_buf_1)
                                                         net21 (net)
                      0.110817    0.000134    4.372392 v _078_/A (sg13g2_inv_1)
     1    0.005053    0.044797    0.055314    4.427706 ^ _078_/Y (sg13g2_inv_1)
                                                         _004_ (net)
                      0.044797    0.000042    4.427748 ^ _106_/RESET_B (sg13g2_dfrbpq_1)
                                              4.427748   data arrival time

                                  0.000000    0.000000   clock clk (rise edge)
                                  0.000000    0.000000   clock source latency
     1    0.052549    0.067257    0.050880    0.050880 ^ clk (in)
                                                         clk (net)
                      0.070027    0.000000    0.050880 ^ clkbuf_0_clk/A (sg13g2_buf_16)
     4    0.091299    0.037008    0.102396    0.153276 ^ clkbuf_0_clk/X (sg13g2_buf_16)
                                                         clknet_0_clk (net)
                      0.037461    0.003177    0.156453 ^ clkbuf_2_3__f_clk/A (sg13g2_buf_16)
     6    0.025540    0.021075    0.073357    0.229810 ^ clkbuf_2_3__f_clk/X (sg13g2_buf_16)
                                                         clknet_2_3__leaf_clk (net)
                      0.021081    0.000757    0.230567 ^ _106_/CLK (sg13g2_dfrbpq_1)
                                  0.250000    0.480567   clock uncertainty
                                  0.000000    0.480567   clock reconvergence pessimism
                                 -0.107785    0.372782   library removal time
                                              0.372782   data required time
---------------------------------------------------------------------------------------------
                                              0.372782   data required time
                                             -4.427748   data arrival time
---------------------------------------------------------------------------------------------
                                              4.054965   slack (MET)


Startpoint: reset (input port clocked by clk)
Endpoint: _116_ (removal check against rising-edge clock clk)
Path Group: asynchronous
Path Type: min

Fanout         Cap        Slew       Delay        Time   Description
---------------------------------------------------------------------------------------------
                                  0.000000    0.000000   clock clk (rise edge)
                                  0.000000    0.000000   clock network delay (propagated)
                                  4.000000    4.000000 v input external delay
     1    0.003988    0.017895    0.002669    4.002668 v reset (in)
                                                         reset (net)
                      0.017895    0.000000    4.002668 v input3/A (sg13g2_buf_1)
     1    0.019501    0.068614    0.092331    4.095000 v input3/X (sg13g2_buf_1)
                                                         net3 (net)
                      0.068682    0.001716    4.096715 v fanout22/A (sg13g2_buf_1)
     4    0.024197    0.081345    0.124826    4.221541 v fanout22/X (sg13g2_buf_1)
                                                         net22 (net)
                      0.081384    0.000107    4.221649 v fanout21/A (sg13g2_buf_1)
     8    0.033945    0.110817    0.150610    4.372258 v fanout21/X (sg13g2_buf_1)
                                                         net21 (net)
                      0.110824    0.000933    4.373192 v _088_/A (sg13g2_inv_1)
     1    0.004934    0.044408    0.054851    4.428043 ^ _088_/Y (sg13g2_inv_1)
                                                         _014_ (net)
                      0.044408    0.000037    4.428080 ^ _116_/RESET_B (sg13g2_dfrbpq_1)
                                              4.428080   data arrival time

                                  0.000000    0.000000   clock clk (rise edge)
                                  0.000000    0.000000   clock source latency
     1    0.052549    0.067257    0.050880    0.050880 ^ clk (in)
                                                         clk (net)
                      0.070027    0.000000    0.050880 ^ clkbuf_0_clk/A (sg13g2_buf_16)
     4    0.091299    0.037008    0.102396    0.153276 ^ clkbuf_0_clk/X (sg13g2_buf_16)
                                                         clknet_0_clk (net)
                      0.037334    0.002605    0.155881 ^ clkbuf_2_2__f_clk/A (sg13g2_buf_16)
     6    0.030482    0.022184    0.074274    0.230155 ^ clkbuf_2_2__f_clk/X (sg13g2_buf_16)
                                                         clknet_2_2__leaf_clk (net)
                      0.022185    0.000194    0.230350 ^ _116_/CLK (sg13g2_dfrbpq_1)
                                  0.250000    0.480350   clock uncertainty
                                  0.000000    0.480350   clock reconvergence pessimism
                                 -0.107529    0.372821   library removal time
                                              0.372821   data required time
---------------------------------------------------------------------------------------------
                                              0.372821   data required time
                                             -4.428080   data arrival time
---------------------------------------------------------------------------------------------
                                              4.055259   slack (MET)


Startpoint: reset (input port clocked by clk)
Endpoint: _104_ (removal check against rising-edge clock clk)
Path Group: asynchronous
Path Type: min

Fanout         Cap        Slew       Delay        Time   Description
---------------------------------------------------------------------------------------------
                                  0.000000    0.000000   clock clk (rise edge)
                                  0.000000    0.000000   clock network delay (propagated)
                                  4.000000    4.000000 v input external delay
     1    0.003988    0.017895    0.002669    4.002668 v reset (in)
                                                         reset (net)
                      0.017895    0.000000    4.002668 v input3/A (sg13g2_buf_1)
     1    0.019501    0.068614    0.092331    4.095000 v input3/X (sg13g2_buf_1)
                                                         net3 (net)
                      0.068682    0.001716    4.096715 v fanout22/A (sg13g2_buf_1)
     4    0.024197    0.081345    0.124826    4.221541 v fanout22/X (sg13g2_buf_1)
                                                         net22 (net)
                      0.081384    0.000107    4.221649 v fanout21/A (sg13g2_buf_1)
     8    0.033945    0.110817    0.150610    4.372258 v fanout21/X (sg13g2_buf_1)
                                                         net21 (net)
                      0.110820    0.000739    4.372997 v _076_/A (sg13g2_inv_1)
     1    0.005131    0.045050    0.055616    4.428612 ^ _076_/Y (sg13g2_inv_1)
                                                         _002_ (net)
                      0.045050    0.000045    4.428658 ^ _104_/RESET_B (sg13g2_dfrbpq_1)
                                              4.428658   data arrival time

                                  0.000000    0.000000   clock clk (rise edge)
                                  0.000000    0.000000   clock source latency
     1    0.052549    0.067257    0.050880    0.050880 ^ clk (in)
                                                         clk (net)
                      0.070027    0.000000    0.050880 ^ clkbuf_0_clk/A (sg13g2_buf_16)
     4    0.091299    0.037008    0.102396    0.153276 ^ clkbuf_0_clk/X (sg13g2_buf_16)
                                                         clknet_0_clk (net)
                      0.037334    0.002605    0.155881 ^ clkbuf_2_2__f_clk/A (sg13g2_buf_16)
     6    0.030482    0.022184    0.074274    0.230155 ^ clkbuf_2_2__f_clk/X (sg13g2_buf_16)
                                                         clknet_2_2__leaf_clk (net)
                      0.022185    0.000126    0.230282 ^ _104_/CLK (sg13g2_dfrbpq_1)
                                  0.250000    0.480282   clock uncertainty
                                  0.000000    0.480282   clock reconvergence pessimism
                                 -0.107721    0.372561   library removal time
                                              0.372561   data required time
---------------------------------------------------------------------------------------------
                                              0.372561   data required time
                                             -4.428658   data arrival time
---------------------------------------------------------------------------------------------
                                              4.056097   slack (MET)


Startpoint: reset (input port clocked by clk)
Endpoint: _107_ (removal check against rising-edge clock clk)
Path Group: asynchronous
Path Type: min

Fanout         Cap        Slew       Delay        Time   Description
---------------------------------------------------------------------------------------------
                                  0.000000    0.000000   clock clk (rise edge)
                                  0.000000    0.000000   clock network delay (propagated)
                                  4.000000    4.000000 v input external delay
     1    0.003988    0.017895    0.002669    4.002668 v reset (in)
                                                         reset (net)
                      0.017895    0.000000    4.002668 v input3/A (sg13g2_buf_1)
     1    0.019501    0.068614    0.092331    4.095000 v input3/X (sg13g2_buf_1)
                                                         net3 (net)
                      0.068682    0.001716    4.096715 v fanout22/A (sg13g2_buf_1)
     4    0.024197    0.081345    0.124826    4.221541 v fanout22/X (sg13g2_buf_1)
                                                         net22 (net)
                      0.081384    0.000107    4.221649 v fanout21/A (sg13g2_buf_1)
     8    0.033945    0.110817    0.150610    4.372258 v fanout21/X (sg13g2_buf_1)
                                                         net21 (net)
                      0.110817    0.000131    4.372389 v _079_/A (sg13g2_inv_1)
     1    0.005319    0.045667    0.056345    4.428734 ^ _079_/Y (sg13g2_inv_1)
                                                         _005_ (net)
                      0.045667    0.000051    4.428785 ^ _107_/RESET_B (sg13g2_dfrbpq_1)
                                              4.428785   data arrival time

                                  0.000000    0.000000   clock clk (rise edge)
                                  0.000000    0.000000   clock source latency
     1    0.052549    0.067257    0.050880    0.050880 ^ clk (in)
                                                         clk (net)
                      0.070027    0.000000    0.050880 ^ clkbuf_0_clk/A (sg13g2_buf_16)
     4    0.091299    0.037008    0.102396    0.153276 ^ clkbuf_0_clk/X (sg13g2_buf_16)
                                                         clknet_0_clk (net)
                      0.037461    0.003177    0.156453 ^ clkbuf_2_3__f_clk/A (sg13g2_buf_16)
     6    0.025540    0.021075    0.073357    0.229810 ^ clkbuf_2_3__f_clk/X (sg13g2_buf_16)
                                                         clknet_2_3__leaf_clk (net)
                      0.021081    0.000758    0.230568 ^ _107_/CLK (sg13g2_dfrbpq_1)
                                  0.250000    0.480568   clock uncertainty
                                  0.000000    0.480568   clock reconvergence pessimism
                                 -0.108046    0.372523   library removal time
                                              0.372523   data required time
---------------------------------------------------------------------------------------------
                                              0.372523   data required time
                                             -4.428785   data arrival time
---------------------------------------------------------------------------------------------
                                              4.056262   slack (MET)


Startpoint: reset (input port clocked by clk)
Endpoint: _117_ (removal check against rising-edge clock clk)
Path Group: asynchronous
Path Type: min

Fanout         Cap        Slew       Delay        Time   Description
---------------------------------------------------------------------------------------------
                                  0.000000    0.000000   clock clk (rise edge)
                                  0.000000    0.000000   clock network delay (propagated)
                                  4.000000    4.000000 v input external delay
     1    0.003988    0.017895    0.002669    4.002668 v reset (in)
                                                         reset (net)
                      0.017895    0.000000    4.002668 v input3/A (sg13g2_buf_1)
     1    0.019501    0.068614    0.092331    4.095000 v input3/X (sg13g2_buf_1)
                                                         net3 (net)
                      0.068682    0.001716    4.096715 v fanout22/A (sg13g2_buf_1)
     4    0.024197    0.081345    0.124826    4.221541 v fanout22/X (sg13g2_buf_1)
                                                         net22 (net)
                      0.081384    0.000107    4.221649 v fanout21/A (sg13g2_buf_1)
     8    0.033945    0.110817    0.150610    4.372258 v fanout21/X (sg13g2_buf_1)
                                                         net21 (net)
                      0.110818    0.000577    4.372836 v _089_/A (sg13g2_inv_1)
     1    0.005149    0.045108    0.055684    4.428520 ^ _089_/Y (sg13g2_inv_1)
                                                         _015_ (net)
                      0.045108    0.000046    4.428566 ^ _117_/RESET_B (sg13g2_dfrbpq_1)
                                              4.428566   data arrival time

                                  0.000000    0.000000   clock clk (rise edge)
                                  0.000000    0.000000   clock source latency
     1    0.052549    0.067257    0.050880    0.050880 ^ clk (in)
                                                         clk (net)
                      0.070027    0.000000    0.050880 ^ clkbuf_0_clk/A (sg13g2_buf_16)
     4    0.091299    0.037008    0.102396    0.153276 ^ clkbuf_0_clk/X (sg13g2_buf_16)
                                                         clknet_0_clk (net)
                      0.037461    0.003177    0.156453 ^ clkbuf_2_3__f_clk/A (sg13g2_buf_16)
     6    0.025540    0.021075    0.073357    0.229810 ^ clkbuf_2_3__f_clk/X (sg13g2_buf_16)
                                                         clknet_2_3__leaf_clk (net)
                      0.021075    0.000075    0.229886 ^ _117_/CLK (sg13g2_dfrbpq_1)
                                  0.250000    0.479886   clock uncertainty
                                  0.000000    0.479886   clock reconvergence pessimism
                                 -0.107879    0.372007   library removal time
                                              0.372007   data required time
---------------------------------------------------------------------------------------------
                                              0.372007   data required time
                                             -4.428566   data arrival time
---------------------------------------------------------------------------------------------
                                              4.056559   slack (MET)


Startpoint: reset (input port clocked by clk)
Endpoint: _115_ (removal check against rising-edge clock clk)
Path Group: asynchronous
Path Type: min

Fanout         Cap        Slew       Delay        Time   Description
---------------------------------------------------------------------------------------------
                                  0.000000    0.000000   clock clk (rise edge)
                                  0.000000    0.000000   clock network delay (propagated)
                                  4.000000    4.000000 v input external delay
     1    0.003988    0.017895    0.002669    4.002668 v reset (in)
                                                         reset (net)
                      0.017895    0.000000    4.002668 v input3/A (sg13g2_buf_1)
     1    0.019501    0.068614    0.092331    4.095000 v input3/X (sg13g2_buf_1)
                                                         net3 (net)
                      0.068682    0.001716    4.096715 v fanout22/A (sg13g2_buf_1)
     4    0.024197    0.081345    0.124826    4.221541 v fanout22/X (sg13g2_buf_1)
                                                         net22 (net)
                      0.081384    0.000107    4.221649 v fanout21/A (sg13g2_buf_1)
     8    0.033945    0.110817    0.150610    4.372258 v fanout21/X (sg13g2_buf_1)
                                                         net21 (net)
                      0.110832    0.001245    4.373503 v _087_/A (sg13g2_inv_1)
     1    0.005358    0.045801    0.056498    4.430001 ^ _087_/Y (sg13g2_inv_1)
                                                         _013_ (net)
                      0.045801    0.000057    4.430058 ^ _115_/RESET_B (sg13g2_dfrbpq_1)
                                              4.430058   data arrival time

                                  0.000000    0.000000   clock clk (rise edge)
                                  0.000000    0.000000   clock source latency
     1    0.052549    0.067257    0.050880    0.050880 ^ clk (in)
                                                         clk (net)
                      0.070027    0.000000    0.050880 ^ clkbuf_0_clk/A (sg13g2_buf_16)
     4    0.091299    0.037008    0.102396    0.153276 ^ clkbuf_0_clk/X (sg13g2_buf_16)
                                                         clknet_0_clk (net)
                      0.037334    0.002605    0.155881 ^ clkbuf_2_2__f_clk/A (sg13g2_buf_16)
     6    0.030482    0.022184    0.074274    0.230155 ^ clkbuf_2_2__f_clk/X (sg13g2_buf_16)
                                                         clknet_2_2__leaf_clk (net)
                      0.022192    0.000928    0.231083 ^ _115_/CLK (sg13g2_dfrbpq_1)
                                  0.250000    0.481083   clock uncertainty
                                  0.000000    0.481083   clock reconvergence pessimism
                                 -0.107945    0.373138   library removal time
                                              0.373138   data required time
---------------------------------------------------------------------------------------------
                                              0.373138   data required time
                                             -4.430058   data arrival time
---------------------------------------------------------------------------------------------
                                              4.056921   slack (MET)


Startpoint: reset (input port clocked by clk)
Endpoint: _105_ (removal check against rising-edge clock clk)
Path Group: asynchronous
Path Type: min

Fanout         Cap        Slew       Delay        Time   Description
---------------------------------------------------------------------------------------------
                                  0.000000    0.000000   clock clk (rise edge)
                                  0.000000    0.000000   clock network delay (propagated)
                                  4.000000    4.000000 v input external delay
     1    0.003988    0.017895    0.002669    4.002668 v reset (in)
                                                         reset (net)
                      0.017895    0.000000    4.002668 v input3/A (sg13g2_buf_1)
     1    0.019501    0.068614    0.092331    4.095000 v input3/X (sg13g2_buf_1)
                                                         net3 (net)
                      0.068682    0.001716    4.096715 v fanout22/A (sg13g2_buf_1)
     4    0.024197    0.081345    0.124826    4.221541 v fanout22/X (sg13g2_buf_1)
                                                         net22 (net)
                      0.081384    0.000107    4.221649 v fanout21/A (sg13g2_buf_1)
     8    0.033945    0.110817    0.150610    4.372258 v fanout21/X (sg13g2_buf_1)
                                                         net21 (net)
                      0.110817    0.000088    4.372346 v _077_/A (sg13g2_inv_1)
     1    0.005776    0.047220    0.058117    4.430463 ^ _077_/Y (sg13g2_inv_1)
                                                         _003_ (net)
                      0.047220    0.000074    4.430537 ^ _105_/RESET_B (sg13g2_dfrbpq_1)
                                              4.430537   data arrival time

                                  0.000000    0.000000   clock clk (rise edge)
                                  0.000000    0.000000   clock source latency
     1    0.052549    0.067257    0.050880    0.050880 ^ clk (in)
                                                         clk (net)
                      0.070027    0.000000    0.050880 ^ clkbuf_0_clk/A (sg13g2_buf_16)
     4    0.091299    0.037008    0.102396    0.153276 ^ clkbuf_0_clk/X (sg13g2_buf_16)
                                                         clknet_0_clk (net)
                      0.037461    0.003177    0.156453 ^ clkbuf_2_3__f_clk/A (sg13g2_buf_16)
     6    0.025540    0.021075    0.073357    0.229810 ^ clkbuf_2_3__f_clk/X (sg13g2_buf_16)
                                                         clknet_2_3__leaf_clk (net)
                      0.021077    0.000368    0.230179 ^ _105_/CLK (sg13g2_dfrbpq_1)
                                  0.250000    0.480179   clock uncertainty
                                  0.000000    0.480179   clock reconvergence pessimism
                                 -0.108511    0.371668   library removal time
                                              0.371668   data required time
---------------------------------------------------------------------------------------------
                                              0.371668   data required time
                                             -4.430537   data arrival time
---------------------------------------------------------------------------------------------
                                              4.058870   slack (MET)


Startpoint: _100_ (rising edge-triggered flip-flop clocked by clk)
Endpoint: dout[4] (output port clocked by clk)
Path Group: clk
Path Type: min

Fanout         Cap        Slew       Delay        Time   Description
---------------------------------------------------------------------------------------------
                                  0.000000    0.000000   clock clk (rise edge)
                                  0.000000    0.000000   clock source latency
     1    0.049876    0.064457    0.043762    0.043762 ^ clk (in)
                                                         clk (net)
                      0.066940    0.000000    0.043762 ^ clkbuf_0_clk/A (sg13g2_buf_16)
     4    0.080607    0.034407    0.089433    0.133195 ^ clkbuf_0_clk/X (sg13g2_buf_16)
                                                         clknet_0_clk (net)
                      0.034864    0.002823    0.136019 ^ clkbuf_2_1__f_clk/A (sg13g2_buf_16)
     6    0.025413    0.020925    0.065184    0.201203 ^ clkbuf_2_1__f_clk/X (sg13g2_buf_16)
                                                         clknet_2_1__leaf_clk (net)
                      0.020926    0.000191    0.201394 ^ _100_/CLK (sg13g2_dfrbpq_1)
     2    0.004096    0.022715    0.154774    0.356168 v _100_/Q (sg13g2_dfrbpq_1)
                                                         net11 (net)
                      0.022715    0.000027    0.356195 v output11/A (sg13g2_buf_1)
     1    0.006000    0.029019    0.063427    0.419621 v output11/X (sg13g2_buf_1)
                                                         dout[4] (net)
                      0.029019    0.000000    0.419621 v dout[4] (out)
                                              0.419621   data arrival time

                                  0.000000    0.000000   clock clk (rise edge)
                                  0.000000    0.000000   clock network delay (propagated)
                                  0.250000    0.250000   clock uncertainty
                                  0.000000    0.250000   clock reconvergence pessimism
                                 -4.000000   -3.750000   output external delay
                                             -3.750000   data required time
---------------------------------------------------------------------------------------------
                                             -3.750000   data required time
                                             -0.419621   data arrival time
---------------------------------------------------------------------------------------------
                                              4.169621   slack (MET)


Startpoint: _105_ (rising edge-triggered flip-flop clocked by clk)
Endpoint: dout[9] (output port clocked by clk)
Path Group: clk
Path Type: min

Fanout         Cap        Slew       Delay        Time   Description
---------------------------------------------------------------------------------------------
                                  0.000000    0.000000   clock clk (rise edge)
                                  0.000000    0.000000   clock source latency
     1    0.049876    0.064457    0.043762    0.043762 ^ clk (in)
                                                         clk (net)
                      0.066940    0.000000    0.043762 ^ clkbuf_0_clk/A (sg13g2_buf_16)
     4    0.080607    0.034407    0.089433    0.133195 ^ clkbuf_0_clk/X (sg13g2_buf_16)
                                                         clknet_0_clk (net)
                      0.034791    0.002519    0.135714 ^ clkbuf_2_3__f_clk/A (sg13g2_buf_16)
     6    0.022856    0.020339    0.064653    0.200367 ^ clkbuf_2_3__f_clk/X (sg13g2_buf_16)
                                                         clknet_2_3__leaf_clk (net)
                      0.020340    0.000298    0.200665 ^ _105_/CLK (sg13g2_dfrbpq_1)
     2    0.004522    0.023836    0.155495    0.356160 v _105_/Q (sg13g2_dfrbpq_1)
                                                         net16 (net)
                      0.023836    0.000018    0.356178 v output16/A (sg13g2_buf_1)
     1    0.006000    0.029052    0.063878    0.420056 v output16/X (sg13g2_buf_1)
                                                         dout[9] (net)
                      0.029052    0.000000    0.420056 v dout[9] (out)
                                              0.420056   data arrival time

                                  0.000000    0.000000   clock clk (rise edge)
                                  0.000000    0.000000   clock network delay (propagated)
                                  0.250000    0.250000   clock uncertainty
                                  0.000000    0.250000   clock reconvergence pessimism
                                 -4.000000   -3.750000   output external delay
                                             -3.750000   data required time
---------------------------------------------------------------------------------------------
                                             -3.750000   data required time
                                             -0.420056   data arrival time
---------------------------------------------------------------------------------------------
                                              4.170056   slack (MET)


Startpoint: _103_ (rising edge-triggered flip-flop clocked by clk)
Endpoint: dout[7] (output port clocked by clk)
Path Group: clk
Path Type: min

Fanout         Cap        Slew       Delay        Time   Description
---------------------------------------------------------------------------------------------
                                  0.000000    0.000000   clock clk (rise edge)
                                  0.000000    0.000000   clock source latency
     1    0.049876    0.064457    0.043762    0.043762 ^ clk (in)
                                                         clk (net)
                      0.066940    0.000000    0.043762 ^ clkbuf_0_clk/A (sg13g2_buf_16)
     4    0.080607    0.034407    0.089433    0.133195 ^ clkbuf_0_clk/X (sg13g2_buf_16)
                                                         clknet_0_clk (net)
                      0.034694    0.002069    0.135264 ^ clkbuf_2_2__f_clk/A (sg13g2_buf_16)
     6    0.027798    0.021457    0.065500    0.200764 ^ clkbuf_2_2__f_clk/X (sg13g2_buf_16)
                                                         clknet_2_2__leaf_clk (net)
                      0.021460    0.000507    0.201272 ^ _103_/CLK (sg13g2_dfrbpq_1)
     2    0.004454    0.023657    0.155851    0.357122 v _103_/Q (sg13g2_dfrbpq_1)
                                                         net14 (net)
                      0.023657    0.000021    0.357143 v output14/A (sg13g2_buf_1)
     1    0.006000    0.029047    0.063807    0.420950 v output14/X (sg13g2_buf_1)
                                                         dout[7] (net)
                      0.029047    0.000000    0.420950 v dout[7] (out)
                                              0.420950   data arrival time

                                  0.000000    0.000000   clock clk (rise edge)
                                  0.000000    0.000000   clock network delay (propagated)
                                  0.250000    0.250000   clock uncertainty
                                  0.000000    0.250000   clock reconvergence pessimism
                                 -4.000000   -3.750000   output external delay
                                             -3.750000   data required time
---------------------------------------------------------------------------------------------
                                             -3.750000   data required time
                                             -0.420950   data arrival time
---------------------------------------------------------------------------------------------
                                              4.170949   slack (MET)


Startpoint: _102_ (rising edge-triggered flip-flop clocked by clk)
Endpoint: dout[6] (output port clocked by clk)
Path Group: clk
Path Type: min

Fanout         Cap        Slew       Delay        Time   Description
---------------------------------------------------------------------------------------------
                                  0.000000    0.000000   clock clk (rise edge)
                                  0.000000    0.000000   clock source latency
     1    0.049876    0.064457    0.043762    0.043762 ^ clk (in)
                                                         clk (net)
                      0.066940    0.000000    0.043762 ^ clkbuf_0_clk/A (sg13g2_buf_16)
     4    0.080607    0.034407    0.089433    0.133195 ^ clkbuf_0_clk/X (sg13g2_buf_16)
                                                         clknet_0_clk (net)
                      0.034694    0.002069    0.135264 ^ clkbuf_2_2__f_clk/A (sg13g2_buf_16)
     6    0.027798    0.021457    0.065500    0.200764 ^ clkbuf_2_2__f_clk/X (sg13g2_buf_16)
                                                         clknet_2_2__leaf_clk (net)
                      0.021466    0.000889    0.201653 ^ _102_/CLK (sg13g2_dfrbpq_1)
     2    0.004602    0.024045    0.156190    0.357843 v _102_/Q (sg13g2_dfrbpq_1)
                                                         net13 (net)
                      0.024045    0.000044    0.357887 v output13/A (sg13g2_buf_1)
     1    0.006000    0.029058    0.063963    0.421850 v output13/X (sg13g2_buf_1)
                                                         dout[6] (net)
                      0.029058    0.000000    0.421850 v dout[6] (out)
                                              0.421850   data arrival time

                                  0.000000    0.000000   clock clk (rise edge)
                                  0.000000    0.000000   clock network delay (propagated)
                                  0.250000    0.250000   clock uncertainty
                                  0.000000    0.250000   clock reconvergence pessimism
                                 -4.000000   -3.750000   output external delay
                                             -3.750000   data required time
---------------------------------------------------------------------------------------------
                                             -3.750000   data required time
                                             -0.421850   data arrival time
---------------------------------------------------------------------------------------------
                                              4.171850   slack (MET)


Startpoint: _104_ (rising edge-triggered flip-flop clocked by clk)
Endpoint: dout[8] (output port clocked by clk)
Path Group: clk
Path Type: min

Fanout         Cap        Slew       Delay        Time   Description
---------------------------------------------------------------------------------------------
                                  0.000000    0.000000   clock clk (rise edge)
                                  0.000000    0.000000   clock source latency
     1    0.049876    0.064457    0.043762    0.043762 ^ clk (in)
                                                         clk (net)
                      0.066940    0.000000    0.043762 ^ clkbuf_0_clk/A (sg13g2_buf_16)
     4    0.080607    0.034407    0.089433    0.133195 ^ clkbuf_0_clk/X (sg13g2_buf_16)
                                                         clknet_0_clk (net)
                      0.034694    0.002069    0.135264 ^ clkbuf_2_2__f_clk/A (sg13g2_buf_16)
     6    0.027798    0.021457    0.065500    0.200764 ^ clkbuf_2_2__f_clk/X (sg13g2_buf_16)
                                                         clknet_2_2__leaf_clk (net)
                      0.021457    0.000103    0.200867 ^ _104_/CLK (sg13g2_dfrbpq_1)
     2    0.004854    0.024712    0.156773    0.357641 v _104_/Q (sg13g2_dfrbpq_1)
                                                         net15 (net)
                      0.024712    0.000034    0.357674 v output15/A (sg13g2_buf_1)
     1    0.006000    0.029078    0.064232    0.421906 v output15/X (sg13g2_buf_1)
                                                         dout[8] (net)
                      0.029078    0.000000    0.421906 v dout[8] (out)
                                              0.421906   data arrival time

                                  0.000000    0.000000   clock clk (rise edge)
                                  0.000000    0.000000   clock network delay (propagated)
                                  0.250000    0.250000   clock uncertainty
                                  0.000000    0.250000   clock reconvergence pessimism
                                 -4.000000   -3.750000   output external delay
                                             -3.750000   data required time
---------------------------------------------------------------------------------------------
                                             -3.750000   data required time
                                             -0.421906   data arrival time
---------------------------------------------------------------------------------------------
                                              4.171906   slack (MET)


Startpoint: _101_ (rising edge-triggered flip-flop clocked by clk)
Endpoint: dout[5] (output port clocked by clk)
Path Group: clk
Path Type: min

Fanout         Cap        Slew       Delay        Time   Description
---------------------------------------------------------------------------------------------
                                  0.000000    0.000000   clock clk (rise edge)
                                  0.000000    0.000000   clock source latency
     1    0.049876    0.064457    0.043762    0.043762 ^ clk (in)
                                                         clk (net)
                      0.066940    0.000000    0.043762 ^ clkbuf_0_clk/A (sg13g2_buf_16)
     4    0.080607    0.034407    0.089433    0.133195 ^ clkbuf_0_clk/X (sg13g2_buf_16)
                                                         clknet_0_clk (net)
                      0.034864    0.002823    0.136019 ^ clkbuf_2_1__f_clk/A (sg13g2_buf_16)
     6    0.025413    0.020925    0.065184    0.201203 ^ clkbuf_2_1__f_clk/X (sg13g2_buf_16)
                                                         clknet_2_1__leaf_clk (net)
                      0.020925    0.000153    0.201356 ^ _101_/CLK (sg13g2_dfrbpq_1)
     2    0.005237    0.025741    0.157415    0.358771 v _101_/Q (sg13g2_dfrbpq_1)
                                                         net12 (net)
                      0.025741    0.000045    0.358816 v output12/A (sg13g2_buf_1)
     1    0.006000    0.029108    0.064647    0.423463 v output12/X (sg13g2_buf_1)
                                                         dout[5] (net)
                      0.029108    0.000000    0.423463 v dout[5] (out)
                                              0.423463   data arrival time

                                  0.000000    0.000000   clock clk (rise edge)
                                  0.000000    0.000000   clock network delay (propagated)
                                  0.250000    0.250000   clock uncertainty
                                  0.000000    0.250000   clock reconvergence pessimism
                                 -4.000000   -3.750000   output external delay
                                             -3.750000   data required time
---------------------------------------------------------------------------------------------
                                             -3.750000   data required time
                                             -0.423463   data arrival time
---------------------------------------------------------------------------------------------
                                              4.173463   slack (MET)


Startpoint: _106_ (rising edge-triggered flip-flop clocked by clk)
Endpoint: dout[10] (output port clocked by clk)
Path Group: clk
Path Type: min

Fanout         Cap        Slew       Delay        Time   Description
---------------------------------------------------------------------------------------------
                                  0.000000    0.000000   clock clk (rise edge)
                                  0.000000    0.000000   clock source latency
     1    0.049876    0.064457    0.043762    0.043762 ^ clk (in)
                                                         clk (net)
                      0.066940    0.000000    0.043762 ^ clkbuf_0_clk/A (sg13g2_buf_16)
     4    0.080607    0.034407    0.089433    0.133195 ^ clkbuf_0_clk/X (sg13g2_buf_16)
                                                         clknet_0_clk (net)
                      0.034791    0.002519    0.135714 ^ clkbuf_2_3__f_clk/A (sg13g2_buf_16)
     6    0.022856    0.020339    0.064653    0.200367 ^ clkbuf_2_3__f_clk/X (sg13g2_buf_16)
                                                         clknet_2_3__leaf_clk (net)
                      0.020344    0.000610    0.200978 ^ _106_/CLK (sg13g2_dfrbpq_1)
     2    0.006776    0.029998    0.160708    0.361685 v _106_/Q (sg13g2_dfrbpq_1)
                                                         net6 (net)
                      0.029998    0.000068    0.361753 v output6/A (sg13g2_buf_1)
     1    0.006000    0.029235    0.066363    0.428117 v output6/X (sg13g2_buf_1)
                                                         dout[10] (net)
                      0.029235    0.000000    0.428117 v dout[10] (out)
                                              0.428117   data arrival time

                                  0.000000    0.000000   clock clk (rise edge)
                                  0.000000    0.000000   clock network delay (propagated)
                                  0.250000    0.250000   clock uncertainty
                                  0.000000    0.250000   clock reconvergence pessimism
                                 -4.000000   -3.750000   output external delay
                                             -3.750000   data required time
---------------------------------------------------------------------------------------------
                                             -3.750000   data required time
                                             -0.428117   data arrival time
---------------------------------------------------------------------------------------------
                                              4.178117   slack (MET)


Startpoint: _099_ (rising edge-triggered flip-flop clocked by clk)
Endpoint: dout[3] (output port clocked by clk)
Path Group: clk
Path Type: min

Fanout         Cap        Slew       Delay        Time   Description
---------------------------------------------------------------------------------------------
                                  0.000000    0.000000   clock clk (rise edge)
                                  0.000000    0.000000   clock source latency
     1    0.049876    0.064457    0.043762    0.043762 ^ clk (in)
                                                         clk (net)
                      0.066940    0.000000    0.043762 ^ clkbuf_0_clk/A (sg13g2_buf_16)
     4    0.080607    0.034407    0.089433    0.133195 ^ clkbuf_0_clk/X (sg13g2_buf_16)
                                                         clknet_0_clk (net)
                      0.034864    0.002823    0.136019 ^ clkbuf_2_1__f_clk/A (sg13g2_buf_16)
     6    0.025413    0.020925    0.065184    0.201203 ^ clkbuf_2_1__f_clk/X (sg13g2_buf_16)
                                                         clknet_2_1__leaf_clk (net)
                      0.020927    0.000364    0.201567 ^ _099_/CLK (sg13g2_dfrbpq_1)
     2    0.007152    0.031060    0.161845    0.363412 v _099_/Q (sg13g2_dfrbpq_1)
                                                         net10 (net)
                      0.031087    0.000077    0.363489 v output10/A (sg13g2_buf_1)
     1    0.006000    0.029267    0.066803    0.430292 v output10/X (sg13g2_buf_1)
                                                         dout[3] (net)
                      0.029267    0.000000    0.430292 v dout[3] (out)
                                              0.430292   data arrival time

                                  0.000000    0.000000   clock clk (rise edge)
                                  0.000000    0.000000   clock network delay (propagated)
                                  0.250000    0.250000   clock uncertainty
                                  0.000000    0.250000   clock reconvergence pessimism
                                 -4.000000   -3.750000   output external delay
                                             -3.750000   data required time
---------------------------------------------------------------------------------------------
                                             -3.750000   data required time
                                             -0.430292   data arrival time
---------------------------------------------------------------------------------------------
                                              4.180292   slack (MET)


Startpoint: reset (input port clocked by clk)
Endpoint: _112_ (removal check against rising-edge clock clk)
Path Group: asynchronous
Path Type: min

Fanout         Cap        Slew       Delay        Time   Description
---------------------------------------------------------------------------------------------
                                  0.000000    0.000000   clock clk (rise edge)
                                  0.000000    0.000000   clock network delay (propagated)
                                  4.000000    4.000000 v input external delay
     1    0.003988    0.017895    0.002669    4.002668 v reset (in)
                                                         reset (net)
                      0.017895    0.000000    4.002668 v input3/A (sg13g2_buf_1)
     1    0.019501    0.068614    0.092331    4.095000 v input3/X (sg13g2_buf_1)
                                                         net3 (net)
                      0.068682    0.001716    4.096715 v fanout22/A (sg13g2_buf_1)
     4    0.024197    0.081345    0.124826    4.221541 v fanout22/X (sg13g2_buf_1)
                                                         net22 (net)
                      0.081400    0.000891    4.222432 v fanout20/A (sg13g2_buf_1)
     7    0.026784    0.089278    0.135402    4.357834 v fanout20/X (sg13g2_buf_1)
                                                         net20 (net)
                      0.089289    0.000966    4.358800 v fanout19/A (sg13g2_buf_1)
     8    0.030173    0.099565    0.145738    4.504539 v fanout19/X (sg13g2_buf_1)
                                                         net19 (net)
                      0.099566    0.000369    4.504907 v _084_/A (sg13g2_inv_1)
     1    0.004760    0.042114    0.052289    4.557197 ^ _084_/Y (sg13g2_inv_1)
                                                         _010_ (net)
                      0.042114    0.000028    4.557224 ^ _112_/RESET_B (sg13g2_dfrbpq_1)
                                              4.557224   data arrival time

                                  0.000000    0.000000   clock clk (rise edge)
                                  0.000000    0.000000   clock source latency
     1    0.052549    0.067257    0.050880    0.050880 ^ clk (in)
                                                         clk (net)
                      0.070027    0.000000    0.050880 ^ clkbuf_0_clk/A (sg13g2_buf_16)
     4    0.091299    0.037008    0.102396    0.153276 ^ clkbuf_0_clk/X (sg13g2_buf_16)
                                                         clknet_0_clk (net)
                      0.037634    0.003860    0.157136 ^ clkbuf_2_0__f_clk/A (sg13g2_buf_16)
     6    0.029373    0.021948    0.074264    0.231400 ^ clkbuf_2_0__f_clk/X (sg13g2_buf_16)
                                                         clknet_2_0__leaf_clk (net)
                      0.021949    0.000125    0.231524 ^ _112_/CLK (sg13g2_dfrbpq_1)
                                  0.250000    0.481524   clock uncertainty
                                  0.000000    0.481524   clock reconvergence pessimism
                                 -0.106872    0.374653   library removal time
                                              0.374653   data required time
---------------------------------------------------------------------------------------------
                                              0.374653   data required time
                                             -4.557224   data arrival time
---------------------------------------------------------------------------------------------
                                              4.182572   slack (MET)


Startpoint: reset (input port clocked by clk)
Endpoint: _111_ (removal check against rising-edge clock clk)
Path Group: asynchronous
Path Type: min

Fanout         Cap        Slew       Delay        Time   Description
---------------------------------------------------------------------------------------------
                                  0.000000    0.000000   clock clk (rise edge)
                                  0.000000    0.000000   clock network delay (propagated)
                                  4.000000    4.000000 v input external delay
     1    0.003988    0.017895    0.002669    4.002668 v reset (in)
                                                         reset (net)
                      0.017895    0.000000    4.002668 v input3/A (sg13g2_buf_1)
     1    0.019501    0.068614    0.092331    4.095000 v input3/X (sg13g2_buf_1)
                                                         net3 (net)
                      0.068682    0.001716    4.096715 v fanout22/A (sg13g2_buf_1)
     4    0.024197    0.081345    0.124826    4.221541 v fanout22/X (sg13g2_buf_1)
                                                         net22 (net)
                      0.081400    0.000891    4.222432 v fanout20/A (sg13g2_buf_1)
     7    0.026784    0.089278    0.135402    4.357834 v fanout20/X (sg13g2_buf_1)
                                                         net20 (net)
                      0.089289    0.000966    4.358800 v fanout19/A (sg13g2_buf_1)
     8    0.030173    0.099565    0.145738    4.504539 v fanout19/X (sg13g2_buf_1)
                                                         net19 (net)
                      0.099570    0.000742    4.505280 v _083_/A (sg13g2_inv_1)
     1    0.004760    0.042114    0.052290    4.557570 ^ _083_/Y (sg13g2_inv_1)
                                                         _009_ (net)
                      0.042114    0.000028    4.557599 ^ _111_/RESET_B (sg13g2_dfrbpq_1)
                                              4.557599   data arrival time

                                  0.000000    0.000000   clock clk (rise edge)
                                  0.000000    0.000000   clock source latency
     1    0.052549    0.067257    0.050880    0.050880 ^ clk (in)
                                                         clk (net)
                      0.070027    0.000000    0.050880 ^ clkbuf_0_clk/A (sg13g2_buf_16)
     4    0.091299    0.037008    0.102396    0.153276 ^ clkbuf_0_clk/X (sg13g2_buf_16)
                                                         clknet_0_clk (net)
                      0.037634    0.003860    0.157136 ^ clkbuf_2_0__f_clk/A (sg13g2_buf_16)
     6    0.029373    0.021948    0.074264    0.231400 ^ clkbuf_2_0__f_clk/X (sg13g2_buf_16)
                                                         clknet_2_0__leaf_clk (net)
                      0.021949    0.000299    0.231699 ^ _111_/CLK (sg13g2_dfrbpq_1)
                                  0.250000    0.481699   clock uncertainty
                                  0.000000    0.481699   clock reconvergence pessimism
                                 -0.106872    0.374827   library removal time
                                              0.374827   data required time
---------------------------------------------------------------------------------------------
                                              0.374827   data required time
                                             -4.557599   data arrival time
---------------------------------------------------------------------------------------------
                                              4.182772   slack (MET)


Startpoint: reset (input port clocked by clk)
Endpoint: _110_ (removal check against rising-edge clock clk)
Path Group: asynchronous
Path Type: min

Fanout         Cap        Slew       Delay        Time   Description
---------------------------------------------------------------------------------------------
                                  0.000000    0.000000   clock clk (rise edge)
                                  0.000000    0.000000   clock network delay (propagated)
                                  4.000000    4.000000 v input external delay
     1    0.003988    0.017895    0.002669    4.002668 v reset (in)
                                                         reset (net)
                      0.017895    0.000000    4.002668 v input3/A (sg13g2_buf_1)
     1    0.019501    0.068614    0.092331    4.095000 v input3/X (sg13g2_buf_1)
                                                         net3 (net)
                      0.068682    0.001716    4.096715 v fanout22/A (sg13g2_buf_1)
     4    0.024197    0.081345    0.124826    4.221541 v fanout22/X (sg13g2_buf_1)
                                                         net22 (net)
                      0.081400    0.000891    4.222432 v fanout20/A (sg13g2_buf_1)
     7    0.026784    0.089278    0.135402    4.357834 v fanout20/X (sg13g2_buf_1)
                                                         net20 (net)
                      0.089289    0.000966    4.358800 v fanout19/A (sg13g2_buf_1)
     8    0.030173    0.099565    0.145738    4.504539 v fanout19/X (sg13g2_buf_1)
                                                         net19 (net)
                      0.099576    0.001004    4.505542 v _082_/A (sg13g2_inv_1)
     1    0.004925    0.042646    0.052904    4.558446 ^ _082_/Y (sg13g2_inv_1)
                                                         _008_ (net)
                      0.042646    0.000036    4.558483 ^ _110_/RESET_B (sg13g2_dfrbpq_1)
                                              4.558483   data arrival time

                                  0.000000    0.000000   clock clk (rise edge)
                                  0.000000    0.000000   clock source latency
     1    0.052549    0.067257    0.050880    0.050880 ^ clk (in)
                                                         clk (net)
                      0.070027    0.000000    0.050880 ^ clkbuf_0_clk/A (sg13g2_buf_16)
     4    0.091299    0.037008    0.102396    0.153276 ^ clkbuf_0_clk/X (sg13g2_buf_16)
                                                         clknet_0_clk (net)
                      0.037634    0.003860    0.157136 ^ clkbuf_2_0__f_clk/A (sg13g2_buf_16)
     6    0.029373    0.021948    0.074264    0.231400 ^ clkbuf_2_0__f_clk/X (sg13g2_buf_16)
                                                         clknet_2_0__leaf_clk (net)
                      0.021950    0.000477    0.231876 ^ _110_/CLK (sg13g2_dfrbpq_1)
                                  0.250000    0.481876   clock uncertainty
                                  0.000000    0.481876   clock reconvergence pessimism
                                 -0.107031    0.374845   library removal time
                                              0.374845   data required time
---------------------------------------------------------------------------------------------
                                              0.374845   data required time
                                             -4.558483   data arrival time
---------------------------------------------------------------------------------------------
                                              4.183638   slack (MET)


Startpoint: reset (input port clocked by clk)
Endpoint: _109_ (removal check against rising-edge clock clk)
Path Group: asynchronous
Path Type: min

Fanout         Cap        Slew       Delay        Time   Description
---------------------------------------------------------------------------------------------
                                  0.000000    0.000000   clock clk (rise edge)
                                  0.000000    0.000000   clock network delay (propagated)
                                  4.000000    4.000000 v input external delay
     1    0.003988    0.017895    0.002669    4.002668 v reset (in)
                                                         reset (net)
                      0.017895    0.000000    4.002668 v input3/A (sg13g2_buf_1)
     1    0.019501    0.068614    0.092331    4.095000 v input3/X (sg13g2_buf_1)
                                                         net3 (net)
                      0.068682    0.001716    4.096715 v fanout22/A (sg13g2_buf_1)
     4    0.024197    0.081345    0.124826    4.221541 v fanout22/X (sg13g2_buf_1)
                                                         net22 (net)
                      0.081400    0.000891    4.222432 v fanout20/A (sg13g2_buf_1)
     7    0.026784    0.089278    0.135402    4.357834 v fanout20/X (sg13g2_buf_1)
                                                         net20 (net)
                      0.089289    0.000966    4.358800 v fanout19/A (sg13g2_buf_1)
     8    0.030173    0.099565    0.145738    4.504539 v fanout19/X (sg13g2_buf_1)
                                                         net19 (net)
                      0.099579    0.001116    4.505655 v _081_/A (sg13g2_inv_1)
     1    0.004934    0.042677    0.052940    4.558595 ^ _081_/Y (sg13g2_inv_1)
                                                         _007_ (net)
                      0.042677    0.000037    4.558632 ^ _109_/RESET_B (sg13g2_dfrbpq_1)
                                              4.558632   data arrival time

                                  0.000000    0.000000   clock clk (rise edge)
                                  0.000000    0.000000   clock source latency
     1    0.052549    0.067257    0.050880    0.050880 ^ clk (in)
                                                         clk (net)
                      0.070027    0.000000    0.050880 ^ clkbuf_0_clk/A (sg13g2_buf_16)
     4    0.091299    0.037008    0.102396    0.153276 ^ clkbuf_0_clk/X (sg13g2_buf_16)
                                                         clknet_0_clk (net)
                      0.037634    0.003860    0.157136 ^ clkbuf_2_0__f_clk/A (sg13g2_buf_16)
     6    0.029373    0.021948    0.074264    0.231400 ^ clkbuf_2_0__f_clk/X (sg13g2_buf_16)
                                                         clknet_2_0__leaf_clk (net)
                      0.021951    0.000571    0.231971 ^ _109_/CLK (sg13g2_dfrbpq_1)
                                  0.250000    0.481971   clock uncertainty
                                  0.000000    0.481971   clock reconvergence pessimism
                                 -0.107040    0.374931   library removal time
                                              0.374931   data required time
---------------------------------------------------------------------------------------------
                                              0.374931   data required time
                                             -4.558632   data arrival time
---------------------------------------------------------------------------------------------
                                              4.183701   slack (MET)


Startpoint: reset (input port clocked by clk)
Endpoint: _120_ (removal check against rising-edge clock clk)
Path Group: asynchronous
Path Type: min

Fanout         Cap        Slew       Delay        Time   Description
---------------------------------------------------------------------------------------------
                                  0.000000    0.000000   clock clk (rise edge)
                                  0.000000    0.000000   clock network delay (propagated)
                                  4.000000    4.000000 v input external delay
     1    0.003988    0.017895    0.002669    4.002668 v reset (in)
                                                         reset (net)
                      0.017895    0.000000    4.002668 v input3/A (sg13g2_buf_1)
     1    0.019501    0.068614    0.092331    4.095000 v input3/X (sg13g2_buf_1)
                                                         net3 (net)
                      0.068682    0.001716    4.096715 v fanout22/A (sg13g2_buf_1)
     4    0.024197    0.081345    0.124826    4.221541 v fanout22/X (sg13g2_buf_1)
                                                         net22 (net)
                      0.081400    0.000891    4.222432 v fanout20/A (sg13g2_buf_1)
     7    0.026784    0.089278    0.135402    4.357834 v fanout20/X (sg13g2_buf_1)
                                                         net20 (net)
                      0.089289    0.000966    4.358800 v fanout19/A (sg13g2_buf_1)
     8    0.030173    0.099565    0.145738    4.504539 v fanout19/X (sg13g2_buf_1)
                                                         net19 (net)
                      0.099581    0.001170    4.505709 v _092_/A (sg13g2_inv_1)
     1    0.004959    0.042758    0.053034    4.558743 ^ _092_/Y (sg13g2_inv_1)
                                                         _018_ (net)
                      0.042758    0.000038    4.558781 ^ _120_/RESET_B (sg13g2_dfrbpq_1)
                                              4.558781   data arrival time

                                  0.000000    0.000000   clock clk (rise edge)
                                  0.000000    0.000000   clock source latency
     1    0.052549    0.067257    0.050880    0.050880 ^ clk (in)
                                                         clk (net)
                      0.070027    0.000000    0.050880 ^ clkbuf_0_clk/A (sg13g2_buf_16)
     4    0.091299    0.037008    0.102396    0.153276 ^ clkbuf_0_clk/X (sg13g2_buf_16)
                                                         clknet_0_clk (net)
                      0.037634    0.003860    0.157136 ^ clkbuf_2_0__f_clk/A (sg13g2_buf_16)
     6    0.029373    0.021948    0.074264    0.231400 ^ clkbuf_2_0__f_clk/X (sg13g2_buf_16)
                                                         clknet_2_0__leaf_clk (net)
                      0.021952    0.000603    0.232003 ^ _120_/CLK (sg13g2_dfrbpq_1)
                                  0.250000    0.482003   clock uncertainty
                                  0.000000    0.482003   clock reconvergence pessimism
                                 -0.107065    0.374938   library removal time
                                              0.374938   data required time
---------------------------------------------------------------------------------------------
                                              0.374938   data required time
                                             -4.558781   data arrival time
---------------------------------------------------------------------------------------------
                                              4.183843   slack (MET)


Startpoint: reset (input port clocked by clk)
Endpoint: _121_ (removal check against rising-edge clock clk)
Path Group: asynchronous
Path Type: min

Fanout         Cap        Slew       Delay        Time   Description
---------------------------------------------------------------------------------------------
                                  0.000000    0.000000   clock clk (rise edge)
                                  0.000000    0.000000   clock network delay (propagated)
                                  4.000000    4.000000 v input external delay
     1    0.003988    0.017895    0.002669    4.002668 v reset (in)
                                                         reset (net)
                      0.017895    0.000000    4.002668 v input3/A (sg13g2_buf_1)
     1    0.019501    0.068614    0.092331    4.095000 v input3/X (sg13g2_buf_1)
                                                         net3 (net)
                      0.068682    0.001716    4.096715 v fanout22/A (sg13g2_buf_1)
     4    0.024197    0.081345    0.124826    4.221541 v fanout22/X (sg13g2_buf_1)
                                                         net22 (net)
                      0.081400    0.000891    4.222432 v fanout20/A (sg13g2_buf_1)
     7    0.026784    0.089278    0.135402    4.357834 v fanout20/X (sg13g2_buf_1)
                                                         net20 (net)
                      0.089289    0.000966    4.358800 v fanout19/A (sg13g2_buf_1)
     8    0.030173    0.099565    0.145738    4.504539 v fanout19/X (sg13g2_buf_1)
                                                         net19 (net)
                      0.099581    0.001192    4.505731 v _093_/A (sg13g2_inv_1)
     1    0.004926    0.042653    0.052912    4.558643 ^ _093_/Y (sg13g2_inv_1)
                                                         _019_ (net)
                      0.042653    0.000036    4.558679 ^ _121_/RESET_B (sg13g2_dfrbpq_1)
                                              4.558679   data arrival time

                                  0.000000    0.000000   clock clk (rise edge)
                                  0.000000    0.000000   clock source latency
     1    0.052549    0.067257    0.050880    0.050880 ^ clk (in)
                                                         clk (net)
                      0.070027    0.000000    0.050880 ^ clkbuf_0_clk/A (sg13g2_buf_16)
     4    0.091299    0.037008    0.102396    0.153276 ^ clkbuf_0_clk/X (sg13g2_buf_16)
                                                         clknet_0_clk (net)
                      0.037555    0.003559    0.156835 ^ clkbuf_2_1__f_clk/A (sg13g2_buf_16)
     6    0.028098    0.021658    0.073960    0.230795 ^ clkbuf_2_1__f_clk/X (sg13g2_buf_16)
                                                         clknet_2_1__leaf_clk (net)
                      0.021662    0.000640    0.231435 ^ _121_/CLK (sg13g2_dfrbpq_1)
                                  0.250000    0.481435   clock uncertainty
                                  0.000000    0.481435   clock reconvergence pessimism
                                 -0.107070    0.374365   library removal time
                                              0.374365   data required time
---------------------------------------------------------------------------------------------
                                              0.374365   data required time
                                             -4.558679   data arrival time
---------------------------------------------------------------------------------------------
                                              4.184314   slack (MET)


Startpoint: reset (input port clocked by clk)
Endpoint: _098_ (removal check against rising-edge clock clk)
Path Group: asynchronous
Path Type: min

Fanout         Cap        Slew       Delay        Time   Description
---------------------------------------------------------------------------------------------
                                  0.000000    0.000000   clock clk (rise edge)
                                  0.000000    0.000000   clock network delay (propagated)
                                  4.000000    4.000000 v input external delay
     1    0.003988    0.017895    0.002669    4.002668 v reset (in)
                                                         reset (net)
                      0.017895    0.000000    4.002668 v input3/A (sg13g2_buf_1)
     1    0.019501    0.068614    0.092331    4.095000 v input3/X (sg13g2_buf_1)
                                                         net3 (net)
                      0.068682    0.001716    4.096715 v fanout22/A (sg13g2_buf_1)
     4    0.024197    0.081345    0.124826    4.221541 v fanout22/X (sg13g2_buf_1)
                                                         net22 (net)
                      0.081400    0.000891    4.222432 v fanout20/A (sg13g2_buf_1)
     7    0.026784    0.089278    0.135402    4.357834 v fanout20/X (sg13g2_buf_1)
                                                         net20 (net)
                      0.089289    0.000966    4.358800 v fanout19/A (sg13g2_buf_1)
     8    0.030173    0.099565    0.145738    4.504539 v fanout19/X (sg13g2_buf_1)
                                                         net19 (net)
                      0.099578    0.001080    4.505618 v _094_/A (sg13g2_inv_1)
     1    0.005002    0.042896    0.053194    4.558813 ^ _094_/Y (sg13g2_inv_1)
                                                         _020_ (net)
                      0.042896    0.000040    4.558852 ^ _098_/RESET_B (sg13g2_dfrbpq_1)
                                              4.558852   data arrival time

                                  0.000000    0.000000   clock clk (rise edge)
                                  0.000000    0.000000   clock source latency
     1    0.052549    0.067257    0.050880    0.050880 ^ clk (in)
                                                         clk (net)
                      0.070027    0.000000    0.050880 ^ clkbuf_0_clk/A (sg13g2_buf_16)
     4    0.091299    0.037008    0.102396    0.153276 ^ clkbuf_0_clk/X (sg13g2_buf_16)
                                                         clknet_0_clk (net)
                      0.037555    0.003559    0.156835 ^ clkbuf_2_1__f_clk/A (sg13g2_buf_16)
     6    0.028098    0.021658    0.073960    0.230795 ^ clkbuf_2_1__f_clk/X (sg13g2_buf_16)
                                                         clknet_2_1__leaf_clk (net)
                      0.021661    0.000580    0.231375 ^ _098_/CLK (sg13g2_dfrbpq_1)
                                  0.250000    0.481375   clock uncertainty
                                  0.000000    0.481375   clock reconvergence pessimism
                                 -0.107143    0.374232   library removal time
                                              0.374232   data required time
---------------------------------------------------------------------------------------------
                                              0.374232   data required time
                                             -4.558852   data arrival time
---------------------------------------------------------------------------------------------
                                              4.184620   slack (MET)


Startpoint: reset (input port clocked by clk)
Endpoint: _099_ (removal check against rising-edge clock clk)
Path Group: asynchronous
Path Type: min

Fanout         Cap        Slew       Delay        Time   Description
---------------------------------------------------------------------------------------------
                                  0.000000    0.000000   clock clk (rise edge)
                                  0.000000    0.000000   clock network delay (propagated)
                                  4.000000    4.000000 v input external delay
     1    0.003988    0.017895    0.002669    4.002668 v reset (in)
                                                         reset (net)
                      0.017895    0.000000    4.002668 v input3/A (sg13g2_buf_1)
     1    0.019501    0.068614    0.092331    4.095000 v input3/X (sg13g2_buf_1)
                                                         net3 (net)
                      0.068682    0.001716    4.096715 v fanout22/A (sg13g2_buf_1)
     4    0.024197    0.081345    0.124826    4.221541 v fanout22/X (sg13g2_buf_1)
                                                         net22 (net)
                      0.081400    0.000891    4.222432 v fanout20/A (sg13g2_buf_1)
     7    0.026784    0.089278    0.135402    4.357834 v fanout20/X (sg13g2_buf_1)
                                                         net20 (net)
                      0.089289    0.000966    4.358800 v fanout19/A (sg13g2_buf_1)
     8    0.030173    0.099565    0.145738    4.504539 v fanout19/X (sg13g2_buf_1)
                                                         net19 (net)
                      0.099570    0.000763    4.505302 v _095_/A (sg13g2_inv_1)
     1    0.006027    0.046334    0.057017    4.562319 ^ _095_/Y (sg13g2_inv_1)
                                                         _021_ (net)
                      0.046334    0.000089    4.562407 ^ _099_/RESET_B (sg13g2_dfrbpq_1)
                                              4.562407   data arrival time

                                  0.000000    0.000000   clock clk (rise edge)
                                  0.000000    0.000000   clock source latency
     1    0.052549    0.067257    0.050880    0.050880 ^ clk (in)
                                                         clk (net)
                      0.070027    0.000000    0.050880 ^ clkbuf_0_clk/A (sg13g2_buf_16)
     4    0.091299    0.037008    0.102396    0.153276 ^ clkbuf_0_clk/X (sg13g2_buf_16)
                                                         clknet_0_clk (net)
                      0.037555    0.003559    0.156835 ^ clkbuf_2_1__f_clk/A (sg13g2_buf_16)
     6    0.028098    0.021658    0.073960    0.230795 ^ clkbuf_2_1__f_clk/X (sg13g2_buf_16)
                                                         clknet_2_1__leaf_clk (net)
                      0.021660    0.000446    0.231241 ^ _099_/CLK (sg13g2_dfrbpq_1)
                                  0.250000    0.481241   clock uncertainty
                                  0.000000    0.481241   clock reconvergence pessimism
                                 -0.108172    0.373069   library removal time
                                              0.373069   data required time
---------------------------------------------------------------------------------------------
                                              0.373069   data required time
                                             -4.562407   data arrival time
---------------------------------------------------------------------------------------------
                                              4.189338   slack (MET)


Startpoint: _098_ (rising edge-triggered flip-flop clocked by clk)
Endpoint: dout[2] (output port clocked by clk)
Path Group: clk
Path Type: min

Fanout         Cap        Slew       Delay        Time   Description
---------------------------------------------------------------------------------------------
                                  0.000000    0.000000   clock clk (rise edge)
                                  0.000000    0.000000   clock source latency
     1    0.049876    0.064457    0.043762    0.043762 ^ clk (in)
                                                         clk (net)
                      0.066940    0.000000    0.043762 ^ clkbuf_0_clk/A (sg13g2_buf_16)
     4    0.080607    0.034407    0.089433    0.133195 ^ clkbuf_0_clk/X (sg13g2_buf_16)
                                                         clknet_0_clk (net)
                      0.034864    0.002823    0.136019 ^ clkbuf_2_1__f_clk/A (sg13g2_buf_16)
     6    0.025413    0.020925    0.065184    0.201203 ^ clkbuf_2_1__f_clk/X (sg13g2_buf_16)
                                                         clknet_2_1__leaf_clk (net)
                      0.020928    0.000473    0.201676 ^ _098_/CLK (sg13g2_dfrbpq_1)
     2    0.010385    0.040442    0.169263    0.370938 v _098_/Q (sg13g2_dfrbpq_1)
                                                         net9 (net)
                      0.040443    0.000256    0.371194 v output9/A (sg13g2_buf_1)
     1    0.006000    0.029545    0.070575    0.441770 v output9/X (sg13g2_buf_1)
                                                         dout[2] (net)
                      0.029545    0.000000    0.441770 v dout[2] (out)
                                              0.441770   data arrival time

                                  0.000000    0.000000   clock clk (rise edge)
                                  0.000000    0.000000   clock network delay (propagated)
                                  0.250000    0.250000   clock uncertainty
                                  0.000000    0.250000   clock reconvergence pessimism
                                 -4.000000   -3.750000   output external delay
                                             -3.750000   data required time
---------------------------------------------------------------------------------------------
                                             -3.750000   data required time
                                             -0.441770   data arrival time
---------------------------------------------------------------------------------------------
                                              4.191770   slack (MET)


Startpoint: _107_ (rising edge-triggered flip-flop clocked by clk)
Endpoint: dout[11] (output port clocked by clk)
Path Group: clk
Path Type: min

Fanout         Cap        Slew       Delay        Time   Description
---------------------------------------------------------------------------------------------
                                  0.000000    0.000000   clock clk (rise edge)
                                  0.000000    0.000000   clock source latency
     1    0.049876    0.064457    0.043762    0.043762 ^ clk (in)
                                                         clk (net)
                      0.066940    0.000000    0.043762 ^ clkbuf_0_clk/A (sg13g2_buf_16)
     4    0.080607    0.034407    0.089433    0.133195 ^ clkbuf_0_clk/X (sg13g2_buf_16)
                                                         clknet_0_clk (net)
                      0.034791    0.002519    0.135714 ^ clkbuf_2_3__f_clk/A (sg13g2_buf_16)
     6    0.022856    0.020339    0.064653    0.200367 ^ clkbuf_2_3__f_clk/X (sg13g2_buf_16)
                                                         clknet_2_3__leaf_clk (net)
                      0.020344    0.000611    0.200979 ^ _107_/CLK (sg13g2_dfrbpq_1)
     2    0.011685    0.044245    0.172027    0.373005 v _107_/Q (sg13g2_dfrbpq_1)
                                                         net7 (net)
                      0.044246    0.000258    0.373263 v output7/A (sg13g2_buf_1)
     1    0.006000    0.029658    0.072109    0.445372 v output7/X (sg13g2_buf_1)
                                                         dout[11] (net)
                      0.029658    0.000000    0.445372 v dout[11] (out)
                                              0.445372   data arrival time

                                  0.000000    0.000000   clock clk (rise edge)
                                  0.000000    0.000000   clock network delay (propagated)
                                  0.250000    0.250000   clock uncertainty
                                  0.000000    0.250000   clock reconvergence pessimism
                                 -4.000000   -3.750000   output external delay
                                             -3.750000   data required time
---------------------------------------------------------------------------------------------
                                             -3.750000   data required time
                                             -0.445372   data arrival time
---------------------------------------------------------------------------------------------
                                              4.195372   slack (MET)


Startpoint: _121_ (rising edge-triggered flip-flop clocked by clk)
Endpoint: dout[1] (output port clocked by clk)
Path Group: clk
Path Type: min

Fanout         Cap        Slew       Delay        Time   Description
---------------------------------------------------------------------------------------------
                                  0.000000    0.000000   clock clk (rise edge)
                                  0.000000    0.000000   clock source latency
     1    0.049876    0.064457    0.043762    0.043762 ^ clk (in)
                                                         clk (net)
                      0.066940    0.000000    0.043762 ^ clkbuf_0_clk/A (sg13g2_buf_16)
     4    0.080607    0.034407    0.089433    0.133195 ^ clkbuf_0_clk/X (sg13g2_buf_16)
                                                         clknet_0_clk (net)
                      0.034864    0.002823    0.136019 ^ clkbuf_2_1__f_clk/A (sg13g2_buf_16)
     6    0.025413    0.020925    0.065184    0.201203 ^ clkbuf_2_1__f_clk/X (sg13g2_buf_16)
                                                         clknet_2_1__leaf_clk (net)
                      0.020928    0.000521    0.201724 ^ _121_/CLK (sg13g2_dfrbpq_1)
     2    0.012620    0.047025    0.174407    0.376131 v _121_/Q (sg13g2_dfrbpq_1)
                                                         net8 (net)
                      0.047028    0.000393    0.376525 v output8/A (sg13g2_buf_1)
     1    0.006000    0.029740    0.073231    0.449755 v output8/X (sg13g2_buf_1)
                                                         dout[1] (net)
                      0.029740    0.000000    0.449755 v dout[1] (out)
                                              0.449755   data arrival time

                                  0.000000    0.000000   clock clk (rise edge)
                                  0.000000    0.000000   clock network delay (propagated)
                                  0.250000    0.250000   clock uncertainty
                                  0.000000    0.250000   clock reconvergence pessimism
                                 -4.000000   -3.750000   output external delay
                                             -3.750000   data required time
---------------------------------------------------------------------------------------------
                                             -3.750000   data required time
                                             -0.449755   data arrival time
---------------------------------------------------------------------------------------------
                                              4.199755   slack (MET)


Startpoint: _120_ (rising edge-triggered flip-flop clocked by clk)
Endpoint: dout[0] (output port clocked by clk)
Path Group: clk
Path Type: min

Fanout         Cap        Slew       Delay        Time   Description
---------------------------------------------------------------------------------------------
                                  0.000000    0.000000   clock clk (rise edge)
                                  0.000000    0.000000   clock source latency
     1    0.049876    0.064457    0.043762    0.043762 ^ clk (in)
                                                         clk (net)
                      0.066940    0.000000    0.043762 ^ clkbuf_0_clk/A (sg13g2_buf_16)
     4    0.080607    0.034407    0.089433    0.133195 ^ clkbuf_0_clk/X (sg13g2_buf_16)
                                                         clknet_0_clk (net)
                      0.034924    0.003059    0.136254 ^ clkbuf_2_0__f_clk/A (sg13g2_buf_16)
     6    0.026689    0.021216    0.065451    0.201705 ^ clkbuf_2_0__f_clk/X (sg13g2_buf_16)
                                                         clknet_2_0__leaf_clk (net)
                      0.021219    0.000490    0.202195 ^ _120_/CLK (sg13g2_dfrbpq_1)
     2    0.016251    0.057888    0.182776    0.384971 v _120_/Q (sg13g2_dfrbpq_1)
                                                         net5 (net)
                      0.057901    0.000843    0.385814 v output5/A (sg13g2_buf_1)
     1    0.006000    0.030063    0.077615    0.463430 v output5/X (sg13g2_buf_1)
                                                         dout[0] (net)
                      0.030063    0.000000    0.463430 v dout[0] (out)
                                              0.463430   data arrival time

                                  0.000000    0.000000   clock clk (rise edge)
                                  0.000000    0.000000   clock network delay (propagated)
                                  0.250000    0.250000   clock uncertainty
                                  0.000000    0.250000   clock reconvergence pessimism
                                 -4.000000   -3.750000   output external delay
                                             -3.750000   data required time
---------------------------------------------------------------------------------------------
                                             -3.750000   data required time
                                             -0.463430   data arrival time
---------------------------------------------------------------------------------------------
                                              4.213430   slack (MET)



