
===========================================================================
report_checks -path_delay max (Setup)
============================================================================
======================= nom_typ_1p20V_25C Corner ===================================

Startpoint: done_in (input port clocked by clk)
Endpoint: _111_ (rising edge-triggered flip-flop clocked by clk)
Path Group: clk
Path Type: max

Fanout         Cap        Slew       Delay        Time   Description
---------------------------------------------------------------------------------------------
                                  0.000000    0.000000   clock clk (rise edge)
                                  0.000000    0.000000   clock network delay (propagated)
                                  4.000000    4.000000 v input external delay
     1    0.003235    0.017363    0.002371    4.002370 v done_in (in)
                                                         done_in (net)
                      0.017363    0.000000    4.002370 v input2/A (sg13g2_buf_1)
     2    0.028904    0.095086    0.123952    4.126322 v input2/X (sg13g2_buf_1)
                                                         net2 (net)
                      0.095294    0.003828    4.130150 v fanout23/A (sg13g2_buf_1)
     8    0.072145    0.227668    0.255822    4.385972 v fanout23/X (sg13g2_buf_1)
                                                         net23 (net)
                      0.227668    0.000298    4.386271 v _056_/A (sg13g2_nor2b_1)
     2    0.008570    0.117068    0.144209    4.530479 ^ _056_/Y (sg13g2_nor2b_1)
                                                         _048_ (net)
                      0.117068    0.000142    4.530621 ^ fanout17/A (sg13g2_buf_1)
     8    0.074670    0.307982    0.307071    4.837692 ^ fanout17/X (sg13g2_buf_1)
                                                         net17 (net)
                      0.308441    0.010286    4.847978 ^ _065_/S (sg13g2_mux2_1)
     1    0.002459    0.033980    0.235158    5.083136 v _065_/X (sg13g2_mux2_1)
                                                         _033_ (net)
                      0.033980    0.000023    5.083159 v _111_/D (sg13g2_dfrbpq_1)
                                              5.083159   data arrival time

                                 20.000000   20.000000   clock clk (rise edge)
                                  0.000000   20.000000   clock source latency
     1    0.049876    0.064457    0.043762   20.043762 ^ clk (in)
                                                         clk (net)
                      0.066940    0.000000   20.043762 ^ clkbuf_0_clk/A (sg13g2_buf_16)
     4    0.080607    0.034407    0.089432   20.133196 ^ clkbuf_0_clk/X (sg13g2_buf_16)
                                                         clknet_0_clk (net)
                      0.034924    0.003059   20.136253 ^ clkbuf_2_0__f_clk/A (sg13g2_buf_16)
     6    0.026689    0.021216    0.065452   20.201706 ^ clkbuf_2_0__f_clk/X (sg13g2_buf_16)
                                                         clknet_2_0__leaf_clk (net)
                      0.021217    0.000243   20.201950 ^ _111_/CLK (sg13g2_dfrbpq_1)
                                 -0.250000   19.951950   clock uncertainty
                                  0.000000   19.951950   clock reconvergence pessimism
                                 -0.117350   19.834600   library setup time
                                             19.834600   data required time
---------------------------------------------------------------------------------------------
                                             19.834600   data required time
                                             -5.083159   data arrival time
---------------------------------------------------------------------------------------------
                                             14.751441   slack (MET)


Startpoint: done_in (input port clocked by clk)
Endpoint: _113_ (rising edge-triggered flip-flop clocked by clk)
Path Group: clk
Path Type: max

Fanout         Cap        Slew       Delay        Time   Description
---------------------------------------------------------------------------------------------
                                  0.000000    0.000000   clock clk (rise edge)
                                  0.000000    0.000000   clock network delay (propagated)
                                  4.000000    4.000000 v input external delay
     1    0.003235    0.017363    0.002371    4.002370 v done_in (in)
                                                         done_in (net)
                      0.017363    0.000000    4.002370 v input2/A (sg13g2_buf_1)
     2    0.028904    0.095086    0.123952    4.126322 v input2/X (sg13g2_buf_1)
                                                         net2 (net)
                      0.095294    0.003828    4.130150 v fanout23/A (sg13g2_buf_1)
     8    0.072145    0.227668    0.255822    4.385972 v fanout23/X (sg13g2_buf_1)
                                                         net23 (net)
                      0.227668    0.000298    4.386271 v _056_/A (sg13g2_nor2b_1)
     2    0.008570    0.117068    0.144209    4.530479 ^ _056_/Y (sg13g2_nor2b_1)
                                                         _048_ (net)
                      0.117068    0.000142    4.530621 ^ fanout17/A (sg13g2_buf_1)
     8    0.074670    0.307982    0.307071    4.837692 ^ fanout17/X (sg13g2_buf_1)
                                                         net17 (net)
                      0.308368    0.009458    4.847150 ^ _063_/S (sg13g2_mux2_1)
     1    0.002175    0.033256    0.234266    5.081416 v _063_/X (sg13g2_mux2_1)
                                                         _035_ (net)
                      0.033256    0.000016    5.081432 v _113_/D (sg13g2_dfrbpq_1)
                                              5.081432   data arrival time

                                 20.000000   20.000000   clock clk (rise edge)
                                  0.000000   20.000000   clock source latency
     1    0.049876    0.064457    0.043762   20.043762 ^ clk (in)
                                                         clk (net)
                      0.066940    0.000000   20.043762 ^ clkbuf_0_clk/A (sg13g2_buf_16)
     4    0.080607    0.034407    0.089432   20.133196 ^ clkbuf_0_clk/X (sg13g2_buf_16)
                                                         clknet_0_clk (net)
                      0.034864    0.002824   20.136019 ^ clkbuf_2_1__f_clk/A (sg13g2_buf_16)
     6    0.025413    0.020925    0.065183   20.201202 ^ clkbuf_2_1__f_clk/X (sg13g2_buf_16)
                                                         clknet_2_1__leaf_clk (net)
                      0.020925    0.000128   20.201330 ^ _113_/CLK (sg13g2_dfrbpq_1)
                                 -0.250000   19.951332   clock uncertainty
                                  0.000000   19.951332   clock reconvergence pessimism
                                 -0.117164   19.834167   library setup time
                                             19.834167   data required time
---------------------------------------------------------------------------------------------
                                             19.834167   data required time
                                             -5.081432   data arrival time
---------------------------------------------------------------------------------------------
                                             14.752734   slack (MET)


Startpoint: done_in (input port clocked by clk)
Endpoint: _112_ (rising edge-triggered flip-flop clocked by clk)
Path Group: clk
Path Type: max

Fanout         Cap        Slew       Delay        Time   Description
---------------------------------------------------------------------------------------------
                                  0.000000    0.000000   clock clk (rise edge)
                                  0.000000    0.000000   clock network delay (propagated)
                                  4.000000    4.000000 v input external delay
     1    0.003235    0.017363    0.002371    4.002370 v done_in (in)
                                                         done_in (net)
                      0.017363    0.000000    4.002370 v input2/A (sg13g2_buf_1)
     2    0.028904    0.095086    0.123952    4.126322 v input2/X (sg13g2_buf_1)
                                                         net2 (net)
                      0.095294    0.003828    4.130150 v fanout23/A (sg13g2_buf_1)
     8    0.072145    0.227668    0.255822    4.385972 v fanout23/X (sg13g2_buf_1)
                                                         net23 (net)
                      0.227668    0.000298    4.386271 v _056_/A (sg13g2_nor2b_1)
     2    0.008570    0.117068    0.144209    4.530479 ^ _056_/Y (sg13g2_nor2b_1)
                                                         _048_ (net)
                      0.117068    0.000142    4.530621 ^ fanout17/A (sg13g2_buf_1)
     8    0.074670    0.307982    0.307071    4.837692 ^ fanout17/X (sg13g2_buf_1)
                                                         net17 (net)
                      0.308409    0.009933    4.847625 ^ _064_/S (sg13g2_mux2_1)
     1    0.002145    0.033220    0.234181    5.081806 v _064_/X (sg13g2_mux2_1)
                                                         _034_ (net)
                      0.033220    0.000015    5.081820 v _112_/D (sg13g2_dfrbpq_1)
                                              5.081820   data arrival time

                                 20.000000   20.000000   clock clk (rise edge)
                                  0.000000   20.000000   clock source latency
     1    0.049876    0.064457    0.043762   20.043762 ^ clk (in)
                                                         clk (net)
                      0.066940    0.000000   20.043762 ^ clkbuf_0_clk/A (sg13g2_buf_16)
     4    0.080607    0.034407    0.089432   20.133196 ^ clkbuf_0_clk/X (sg13g2_buf_16)
                                                         clknet_0_clk (net)
                      0.034924    0.003059   20.136253 ^ clkbuf_2_0__f_clk/A (sg13g2_buf_16)
     6    0.026689    0.021216    0.065452   20.201706 ^ clkbuf_2_0__f_clk/X (sg13g2_buf_16)
                                                         clknet_2_0__leaf_clk (net)
                      0.021217    0.000101   20.201807 ^ _112_/CLK (sg13g2_dfrbpq_1)
                                 -0.250000   19.951807   clock uncertainty
                                  0.000000   19.951807   clock reconvergence pessimism
                                 -0.117077   19.834732   library setup time
                                             19.834732   data required time
---------------------------------------------------------------------------------------------
                                             19.834732   data required time
                                             -5.081820   data arrival time
---------------------------------------------------------------------------------------------
                                             14.752912   slack (MET)


Startpoint: done_in (input port clocked by clk)
Endpoint: _109_ (rising edge-triggered flip-flop clocked by clk)
Path Group: clk
Path Type: max

Fanout         Cap        Slew       Delay        Time   Description
---------------------------------------------------------------------------------------------
                                  0.000000    0.000000   clock clk (rise edge)
                                  0.000000    0.000000   clock network delay (propagated)
                                  4.000000    4.000000 v input external delay
     1    0.003235    0.017363    0.002371    4.002370 v done_in (in)
                                                         done_in (net)
                      0.017363    0.000000    4.002370 v input2/A (sg13g2_buf_1)
     2    0.028904    0.095086    0.123952    4.126322 v input2/X (sg13g2_buf_1)
                                                         net2 (net)
                      0.095294    0.003828    4.130150 v fanout23/A (sg13g2_buf_1)
     8    0.072145    0.227668    0.255822    4.385972 v fanout23/X (sg13g2_buf_1)
                                                         net23 (net)
                      0.227668    0.000298    4.386271 v _056_/A (sg13g2_nor2b_1)
     2    0.008570    0.117068    0.144209    4.530479 ^ _056_/Y (sg13g2_nor2b_1)
                                                         _048_ (net)
                      0.117068    0.000142    4.530621 ^ fanout17/A (sg13g2_buf_1)
     8    0.074670    0.307982    0.307071    4.837692 ^ fanout17/X (sg13g2_buf_1)
                                                         net17 (net)
                      0.308463    0.010525    4.848217 ^ _067_/S (sg13g2_mux2_1)
     1    0.001887    0.033000    0.233395    5.081612 v _067_/X (sg13g2_mux2_1)
                                                         _031_ (net)
                      0.033000    0.000009    5.081622 v _109_/D (sg13g2_dfrbpq_1)
                                              5.081622   data arrival time

                                 20.000000   20.000000   clock clk (rise edge)
                                  0.000000   20.000000   clock source latency
     1    0.049876    0.064457    0.043762   20.043762 ^ clk (in)
                                                         clk (net)
                      0.066940    0.000000   20.043762 ^ clkbuf_0_clk/A (sg13g2_buf_16)
     4    0.080607    0.034407    0.089432   20.133196 ^ clkbuf_0_clk/X (sg13g2_buf_16)
                                                         clknet_0_clk (net)
                      0.034924    0.003059   20.136253 ^ clkbuf_2_0__f_clk/A (sg13g2_buf_16)
     6    0.026689    0.021216    0.065452   20.201706 ^ clkbuf_2_0__f_clk/X (sg13g2_buf_16)
                                                         clknet_2_0__leaf_clk (net)
                      0.021219    0.000464   20.202169 ^ _109_/CLK (sg13g2_dfrbpq_1)
                                 -0.250000   19.952169   clock uncertainty
                                  0.000000   19.952169   clock reconvergence pessimism
                                 -0.116997   19.835175   library setup time
                                             19.835175   data required time
---------------------------------------------------------------------------------------------
                                             19.835175   data required time
                                             -5.081622   data arrival time
---------------------------------------------------------------------------------------------
                                             14.753552   slack (MET)


Startpoint: done_in (input port clocked by clk)
Endpoint: _110_ (rising edge-triggered flip-flop clocked by clk)
Path Group: clk
Path Type: max

Fanout         Cap        Slew       Delay        Time   Description
---------------------------------------------------------------------------------------------
                                  0.000000    0.000000   clock clk (rise edge)
                                  0.000000    0.000000   clock network delay (propagated)
                                  4.000000    4.000000 v input external delay
     1    0.003235    0.017363    0.002371    4.002370 v done_in (in)
                                                         done_in (net)
                      0.017363    0.000000    4.002370 v input2/A (sg13g2_buf_1)
     2    0.028904    0.095086    0.123952    4.126322 v input2/X (sg13g2_buf_1)
                                                         net2 (net)
                      0.095294    0.003828    4.130150 v fanout23/A (sg13g2_buf_1)
     8    0.072145    0.227668    0.255822    4.385972 v fanout23/X (sg13g2_buf_1)
                                                         net23 (net)
                      0.227668    0.000298    4.386271 v _056_/A (sg13g2_nor2b_1)
     2    0.008570    0.117068    0.144209    4.530479 ^ _056_/Y (sg13g2_nor2b_1)
                                                         _048_ (net)
                      0.117068    0.000142    4.530621 ^ fanout17/A (sg13g2_buf_1)
     8    0.074670    0.307982    0.307071    4.837692 ^ fanout17/X (sg13g2_buf_1)
                                                         net17 (net)
                      0.308455    0.010437    4.848129 ^ _066_/S (sg13g2_mux2_1)
     1    0.001930    0.032653    0.233527    5.081655 v _066_/X (sg13g2_mux2_1)
                                                         _032_ (net)
                      0.032653    0.000010    5.081666 v _110_/D (sg13g2_dfrbpq_1)
                                              5.081666   data arrival time

                                 20.000000   20.000000   clock clk (rise edge)
                                  0.000000   20.000000   clock source latency
     1    0.049876    0.064457    0.043762   20.043762 ^ clk (in)
                                                         clk (net)
                      0.066940    0.000000   20.043762 ^ clkbuf_0_clk/A (sg13g2_buf_16)
     4    0.080607    0.034407    0.089432   20.133196 ^ clkbuf_0_clk/X (sg13g2_buf_16)
                                                         clknet_0_clk (net)
                      0.034924    0.003059   20.136253 ^ clkbuf_2_0__f_clk/A (sg13g2_buf_16)
     6    0.026689    0.021216    0.065452   20.201706 ^ clkbuf_2_0__f_clk/X (sg13g2_buf_16)
                                                         clknet_2_0__leaf_clk (net)
                      0.021218    0.000387   20.202093 ^ _110_/CLK (sg13g2_dfrbpq_1)
                                 -0.250000   19.952093   clock uncertainty
                                  0.000000   19.952093   clock reconvergence pessimism
                                 -0.116872   19.835222   library setup time
                                             19.835222   data required time
---------------------------------------------------------------------------------------------
                                             19.835222   data required time
                                             -5.081666   data arrival time
---------------------------------------------------------------------------------------------
                                             14.753557   slack (MET)


Startpoint: done_in (input port clocked by clk)
Endpoint: _108_ (rising edge-triggered flip-flop clocked by clk)
Path Group: clk
Path Type: max

Fanout         Cap        Slew       Delay        Time   Description
---------------------------------------------------------------------------------------------
                                  0.000000    0.000000   clock clk (rise edge)
                                  0.000000    0.000000   clock network delay (propagated)
                                  4.000000    4.000000 v input external delay
     1    0.003235    0.017363    0.002371    4.002370 v done_in (in)
                                                         done_in (net)
                      0.017363    0.000000    4.002370 v input2/A (sg13g2_buf_1)
     2    0.028904    0.095086    0.123952    4.126322 v input2/X (sg13g2_buf_1)
                                                         net2 (net)
                      0.095294    0.003828    4.130150 v fanout23/A (sg13g2_buf_1)
     8    0.072145    0.227668    0.255822    4.385972 v fanout23/X (sg13g2_buf_1)
                                                         net23 (net)
                      0.227668    0.000298    4.386271 v _056_/A (sg13g2_nor2b_1)
     2    0.008570    0.117068    0.144209    4.530479 ^ _056_/Y (sg13g2_nor2b_1)
                                                         _048_ (net)
                      0.117068    0.000142    4.530621 ^ fanout17/A (sg13g2_buf_1)
     8    0.074670    0.307982    0.307071    4.837692 ^ fanout17/X (sg13g2_buf_1)
                                                         net17 (net)
                      0.308327    0.008949    4.846641 ^ _068_/S (sg13g2_mux2_1)
     1    0.001887    0.033727    0.233367    5.080008 v _068_/X (sg13g2_mux2_1)
                                                         _030_ (net)
                      0.033727    0.000009    5.080018 v _108_/D (sg13g2_dfrbpq_1)
                                              5.080018   data arrival time

                                 20.000000   20.000000   clock clk (rise edge)
                                  0.000000   20.000000   clock source latency
     1    0.049876    0.064457    0.043762   20.043762 ^ clk (in)
                                                         clk (net)
                      0.066940    0.000000   20.043762 ^ clkbuf_0_clk/A (sg13g2_buf_16)
     4    0.080607    0.034407    0.089432   20.133196 ^ clkbuf_0_clk/X (sg13g2_buf_16)
                                                         clknet_0_clk (net)
                      0.034924    0.003059   20.136253 ^ clkbuf_2_0__f_clk/A (sg13g2_buf_16)
     6    0.026689    0.021216    0.065452   20.201706 ^ clkbuf_2_0__f_clk/X (sg13g2_buf_16)
                                                         clknet_2_0__leaf_clk (net)
                      0.021217    0.000218   20.201923 ^ _108_/CLK (sg13g2_dfrbpq_1)
                                 -0.250000   19.951925   clock uncertainty
                                  0.000000   19.951925   clock reconvergence pessimism
                                 -0.117259   19.834665   library setup time
                                             19.834665   data required time
---------------------------------------------------------------------------------------------
                                             19.834665   data required time
                                             -5.080018   data arrival time
---------------------------------------------------------------------------------------------
                                             14.754648   slack (MET)


Startpoint: done_in (input port clocked by clk)
Endpoint: _114_ (rising edge-triggered flip-flop clocked by clk)
Path Group: clk
Path Type: max

Fanout         Cap        Slew       Delay        Time   Description
---------------------------------------------------------------------------------------------
                                  0.000000    0.000000   clock clk (rise edge)
                                  0.000000    0.000000   clock network delay (propagated)
                                  4.000000    4.000000 v input external delay
     1    0.003235    0.017363    0.002371    4.002370 v done_in (in)
                                                         done_in (net)
                      0.017363    0.000000    4.002370 v input2/A (sg13g2_buf_1)
     2    0.028904    0.095086    0.123952    4.126322 v input2/X (sg13g2_buf_1)
                                                         net2 (net)
                      0.095294    0.003828    4.130150 v fanout23/A (sg13g2_buf_1)
     8    0.072145    0.227668    0.255822    4.385972 v fanout23/X (sg13g2_buf_1)
                                                         net23 (net)
                      0.227668    0.000298    4.386271 v _056_/A (sg13g2_nor2b_1)
     2    0.008570    0.117068    0.144209    4.530479 ^ _056_/Y (sg13g2_nor2b_1)
                                                         _048_ (net)
                      0.117068    0.000142    4.530621 ^ fanout17/A (sg13g2_buf_1)
     8    0.074670    0.307982    0.307071    4.837692 ^ fanout17/X (sg13g2_buf_1)
                                                         net17 (net)
                      0.308276    0.008286    4.845978 ^ _062_/S (sg13g2_mux2_1)
     1    0.001887    0.032565    0.233357    5.079335 v _062_/X (sg13g2_mux2_1)
                                                         _036_ (net)
                      0.032565    0.000009    5.079344 v _114_/D (sg13g2_dfrbpq_1)
                                              5.079344   data arrival time

                                 20.000000   20.000000   clock clk (rise edge)
                                  0.000000   20.000000   clock source latency
     1    0.049876    0.064457    0.043762   20.043762 ^ clk (in)
                                                         clk (net)
                      0.066940    0.000000   20.043762 ^ clkbuf_0_clk/A (sg13g2_buf_16)
     4    0.080607    0.034407    0.089432   20.133196 ^ clkbuf_0_clk/X (sg13g2_buf_16)
                                                         clknet_0_clk (net)
                      0.034694    0.002069   20.135265 ^ clkbuf_2_2__f_clk/A (sg13g2_buf_16)
     6    0.027798    0.021457    0.065500   20.200764 ^ clkbuf_2_2__f_clk/X (sg13g2_buf_16)
                                                         clknet_2_2__leaf_clk (net)
                      0.021468    0.000943   20.201708 ^ _114_/CLK (sg13g2_dfrbpq_1)
                                 -0.250000   19.951708   clock uncertainty
                                  0.000000   19.951708   clock reconvergence pessimism
                                 -0.116777   19.834932   library setup time
                                             19.834932   data required time
---------------------------------------------------------------------------------------------
                                             19.834932   data required time
                                             -5.079344   data arrival time
---------------------------------------------------------------------------------------------
                                             14.755589   slack (MET)


Startpoint: done_in (input port clocked by clk)
Endpoint: _119_ (rising edge-triggered flip-flop clocked by clk)
Path Group: clk
Path Type: max

Fanout         Cap        Slew       Delay        Time   Description
---------------------------------------------------------------------------------------------
                                  0.000000    0.000000   clock clk (rise edge)
                                  0.000000    0.000000   clock network delay (propagated)
                                  4.000000    4.000000 v input external delay
     1    0.003235    0.017363    0.002371    4.002370 v done_in (in)
                                                         done_in (net)
                      0.017363    0.000000    4.002370 v input2/A (sg13g2_buf_1)
     2    0.028904    0.095086    0.123952    4.126322 v input2/X (sg13g2_buf_1)
                                                         net2 (net)
                      0.095294    0.003828    4.130150 v fanout23/A (sg13g2_buf_1)
     8    0.072145    0.227668    0.255822    4.385972 v fanout23/X (sg13g2_buf_1)
                                                         net23 (net)
                      0.227668    0.000298    4.386271 v _056_/A (sg13g2_nor2b_1)
     2    0.008570    0.117068    0.144209    4.530479 ^ _056_/Y (sg13g2_nor2b_1)
                                                         _048_ (net)
                      0.117068    0.000142    4.530621 ^ fanout17/A (sg13g2_buf_1)
     8    0.074670    0.307982    0.307071    4.837692 ^ fanout17/X (sg13g2_buf_1)
                                                         net17 (net)
                      0.307983    0.000345    4.838037 ^ _057_/S (sg13g2_mux2_1)
     1    0.001887    0.032510    0.233296    5.071333 v _057_/X (sg13g2_mux2_1)
                                                         _041_ (net)
                      0.032510    0.000009    5.071342 v _119_/D (sg13g2_dfrbpq_1)
                                              5.071342   data arrival time

                                 20.000000   20.000000   clock clk (rise edge)
                                  0.000000   20.000000   clock source latency
     1    0.049876    0.064457    0.043762   20.043762 ^ clk (in)
                                                         clk (net)
                      0.066940    0.000000   20.043762 ^ clkbuf_0_clk/A (sg13g2_buf_16)
     4    0.080607    0.034407    0.089432   20.133196 ^ clkbuf_0_clk/X (sg13g2_buf_16)
                                                         clknet_0_clk (net)
                      0.034791    0.002519   20.135714 ^ clkbuf_2_3__f_clk/A (sg13g2_buf_16)
     6    0.022856    0.020339    0.064654   20.200369 ^ clkbuf_2_3__f_clk/X (sg13g2_buf_16)
                                                         clknet_2_3__leaf_clk (net)
                      0.020343    0.000544   20.200912 ^ _119_/CLK (sg13g2_dfrbpq_1)
                                 -0.250000   19.950912   clock uncertainty
                                  0.000000   19.950912   clock reconvergence pessimism
                                 -0.117044   19.833868   library setup time
                                             19.833868   data required time
---------------------------------------------------------------------------------------------
                                             19.833868   data required time
                                             -5.071342   data arrival time
---------------------------------------------------------------------------------------------
                                             14.762526   slack (MET)


Startpoint: done_in (input port clocked by clk)
Endpoint: _117_ (rising edge-triggered flip-flop clocked by clk)
Path Group: clk
Path Type: max

Fanout         Cap        Slew       Delay        Time   Description
---------------------------------------------------------------------------------------------
                                  0.000000    0.000000   clock clk (rise edge)
                                  0.000000    0.000000   clock network delay (propagated)
                                  4.000000    4.000000 v input external delay
     1    0.003235    0.017363    0.002371    4.002370 v done_in (in)
                                                         done_in (net)
                      0.017363    0.000000    4.002370 v input2/A (sg13g2_buf_1)
     2    0.028904    0.095086    0.123952    4.126322 v input2/X (sg13g2_buf_1)
                                                         net2 (net)
                      0.095294    0.003828    4.130150 v fanout23/A (sg13g2_buf_1)
     8    0.072145    0.227668    0.255822    4.385972 v fanout23/X (sg13g2_buf_1)
                                                         net23 (net)
                      0.227668    0.000298    4.386271 v _056_/A (sg13g2_nor2b_1)
     2    0.008570    0.117068    0.144209    4.530479 ^ _056_/Y (sg13g2_nor2b_1)
                                                         _048_ (net)
                      0.117068    0.000207    4.530687 ^ fanout18/A (sg13g2_buf_1)
     4    0.034705    0.147206    0.195222    4.725909 ^ fanout18/X (sg13g2_buf_1)
                                                         net18 (net)
                      0.147259    0.000662    4.726571 ^ _059_/S (sg13g2_mux2_1)
     1    0.001887    0.032553    0.197951    4.924521 v _059_/X (sg13g2_mux2_1)
                                                         _039_ (net)
                      0.032553    0.000009    4.924531 v _117_/D (sg13g2_dfrbpq_1)
                                              4.924531   data arrival time

                                 20.000000   20.000000   clock clk (rise edge)
                                  0.000000   20.000000   clock source latency
     1    0.049876    0.064457    0.043762   20.043762 ^ clk (in)
                                                         clk (net)
                      0.066940    0.000000   20.043762 ^ clkbuf_0_clk/A (sg13g2_buf_16)
     4    0.080607    0.034407    0.089432   20.133196 ^ clkbuf_0_clk/X (sg13g2_buf_16)
                                                         clknet_0_clk (net)
                      0.034791    0.002519   20.135714 ^ clkbuf_2_3__f_clk/A (sg13g2_buf_16)
     6    0.022856    0.020339    0.064654   20.200369 ^ clkbuf_2_3__f_clk/X (sg13g2_buf_16)
                                                         clknet_2_3__leaf_clk (net)
                      0.020339    0.000060   20.200428 ^ _117_/CLK (sg13g2_dfrbpq_1)
                                 -0.250000   19.950430   clock uncertainty
                                  0.000000   19.950430   clock reconvergence pessimism
                                 -0.117061   19.833370   library setup time
                                             19.833370   data required time
---------------------------------------------------------------------------------------------
                                             19.833370   data required time
                                             -4.924531   data arrival time
---------------------------------------------------------------------------------------------
                                             14.908839   slack (MET)


Startpoint: done_in (input port clocked by clk)
Endpoint: _116_ (rising edge-triggered flip-flop clocked by clk)
Path Group: clk
Path Type: max

Fanout         Cap        Slew       Delay        Time   Description
---------------------------------------------------------------------------------------------
                                  0.000000    0.000000   clock clk (rise edge)
                                  0.000000    0.000000   clock network delay (propagated)
                                  4.000000    4.000000 v input external delay
     1    0.003235    0.017363    0.002371    4.002370 v done_in (in)
                                                         done_in (net)
                      0.017363    0.000000    4.002370 v input2/A (sg13g2_buf_1)
     2    0.028904    0.095086    0.123952    4.126322 v input2/X (sg13g2_buf_1)
                                                         net2 (net)
                      0.095294    0.003828    4.130150 v fanout23/A (sg13g2_buf_1)
     8    0.072145    0.227668    0.255822    4.385972 v fanout23/X (sg13g2_buf_1)
                                                         net23 (net)
                      0.227668    0.000298    4.386271 v _056_/A (sg13g2_nor2b_1)
     2    0.008570    0.117068    0.144209    4.530479 ^ _056_/Y (sg13g2_nor2b_1)
                                                         _048_ (net)
                      0.117068    0.000207    4.530687 ^ fanout18/A (sg13g2_buf_1)
     4    0.034705    0.147206    0.195222    4.725909 ^ fanout18/X (sg13g2_buf_1)
                                                         net18 (net)
                      0.147267    0.001142    4.727051 ^ _060_/S (sg13g2_mux2_1)
     1    0.001887    0.032726    0.197954    4.925004 v _060_/X (sg13g2_mux2_1)
                                                         _038_ (net)
                      0.032726    0.000009    4.925014 v _116_/D (sg13g2_dfrbpq_1)
                                              4.925014   data arrival time

                                 20.000000   20.000000   clock clk (rise edge)
                                  0.000000   20.000000   clock source latency
     1    0.049876    0.064457    0.043762   20.043762 ^ clk (in)
                                                         clk (net)
                      0.066940    0.000000   20.043762 ^ clkbuf_0_clk/A (sg13g2_buf_16)
     4    0.080607    0.034407    0.089432   20.133196 ^ clkbuf_0_clk/X (sg13g2_buf_16)
                                                         clknet_0_clk (net)
                      0.034694    0.002069   20.135265 ^ clkbuf_2_2__f_clk/A (sg13g2_buf_16)
     6    0.027798    0.021457    0.065500   20.200764 ^ clkbuf_2_2__f_clk/X (sg13g2_buf_16)
                                                         clknet_2_2__leaf_clk (net)
                      0.021457    0.000160   20.200924 ^ _116_/CLK (sg13g2_dfrbpq_1)
                                 -0.250000   19.950926   clock uncertainty
                                  0.000000   19.950926   clock reconvergence pessimism
                                 -0.116837   19.834087   library setup time
                                             19.834087   data required time
---------------------------------------------------------------------------------------------
                                             19.834087   data required time
                                             -4.925014   data arrival time
---------------------------------------------------------------------------------------------
                                             14.909074   slack (MET)


Startpoint: done_in (input port clocked by clk)
Endpoint: _115_ (rising edge-triggered flip-flop clocked by clk)
Path Group: clk
Path Type: max

Fanout         Cap        Slew       Delay        Time   Description
---------------------------------------------------------------------------------------------
                                  0.000000    0.000000   clock clk (rise edge)
                                  0.000000    0.000000   clock network delay (propagated)
                                  4.000000    4.000000 v input external delay
     1    0.003235    0.017363    0.002371    4.002370 v done_in (in)
                                                         done_in (net)
                      0.017363    0.000000    4.002370 v input2/A (sg13g2_buf_1)
     2    0.028904    0.095086    0.123952    4.126322 v input2/X (sg13g2_buf_1)
                                                         net2 (net)
                      0.095294    0.003828    4.130150 v fanout23/A (sg13g2_buf_1)
     8    0.072145    0.227668    0.255822    4.385972 v fanout23/X (sg13g2_buf_1)
                                                         net23 (net)
                      0.227668    0.000298    4.386271 v _056_/A (sg13g2_nor2b_1)
     2    0.008570    0.117068    0.144209    4.530479 ^ _056_/Y (sg13g2_nor2b_1)
                                                         _048_ (net)
                      0.117068    0.000207    4.530687 ^ fanout18/A (sg13g2_buf_1)
     4    0.034705    0.147206    0.195222    4.725909 ^ fanout18/X (sg13g2_buf_1)
                                                         net18 (net)
                      0.147276    0.001526    4.727435 ^ _061_/S (sg13g2_mux2_1)
     1    0.001887    0.032609    0.197956    4.925391 v _061_/X (sg13g2_mux2_1)
                                                         _037_ (net)
                      0.032609    0.000009    4.925401 v _115_/D (sg13g2_dfrbpq_1)
                                              4.925401   data arrival time

                                 20.000000   20.000000   clock clk (rise edge)
                                  0.000000   20.000000   clock source latency
     1    0.049876    0.064457    0.043762   20.043762 ^ clk (in)
                                                         clk (net)
                      0.066940    0.000000   20.043762 ^ clkbuf_0_clk/A (sg13g2_buf_16)
     4    0.080607    0.034407    0.089432   20.133196 ^ clkbuf_0_clk/X (sg13g2_buf_16)
                                                         clknet_0_clk (net)
                      0.034694    0.002069   20.135265 ^ clkbuf_2_2__f_clk/A (sg13g2_buf_16)
     6    0.027798    0.021457    0.065500   20.200764 ^ clkbuf_2_2__f_clk/X (sg13g2_buf_16)
                                                         clknet_2_2__leaf_clk (net)
                      0.021464    0.000766   20.201530 ^ _115_/CLK (sg13g2_dfrbpq_1)
                                 -0.250000   19.951530   clock uncertainty
                                  0.000000   19.951530   clock reconvergence pessimism
                                 -0.116794   19.834738   library setup time
                                             19.834738   data required time
---------------------------------------------------------------------------------------------
                                             19.834738   data required time
                                             -4.925401   data arrival time
---------------------------------------------------------------------------------------------
                                             14.909336   slack (MET)


Startpoint: done_in (input port clocked by clk)
Endpoint: _118_ (rising edge-triggered flip-flop clocked by clk)
Path Group: clk
Path Type: max

Fanout         Cap        Slew       Delay        Time   Description
---------------------------------------------------------------------------------------------
                                  0.000000    0.000000   clock clk (rise edge)
                                  0.000000    0.000000   clock network delay (propagated)
                                  4.000000    4.000000 v input external delay
     1    0.003235    0.017363    0.002371    4.002370 v done_in (in)
                                                         done_in (net)
                      0.017363    0.000000    4.002370 v input2/A (sg13g2_buf_1)
     2    0.028904    0.095086    0.123952    4.126322 v input2/X (sg13g2_buf_1)
                                                         net2 (net)
                      0.095294    0.003828    4.130150 v fanout23/A (sg13g2_buf_1)
     8    0.072145    0.227668    0.255822    4.385972 v fanout23/X (sg13g2_buf_1)
                                                         net23 (net)
                      0.227668    0.000298    4.386271 v _056_/A (sg13g2_nor2b_1)
     2    0.008570    0.117068    0.144209    4.530479 ^ _056_/Y (sg13g2_nor2b_1)
                                                         _048_ (net)
                      0.117068    0.000207    4.530687 ^ fanout18/A (sg13g2_buf_1)
     4    0.034705    0.147206    0.195222    4.725909 ^ fanout18/X (sg13g2_buf_1)
                                                         net18 (net)
                      0.147206    0.000292    4.726201 ^ _058_/S (sg13g2_mux2_1)
     1    0.001887    0.032490    0.197936    4.924137 v _058_/X (sg13g2_mux2_1)
                                                         _040_ (net)
                      0.032490    0.000009    4.924146 v _118_/D (sg13g2_dfrbpq_1)
                                              4.924146   data arrival time

                                 20.000000   20.000000   clock clk (rise edge)
                                  0.000000   20.000000   clock source latency
     1    0.049876    0.064457    0.043762   20.043762 ^ clk (in)
                                                         clk (net)
                      0.066940    0.000000   20.043762 ^ clkbuf_0_clk/A (sg13g2_buf_16)
     4    0.080607    0.034407    0.089432   20.133196 ^ clkbuf_0_clk/X (sg13g2_buf_16)
                                                         clknet_0_clk (net)
                      0.034791    0.002519   20.135714 ^ clkbuf_2_3__f_clk/A (sg13g2_buf_16)
     6    0.022856    0.020339    0.064654   20.200369 ^ clkbuf_2_3__f_clk/X (sg13g2_buf_16)
                                                         clknet_2_3__leaf_clk (net)
                      0.020341    0.000407   20.200775 ^ _118_/CLK (sg13g2_dfrbpq_1)
                                 -0.250000   19.950775   clock uncertainty
                                  0.000000   19.950775   clock reconvergence pessimism
                                 -0.117037   19.833738   library setup time
                                             19.833738   data required time
---------------------------------------------------------------------------------------------
                                             19.833738   data required time
                                             -4.924146   data arrival time
---------------------------------------------------------------------------------------------
                                             14.909593   slack (MET)


Startpoint: done_in (input port clocked by clk)
Endpoint: _100_ (rising edge-triggered flip-flop clocked by clk)
Path Group: clk
Path Type: max

Fanout         Cap        Slew       Delay        Time   Description
---------------------------------------------------------------------------------------------
                                  0.000000    0.000000   clock clk (rise edge)
                                  0.000000    0.000000   clock network delay (propagated)
                                  4.000000    4.000000 ^ input external delay
     1    0.003274    0.020481    0.002821    4.002821 ^ done_in (in)
                                                         done_in (net)
                      0.020481    0.000000    4.002821 ^ input2/A (sg13g2_buf_1)
     2    0.028982    0.124027    0.136678    4.139499 ^ input2/X (sg13g2_buf_1)
                                                         net2 (net)
                      0.124190    0.003850    4.143349 ^ fanout23/A (sg13g2_buf_1)
     8    0.072744    0.300393    0.302822    4.446171 ^ fanout23/X (sg13g2_buf_1)
                                                         net23 (net)
                      0.300905    0.010736    4.456907 ^ _051_/S (sg13g2_mux2_1)
     1    0.003559    0.036691    0.236995    4.693903 v _051_/X (sg13g2_mux2_1)
                                                         _046_ (net)
                      0.036691    0.000056    4.693958 v _100_/D (sg13g2_dfrbpq_1)
                                              4.693958   data arrival time

                                 20.000000   20.000000   clock clk (rise edge)
                                  0.000000   20.000000   clock source latency
     1    0.049876    0.064457    0.043762   20.043762 ^ clk (in)
                                                         clk (net)
                      0.066940    0.000000   20.043762 ^ clkbuf_0_clk/A (sg13g2_buf_16)
     4    0.080607    0.034407    0.089432   20.133196 ^ clkbuf_0_clk/X (sg13g2_buf_16)
                                                         clknet_0_clk (net)
                      0.034864    0.002824   20.136019 ^ clkbuf_2_1__f_clk/A (sg13g2_buf_16)
     6    0.025413    0.020925    0.065183   20.201202 ^ clkbuf_2_1__f_clk/X (sg13g2_buf_16)
                                                         clknet_2_1__leaf_clk (net)
                      0.020926    0.000192   20.201395 ^ _100_/CLK (sg13g2_dfrbpq_1)
                                 -0.250000   19.951395   clock uncertainty
                                  0.000000   19.951395   clock reconvergence pessimism
                                 -0.118401   19.832994   library setup time
                                             19.832994   data required time
---------------------------------------------------------------------------------------------
                                             19.832994   data required time
                                             -4.693958   data arrival time
---------------------------------------------------------------------------------------------
                                             15.139037   slack (MET)


Startpoint: done_in (input port clocked by clk)
Endpoint: _121_ (rising edge-triggered flip-flop clocked by clk)
Path Group: clk
Path Type: max

Fanout         Cap        Slew       Delay        Time   Description
---------------------------------------------------------------------------------------------
                                  0.000000    0.000000   clock clk (rise edge)
                                  0.000000    0.000000   clock network delay (propagated)
                                  4.000000    4.000000 ^ input external delay
     1    0.003274    0.020481    0.002821    4.002821 ^ done_in (in)
                                                         done_in (net)
                      0.020481    0.000000    4.002821 ^ input2/A (sg13g2_buf_1)
     2    0.028982    0.124027    0.136678    4.139499 ^ input2/X (sg13g2_buf_1)
                                                         net2 (net)
                      0.124190    0.003850    4.143349 ^ fanout23/A (sg13g2_buf_1)
     8    0.072744    0.300393    0.302822    4.446171 ^ fanout23/X (sg13g2_buf_1)
                                                         net23 (net)
                      0.300985    0.011513    4.457684 ^ _054_/S (sg13g2_mux2_1)
     1    0.002941    0.035195    0.235108    4.692792 v _054_/X (sg13g2_mux2_1)
                                                         _043_ (net)
                      0.035195    0.000035    4.692828 v _121_/D (sg13g2_dfrbpq_1)
                                              4.692828   data arrival time

                                 20.000000   20.000000   clock clk (rise edge)
                                  0.000000   20.000000   clock source latency
     1    0.049876    0.064457    0.043762   20.043762 ^ clk (in)
                                                         clk (net)
                      0.066940    0.000000   20.043762 ^ clkbuf_0_clk/A (sg13g2_buf_16)
     4    0.080607    0.034407    0.089432   20.133196 ^ clkbuf_0_clk/X (sg13g2_buf_16)
                                                         clknet_0_clk (net)
                      0.034864    0.002824   20.136019 ^ clkbuf_2_1__f_clk/A (sg13g2_buf_16)
     6    0.025413    0.020925    0.065183   20.201202 ^ clkbuf_2_1__f_clk/X (sg13g2_buf_16)
                                                         clknet_2_1__leaf_clk (net)
                      0.020928    0.000520   20.201723 ^ _121_/CLK (sg13g2_dfrbpq_1)
                                 -0.250000   19.951725   clock uncertainty
                                  0.000000   19.951725   clock reconvergence pessimism
                                 -0.117862   19.833862   library setup time
                                             19.833862   data required time
---------------------------------------------------------------------------------------------
                                             19.833862   data required time
                                             -4.692828   data arrival time
---------------------------------------------------------------------------------------------
                                             15.141035   slack (MET)


Startpoint: done_in (input port clocked by clk)
Endpoint: _120_ (rising edge-triggered flip-flop clocked by clk)
Path Group: clk
Path Type: max

Fanout         Cap        Slew       Delay        Time   Description
---------------------------------------------------------------------------------------------
                                  0.000000    0.000000   clock clk (rise edge)
                                  0.000000    0.000000   clock network delay (propagated)
                                  4.000000    4.000000 ^ input external delay
     1    0.003274    0.020481    0.002821    4.002821 ^ done_in (in)
                                                         done_in (net)
                      0.020481    0.000000    4.002821 ^ input2/A (sg13g2_buf_1)
     2    0.028982    0.124027    0.136678    4.139499 ^ input2/X (sg13g2_buf_1)
                                                         net2 (net)
                      0.124190    0.003850    4.143349 ^ fanout23/A (sg13g2_buf_1)
     8    0.072744    0.300393    0.302822    4.446171 ^ fanout23/X (sg13g2_buf_1)
                                                         net23 (net)
                      0.300992    0.011580    4.457751 ^ _055_/S (sg13g2_mux2_1)
     1    0.002812    0.035323    0.234712    4.692462 v _055_/X (sg13g2_mux2_1)
                                                         _042_ (net)
                      0.035323    0.000032    4.692494 v _120_/D (sg13g2_dfrbpq_1)
                                              4.692494   data arrival time

                                 20.000000   20.000000   clock clk (rise edge)
                                  0.000000   20.000000   clock source latency
     1    0.049876    0.064457    0.043762   20.043762 ^ clk (in)
                                                         clk (net)
                      0.066940    0.000000   20.043762 ^ clkbuf_0_clk/A (sg13g2_buf_16)
     4    0.080607    0.034407    0.089432   20.133196 ^ clkbuf_0_clk/X (sg13g2_buf_16)
                                                         clknet_0_clk (net)
                      0.034924    0.003059   20.136253 ^ clkbuf_2_0__f_clk/A (sg13g2_buf_16)
     6    0.026689    0.021216    0.065452   20.201706 ^ clkbuf_2_0__f_clk/X (sg13g2_buf_16)
                                                         clknet_2_0__leaf_clk (net)
                      0.021219    0.000490   20.202196 ^ _120_/CLK (sg13g2_dfrbpq_1)
                                 -0.250000   19.952196   clock uncertainty
                                  0.000000   19.952196   clock reconvergence pessimism
                                 -0.117834   19.834364   library setup time
                                             19.834364   data required time
---------------------------------------------------------------------------------------------
                                             19.834364   data required time
                                             -4.692494   data arrival time
---------------------------------------------------------------------------------------------
                                             15.141870   slack (MET)


Startpoint: done_in (input port clocked by clk)
Endpoint: _098_ (rising edge-triggered flip-flop clocked by clk)
Path Group: clk
Path Type: max

Fanout         Cap        Slew       Delay        Time   Description
---------------------------------------------------------------------------------------------
                                  0.000000    0.000000   clock clk (rise edge)
                                  0.000000    0.000000   clock network delay (propagated)
                                  4.000000    4.000000 ^ input external delay
     1    0.003274    0.020481    0.002821    4.002821 ^ done_in (in)
                                                         done_in (net)
                      0.020481    0.000000    4.002821 ^ input2/A (sg13g2_buf_1)
     2    0.028982    0.124027    0.136678    4.139499 ^ input2/X (sg13g2_buf_1)
                                                         net2 (net)
                      0.124190    0.003850    4.143349 ^ fanout23/A (sg13g2_buf_1)
     8    0.072744    0.300393    0.302822    4.446171 ^ fanout23/X (sg13g2_buf_1)
                                                         net23 (net)
                      0.300974    0.011413    4.457584 ^ _053_/S (sg13g2_mux2_1)
     1    0.002437    0.033924    0.233550    4.691134 v _053_/X (sg13g2_mux2_1)
                                                         _044_ (net)
                      0.033924    0.000022    4.691156 v _098_/D (sg13g2_dfrbpq_1)
                                              4.691156   data arrival time

                                 20.000000   20.000000   clock clk (rise edge)
                                  0.000000   20.000000   clock source latency
     1    0.049876    0.064457    0.043762   20.043762 ^ clk (in)
                                                         clk (net)
                      0.066940    0.000000   20.043762 ^ clkbuf_0_clk/A (sg13g2_buf_16)
     4    0.080607    0.034407    0.089432   20.133196 ^ clkbuf_0_clk/X (sg13g2_buf_16)
                                                         clknet_0_clk (net)
                      0.034864    0.002824   20.136019 ^ clkbuf_2_1__f_clk/A (sg13g2_buf_16)
     6    0.025413    0.020925    0.065183   20.201202 ^ clkbuf_2_1__f_clk/X (sg13g2_buf_16)
                                                         clknet_2_1__leaf_clk (net)
                      0.020928    0.000473   20.201675 ^ _098_/CLK (sg13g2_dfrbpq_1)
                                 -0.250000   19.951677   clock uncertainty
                                  0.000000   19.951677   clock reconvergence pessimism
                                 -0.117404   19.834272   library setup time
                                             19.834272   data required time
---------------------------------------------------------------------------------------------
                                             19.834272   data required time
                                             -4.691156   data arrival time
---------------------------------------------------------------------------------------------
                                             15.143116   slack (MET)


Startpoint: done_in (input port clocked by clk)
Endpoint: _099_ (rising edge-triggered flip-flop clocked by clk)
Path Group: clk
Path Type: max

Fanout         Cap        Slew       Delay        Time   Description
---------------------------------------------------------------------------------------------
                                  0.000000    0.000000   clock clk (rise edge)
                                  0.000000    0.000000   clock network delay (propagated)
                                  4.000000    4.000000 ^ input external delay
     1    0.003274    0.020481    0.002821    4.002821 ^ done_in (in)
                                                         done_in (net)
                      0.020481    0.000000    4.002821 ^ input2/A (sg13g2_buf_1)
     2    0.028982    0.124027    0.136678    4.139499 ^ input2/X (sg13g2_buf_1)
                                                         net2 (net)
                      0.124190    0.003850    4.143349 ^ fanout23/A (sg13g2_buf_1)
     8    0.072744    0.300393    0.302822    4.446171 ^ fanout23/X (sg13g2_buf_1)
                                                         net23 (net)
                      0.300948    0.011164    4.457335 ^ _052_/S (sg13g2_mux2_1)
     1    0.002361    0.033765    0.233308    4.690644 v _052_/X (sg13g2_mux2_1)
                                                         _045_ (net)
                      0.033765    0.000020    4.690664 v _099_/D (sg13g2_dfrbpq_1)
                                              4.690664   data arrival time

                                 20.000000   20.000000   clock clk (rise edge)
                                  0.000000   20.000000   clock source latency
     1    0.049876    0.064457    0.043762   20.043762 ^ clk (in)
                                                         clk (net)
                      0.066940    0.000000   20.043762 ^ clkbuf_0_clk/A (sg13g2_buf_16)
     4    0.080607    0.034407    0.089432   20.133196 ^ clkbuf_0_clk/X (sg13g2_buf_16)
                                                         clknet_0_clk (net)
                      0.034864    0.002824   20.136019 ^ clkbuf_2_1__f_clk/A (sg13g2_buf_16)
     6    0.025413    0.020925    0.065183   20.201202 ^ clkbuf_2_1__f_clk/X (sg13g2_buf_16)
                                                         clknet_2_1__leaf_clk (net)
                      0.020927    0.000361   20.201563 ^ _099_/CLK (sg13g2_dfrbpq_1)
                                 -0.250000   19.951565   clock uncertainty
                                  0.000000   19.951565   clock reconvergence pessimism
                                 -0.117347   19.834217   library setup time
                                             19.834217   data required time
---------------------------------------------------------------------------------------------
                                             19.834217   data required time
                                             -4.690664   data arrival time
---------------------------------------------------------------------------------------------
                                             15.143553   slack (MET)


Startpoint: done_in (input port clocked by clk)
Endpoint: _101_ (rising edge-triggered flip-flop clocked by clk)
Path Group: clk
Path Type: max

Fanout         Cap        Slew       Delay        Time   Description
---------------------------------------------------------------------------------------------
                                  0.000000    0.000000   clock clk (rise edge)
                                  0.000000    0.000000   clock network delay (propagated)
                                  4.000000    4.000000 ^ input external delay
     1    0.003274    0.020481    0.002821    4.002821 ^ done_in (in)
                                                         done_in (net)
                      0.020481    0.000000    4.002821 ^ input2/A (sg13g2_buf_1)
     2    0.028982    0.124027    0.136678    4.139499 ^ input2/X (sg13g2_buf_1)
                                                         net2 (net)
                      0.124190    0.003850    4.143349 ^ fanout23/A (sg13g2_buf_1)
     8    0.072744    0.300393    0.302822    4.446171 ^ fanout23/X (sg13g2_buf_1)
                                                         net23 (net)
                      0.300791    0.009500    4.455671 ^ _050_/S (sg13g2_mux2_1)
     1    0.002308    0.033637    0.233114    4.688785 v _050_/X (sg13g2_mux2_1)
                                                         _047_ (net)
                      0.033637    0.000019    4.688804 v _101_/D (sg13g2_dfrbpq_1)
                                              4.688804   data arrival time

                                 20.000000   20.000000   clock clk (rise edge)
                                  0.000000   20.000000   clock source latency
     1    0.049876    0.064457    0.043762   20.043762 ^ clk (in)
                                                         clk (net)
                      0.066940    0.000000   20.043762 ^ clkbuf_0_clk/A (sg13g2_buf_16)
     4    0.080607    0.034407    0.089432   20.133196 ^ clkbuf_0_clk/X (sg13g2_buf_16)
                                                         clknet_0_clk (net)
                      0.034864    0.002824   20.136019 ^ clkbuf_2_1__f_clk/A (sg13g2_buf_16)
     6    0.025413    0.020925    0.065183   20.201202 ^ clkbuf_2_1__f_clk/X (sg13g2_buf_16)
                                                         clknet_2_1__leaf_clk (net)
                      0.020925    0.000153   20.201355 ^ _101_/CLK (sg13g2_dfrbpq_1)
                                 -0.250000   19.951357   clock uncertainty
                                  0.000000   19.951357   clock reconvergence pessimism
                                 -0.117301   19.834055   library setup time
                                             19.834055   data required time
---------------------------------------------------------------------------------------------
                                             19.834055   data required time
                                             -4.688804   data arrival time
---------------------------------------------------------------------------------------------
                                             15.145251   slack (MET)


Startpoint: done_in (input port clocked by clk)
Endpoint: _102_ (rising edge-triggered flip-flop clocked by clk)
Path Group: clk
Path Type: max

Fanout         Cap        Slew       Delay        Time   Description
---------------------------------------------------------------------------------------------
                                  0.000000    0.000000   clock clk (rise edge)
                                  0.000000    0.000000   clock network delay (propagated)
                                  4.000000    4.000000 ^ input external delay
     1    0.003274    0.020481    0.002821    4.002821 ^ done_in (in)
                                                         done_in (net)
                      0.020481    0.000000    4.002821 ^ input2/A (sg13g2_buf_1)
     2    0.028982    0.124027    0.136678    4.139499 ^ input2/X (sg13g2_buf_1)
                                                         net2 (net)
                      0.124190    0.003850    4.143349 ^ fanout23/A (sg13g2_buf_1)
     8    0.072744    0.300393    0.302822    4.446171 ^ fanout23/X (sg13g2_buf_1)
                                                         net23 (net)
                      0.300672    0.007994    4.454165 ^ _074_/S (sg13g2_mux2_1)
     1    0.002308    0.033682    0.233090    4.687255 v _074_/X (sg13g2_mux2_1)
                                                         _024_ (net)
                      0.033682    0.000019    4.687274 v _102_/D (sg13g2_dfrbpq_1)
                                              4.687274   data arrival time

                                 20.000000   20.000000   clock clk (rise edge)
                                  0.000000   20.000000   clock source latency
     1    0.049876    0.064457    0.043762   20.043762 ^ clk (in)
                                                         clk (net)
                      0.066940    0.000000   20.043762 ^ clkbuf_0_clk/A (sg13g2_buf_16)
     4    0.080607    0.034407    0.089432   20.133196 ^ clkbuf_0_clk/X (sg13g2_buf_16)
                                                         clknet_0_clk (net)
                      0.034694    0.002069   20.135265 ^ clkbuf_2_2__f_clk/A (sg13g2_buf_16)
     6    0.027798    0.021457    0.065500   20.200764 ^ clkbuf_2_2__f_clk/X (sg13g2_buf_16)
                                                         clknet_2_2__leaf_clk (net)
                      0.021466    0.000890   20.201654 ^ _102_/CLK (sg13g2_dfrbpq_1)
                                 -0.250000   19.951654   clock uncertainty
                                  0.000000   19.951654   clock reconvergence pessimism
                                 -0.117179   19.834476   library setup time
                                             19.834476   data required time
---------------------------------------------------------------------------------------------
                                             19.834476   data required time
                                             -4.687274   data arrival time
---------------------------------------------------------------------------------------------
                                             15.147202   slack (MET)


Startpoint: reset (input port clocked by clk)
Endpoint: _098_ (recovery check against rising-edge clock clk)
Path Group: asynchronous
Path Type: max

Fanout         Cap        Slew       Delay        Time   Description
---------------------------------------------------------------------------------------------
                                  0.000000    0.000000   clock clk (rise edge)
                                  0.000000    0.000000   clock network delay (propagated)
                                  4.000000    4.000000 v input external delay
     1    0.004358    0.018155    0.003225    4.003225 v reset (in)
                                                         reset (net)
                      0.018155    0.000000    4.003225 v input3/A (sg13g2_buf_1)
     1    0.020717    0.072378    0.105191    4.108417 v input3/X (sg13g2_buf_1)
                                                         net3 (net)
                      0.072461    0.002132    4.110548 v fanout22/A (sg13g2_buf_1)
     4    0.026033    0.086876    0.144029    4.254577 v fanout22/X (sg13g2_buf_1)
                                                         net22 (net)
                      0.086928    0.000956    4.255532 v fanout20/A (sg13g2_buf_1)
     7    0.031225    0.102713    0.162478    4.418011 v fanout20/X (sg13g2_buf_1)
                                                         net20 (net)
                      0.102729    0.001334    4.419344 v fanout19/A (sg13g2_buf_1)
     8    0.036155    0.117719    0.180149    4.599493 v fanout19/X (sg13g2_buf_1)
                                                         net19 (net)
                      0.117732    0.001327    4.600820 v _094_/A (sg13g2_inv_1)
     1    0.006525    0.050980    0.068929    4.669750 ^ _094_/Y (sg13g2_inv_1)
                                                         _020_ (net)
                      0.050980    0.000058    4.669808 ^ _098_/RESET_B (sg13g2_dfrbpq_1)
                                              4.669808   data arrival time

                                 20.000000   20.000000   clock clk (rise edge)
                                  0.000000   20.000000   clock source latency
     1    0.049876    0.064457    0.043762   20.043762 ^ clk (in)
                                                         clk (net)
                      0.066940    0.000000   20.043762 ^ clkbuf_0_clk/A (sg13g2_buf_16)
     4    0.080607    0.034407    0.089432   20.133196 ^ clkbuf_0_clk/X (sg13g2_buf_16)
                                                         clknet_0_clk (net)
                      0.034864    0.002824   20.136019 ^ clkbuf_2_1__f_clk/A (sg13g2_buf_16)
     6    0.025413    0.020925    0.065183   20.201202 ^ clkbuf_2_1__f_clk/X (sg13g2_buf_16)
                                                         clknet_2_1__leaf_clk (net)
                      0.020928    0.000473   20.201675 ^ _098_/CLK (sg13g2_dfrbpq_1)
                                 -0.250000   19.951677   clock uncertainty
                                  0.000000   19.951677   clock reconvergence pessimism
                                 -0.129533   19.822144   library recovery time
                                             19.822144   data required time
---------------------------------------------------------------------------------------------
                                             19.822144   data required time
                                             -4.669808   data arrival time
---------------------------------------------------------------------------------------------
                                             15.152335   slack (MET)


Startpoint: reset (input port clocked by clk)
Endpoint: _121_ (recovery check against rising-edge clock clk)
Path Group: asynchronous
Path Type: max

Fanout         Cap        Slew       Delay        Time   Description
---------------------------------------------------------------------------------------------
                                  0.000000    0.000000   clock clk (rise edge)
                                  0.000000    0.000000   clock network delay (propagated)
                                  4.000000    4.000000 v input external delay
     1    0.004358    0.018155    0.003225    4.003225 v reset (in)
                                                         reset (net)
                      0.018155    0.000000    4.003225 v input3/A (sg13g2_buf_1)
     1    0.020717    0.072378    0.105191    4.108417 v input3/X (sg13g2_buf_1)
                                                         net3 (net)
                      0.072461    0.002132    4.110548 v fanout22/A (sg13g2_buf_1)
     4    0.026033    0.086876    0.144029    4.254577 v fanout22/X (sg13g2_buf_1)
                                                         net22 (net)
                      0.086928    0.000956    4.255532 v fanout20/A (sg13g2_buf_1)
     7    0.031225    0.102713    0.162478    4.418011 v fanout20/X (sg13g2_buf_1)
                                                         net20 (net)
                      0.102729    0.001334    4.419344 v fanout19/A (sg13g2_buf_1)
     8    0.036155    0.117719    0.180149    4.599493 v fanout19/X (sg13g2_buf_1)
                                                         net19 (net)
                      0.117736    0.001458    4.600950 v _093_/A (sg13g2_inv_1)
     1    0.006450    0.050705    0.068598    4.669549 ^ _093_/Y (sg13g2_inv_1)
                                                         _019_ (net)
                      0.050705    0.000054    4.669602 ^ _121_/RESET_B (sg13g2_dfrbpq_1)
                                              4.669602   data arrival time

                                 20.000000   20.000000   clock clk (rise edge)
                                  0.000000   20.000000   clock source latency
     1    0.049876    0.064457    0.043762   20.043762 ^ clk (in)
                                                         clk (net)
                      0.066940    0.000000   20.043762 ^ clkbuf_0_clk/A (sg13g2_buf_16)
     4    0.080607    0.034407    0.089432   20.133196 ^ clkbuf_0_clk/X (sg13g2_buf_16)
                                                         clknet_0_clk (net)
                      0.034864    0.002824   20.136019 ^ clkbuf_2_1__f_clk/A (sg13g2_buf_16)
     6    0.025413    0.020925    0.065183   20.201202 ^ clkbuf_2_1__f_clk/X (sg13g2_buf_16)
                                                         clknet_2_1__leaf_clk (net)
                      0.020928    0.000520   20.201723 ^ _121_/CLK (sg13g2_dfrbpq_1)
                                 -0.250000   19.951725   clock uncertainty
                                  0.000000   19.951725   clock reconvergence pessimism
                                 -0.129448   19.822275   library recovery time
                                             19.822275   data required time
---------------------------------------------------------------------------------------------
                                             19.822275   data required time
                                             -4.669602   data arrival time
---------------------------------------------------------------------------------------------
                                             15.152675   slack (MET)


Startpoint: reset (input port clocked by clk)
Endpoint: _099_ (recovery check against rising-edge clock clk)
Path Group: asynchronous
Path Type: max

Fanout         Cap        Slew       Delay        Time   Description
---------------------------------------------------------------------------------------------
                                  0.000000    0.000000   clock clk (rise edge)
                                  0.000000    0.000000   clock network delay (propagated)
                                  4.000000    4.000000 v input external delay
     1    0.004358    0.018155    0.003225    4.003225 v reset (in)
                                                         reset (net)
                      0.018155    0.000000    4.003225 v input3/A (sg13g2_buf_1)
     1    0.020717    0.072378    0.105191    4.108417 v input3/X (sg13g2_buf_1)
                                                         net3 (net)
                      0.072461    0.002132    4.110548 v fanout22/A (sg13g2_buf_1)
     4    0.026033    0.086876    0.144029    4.254577 v fanout22/X (sg13g2_buf_1)
                                                         net22 (net)
                      0.086928    0.000956    4.255532 v fanout20/A (sg13g2_buf_1)
     7    0.031225    0.102713    0.162478    4.418011 v fanout20/X (sg13g2_buf_1)
                                                         net20 (net)
                      0.102729    0.001334    4.419344 v fanout19/A (sg13g2_buf_1)
     8    0.036155    0.117719    0.180149    4.599493 v fanout19/X (sg13g2_buf_1)
                                                         net19 (net)
                      0.117725    0.001006    4.600499 v _095_/A (sg13g2_inv_1)
     1    0.006450    0.050703    0.068596    4.669095 ^ _095_/Y (sg13g2_inv_1)
                                                         _021_ (net)
                      0.050703    0.000054    4.669149 ^ _099_/RESET_B (sg13g2_dfrbpq_1)
                                              4.669149   data arrival time

                                 20.000000   20.000000   clock clk (rise edge)
                                  0.000000   20.000000   clock source latency
     1    0.049876    0.064457    0.043762   20.043762 ^ clk (in)
                                                         clk (net)
                      0.066940    0.000000   20.043762 ^ clkbuf_0_clk/A (sg13g2_buf_16)
     4    0.080607    0.034407    0.089432   20.133196 ^ clkbuf_0_clk/X (sg13g2_buf_16)
                                                         clknet_0_clk (net)
                      0.034864    0.002824   20.136019 ^ clkbuf_2_1__f_clk/A (sg13g2_buf_16)
     6    0.025413    0.020925    0.065183   20.201202 ^ clkbuf_2_1__f_clk/X (sg13g2_buf_16)
                                                         clknet_2_1__leaf_clk (net)
                      0.020927    0.000361   20.201563 ^ _099_/CLK (sg13g2_dfrbpq_1)
                                 -0.250000   19.951565   clock uncertainty
                                  0.000000   19.951565   clock reconvergence pessimism
                                 -0.129448   19.822119   library recovery time
                                             19.822119   data required time
---------------------------------------------------------------------------------------------
                                             19.822119   data required time
                                             -4.669149   data arrival time
---------------------------------------------------------------------------------------------
                                             15.152969   slack (MET)


Startpoint: reset (input port clocked by clk)
Endpoint: _120_ (recovery check against rising-edge clock clk)
Path Group: asynchronous
Path Type: max

Fanout         Cap        Slew       Delay        Time   Description
---------------------------------------------------------------------------------------------
                                  0.000000    0.000000   clock clk (rise edge)
                                  0.000000    0.000000   clock network delay (propagated)
                                  4.000000    4.000000 v input external delay
     1    0.004358    0.018155    0.003225    4.003225 v reset (in)
                                                         reset (net)
                      0.018155    0.000000    4.003225 v input3/A (sg13g2_buf_1)
     1    0.020717    0.072378    0.105191    4.108417 v input3/X (sg13g2_buf_1)
                                                         net3 (net)
                      0.072461    0.002132    4.110548 v fanout22/A (sg13g2_buf_1)
     4    0.026033    0.086876    0.144029    4.254577 v fanout22/X (sg13g2_buf_1)
                                                         net22 (net)
                      0.086928    0.000956    4.255532 v fanout20/A (sg13g2_buf_1)
     7    0.031225    0.102713    0.162478    4.418011 v fanout20/X (sg13g2_buf_1)
                                                         net20 (net)
                      0.102729    0.001334    4.419344 v fanout19/A (sg13g2_buf_1)
     8    0.036155    0.117719    0.180149    4.599493 v fanout19/X (sg13g2_buf_1)
                                                         net19 (net)
                      0.117736    0.001489    4.600982 v _092_/A (sg13g2_inv_1)
     1    0.006482    0.050824    0.068742    4.669724 ^ _092_/Y (sg13g2_inv_1)
                                                         _018_ (net)
                      0.050824    0.000056    4.669780 ^ _120_/RESET_B (sg13g2_dfrbpq_1)
                                              4.669780   data arrival time

                                 20.000000   20.000000   clock clk (rise edge)
                                  0.000000   20.000000   clock source latency
     1    0.049876    0.064457    0.043762   20.043762 ^ clk (in)
                                                         clk (net)
                      0.066940    0.000000   20.043762 ^ clkbuf_0_clk/A (sg13g2_buf_16)
     4    0.080607    0.034407    0.089432   20.133196 ^ clkbuf_0_clk/X (sg13g2_buf_16)
                                                         clknet_0_clk (net)
                      0.034924    0.003059   20.136253 ^ clkbuf_2_0__f_clk/A (sg13g2_buf_16)
     6    0.026689    0.021216    0.065452   20.201706 ^ clkbuf_2_0__f_clk/X (sg13g2_buf_16)
                                                         clknet_2_0__leaf_clk (net)
                      0.021219    0.000490   20.202196 ^ _120_/CLK (sg13g2_dfrbpq_1)
                                 -0.250000   19.952196   clock uncertainty
                                  0.000000   19.952196   clock reconvergence pessimism
                                 -0.129444   19.822754   library recovery time
                                             19.822754   data required time
---------------------------------------------------------------------------------------------
                                             19.822754   data required time
                                             -4.669780   data arrival time
---------------------------------------------------------------------------------------------
                                             15.152974   slack (MET)


Startpoint: reset (input port clocked by clk)
Endpoint: _109_ (recovery check against rising-edge clock clk)
Path Group: asynchronous
Path Type: max

Fanout         Cap        Slew       Delay        Time   Description
---------------------------------------------------------------------------------------------
                                  0.000000    0.000000   clock clk (rise edge)
                                  0.000000    0.000000   clock network delay (propagated)
                                  4.000000    4.000000 v input external delay
     1    0.004358    0.018155    0.003225    4.003225 v reset (in)
                                                         reset (net)
                      0.018155    0.000000    4.003225 v input3/A (sg13g2_buf_1)
     1    0.020717    0.072378    0.105191    4.108417 v input3/X (sg13g2_buf_1)
                                                         net3 (net)
                      0.072461    0.002132    4.110548 v fanout22/A (sg13g2_buf_1)
     4    0.026033    0.086876    0.144029    4.254577 v fanout22/X (sg13g2_buf_1)
                                                         net22 (net)
                      0.086928    0.000956    4.255532 v fanout20/A (sg13g2_buf_1)
     7    0.031225    0.102713    0.162478    4.418011 v fanout20/X (sg13g2_buf_1)
                                                         net20 (net)
                      0.102729    0.001334    4.419344 v fanout19/A (sg13g2_buf_1)
     8    0.036155    0.117719    0.180149    4.599493 v fanout19/X (sg13g2_buf_1)
                                                         net19 (net)
                      0.117735    0.001431    4.600924 v _081_/A (sg13g2_inv_1)
     1    0.006457    0.050732    0.068631    4.669555 ^ _081_/Y (sg13g2_inv_1)
                                                         _007_ (net)
                      0.050732    0.000054    4.669609 ^ _109_/RESET_B (sg13g2_dfrbpq_1)
                                              4.669609   data arrival time

                                 20.000000   20.000000   clock clk (rise edge)
                                  0.000000   20.000000   clock source latency
     1    0.049876    0.064457    0.043762   20.043762 ^ clk (in)
                                                         clk (net)
                      0.066940    0.000000   20.043762 ^ clkbuf_0_clk/A (sg13g2_buf_16)
     4    0.080607    0.034407    0.089432   20.133196 ^ clkbuf_0_clk/X (sg13g2_buf_16)
                                                         clknet_0_clk (net)
                      0.034924    0.003059   20.136253 ^ clkbuf_2_0__f_clk/A (sg13g2_buf_16)
     6    0.026689    0.021216    0.065452   20.201706 ^ clkbuf_2_0__f_clk/X (sg13g2_buf_16)
                                                         clknet_2_0__leaf_clk (net)
                      0.021219    0.000464   20.202169 ^ _109_/CLK (sg13g2_dfrbpq_1)
                                 -0.250000   19.952169   clock uncertainty
                                  0.000000   19.952169   clock reconvergence pessimism
                                 -0.129415   19.822756   library recovery time
                                             19.822756   data required time
---------------------------------------------------------------------------------------------
                                             19.822756   data required time
                                             -4.669609   data arrival time
---------------------------------------------------------------------------------------------
                                             15.153147   slack (MET)


Startpoint: reset (input port clocked by clk)
Endpoint: _110_ (recovery check against rising-edge clock clk)
Path Group: asynchronous
Path Type: max

Fanout         Cap        Slew       Delay        Time   Description
---------------------------------------------------------------------------------------------
                                  0.000000    0.000000   clock clk (rise edge)
                                  0.000000    0.000000   clock network delay (propagated)
                                  4.000000    4.000000 v input external delay
     1    0.004358    0.018155    0.003225    4.003225 v reset (in)
                                                         reset (net)
                      0.018155    0.000000    4.003225 v input3/A (sg13g2_buf_1)
     1    0.020717    0.072378    0.105191    4.108417 v input3/X (sg13g2_buf_1)
                                                         net3 (net)
                      0.072461    0.002132    4.110548 v fanout22/A (sg13g2_buf_1)
     4    0.026033    0.086876    0.144029    4.254577 v fanout22/X (sg13g2_buf_1)
                                                         net22 (net)
                      0.086928    0.000956    4.255532 v fanout20/A (sg13g2_buf_1)
     7    0.031225    0.102713    0.162478    4.418011 v fanout20/X (sg13g2_buf_1)
                                                         net20 (net)
                      0.102729    0.001334    4.419344 v fanout19/A (sg13g2_buf_1)
     8    0.036155    0.117719    0.180149    4.599493 v fanout19/X (sg13g2_buf_1)
                                                         net19 (net)
                      0.117734    0.001412    4.600904 v _082_/A (sg13g2_inv_1)
     1    0.006448    0.050698    0.068590    4.669495 ^ _082_/Y (sg13g2_inv_1)
                                                         _008_ (net)
                      0.050698    0.000053    4.669548 ^ _110_/RESET_B (sg13g2_dfrbpq_1)
                                              4.669548   data arrival time

                                 20.000000   20.000000   clock clk (rise edge)
                                  0.000000   20.000000   clock source latency
     1    0.049876    0.064457    0.043762   20.043762 ^ clk (in)
                                                         clk (net)
                      0.066940    0.000000   20.043762 ^ clkbuf_0_clk/A (sg13g2_buf_16)
     4    0.080607    0.034407    0.089432   20.133196 ^ clkbuf_0_clk/X (sg13g2_buf_16)
                                                         clknet_0_clk (net)
                      0.034924    0.003059   20.136253 ^ clkbuf_2_0__f_clk/A (sg13g2_buf_16)
     6    0.026689    0.021216    0.065452   20.201706 ^ clkbuf_2_0__f_clk/X (sg13g2_buf_16)
                                                         clknet_2_0__leaf_clk (net)
                      0.021218    0.000387   20.202093 ^ _110_/CLK (sg13g2_dfrbpq_1)
                                 -0.250000   19.952093   clock uncertainty
                                  0.000000   19.952093   clock reconvergence pessimism
                                 -0.129405   19.822689   library recovery time
                                             19.822689   data required time
---------------------------------------------------------------------------------------------
                                             19.822689   data required time
                                             -4.669548   data arrival time
---------------------------------------------------------------------------------------------
                                             15.153141   slack (MET)


Startpoint: reset (input port clocked by clk)
Endpoint: _111_ (recovery check against rising-edge clock clk)
Path Group: asynchronous
Path Type: max

Fanout         Cap        Slew       Delay        Time   Description
---------------------------------------------------------------------------------------------
                                  0.000000    0.000000   clock clk (rise edge)
                                  0.000000    0.000000   clock network delay (propagated)
                                  4.000000    4.000000 v input external delay
     1    0.004358    0.018155    0.003225    4.003225 v reset (in)
                                                         reset (net)
                      0.018155    0.000000    4.003225 v input3/A (sg13g2_buf_1)
     1    0.020717    0.072378    0.105191    4.108417 v input3/X (sg13g2_buf_1)
                                                         net3 (net)
                      0.072461    0.002132    4.110548 v fanout22/A (sg13g2_buf_1)
     4    0.026033    0.086876    0.144029    4.254577 v fanout22/X (sg13g2_buf_1)
                                                         net22 (net)
                      0.086928    0.000956    4.255532 v fanout20/A (sg13g2_buf_1)
     7    0.031225    0.102713    0.162478    4.418011 v fanout20/X (sg13g2_buf_1)
                                                         net20 (net)
                      0.102729    0.001334    4.419344 v fanout19/A (sg13g2_buf_1)
     8    0.036155    0.117719    0.180149    4.599493 v fanout19/X (sg13g2_buf_1)
                                                         net19 (net)
                      0.117725    0.001000    4.600493 v _083_/A (sg13g2_inv_1)
     1    0.006283    0.050102    0.067869    4.668362 ^ _083_/Y (sg13g2_inv_1)
                                                         _009_ (net)
                      0.050102    0.000041    4.668403 ^ _111_/RESET_B (sg13g2_dfrbpq_1)
                                              4.668403   data arrival time

                                 20.000000   20.000000   clock clk (rise edge)
                                  0.000000   20.000000   clock source latency
     1    0.049876    0.064457    0.043762   20.043762 ^ clk (in)
                                                         clk (net)
                      0.066940    0.000000   20.043762 ^ clkbuf_0_clk/A (sg13g2_buf_16)
     4    0.080607    0.034407    0.089432   20.133196 ^ clkbuf_0_clk/X (sg13g2_buf_16)
                                                         clknet_0_clk (net)
                      0.034924    0.003059   20.136253 ^ clkbuf_2_0__f_clk/A (sg13g2_buf_16)
     6    0.026689    0.021216    0.065452   20.201706 ^ clkbuf_2_0__f_clk/X (sg13g2_buf_16)
                                                         clknet_2_0__leaf_clk (net)
                      0.021217    0.000243   20.201950 ^ _111_/CLK (sg13g2_dfrbpq_1)
                                 -0.250000   19.951950   clock uncertainty
                                  0.000000   19.951950   clock reconvergence pessimism
                                 -0.129220   19.822731   library recovery time
                                             19.822731   data required time
---------------------------------------------------------------------------------------------
                                             19.822731   data required time
                                             -4.668403   data arrival time
---------------------------------------------------------------------------------------------
                                             15.154328   slack (MET)


Startpoint: reset (input port clocked by clk)
Endpoint: _112_ (recovery check against rising-edge clock clk)
Path Group: asynchronous
Path Type: max

Fanout         Cap        Slew       Delay        Time   Description
---------------------------------------------------------------------------------------------
                                  0.000000    0.000000   clock clk (rise edge)
                                  0.000000    0.000000   clock network delay (propagated)
                                  4.000000    4.000000 v input external delay
     1    0.004358    0.018155    0.003225    4.003225 v reset (in)
                                                         reset (net)
                      0.018155    0.000000    4.003225 v input3/A (sg13g2_buf_1)
     1    0.020717    0.072378    0.105191    4.108417 v input3/X (sg13g2_buf_1)
                                                         net3 (net)
                      0.072461    0.002132    4.110548 v fanout22/A (sg13g2_buf_1)
     4    0.026033    0.086876    0.144029    4.254577 v fanout22/X (sg13g2_buf_1)
                                                         net22 (net)
                      0.086928    0.000956    4.255532 v fanout20/A (sg13g2_buf_1)
     7    0.031225    0.102713    0.162478    4.418011 v fanout20/X (sg13g2_buf_1)
                                                         net20 (net)
                      0.102729    0.001334    4.419344 v fanout19/A (sg13g2_buf_1)
     8    0.036155    0.117719    0.180149    4.599493 v fanout19/X (sg13g2_buf_1)
                                                         net19 (net)
                      0.117719    0.000469    4.599962 v _084_/A (sg13g2_inv_1)
     1    0.006283    0.050101    0.067868    4.667830 ^ _084_/Y (sg13g2_inv_1)
                                                         _010_ (net)
                      0.050101    0.000041    4.667871 ^ _112_/RESET_B (sg13g2_dfrbpq_1)
                                              4.667871   data arrival time

                                 20.000000   20.000000   clock clk (rise edge)
                                  0.000000   20.000000   clock source latency
     1    0.049876    0.064457    0.043762   20.043762 ^ clk (in)
                                                         clk (net)
                      0.066940    0.000000   20.043762 ^ clkbuf_0_clk/A (sg13g2_buf_16)
     4    0.080607    0.034407    0.089432   20.133196 ^ clkbuf_0_clk/X (sg13g2_buf_16)
                                                         clknet_0_clk (net)
                      0.034924    0.003059   20.136253 ^ clkbuf_2_0__f_clk/A (sg13g2_buf_16)
     6    0.026689    0.021216    0.065452   20.201706 ^ clkbuf_2_0__f_clk/X (sg13g2_buf_16)
                                                         clknet_2_0__leaf_clk (net)
                      0.021217    0.000101   20.201807 ^ _112_/CLK (sg13g2_dfrbpq_1)
                                 -0.250000   19.951807   clock uncertainty
                                  0.000000   19.951807   clock reconvergence pessimism
                                 -0.129220   19.822588   library recovery time
                                             19.822588   data required time
---------------------------------------------------------------------------------------------
                                             19.822588   data required time
                                             -4.667871   data arrival time
---------------------------------------------------------------------------------------------
                                             15.154718   slack (MET)


Startpoint: _120_ (rising edge-triggered flip-flop clocked by clk)
Endpoint: dout[0] (output port clocked by clk)
Path Group: clk
Path Type: max

Fanout         Cap        Slew       Delay        Time   Description
---------------------------------------------------------------------------------------------
                                  0.000000    0.000000   clock clk (rise edge)
                                  0.000000    0.000000   clock source latency
     1    0.052549    0.067257    0.050880    0.050880 ^ clk (in)
                                                         clk (net)
                      0.070027    0.000000    0.050880 ^ clkbuf_0_clk/A (sg13g2_buf_16)
     4    0.091299    0.037008    0.102396    0.153276 ^ clkbuf_0_clk/X (sg13g2_buf_16)
                                                         clknet_0_clk (net)
                      0.037634    0.003860    0.157136 ^ clkbuf_2_0__f_clk/A (sg13g2_buf_16)
     6    0.029373    0.021948    0.074264    0.231400 ^ clkbuf_2_0__f_clk/X (sg13g2_buf_16)
                                                         clknet_2_0__leaf_clk (net)
                      0.021952    0.000603    0.232003 ^ _120_/CLK (sg13g2_dfrbpq_1)
     2    0.018384    0.082311    0.218706    0.450709 ^ _120_/Q (sg13g2_dfrbpq_1)
                                                         net5 (net)
                      0.082320    0.000993    0.451701 ^ output5/A (sg13g2_buf_1)
     1    0.006000    0.036860    0.096227    0.547929 ^ output5/X (sg13g2_buf_1)
                                                         dout[0] (net)
                      0.036860    0.000000    0.547929 ^ dout[0] (out)
                                              0.547929   data arrival time

                                 20.000000   20.000000   clock clk (rise edge)
                                  0.000000   20.000000   clock network delay (propagated)
                                 -0.250000   19.750002   clock uncertainty
                                  0.000000   19.750002   clock reconvergence pessimism
                                 -4.000000   15.750001   output external delay
                                             15.750001   data required time
---------------------------------------------------------------------------------------------
                                             15.750001   data required time
                                             -0.547929   data arrival time
---------------------------------------------------------------------------------------------
                                             15.202073   slack (MET)


Startpoint: _121_ (rising edge-triggered flip-flop clocked by clk)
Endpoint: dout[1] (output port clocked by clk)
Path Group: clk
Path Type: max

Fanout         Cap        Slew       Delay        Time   Description
---------------------------------------------------------------------------------------------
                                  0.000000    0.000000   clock clk (rise edge)
                                  0.000000    0.000000   clock source latency
     1    0.052549    0.067257    0.050880    0.050880 ^ clk (in)
                                                         clk (net)
                      0.070027    0.000000    0.050880 ^ clkbuf_0_clk/A (sg13g2_buf_16)
     4    0.091299    0.037008    0.102396    0.153276 ^ clkbuf_0_clk/X (sg13g2_buf_16)
                                                         clknet_0_clk (net)
                      0.037555    0.003559    0.156835 ^ clkbuf_2_1__f_clk/A (sg13g2_buf_16)
     6    0.028098    0.021658    0.073960    0.230795 ^ clkbuf_2_1__f_clk/X (sg13g2_buf_16)
                                                         clknet_2_1__leaf_clk (net)
                      0.021661    0.000639    0.231434 ^ _121_/CLK (sg13g2_dfrbpq_1)
     2    0.013704    0.064209    0.204419    0.435853 ^ _121_/Q (sg13g2_dfrbpq_1)
                                                         net8 (net)
                      0.064211    0.000467    0.436320 ^ output8/A (sg13g2_buf_1)
     1    0.006000    0.036236    0.088081    0.524401 ^ output8/X (sg13g2_buf_1)
                                                         dout[1] (net)
                      0.036236    0.000000    0.524401 ^ dout[1] (out)
                                              0.524401   data arrival time

                                 20.000000   20.000000   clock clk (rise edge)
                                  0.000000   20.000000   clock network delay (propagated)
                                 -0.250000   19.750002   clock uncertainty
                                  0.000000   19.750002   clock reconvergence pessimism
                                 -4.000000   15.750001   output external delay
                                             15.750001   data required time
---------------------------------------------------------------------------------------------
                                             15.750001   data required time
                                             -0.524401   data arrival time
---------------------------------------------------------------------------------------------
                                             15.225599   slack (MET)


Startpoint: _107_ (rising edge-triggered flip-flop clocked by clk)
Endpoint: dout[11] (output port clocked by clk)
Path Group: clk
Path Type: max

Fanout         Cap        Slew       Delay        Time   Description
---------------------------------------------------------------------------------------------
                                  0.000000    0.000000   clock clk (rise edge)
                                  0.000000    0.000000   clock source latency
     1    0.052549    0.067257    0.050880    0.050880 ^ clk (in)
                                                         clk (net)
                      0.070027    0.000000    0.050880 ^ clkbuf_0_clk/A (sg13g2_buf_16)
     4    0.091299    0.037008    0.102396    0.153276 ^ clkbuf_0_clk/X (sg13g2_buf_16)
                                                         clknet_0_clk (net)
                      0.037461    0.003177    0.156453 ^ clkbuf_2_3__f_clk/A (sg13g2_buf_16)
     6    0.025540    0.021075    0.073357    0.229810 ^ clkbuf_2_3__f_clk/X (sg13g2_buf_16)
                                                         clknet_2_3__leaf_clk (net)
                      0.021081    0.000758    0.230568 ^ _107_/CLK (sg13g2_dfrbpq_1)
     2    0.012770    0.060608    0.201319    0.431887 ^ _107_/Q (sg13g2_dfrbpq_1)
                                                         net7 (net)
                      0.060608    0.000309    0.432196 ^ output7/A (sg13g2_buf_1)
     1    0.006000    0.036111    0.086461    0.518657 ^ output7/X (sg13g2_buf_1)
                                                         dout[11] (net)
                      0.036111    0.000000    0.518657 ^ dout[11] (out)
                                              0.518657   data arrival time

                                 20.000000   20.000000   clock clk (rise edge)
                                  0.000000   20.000000   clock network delay (propagated)
                                 -0.250000   19.750002   clock uncertainty
                                  0.000000   19.750002   clock reconvergence pessimism
                                 -4.000000   15.750001   output external delay
                                             15.750001   data required time
---------------------------------------------------------------------------------------------
                                             15.750001   data required time
                                             -0.518657   data arrival time
---------------------------------------------------------------------------------------------
                                             15.231343   slack (MET)


Startpoint: _098_ (rising edge-triggered flip-flop clocked by clk)
Endpoint: dout[2] (output port clocked by clk)
Path Group: clk
Path Type: max

Fanout         Cap        Slew       Delay        Time   Description
---------------------------------------------------------------------------------------------
                                  0.000000    0.000000   clock clk (rise edge)
                                  0.000000    0.000000   clock source latency
     1    0.052549    0.067257    0.050880    0.050880 ^ clk (in)
                                                         clk (net)
                      0.070027    0.000000    0.050880 ^ clkbuf_0_clk/A (sg13g2_buf_16)
     4    0.091299    0.037008    0.102396    0.153276 ^ clkbuf_0_clk/X (sg13g2_buf_16)
                                                         clknet_0_clk (net)
                      0.037555    0.003559    0.156835 ^ clkbuf_2_1__f_clk/A (sg13g2_buf_16)
     6    0.028098    0.021658    0.073960    0.230795 ^ clkbuf_2_1__f_clk/X (sg13g2_buf_16)
                                                         clknet_2_1__leaf_clk (net)
                      0.021661    0.000578    0.231374 ^ _098_/CLK (sg13g2_dfrbpq_1)
     2    0.011470    0.055640    0.197610    0.428983 ^ _098_/Q (sg13g2_dfrbpq_1)
                                                         net9 (net)
                      0.055641    0.000312    0.429296 ^ output9/A (sg13g2_buf_1)
     1    0.006000    0.035940    0.084226    0.513522 ^ output9/X (sg13g2_buf_1)
                                                         dout[2] (net)
                      0.035940    0.000000    0.513522 ^ dout[2] (out)
                                              0.513522   data arrival time

                                 20.000000   20.000000   clock clk (rise edge)
                                  0.000000   20.000000   clock network delay (propagated)
                                 -0.250000   19.750002   clock uncertainty
                                  0.000000   19.750002   clock reconvergence pessimism
                                 -4.000000   15.750001   output external delay
                                             15.750001   data required time
---------------------------------------------------------------------------------------------
                                             15.750001   data required time
                                             -0.513522   data arrival time
---------------------------------------------------------------------------------------------
                                             15.236479   slack (MET)


Startpoint: _106_ (rising edge-triggered flip-flop clocked by clk)
Endpoint: dout[10] (output port clocked by clk)
Path Group: clk
Path Type: max

Fanout         Cap        Slew       Delay        Time   Description
---------------------------------------------------------------------------------------------
                                  0.000000    0.000000   clock clk (rise edge)
                                  0.000000    0.000000   clock source latency
     1    0.052549    0.067257    0.050880    0.050880 ^ clk (in)
                                                         clk (net)
                      0.070027    0.000000    0.050880 ^ clkbuf_0_clk/A (sg13g2_buf_16)
     4    0.091299    0.037008    0.102396    0.153276 ^ clkbuf_0_clk/X (sg13g2_buf_16)
                                                         clknet_0_clk (net)
                      0.037461    0.003177    0.156453 ^ clkbuf_2_3__f_clk/A (sg13g2_buf_16)
     6    0.025540    0.021075    0.073357    0.229810 ^ clkbuf_2_3__f_clk/X (sg13g2_buf_16)
                                                         clknet_2_3__leaf_clk (net)
                      0.021081    0.000757    0.230567 ^ _106_/CLK (sg13g2_dfrbpq_1)
     2    0.009537    0.048272    0.191475    0.422042 ^ _106_/Q (sg13g2_dfrbpq_1)
                                                         net6 (net)
                      0.048272    0.000091    0.422133 ^ output6/A (sg13g2_buf_1)
     1    0.006000    0.035686    0.080912    0.503045 ^ output6/X (sg13g2_buf_1)
                                                         dout[10] (net)
                      0.035686    0.000000    0.503045 ^ dout[10] (out)
                                              0.503045   data arrival time

                                 20.000000   20.000000   clock clk (rise edge)
                                  0.000000   20.000000   clock network delay (propagated)
                                 -0.250000   19.750002   clock uncertainty
                                  0.000000   19.750002   clock reconvergence pessimism
                                 -4.000000   15.750001   output external delay
                                             15.750001   data required time
---------------------------------------------------------------------------------------------
                                             15.750001   data required time
                                             -0.503045   data arrival time
---------------------------------------------------------------------------------------------
                                             15.246956   slack (MET)


Startpoint: _099_ (rising edge-triggered flip-flop clocked by clk)
Endpoint: dout[3] (output port clocked by clk)
Path Group: clk
Path Type: max

Fanout         Cap        Slew       Delay        Time   Description
---------------------------------------------------------------------------------------------
                                  0.000000    0.000000   clock clk (rise edge)
                                  0.000000    0.000000   clock source latency
     1    0.052549    0.067257    0.050880    0.050880 ^ clk (in)
                                                         clk (net)
                      0.070027    0.000000    0.050880 ^ clkbuf_0_clk/A (sg13g2_buf_16)
     4    0.091299    0.037008    0.102396    0.153276 ^ clkbuf_0_clk/X (sg13g2_buf_16)
                                                         clknet_0_clk (net)
                      0.037555    0.003559    0.156835 ^ clkbuf_2_1__f_clk/A (sg13g2_buf_16)
     6    0.028098    0.021658    0.073960    0.230795 ^ clkbuf_2_1__f_clk/X (sg13g2_buf_16)
                                                         clknet_2_1__leaf_clk (net)
                      0.021660    0.000441    0.231237 ^ _099_/CLK (sg13g2_dfrbpq_1)
     2    0.009278    0.047297    0.190943    0.422180 ^ _099_/Q (sg13g2_dfrbpq_1)
                                                         net10 (net)
                      0.047297    0.000180    0.422360 ^ output10/A (sg13g2_buf_1)
     1    0.006000    0.035653    0.080473    0.502833 ^ output10/X (sg13g2_buf_1)
                                                         dout[3] (net)
                      0.035653    0.000000    0.502833 ^ dout[3] (out)
                                              0.502833   data arrival time

                                 20.000000   20.000000   clock clk (rise edge)
                                  0.000000   20.000000   clock network delay (propagated)
                                 -0.250000   19.750002   clock uncertainty
                                  0.000000   19.750002   clock reconvergence pessimism
                                 -4.000000   15.750001   output external delay
                                             15.750001   data required time
---------------------------------------------------------------------------------------------
                                             15.750001   data required time
                                             -0.502833   data arrival time
---------------------------------------------------------------------------------------------
                                             15.247168   slack (MET)


Startpoint: _103_ (rising edge-triggered flip-flop clocked by clk)
Endpoint: dout[7] (output port clocked by clk)
Path Group: clk
Path Type: max

Fanout         Cap        Slew       Delay        Time   Description
---------------------------------------------------------------------------------------------
                                  0.000000    0.000000   clock clk (rise edge)
                                  0.000000    0.000000   clock source latency
     1    0.052549    0.067257    0.050880    0.050880 ^ clk (in)
                                                         clk (net)
                      0.070027    0.000000    0.050880 ^ clkbuf_0_clk/A (sg13g2_buf_16)
     4    0.091299    0.037008    0.102396    0.153276 ^ clkbuf_0_clk/X (sg13g2_buf_16)
                                                         clknet_0_clk (net)
                      0.037334    0.002605    0.155881 ^ clkbuf_2_2__f_clk/A (sg13g2_buf_16)
     6    0.030482    0.022184    0.074274    0.230155 ^ clkbuf_2_2__f_clk/X (sg13g2_buf_16)
                                                         clknet_2_2__leaf_clk (net)
                      0.022188    0.000615    0.230770 ^ _103_/CLK (sg13g2_dfrbpq_1)
     2    0.007332    0.039982    0.185298    0.416068 ^ _103_/Q (sg13g2_dfrbpq_1)
                                                         net14 (net)
                      0.039982    0.000048    0.416116 ^ output14/A (sg13g2_buf_1)
     1    0.006000    0.035401    0.077182    0.493298 ^ output14/X (sg13g2_buf_1)
                                                         dout[7] (net)
                      0.035401    0.000000    0.493298 ^ dout[7] (out)
                                              0.493298   data arrival time

                                 20.000000   20.000000   clock clk (rise edge)
                                  0.000000   20.000000   clock network delay (propagated)
                                 -0.250000   19.750002   clock uncertainty
                                  0.000000   19.750002   clock reconvergence pessimism
                                 -4.000000   15.750001   output external delay
                                             15.750001   data required time
---------------------------------------------------------------------------------------------
                                             15.750001   data required time
                                             -0.493298   data arrival time
---------------------------------------------------------------------------------------------
                                             15.256703   slack (MET)


Startpoint: _105_ (rising edge-triggered flip-flop clocked by clk)
Endpoint: dout[9] (output port clocked by clk)
Path Group: clk
Path Type: max

Fanout         Cap        Slew       Delay        Time   Description
---------------------------------------------------------------------------------------------
                                  0.000000    0.000000   clock clk (rise edge)
                                  0.000000    0.000000   clock source latency
     1    0.052549    0.067257    0.050880    0.050880 ^ clk (in)
                                                         clk (net)
                      0.070027    0.000000    0.050880 ^ clkbuf_0_clk/A (sg13g2_buf_16)
     4    0.091299    0.037008    0.102396    0.153276 ^ clkbuf_0_clk/X (sg13g2_buf_16)
                                                         clknet_0_clk (net)
                      0.037461    0.003177    0.156453 ^ clkbuf_2_3__f_clk/A (sg13g2_buf_16)
     6    0.025540    0.021075    0.073357    0.229810 ^ clkbuf_2_3__f_clk/X (sg13g2_buf_16)
                                                         clknet_2_3__leaf_clk (net)
                      0.021077    0.000368    0.230179 ^ _105_/CLK (sg13g2_dfrbpq_1)
     2    0.007561    0.040834    0.185435    0.415614 ^ _105_/Q (sg13g2_dfrbpq_1)
                                                         net16 (net)
                      0.040834    0.000029    0.415643 ^ output16/A (sg13g2_buf_1)
     1    0.006000    0.035430    0.077566    0.493209 ^ output16/X (sg13g2_buf_1)
                                                         dout[9] (net)
                      0.035430    0.000000    0.493209 ^ dout[9] (out)
                                              0.493209   data arrival time

                                 20.000000   20.000000   clock clk (rise edge)
                                  0.000000   20.000000   clock network delay (propagated)
                                 -0.250000   19.750002   clock uncertainty
                                  0.000000   19.750002   clock reconvergence pessimism
                                 -4.000000   15.750001   output external delay
                                             15.750001   data required time
---------------------------------------------------------------------------------------------
                                             15.750001   data required time
                                             -0.493209   data arrival time
---------------------------------------------------------------------------------------------
                                             15.256792   slack (MET)


Startpoint: _102_ (rising edge-triggered flip-flop clocked by clk)
Endpoint: dout[6] (output port clocked by clk)
Path Group: clk
Path Type: max

Fanout         Cap        Slew       Delay        Time   Description
---------------------------------------------------------------------------------------------
                                  0.000000    0.000000   clock clk (rise edge)
                                  0.000000    0.000000   clock source latency
     1    0.052549    0.067257    0.050880    0.050880 ^ clk (in)
                                                         clk (net)
                      0.070027    0.000000    0.050880 ^ clkbuf_0_clk/A (sg13g2_buf_16)
     4    0.091299    0.037008    0.102396    0.153276 ^ clkbuf_0_clk/X (sg13g2_buf_16)
                                                         clknet_0_clk (net)
                      0.037334    0.002605    0.155881 ^ clkbuf_2_2__f_clk/A (sg13g2_buf_16)
     6    0.030482    0.022184    0.074274    0.230155 ^ clkbuf_2_2__f_clk/X (sg13g2_buf_16)
                                                         clknet_2_2__leaf_clk (net)
                      0.022195    0.001079    0.231234 ^ _102_/CLK (sg13g2_dfrbpq_1)
     2    0.006951    0.038567    0.184131    0.415365 ^ _102_/Q (sg13g2_dfrbpq_1)
                                                         net13 (net)
                      0.038567    0.000059    0.415424 ^ output13/A (sg13g2_buf_1)
     1    0.006000    0.035352    0.076546    0.491970 ^ output13/X (sg13g2_buf_1)
                                                         dout[6] (net)
                      0.035352    0.000000    0.491970 ^ dout[6] (out)
                                              0.491970   data arrival time

                                 20.000000   20.000000   clock clk (rise edge)
                                  0.000000   20.000000   clock network delay (propagated)
                                 -0.250000   19.750002   clock uncertainty
                                  0.000000   19.750002   clock reconvergence pessimism
                                 -4.000000   15.750001   output external delay
                                             15.750001   data required time
---------------------------------------------------------------------------------------------
                                             15.750001   data required time
                                             -0.491970   data arrival time
---------------------------------------------------------------------------------------------
                                             15.258030   slack (MET)


Startpoint: _101_ (rising edge-triggered flip-flop clocked by clk)
Endpoint: dout[5] (output port clocked by clk)
Path Group: clk
Path Type: max

Fanout         Cap        Slew       Delay        Time   Description
---------------------------------------------------------------------------------------------
                                  0.000000    0.000000   clock clk (rise edge)
                                  0.000000    0.000000   clock source latency
     1    0.052549    0.067257    0.050880    0.050880 ^ clk (in)
                                                         clk (net)
                      0.070027    0.000000    0.050880 ^ clkbuf_0_clk/A (sg13g2_buf_16)
     4    0.091299    0.037008    0.102396    0.153276 ^ clkbuf_0_clk/X (sg13g2_buf_16)
                                                         clknet_0_clk (net)
                      0.037555    0.003559    0.156835 ^ clkbuf_2_1__f_clk/A (sg13g2_buf_16)
     6    0.028098    0.021658    0.073960    0.230795 ^ clkbuf_2_1__f_clk/X (sg13g2_buf_16)
                                                         clknet_2_1__leaf_clk (net)
                      0.021658    0.000189    0.230984 ^ _101_/CLK (sg13g2_dfrbpq_1)
     2    0.006951    0.038567    0.183854    0.414838 ^ _101_/Q (sg13g2_dfrbpq_1)
                                                         net12 (net)
                      0.038567    0.000073    0.414912 ^ output12/A (sg13g2_buf_1)
     1    0.006000    0.035352    0.076546    0.491458 ^ output12/X (sg13g2_buf_1)
                                                         dout[5] (net)
                      0.035352    0.000000    0.491458 ^ dout[5] (out)
                                              0.491458   data arrival time

                                 20.000000   20.000000   clock clk (rise edge)
                                  0.000000   20.000000   clock network delay (propagated)
                                 -0.250000   19.750002   clock uncertainty
                                  0.000000   19.750002   clock reconvergence pessimism
                                 -4.000000   15.750001   output external delay
                                             15.750001   data required time
---------------------------------------------------------------------------------------------
                                             15.750001   data required time
                                             -0.491458   data arrival time
---------------------------------------------------------------------------------------------
                                             15.258543   slack (MET)


Startpoint: _104_ (rising edge-triggered flip-flop clocked by clk)
Endpoint: dout[8] (output port clocked by clk)
Path Group: clk
Path Type: max

Fanout         Cap        Slew       Delay        Time   Description
---------------------------------------------------------------------------------------------
                                  0.000000    0.000000   clock clk (rise edge)
                                  0.000000    0.000000   clock source latency
     1    0.052549    0.067257    0.050880    0.050880 ^ clk (in)
                                                         clk (net)
                      0.070027    0.000000    0.050880 ^ clkbuf_0_clk/A (sg13g2_buf_16)
     4    0.091299    0.037008    0.102396    0.153276 ^ clkbuf_0_clk/X (sg13g2_buf_16)
                                                         clknet_0_clk (net)
                      0.037334    0.002605    0.155881 ^ clkbuf_2_2__f_clk/A (sg13g2_buf_16)
     6    0.030482    0.022184    0.074274    0.230155 ^ clkbuf_2_2__f_clk/X (sg13g2_buf_16)
                                                         clknet_2_2__leaf_clk (net)
                      0.022185    0.000126    0.230282 ^ _104_/CLK (sg13g2_dfrbpq_1)
     2    0.006951    0.038567    0.184124    0.414406 ^ _104_/Q (sg13g2_dfrbpq_1)
                                                         net15 (net)
                      0.038567    0.000064    0.414470 ^ output15/A (sg13g2_buf_1)
     1    0.006000    0.035352    0.076546    0.491016 ^ output15/X (sg13g2_buf_1)
                                                         dout[8] (net)
                      0.035352    0.000000    0.491016 ^ dout[8] (out)
                                              0.491016   data arrival time

                                 20.000000   20.000000   clock clk (rise edge)
                                  0.000000   20.000000   clock network delay (propagated)
                                 -0.250000   19.750002   clock uncertainty
                                  0.000000   19.750002   clock reconvergence pessimism
                                 -4.000000   15.750001   output external delay
                                             15.750001   data required time
---------------------------------------------------------------------------------------------
                                             15.750001   data required time
                                             -0.491016   data arrival time
---------------------------------------------------------------------------------------------
                                             15.258986   slack (MET)


Startpoint: _100_ (rising edge-triggered flip-flop clocked by clk)
Endpoint: dout[4] (output port clocked by clk)
Path Group: clk
Path Type: max

Fanout         Cap        Slew       Delay        Time   Description
---------------------------------------------------------------------------------------------
                                  0.000000    0.000000   clock clk (rise edge)
                                  0.000000    0.000000   clock source latency
     1    0.052549    0.067257    0.050880    0.050880 ^ clk (in)
                                                         clk (net)
                      0.070027    0.000000    0.050880 ^ clkbuf_0_clk/A (sg13g2_buf_16)
     4    0.091299    0.037008    0.102396    0.153276 ^ clkbuf_0_clk/X (sg13g2_buf_16)
                                                         clknet_0_clk (net)
                      0.037555    0.003559    0.156835 ^ clkbuf_2_1__f_clk/A (sg13g2_buf_16)
     6    0.028098    0.021658    0.073960    0.230795 ^ clkbuf_2_1__f_clk/X (sg13g2_buf_16)
                                                         clknet_2_1__leaf_clk (net)
                      0.021658    0.000234    0.231030 ^ _100_/CLK (sg13g2_dfrbpq_1)
     2    0.006460    0.036753    0.182372    0.413401 ^ _100_/Q (sg13g2_dfrbpq_1)
                                                         net11 (net)
                      0.036753    0.000023    0.413424 ^ output11/A (sg13g2_buf_1)
     1    0.006000    0.035289    0.075730    0.489154 ^ output11/X (sg13g2_buf_1)
                                                         dout[4] (net)
                      0.035289    0.000000    0.489154 ^ dout[4] (out)
                                              0.489154   data arrival time

                                 20.000000   20.000000   clock clk (rise edge)
                                  0.000000   20.000000   clock network delay (propagated)
                                 -0.250000   19.750002   clock uncertainty
                                  0.000000   19.750002   clock reconvergence pessimism
                                 -4.000000   15.750001   output external delay
                                             15.750001   data required time
---------------------------------------------------------------------------------------------
                                             15.750001   data required time
                                             -0.489154   data arrival time
---------------------------------------------------------------------------------------------
                                             15.260847   slack (MET)


Startpoint: done_in (input port clocked by clk)
Endpoint: _104_ (rising edge-triggered flip-flop clocked by clk)
Path Group: clk
Path Type: max

Fanout         Cap        Slew       Delay        Time   Description
---------------------------------------------------------------------------------------------
                                  0.000000    0.000000   clock clk (rise edge)
                                  0.000000    0.000000   clock network delay (propagated)
                                  4.000000    4.000000 ^ input external delay
     1    0.003274    0.020481    0.002821    4.002821 ^ done_in (in)
                                                         done_in (net)
                      0.020481    0.000000    4.002821 ^ input2/A (sg13g2_buf_1)
     2    0.028982    0.124027    0.136678    4.139499 ^ input2/X (sg13g2_buf_1)
                                                         net2 (net)
                      0.124191    0.003856    4.143355 ^ fanout24/A (sg13g2_buf_1)
     5    0.040660    0.171026    0.214631    4.357985 ^ fanout24/X (sg13g2_buf_1)
                                                         net24 (net)
                      0.171043    0.001486    4.359472 ^ _072_/S (sg13g2_mux2_1)
     1    0.002308    0.033626    0.206113    4.565585 v _072_/X (sg13g2_mux2_1)
                                                         _026_ (net)
                      0.033626    0.000019    4.565604 v _104_/D (sg13g2_dfrbpq_1)
                                              4.565604   data arrival time

                                 20.000000   20.000000   clock clk (rise edge)
                                  0.000000   20.000000   clock source latency
     1    0.049876    0.064457    0.043762   20.043762 ^ clk (in)
                                                         clk (net)
                      0.066940    0.000000   20.043762 ^ clkbuf_0_clk/A (sg13g2_buf_16)
     4    0.080607    0.034407    0.089432   20.133196 ^ clkbuf_0_clk/X (sg13g2_buf_16)
                                                         clknet_0_clk (net)
                      0.034694    0.002069   20.135265 ^ clkbuf_2_2__f_clk/A (sg13g2_buf_16)
     6    0.027798    0.021457    0.065500   20.200764 ^ clkbuf_2_2__f_clk/X (sg13g2_buf_16)
                                                         clknet_2_2__leaf_clk (net)
                      0.021457    0.000103   20.200867 ^ _104_/CLK (sg13g2_dfrbpq_1)
                                 -0.250000   19.950869   clock uncertainty
                                  0.000000   19.950869   clock reconvergence pessimism
                                 -0.117162   19.833706   library setup time
                                             19.833706   data required time
---------------------------------------------------------------------------------------------
                                             19.833706   data required time
                                             -4.565604   data arrival time
---------------------------------------------------------------------------------------------
                                             15.268104   slack (MET)


Startpoint: done_in (input port clocked by clk)
Endpoint: _105_ (rising edge-triggered flip-flop clocked by clk)
Path Group: clk
Path Type: max

Fanout         Cap        Slew       Delay        Time   Description
---------------------------------------------------------------------------------------------
                                  0.000000    0.000000   clock clk (rise edge)
                                  0.000000    0.000000   clock network delay (propagated)
                                  4.000000    4.000000 ^ input external delay
     1    0.003274    0.020481    0.002821    4.002821 ^ done_in (in)
                                                         done_in (net)
                      0.020481    0.000000    4.002821 ^ input2/A (sg13g2_buf_1)
     2    0.028982    0.124027    0.136678    4.139499 ^ input2/X (sg13g2_buf_1)
                                                         net2 (net)
                      0.124191    0.003856    4.143355 ^ fanout24/A (sg13g2_buf_1)
     5    0.040660    0.171026    0.214631    4.357985 ^ fanout24/X (sg13g2_buf_1)
                                                         net24 (net)
                      0.171035    0.001056    4.359042 ^ _071_/S (sg13g2_mux2_1)
     1    0.002287    0.033510    0.206047    4.565088 v _071_/X (sg13g2_mux2_1)
                                                         _027_ (net)
                      0.033510    0.000019    4.565107 v _105_/D (sg13g2_dfrbpq_1)
                                              4.565107   data arrival time

                                 20.000000   20.000000   clock clk (rise edge)
                                  0.000000   20.000000   clock source latency
     1    0.049876    0.064457    0.043762   20.043762 ^ clk (in)
                                                         clk (net)
                      0.066940    0.000000   20.043762 ^ clkbuf_0_clk/A (sg13g2_buf_16)
     4    0.080607    0.034407    0.089432   20.133196 ^ clkbuf_0_clk/X (sg13g2_buf_16)
                                                         clknet_0_clk (net)
                      0.034791    0.002519   20.135714 ^ clkbuf_2_3__f_clk/A (sg13g2_buf_16)
     6    0.022856    0.020339    0.064654   20.200369 ^ clkbuf_2_3__f_clk/X (sg13g2_buf_16)
                                                         clknet_2_3__leaf_clk (net)
                      0.020340    0.000297   20.200665 ^ _105_/CLK (sg13g2_dfrbpq_1)
                                 -0.250000   19.950666   clock uncertainty
                                  0.000000   19.950666   clock reconvergence pessimism
                                 -0.117405   19.833261   library setup time
                                             19.833261   data required time
---------------------------------------------------------------------------------------------
                                             19.833261   data required time
                                             -4.565107   data arrival time
---------------------------------------------------------------------------------------------
                                             15.268153   slack (MET)


Startpoint: done_in (input port clocked by clk)
Endpoint: _106_ (rising edge-triggered flip-flop clocked by clk)
Path Group: clk
Path Type: max

Fanout         Cap        Slew       Delay        Time   Description
---------------------------------------------------------------------------------------------
                                  0.000000    0.000000   clock clk (rise edge)
                                  0.000000    0.000000   clock network delay (propagated)
                                  4.000000    4.000000 ^ input external delay
     1    0.003274    0.020481    0.002821    4.002821 ^ done_in (in)
                                                         done_in (net)
                      0.020481    0.000000    4.002821 ^ input2/A (sg13g2_buf_1)
     2    0.028982    0.124027    0.136678    4.139499 ^ input2/X (sg13g2_buf_1)
                                                         net2 (net)
                      0.124191    0.003856    4.143355 ^ fanout24/A (sg13g2_buf_1)
     5    0.040660    0.171026    0.214631    4.357985 ^ fanout24/X (sg13g2_buf_1)
                                                         net24 (net)
                      0.171029    0.000606    4.358592 ^ _070_/S (sg13g2_mux2_1)
     1    0.002459    0.033963    0.206575    4.565167 v _070_/X (sg13g2_mux2_1)
                                                         _028_ (net)
                      0.033963    0.000023    4.565190 v _106_/D (sg13g2_dfrbpq_1)
                                              4.565190   data arrival time

                                 20.000000   20.000000   clock clk (rise edge)
                                  0.000000   20.000000   clock source latency
     1    0.049876    0.064457    0.043762   20.043762 ^ clk (in)
                                                         clk (net)
                      0.066940    0.000000   20.043762 ^ clkbuf_0_clk/A (sg13g2_buf_16)
     4    0.080607    0.034407    0.089432   20.133196 ^ clkbuf_0_clk/X (sg13g2_buf_16)
                                                         clknet_0_clk (net)
                      0.034791    0.002519   20.135714 ^ clkbuf_2_3__f_clk/A (sg13g2_buf_16)
     6    0.022856    0.020339    0.064654   20.200369 ^ clkbuf_2_3__f_clk/X (sg13g2_buf_16)
                                                         clknet_2_3__leaf_clk (net)
                      0.020344    0.000609   20.200977 ^ _106_/CLK (sg13g2_dfrbpq_1)
                                 -0.250000   19.950979   clock uncertainty
                                  0.000000   19.950979   clock reconvergence pessimism
                                 -0.117567   19.833412   library setup time
                                             19.833412   data required time
---------------------------------------------------------------------------------------------
                                             19.833412   data required time
                                             -4.565190   data arrival time
---------------------------------------------------------------------------------------------
                                             15.268223   slack (MET)


Startpoint: done_in (input port clocked by clk)
Endpoint: _103_ (rising edge-triggered flip-flop clocked by clk)
Path Group: clk
Path Type: max

Fanout         Cap        Slew       Delay        Time   Description
---------------------------------------------------------------------------------------------
                                  0.000000    0.000000   clock clk (rise edge)
                                  0.000000    0.000000   clock network delay (propagated)
                                  4.000000    4.000000 ^ input external delay
     1    0.003274    0.020481    0.002821    4.002821 ^ done_in (in)
                                                         done_in (net)
                      0.020481    0.000000    4.002821 ^ input2/A (sg13g2_buf_1)
     2    0.028982    0.124027    0.136678    4.139499 ^ input2/X (sg13g2_buf_1)
                                                         net2 (net)
                      0.124191    0.003856    4.143355 ^ fanout24/A (sg13g2_buf_1)
     5    0.040660    0.171026    0.214631    4.357985 ^ fanout24/X (sg13g2_buf_1)
                                                         net24 (net)
                      0.171052    0.001804    4.359790 ^ _073_/S (sg13g2_mux2_1)
     1    0.002239    0.033622    0.205902    4.565692 v _073_/X (sg13g2_mux2_1)
                                                         _025_ (net)
                      0.033622    0.000017    4.565710 v _103_/D (sg13g2_dfrbpq_1)
                                              4.565710   data arrival time

                                 20.000000   20.000000   clock clk (rise edge)
                                  0.000000   20.000000   clock source latency
     1    0.049876    0.064457    0.043762   20.043762 ^ clk (in)
                                                         clk (net)
                      0.066940    0.000000   20.043762 ^ clkbuf_0_clk/A (sg13g2_buf_16)
     4    0.080607    0.034407    0.089432   20.133196 ^ clkbuf_0_clk/X (sg13g2_buf_16)
                                                         clknet_0_clk (net)
                      0.034694    0.002069   20.135265 ^ clkbuf_2_2__f_clk/A (sg13g2_buf_16)
     6    0.027798    0.021457    0.065500   20.200764 ^ clkbuf_2_2__f_clk/X (sg13g2_buf_16)
                                                         clknet_2_2__leaf_clk (net)
                      0.021460    0.000508   20.201273 ^ _103_/CLK (sg13g2_dfrbpq_1)
                                 -0.250000   19.951273   clock uncertainty
                                  0.000000   19.951273   clock reconvergence pessimism
                                 -0.117160   19.834114   library setup time
                                             19.834114   data required time
---------------------------------------------------------------------------------------------
                                             19.834114   data required time
                                             -4.565710   data arrival time
---------------------------------------------------------------------------------------------
                                             15.268404   slack (MET)


Startpoint: done_in (input port clocked by clk)
Endpoint: _107_ (rising edge-triggered flip-flop clocked by clk)
Path Group: clk
Path Type: max

Fanout         Cap        Slew       Delay        Time   Description
---------------------------------------------------------------------------------------------
                                  0.000000    0.000000   clock clk (rise edge)
                                  0.000000    0.000000   clock network delay (propagated)
                                  4.000000    4.000000 ^ input external delay
     1    0.003274    0.020481    0.002821    4.002821 ^ done_in (in)
                                                         done_in (net)
                      0.020481    0.000000    4.002821 ^ input2/A (sg13g2_buf_1)
     2    0.028982    0.124027    0.136678    4.139499 ^ input2/X (sg13g2_buf_1)
                                                         net2 (net)
                      0.124191    0.003856    4.143355 ^ fanout24/A (sg13g2_buf_1)
     5    0.040660    0.171026    0.214631    4.357985 ^ fanout24/X (sg13g2_buf_1)
                                                         net24 (net)
                      0.171028    0.000405    4.358391 ^ _069_/S (sg13g2_mux2_1)
     1    0.001887    0.032439    0.204810    4.563200 v _069_/X (sg13g2_mux2_1)
                                                         _029_ (net)
                      0.032439    0.000009    4.563210 v _107_/D (sg13g2_dfrbpq_1)
                                              4.563210   data arrival time

                                 20.000000   20.000000   clock clk (rise edge)
                                  0.000000   20.000000   clock source latency
     1    0.049876    0.064457    0.043762   20.043762 ^ clk (in)
                                                         clk (net)
                      0.066940    0.000000   20.043762 ^ clkbuf_0_clk/A (sg13g2_buf_16)
     4    0.080607    0.034407    0.089432   20.133196 ^ clkbuf_0_clk/X (sg13g2_buf_16)
                                                         clknet_0_clk (net)
                      0.034791    0.002519   20.135714 ^ clkbuf_2_3__f_clk/A (sg13g2_buf_16)
     6    0.022856    0.020339    0.064654   20.200369 ^ clkbuf_2_3__f_clk/X (sg13g2_buf_16)
                                                         clknet_2_3__leaf_clk (net)
                      0.020344    0.000611   20.200979 ^ _107_/CLK (sg13g2_dfrbpq_1)
                                 -0.250000   19.950979   clock uncertainty
                                  0.000000   19.950979   clock reconvergence pessimism
                                 -0.117018   19.833963   library setup time
                                             19.833963   data required time
---------------------------------------------------------------------------------------------
                                             19.833963   data required time
                                             -4.563210   data arrival time
---------------------------------------------------------------------------------------------
                                             15.270752   slack (MET)


Startpoint: reset (input port clocked by clk)
Endpoint: _115_ (recovery check against rising-edge clock clk)
Path Group: asynchronous
Path Type: max

Fanout         Cap        Slew       Delay        Time   Description
---------------------------------------------------------------------------------------------
                                  0.000000    0.000000   clock clk (rise edge)
                                  0.000000    0.000000   clock network delay (propagated)
                                  4.000000    4.000000 v input external delay
     1    0.004358    0.018155    0.003225    4.003225 v reset (in)
                                                         reset (net)
                      0.018155    0.000000    4.003225 v input3/A (sg13g2_buf_1)
     1    0.020717    0.072378    0.105191    4.108417 v input3/X (sg13g2_buf_1)
                                                         net3 (net)
                      0.072461    0.002132    4.110548 v fanout22/A (sg13g2_buf_1)
     4    0.026033    0.086876    0.144029    4.254577 v fanout22/X (sg13g2_buf_1)
                                                         net22 (net)
                      0.086876    0.000069    4.254646 v fanout21/A (sg13g2_buf_1)
     8    0.039346    0.126948    0.181688    4.436334 v fanout21/X (sg13g2_buf_1)
                                                         net21 (net)
                      0.126961    0.001431    4.437765 v _087_/A (sg13g2_inv_1)
     1    0.006881    0.053784    0.072482    4.510247 ^ _087_/Y (sg13g2_inv_1)
                                                         _013_ (net)
                      0.053784    0.000083    4.510329 ^ _115_/RESET_B (sg13g2_dfrbpq_1)
                                              4.510329   data arrival time

                                 20.000000   20.000000   clock clk (rise edge)
                                  0.000000   20.000000   clock source latency
     1    0.049876    0.064457    0.043762   20.043762 ^ clk (in)
                                                         clk (net)
                      0.066940    0.000000   20.043762 ^ clkbuf_0_clk/A (sg13g2_buf_16)
     4    0.080607    0.034407    0.089432   20.133196 ^ clkbuf_0_clk/X (sg13g2_buf_16)
                                                         clknet_0_clk (net)
                      0.034694    0.002069   20.135265 ^ clkbuf_2_2__f_clk/A (sg13g2_buf_16)
     6    0.027798    0.021457    0.065500   20.200764 ^ clkbuf_2_2__f_clk/X (sg13g2_buf_16)
                                                         clknet_2_2__leaf_clk (net)
                      0.021464    0.000766   20.201530 ^ _115_/CLK (sg13g2_dfrbpq_1)
                                 -0.250000   19.951530   clock uncertainty
                                  0.000000   19.951530   clock reconvergence pessimism
                                 -0.130327   19.821203   library recovery time
                                             19.821203   data required time
---------------------------------------------------------------------------------------------
                                             19.821203   data required time
                                             -4.510329   data arrival time
---------------------------------------------------------------------------------------------
                                             15.310875   slack (MET)


Startpoint: reset (input port clocked by clk)
Endpoint: _107_ (recovery check against rising-edge clock clk)
Path Group: asynchronous
Path Type: max

Fanout         Cap        Slew       Delay        Time   Description
---------------------------------------------------------------------------------------------
                                  0.000000    0.000000   clock clk (rise edge)
                                  0.000000    0.000000   clock network delay (propagated)
                                  4.000000    4.000000 v input external delay
     1    0.004358    0.018155    0.003225    4.003225 v reset (in)
                                                         reset (net)
                      0.018155    0.000000    4.003225 v input3/A (sg13g2_buf_1)
     1    0.020717    0.072378    0.105191    4.108417 v input3/X (sg13g2_buf_1)
                                                         net3 (net)
                      0.072461    0.002132    4.110548 v fanout22/A (sg13g2_buf_1)
     4    0.026033    0.086876    0.144029    4.254577 v fanout22/X (sg13g2_buf_1)
                                                         net22 (net)
                      0.086876    0.000069    4.254646 v fanout21/A (sg13g2_buf_1)
     8    0.039346    0.126948    0.181688    4.436334 v fanout21/X (sg13g2_buf_1)
                                                         net21 (net)
                      0.126948    0.000212    4.436546 v _079_/A (sg13g2_inv_1)
     1    0.006842    0.053632    0.072304    4.508850 ^ _079_/Y (sg13g2_inv_1)
                                                         _005_ (net)
                      0.053632    0.000074    4.508924 ^ _107_/RESET_B (sg13g2_dfrbpq_1)
                                              4.508924   data arrival time

                                 20.000000   20.000000   clock clk (rise edge)
                                  0.000000   20.000000   clock source latency
     1    0.049876    0.064457    0.043762   20.043762 ^ clk (in)
                                                         clk (net)
                      0.066940    0.000000   20.043762 ^ clkbuf_0_clk/A (sg13g2_buf_16)
     4    0.080607    0.034407    0.089432   20.133196 ^ clkbuf_0_clk/X (sg13g2_buf_16)
                                                         clknet_0_clk (net)
                      0.034791    0.002519   20.135714 ^ clkbuf_2_3__f_clk/A (sg13g2_buf_16)
     6    0.022856    0.020339    0.064654   20.200369 ^ clkbuf_2_3__f_clk/X (sg13g2_buf_16)
                                                         clknet_2_3__leaf_clk (net)
                      0.020344    0.000611   20.200979 ^ _107_/CLK (sg13g2_dfrbpq_1)
                                 -0.250000   19.950979   clock uncertainty
                                  0.000000   19.950979   clock reconvergence pessimism
                                 -0.130439   19.820541   library recovery time
                                             19.820541   data required time
---------------------------------------------------------------------------------------------
                                             19.820541   data required time
                                             -4.508924   data arrival time
---------------------------------------------------------------------------------------------
                                             15.311617   slack (MET)


Startpoint: reset (input port clocked by clk)
Endpoint: _105_ (recovery check against rising-edge clock clk)
Path Group: asynchronous
Path Type: max

Fanout         Cap        Slew       Delay        Time   Description
---------------------------------------------------------------------------------------------
                                  0.000000    0.000000   clock clk (rise edge)
                                  0.000000    0.000000   clock network delay (propagated)
                                  4.000000    4.000000 v input external delay
     1    0.004358    0.018155    0.003225    4.003225 v reset (in)
                                                         reset (net)
                      0.018155    0.000000    4.003225 v input3/A (sg13g2_buf_1)
     1    0.020717    0.072378    0.105191    4.108417 v input3/X (sg13g2_buf_1)
                                                         net3 (net)
                      0.072461    0.002132    4.110548 v fanout22/A (sg13g2_buf_1)
     4    0.026033    0.086876    0.144029    4.254577 v fanout22/X (sg13g2_buf_1)
                                                         net22 (net)
                      0.086876    0.000069    4.254646 v fanout21/A (sg13g2_buf_1)
     8    0.039346    0.126948    0.181688    4.436334 v fanout21/X (sg13g2_buf_1)
                                                         net21 (net)
                      0.126948    0.000116    4.436450 v _077_/A (sg13g2_inv_1)
     1    0.006740    0.053252    0.071843    4.508293 ^ _077_/Y (sg13g2_inv_1)
                                                         _003_ (net)
                      0.053252    0.000071    4.508364 ^ _105_/RESET_B (sg13g2_dfrbpq_1)
                                              4.508364   data arrival time

                                 20.000000   20.000000   clock clk (rise edge)
                                  0.000000   20.000000   clock source latency
     1    0.049876    0.064457    0.043762   20.043762 ^ clk (in)
                                                         clk (net)
                      0.066940    0.000000   20.043762 ^ clkbuf_0_clk/A (sg13g2_buf_16)
     4    0.080607    0.034407    0.089432   20.133196 ^ clkbuf_0_clk/X (sg13g2_buf_16)
                                                         clknet_0_clk (net)
                      0.034791    0.002519   20.135714 ^ clkbuf_2_3__f_clk/A (sg13g2_buf_16)
     6    0.022856    0.020339    0.064654   20.200369 ^ clkbuf_2_3__f_clk/X (sg13g2_buf_16)
                                                         clknet_2_3__leaf_clk (net)
                      0.020340    0.000297   20.200665 ^ _105_/CLK (sg13g2_dfrbpq_1)
                                 -0.250000   19.950666   clock uncertainty
                                  0.000000   19.950666   clock reconvergence pessimism
                                 -0.130321   19.820345   library recovery time
                                             19.820345   data required time
---------------------------------------------------------------------------------------------
                                             19.820345   data required time
                                             -4.508364   data arrival time
---------------------------------------------------------------------------------------------
                                             15.311981   slack (MET)


Startpoint: reset (input port clocked by clk)
Endpoint: _104_ (recovery check against rising-edge clock clk)
Path Group: asynchronous
Path Type: max

Fanout         Cap        Slew       Delay        Time   Description
---------------------------------------------------------------------------------------------
                                  0.000000    0.000000   clock clk (rise edge)
                                  0.000000    0.000000   clock network delay (propagated)
                                  4.000000    4.000000 v input external delay
     1    0.004358    0.018155    0.003225    4.003225 v reset (in)
                                                         reset (net)
                      0.018155    0.000000    4.003225 v input3/A (sg13g2_buf_1)
     1    0.020717    0.072378    0.105191    4.108417 v input3/X (sg13g2_buf_1)
                                                         net3 (net)
                      0.072461    0.002132    4.110548 v fanout22/A (sg13g2_buf_1)
     4    0.026033    0.086876    0.144029    4.254577 v fanout22/X (sg13g2_buf_1)
                                                         net22 (net)
                      0.086876    0.000069    4.254646 v fanout21/A (sg13g2_buf_1)
     8    0.039346    0.126948    0.181688    4.436334 v fanout21/X (sg13g2_buf_1)
                                                         net21 (net)
                      0.126950    0.000791    4.437125 v _076_/A (sg13g2_inv_1)
     1    0.006654    0.052932    0.071456    4.508580 ^ _076_/Y (sg13g2_inv_1)
                                                         _002_ (net)
                      0.052932    0.000066    4.508646 ^ _104_/RESET_B (sg13g2_dfrbpq_1)
                                              4.508646   data arrival time

                                 20.000000   20.000000   clock clk (rise edge)
                                  0.000000   20.000000   clock source latency
     1    0.049876    0.064457    0.043762   20.043762 ^ clk (in)
                                                         clk (net)
                      0.066940    0.000000   20.043762 ^ clkbuf_0_clk/A (sg13g2_buf_16)
     4    0.080607    0.034407    0.089432   20.133196 ^ clkbuf_0_clk/X (sg13g2_buf_16)
                                                         clknet_0_clk (net)
                      0.034694    0.002069   20.135265 ^ clkbuf_2_2__f_clk/A (sg13g2_buf_16)
     6    0.027798    0.021457    0.065500   20.200764 ^ clkbuf_2_2__f_clk/X (sg13g2_buf_16)
                                                         clknet_2_2__leaf_clk (net)
                      0.021457    0.000103   20.200867 ^ _104_/CLK (sg13g2_dfrbpq_1)
                                 -0.250000   19.950869   clock uncertainty
                                  0.000000   19.950869   clock reconvergence pessimism
                                 -0.130064   19.820805   library recovery time
                                             19.820805   data required time
---------------------------------------------------------------------------------------------
                                             19.820805   data required time
                                             -4.508646   data arrival time
---------------------------------------------------------------------------------------------
                                             15.312160   slack (MET)


Startpoint: reset (input port clocked by clk)
Endpoint: _116_ (recovery check against rising-edge clock clk)
Path Group: asynchronous
Path Type: max

Fanout         Cap        Slew       Delay        Time   Description
---------------------------------------------------------------------------------------------
                                  0.000000    0.000000   clock clk (rise edge)
                                  0.000000    0.000000   clock network delay (propagated)
                                  4.000000    4.000000 v input external delay
     1    0.004358    0.018155    0.003225    4.003225 v reset (in)
                                                         reset (net)
                      0.018155    0.000000    4.003225 v input3/A (sg13g2_buf_1)
     1    0.020717    0.072378    0.105191    4.108417 v input3/X (sg13g2_buf_1)
                                                         net3 (net)
                      0.072461    0.002132    4.110548 v fanout22/A (sg13g2_buf_1)
     4    0.026033    0.086876    0.144029    4.254577 v fanout22/X (sg13g2_buf_1)
                                                         net22 (net)
                      0.086876    0.000069    4.254646 v fanout21/A (sg13g2_buf_1)
     8    0.039346    0.126948    0.181688    4.436334 v fanout21/X (sg13g2_buf_1)
                                                         net21 (net)
                      0.126953    0.001037    4.437370 v _088_/A (sg13g2_inv_1)
     1    0.006457    0.052204    0.070567    4.507937 ^ _088_/Y (sg13g2_inv_1)
                                                         _014_ (net)
                      0.052204    0.000054    4.507991 ^ _116_/RESET_B (sg13g2_dfrbpq_1)
                                              4.507991   data arrival time

                                 20.000000   20.000000   clock clk (rise edge)
                                  0.000000   20.000000   clock source latency
     1    0.049876    0.064457    0.043762   20.043762 ^ clk (in)
                                                         clk (net)
                      0.066940    0.000000   20.043762 ^ clkbuf_0_clk/A (sg13g2_buf_16)
     4    0.080607    0.034407    0.089432   20.133196 ^ clkbuf_0_clk/X (sg13g2_buf_16)
                                                         clknet_0_clk (net)
                      0.034694    0.002069   20.135265 ^ clkbuf_2_2__f_clk/A (sg13g2_buf_16)
     6    0.027798    0.021457    0.065500   20.200764 ^ clkbuf_2_2__f_clk/X (sg13g2_buf_16)
                                                         clknet_2_2__leaf_clk (net)
                      0.021457    0.000160   20.200924 ^ _116_/CLK (sg13g2_dfrbpq_1)
                                 -0.250000   19.950926   clock uncertainty
                                  0.000000   19.950926   clock reconvergence pessimism
                                 -0.129838   19.821087   library recovery time
                                             19.821087   data required time
---------------------------------------------------------------------------------------------
                                             19.821087   data required time
                                             -4.507991   data arrival time
---------------------------------------------------------------------------------------------
                                             15.313097   slack (MET)


Startpoint: reset (input port clocked by clk)
Endpoint: _106_ (recovery check against rising-edge clock clk)
Path Group: asynchronous
Path Type: max

Fanout         Cap        Slew       Delay        Time   Description
---------------------------------------------------------------------------------------------
                                  0.000000    0.000000   clock clk (rise edge)
                                  0.000000    0.000000   clock network delay (propagated)
                                  4.000000    4.000000 v input external delay
     1    0.004358    0.018155    0.003225    4.003225 v reset (in)
                                                         reset (net)
                      0.018155    0.000000    4.003225 v input3/A (sg13g2_buf_1)
     1    0.020717    0.072378    0.105191    4.108417 v input3/X (sg13g2_buf_1)
                                                         net3 (net)
                      0.072461    0.002132    4.110548 v fanout22/A (sg13g2_buf_1)
     4    0.026033    0.086876    0.144029    4.254577 v fanout22/X (sg13g2_buf_1)
                                                         net22 (net)
                      0.086876    0.000069    4.254646 v fanout21/A (sg13g2_buf_1)
     8    0.039346    0.126948    0.181688    4.436334 v fanout21/X (sg13g2_buf_1)
                                                         net21 (net)
                      0.126948    0.000216    4.436550 v _078_/A (sg13g2_inv_1)
     1    0.006577    0.052644    0.071105    4.507655 ^ _078_/Y (sg13g2_inv_1)
                                                         _004_ (net)
                      0.052644    0.000061    4.507716 ^ _106_/RESET_B (sg13g2_dfrbpq_1)
                                              4.507716   data arrival time

                                 20.000000   20.000000   clock clk (rise edge)
                                  0.000000   20.000000   clock source latency
     1    0.049876    0.064457    0.043762   20.043762 ^ clk (in)
                                                         clk (net)
                      0.066940    0.000000   20.043762 ^ clkbuf_0_clk/A (sg13g2_buf_16)
     4    0.080607    0.034407    0.089432   20.133196 ^ clkbuf_0_clk/X (sg13g2_buf_16)
                                                         clknet_0_clk (net)
                      0.034791    0.002519   20.135714 ^ clkbuf_2_3__f_clk/A (sg13g2_buf_16)
     6    0.022856    0.020339    0.064654   20.200369 ^ clkbuf_2_3__f_clk/X (sg13g2_buf_16)
                                                         clknet_2_3__leaf_clk (net)
                      0.020344    0.000609   20.200977 ^ _106_/CLK (sg13g2_dfrbpq_1)
                                 -0.250000   19.950979   clock uncertainty
                                  0.000000   19.950979   clock reconvergence pessimism
                                 -0.130132   19.820847   library recovery time
                                             19.820847   data required time
---------------------------------------------------------------------------------------------
                                             19.820847   data required time
                                             -4.507716   data arrival time
---------------------------------------------------------------------------------------------
                                             15.313130   slack (MET)


Startpoint: reset (input port clocked by clk)
Endpoint: _117_ (recovery check against rising-edge clock clk)
Path Group: asynchronous
Path Type: max

Fanout         Cap        Slew       Delay        Time   Description
---------------------------------------------------------------------------------------------
                                  0.000000    0.000000   clock clk (rise edge)
                                  0.000000    0.000000   clock network delay (propagated)
                                  4.000000    4.000000 v input external delay
     1    0.004358    0.018155    0.003225    4.003225 v reset (in)
                                                         reset (net)
                      0.018155    0.000000    4.003225 v input3/A (sg13g2_buf_1)
     1    0.020717    0.072378    0.105191    4.108417 v input3/X (sg13g2_buf_1)
                                                         net3 (net)
                      0.072461    0.002132    4.110548 v fanout22/A (sg13g2_buf_1)
     4    0.026033    0.086876    0.144029    4.254577 v fanout22/X (sg13g2_buf_1)
                                                         net22 (net)
                      0.086876    0.000069    4.254646 v fanout21/A (sg13g2_buf_1)
     8    0.039346    0.126948    0.181688    4.436334 v fanout21/X (sg13g2_buf_1)
                                                         net21 (net)
                      0.126948    0.000538    4.436872 v _089_/A (sg13g2_inv_1)
     1    0.006414    0.052045    0.070372    4.507244 ^ _089_/Y (sg13g2_inv_1)
                                                         _015_ (net)
                      0.052045    0.000051    4.507295 ^ _117_/RESET_B (sg13g2_dfrbpq_1)
                                              4.507295   data arrival time

                                 20.000000   20.000000   clock clk (rise edge)
                                  0.000000   20.000000   clock source latency
     1    0.049876    0.064457    0.043762   20.043762 ^ clk (in)
                                                         clk (net)
                      0.066940    0.000000   20.043762 ^ clkbuf_0_clk/A (sg13g2_buf_16)
     4    0.080607    0.034407    0.089432   20.133196 ^ clkbuf_0_clk/X (sg13g2_buf_16)
                                                         clknet_0_clk (net)
                      0.034791    0.002519   20.135714 ^ clkbuf_2_3__f_clk/A (sg13g2_buf_16)
     6    0.022856    0.020339    0.064654   20.200369 ^ clkbuf_2_3__f_clk/X (sg13g2_buf_16)
                                                         clknet_2_3__leaf_clk (net)
                      0.020339    0.000060   20.200428 ^ _117_/CLK (sg13g2_dfrbpq_1)
                                 -0.250000   19.950430   clock uncertainty
                                  0.000000   19.950430   clock reconvergence pessimism
                                 -0.129947   19.820482   library recovery time
                                             19.820482   data required time
---------------------------------------------------------------------------------------------
                                             19.820482   data required time
                                             -4.507295   data arrival time
---------------------------------------------------------------------------------------------
                                             15.313188   slack (MET)


Startpoint: reset (input port clocked by clk)
Endpoint: _103_ (recovery check against rising-edge clock clk)
Path Group: asynchronous
Path Type: max

Fanout         Cap        Slew       Delay        Time   Description
---------------------------------------------------------------------------------------------
                                  0.000000    0.000000   clock clk (rise edge)
                                  0.000000    0.000000   clock network delay (propagated)
                                  4.000000    4.000000 v input external delay
     1    0.004358    0.018155    0.003225    4.003225 v reset (in)
                                                         reset (net)
                      0.018155    0.000000    4.003225 v input3/A (sg13g2_buf_1)
     1    0.020717    0.072378    0.105191    4.108417 v input3/X (sg13g2_buf_1)
                                                         net3 (net)
                      0.072461    0.002132    4.110548 v fanout22/A (sg13g2_buf_1)
     4    0.026033    0.086876    0.144029    4.254577 v fanout22/X (sg13g2_buf_1)
                                                         net22 (net)
                      0.086876    0.000069    4.254646 v fanout21/A (sg13g2_buf_1)
     8    0.039346    0.126948    0.181688    4.436334 v fanout21/X (sg13g2_buf_1)
                                                         net21 (net)
                      0.126959    0.001305    4.437639 v _075_/A (sg13g2_inv_1)
     1    0.006283    0.051568    0.069785    4.507423 ^ _075_/Y (sg13g2_inv_1)
                                                         _001_ (net)
                      0.051568    0.000041    4.507464 ^ _103_/RESET_B (sg13g2_dfrbpq_1)
                                              4.507464   data arrival time

                                 20.000000   20.000000   clock clk (rise edge)
                                  0.000000   20.000000   clock source latency
     1    0.049876    0.064457    0.043762   20.043762 ^ clk (in)
                                                         clk (net)
                      0.066940    0.000000   20.043762 ^ clkbuf_0_clk/A (sg13g2_buf_16)
     4    0.080607    0.034407    0.089432   20.133196 ^ clkbuf_0_clk/X (sg13g2_buf_16)
                                                         clknet_0_clk (net)
                      0.034694    0.002069   20.135265 ^ clkbuf_2_2__f_clk/A (sg13g2_buf_16)
     6    0.027798    0.021457    0.065500   20.200764 ^ clkbuf_2_2__f_clk/X (sg13g2_buf_16)
                                                         clknet_2_2__leaf_clk (net)
                      0.021460    0.000508   20.201273 ^ _103_/CLK (sg13g2_dfrbpq_1)
                                 -0.250000   19.951273   clock uncertainty
                                  0.000000   19.951273   clock reconvergence pessimism
                                 -0.129640   19.821632   library recovery time
                                             19.821632   data required time
---------------------------------------------------------------------------------------------
                                             19.821632   data required time
                                             -4.507464   data arrival time
---------------------------------------------------------------------------------------------
                                             15.314168   slack (MET)


Startpoint: reset (input port clocked by clk)
Endpoint: _100_ (recovery check against rising-edge clock clk)
Path Group: asynchronous
Path Type: max

Fanout         Cap        Slew       Delay        Time   Description
---------------------------------------------------------------------------------------------
                                  0.000000    0.000000   clock clk (rise edge)
                                  0.000000    0.000000   clock network delay (propagated)
                                  4.000000    4.000000 v input external delay
     1    0.004358    0.018155    0.003225    4.003225 v reset (in)
                                                         reset (net)
                      0.018155    0.000000    4.003225 v input3/A (sg13g2_buf_1)
     1    0.020717    0.072378    0.105191    4.108417 v input3/X (sg13g2_buf_1)
                                                         net3 (net)
                      0.072461    0.002132    4.110548 v fanout22/A (sg13g2_buf_1)
     4    0.026033    0.086876    0.144029    4.254577 v fanout22/X (sg13g2_buf_1)
                                                         net22 (net)
                      0.086928    0.000956    4.255532 v fanout20/A (sg13g2_buf_1)
     7    0.031225    0.102713    0.162478    4.418011 v fanout20/X (sg13g2_buf_1)
                                                         net20 (net)
                      0.102728    0.001327    4.419338 v _096_/A (sg13g2_inv_1)
     1    0.007000    0.050294    0.067738    4.487076 ^ _096_/Y (sg13g2_inv_1)
                                                         _022_ (net)
                      0.050294    0.000087    4.487163 ^ _100_/RESET_B (sg13g2_dfrbpq_1)
                                              4.487163   data arrival time

                                 20.000000   20.000000   clock clk (rise edge)
                                  0.000000   20.000000   clock source latency
     1    0.049876    0.064457    0.043762   20.043762 ^ clk (in)
                                                         clk (net)
                      0.066940    0.000000   20.043762 ^ clkbuf_0_clk/A (sg13g2_buf_16)
     4    0.080607    0.034407    0.089432   20.133196 ^ clkbuf_0_clk/X (sg13g2_buf_16)
                                                         clknet_0_clk (net)
                      0.034864    0.002824   20.136019 ^ clkbuf_2_1__f_clk/A (sg13g2_buf_16)
     6    0.025413    0.020925    0.065183   20.201202 ^ clkbuf_2_1__f_clk/X (sg13g2_buf_16)
                                                         clknet_2_1__leaf_clk (net)
                      0.020926    0.000192   20.201395 ^ _100_/CLK (sg13g2_dfrbpq_1)
                                 -0.250000   19.951395   clock uncertainty
                                  0.000000   19.951395   clock reconvergence pessimism
                                 -0.129321   19.822075   library recovery time
                                             19.822075   data required time
---------------------------------------------------------------------------------------------
                                             19.822075   data required time
                                             -4.487163   data arrival time
---------------------------------------------------------------------------------------------
                                             15.334912   slack (MET)


Startpoint: reset (input port clocked by clk)
Endpoint: _101_ (recovery check against rising-edge clock clk)
Path Group: asynchronous
Path Type: max

Fanout         Cap        Slew       Delay        Time   Description
---------------------------------------------------------------------------------------------
                                  0.000000    0.000000   clock clk (rise edge)
                                  0.000000    0.000000   clock network delay (propagated)
                                  4.000000    4.000000 v input external delay
     1    0.004358    0.018155    0.003225    4.003225 v reset (in)
                                                         reset (net)
                      0.018155    0.000000    4.003225 v input3/A (sg13g2_buf_1)
     1    0.020717    0.072378    0.105191    4.108417 v input3/X (sg13g2_buf_1)
                                                         net3 (net)
                      0.072461    0.002132    4.110548 v fanout22/A (sg13g2_buf_1)
     4    0.026033    0.086876    0.144029    4.254577 v fanout22/X (sg13g2_buf_1)
                                                         net22 (net)
                      0.086928    0.000956    4.255532 v fanout20/A (sg13g2_buf_1)
     7    0.031225    0.102713    0.162478    4.418011 v fanout20/X (sg13g2_buf_1)
                                                         net20 (net)
                      0.102723    0.001114    4.419124 v _097_/A (sg13g2_inv_1)
     1    0.006749    0.049381    0.066692    4.485816 ^ _097_/Y (sg13g2_inv_1)
                                                         _023_ (net)
                      0.049381    0.000071    4.485888 ^ _101_/RESET_B (sg13g2_dfrbpq_1)
                                              4.485888   data arrival time

                                 20.000000   20.000000   clock clk (rise edge)
                                  0.000000   20.000000   clock source latency
     1    0.049876    0.064457    0.043762   20.043762 ^ clk (in)
                                                         clk (net)
                      0.066940    0.000000   20.043762 ^ clkbuf_0_clk/A (sg13g2_buf_16)
     4    0.080607    0.034407    0.089432   20.133196 ^ clkbuf_0_clk/X (sg13g2_buf_16)
                                                         clknet_0_clk (net)
                      0.034864    0.002824   20.136019 ^ clkbuf_2_1__f_clk/A (sg13g2_buf_16)
     6    0.025413    0.020925    0.065183   20.201202 ^ clkbuf_2_1__f_clk/X (sg13g2_buf_16)
                                                         clknet_2_1__leaf_clk (net)
                      0.020925    0.000153   20.201355 ^ _101_/CLK (sg13g2_dfrbpq_1)
                                 -0.250000   19.951357   clock uncertainty
                                  0.000000   19.951357   clock reconvergence pessimism
                                 -0.129038   19.822319   library recovery time
                                             19.822319   data required time
---------------------------------------------------------------------------------------------
                                             19.822319   data required time
                                             -4.485888   data arrival time
---------------------------------------------------------------------------------------------
                                             15.336432   slack (MET)


Startpoint: reset (input port clocked by clk)
Endpoint: _102_ (recovery check against rising-edge clock clk)
Path Group: asynchronous
Path Type: max

Fanout         Cap        Slew       Delay        Time   Description
---------------------------------------------------------------------------------------------
                                  0.000000    0.000000   clock clk (rise edge)
                                  0.000000    0.000000   clock network delay (propagated)
                                  4.000000    4.000000 v input external delay
     1    0.004358    0.018155    0.003225    4.003225 v reset (in)
                                                         reset (net)
                      0.018155    0.000000    4.003225 v input3/A (sg13g2_buf_1)
     1    0.020717    0.072378    0.105191    4.108417 v input3/X (sg13g2_buf_1)
                                                         net3 (net)
                      0.072461    0.002132    4.110548 v fanout22/A (sg13g2_buf_1)
     4    0.026033    0.086876    0.144029    4.254577 v fanout22/X (sg13g2_buf_1)
                                                         net22 (net)
                      0.086928    0.000956    4.255532 v fanout20/A (sg13g2_buf_1)
     7    0.031225    0.102713    0.162478    4.418011 v fanout20/X (sg13g2_buf_1)
                                                         net20 (net)
                      0.102713    0.000213    4.418223 v _049_/A (sg13g2_inv_1)
     1    0.006749    0.049379    0.066690    4.484913 ^ _049_/Y (sg13g2_inv_1)
                                                         _000_ (net)
                      0.049379    0.000071    4.484984 ^ _102_/RESET_B (sg13g2_dfrbpq_1)
                                              4.484984   data arrival time

                                 20.000000   20.000000   clock clk (rise edge)
                                  0.000000   20.000000   clock source latency
     1    0.049876    0.064457    0.043762   20.043762 ^ clk (in)
                                                         clk (net)
                      0.066940    0.000000   20.043762 ^ clkbuf_0_clk/A (sg13g2_buf_16)
     4    0.080607    0.034407    0.089432   20.133196 ^ clkbuf_0_clk/X (sg13g2_buf_16)
                                                         clknet_0_clk (net)
                      0.034694    0.002069   20.135265 ^ clkbuf_2_2__f_clk/A (sg13g2_buf_16)
     6    0.027798    0.021457    0.065500   20.200764 ^ clkbuf_2_2__f_clk/X (sg13g2_buf_16)
                                                         clknet_2_2__leaf_clk (net)
                      0.021466    0.000890   20.201654 ^ _102_/CLK (sg13g2_dfrbpq_1)
                                 -0.250000   19.951654   clock uncertainty
                                  0.000000   19.951654   clock reconvergence pessimism
                                 -0.128960   19.822695   library recovery time
                                             19.822695   data required time
---------------------------------------------------------------------------------------------
                                             19.822695   data required time
                                             -4.484984   data arrival time
---------------------------------------------------------------------------------------------
                                             15.337710   slack (MET)


Startpoint: reset (input port clocked by clk)
Endpoint: _108_ (recovery check against rising-edge clock clk)
Path Group: asynchronous
Path Type: max

Fanout         Cap        Slew       Delay        Time   Description
---------------------------------------------------------------------------------------------
                                  0.000000    0.000000   clock clk (rise edge)
                                  0.000000    0.000000   clock network delay (propagated)
                                  4.000000    4.000000 v input external delay
     1    0.004358    0.018155    0.003225    4.003225 v reset (in)
                                                         reset (net)
                      0.018155    0.000000    4.003225 v input3/A (sg13g2_buf_1)
     1    0.020717    0.072378    0.105191    4.108417 v input3/X (sg13g2_buf_1)
                                                         net3 (net)
                      0.072461    0.002132    4.110548 v fanout22/A (sg13g2_buf_1)
     4    0.026033    0.086876    0.144029    4.254577 v fanout22/X (sg13g2_buf_1)
                                                         net22 (net)
                      0.086928    0.000956    4.255532 v fanout20/A (sg13g2_buf_1)
     7    0.031225    0.102713    0.162478    4.418011 v fanout20/X (sg13g2_buf_1)
                                                         net20 (net)
                      0.102720    0.000999    4.419010 v _080_/A (sg13g2_inv_1)
     1    0.006457    0.048336    0.065479    4.484488 ^ _080_/Y (sg13g2_inv_1)
                                                         _006_ (net)
                      0.048336    0.000054    4.484542 ^ _108_/RESET_B (sg13g2_dfrbpq_1)
                                              4.484542   data arrival time

                                 20.000000   20.000000   clock clk (rise edge)
                                  0.000000   20.000000   clock source latency
     1    0.049876    0.064457    0.043762   20.043762 ^ clk (in)
                                                         clk (net)
                      0.066940    0.000000   20.043762 ^ clkbuf_0_clk/A (sg13g2_buf_16)
     4    0.080607    0.034407    0.089432   20.133196 ^ clkbuf_0_clk/X (sg13g2_buf_16)
                                                         clknet_0_clk (net)
                      0.034924    0.003059   20.136253 ^ clkbuf_2_0__f_clk/A (sg13g2_buf_16)
     6    0.026689    0.021216    0.065452   20.201706 ^ clkbuf_2_0__f_clk/X (sg13g2_buf_16)
                                                         clknet_2_0__leaf_clk (net)
                      0.021217    0.000218   20.201923 ^ _108_/CLK (sg13g2_dfrbpq_1)
                                 -0.250000   19.951925   clock uncertainty
                                  0.000000   19.951925   clock reconvergence pessimism
                                 -0.128672   19.823254   library recovery time
                                             19.823254   data required time
---------------------------------------------------------------------------------------------
                                             19.823254   data required time
                                             -4.484542   data arrival time
---------------------------------------------------------------------------------------------
                                             15.338710   slack (MET)


Startpoint: reset (input port clocked by clk)
Endpoint: _113_ (recovery check against rising-edge clock clk)
Path Group: asynchronous
Path Type: max

Fanout         Cap        Slew       Delay        Time   Description
---------------------------------------------------------------------------------------------
                                  0.000000    0.000000   clock clk (rise edge)
                                  0.000000    0.000000   clock network delay (propagated)
                                  4.000000    4.000000 v input external delay
     1    0.004358    0.018155    0.003225    4.003225 v reset (in)
                                                         reset (net)
                      0.018155    0.000000    4.003225 v input3/A (sg13g2_buf_1)
     1    0.020717    0.072378    0.105191    4.108417 v input3/X (sg13g2_buf_1)
                                                         net3 (net)
                      0.072461    0.002132    4.110548 v fanout22/A (sg13g2_buf_1)
     4    0.026033    0.086876    0.144029    4.254577 v fanout22/X (sg13g2_buf_1)
                                                         net22 (net)
                      0.086928    0.000956    4.255532 v fanout20/A (sg13g2_buf_1)
     7    0.031225    0.102713    0.162478    4.418011 v fanout20/X (sg13g2_buf_1)
                                                         net20 (net)
                      0.102726    0.001247    4.419257 v _085_/A (sg13g2_inv_1)
     1    0.006283    0.047720    0.064758    4.484015 ^ _085_/Y (sg13g2_inv_1)
                                                         _011_ (net)
                      0.047720    0.000041    4.484056 ^ _113_/RESET_B (sg13g2_dfrbpq_1)
                                              4.484056   data arrival time

                                 20.000000   20.000000   clock clk (rise edge)
                                  0.000000   20.000000   clock source latency
     1    0.049876    0.064457    0.043762   20.043762 ^ clk (in)
                                                         clk (net)
                      0.066940    0.000000   20.043762 ^ clkbuf_0_clk/A (sg13g2_buf_16)
     4    0.080607    0.034407    0.089432   20.133196 ^ clkbuf_0_clk/X (sg13g2_buf_16)
                                                         clknet_0_clk (net)
                      0.034864    0.002824   20.136019 ^ clkbuf_2_1__f_clk/A (sg13g2_buf_16)
     6    0.025413    0.020925    0.065183   20.201202 ^ clkbuf_2_1__f_clk/X (sg13g2_buf_16)
                                                         clknet_2_1__leaf_clk (net)
                      0.020925    0.000128   20.201330 ^ _113_/CLK (sg13g2_dfrbpq_1)
                                 -0.250000   19.951332   clock uncertainty
                                  0.000000   19.951332   clock reconvergence pessimism
                                 -0.128522   19.822809   library recovery time
                                             19.822809   data required time
---------------------------------------------------------------------------------------------
                                             19.822809   data required time
                                             -4.484056   data arrival time
---------------------------------------------------------------------------------------------
                                             15.338753   slack (MET)


Startpoint: reset (input port clocked by clk)
Endpoint: _114_ (recovery check against rising-edge clock clk)
Path Group: asynchronous
Path Type: max

Fanout         Cap        Slew       Delay        Time   Description
---------------------------------------------------------------------------------------------
                                  0.000000    0.000000   clock clk (rise edge)
                                  0.000000    0.000000   clock network delay (propagated)
                                  4.000000    4.000000 v input external delay
     1    0.004358    0.018155    0.003225    4.003225 v reset (in)
                                                         reset (net)
                      0.018155    0.000000    4.003225 v input3/A (sg13g2_buf_1)
     1    0.020717    0.072378    0.105191    4.108417 v input3/X (sg13g2_buf_1)
                                                         net3 (net)
                      0.072461    0.002132    4.110548 v fanout22/A (sg13g2_buf_1)
     4    0.026033    0.086876    0.144029    4.254577 v fanout22/X (sg13g2_buf_1)
                                                         net22 (net)
                      0.086928    0.000956    4.255532 v fanout20/A (sg13g2_buf_1)
     7    0.031225    0.102713    0.162478    4.418011 v fanout20/X (sg13g2_buf_1)
                                                         net20 (net)
                      0.102716    0.000745    4.418755 v _086_/A (sg13g2_inv_1)
     1    0.006414    0.048182    0.065299    4.484054 ^ _086_/Y (sg13g2_inv_1)
                                                         _012_ (net)
                      0.048182    0.000051    4.484105 ^ _114_/RESET_B (sg13g2_dfrbpq_1)
                                              4.484105   data arrival time

                                 20.000000   20.000000   clock clk (rise edge)
                                  0.000000   20.000000   clock source latency
     1    0.049876    0.064457    0.043762   20.043762 ^ clk (in)
                                                         clk (net)
                      0.066940    0.000000   20.043762 ^ clkbuf_0_clk/A (sg13g2_buf_16)
     4    0.080607    0.034407    0.089432   20.133196 ^ clkbuf_0_clk/X (sg13g2_buf_16)
                                                         clknet_0_clk (net)
                      0.034694    0.002069   20.135265 ^ clkbuf_2_2__f_clk/A (sg13g2_buf_16)
     6    0.027798    0.021457    0.065500   20.200764 ^ clkbuf_2_2__f_clk/X (sg13g2_buf_16)
                                                         clknet_2_2__leaf_clk (net)
                      0.021468    0.000943   20.201708 ^ _114_/CLK (sg13g2_dfrbpq_1)
                                 -0.250000   19.951708   clock uncertainty
                                  0.000000   19.951708   clock reconvergence pessimism
                                 -0.128589   19.823120   library recovery time
                                             19.823120   data required time
---------------------------------------------------------------------------------------------
                                             19.823120   data required time
                                             -4.484105   data arrival time
---------------------------------------------------------------------------------------------
                                             15.339014   slack (MET)


Startpoint: reset (input port clocked by clk)
Endpoint: _118_ (recovery check against rising-edge clock clk)
Path Group: asynchronous
Path Type: max

Fanout         Cap        Slew       Delay        Time   Description
---------------------------------------------------------------------------------------------
                                  0.000000    0.000000   clock clk (rise edge)
                                  0.000000    0.000000   clock network delay (propagated)
                                  4.000000    4.000000 v input external delay
     1    0.004358    0.018155    0.003225    4.003225 v reset (in)
                                                         reset (net)
                      0.018155    0.000000    4.003225 v input3/A (sg13g2_buf_1)
     1    0.020717    0.072378    0.105191    4.108417 v input3/X (sg13g2_buf_1)
                                                         net3 (net)
                      0.072461    0.002132    4.110548 v fanout22/A (sg13g2_buf_1)
     4    0.026033    0.086876    0.144029    4.254577 v fanout22/X (sg13g2_buf_1)
                                                         net22 (net)
                      0.086876    0.000138    4.254714 v _090_/A (sg13g2_inv_1)
     1    0.006491    0.045682    0.061063    4.315777 ^ _090_/Y (sg13g2_inv_1)
                                                         _016_ (net)
                      0.045682    0.000056    4.315833 ^ _118_/RESET_B (sg13g2_dfrbpq_1)
                                              4.315833   data arrival time

                                 20.000000   20.000000   clock clk (rise edge)
                                  0.000000   20.000000   clock source latency
     1    0.049876    0.064457    0.043762   20.043762 ^ clk (in)
                                                         clk (net)
                      0.066940    0.000000   20.043762 ^ clkbuf_0_clk/A (sg13g2_buf_16)
     4    0.080607    0.034407    0.089432   20.133196 ^ clkbuf_0_clk/X (sg13g2_buf_16)
                                                         clknet_0_clk (net)
                      0.034791    0.002519   20.135714 ^ clkbuf_2_3__f_clk/A (sg13g2_buf_16)
     6    0.022856    0.020339    0.064654   20.200369 ^ clkbuf_2_3__f_clk/X (sg13g2_buf_16)
                                                         clknet_2_3__leaf_clk (net)
                      0.020341    0.000407   20.200775 ^ _118_/CLK (sg13g2_dfrbpq_1)
                                 -0.250000   19.950775   clock uncertainty
                                  0.000000   19.950775   clock reconvergence pessimism
                                 -0.127972   19.822803   library recovery time
                                             19.822803   data required time
---------------------------------------------------------------------------------------------
                                             19.822803   data required time
                                             -4.315833   data arrival time
---------------------------------------------------------------------------------------------
                                             15.506970   slack (MET)


Startpoint: reset (input port clocked by clk)
Endpoint: _119_ (recovery check against rising-edge clock clk)
Path Group: asynchronous
Path Type: max

Fanout         Cap        Slew       Delay        Time   Description
---------------------------------------------------------------------------------------------
                                  0.000000    0.000000   clock clk (rise edge)
                                  0.000000    0.000000   clock network delay (propagated)
                                  4.000000    4.000000 v input external delay
     1    0.004358    0.018155    0.003225    4.003225 v reset (in)
                                                         reset (net)
                      0.018155    0.000000    4.003225 v input3/A (sg13g2_buf_1)
     1    0.020717    0.072378    0.105191    4.108417 v input3/X (sg13g2_buf_1)
                                                         net3 (net)
                      0.072461    0.002132    4.110548 v fanout22/A (sg13g2_buf_1)
     4    0.026033    0.086876    0.144029    4.254577 v fanout22/X (sg13g2_buf_1)
                                                         net22 (net)
                      0.086876    0.000184    4.254761 v _091_/A (sg13g2_inv_1)
     1    0.006491    0.045682    0.061063    4.315824 ^ _091_/Y (sg13g2_inv_1)
                                                         _017_ (net)
                      0.045682    0.000056    4.315880 ^ _119_/RESET_B (sg13g2_dfrbpq_1)
                                              4.315880   data arrival time

                                 20.000000   20.000000   clock clk (rise edge)
                                  0.000000   20.000000   clock source latency
     1    0.049876    0.064457    0.043762   20.043762 ^ clk (in)
                                                         clk (net)
                      0.066940    0.000000   20.043762 ^ clkbuf_0_clk/A (sg13g2_buf_16)
     4    0.080607    0.034407    0.089432   20.133196 ^ clkbuf_0_clk/X (sg13g2_buf_16)
                                                         clknet_0_clk (net)
                      0.034791    0.002519   20.135714 ^ clkbuf_2_3__f_clk/A (sg13g2_buf_16)
     6    0.022856    0.020339    0.064654   20.200369 ^ clkbuf_2_3__f_clk/X (sg13g2_buf_16)
                                                         clknet_2_3__leaf_clk (net)
                      0.020343    0.000544   20.200912 ^ _119_/CLK (sg13g2_dfrbpq_1)
                                 -0.250000   19.950912   clock uncertainty
                                  0.000000   19.950912   clock reconvergence pessimism
                                 -0.127972   19.822941   library recovery time
                                             19.822941   data required time
---------------------------------------------------------------------------------------------
                                             19.822941   data required time
                                             -4.315880   data arrival time
---------------------------------------------------------------------------------------------
                                             15.507061   slack (MET)



