
===========================================================================
report_checks -path_delay min (Hold)
============================================================================
======================= nom_typ_1p20V_25C Corner ===================================

Startpoint: _101_ (rising edge-triggered flip-flop clocked by clk)
Endpoint: _101_ (rising edge-triggered flip-flop clocked by clk)
Path Group: clk
Path Type: min

Fanout         Cap        Slew       Delay        Time   Description
---------------------------------------------------------------------------------------------
                                  0.000000    0.000000   clock clk (rise edge)
                                  0.000000    0.000000   clock source latency
     1    0.049876    0.064457    0.043762    0.043762 ^ clk (in)
                                                         clk (net)
                      0.066940    0.000000    0.043762 ^ clkbuf_0_clk/A (sg13g2_buf_16)
     4    0.080607    0.034407    0.089433    0.133195 ^ clkbuf_0_clk/X (sg13g2_buf_16)
                                                         clknet_0_clk (net)
                      0.034864    0.002823    0.136019 ^ clkbuf_2_1__f_clk/A (sg13g2_buf_16)
     6    0.025413    0.020925    0.065184    0.201203 ^ clkbuf_2_1__f_clk/X (sg13g2_buf_16)
                                                         clknet_2_1__leaf_clk (net)
                      0.020925    0.000153    0.201356 ^ _101_/CLK (sg13g2_dfrbpq_1)
     2    0.005866    0.027468    0.158861    0.360216 v _101_/Q (sg13g2_dfrbpq_1)
                                                         net12 (net)
                      0.027468    0.000067    0.360283 v _050_/A0 (sg13g2_mux2_1)
     1    0.001957    0.026676    0.098764    0.459047 v _050_/X (sg13g2_mux2_1)
                                                         _047_ (net)
                      0.026676    0.000014    0.459062 v _101_/D (sg13g2_dfrbpq_1)
                                              0.459062   data arrival time

                                  0.000000    0.000000   clock clk (rise edge)
                                  0.000000    0.000000   clock source latency
     1    0.052549    0.067257    0.050880    0.050880 ^ clk (in)
                                                         clk (net)
                      0.070027    0.000000    0.050880 ^ clkbuf_0_clk/A (sg13g2_buf_16)
     4    0.091299    0.037008    0.102396    0.153276 ^ clkbuf_0_clk/X (sg13g2_buf_16)
                                                         clknet_0_clk (net)
                      0.037555    0.003559    0.156835 ^ clkbuf_2_1__f_clk/A (sg13g2_buf_16)
     6    0.028098    0.021658    0.073960    0.230795 ^ clkbuf_2_1__f_clk/X (sg13g2_buf_16)
                                                         clknet_2_1__leaf_clk (net)
                      0.021658    0.000189    0.230984 ^ _101_/CLK (sg13g2_dfrbpq_1)
                                  0.250000    0.480984   clock uncertainty
                                 -0.029628    0.451356   clock reconvergence pessimism
                                 -0.036154    0.415202   library hold time
                                              0.415202   data required time
---------------------------------------------------------------------------------------------
                                              0.415202   data required time
                                             -0.459062   data arrival time
---------------------------------------------------------------------------------------------
                                              0.043860   slack (MET)


Startpoint: _104_ (rising edge-triggered flip-flop clocked by clk)
Endpoint: _104_ (rising edge-triggered flip-flop clocked by clk)
Path Group: clk
Path Type: min

Fanout         Cap        Slew       Delay        Time   Description
---------------------------------------------------------------------------------------------
                                  0.000000    0.000000   clock clk (rise edge)
                                  0.000000    0.000000   clock source latency
     1    0.049876    0.064457    0.043762    0.043762 ^ clk (in)
                                                         clk (net)
                      0.066940    0.000000    0.043762 ^ clkbuf_0_clk/A (sg13g2_buf_16)
     4    0.080607    0.034407    0.089433    0.133195 ^ clkbuf_0_clk/X (sg13g2_buf_16)
                                                         clknet_0_clk (net)
                      0.034694    0.002069    0.135264 ^ clkbuf_2_2__f_clk/A (sg13g2_buf_16)
     6    0.027798    0.021457    0.065500    0.200764 ^ clkbuf_2_2__f_clk/X (sg13g2_buf_16)
                                                         clknet_2_2__leaf_clk (net)
                      0.021457    0.000103    0.200867 ^ _104_/CLK (sg13g2_dfrbpq_1)
     2    0.005866    0.027468    0.159106    0.359973 v _104_/Q (sg13g2_dfrbpq_1)
                                                         net15 (net)
                      0.027468    0.000064    0.360038 v _072_/A0 (sg13g2_mux2_1)
     1    0.001957    0.026658    0.098764    0.458801 v _072_/X (sg13g2_mux2_1)
                                                         _026_ (net)
                      0.026658    0.000014    0.458816 v _104_/D (sg13g2_dfrbpq_1)
                                              0.458816   data arrival time

                                  0.000000    0.000000   clock clk (rise edge)
                                  0.000000    0.000000   clock source latency
     1    0.052549    0.067257    0.050880    0.050880 ^ clk (in)
                                                         clk (net)
                      0.070027    0.000000    0.050880 ^ clkbuf_0_clk/A (sg13g2_buf_16)
     4    0.091299    0.037008    0.102396    0.153276 ^ clkbuf_0_clk/X (sg13g2_buf_16)
                                                         clknet_0_clk (net)
                      0.037334    0.002605    0.155881 ^ clkbuf_2_2__f_clk/A (sg13g2_buf_16)
     6    0.030482    0.022184    0.074274    0.230155 ^ clkbuf_2_2__f_clk/X (sg13g2_buf_16)
                                                         clknet_2_2__leaf_clk (net)
                      0.022185    0.000126    0.230282 ^ _104_/CLK (sg13g2_dfrbpq_1)
                                  0.250000    0.480282   clock uncertainty
                                 -0.029415    0.450867   clock reconvergence pessimism
                                 -0.036038    0.414829   library hold time
                                              0.414829   data required time
---------------------------------------------------------------------------------------------
                                              0.414829   data required time
                                             -0.458816   data arrival time
---------------------------------------------------------------------------------------------
                                              0.043987   slack (MET)


Startpoint: _102_ (rising edge-triggered flip-flop clocked by clk)
Endpoint: _102_ (rising edge-triggered flip-flop clocked by clk)
Path Group: clk
Path Type: min

Fanout         Cap        Slew       Delay        Time   Description
---------------------------------------------------------------------------------------------
                                  0.000000    0.000000   clock clk (rise edge)
                                  0.000000    0.000000   clock source latency
     1    0.049876    0.064457    0.043762    0.043762 ^ clk (in)
                                                         clk (net)
                      0.066940    0.000000    0.043762 ^ clkbuf_0_clk/A (sg13g2_buf_16)
     4    0.080607    0.034407    0.089433    0.133195 ^ clkbuf_0_clk/X (sg13g2_buf_16)
                                                         clknet_0_clk (net)
                      0.034694    0.002069    0.135264 ^ clkbuf_2_2__f_clk/A (sg13g2_buf_16)
     6    0.027798    0.021457    0.065500    0.200764 ^ clkbuf_2_2__f_clk/X (sg13g2_buf_16)
                                                         clknet_2_2__leaf_clk (net)
                      0.021466    0.000889    0.201653 ^ _102_/CLK (sg13g2_dfrbpq_1)
     2    0.005866    0.027468    0.159111    0.360764 v _102_/Q (sg13g2_dfrbpq_1)
                                                         net13 (net)
                      0.027468    0.000063    0.360828 v _074_/A0 (sg13g2_mux2_1)
     1    0.001957    0.026676    0.098764    0.459591 v _074_/X (sg13g2_mux2_1)
                                                         _024_ (net)
                      0.026676    0.000014    0.459606 v _102_/D (sg13g2_dfrbpq_1)
                                              0.459606   data arrival time

                                  0.000000    0.000000   clock clk (rise edge)
                                  0.000000    0.000000   clock source latency
     1    0.052549    0.067257    0.050880    0.050880 ^ clk (in)
                                                         clk (net)
                      0.070027    0.000000    0.050880 ^ clkbuf_0_clk/A (sg13g2_buf_16)
     4    0.091299    0.037008    0.102396    0.153276 ^ clkbuf_0_clk/X (sg13g2_buf_16)
                                                         clknet_0_clk (net)
                      0.037334    0.002605    0.155881 ^ clkbuf_2_2__f_clk/A (sg13g2_buf_16)
     6    0.030482    0.022184    0.074274    0.230155 ^ clkbuf_2_2__f_clk/X (sg13g2_buf_16)
                                                         clknet_2_2__leaf_clk (net)
                      0.022195    0.001079    0.231234 ^ _102_/CLK (sg13g2_dfrbpq_1)
                                  0.250000    0.481234   clock uncertainty
                                 -0.029581    0.451653   clock reconvergence pessimism
                                 -0.036042    0.415612   library hold time
                                              0.415612   data required time
---------------------------------------------------------------------------------------------
                                              0.415612   data required time
                                             -0.459606   data arrival time
---------------------------------------------------------------------------------------------
                                              0.043994   slack (MET)


Startpoint: _119_ (rising edge-triggered flip-flop clocked by clk)
Endpoint: _107_ (rising edge-triggered flip-flop clocked by clk)
Path Group: clk
Path Type: min

Fanout         Cap        Slew       Delay        Time   Description
---------------------------------------------------------------------------------------------
                                  0.000000    0.000000   clock clk (rise edge)
                                  0.000000    0.000000   clock source latency
     1    0.049876    0.064457    0.043762    0.043762 ^ clk (in)
                                                         clk (net)
                      0.066940    0.000000    0.043762 ^ clkbuf_0_clk/A (sg13g2_buf_16)
     4    0.080607    0.034407    0.089433    0.133195 ^ clkbuf_0_clk/X (sg13g2_buf_16)
                                                         clknet_0_clk (net)
                      0.034791    0.002519    0.135714 ^ clkbuf_2_3__f_clk/A (sg13g2_buf_16)
     6    0.022856    0.020339    0.064653    0.200367 ^ clkbuf_2_3__f_clk/X (sg13g2_buf_16)
                                                         clknet_2_3__leaf_clk (net)
                      0.020343    0.000544    0.200911 ^ _119_/CLK (sg13g2_dfrbpq_1)
     2    0.006651    0.029647    0.160417    0.361329 v _119_/Q (sg13g2_dfrbpq_1)
                                                         internal_data_reg[11] (net)
                      0.029647    0.000039    0.361367 v _069_/A1 (sg13g2_mux2_1)
     1    0.001536    0.025534    0.098108    0.459476 v _069_/X (sg13g2_mux2_1)
                                                         _029_ (net)
                      0.025534    0.000007    0.459483 v _107_/D (sg13g2_dfrbpq_1)
                                              0.459483   data arrival time

                                  0.000000    0.000000   clock clk (rise edge)
                                  0.000000    0.000000   clock source latency
     1    0.052549    0.067257    0.050880    0.050880 ^ clk (in)
                                                         clk (net)
                      0.070027    0.000000    0.050880 ^ clkbuf_0_clk/A (sg13g2_buf_16)
     4    0.091299    0.037008    0.102396    0.153276 ^ clkbuf_0_clk/X (sg13g2_buf_16)
                                                         clknet_0_clk (net)
                      0.037461    0.003177    0.156453 ^ clkbuf_2_3__f_clk/A (sg13g2_buf_16)
     6    0.025540    0.021075    0.073357    0.229810 ^ clkbuf_2_3__f_clk/X (sg13g2_buf_16)
                                                         clknet_2_3__leaf_clk (net)
                      0.021081    0.000758    0.230568 ^ _107_/CLK (sg13g2_dfrbpq_1)
                                  0.250000    0.480568   clock uncertainty
                                 -0.029443    0.451125   clock reconvergence pessimism
                                 -0.035912    0.415213   library hold time
                                              0.415213   data required time
---------------------------------------------------------------------------------------------
                                              0.415213   data required time
                                             -0.459483   data arrival time
---------------------------------------------------------------------------------------------
                                              0.044270   slack (MET)


Startpoint: _119_ (rising edge-triggered flip-flop clocked by clk)
Endpoint: _119_ (rising edge-triggered flip-flop clocked by clk)
Path Group: clk
Path Type: min

Fanout         Cap        Slew       Delay        Time   Description
---------------------------------------------------------------------------------------------
                                  0.000000    0.000000   clock clk (rise edge)
                                  0.000000    0.000000   clock source latency
     1    0.049876    0.064457    0.043762    0.043762 ^ clk (in)
                                                         clk (net)
                      0.066940    0.000000    0.043762 ^ clkbuf_0_clk/A (sg13g2_buf_16)
     4    0.080607    0.034407    0.089433    0.133195 ^ clkbuf_0_clk/X (sg13g2_buf_16)
                                                         clknet_0_clk (net)
                      0.034791    0.002519    0.135714 ^ clkbuf_2_3__f_clk/A (sg13g2_buf_16)
     6    0.022856    0.020339    0.064653    0.200367 ^ clkbuf_2_3__f_clk/X (sg13g2_buf_16)
                                                         clknet_2_3__leaf_clk (net)
                      0.020343    0.000544    0.200911 ^ _119_/CLK (sg13g2_dfrbpq_1)
     2    0.006651    0.029647    0.160417    0.361329 v _119_/Q (sg13g2_dfrbpq_1)
                                                         internal_data_reg[11] (net)
                      0.029647    0.000056    0.361385 v _057_/A0 (sg13g2_mux2_1)
     1    0.001536    0.025554    0.098272    0.459657 v _057_/X (sg13g2_mux2_1)
                                                         _041_ (net)
                      0.025554    0.000007    0.459664 v _119_/D (sg13g2_dfrbpq_1)
                                              0.459664   data arrival time

                                  0.000000    0.000000   clock clk (rise edge)
                                  0.000000    0.000000   clock source latency
     1    0.052549    0.067257    0.050880    0.050880 ^ clk (in)
                                                         clk (net)
                      0.070027    0.000000    0.050880 ^ clkbuf_0_clk/A (sg13g2_buf_16)
     4    0.091299    0.037008    0.102396    0.153276 ^ clkbuf_0_clk/X (sg13g2_buf_16)
                                                         clknet_0_clk (net)
                      0.037461    0.003177    0.156453 ^ clkbuf_2_3__f_clk/A (sg13g2_buf_16)
     6    0.025540    0.021075    0.073357    0.229810 ^ clkbuf_2_3__f_clk/X (sg13g2_buf_16)
                                                         clknet_2_3__leaf_clk (net)
                      0.021080    0.000674    0.230484 ^ _119_/CLK (sg13g2_dfrbpq_1)
                                  0.250000    0.480484   clock uncertainty
                                 -0.029573    0.450911   clock reconvergence pessimism
                                 -0.035919    0.414993   library hold time
                                              0.414993   data required time
---------------------------------------------------------------------------------------------
                                              0.414993   data required time
                                             -0.459664   data arrival time
---------------------------------------------------------------------------------------------
                                              0.044671   slack (MET)


Startpoint: _103_ (rising edge-triggered flip-flop clocked by clk)
Endpoint: _103_ (rising edge-triggered flip-flop clocked by clk)
Path Group: clk
Path Type: min

Fanout         Cap        Slew       Delay        Time   Description
---------------------------------------------------------------------------------------------
                                  0.000000    0.000000   clock clk (rise edge)
                                  0.000000    0.000000   clock source latency
     1    0.049876    0.064457    0.043762    0.043762 ^ clk (in)
                                                         clk (net)
                      0.066940    0.000000    0.043762 ^ clkbuf_0_clk/A (sg13g2_buf_16)
     4    0.080607    0.034407    0.089433    0.133195 ^ clkbuf_0_clk/X (sg13g2_buf_16)
                                                         clknet_0_clk (net)
                      0.034694    0.002069    0.135264 ^ clkbuf_2_2__f_clk/A (sg13g2_buf_16)
     6    0.027798    0.021457    0.065500    0.200764 ^ clkbuf_2_2__f_clk/X (sg13g2_buf_16)
                                                         clknet_2_2__leaf_clk (net)
                      0.021460    0.000507    0.201272 ^ _103_/CLK (sg13g2_dfrbpq_1)
     2    0.006247    0.028521    0.159995    0.361266 v _103_/Q (sg13g2_dfrbpq_1)
                                                         net14 (net)
                      0.028521    0.000056    0.361323 v _073_/A0 (sg13g2_mux2_1)
     1    0.001888    0.026474    0.098951    0.460274 v _073_/X (sg13g2_mux2_1)
                                                         _025_ (net)
                      0.026474    0.000013    0.460287 v _103_/D (sg13g2_dfrbpq_1)
                                              0.460287   data arrival time

                                  0.000000    0.000000   clock clk (rise edge)
                                  0.000000    0.000000   clock source latency
     1    0.052549    0.067257    0.050880    0.050880 ^ clk (in)
                                                         clk (net)
                      0.070027    0.000000    0.050880 ^ clkbuf_0_clk/A (sg13g2_buf_16)
     4    0.091299    0.037008    0.102396    0.153276 ^ clkbuf_0_clk/X (sg13g2_buf_16)
                                                         clknet_0_clk (net)
                      0.037334    0.002605    0.155881 ^ clkbuf_2_2__f_clk/A (sg13g2_buf_16)
     6    0.030482    0.022184    0.074274    0.230155 ^ clkbuf_2_2__f_clk/X (sg13g2_buf_16)
                                                         clknet_2_2__leaf_clk (net)
                      0.022188    0.000615    0.230770 ^ _103_/CLK (sg13g2_dfrbpq_1)
                                  0.250000    0.480770   clock uncertainty
                                 -0.029498    0.451272   clock reconvergence pessimism
                                 -0.035979    0.415292   library hold time
                                              0.415292   data required time
---------------------------------------------------------------------------------------------
                                              0.415292   data required time
                                             -0.460287   data arrival time
---------------------------------------------------------------------------------------------
                                              0.044994   slack (MET)


Startpoint: _105_ (rising edge-triggered flip-flop clocked by clk)
Endpoint: _105_ (rising edge-triggered flip-flop clocked by clk)
Path Group: clk
Path Type: min

Fanout         Cap        Slew       Delay        Time   Description
---------------------------------------------------------------------------------------------
                                  0.000000    0.000000   clock clk (rise edge)
                                  0.000000    0.000000   clock source latency
     1    0.049876    0.064457    0.043762    0.043762 ^ clk (in)
                                                         clk (net)
                      0.066940    0.000000    0.043762 ^ clkbuf_0_clk/A (sg13g2_buf_16)
     4    0.080607    0.034407    0.089433    0.133195 ^ clkbuf_0_clk/X (sg13g2_buf_16)
                                                         clknet_0_clk (net)
                      0.034791    0.002519    0.135714 ^ clkbuf_2_3__f_clk/A (sg13g2_buf_16)
     6    0.022856    0.020339    0.064653    0.200367 ^ clkbuf_2_3__f_clk/X (sg13g2_buf_16)
                                                         clknet_2_3__leaf_clk (net)
                      0.020340    0.000298    0.200665 ^ _105_/CLK (sg13g2_dfrbpq_1)
     2    0.006476    0.029158    0.160012    0.360677 v _105_/Q (sg13g2_dfrbpq_1)
                                                         net16 (net)
                      0.029158    0.000065    0.360742 v _071_/A0 (sg13g2_mux2_1)
     1    0.001936    0.026602    0.099349    0.460091 v _071_/X (sg13g2_mux2_1)
                                                         _027_ (net)
                      0.026602    0.000014    0.460105 v _105_/D (sg13g2_dfrbpq_1)
                                              0.460105   data arrival time

                                  0.000000    0.000000   clock clk (rise edge)
                                  0.000000    0.000000   clock source latency
     1    0.052549    0.067257    0.050880    0.050880 ^ clk (in)
                                                         clk (net)
                      0.070027    0.000000    0.050880 ^ clkbuf_0_clk/A (sg13g2_buf_16)
     4    0.091299    0.037008    0.102396    0.153276 ^ clkbuf_0_clk/X (sg13g2_buf_16)
                                                         clknet_0_clk (net)
                      0.037461    0.003177    0.156453 ^ clkbuf_2_3__f_clk/A (sg13g2_buf_16)
     6    0.025540    0.021075    0.073357    0.229810 ^ clkbuf_2_3__f_clk/X (sg13g2_buf_16)
                                                         clknet_2_3__leaf_clk (net)
                      0.021077    0.000368    0.230179 ^ _105_/CLK (sg13g2_dfrbpq_1)
                                  0.250000    0.480179   clock uncertainty
                                 -0.029514    0.450665   clock reconvergence pessimism
                                 -0.036252    0.414413   library hold time
                                              0.414413   data required time
---------------------------------------------------------------------------------------------
                                              0.414413   data required time
                                             -0.460105   data arrival time
---------------------------------------------------------------------------------------------
                                              0.045692   slack (MET)


Startpoint: _100_ (rising edge-triggered flip-flop clocked by clk)
Endpoint: _100_ (rising edge-triggered flip-flop clocked by clk)
Path Group: clk
Path Type: min

Fanout         Cap        Slew       Delay        Time   Description
---------------------------------------------------------------------------------------------
                                  0.000000    0.000000   clock clk (rise edge)
                                  0.000000    0.000000   clock source latency
     1    0.049876    0.064457    0.043762    0.043762 ^ clk (in)
                                                         clk (net)
                      0.066940    0.000000    0.043762 ^ clkbuf_0_clk/A (sg13g2_buf_16)
     4    0.080607    0.034407    0.089433    0.133195 ^ clkbuf_0_clk/X (sg13g2_buf_16)
                                                         clknet_0_clk (net)
                      0.034864    0.002823    0.136019 ^ clkbuf_2_1__f_clk/A (sg13g2_buf_16)
     6    0.025413    0.020925    0.065184    0.201203 ^ clkbuf_2_1__f_clk/X (sg13g2_buf_16)
                                                         clknet_2_1__leaf_clk (net)
                      0.020926    0.000191    0.201394 ^ _100_/CLK (sg13g2_dfrbpq_1)
     2    0.005375    0.026116    0.157738    0.359132 v _100_/Q (sg13g2_dfrbpq_1)
                                                         net11 (net)
                      0.026116    0.000037    0.359169 v _051_/A0 (sg13g2_mux2_1)
     1    0.003208    0.029941    0.102189    0.461358 v _051_/X (sg13g2_mux2_1)
                                                         _046_ (net)
                      0.029941    0.000044    0.461401 v _100_/D (sg13g2_dfrbpq_1)
                                              0.461401   data arrival time

                                  0.000000    0.000000   clock clk (rise edge)
                                  0.000000    0.000000   clock source latency
     1    0.052549    0.067257    0.050880    0.050880 ^ clk (in)
                                                         clk (net)
                      0.070027    0.000000    0.050880 ^ clkbuf_0_clk/A (sg13g2_buf_16)
     4    0.091299    0.037008    0.102396    0.153276 ^ clkbuf_0_clk/X (sg13g2_buf_16)
                                                         clknet_0_clk (net)
                      0.037555    0.003559    0.156835 ^ clkbuf_2_1__f_clk/A (sg13g2_buf_16)
     6    0.028098    0.021658    0.073960    0.230795 ^ clkbuf_2_1__f_clk/X (sg13g2_buf_16)
                                                         clknet_2_1__leaf_clk (net)
                      0.021658    0.000234    0.231030 ^ _100_/CLK (sg13g2_dfrbpq_1)
                                  0.250000    0.481030   clock uncertainty
                                 -0.029635    0.451394   clock reconvergence pessimism
                                 -0.037188    0.414206   library hold time
                                              0.414206   data required time
---------------------------------------------------------------------------------------------
                                              0.414206   data required time
                                             -0.461401   data arrival time
---------------------------------------------------------------------------------------------
                                              0.047196   slack (MET)


Startpoint: _112_ (rising edge-triggered flip-flop clocked by clk)
Endpoint: _113_ (rising edge-triggered flip-flop clocked by clk)
Path Group: clk
Path Type: min

Fanout         Cap        Slew       Delay        Time   Description
---------------------------------------------------------------------------------------------
                                  0.000000    0.000000   clock clk (rise edge)
                                  0.000000    0.000000   clock source latency
     1    0.049876    0.064457    0.043762    0.043762 ^ clk (in)
                                                         clk (net)
                      0.066940    0.000000    0.043762 ^ clkbuf_0_clk/A (sg13g2_buf_16)
     4    0.080607    0.034407    0.089433    0.133195 ^ clkbuf_0_clk/X (sg13g2_buf_16)
                                                         clknet_0_clk (net)
                      0.034924    0.003059    0.136254 ^ clkbuf_2_0__f_clk/A (sg13g2_buf_16)
     6    0.026689    0.021216    0.065451    0.201705 ^ clkbuf_2_0__f_clk/X (sg13g2_buf_16)
                                                         clknet_2_0__leaf_clk (net)
                      0.021217    0.000102    0.201807 ^ _112_/CLK (sg13g2_dfrbpq_1)
     3    0.009982    0.039241    0.168517    0.370323 v _112_/Q (sg13g2_dfrbpq_1)
                                                         internal_data_reg[4] (net)
                      0.039241    0.000036    0.370359 v _063_/A1 (sg13g2_mux2_1)
     1    0.001824    0.026332    0.102730    0.473089 v _063_/X (sg13g2_mux2_1)
                                                         _035_ (net)
                      0.026332    0.000012    0.473101 v _113_/D (sg13g2_dfrbpq_1)
                                              0.473101   data arrival time

                                  0.000000    0.000000   clock clk (rise edge)
                                  0.000000    0.000000   clock source latency
     1    0.052549    0.067257    0.050880    0.050880 ^ clk (in)
                                                         clk (net)
                      0.070027    0.000000    0.050880 ^ clkbuf_0_clk/A (sg13g2_buf_16)
     4    0.091299    0.037008    0.102396    0.153276 ^ clkbuf_0_clk/X (sg13g2_buf_16)
                                                         clknet_0_clk (net)
                      0.037555    0.003559    0.156835 ^ clkbuf_2_1__f_clk/A (sg13g2_buf_16)
     6    0.028098    0.021658    0.073960    0.230795 ^ clkbuf_2_1__f_clk/X (sg13g2_buf_16)
                                                         clknet_2_1__leaf_clk (net)
                      0.021658    0.000159    0.230954 ^ _113_/CLK (sg13g2_dfrbpq_1)
                                  0.250000    0.480954   clock uncertainty
                                 -0.020081    0.460873   clock reconvergence pessimism
                                 -0.036045    0.424828   library hold time
                                              0.424828   data required time
---------------------------------------------------------------------------------------------
                                              0.424828   data required time
                                             -0.473101   data arrival time
---------------------------------------------------------------------------------------------
                                              0.048273   slack (MET)


Startpoint: _113_ (rising edge-triggered flip-flop clocked by clk)
Endpoint: _114_ (rising edge-triggered flip-flop clocked by clk)
Path Group: clk
Path Type: min

Fanout         Cap        Slew       Delay        Time   Description
---------------------------------------------------------------------------------------------
                                  0.000000    0.000000   clock clk (rise edge)
                                  0.000000    0.000000   clock source latency
     1    0.049876    0.064457    0.043762    0.043762 ^ clk (in)
                                                         clk (net)
                      0.066940    0.000000    0.043762 ^ clkbuf_0_clk/A (sg13g2_buf_16)
     4    0.080607    0.034407    0.089433    0.133195 ^ clkbuf_0_clk/X (sg13g2_buf_16)
                                                         clknet_0_clk (net)
                      0.034864    0.002823    0.136019 ^ clkbuf_2_1__f_clk/A (sg13g2_buf_16)
     6    0.025413    0.020925    0.065184    0.201203 ^ clkbuf_2_1__f_clk/X (sg13g2_buf_16)
                                                         clknet_2_1__leaf_clk (net)
                      0.020925    0.000128    0.201331 ^ _113_/CLK (sg13g2_dfrbpq_1)
     3    0.010647    0.041180    0.169935    0.371267 v _113_/Q (sg13g2_dfrbpq_1)
                                                         internal_data_reg[5] (net)
                      0.041180    0.000075    0.371342 v _062_/A1 (sg13g2_mux2_1)
     1    0.001536    0.025553    0.102562    0.473904 v _062_/X (sg13g2_mux2_1)
                                                         _036_ (net)
                      0.025553    0.000007    0.473911 v _114_/D (sg13g2_dfrbpq_1)
                                              0.473911   data arrival time

                                  0.000000    0.000000   clock clk (rise edge)
                                  0.000000    0.000000   clock source latency
     1    0.052549    0.067257    0.050880    0.050880 ^ clk (in)
                                                         clk (net)
                      0.070027    0.000000    0.050880 ^ clkbuf_0_clk/A (sg13g2_buf_16)
     4    0.091299    0.037008    0.102396    0.153276 ^ clkbuf_0_clk/X (sg13g2_buf_16)
                                                         clknet_0_clk (net)
                      0.037334    0.002605    0.155881 ^ clkbuf_2_2__f_clk/A (sg13g2_buf_16)
     6    0.030482    0.022184    0.074274    0.230155 ^ clkbuf_2_2__f_clk/X (sg13g2_buf_16)
                                                         clknet_2_2__leaf_clk (net)
                      0.022197    0.001144    0.231300 ^ _114_/CLK (sg13g2_dfrbpq_1)
                                  0.250000    0.481300   clock uncertainty
                                 -0.020081    0.461219   clock reconvergence pessimism
                                 -0.035686    0.425533   library hold time
                                              0.425533   data required time
---------------------------------------------------------------------------------------------
                                              0.425533   data required time
                                             -0.473911   data arrival time
---------------------------------------------------------------------------------------------
                                              0.048378   slack (MET)


Startpoint: _116_ (rising edge-triggered flip-flop clocked by clk)
Endpoint: _117_ (rising edge-triggered flip-flop clocked by clk)
Path Group: clk
Path Type: min

Fanout         Cap        Slew       Delay        Time   Description
---------------------------------------------------------------------------------------------
                                  0.000000    0.000000   clock clk (rise edge)
                                  0.000000    0.000000   clock source latency
     1    0.049876    0.064457    0.043762    0.043762 ^ clk (in)
                                                         clk (net)
                      0.066940    0.000000    0.043762 ^ clkbuf_0_clk/A (sg13g2_buf_16)
     4    0.080607    0.034407    0.089433    0.133195 ^ clkbuf_0_clk/X (sg13g2_buf_16)
                                                         clknet_0_clk (net)
                      0.034694    0.002069    0.135264 ^ clkbuf_2_2__f_clk/A (sg13g2_buf_16)
     6    0.027798    0.021457    0.065500    0.200764 ^ clkbuf_2_2__f_clk/X (sg13g2_buf_16)
                                                         clknet_2_2__leaf_clk (net)
                      0.021457    0.000160    0.200924 ^ _116_/CLK (sg13g2_dfrbpq_1)
     3    0.010477    0.040682    0.169790    0.370714 v _116_/Q (sg13g2_dfrbpq_1)
                                                         internal_data_reg[8] (net)
                      0.040682    0.000076    0.370791 v _059_/A1 (sg13g2_mux2_1)
     1    0.001536    0.025534    0.102370    0.473160 v _059_/X (sg13g2_mux2_1)
                                                         _039_ (net)
                      0.025534    0.000007    0.473167 v _117_/D (sg13g2_dfrbpq_1)
                                              0.473167   data arrival time

                                  0.000000    0.000000   clock clk (rise edge)
                                  0.000000    0.000000   clock source latency
     1    0.052549    0.067257    0.050880    0.050880 ^ clk (in)
                                                         clk (net)
                      0.070027    0.000000    0.050880 ^ clkbuf_0_clk/A (sg13g2_buf_16)
     4    0.091299    0.037008    0.102396    0.153276 ^ clkbuf_0_clk/X (sg13g2_buf_16)
                                                         clknet_0_clk (net)
                      0.037461    0.003177    0.156453 ^ clkbuf_2_3__f_clk/A (sg13g2_buf_16)
     6    0.025540    0.021075    0.073357    0.229810 ^ clkbuf_2_3__f_clk/X (sg13g2_buf_16)
                                                         clknet_2_3__leaf_clk (net)
                      0.021075    0.000075    0.229886 ^ _117_/CLK (sg13g2_dfrbpq_1)
                                  0.250000    0.479886   clock uncertainty
                                 -0.020081    0.459805   clock reconvergence pessimism
                                 -0.035913    0.423892   library hold time
                                              0.423892   data required time
---------------------------------------------------------------------------------------------
                                              0.423892   data required time
                                             -0.473167   data arrival time
---------------------------------------------------------------------------------------------
                                              0.049276   slack (MET)


Startpoint: _110_ (rising edge-triggered flip-flop clocked by clk)
Endpoint: _098_ (rising edge-triggered flip-flop clocked by clk)
Path Group: clk
Path Type: min

Fanout         Cap        Slew       Delay        Time   Description
---------------------------------------------------------------------------------------------
                                  0.000000    0.000000   clock clk (rise edge)
                                  0.000000    0.000000   clock source latency
     1    0.049876    0.064457    0.043762    0.043762 ^ clk (in)
                                                         clk (net)
                      0.066940    0.000000    0.043762 ^ clkbuf_0_clk/A (sg13g2_buf_16)
     4    0.080607    0.034407    0.089433    0.133195 ^ clkbuf_0_clk/X (sg13g2_buf_16)
                                                         clknet_0_clk (net)
                      0.034924    0.003059    0.136254 ^ clkbuf_2_0__f_clk/A (sg13g2_buf_16)
     6    0.026689    0.021216    0.065451    0.201705 ^ clkbuf_2_0__f_clk/X (sg13g2_buf_16)
                                                         clknet_2_0__leaf_clk (net)
                      0.021218    0.000388    0.202093 ^ _110_/CLK (sg13g2_dfrbpq_1)
     3    0.010093    0.039564    0.168777    0.370870 v _110_/Q (sg13g2_dfrbpq_1)
                                                         internal_data_reg[2] (net)
                      0.039564    0.000110    0.370980 v _053_/A1 (sg13g2_mux2_1)
     1    0.002086    0.027017    0.103688    0.474667 v _053_/X (sg13g2_mux2_1)
                                                         _044_ (net)
                      0.027017    0.000017    0.474684 v _098_/D (sg13g2_dfrbpq_1)
                                              0.474684   data arrival time

                                  0.000000    0.000000   clock clk (rise edge)
                                  0.000000    0.000000   clock source latency
     1    0.052549    0.067257    0.050880    0.050880 ^ clk (in)
                                                         clk (net)
                      0.070027    0.000000    0.050880 ^ clkbuf_0_clk/A (sg13g2_buf_16)
     4    0.091299    0.037008    0.102396    0.153276 ^ clkbuf_0_clk/X (sg13g2_buf_16)
                                                         clknet_0_clk (net)
                      0.037555    0.003559    0.156835 ^ clkbuf_2_1__f_clk/A (sg13g2_buf_16)
     6    0.028098    0.021658    0.073960    0.230795 ^ clkbuf_2_1__f_clk/X (sg13g2_buf_16)
                                                         clknet_2_1__leaf_clk (net)
                      0.021661    0.000578    0.231374 ^ _098_/CLK (sg13g2_dfrbpq_1)
                                  0.250000    0.481374   clock uncertainty
                                 -0.020081    0.461293   clock reconvergence pessimism
                                 -0.036261    0.425032   library hold time
                                              0.425032   data required time
---------------------------------------------------------------------------------------------
                                              0.425032   data required time
                                             -0.474684   data arrival time
---------------------------------------------------------------------------------------------
                                              0.049652   slack (MET)


Startpoint: _111_ (rising edge-triggered flip-flop clocked by clk)
Endpoint: _099_ (rising edge-triggered flip-flop clocked by clk)
Path Group: clk
Path Type: min

Fanout         Cap        Slew       Delay        Time   Description
---------------------------------------------------------------------------------------------
                                  0.000000    0.000000   clock clk (rise edge)
                                  0.000000    0.000000   clock source latency
     1    0.049876    0.064457    0.043762    0.043762 ^ clk (in)
                                                         clk (net)
                      0.066940    0.000000    0.043762 ^ clkbuf_0_clk/A (sg13g2_buf_16)
     4    0.080607    0.034407    0.089433    0.133195 ^ clkbuf_0_clk/X (sg13g2_buf_16)
                                                         clknet_0_clk (net)
                      0.034924    0.003059    0.136254 ^ clkbuf_2_0__f_clk/A (sg13g2_buf_16)
     6    0.026689    0.021216    0.065451    0.201705 ^ clkbuf_2_0__f_clk/X (sg13g2_buf_16)
                                                         clknet_2_0__leaf_clk (net)
                      0.021217    0.000244    0.201948 ^ _111_/CLK (sg13g2_dfrbpq_1)
     3    0.010585    0.041004    0.169912    0.371860 v _111_/Q (sg13g2_dfrbpq_1)
                                                         internal_data_reg[3] (net)
                      0.041004    0.000114    0.371974 v _052_/A1 (sg13g2_mux2_1)
     1    0.002010    0.026815    0.104001    0.475975 v _052_/X (sg13g2_mux2_1)
                                                         _045_ (net)
                      0.026815    0.000015    0.475990 v _099_/D (sg13g2_dfrbpq_1)
                                              0.475990   data arrival time

                                  0.000000    0.000000   clock clk (rise edge)
                                  0.000000    0.000000   clock source latency
     1    0.052549    0.067257    0.050880    0.050880 ^ clk (in)
                                                         clk (net)
                      0.070027    0.000000    0.050880 ^ clkbuf_0_clk/A (sg13g2_buf_16)
     4    0.091299    0.037008    0.102396    0.153276 ^ clkbuf_0_clk/X (sg13g2_buf_16)
                                                         clknet_0_clk (net)
                      0.037555    0.003559    0.156835 ^ clkbuf_2_1__f_clk/A (sg13g2_buf_16)
     6    0.028098    0.021658    0.073960    0.230795 ^ clkbuf_2_1__f_clk/X (sg13g2_buf_16)
                                                         clknet_2_1__leaf_clk (net)
                      0.021660    0.000441    0.231237 ^ _099_/CLK (sg13g2_dfrbpq_1)
                                  0.250000    0.481237   clock uncertainty
                                 -0.020081    0.461156   clock reconvergence pessimism
                                 -0.036197    0.424959   library hold time
                                              0.424959   data required time
---------------------------------------------------------------------------------------------
                                              0.424959   data required time
                                             -0.475990   data arrival time
---------------------------------------------------------------------------------------------
                                              0.051032   slack (MET)


Startpoint: _109_ (rising edge-triggered flip-flop clocked by clk)
Endpoint: _121_ (rising edge-triggered flip-flop clocked by clk)
Path Group: clk
Path Type: min

Fanout         Cap        Slew       Delay        Time   Description
---------------------------------------------------------------------------------------------
                                  0.000000    0.000000   clock clk (rise edge)
                                  0.000000    0.000000   clock source latency
     1    0.049876    0.064457    0.043762    0.043762 ^ clk (in)
                                                         clk (net)
                      0.066940    0.000000    0.043762 ^ clkbuf_0_clk/A (sg13g2_buf_16)
     4    0.080607    0.034407    0.089433    0.133195 ^ clkbuf_0_clk/X (sg13g2_buf_16)
                                                         clknet_0_clk (net)
                      0.034924    0.003059    0.136254 ^ clkbuf_2_0__f_clk/A (sg13g2_buf_16)
     6    0.026689    0.021216    0.065451    0.201705 ^ clkbuf_2_0__f_clk/X (sg13g2_buf_16)
                                                         clknet_2_0__leaf_clk (net)
                      0.021219    0.000464    0.202169 ^ _109_/CLK (sg13g2_dfrbpq_1)
     3    0.010317    0.040225    0.169285    0.371454 v _109_/Q (sg13g2_dfrbpq_1)
                                                         internal_data_reg[1] (net)
                      0.040225    0.000129    0.371583 v _054_/A1 (sg13g2_mux2_1)
     1    0.002590    0.028340    0.105546    0.477129 v _054_/X (sg13g2_mux2_1)
                                                         _043_ (net)
                      0.028340    0.000027    0.477156 v _121_/D (sg13g2_dfrbpq_1)
                                              0.477156   data arrival time

                                  0.000000    0.000000   clock clk (rise edge)
                                  0.000000    0.000000   clock source latency
     1    0.052549    0.067257    0.050880    0.050880 ^ clk (in)
                                                         clk (net)
                      0.070027    0.000000    0.050880 ^ clkbuf_0_clk/A (sg13g2_buf_16)
     4    0.091299    0.037008    0.102396    0.153276 ^ clkbuf_0_clk/X (sg13g2_buf_16)
                                                         clknet_0_clk (net)
                      0.037555    0.003559    0.156835 ^ clkbuf_2_1__f_clk/A (sg13g2_buf_16)
     6    0.028098    0.021658    0.073960    0.230795 ^ clkbuf_2_1__f_clk/X (sg13g2_buf_16)
                                                         clknet_2_1__leaf_clk (net)
                      0.021661    0.000639    0.231434 ^ _121_/CLK (sg13g2_dfrbpq_1)
                                  0.250000    0.481434   clock uncertainty
                                 -0.020081    0.461353   clock reconvergence pessimism
                                 -0.036680    0.424673   library hold time
                                              0.424673   data required time
---------------------------------------------------------------------------------------------
                                              0.424673   data required time
                                             -0.477156   data arrival time
---------------------------------------------------------------------------------------------
                                              0.052483   slack (MET)


Startpoint: _106_ (rising edge-triggered flip-flop clocked by clk)
Endpoint: _106_ (rising edge-triggered flip-flop clocked by clk)
Path Group: clk
Path Type: min

Fanout         Cap        Slew       Delay        Time   Description
---------------------------------------------------------------------------------------------
                                  0.000000    0.000000   clock clk (rise edge)
                                  0.000000    0.000000   clock source latency
     1    0.049876    0.064457    0.043762    0.043762 ^ clk (in)
                                                         clk (net)
                      0.066940    0.000000    0.043762 ^ clkbuf_0_clk/A (sg13g2_buf_16)
     4    0.080607    0.034407    0.089433    0.133195 ^ clkbuf_0_clk/X (sg13g2_buf_16)
                                                         clknet_0_clk (net)
                      0.034791    0.002519    0.135714 ^ clkbuf_2_3__f_clk/A (sg13g2_buf_16)
     6    0.022856    0.020339    0.064653    0.200367 ^ clkbuf_2_3__f_clk/X (sg13g2_buf_16)
                                                         clknet_2_3__leaf_clk (net)
                      0.020344    0.000610    0.200978 ^ _106_/CLK (sg13g2_dfrbpq_1)
     2    0.008452    0.034803    0.164584    0.365562 v _106_/Q (sg13g2_dfrbpq_1)
                                                         net6 (net)
                      0.034803    0.000075    0.365637 v _070_/A0 (sg13g2_mux2_1)
     1    0.002108    0.027058    0.102069    0.467706 v _070_/X (sg13g2_mux2_1)
                                                         _028_ (net)
                      0.027058    0.000017    0.467723 v _106_/D (sg13g2_dfrbpq_1)
                                              0.467723   data arrival time

                                  0.000000    0.000000   clock clk (rise edge)
                                  0.000000    0.000000   clock source latency
     1    0.052549    0.067257    0.050880    0.050880 ^ clk (in)
                                                         clk (net)
                      0.070027    0.000000    0.050880 ^ clkbuf_0_clk/A (sg13g2_buf_16)
     4    0.091299    0.037008    0.102396    0.153276 ^ clkbuf_0_clk/X (sg13g2_buf_16)
                                                         clknet_0_clk (net)
                      0.037461    0.003177    0.156453 ^ clkbuf_2_3__f_clk/A (sg13g2_buf_16)
     6    0.025540    0.021075    0.073357    0.229810 ^ clkbuf_2_3__f_clk/X (sg13g2_buf_16)
                                                         clknet_2_3__leaf_clk (net)
                      0.021081    0.000757    0.230567 ^ _106_/CLK (sg13g2_dfrbpq_1)
                                  0.250000    0.480567   clock uncertainty
                                 -0.029589    0.450978   clock reconvergence pessimism
                                 -0.036395    0.414583   library hold time
                                              0.414583   data required time
---------------------------------------------------------------------------------------------
                                              0.414583   data required time
                                             -0.467723   data arrival time
---------------------------------------------------------------------------------------------
                                              0.053140   slack (MET)


Startpoint: _117_ (rising edge-triggered flip-flop clocked by clk)
Endpoint: _118_ (rising edge-triggered flip-flop clocked by clk)
Path Group: clk
Path Type: min

Fanout         Cap        Slew       Delay        Time   Description
---------------------------------------------------------------------------------------------
                                  0.000000    0.000000   clock clk (rise edge)
                                  0.000000    0.000000   clock source latency
     1    0.049876    0.064457    0.043762    0.043762 ^ clk (in)
                                                         clk (net)
                      0.066940    0.000000    0.043762 ^ clkbuf_0_clk/A (sg13g2_buf_16)
     4    0.080607    0.034407    0.089433    0.133195 ^ clkbuf_0_clk/X (sg13g2_buf_16)
                                                         clknet_0_clk (net)
                      0.034791    0.002519    0.135714 ^ clkbuf_2_3__f_clk/A (sg13g2_buf_16)
     6    0.022856    0.020339    0.064653    0.200367 ^ clkbuf_2_3__f_clk/X (sg13g2_buf_16)
                                                         clknet_2_3__leaf_clk (net)
                      0.020339    0.000061    0.200428 ^ _117_/CLK (sg13g2_dfrbpq_1)
     3    0.009543    0.037954    0.167117    0.367545 v _117_/Q (sg13g2_dfrbpq_1)
                                                         internal_data_reg[9] (net)
                      0.037954    0.000047    0.367592 v _058_/A1 (sg13g2_mux2_1)
     1    0.001536    0.025534    0.101317    0.468909 v _058_/X (sg13g2_mux2_1)
                                                         _040_ (net)
                      0.025534    0.000007    0.468916 v _118_/D (sg13g2_dfrbpq_1)
                                              0.468916   data arrival time

                                  0.000000    0.000000   clock clk (rise edge)
                                  0.000000    0.000000   clock source latency
     1    0.052549    0.067257    0.050880    0.050880 ^ clk (in)
                                                         clk (net)
                      0.070027    0.000000    0.050880 ^ clkbuf_0_clk/A (sg13g2_buf_16)
     4    0.091299    0.037008    0.102396    0.153276 ^ clkbuf_0_clk/X (sg13g2_buf_16)
                                                         clknet_0_clk (net)
                      0.037461    0.003177    0.156453 ^ clkbuf_2_3__f_clk/A (sg13g2_buf_16)
     6    0.025540    0.021075    0.073357    0.229810 ^ clkbuf_2_3__f_clk/X (sg13g2_buf_16)
                                                         clknet_2_3__leaf_clk (net)
                      0.021078    0.000504    0.230314 ^ _118_/CLK (sg13g2_dfrbpq_1)
                                  0.250000    0.480314   clock uncertainty
                                 -0.029443    0.450871   clock reconvergence pessimism
                                 -0.035913    0.414958   library hold time
                                              0.414958   data required time
---------------------------------------------------------------------------------------------
                                              0.414958   data required time
                                             -0.468916   data arrival time
---------------------------------------------------------------------------------------------
                                              0.053957   slack (MET)


Startpoint: _110_ (rising edge-triggered flip-flop clocked by clk)
Endpoint: _110_ (rising edge-triggered flip-flop clocked by clk)
Path Group: clk
Path Type: min

Fanout         Cap        Slew       Delay        Time   Description
---------------------------------------------------------------------------------------------
                                  0.000000    0.000000   clock clk (rise edge)
                                  0.000000    0.000000   clock source latency
     1    0.049876    0.064457    0.043762    0.043762 ^ clk (in)
                                                         clk (net)
                      0.066940    0.000000    0.043762 ^ clkbuf_0_clk/A (sg13g2_buf_16)
     4    0.080607    0.034407    0.089433    0.133195 ^ clkbuf_0_clk/X (sg13g2_buf_16)
                                                         clknet_0_clk (net)
                      0.034924    0.003059    0.136254 ^ clkbuf_2_0__f_clk/A (sg13g2_buf_16)
     6    0.026689    0.021216    0.065451    0.201705 ^ clkbuf_2_0__f_clk/X (sg13g2_buf_16)
                                                         clknet_2_0__leaf_clk (net)
                      0.021218    0.000388    0.202093 ^ _110_/CLK (sg13g2_dfrbpq_1)
     3    0.010093    0.039564    0.168777    0.370870 v _110_/Q (sg13g2_dfrbpq_1)
                                                         internal_data_reg[2] (net)
                      0.039564    0.000094    0.370964 v _066_/A0 (sg13g2_mux2_1)
     1    0.001579    0.025671    0.102228    0.473192 v _066_/X (sg13g2_mux2_1)
                                                         _032_ (net)
                      0.025671    0.000008    0.473199 v _110_/D (sg13g2_dfrbpq_1)
                                              0.473199   data arrival time

                                  0.000000    0.000000   clock clk (rise edge)
                                  0.000000    0.000000   clock source latency
     1    0.052549    0.067257    0.050880    0.050880 ^ clk (in)
                                                         clk (net)
                      0.070027    0.000000    0.050880 ^ clkbuf_0_clk/A (sg13g2_buf_16)
     4    0.091299    0.037008    0.102396    0.153276 ^ clkbuf_0_clk/X (sg13g2_buf_16)
                                                         clknet_0_clk (net)
                      0.037634    0.003860    0.157136 ^ clkbuf_2_0__f_clk/A (sg13g2_buf_16)
     6    0.029373    0.021948    0.074264    0.231400 ^ clkbuf_2_0__f_clk/X (sg13g2_buf_16)
                                                         clknet_2_0__leaf_clk (net)
                      0.021950    0.000477    0.231876 ^ _110_/CLK (sg13g2_dfrbpq_1)
                                  0.250000    0.481876   clock uncertainty
                                 -0.029784    0.452093   clock reconvergence pessimism
                                 -0.035774    0.416319   library hold time
                                              0.416319   data required time
---------------------------------------------------------------------------------------------
                                              0.416319   data required time
                                             -0.473199   data arrival time
---------------------------------------------------------------------------------------------
                                              0.056881   slack (MET)


Startpoint: _112_ (rising edge-triggered flip-flop clocked by clk)
Endpoint: _112_ (rising edge-triggered flip-flop clocked by clk)
Path Group: clk
Path Type: min

Fanout         Cap        Slew       Delay        Time   Description
---------------------------------------------------------------------------------------------
                                  0.000000    0.000000   clock clk (rise edge)
                                  0.000000    0.000000   clock source latency
     1    0.049876    0.064457    0.043762    0.043762 ^ clk (in)
                                                         clk (net)
                      0.066940    0.000000    0.043762 ^ clkbuf_0_clk/A (sg13g2_buf_16)
     4    0.080607    0.034407    0.089433    0.133195 ^ clkbuf_0_clk/X (sg13g2_buf_16)
                                                         clknet_0_clk (net)
                      0.034924    0.003059    0.136254 ^ clkbuf_2_0__f_clk/A (sg13g2_buf_16)
     6    0.026689    0.021216    0.065451    0.201705 ^ clkbuf_2_0__f_clk/X (sg13g2_buf_16)
                                                         clknet_2_0__leaf_clk (net)
                      0.021217    0.000102    0.201807 ^ _112_/CLK (sg13g2_dfrbpq_1)
     3    0.009982    0.039241    0.168517    0.370323 v _112_/Q (sg13g2_dfrbpq_1)
                                                         internal_data_reg[4] (net)
                      0.039241    0.000103    0.370426 v _064_/A0 (sg13g2_mux2_1)
     1    0.001794    0.026250    0.102784    0.473210 v _064_/X (sg13g2_mux2_1)
                                                         _034_ (net)
                      0.026250    0.000011    0.473221 v _112_/D (sg13g2_dfrbpq_1)
                                              0.473221   data arrival time

                                  0.000000    0.000000   clock clk (rise edge)
                                  0.000000    0.000000   clock source latency
     1    0.052549    0.067257    0.050880    0.050880 ^ clk (in)
                                                         clk (net)
                      0.070027    0.000000    0.050880 ^ clkbuf_0_clk/A (sg13g2_buf_16)
     4    0.091299    0.037008    0.102396    0.153276 ^ clkbuf_0_clk/X (sg13g2_buf_16)
                                                         clknet_0_clk (net)
                      0.037634    0.003860    0.157136 ^ clkbuf_2_0__f_clk/A (sg13g2_buf_16)
     6    0.029373    0.021948    0.074264    0.231400 ^ clkbuf_2_0__f_clk/X (sg13g2_buf_16)
                                                         clknet_2_0__leaf_clk (net)
                      0.021949    0.000125    0.231524 ^ _112_/CLK (sg13g2_dfrbpq_1)
                                  0.250000    0.481524   clock uncertainty
                                 -0.029718    0.451807   clock reconvergence pessimism
                                 -0.035958    0.415848   library hold time
                                              0.415848   data required time
---------------------------------------------------------------------------------------------
                                              0.415848   data required time
                                             -0.473221   data arrival time
---------------------------------------------------------------------------------------------
                                              0.057373   slack (MET)


Startpoint: _109_ (rising edge-triggered flip-flop clocked by clk)
Endpoint: _109_ (rising edge-triggered flip-flop clocked by clk)
Path Group: clk
Path Type: min

Fanout         Cap        Slew       Delay        Time   Description
---------------------------------------------------------------------------------------------
                                  0.000000    0.000000   clock clk (rise edge)
                                  0.000000    0.000000   clock source latency
     1    0.049876    0.064457    0.043762    0.043762 ^ clk (in)
                                                         clk (net)
                      0.066940    0.000000    0.043762 ^ clkbuf_0_clk/A (sg13g2_buf_16)
     4    0.080607    0.034407    0.089433    0.133195 ^ clkbuf_0_clk/X (sg13g2_buf_16)
                                                         clknet_0_clk (net)
                      0.034924    0.003059    0.136254 ^ clkbuf_2_0__f_clk/A (sg13g2_buf_16)
     6    0.026689    0.021216    0.065451    0.201705 ^ clkbuf_2_0__f_clk/X (sg13g2_buf_16)
                                                         clknet_2_0__leaf_clk (net)
                      0.021219    0.000464    0.202169 ^ _109_/CLK (sg13g2_dfrbpq_1)
     3    0.010317    0.040225    0.169285    0.371454 v _109_/Q (sg13g2_dfrbpq_1)
                                                         internal_data_reg[1] (net)
                      0.040225    0.000103    0.371557 v _067_/A0 (sg13g2_mux2_1)
     1    0.001536    0.025553    0.102346    0.473903 v _067_/X (sg13g2_mux2_1)
                                                         _031_ (net)
                      0.025553    0.000007    0.473910 v _109_/D (sg13g2_dfrbpq_1)
                                              0.473910   data arrival time

                                  0.000000    0.000000   clock clk (rise edge)
                                  0.000000    0.000000   clock source latency
     1    0.052549    0.067257    0.050880    0.050880 ^ clk (in)
                                                         clk (net)
                      0.070027    0.000000    0.050880 ^ clkbuf_0_clk/A (sg13g2_buf_16)
     4    0.091299    0.037008    0.102396    0.153276 ^ clkbuf_0_clk/X (sg13g2_buf_16)
                                                         clknet_0_clk (net)
                      0.037634    0.003860    0.157136 ^ clkbuf_2_0__f_clk/A (sg13g2_buf_16)
     6    0.029373    0.021948    0.074264    0.231400 ^ clkbuf_2_0__f_clk/X (sg13g2_buf_16)
                                                         clknet_2_0__leaf_clk (net)
                      0.021951    0.000571    0.231971 ^ _109_/CLK (sg13g2_dfrbpq_1)
                                  0.250000    0.481971   clock uncertainty
                                 -0.029802    0.452169   clock reconvergence pessimism
                                 -0.035737    0.416432   library hold time
                                              0.416432   data required time
---------------------------------------------------------------------------------------------
                                              0.416432   data required time
                                             -0.473910   data arrival time
---------------------------------------------------------------------------------------------
                                              0.057478   slack (MET)


Startpoint: _116_ (rising edge-triggered flip-flop clocked by clk)
Endpoint: _116_ (rising edge-triggered flip-flop clocked by clk)
Path Group: clk
Path Type: min

Fanout         Cap        Slew       Delay        Time   Description
---------------------------------------------------------------------------------------------
                                  0.000000    0.000000   clock clk (rise edge)
                                  0.000000    0.000000   clock source latency
     1    0.049876    0.064457    0.043762    0.043762 ^ clk (in)
                                                         clk (net)
                      0.066940    0.000000    0.043762 ^ clkbuf_0_clk/A (sg13g2_buf_16)
     4    0.080607    0.034407    0.089433    0.133195 ^ clkbuf_0_clk/X (sg13g2_buf_16)
                                                         clknet_0_clk (net)
                      0.034694    0.002069    0.135264 ^ clkbuf_2_2__f_clk/A (sg13g2_buf_16)
     6    0.027798    0.021457    0.065500    0.200764 ^ clkbuf_2_2__f_clk/X (sg13g2_buf_16)
                                                         clknet_2_2__leaf_clk (net)
                      0.021457    0.000160    0.200924 ^ _116_/CLK (sg13g2_dfrbpq_1)
     3    0.010477    0.040682    0.169790    0.370714 v _116_/Q (sg13g2_dfrbpq_1)
                                                         internal_data_reg[8] (net)
                      0.040682    0.000059    0.370773 v _060_/A0 (sg13g2_mux2_1)
     1    0.001536    0.025534    0.102522    0.473295 v _060_/X (sg13g2_mux2_1)
                                                         _038_ (net)
                      0.025534    0.000007    0.473302 v _116_/D (sg13g2_dfrbpq_1)
                                              0.473302   data arrival time

                                  0.000000    0.000000   clock clk (rise edge)
                                  0.000000    0.000000   clock source latency
     1    0.052549    0.067257    0.050880    0.050880 ^ clk (in)
                                                         clk (net)
                      0.070027    0.000000    0.050880 ^ clkbuf_0_clk/A (sg13g2_buf_16)
     4    0.091299    0.037008    0.102396    0.153276 ^ clkbuf_0_clk/X (sg13g2_buf_16)
                                                         clknet_0_clk (net)
                      0.037334    0.002605    0.155881 ^ clkbuf_2_2__f_clk/A (sg13g2_buf_16)
     6    0.030482    0.022184    0.074274    0.230155 ^ clkbuf_2_2__f_clk/X (sg13g2_buf_16)
                                                         clknet_2_2__leaf_clk (net)
                      0.022185    0.000194    0.230350 ^ _116_/CLK (sg13g2_dfrbpq_1)
                                  0.250000    0.480350   clock uncertainty
                                 -0.029426    0.450924   clock reconvergence pessimism
                                 -0.035682    0.415242   library hold time
                                              0.415242   data required time
---------------------------------------------------------------------------------------------
                                              0.415242   data required time
                                             -0.473302   data arrival time
---------------------------------------------------------------------------------------------
                                              0.058060   slack (MET)


Startpoint: _110_ (rising edge-triggered flip-flop clocked by clk)
Endpoint: _111_ (rising edge-triggered flip-flop clocked by clk)
Path Group: clk
Path Type: min

Fanout         Cap        Slew       Delay        Time   Description
---------------------------------------------------------------------------------------------
                                  0.000000    0.000000   clock clk (rise edge)
                                  0.000000    0.000000   clock source latency
     1    0.049876    0.064457    0.043762    0.043762 ^ clk (in)
                                                         clk (net)
                      0.066940    0.000000    0.043762 ^ clkbuf_0_clk/A (sg13g2_buf_16)
     4    0.080607    0.034407    0.089433    0.133195 ^ clkbuf_0_clk/X (sg13g2_buf_16)
                                                         clknet_0_clk (net)
                      0.034924    0.003059    0.136254 ^ clkbuf_2_0__f_clk/A (sg13g2_buf_16)
     6    0.026689    0.021216    0.065451    0.201705 ^ clkbuf_2_0__f_clk/X (sg13g2_buf_16)
                                                         clknet_2_0__leaf_clk (net)
                      0.021218    0.000388    0.202093 ^ _110_/CLK (sg13g2_dfrbpq_1)
     3    0.010093    0.039564    0.168777    0.370870 v _110_/Q (sg13g2_dfrbpq_1)
                                                         internal_data_reg[2] (net)
                      0.039564    0.000038    0.370908 v _065_/A1 (sg13g2_mux2_1)
     1    0.002108    0.027077    0.103758    0.474666 v _065_/X (sg13g2_mux2_1)
                                                         _033_ (net)
                      0.027077    0.000017    0.474683 v _111_/D (sg13g2_dfrbpq_1)
                                              0.474683   data arrival time

                                  0.000000    0.000000   clock clk (rise edge)
                                  0.000000    0.000000   clock source latency
     1    0.052549    0.067257    0.050880    0.050880 ^ clk (in)
                                                         clk (net)
                      0.070027    0.000000    0.050880 ^ clkbuf_0_clk/A (sg13g2_buf_16)
     4    0.091299    0.037008    0.102396    0.153276 ^ clkbuf_0_clk/X (sg13g2_buf_16)
                                                         clknet_0_clk (net)
                      0.037634    0.003860    0.157136 ^ clkbuf_2_0__f_clk/A (sg13g2_buf_16)
     6    0.029373    0.021948    0.074264    0.231400 ^ clkbuf_2_0__f_clk/X (sg13g2_buf_16)
                                                         clknet_2_0__leaf_clk (net)
                      0.021949    0.000299    0.231699 ^ _111_/CLK (sg13g2_dfrbpq_1)
                                  0.250000    0.481699   clock uncertainty
                                 -0.029695    0.452004   clock reconvergence pessimism
                                 -0.036220    0.415784   library hold time
                                              0.415784   data required time
---------------------------------------------------------------------------------------------
                                              0.415784   data required time
                                             -0.474683   data arrival time
---------------------------------------------------------------------------------------------
                                              0.058899   slack (MET)


Startpoint: _114_ (rising edge-triggered flip-flop clocked by clk)
Endpoint: _115_ (rising edge-triggered flip-flop clocked by clk)
Path Group: clk
Path Type: min

Fanout         Cap        Slew       Delay        Time   Description
---------------------------------------------------------------------------------------------
                                  0.000000    0.000000   clock clk (rise edge)
                                  0.000000    0.000000   clock source latency
     1    0.049876    0.064457    0.043762    0.043762 ^ clk (in)
                                                         clk (net)
                      0.066940    0.000000    0.043762 ^ clkbuf_0_clk/A (sg13g2_buf_16)
     4    0.080607    0.034407    0.089433    0.133195 ^ clkbuf_0_clk/X (sg13g2_buf_16)
                                                         clknet_0_clk (net)
                      0.034694    0.002069    0.135264 ^ clkbuf_2_2__f_clk/A (sg13g2_buf_16)
     6    0.027798    0.021457    0.065500    0.200764 ^ clkbuf_2_2__f_clk/X (sg13g2_buf_16)
                                                         clknet_2_2__leaf_clk (net)
                      0.021468    0.000942    0.201707 ^ _114_/CLK (sg13g2_dfrbpq_1)
     3    0.011294    0.043084    0.171667    0.373374 v _114_/Q (sg13g2_dfrbpq_1)
                                                         internal_data_reg[6] (net)
                      0.043084    0.000126    0.373500 v _061_/A1 (sg13g2_mux2_1)
     1    0.001536    0.025534    0.103297    0.476797 v _061_/X (sg13g2_mux2_1)
                                                         _037_ (net)
                      0.025534    0.000007    0.476804 v _115_/D (sg13g2_dfrbpq_1)
                                              0.476804   data arrival time

                                  0.000000    0.000000   clock clk (rise edge)
                                  0.000000    0.000000   clock source latency
     1    0.052549    0.067257    0.050880    0.050880 ^ clk (in)
                                                         clk (net)
                      0.070027    0.000000    0.050880 ^ clkbuf_0_clk/A (sg13g2_buf_16)
     4    0.091299    0.037008    0.102396    0.153276 ^ clkbuf_0_clk/X (sg13g2_buf_16)
                                                         clknet_0_clk (net)
                      0.037334    0.002605    0.155881 ^ clkbuf_2_2__f_clk/A (sg13g2_buf_16)
     6    0.030482    0.022184    0.074274    0.230155 ^ clkbuf_2_2__f_clk/X (sg13g2_buf_16)
                                                         clknet_2_2__leaf_clk (net)
                      0.022192    0.000928    0.231083 ^ _115_/CLK (sg13g2_dfrbpq_1)
                                  0.250000    0.481083   clock uncertainty
                                 -0.029391    0.451692   clock reconvergence pessimism
                                 -0.035681    0.416011   library hold time
                                              0.416011   data required time
---------------------------------------------------------------------------------------------
                                              0.416011   data required time
                                             -0.476804   data arrival time
---------------------------------------------------------------------------------------------
                                              0.060793   slack (MET)


Startpoint: _108_ (rising edge-triggered flip-flop clocked by clk)
Endpoint: _108_ (rising edge-triggered flip-flop clocked by clk)
Path Group: clk
Path Type: min

Fanout         Cap        Slew       Delay        Time   Description
---------------------------------------------------------------------------------------------
                                  0.000000    0.000000   clock clk (rise edge)
                                  0.000000    0.000000   clock source latency
     1    0.049876    0.064457    0.043762    0.043762 ^ clk (in)
                                                         clk (net)
                      0.066940    0.000000    0.043762 ^ clkbuf_0_clk/A (sg13g2_buf_16)
     4    0.080607    0.034407    0.089433    0.133195 ^ clkbuf_0_clk/X (sg13g2_buf_16)
                                                         clknet_0_clk (net)
                      0.034924    0.003059    0.136254 ^ clkbuf_2_0__f_clk/A (sg13g2_buf_16)
     6    0.026689    0.021216    0.065451    0.201705 ^ clkbuf_2_0__f_clk/X (sg13g2_buf_16)
                                                         clknet_2_0__leaf_clk (net)
                      0.021217    0.000219    0.201924 ^ _108_/CLK (sg13g2_dfrbpq_1)
     3    0.016878    0.059797    0.184176    0.386100 v _108_/Q (sg13g2_dfrbpq_1)
                                                         internal_data_reg[0] (net)
                      0.059797    0.000210    0.386310 v _068_/A0 (sg13g2_mux2_1)
     1    0.001536    0.025553    0.109885    0.496195 v _068_/X (sg13g2_mux2_1)
                                                         _030_ (net)
                      0.025553    0.000007    0.496202 v _108_/D (sg13g2_dfrbpq_1)
                                              0.496202   data arrival time

                                  0.000000    0.000000   clock clk (rise edge)
                                  0.000000    0.000000   clock source latency
     1    0.052549    0.067257    0.050880    0.050880 ^ clk (in)
                                                         clk (net)
                      0.070027    0.000000    0.050880 ^ clkbuf_0_clk/A (sg13g2_buf_16)
     4    0.091299    0.037008    0.102396    0.153276 ^ clkbuf_0_clk/X (sg13g2_buf_16)
                                                         clknet_0_clk (net)
                      0.037634    0.003860    0.157136 ^ clkbuf_2_0__f_clk/A (sg13g2_buf_16)
     6    0.029373    0.021948    0.074264    0.231400 ^ clkbuf_2_0__f_clk/X (sg13g2_buf_16)
                                                         clknet_2_0__leaf_clk (net)
                      0.021949    0.000267    0.231666 ^ _108_/CLK (sg13g2_dfrbpq_1)
                                  0.250000    0.481667   clock uncertainty
                                 -0.029742    0.451924   clock reconvergence pessimism
                                 -0.035737    0.416187   library hold time
                                              0.416187   data required time
---------------------------------------------------------------------------------------------
                                              0.416187   data required time
                                             -0.496202   data arrival time
---------------------------------------------------------------------------------------------
                                              0.080015   slack (MET)


Startpoint: _108_ (rising edge-triggered flip-flop clocked by clk)
Endpoint: _120_ (rising edge-triggered flip-flop clocked by clk)
Path Group: clk
Path Type: min

Fanout         Cap        Slew       Delay        Time   Description
---------------------------------------------------------------------------------------------
                                  0.000000    0.000000   clock clk (rise edge)
                                  0.000000    0.000000   clock source latency
     1    0.049876    0.064457    0.043762    0.043762 ^ clk (in)
                                                         clk (net)
                      0.066940    0.000000    0.043762 ^ clkbuf_0_clk/A (sg13g2_buf_16)
     4    0.080607    0.034407    0.089433    0.133195 ^ clkbuf_0_clk/X (sg13g2_buf_16)
                                                         clknet_0_clk (net)
                      0.034924    0.003059    0.136254 ^ clkbuf_2_0__f_clk/A (sg13g2_buf_16)
     6    0.026689    0.021216    0.065451    0.201705 ^ clkbuf_2_0__f_clk/X (sg13g2_buf_16)
                                                         clknet_2_0__leaf_clk (net)
                      0.021217    0.000219    0.201924 ^ _108_/CLK (sg13g2_dfrbpq_1)
     3    0.016878    0.059797    0.184176    0.386100 v _108_/Q (sg13g2_dfrbpq_1)
                                                         internal_data_reg[0] (net)
                      0.059808    0.000777    0.386877 v _055_/A1 (sg13g2_mux2_1)
     1    0.002461    0.028003    0.112708    0.499585 v _055_/X (sg13g2_mux2_1)
                                                         _042_ (net)
                      0.028003    0.000024    0.499609 v _120_/D (sg13g2_dfrbpq_1)
                                              0.499609   data arrival time

                                  0.000000    0.000000   clock clk (rise edge)
                                  0.000000    0.000000   clock source latency
     1    0.052549    0.067257    0.050880    0.050880 ^ clk (in)
                                                         clk (net)
                      0.070027    0.000000    0.050880 ^ clkbuf_0_clk/A (sg13g2_buf_16)
     4    0.091299    0.037008    0.102396    0.153276 ^ clkbuf_0_clk/X (sg13g2_buf_16)
                                                         clknet_0_clk (net)
                      0.037634    0.003860    0.157136 ^ clkbuf_2_0__f_clk/A (sg13g2_buf_16)
     6    0.029373    0.021948    0.074264    0.231400 ^ clkbuf_2_0__f_clk/X (sg13g2_buf_16)
                                                         clknet_2_0__leaf_clk (net)
                      0.021952    0.000603    0.232003 ^ _120_/CLK (sg13g2_dfrbpq_1)
                                  0.250000    0.482003   clock uncertainty
                                 -0.029695    0.452308   clock reconvergence pessimism
                                 -0.036513    0.415794   library hold time
                                              0.415794   data required time
---------------------------------------------------------------------------------------------
                                              0.415794   data required time
                                             -0.499609   data arrival time
---------------------------------------------------------------------------------------------
                                              0.083815   slack (MET)


Startpoint: reset (input port clocked by clk)
Endpoint: _119_ (removal check against rising-edge clock clk)
Path Group: asynchronous
Path Type: min

Fanout         Cap        Slew       Delay        Time   Description
---------------------------------------------------------------------------------------------
                                  0.000000    0.000000   clock clk (rise edge)
                                  0.000000    0.000000   clock network delay (propagated)
                                  4.000000    4.000000 v input external delay
     1    0.003988    0.017895    0.002669    4.002668 v reset (in)
                                                         reset (net)
                      0.017895    0.000000    4.002668 v input3/A (sg13g2_buf_1)
     1    0.020347    0.071225    0.094240    4.096909 v input3/X (sg13g2_buf_1)
                                                         net3 (net)
                      0.071304    0.001867    4.098776 v fanout22/A (sg13g2_buf_1)
     4    0.023942    0.080587    0.125395    4.224171 v fanout22/X (sg13g2_buf_1)
                                                         net22 (net)
                      0.080587    0.000143    4.224314 v _091_/A (sg13g2_inv_1)
     1    0.004968    0.039211    0.047998    4.272312 ^ _091_/Y (sg13g2_inv_1)
                                                         _017_ (net)
                      0.039211    0.000038    4.272350 ^ _119_/RESET_B (sg13g2_dfrbpq_1)
                                              4.272350   data arrival time

                                  0.000000    0.000000   clock clk (rise edge)
                                  0.000000    0.000000   clock source latency
     1    0.052549    0.067257    0.050880    0.050880 ^ clk (in)
                                                         clk (net)
                      0.070027    0.000000    0.050880 ^ clkbuf_0_clk/A (sg13g2_buf_16)
     4    0.091299    0.037008    0.102396    0.153276 ^ clkbuf_0_clk/X (sg13g2_buf_16)
                                                         clknet_0_clk (net)
                      0.037461    0.003177    0.156453 ^ clkbuf_2_3__f_clk/A (sg13g2_buf_16)
     6    0.025540    0.021075    0.073357    0.229810 ^ clkbuf_2_3__f_clk/X (sg13g2_buf_16)
                                                         clknet_2_3__leaf_clk (net)
                      0.021080    0.000674    0.230484 ^ _119_/CLK (sg13g2_dfrbpq_1)
                                  0.250000    0.480484   clock uncertainty
                                  0.000000    0.480484   clock reconvergence pessimism
                                 -0.106113    0.374372   library removal time
                                              0.374372   data required time
---------------------------------------------------------------------------------------------
                                              0.374372   data required time
                                             -4.272350   data arrival time
---------------------------------------------------------------------------------------------
                                              3.897979   slack (MET)


Startpoint: reset (input port clocked by clk)
Endpoint: _118_ (removal check against rising-edge clock clk)
Path Group: asynchronous
Path Type: min

Fanout         Cap        Slew       Delay        Time   Description
---------------------------------------------------------------------------------------------
                                  0.000000    0.000000   clock clk (rise edge)
                                  0.000000    0.000000   clock network delay (propagated)
                                  4.000000    4.000000 v input external delay
     1    0.003988    0.017895    0.002669    4.002668 v reset (in)
                                                         reset (net)
                      0.017895    0.000000    4.002668 v input3/A (sg13g2_buf_1)
     1    0.020347    0.071225    0.094240    4.096909 v input3/X (sg13g2_buf_1)
                                                         net3 (net)
                      0.071304    0.001867    4.098776 v fanout22/A (sg13g2_buf_1)
     4    0.023942    0.080587    0.125395    4.224171 v fanout22/X (sg13g2_buf_1)
                                                         net22 (net)
                      0.080587    0.000108    4.224279 v _090_/A (sg13g2_inv_1)
     1    0.004968    0.039211    0.047998    4.272277 ^ _090_/Y (sg13g2_inv_1)
                                                         _016_ (net)
                      0.039211    0.000038    4.272315 ^ _118_/RESET_B (sg13g2_dfrbpq_1)
                                              4.272315   data arrival time

                                  0.000000    0.000000   clock clk (rise edge)
                                  0.000000    0.000000   clock source latency
     1    0.052549    0.067257    0.050880    0.050880 ^ clk (in)
                                                         clk (net)
                      0.070027    0.000000    0.050880 ^ clkbuf_0_clk/A (sg13g2_buf_16)
     4    0.091299    0.037008    0.102396    0.153276 ^ clkbuf_0_clk/X (sg13g2_buf_16)
                                                         clknet_0_clk (net)
                      0.037461    0.003177    0.156453 ^ clkbuf_2_3__f_clk/A (sg13g2_buf_16)
     6    0.025540    0.021075    0.073357    0.229810 ^ clkbuf_2_3__f_clk/X (sg13g2_buf_16)
                                                         clknet_2_3__leaf_clk (net)
                      0.021078    0.000504    0.230314 ^ _118_/CLK (sg13g2_dfrbpq_1)
                                  0.250000    0.480314   clock uncertainty
                                  0.000000    0.480314   clock reconvergence pessimism
                                 -0.106113    0.374202   library removal time
                                              0.374202   data required time
---------------------------------------------------------------------------------------------
                                              0.374202   data required time
                                             -4.272315   data arrival time
---------------------------------------------------------------------------------------------
                                              3.898113   slack (MET)


Startpoint: reset (input port clocked by clk)
Endpoint: _114_ (removal check against rising-edge clock clk)
Path Group: asynchronous
Path Type: min

Fanout         Cap        Slew       Delay        Time   Description
---------------------------------------------------------------------------------------------
                                  0.000000    0.000000   clock clk (rise edge)
                                  0.000000    0.000000   clock network delay (propagated)
                                  4.000000    4.000000 v input external delay
     1    0.003988    0.017895    0.002669    4.002668 v reset (in)
                                                         reset (net)
                      0.017895    0.000000    4.002668 v input3/A (sg13g2_buf_1)
     1    0.020347    0.071225    0.094240    4.096909 v input3/X (sg13g2_buf_1)
                                                         net3 (net)
                      0.071304    0.001867    4.098776 v fanout22/A (sg13g2_buf_1)
     4    0.023942    0.080587    0.125395    4.224171 v fanout22/X (sg13g2_buf_1)
                                                         net22 (net)
                      0.080638    0.000825    4.224995 v fanout20/A (sg13g2_buf_1)
     7    0.026804    0.089349    0.135078    4.360073 v fanout20/X (sg13g2_buf_1)
                                                         net20 (net)
                      0.089352    0.000578    4.360651 v _086_/A (sg13g2_inv_1)
     1    0.004891    0.040666    0.050218    4.410869 ^ _086_/Y (sg13g2_inv_1)
                                                         _012_ (net)
                      0.040666    0.000035    4.410904 ^ _114_/RESET_B (sg13g2_dfrbpq_1)
                                              4.410904   data arrival time

                                  0.000000    0.000000   clock clk (rise edge)
                                  0.000000    0.000000   clock source latency
     1    0.052549    0.067257    0.050880    0.050880 ^ clk (in)
                                                         clk (net)
                      0.070027    0.000000    0.050880 ^ clkbuf_0_clk/A (sg13g2_buf_16)
     4    0.091299    0.037008    0.102396    0.153276 ^ clkbuf_0_clk/X (sg13g2_buf_16)
                                                         clknet_0_clk (net)
                      0.037334    0.002605    0.155881 ^ clkbuf_2_2__f_clk/A (sg13g2_buf_16)
     6    0.030482    0.022184    0.074274    0.230155 ^ clkbuf_2_2__f_clk/X (sg13g2_buf_16)
                                                         clknet_2_2__leaf_clk (net)
                      0.022197    0.001144    0.231300 ^ _114_/CLK (sg13g2_dfrbpq_1)
                                  0.250000    0.481300   clock uncertainty
                                  0.000000    0.481300   clock reconvergence pessimism
                                 -0.106407    0.374892   library removal time
                                              0.374892   data required time
---------------------------------------------------------------------------------------------
                                              0.374892   data required time
                                             -4.410904   data arrival time
---------------------------------------------------------------------------------------------
                                              4.036012   slack (MET)


Startpoint: reset (input port clocked by clk)
Endpoint: _108_ (removal check against rising-edge clock clk)
Path Group: asynchronous
Path Type: min

Fanout         Cap        Slew       Delay        Time   Description
---------------------------------------------------------------------------------------------
                                  0.000000    0.000000   clock clk (rise edge)
                                  0.000000    0.000000   clock network delay (propagated)
                                  4.000000    4.000000 v input external delay
     1    0.003988    0.017895    0.002669    4.002668 v reset (in)
                                                         reset (net)
                      0.017895    0.000000    4.002668 v input3/A (sg13g2_buf_1)
     1    0.020347    0.071225    0.094240    4.096909 v input3/X (sg13g2_buf_1)
                                                         net3 (net)
                      0.071304    0.001867    4.098776 v fanout22/A (sg13g2_buf_1)
     4    0.023942    0.080587    0.125395    4.224171 v fanout22/X (sg13g2_buf_1)
                                                         net22 (net)
                      0.080638    0.000825    4.224995 v fanout20/A (sg13g2_buf_1)
     7    0.026804    0.089349    0.135078    4.360073 v fanout20/X (sg13g2_buf_1)
                                                         net20 (net)
                      0.089355    0.000774    4.360847 v _080_/A (sg13g2_inv_1)
     1    0.004934    0.040807    0.050374    4.411222 ^ _080_/Y (sg13g2_inv_1)
                                                         _006_ (net)
                      0.040807    0.000037    4.411258 ^ _108_/RESET_B (sg13g2_dfrbpq_1)
                                              4.411258   data arrival time

                                  0.000000    0.000000   clock clk (rise edge)
                                  0.000000    0.000000   clock source latency
     1    0.052549    0.067257    0.050880    0.050880 ^ clk (in)
                                                         clk (net)
                      0.070027    0.000000    0.050880 ^ clkbuf_0_clk/A (sg13g2_buf_16)
     4    0.091299    0.037008    0.102396    0.153276 ^ clkbuf_0_clk/X (sg13g2_buf_16)
                                                         clknet_0_clk (net)
                      0.037634    0.003860    0.157136 ^ clkbuf_2_0__f_clk/A (sg13g2_buf_16)
     6    0.029373    0.021948    0.074264    0.231400 ^ clkbuf_2_0__f_clk/X (sg13g2_buf_16)
                                                         clknet_2_0__leaf_clk (net)
                      0.021949    0.000267    0.231666 ^ _108_/CLK (sg13g2_dfrbpq_1)
                                  0.250000    0.481667   clock uncertainty
                                  0.000000    0.481667   clock reconvergence pessimism
                                 -0.106481    0.375186   library removal time
                                              0.375186   data required time
---------------------------------------------------------------------------------------------
                                              0.375186   data required time
                                             -4.411258   data arrival time
---------------------------------------------------------------------------------------------
                                              4.036072   slack (MET)


Startpoint: reset (input port clocked by clk)
Endpoint: _113_ (removal check against rising-edge clock clk)
Path Group: asynchronous
Path Type: min

Fanout         Cap        Slew       Delay        Time   Description
---------------------------------------------------------------------------------------------
                                  0.000000    0.000000   clock clk (rise edge)
                                  0.000000    0.000000   clock network delay (propagated)
                                  4.000000    4.000000 v input external delay
     1    0.003988    0.017895    0.002669    4.002668 v reset (in)
                                                         reset (net)
                      0.017895    0.000000    4.002668 v input3/A (sg13g2_buf_1)
     1    0.020347    0.071225    0.094240    4.096909 v input3/X (sg13g2_buf_1)
                                                         net3 (net)
                      0.071304    0.001867    4.098776 v fanout22/A (sg13g2_buf_1)
     4    0.023942    0.080587    0.125395    4.224171 v fanout22/X (sg13g2_buf_1)
                                                         net22 (net)
                      0.080638    0.000825    4.224995 v fanout20/A (sg13g2_buf_1)
     7    0.026804    0.089349    0.135078    4.360073 v fanout20/X (sg13g2_buf_1)
                                                         net20 (net)
                      0.089360    0.000966    4.361039 v _085_/A (sg13g2_inv_1)
     1    0.004760    0.040241    0.049749    4.410789 ^ _085_/Y (sg13g2_inv_1)
                                                         _011_ (net)
                      0.040241    0.000028    4.410816 ^ _113_/RESET_B (sg13g2_dfrbpq_1)
                                              4.410816   data arrival time

                                  0.000000    0.000000   clock clk (rise edge)
                                  0.000000    0.000000   clock source latency
     1    0.052549    0.067257    0.050880    0.050880 ^ clk (in)
                                                         clk (net)
                      0.070027    0.000000    0.050880 ^ clkbuf_0_clk/A (sg13g2_buf_16)
     4    0.091299    0.037008    0.102396    0.153276 ^ clkbuf_0_clk/X (sg13g2_buf_16)
                                                         clknet_0_clk (net)
                      0.037555    0.003559    0.156835 ^ clkbuf_2_1__f_clk/A (sg13g2_buf_16)
     6    0.028098    0.021658    0.073960    0.230795 ^ clkbuf_2_1__f_clk/X (sg13g2_buf_16)
                                                         clknet_2_1__leaf_clk (net)
                      0.021658    0.000159    0.230954 ^ _113_/CLK (sg13g2_dfrbpq_1)
                                  0.250000    0.480954   clock uncertainty
                                  0.000000    0.480954   clock reconvergence pessimism
                                 -0.106348    0.374606   library removal time
                                              0.374606   data required time
---------------------------------------------------------------------------------------------
                                              0.374606   data required time
                                             -4.410816   data arrival time
---------------------------------------------------------------------------------------------
                                              4.036211   slack (MET)


Startpoint: reset (input port clocked by clk)
Endpoint: _102_ (removal check against rising-edge clock clk)
Path Group: asynchronous
Path Type: min

Fanout         Cap        Slew       Delay        Time   Description
---------------------------------------------------------------------------------------------
                                  0.000000    0.000000   clock clk (rise edge)
                                  0.000000    0.000000   clock network delay (propagated)
                                  4.000000    4.000000 v input external delay
     1    0.003988    0.017895    0.002669    4.002668 v reset (in)
                                                         reset (net)
                      0.017895    0.000000    4.002668 v input3/A (sg13g2_buf_1)
     1    0.020347    0.071225    0.094240    4.096909 v input3/X (sg13g2_buf_1)
                                                         net3 (net)
                      0.071304    0.001867    4.098776 v fanout22/A (sg13g2_buf_1)
     4    0.023942    0.080587    0.125395    4.224171 v fanout22/X (sg13g2_buf_1)
                                                         net22 (net)
                      0.080638    0.000825    4.224995 v fanout20/A (sg13g2_buf_1)
     7    0.026804    0.089349    0.135078    4.360073 v fanout20/X (sg13g2_buf_1)
                                                         net20 (net)
                      0.089349    0.000165    4.360238 v _049_/A (sg13g2_inv_1)
     1    0.005225    0.041760    0.051422    4.411661 ^ _049_/Y (sg13g2_inv_1)
                                                         _000_ (net)
                      0.041760    0.000050    4.411710 ^ _102_/RESET_B (sg13g2_dfrbpq_1)
                                              4.411710   data arrival time

                                  0.000000    0.000000   clock clk (rise edge)
                                  0.000000    0.000000   clock source latency
     1    0.052549    0.067257    0.050880    0.050880 ^ clk (in)
                                                         clk (net)
                      0.070027    0.000000    0.050880 ^ clkbuf_0_clk/A (sg13g2_buf_16)
     4    0.091299    0.037008    0.102396    0.153276 ^ clkbuf_0_clk/X (sg13g2_buf_16)
                                                         clknet_0_clk (net)
                      0.037334    0.002605    0.155881 ^ clkbuf_2_2__f_clk/A (sg13g2_buf_16)
     6    0.030482    0.022184    0.074274    0.230155 ^ clkbuf_2_2__f_clk/X (sg13g2_buf_16)
                                                         clknet_2_2__leaf_clk (net)
                      0.022195    0.001079    0.231234 ^ _102_/CLK (sg13g2_dfrbpq_1)
                                  0.250000    0.481234   clock uncertainty
                                  0.000000    0.481234   clock reconvergence pessimism
                                 -0.106735    0.374499   library removal time
                                              0.374499   data required time
---------------------------------------------------------------------------------------------
                                              0.374499   data required time
                                             -4.411710   data arrival time
---------------------------------------------------------------------------------------------
                                              4.037210   slack (MET)


Startpoint: reset (input port clocked by clk)
Endpoint: _101_ (removal check against rising-edge clock clk)
Path Group: asynchronous
Path Type: min

Fanout         Cap        Slew       Delay        Time   Description
---------------------------------------------------------------------------------------------
                                  0.000000    0.000000   clock clk (rise edge)
                                  0.000000    0.000000   clock network delay (propagated)
                                  4.000000    4.000000 v input external delay
     1    0.003988    0.017895    0.002669    4.002668 v reset (in)
                                                         reset (net)
                      0.017895    0.000000    4.002668 v input3/A (sg13g2_buf_1)
     1    0.020347    0.071225    0.094240    4.096909 v input3/X (sg13g2_buf_1)
                                                         net3 (net)
                      0.071304    0.001867    4.098776 v fanout22/A (sg13g2_buf_1)
     4    0.023942    0.080587    0.125395    4.224171 v fanout22/X (sg13g2_buf_1)
                                                         net22 (net)
                      0.080638    0.000825    4.224995 v fanout20/A (sg13g2_buf_1)
     7    0.026804    0.089349    0.135078    4.360073 v fanout20/X (sg13g2_buf_1)
                                                         net20 (net)
                      0.089357    0.000863    4.360937 v _097_/A (sg13g2_inv_1)
     1    0.005225    0.041762    0.051425    4.412361 ^ _097_/Y (sg13g2_inv_1)
                                                         _023_ (net)
                      0.041762    0.000050    4.412411 ^ _101_/RESET_B (sg13g2_dfrbpq_1)
                                              4.412411   data arrival time

                                  0.000000    0.000000   clock clk (rise edge)
                                  0.000000    0.000000   clock source latency
     1    0.052549    0.067257    0.050880    0.050880 ^ clk (in)
                                                         clk (net)
                      0.070027    0.000000    0.050880 ^ clkbuf_0_clk/A (sg13g2_buf_16)
     4    0.091299    0.037008    0.102396    0.153276 ^ clkbuf_0_clk/X (sg13g2_buf_16)
                                                         clknet_0_clk (net)
                      0.037555    0.003559    0.156835 ^ clkbuf_2_1__f_clk/A (sg13g2_buf_16)
     6    0.028098    0.021658    0.073960    0.230795 ^ clkbuf_2_1__f_clk/X (sg13g2_buf_16)
                                                         clknet_2_1__leaf_clk (net)
                      0.021658    0.000189    0.230984 ^ _101_/CLK (sg13g2_dfrbpq_1)
                                  0.250000    0.480984   clock uncertainty
                                  0.000000    0.480984   clock reconvergence pessimism
                                 -0.106803    0.374181   library removal time
                                              0.374181   data required time
---------------------------------------------------------------------------------------------
                                              0.374181   data required time
                                             -4.412411   data arrival time
---------------------------------------------------------------------------------------------
                                              4.038230   slack (MET)


Startpoint: reset (input port clocked by clk)
Endpoint: _100_ (removal check against rising-edge clock clk)
Path Group: asynchronous
Path Type: min

Fanout         Cap        Slew       Delay        Time   Description
---------------------------------------------------------------------------------------------
                                  0.000000    0.000000   clock clk (rise edge)
                                  0.000000    0.000000   clock network delay (propagated)
                                  4.000000    4.000000 v input external delay
     1    0.003988    0.017895    0.002669    4.002668 v reset (in)
                                                         reset (net)
                      0.017895    0.000000    4.002668 v input3/A (sg13g2_buf_1)
     1    0.020347    0.071225    0.094240    4.096909 v input3/X (sg13g2_buf_1)
                                                         net3 (net)
                      0.071304    0.001867    4.098776 v fanout22/A (sg13g2_buf_1)
     4    0.023942    0.080587    0.125395    4.224171 v fanout22/X (sg13g2_buf_1)
                                                         net22 (net)
                      0.080638    0.000825    4.224995 v fanout20/A (sg13g2_buf_1)
     7    0.026804    0.089349    0.135078    4.360073 v fanout20/X (sg13g2_buf_1)
                                                         net20 (net)
                      0.089362    0.001028    4.361101 v _096_/A (sg13g2_inv_1)
     1    0.005476    0.042606    0.052331    4.413433 ^ _096_/Y (sg13g2_inv_1)
                                                         _022_ (net)
                      0.042606    0.000060    4.413493 ^ _100_/RESET_B (sg13g2_dfrbpq_1)
                                              4.413493   data arrival time

                                  0.000000    0.000000   clock clk (rise edge)
                                  0.000000    0.000000   clock source latency
     1    0.052549    0.067257    0.050880    0.050880 ^ clk (in)
                                                         clk (net)
                      0.070027    0.000000    0.050880 ^ clkbuf_0_clk/A (sg13g2_buf_16)
     4    0.091299    0.037008    0.102396    0.153276 ^ clkbuf_0_clk/X (sg13g2_buf_16)
                                                         clknet_0_clk (net)
                      0.037555    0.003559    0.156835 ^ clkbuf_2_1__f_clk/A (sg13g2_buf_16)
     6    0.028098    0.021658    0.073960    0.230795 ^ clkbuf_2_1__f_clk/X (sg13g2_buf_16)
                                                         clknet_2_1__leaf_clk (net)
                      0.021658    0.000234    0.231030 ^ _100_/CLK (sg13g2_dfrbpq_1)
                                  0.250000    0.481030   clock uncertainty
                                  0.000000    0.481030   clock reconvergence pessimism
                                 -0.107056    0.373974   library removal time
                                              0.373974   data required time
---------------------------------------------------------------------------------------------
                                              0.373974   data required time
                                             -4.413493   data arrival time
---------------------------------------------------------------------------------------------
                                              4.039519   slack (MET)


Startpoint: reset (input port clocked by clk)
Endpoint: _103_ (removal check against rising-edge clock clk)
Path Group: asynchronous
Path Type: min

Fanout         Cap        Slew       Delay        Time   Description
---------------------------------------------------------------------------------------------
                                  0.000000    0.000000   clock clk (rise edge)
                                  0.000000    0.000000   clock network delay (propagated)
                                  4.000000    4.000000 v input external delay
     1    0.003988    0.017895    0.002669    4.002668 v reset (in)
                                                         reset (net)
                      0.017895    0.000000    4.002668 v input3/A (sg13g2_buf_1)
     1    0.020347    0.071225    0.094240    4.096909 v input3/X (sg13g2_buf_1)
                                                         net3 (net)
                      0.071304    0.001867    4.098776 v fanout22/A (sg13g2_buf_1)
     4    0.023942    0.080587    0.125395    4.224171 v fanout22/X (sg13g2_buf_1)
                                                         net22 (net)
                      0.080587    0.000057    4.224228 v fanout21/A (sg13g2_buf_1)
     8    0.033945    0.110792    0.150337    4.374564 v fanout21/X (sg13g2_buf_1)
                                                         net21 (net)
                      0.110802    0.001033    4.375597 v _075_/A (sg13g2_inv_1)
     1    0.004760    0.043838    0.054173    4.429770 ^ _075_/Y (sg13g2_inv_1)
                                                         _001_ (net)
                      0.043838    0.000028    4.429799 ^ _103_/RESET_B (sg13g2_dfrbpq_1)
                                              4.429799   data arrival time

                                  0.000000    0.000000   clock clk (rise edge)
                                  0.000000    0.000000   clock source latency
     1    0.052549    0.067257    0.050880    0.050880 ^ clk (in)
                                                         clk (net)
                      0.070027    0.000000    0.050880 ^ clkbuf_0_clk/A (sg13g2_buf_16)
     4    0.091299    0.037008    0.102396    0.153276 ^ clkbuf_0_clk/X (sg13g2_buf_16)
                                                         clknet_0_clk (net)
                      0.037334    0.002605    0.155881 ^ clkbuf_2_2__f_clk/A (sg13g2_buf_16)
     6    0.030482    0.022184    0.074274    0.230155 ^ clkbuf_2_2__f_clk/X (sg13g2_buf_16)
                                                         clknet_2_2__leaf_clk (net)
                      0.022188    0.000615    0.230770 ^ _103_/CLK (sg13g2_dfrbpq_1)
                                  0.250000    0.480770   clock uncertainty
                                  0.000000    0.480770   clock reconvergence pessimism
                                 -0.107358    0.373412   library removal time
                                              0.373412   data required time
---------------------------------------------------------------------------------------------
                                              0.373412   data required time
                                             -4.429799   data arrival time
---------------------------------------------------------------------------------------------
                                              4.056386   slack (MET)


Startpoint: reset (input port clocked by clk)
Endpoint: _106_ (removal check against rising-edge clock clk)
Path Group: asynchronous
Path Type: min

Fanout         Cap        Slew       Delay        Time   Description
---------------------------------------------------------------------------------------------
                                  0.000000    0.000000   clock clk (rise edge)
                                  0.000000    0.000000   clock network delay (propagated)
                                  4.000000    4.000000 v input external delay
     1    0.003988    0.017895    0.002669    4.002668 v reset (in)
                                                         reset (net)
                      0.017895    0.000000    4.002668 v input3/A (sg13g2_buf_1)
     1    0.020347    0.071225    0.094240    4.096909 v input3/X (sg13g2_buf_1)
                                                         net3 (net)
                      0.071304    0.001867    4.098776 v fanout22/A (sg13g2_buf_1)
     4    0.023942    0.080587    0.125395    4.224171 v fanout22/X (sg13g2_buf_1)
                                                         net22 (net)
                      0.080587    0.000057    4.224228 v fanout21/A (sg13g2_buf_1)
     8    0.033945    0.110792    0.150337    4.374564 v fanout21/X (sg13g2_buf_1)
                                                         net21 (net)
                      0.110792    0.000163    4.374728 v _078_/A (sg13g2_inv_1)
     1    0.005053    0.044793    0.055310    4.430038 ^ _078_/Y (sg13g2_inv_1)
                                                         _004_ (net)
                      0.044793    0.000042    4.430079 ^ _106_/RESET_B (sg13g2_dfrbpq_1)
                                              4.430079   data arrival time

                                  0.000000    0.000000   clock clk (rise edge)
                                  0.000000    0.000000   clock source latency
     1    0.052549    0.067257    0.050880    0.050880 ^ clk (in)
                                                         clk (net)
                      0.070027    0.000000    0.050880 ^ clkbuf_0_clk/A (sg13g2_buf_16)
     4    0.091299    0.037008    0.102396    0.153276 ^ clkbuf_0_clk/X (sg13g2_buf_16)
                                                         clknet_0_clk (net)
                      0.037461    0.003177    0.156453 ^ clkbuf_2_3__f_clk/A (sg13g2_buf_16)
     6    0.025540    0.021075    0.073357    0.229810 ^ clkbuf_2_3__f_clk/X (sg13g2_buf_16)
                                                         clknet_2_3__leaf_clk (net)
                      0.021081    0.000757    0.230567 ^ _106_/CLK (sg13g2_dfrbpq_1)
                                  0.250000    0.480567   clock uncertainty
                                  0.000000    0.480567   clock reconvergence pessimism
                                 -0.107784    0.372783   library removal time
                                              0.372783   data required time
---------------------------------------------------------------------------------------------
                                              0.372783   data required time
                                             -4.430079   data arrival time
---------------------------------------------------------------------------------------------
                                              4.057296   slack (MET)


Startpoint: reset (input port clocked by clk)
Endpoint: _116_ (removal check against rising-edge clock clk)
Path Group: asynchronous
Path Type: min

Fanout         Cap        Slew       Delay        Time   Description
---------------------------------------------------------------------------------------------
                                  0.000000    0.000000   clock clk (rise edge)
                                  0.000000    0.000000   clock network delay (propagated)
                                  4.000000    4.000000 v input external delay
     1    0.003988    0.017895    0.002669    4.002668 v reset (in)
                                                         reset (net)
                      0.017895    0.000000    4.002668 v input3/A (sg13g2_buf_1)
     1    0.020347    0.071225    0.094240    4.096909 v input3/X (sg13g2_buf_1)
                                                         net3 (net)
                      0.071304    0.001867    4.098776 v fanout22/A (sg13g2_buf_1)
     4    0.023942    0.080587    0.125395    4.224171 v fanout22/X (sg13g2_buf_1)
                                                         net22 (net)
                      0.080587    0.000057    4.224228 v fanout21/A (sg13g2_buf_1)
     8    0.033945    0.110792    0.150337    4.374564 v fanout21/X (sg13g2_buf_1)
                                                         net21 (net)
                      0.110797    0.000819    4.375383 v _088_/A (sg13g2_inv_1)
     1    0.004934    0.044404    0.054847    4.430230 ^ _088_/Y (sg13g2_inv_1)
                                                         _014_ (net)
                      0.044404    0.000037    4.430267 ^ _116_/RESET_B (sg13g2_dfrbpq_1)
                                              4.430267   data arrival time

                                  0.000000    0.000000   clock clk (rise edge)
                                  0.000000    0.000000   clock source latency
     1    0.052549    0.067257    0.050880    0.050880 ^ clk (in)
                                                         clk (net)
                      0.070027    0.000000    0.050880 ^ clkbuf_0_clk/A (sg13g2_buf_16)
     4    0.091299    0.037008    0.102396    0.153276 ^ clkbuf_0_clk/X (sg13g2_buf_16)
                                                         clknet_0_clk (net)
                      0.037334    0.002605    0.155881 ^ clkbuf_2_2__f_clk/A (sg13g2_buf_16)
     6    0.030482    0.022184    0.074274    0.230155 ^ clkbuf_2_2__f_clk/X (sg13g2_buf_16)
                                                         clknet_2_2__leaf_clk (net)
                      0.022185    0.000194    0.230350 ^ _116_/CLK (sg13g2_dfrbpq_1)
                                  0.250000    0.480350   clock uncertainty
                                  0.000000    0.480350   clock reconvergence pessimism
                                 -0.107528    0.372822   library removal time
                                              0.372822   data required time
---------------------------------------------------------------------------------------------
                                              0.372822   data required time
                                             -4.430267   data arrival time
---------------------------------------------------------------------------------------------
                                              4.057445   slack (MET)


Startpoint: reset (input port clocked by clk)
Endpoint: _117_ (removal check against rising-edge clock clk)
Path Group: asynchronous
Path Type: min

Fanout         Cap        Slew       Delay        Time   Description
---------------------------------------------------------------------------------------------
                                  0.000000    0.000000   clock clk (rise edge)
                                  0.000000    0.000000   clock network delay (propagated)
                                  4.000000    4.000000 v input external delay
     1    0.003988    0.017895    0.002669    4.002668 v reset (in)
                                                         reset (net)
                      0.017895    0.000000    4.002668 v input3/A (sg13g2_buf_1)
     1    0.020347    0.071225    0.094240    4.096909 v input3/X (sg13g2_buf_1)
                                                         net3 (net)
                      0.071304    0.001867    4.098776 v fanout22/A (sg13g2_buf_1)
     4    0.023942    0.080587    0.125395    4.224171 v fanout22/X (sg13g2_buf_1)
                                                         net22 (net)
                      0.080587    0.000057    4.224228 v fanout21/A (sg13g2_buf_1)
     8    0.033945    0.110792    0.150337    4.374564 v fanout21/X (sg13g2_buf_1)
                                                         net21 (net)
                      0.110792    0.000423    4.374988 v _089_/A (sg13g2_inv_1)
     1    0.004891    0.044263    0.054679    4.429667 ^ _089_/Y (sg13g2_inv_1)
                                                         _015_ (net)
                      0.044263    0.000035    4.429702 ^ _117_/RESET_B (sg13g2_dfrbpq_1)
                                              4.429702   data arrival time

                                  0.000000    0.000000   clock clk (rise edge)
                                  0.000000    0.000000   clock source latency
     1    0.052549    0.067257    0.050880    0.050880 ^ clk (in)
                                                         clk (net)
                      0.070027    0.000000    0.050880 ^ clkbuf_0_clk/A (sg13g2_buf_16)
     4    0.091299    0.037008    0.102396    0.153276 ^ clkbuf_0_clk/X (sg13g2_buf_16)
                                                         clknet_0_clk (net)
                      0.037461    0.003177    0.156453 ^ clkbuf_2_3__f_clk/A (sg13g2_buf_16)
     6    0.025540    0.021075    0.073357    0.229810 ^ clkbuf_2_3__f_clk/X (sg13g2_buf_16)
                                                         clknet_2_3__leaf_clk (net)
                      0.021075    0.000075    0.229886 ^ _117_/CLK (sg13g2_dfrbpq_1)
                                  0.250000    0.479886   clock uncertainty
                                  0.000000    0.479886   clock reconvergence pessimism
                                 -0.107626    0.372260   library removal time
                                              0.372260   data required time
---------------------------------------------------------------------------------------------
                                              0.372260   data required time
                                             -4.429702   data arrival time
---------------------------------------------------------------------------------------------
                                              4.057442   slack (MET)


Startpoint: reset (input port clocked by clk)
Endpoint: _104_ (removal check against rising-edge clock clk)
Path Group: asynchronous
Path Type: min

Fanout         Cap        Slew       Delay        Time   Description
---------------------------------------------------------------------------------------------
                                  0.000000    0.000000   clock clk (rise edge)
                                  0.000000    0.000000   clock network delay (propagated)
                                  4.000000    4.000000 v input external delay
     1    0.003988    0.017895    0.002669    4.002668 v reset (in)
                                                         reset (net)
                      0.017895    0.000000    4.002668 v input3/A (sg13g2_buf_1)
     1    0.020347    0.071225    0.094240    4.096909 v input3/X (sg13g2_buf_1)
                                                         net3 (net)
                      0.071304    0.001867    4.098776 v fanout22/A (sg13g2_buf_1)
     4    0.023942    0.080587    0.125395    4.224171 v fanout22/X (sg13g2_buf_1)
                                                         net22 (net)
                      0.080587    0.000057    4.224228 v fanout21/A (sg13g2_buf_1)
     8    0.033945    0.110792    0.150337    4.374564 v fanout21/X (sg13g2_buf_1)
                                                         net21 (net)
                      0.110794    0.000624    4.375189 v _076_/A (sg13g2_inv_1)
     1    0.005131    0.045046    0.055611    4.430800 ^ _076_/Y (sg13g2_inv_1)
                                                         _002_ (net)
                      0.045046    0.000045    4.430845 ^ _104_/RESET_B (sg13g2_dfrbpq_1)
                                              4.430845   data arrival time

                                  0.000000    0.000000   clock clk (rise edge)
                                  0.000000    0.000000   clock source latency
     1    0.052549    0.067257    0.050880    0.050880 ^ clk (in)
                                                         clk (net)
                      0.070027    0.000000    0.050880 ^ clkbuf_0_clk/A (sg13g2_buf_16)
     4    0.091299    0.037008    0.102396    0.153276 ^ clkbuf_0_clk/X (sg13g2_buf_16)
                                                         clknet_0_clk (net)
                      0.037334    0.002605    0.155881 ^ clkbuf_2_2__f_clk/A (sg13g2_buf_16)
     6    0.030482    0.022184    0.074274    0.230155 ^ clkbuf_2_2__f_clk/X (sg13g2_buf_16)
                                                         clknet_2_2__leaf_clk (net)
                      0.022185    0.000126    0.230282 ^ _104_/CLK (sg13g2_dfrbpq_1)
                                  0.250000    0.480282   clock uncertainty
                                  0.000000    0.480282   clock reconvergence pessimism
                                 -0.107720    0.372562   library removal time
                                              0.372562   data required time
---------------------------------------------------------------------------------------------
                                              0.372562   data required time
                                             -4.430845   data arrival time
---------------------------------------------------------------------------------------------
                                              4.058283   slack (MET)


Startpoint: reset (input port clocked by clk)
Endpoint: _105_ (removal check against rising-edge clock clk)
Path Group: asynchronous
Path Type: min

Fanout         Cap        Slew       Delay        Time   Description
---------------------------------------------------------------------------------------------
                                  0.000000    0.000000   clock clk (rise edge)
                                  0.000000    0.000000   clock network delay (propagated)
                                  4.000000    4.000000 v input external delay
     1    0.003988    0.017895    0.002669    4.002668 v reset (in)
                                                         reset (net)
                      0.017895    0.000000    4.002668 v input3/A (sg13g2_buf_1)
     1    0.020347    0.071225    0.094240    4.096909 v input3/X (sg13g2_buf_1)
                                                         net3 (net)
                      0.071304    0.001867    4.098776 v fanout22/A (sg13g2_buf_1)
     4    0.023942    0.080587    0.125395    4.224171 v fanout22/X (sg13g2_buf_1)
                                                         net22 (net)
                      0.080587    0.000057    4.224228 v fanout21/A (sg13g2_buf_1)
     8    0.033945    0.110792    0.150337    4.374564 v fanout21/X (sg13g2_buf_1)
                                                         net21 (net)
                      0.110792    0.000089    4.374654 v _077_/A (sg13g2_inv_1)
     1    0.005217    0.045326    0.055945    4.430598 ^ _077_/Y (sg13g2_inv_1)
                                                         _003_ (net)
                      0.045326    0.000049    4.430647 ^ _105_/RESET_B (sg13g2_dfrbpq_1)
                                              4.430647   data arrival time

                                  0.000000    0.000000   clock clk (rise edge)
                                  0.000000    0.000000   clock source latency
     1    0.052549    0.067257    0.050880    0.050880 ^ clk (in)
                                                         clk (net)
                      0.070027    0.000000    0.050880 ^ clkbuf_0_clk/A (sg13g2_buf_16)
     4    0.091299    0.037008    0.102396    0.153276 ^ clkbuf_0_clk/X (sg13g2_buf_16)
                                                         clknet_0_clk (net)
                      0.037461    0.003177    0.156453 ^ clkbuf_2_3__f_clk/A (sg13g2_buf_16)
     6    0.025540    0.021075    0.073357    0.229810 ^ clkbuf_2_3__f_clk/X (sg13g2_buf_16)
                                                         clknet_2_3__leaf_clk (net)
                      0.021077    0.000368    0.230179 ^ _105_/CLK (sg13g2_dfrbpq_1)
                                  0.250000    0.480179   clock uncertainty
                                  0.000000    0.480179   clock reconvergence pessimism
                                 -0.107944    0.372235   library removal time
                                              0.372235   data required time
---------------------------------------------------------------------------------------------
                                              0.372235   data required time
                                             -4.430647   data arrival time
---------------------------------------------------------------------------------------------
                                              4.058413   slack (MET)


Startpoint: reset (input port clocked by clk)
Endpoint: _107_ (removal check against rising-edge clock clk)
Path Group: asynchronous
Path Type: min

Fanout         Cap        Slew       Delay        Time   Description
---------------------------------------------------------------------------------------------
                                  0.000000    0.000000   clock clk (rise edge)
                                  0.000000    0.000000   clock network delay (propagated)
                                  4.000000    4.000000 v input external delay
     1    0.003988    0.017895    0.002669    4.002668 v reset (in)
                                                         reset (net)
                      0.017895    0.000000    4.002668 v input3/A (sg13g2_buf_1)
     1    0.020347    0.071225    0.094240    4.096909 v input3/X (sg13g2_buf_1)
                                                         net3 (net)
                      0.071304    0.001867    4.098776 v fanout22/A (sg13g2_buf_1)
     4    0.023942    0.080587    0.125395    4.224171 v fanout22/X (sg13g2_buf_1)
                                                         net22 (net)
                      0.080587    0.000057    4.224228 v fanout21/A (sg13g2_buf_1)
     8    0.033945    0.110792    0.150337    4.374564 v fanout21/X (sg13g2_buf_1)
                                                         net21 (net)
                      0.110792    0.000161    4.374725 v _079_/A (sg13g2_inv_1)
     1    0.005319    0.045663    0.056341    4.431066 ^ _079_/Y (sg13g2_inv_1)
                                                         _005_ (net)
                      0.045663    0.000051    4.431117 ^ _107_/RESET_B (sg13g2_dfrbpq_1)
                                              4.431117   data arrival time

                                  0.000000    0.000000   clock clk (rise edge)
                                  0.000000    0.000000   clock source latency
     1    0.052549    0.067257    0.050880    0.050880 ^ clk (in)
                                                         clk (net)
                      0.070027    0.000000    0.050880 ^ clkbuf_0_clk/A (sg13g2_buf_16)
     4    0.091299    0.037008    0.102396    0.153276 ^ clkbuf_0_clk/X (sg13g2_buf_16)
                                                         clknet_0_clk (net)
                      0.037461    0.003177    0.156453 ^ clkbuf_2_3__f_clk/A (sg13g2_buf_16)
     6    0.025540    0.021075    0.073357    0.229810 ^ clkbuf_2_3__f_clk/X (sg13g2_buf_16)
                                                         clknet_2_3__leaf_clk (net)
                      0.021081    0.000758    0.230568 ^ _107_/CLK (sg13g2_dfrbpq_1)
                                  0.250000    0.480568   clock uncertainty
                                  0.000000    0.480568   clock reconvergence pessimism
                                 -0.108044    0.372524   library removal time
                                              0.372524   data required time
---------------------------------------------------------------------------------------------
                                              0.372524   data required time
                                             -4.431117   data arrival time
---------------------------------------------------------------------------------------------
                                              4.058593   slack (MET)


Startpoint: reset (input port clocked by clk)
Endpoint: _115_ (removal check against rising-edge clock clk)
Path Group: asynchronous
Path Type: min

Fanout         Cap        Slew       Delay        Time   Description
---------------------------------------------------------------------------------------------
                                  0.000000    0.000000   clock clk (rise edge)
                                  0.000000    0.000000   clock network delay (propagated)
                                  4.000000    4.000000 v input external delay
     1    0.003988    0.017895    0.002669    4.002668 v reset (in)
                                                         reset (net)
                      0.017895    0.000000    4.002668 v input3/A (sg13g2_buf_1)
     1    0.020347    0.071225    0.094240    4.096909 v input3/X (sg13g2_buf_1)
                                                         net3 (net)
                      0.071304    0.001867    4.098776 v fanout22/A (sg13g2_buf_1)
     4    0.023942    0.080587    0.125395    4.224171 v fanout22/X (sg13g2_buf_1)
                                                         net22 (net)
                      0.080587    0.000057    4.224228 v fanout21/A (sg13g2_buf_1)
     8    0.033945    0.110792    0.150337    4.374564 v fanout21/X (sg13g2_buf_1)
                                                         net21 (net)
                      0.110804    0.001130    4.375695 v _087_/A (sg13g2_inv_1)
     1    0.005358    0.045797    0.056493    4.432188 ^ _087_/Y (sg13g2_inv_1)
                                                         _013_ (net)
                      0.045797    0.000057    4.432245 ^ _115_/RESET_B (sg13g2_dfrbpq_1)
                                              4.432245   data arrival time

                                  0.000000    0.000000   clock clk (rise edge)
                                  0.000000    0.000000   clock source latency
     1    0.052549    0.067257    0.050880    0.050880 ^ clk (in)
                                                         clk (net)
                      0.070027    0.000000    0.050880 ^ clkbuf_0_clk/A (sg13g2_buf_16)
     4    0.091299    0.037008    0.102396    0.153276 ^ clkbuf_0_clk/X (sg13g2_buf_16)
                                                         clknet_0_clk (net)
                      0.037334    0.002605    0.155881 ^ clkbuf_2_2__f_clk/A (sg13g2_buf_16)
     6    0.030482    0.022184    0.074274    0.230155 ^ clkbuf_2_2__f_clk/X (sg13g2_buf_16)
                                                         clknet_2_2__leaf_clk (net)
                      0.022192    0.000928    0.231083 ^ _115_/CLK (sg13g2_dfrbpq_1)
                                  0.250000    0.481083   clock uncertainty
                                  0.000000    0.481083   clock reconvergence pessimism
                                 -0.107944    0.373139   library removal time
                                              0.373139   data required time
---------------------------------------------------------------------------------------------
                                              0.373139   data required time
                                             -4.432245   data arrival time
---------------------------------------------------------------------------------------------
                                              4.059106   slack (MET)


Startpoint: _100_ (rising edge-triggered flip-flop clocked by clk)
Endpoint: dout[4] (output port clocked by clk)
Path Group: clk
Path Type: min

Fanout         Cap        Slew       Delay        Time   Description
---------------------------------------------------------------------------------------------
                                  0.000000    0.000000   clock clk (rise edge)
                                  0.000000    0.000000   clock source latency
     1    0.049876    0.064457    0.043762    0.043762 ^ clk (in)
                                                         clk (net)
                      0.066940    0.000000    0.043762 ^ clkbuf_0_clk/A (sg13g2_buf_16)
     4    0.080607    0.034407    0.089433    0.133195 ^ clkbuf_0_clk/X (sg13g2_buf_16)
                                                         clknet_0_clk (net)
                      0.034864    0.002823    0.136019 ^ clkbuf_2_1__f_clk/A (sg13g2_buf_16)
     6    0.025413    0.020925    0.065184    0.201203 ^ clkbuf_2_1__f_clk/X (sg13g2_buf_16)
                                                         clknet_2_1__leaf_clk (net)
                      0.020926    0.000191    0.201394 ^ _100_/CLK (sg13g2_dfrbpq_1)
     2    0.005375    0.026116    0.157738    0.359132 v _100_/Q (sg13g2_dfrbpq_1)
                                                         net11 (net)
                      0.026116    0.000017    0.359149 v output11/A (sg13g2_buf_1)
     1    0.006000    0.029120    0.064798    0.423947 v output11/X (sg13g2_buf_1)
                                                         dout[4] (net)
                      0.029120    0.000000    0.423947 v dout[4] (out)
                                              0.423947   data arrival time

                                  0.000000    0.000000   clock clk (rise edge)
                                  0.000000    0.000000   clock network delay (propagated)
                                  0.250000    0.250000   clock uncertainty
                                  0.000000    0.250000   clock reconvergence pessimism
                                 -4.000000   -3.750000   output external delay
                                             -3.750000   data required time
---------------------------------------------------------------------------------------------
                                             -3.750000   data required time
                                             -0.423947   data arrival time
---------------------------------------------------------------------------------------------
                                              4.173947   slack (MET)


Startpoint: _104_ (rising edge-triggered flip-flop clocked by clk)
Endpoint: dout[8] (output port clocked by clk)
Path Group: clk
Path Type: min

Fanout         Cap        Slew       Delay        Time   Description
---------------------------------------------------------------------------------------------
                                  0.000000    0.000000   clock clk (rise edge)
                                  0.000000    0.000000   clock source latency
     1    0.049876    0.064457    0.043762    0.043762 ^ clk (in)
                                                         clk (net)
                      0.066940    0.000000    0.043762 ^ clkbuf_0_clk/A (sg13g2_buf_16)
     4    0.080607    0.034407    0.089433    0.133195 ^ clkbuf_0_clk/X (sg13g2_buf_16)
                                                         clknet_0_clk (net)
                      0.034694    0.002069    0.135264 ^ clkbuf_2_2__f_clk/A (sg13g2_buf_16)
     6    0.027798    0.021457    0.065500    0.200764 ^ clkbuf_2_2__f_clk/X (sg13g2_buf_16)
                                                         clknet_2_2__leaf_clk (net)
                      0.021457    0.000103    0.200867 ^ _104_/CLK (sg13g2_dfrbpq_1)
     2    0.005866    0.027468    0.159106    0.359973 v _104_/Q (sg13g2_dfrbpq_1)
                                                         net15 (net)
                      0.027468    0.000049    0.360022 v output15/A (sg13g2_buf_1)
     1    0.006000    0.029160    0.065343    0.425365 v output15/X (sg13g2_buf_1)
                                                         dout[8] (net)
                      0.029160    0.000000    0.425365 v dout[8] (out)
                                              0.425365   data arrival time

                                  0.000000    0.000000   clock clk (rise edge)
                                  0.000000    0.000000   clock network delay (propagated)
                                  0.250000    0.250000   clock uncertainty
                                  0.000000    0.250000   clock reconvergence pessimism
                                 -4.000000   -3.750000   output external delay
                                             -3.750000   data required time
---------------------------------------------------------------------------------------------
                                             -3.750000   data required time
                                             -0.425365   data arrival time
---------------------------------------------------------------------------------------------
                                              4.175365   slack (MET)


Startpoint: _101_ (rising edge-triggered flip-flop clocked by clk)
Endpoint: dout[5] (output port clocked by clk)
Path Group: clk
Path Type: min

Fanout         Cap        Slew       Delay        Time   Description
---------------------------------------------------------------------------------------------
                                  0.000000    0.000000   clock clk (rise edge)
                                  0.000000    0.000000   clock source latency
     1    0.049876    0.064457    0.043762    0.043762 ^ clk (in)
                                                         clk (net)
                      0.066940    0.000000    0.043762 ^ clkbuf_0_clk/A (sg13g2_buf_16)
     4    0.080607    0.034407    0.089433    0.133195 ^ clkbuf_0_clk/X (sg13g2_buf_16)
                                                         clknet_0_clk (net)
                      0.034864    0.002823    0.136019 ^ clkbuf_2_1__f_clk/A (sg13g2_buf_16)
     6    0.025413    0.020925    0.065184    0.201203 ^ clkbuf_2_1__f_clk/X (sg13g2_buf_16)
                                                         clknet_2_1__leaf_clk (net)
                      0.020925    0.000153    0.201356 ^ _101_/CLK (sg13g2_dfrbpq_1)
     2    0.005866    0.027468    0.158861    0.360216 v _101_/Q (sg13g2_dfrbpq_1)
                                                         net12 (net)
                      0.027468    0.000055    0.360272 v output12/A (sg13g2_buf_1)
     1    0.006000    0.029160    0.065343    0.425615 v output12/X (sg13g2_buf_1)
                                                         dout[5] (net)
                      0.029160    0.000000    0.425615 v dout[5] (out)
                                              0.425615   data arrival time

                                  0.000000    0.000000   clock clk (rise edge)
                                  0.000000    0.000000   clock network delay (propagated)
                                  0.250000    0.250000   clock uncertainty
                                  0.000000    0.250000   clock reconvergence pessimism
                                 -4.000000   -3.750000   output external delay
                                             -3.750000   data required time
---------------------------------------------------------------------------------------------
                                             -3.750000   data required time
                                             -0.425615   data arrival time
---------------------------------------------------------------------------------------------
                                              4.175615   slack (MET)


Startpoint: _102_ (rising edge-triggered flip-flop clocked by clk)
Endpoint: dout[6] (output port clocked by clk)
Path Group: clk
Path Type: min

Fanout         Cap        Slew       Delay        Time   Description
---------------------------------------------------------------------------------------------
                                  0.000000    0.000000   clock clk (rise edge)
                                  0.000000    0.000000   clock source latency
     1    0.049876    0.064457    0.043762    0.043762 ^ clk (in)
                                                         clk (net)
                      0.066940    0.000000    0.043762 ^ clkbuf_0_clk/A (sg13g2_buf_16)
     4    0.080607    0.034407    0.089433    0.133195 ^ clkbuf_0_clk/X (sg13g2_buf_16)
                                                         clknet_0_clk (net)
                      0.034694    0.002069    0.135264 ^ clkbuf_2_2__f_clk/A (sg13g2_buf_16)
     6    0.027798    0.021457    0.065500    0.200764 ^ clkbuf_2_2__f_clk/X (sg13g2_buf_16)
                                                         clknet_2_2__leaf_clk (net)
                      0.021466    0.000889    0.201653 ^ _102_/CLK (sg13g2_dfrbpq_1)
     2    0.005866    0.027468    0.159111    0.360764 v _102_/Q (sg13g2_dfrbpq_1)
                                                         net13 (net)
                      0.027468    0.000045    0.360810 v output13/A (sg13g2_buf_1)
     1    0.006000    0.029160    0.065343    0.426153 v output13/X (sg13g2_buf_1)
                                                         dout[6] (net)
                      0.029160    0.000000    0.426153 v dout[6] (out)
                                              0.426153   data arrival time

                                  0.000000    0.000000   clock clk (rise edge)
                                  0.000000    0.000000   clock network delay (propagated)
                                  0.250000    0.250000   clock uncertainty
                                  0.000000    0.250000   clock reconvergence pessimism
                                 -4.000000   -3.750000   output external delay
                                             -3.750000   data required time
---------------------------------------------------------------------------------------------
                                             -3.750000   data required time
                                             -0.426153   data arrival time
---------------------------------------------------------------------------------------------
                                              4.176153   slack (MET)


Startpoint: _105_ (rising edge-triggered flip-flop clocked by clk)
Endpoint: dout[9] (output port clocked by clk)
Path Group: clk
Path Type: min

Fanout         Cap        Slew       Delay        Time   Description
---------------------------------------------------------------------------------------------
                                  0.000000    0.000000   clock clk (rise edge)
                                  0.000000    0.000000   clock source latency
     1    0.049876    0.064457    0.043762    0.043762 ^ clk (in)
                                                         clk (net)
                      0.066940    0.000000    0.043762 ^ clkbuf_0_clk/A (sg13g2_buf_16)
     4    0.080607    0.034407    0.089433    0.133195 ^ clkbuf_0_clk/X (sg13g2_buf_16)
                                                         clknet_0_clk (net)
                      0.034791    0.002519    0.135714 ^ clkbuf_2_3__f_clk/A (sg13g2_buf_16)
     6    0.022856    0.020339    0.064653    0.200367 ^ clkbuf_2_3__f_clk/X (sg13g2_buf_16)
                                                         clknet_2_3__leaf_clk (net)
                      0.020340    0.000298    0.200665 ^ _105_/CLK (sg13g2_dfrbpq_1)
     2    0.006476    0.029158    0.160012    0.360677 v _105_/Q (sg13g2_dfrbpq_1)
                                                         net16 (net)
                      0.029158    0.000022    0.360700 v output16/A (sg13g2_buf_1)
     1    0.006000    0.029210    0.066025    0.426724 v output16/X (sg13g2_buf_1)
                                                         dout[9] (net)
                      0.029210    0.000000    0.426724 v dout[9] (out)
                                              0.426724   data arrival time

                                  0.000000    0.000000   clock clk (rise edge)
                                  0.000000    0.000000   clock network delay (propagated)
                                  0.250000    0.250000   clock uncertainty
                                  0.000000    0.250000   clock reconvergence pessimism
                                 -4.000000   -3.750000   output external delay
                                             -3.750000   data required time
---------------------------------------------------------------------------------------------
                                             -3.750000   data required time
                                             -0.426724   data arrival time
---------------------------------------------------------------------------------------------
                                              4.176724   slack (MET)


Startpoint: _103_ (rising edge-triggered flip-flop clocked by clk)
Endpoint: dout[7] (output port clocked by clk)
Path Group: clk
Path Type: min

Fanout         Cap        Slew       Delay        Time   Description
---------------------------------------------------------------------------------------------
                                  0.000000    0.000000   clock clk (rise edge)
                                  0.000000    0.000000   clock source latency
     1    0.049876    0.064457    0.043762    0.043762 ^ clk (in)
                                                         clk (net)
                      0.066940    0.000000    0.043762 ^ clkbuf_0_clk/A (sg13g2_buf_16)
     4    0.080607    0.034407    0.089433    0.133195 ^ clkbuf_0_clk/X (sg13g2_buf_16)
                                                         clknet_0_clk (net)
                      0.034694    0.002069    0.135264 ^ clkbuf_2_2__f_clk/A (sg13g2_buf_16)
     6    0.027798    0.021457    0.065500    0.200764 ^ clkbuf_2_2__f_clk/X (sg13g2_buf_16)
                                                         clknet_2_2__leaf_clk (net)
                      0.021460    0.000507    0.201272 ^ _103_/CLK (sg13g2_dfrbpq_1)
     2    0.006247    0.028521    0.159995    0.361266 v _103_/Q (sg13g2_dfrbpq_1)
                                                         net14 (net)
                      0.028521    0.000037    0.361303 v output14/A (sg13g2_buf_1)
     1    0.006000    0.029191    0.065768    0.427071 v output14/X (sg13g2_buf_1)
                                                         dout[7] (net)
                      0.029191    0.000000    0.427071 v dout[7] (out)
                                              0.427071   data arrival time

                                  0.000000    0.000000   clock clk (rise edge)
                                  0.000000    0.000000   clock network delay (propagated)
                                  0.250000    0.250000   clock uncertainty
                                  0.000000    0.250000   clock reconvergence pessimism
                                 -4.000000   -3.750000   output external delay
                                             -3.750000   data required time
---------------------------------------------------------------------------------------------
                                             -3.750000   data required time
                                             -0.427071   data arrival time
---------------------------------------------------------------------------------------------
                                              4.177071   slack (MET)


Startpoint: _106_ (rising edge-triggered flip-flop clocked by clk)
Endpoint: dout[10] (output port clocked by clk)
Path Group: clk
Path Type: min

Fanout         Cap        Slew       Delay        Time   Description
---------------------------------------------------------------------------------------------
                                  0.000000    0.000000   clock clk (rise edge)
                                  0.000000    0.000000   clock source latency
     1    0.049876    0.064457    0.043762    0.043762 ^ clk (in)
                                                         clk (net)
                      0.066940    0.000000    0.043762 ^ clkbuf_0_clk/A (sg13g2_buf_16)
     4    0.080607    0.034407    0.089433    0.133195 ^ clkbuf_0_clk/X (sg13g2_buf_16)
                                                         clknet_0_clk (net)
                      0.034791    0.002519    0.135714 ^ clkbuf_2_3__f_clk/A (sg13g2_buf_16)
     6    0.022856    0.020339    0.064653    0.200367 ^ clkbuf_2_3__f_clk/X (sg13g2_buf_16)
                                                         clknet_2_3__leaf_clk (net)
                      0.020344    0.000610    0.200978 ^ _106_/CLK (sg13g2_dfrbpq_1)
     2    0.008452    0.034803    0.164584    0.365562 v _106_/Q (sg13g2_dfrbpq_1)
                                                         net6 (net)
                      0.034803    0.000072    0.365634 v output6/A (sg13g2_buf_1)
     1    0.006000    0.029377    0.068301    0.433935 v output6/X (sg13g2_buf_1)
                                                         dout[10] (net)
                      0.029377    0.000000    0.433935 v dout[10] (out)
                                              0.433935   data arrival time

                                  0.000000    0.000000   clock clk (rise edge)
                                  0.000000    0.000000   clock network delay (propagated)
                                  0.250000    0.250000   clock uncertainty
                                  0.000000    0.250000   clock reconvergence pessimism
                                 -4.000000   -3.750000   output external delay
                                             -3.750000   data required time
---------------------------------------------------------------------------------------------
                                             -3.750000   data required time
                                             -0.433935   data arrival time
---------------------------------------------------------------------------------------------
                                              4.183936   slack (MET)


Startpoint: _099_ (rising edge-triggered flip-flop clocked by clk)
Endpoint: dout[3] (output port clocked by clk)
Path Group: clk
Path Type: min

Fanout         Cap        Slew       Delay        Time   Description
---------------------------------------------------------------------------------------------
                                  0.000000    0.000000   clock clk (rise edge)
                                  0.000000    0.000000   clock source latency
     1    0.049876    0.064457    0.043762    0.043762 ^ clk (in)
                                                         clk (net)
                      0.066940    0.000000    0.043762 ^ clkbuf_0_clk/A (sg13g2_buf_16)
     4    0.080607    0.034407    0.089433    0.133195 ^ clkbuf_0_clk/X (sg13g2_buf_16)
                                                         clknet_0_clk (net)
                      0.034864    0.002823    0.136019 ^ clkbuf_2_1__f_clk/A (sg13g2_buf_16)
     6    0.025413    0.020925    0.065184    0.201203 ^ clkbuf_2_1__f_clk/X (sg13g2_buf_16)
                                                         clknet_2_1__leaf_clk (net)
                      0.020927    0.000360    0.201563 ^ _099_/CLK (sg13g2_dfrbpq_1)
     2    0.008193    0.034068    0.164224    0.365787 v _099_/Q (sg13g2_dfrbpq_1)
                                                         net10 (net)
                      0.034068    0.000143    0.365930 v output10/A (sg13g2_buf_1)
     1    0.006000    0.029356    0.068005    0.433935 v output10/X (sg13g2_buf_1)
                                                         dout[3] (net)
                      0.029356    0.000000    0.433935 v dout[3] (out)
                                              0.433935   data arrival time

                                  0.000000    0.000000   clock clk (rise edge)
                                  0.000000    0.000000   clock network delay (propagated)
                                  0.250000    0.250000   clock uncertainty
                                  0.000000    0.250000   clock reconvergence pessimism
                                 -4.000000   -3.750000   output external delay
                                             -3.750000   data required time
---------------------------------------------------------------------------------------------
                                             -3.750000   data required time
                                             -0.433935   data arrival time
---------------------------------------------------------------------------------------------
                                              4.183935   slack (MET)


Startpoint: reset (input port clocked by clk)
Endpoint: _112_ (removal check against rising-edge clock clk)
Path Group: asynchronous
Path Type: min

Fanout         Cap        Slew       Delay        Time   Description
---------------------------------------------------------------------------------------------
                                  0.000000    0.000000   clock clk (rise edge)
                                  0.000000    0.000000   clock network delay (propagated)
                                  4.000000    4.000000 v input external delay
     1    0.003988    0.017895    0.002669    4.002668 v reset (in)
                                                         reset (net)
                      0.017895    0.000000    4.002668 v input3/A (sg13g2_buf_1)
     1    0.020347    0.071225    0.094240    4.096909 v input3/X (sg13g2_buf_1)
                                                         net3 (net)
                      0.071304    0.001867    4.098776 v fanout22/A (sg13g2_buf_1)
     4    0.023942    0.080587    0.125395    4.224171 v fanout22/X (sg13g2_buf_1)
                                                         net22 (net)
                      0.080638    0.000825    4.224995 v fanout20/A (sg13g2_buf_1)
     7    0.026804    0.089349    0.135078    4.360073 v fanout20/X (sg13g2_buf_1)
                                                         net20 (net)
                      0.089362    0.001034    4.361108 v fanout19/A (sg13g2_buf_1)
     8    0.030754    0.101315    0.147004    4.508112 v fanout19/X (sg13g2_buf_1)
                                                         net19 (net)
                      0.101315    0.000360    4.508471 v _084_/A (sg13g2_inv_1)
     1    0.004760    0.042382    0.052582    4.561054 ^ _084_/Y (sg13g2_inv_1)
                                                         _010_ (net)
                      0.042382    0.000028    4.561082 ^ _112_/RESET_B (sg13g2_dfrbpq_1)
                                              4.561082   data arrival time

                                  0.000000    0.000000   clock clk (rise edge)
                                  0.000000    0.000000   clock source latency
     1    0.052549    0.067257    0.050880    0.050880 ^ clk (in)
                                                         clk (net)
                      0.070027    0.000000    0.050880 ^ clkbuf_0_clk/A (sg13g2_buf_16)
     4    0.091299    0.037008    0.102396    0.153276 ^ clkbuf_0_clk/X (sg13g2_buf_16)
                                                         clknet_0_clk (net)
                      0.037634    0.003860    0.157136 ^ clkbuf_2_0__f_clk/A (sg13g2_buf_16)
     6    0.029373    0.021948    0.074264    0.231400 ^ clkbuf_2_0__f_clk/X (sg13g2_buf_16)
                                                         clknet_2_0__leaf_clk (net)
                      0.021949    0.000125    0.231524 ^ _112_/CLK (sg13g2_dfrbpq_1)
                                  0.250000    0.481524   clock uncertainty
                                  0.000000    0.481524   clock reconvergence pessimism
                                 -0.106952    0.374572   library removal time
                                              0.374572   data required time
---------------------------------------------------------------------------------------------
                                              0.374572   data required time
                                             -4.561082   data arrival time
---------------------------------------------------------------------------------------------
                                              4.186510   slack (MET)


Startpoint: reset (input port clocked by clk)
Endpoint: _111_ (removal check against rising-edge clock clk)
Path Group: asynchronous
Path Type: min

Fanout         Cap        Slew       Delay        Time   Description
---------------------------------------------------------------------------------------------
                                  0.000000    0.000000   clock clk (rise edge)
                                  0.000000    0.000000   clock network delay (propagated)
                                  4.000000    4.000000 v input external delay
     1    0.003988    0.017895    0.002669    4.002668 v reset (in)
                                                         reset (net)
                      0.017895    0.000000    4.002668 v input3/A (sg13g2_buf_1)
     1    0.020347    0.071225    0.094240    4.096909 v input3/X (sg13g2_buf_1)
                                                         net3 (net)
                      0.071304    0.001867    4.098776 v fanout22/A (sg13g2_buf_1)
     4    0.023942    0.080587    0.125395    4.224171 v fanout22/X (sg13g2_buf_1)
                                                         net22 (net)
                      0.080638    0.000825    4.224995 v fanout20/A (sg13g2_buf_1)
     7    0.026804    0.089349    0.135078    4.360073 v fanout20/X (sg13g2_buf_1)
                                                         net20 (net)
                      0.089362    0.001034    4.361108 v fanout19/A (sg13g2_buf_1)
     8    0.030754    0.101315    0.147004    4.508112 v fanout19/X (sg13g2_buf_1)
                                                         net19 (net)
                      0.101320    0.000766    4.508878 v _083_/A (sg13g2_inv_1)
     1    0.004760    0.042383    0.052583    4.561461 ^ _083_/Y (sg13g2_inv_1)
                                                         _009_ (net)
                      0.042383    0.000028    4.561489 ^ _111_/RESET_B (sg13g2_dfrbpq_1)
                                              4.561489   data arrival time

                                  0.000000    0.000000   clock clk (rise edge)
                                  0.000000    0.000000   clock source latency
     1    0.052549    0.067257    0.050880    0.050880 ^ clk (in)
                                                         clk (net)
                      0.070027    0.000000    0.050880 ^ clkbuf_0_clk/A (sg13g2_buf_16)
     4    0.091299    0.037008    0.102396    0.153276 ^ clkbuf_0_clk/X (sg13g2_buf_16)
                                                         clknet_0_clk (net)
                      0.037634    0.003860    0.157136 ^ clkbuf_2_0__f_clk/A (sg13g2_buf_16)
     6    0.029373    0.021948    0.074264    0.231400 ^ clkbuf_2_0__f_clk/X (sg13g2_buf_16)
                                                         clknet_2_0__leaf_clk (net)
                      0.021949    0.000299    0.231699 ^ _111_/CLK (sg13g2_dfrbpq_1)
                                  0.250000    0.481699   clock uncertainty
                                  0.000000    0.481699   clock reconvergence pessimism
                                 -0.106952    0.374746   library removal time
                                              0.374746   data required time
---------------------------------------------------------------------------------------------
                                              0.374746   data required time
                                             -4.561489   data arrival time
---------------------------------------------------------------------------------------------
                                              4.186743   slack (MET)


Startpoint: reset (input port clocked by clk)
Endpoint: _109_ (removal check against rising-edge clock clk)
Path Group: asynchronous
Path Type: min

Fanout         Cap        Slew       Delay        Time   Description
---------------------------------------------------------------------------------------------
                                  0.000000    0.000000   clock clk (rise edge)
                                  0.000000    0.000000   clock network delay (propagated)
                                  4.000000    4.000000 v input external delay
     1    0.003988    0.017895    0.002669    4.002668 v reset (in)
                                                         reset (net)
                      0.017895    0.000000    4.002668 v input3/A (sg13g2_buf_1)
     1    0.020347    0.071225    0.094240    4.096909 v input3/X (sg13g2_buf_1)
                                                         net3 (net)
                      0.071304    0.001867    4.098776 v fanout22/A (sg13g2_buf_1)
     4    0.023942    0.080587    0.125395    4.224171 v fanout22/X (sg13g2_buf_1)
                                                         net22 (net)
                      0.080638    0.000825    4.224995 v fanout20/A (sg13g2_buf_1)
     7    0.026804    0.089349    0.135078    4.360073 v fanout20/X (sg13g2_buf_1)
                                                         net20 (net)
                      0.089362    0.001034    4.361108 v fanout19/A (sg13g2_buf_1)
     8    0.030754    0.101315    0.147004    4.508112 v fanout19/X (sg13g2_buf_1)
                                                         net19 (net)
                      0.101327    0.001096    4.509207 v _081_/A (sg13g2_inv_1)
     1    0.004934    0.042946    0.053237    4.562445 ^ _081_/Y (sg13g2_inv_1)
                                                         _007_ (net)
                      0.042946    0.000037    4.562481 ^ _109_/RESET_B (sg13g2_dfrbpq_1)
                                              4.562481   data arrival time

                                  0.000000    0.000000   clock clk (rise edge)
                                  0.000000    0.000000   clock source latency
     1    0.052549    0.067257    0.050880    0.050880 ^ clk (in)
                                                         clk (net)
                      0.070027    0.000000    0.050880 ^ clkbuf_0_clk/A (sg13g2_buf_16)
     4    0.091299    0.037008    0.102396    0.153276 ^ clkbuf_0_clk/X (sg13g2_buf_16)
                                                         clknet_0_clk (net)
                      0.037634    0.003860    0.157136 ^ clkbuf_2_0__f_clk/A (sg13g2_buf_16)
     6    0.029373    0.021948    0.074264    0.231400 ^ clkbuf_2_0__f_clk/X (sg13g2_buf_16)
                                                         clknet_2_0__leaf_clk (net)
                      0.021951    0.000571    0.231971 ^ _109_/CLK (sg13g2_dfrbpq_1)
                                  0.250000    0.481971   clock uncertainty
                                  0.000000    0.481971   clock reconvergence pessimism
                                 -0.107121    0.374850   library removal time
                                              0.374850   data required time
---------------------------------------------------------------------------------------------
                                              0.374850   data required time
                                             -4.562481   data arrival time
---------------------------------------------------------------------------------------------
                                              4.187632   slack (MET)


Startpoint: reset (input port clocked by clk)
Endpoint: _110_ (removal check against rising-edge clock clk)
Path Group: asynchronous
Path Type: min

Fanout         Cap        Slew       Delay        Time   Description
---------------------------------------------------------------------------------------------
                                  0.000000    0.000000   clock clk (rise edge)
                                  0.000000    0.000000   clock network delay (propagated)
                                  4.000000    4.000000 v input external delay
     1    0.003988    0.017895    0.002669    4.002668 v reset (in)
                                                         reset (net)
                      0.017895    0.000000    4.002668 v input3/A (sg13g2_buf_1)
     1    0.020347    0.071225    0.094240    4.096909 v input3/X (sg13g2_buf_1)
                                                         net3 (net)
                      0.071304    0.001867    4.098776 v fanout22/A (sg13g2_buf_1)
     4    0.023942    0.080587    0.125395    4.224171 v fanout22/X (sg13g2_buf_1)
                                                         net22 (net)
                      0.080638    0.000825    4.224995 v fanout20/A (sg13g2_buf_1)
     7    0.026804    0.089349    0.135078    4.360073 v fanout20/X (sg13g2_buf_1)
                                                         net20 (net)
                      0.089362    0.001034    4.361108 v fanout19/A (sg13g2_buf_1)
     8    0.030754    0.101315    0.147004    4.508112 v fanout19/X (sg13g2_buf_1)
                                                         net19 (net)
                      0.101327    0.001081    4.509192 v _082_/A (sg13g2_inv_1)
     1    0.004925    0.042915    0.053202    4.562395 ^ _082_/Y (sg13g2_inv_1)
                                                         _008_ (net)
                      0.042915    0.000036    4.562431 ^ _110_/RESET_B (sg13g2_dfrbpq_1)
                                              4.562431   data arrival time

                                  0.000000    0.000000   clock clk (rise edge)
                                  0.000000    0.000000   clock source latency
     1    0.052549    0.067257    0.050880    0.050880 ^ clk (in)
                                                         clk (net)
                      0.070027    0.000000    0.050880 ^ clkbuf_0_clk/A (sg13g2_buf_16)
     4    0.091299    0.037008    0.102396    0.153276 ^ clkbuf_0_clk/X (sg13g2_buf_16)
                                                         clknet_0_clk (net)
                      0.037634    0.003860    0.157136 ^ clkbuf_2_0__f_clk/A (sg13g2_buf_16)
     6    0.029373    0.021948    0.074264    0.231400 ^ clkbuf_2_0__f_clk/X (sg13g2_buf_16)
                                                         clknet_2_0__leaf_clk (net)
                      0.021950    0.000477    0.231876 ^ _110_/CLK (sg13g2_dfrbpq_1)
                                  0.250000    0.481876   clock uncertainty
                                  0.000000    0.481876   clock reconvergence pessimism
                                 -0.107112    0.374765   library removal time
                                              0.374765   data required time
---------------------------------------------------------------------------------------------
                                              0.374765   data required time
                                             -4.562431   data arrival time
---------------------------------------------------------------------------------------------
                                              4.187666   slack (MET)


Startpoint: reset (input port clocked by clk)
Endpoint: _120_ (removal check against rising-edge clock clk)
Path Group: asynchronous
Path Type: min

Fanout         Cap        Slew       Delay        Time   Description
---------------------------------------------------------------------------------------------
                                  0.000000    0.000000   clock clk (rise edge)
                                  0.000000    0.000000   clock network delay (propagated)
                                  4.000000    4.000000 v input external delay
     1    0.003988    0.017895    0.002669    4.002668 v reset (in)
                                                         reset (net)
                      0.017895    0.000000    4.002668 v input3/A (sg13g2_buf_1)
     1    0.020347    0.071225    0.094240    4.096909 v input3/X (sg13g2_buf_1)
                                                         net3 (net)
                      0.071304    0.001867    4.098776 v fanout22/A (sg13g2_buf_1)
     4    0.023942    0.080587    0.125395    4.224171 v fanout22/X (sg13g2_buf_1)
                                                         net22 (net)
                      0.080638    0.000825    4.224995 v fanout20/A (sg13g2_buf_1)
     7    0.026804    0.089349    0.135078    4.360073 v fanout20/X (sg13g2_buf_1)
                                                         net20 (net)
                      0.089362    0.001034    4.361108 v fanout19/A (sg13g2_buf_1)
     8    0.030754    0.101315    0.147004    4.508112 v fanout19/X (sg13g2_buf_1)
                                                         net19 (net)
                      0.101329    0.001140    4.509251 v _092_/A (sg13g2_inv_1)
     1    0.004959    0.043027    0.053332    4.562583 ^ _092_/Y (sg13g2_inv_1)
                                                         _018_ (net)
                      0.043027    0.000038    4.562621 ^ _120_/RESET_B (sg13g2_dfrbpq_1)
                                              4.562621   data arrival time

                                  0.000000    0.000000   clock clk (rise edge)
                                  0.000000    0.000000   clock source latency
     1    0.052549    0.067257    0.050880    0.050880 ^ clk (in)
                                                         clk (net)
                      0.070027    0.000000    0.050880 ^ clkbuf_0_clk/A (sg13g2_buf_16)
     4    0.091299    0.037008    0.102396    0.153276 ^ clkbuf_0_clk/X (sg13g2_buf_16)
                                                         clknet_0_clk (net)
                      0.037634    0.003860    0.157136 ^ clkbuf_2_0__f_clk/A (sg13g2_buf_16)
     6    0.029373    0.021948    0.074264    0.231400 ^ clkbuf_2_0__f_clk/X (sg13g2_buf_16)
                                                         clknet_2_0__leaf_clk (net)
                      0.021952    0.000603    0.232003 ^ _120_/CLK (sg13g2_dfrbpq_1)
                                  0.250000    0.482003   clock uncertainty
                                  0.000000    0.482003   clock reconvergence pessimism
                                 -0.107145    0.374858   library removal time
                                              0.374858   data required time
---------------------------------------------------------------------------------------------
                                              0.374858   data required time
                                             -4.562621   data arrival time
---------------------------------------------------------------------------------------------
                                              4.187764   slack (MET)


Startpoint: reset (input port clocked by clk)
Endpoint: _099_ (removal check against rising-edge clock clk)
Path Group: asynchronous
Path Type: min

Fanout         Cap        Slew       Delay        Time   Description
---------------------------------------------------------------------------------------------
                                  0.000000    0.000000   clock clk (rise edge)
                                  0.000000    0.000000   clock network delay (propagated)
                                  4.000000    4.000000 v input external delay
     1    0.003988    0.017895    0.002669    4.002668 v reset (in)
                                                         reset (net)
                      0.017895    0.000000    4.002668 v input3/A (sg13g2_buf_1)
     1    0.020347    0.071225    0.094240    4.096909 v input3/X (sg13g2_buf_1)
                                                         net3 (net)
                      0.071304    0.001867    4.098776 v fanout22/A (sg13g2_buf_1)
     4    0.023942    0.080587    0.125395    4.224171 v fanout22/X (sg13g2_buf_1)
                                                         net22 (net)
                      0.080638    0.000825    4.224995 v fanout20/A (sg13g2_buf_1)
     7    0.026804    0.089349    0.135078    4.360073 v fanout20/X (sg13g2_buf_1)
                                                         net20 (net)
                      0.089362    0.001034    4.361108 v fanout19/A (sg13g2_buf_1)
     8    0.030754    0.101315    0.147004    4.508112 v fanout19/X (sg13g2_buf_1)
                                                         net19 (net)
                      0.101320    0.000771    4.508883 v _095_/A (sg13g2_inv_1)
     1    0.004926    0.042920    0.053207    4.562090 ^ _095_/Y (sg13g2_inv_1)
                                                         _021_ (net)
                      0.042920    0.000036    4.562127 ^ _099_/RESET_B (sg13g2_dfrbpq_1)
                                              4.562127   data arrival time

                                  0.000000    0.000000   clock clk (rise edge)
                                  0.000000    0.000000   clock source latency
     1    0.052549    0.067257    0.050880    0.050880 ^ clk (in)
                                                         clk (net)
                      0.070027    0.000000    0.050880 ^ clkbuf_0_clk/A (sg13g2_buf_16)
     4    0.091299    0.037008    0.102396    0.153276 ^ clkbuf_0_clk/X (sg13g2_buf_16)
                                                         clknet_0_clk (net)
                      0.037555    0.003559    0.156835 ^ clkbuf_2_1__f_clk/A (sg13g2_buf_16)
     6    0.028098    0.021658    0.073960    0.230795 ^ clkbuf_2_1__f_clk/X (sg13g2_buf_16)
                                                         clknet_2_1__leaf_clk (net)
                      0.021660    0.000441    0.231237 ^ _099_/CLK (sg13g2_dfrbpq_1)
                                  0.250000    0.481237   clock uncertainty
                                  0.000000    0.481237   clock reconvergence pessimism
                                 -0.107150    0.374087   library removal time
                                              0.374087   data required time
---------------------------------------------------------------------------------------------
                                              0.374087   data required time
                                             -4.562127   data arrival time
---------------------------------------------------------------------------------------------
                                              4.188040   slack (MET)


Startpoint: reset (input port clocked by clk)
Endpoint: _121_ (removal check against rising-edge clock clk)
Path Group: asynchronous
Path Type: min

Fanout         Cap        Slew       Delay        Time   Description
---------------------------------------------------------------------------------------------
                                  0.000000    0.000000   clock clk (rise edge)
                                  0.000000    0.000000   clock network delay (propagated)
                                  4.000000    4.000000 v input external delay
     1    0.003988    0.017895    0.002669    4.002668 v reset (in)
                                                         reset (net)
                      0.017895    0.000000    4.002668 v input3/A (sg13g2_buf_1)
     1    0.020347    0.071225    0.094240    4.096909 v input3/X (sg13g2_buf_1)
                                                         net3 (net)
                      0.071304    0.001867    4.098776 v fanout22/A (sg13g2_buf_1)
     4    0.023942    0.080587    0.125395    4.224171 v fanout22/X (sg13g2_buf_1)
                                                         net22 (net)
                      0.080638    0.000825    4.224995 v fanout20/A (sg13g2_buf_1)
     7    0.026804    0.089349    0.135078    4.360073 v fanout20/X (sg13g2_buf_1)
                                                         net20 (net)
                      0.089362    0.001034    4.361108 v fanout19/A (sg13g2_buf_1)
     8    0.030754    0.101315    0.147004    4.508112 v fanout19/X (sg13g2_buf_1)
                                                         net19 (net)
                      0.101328    0.001116    4.509228 v _093_/A (sg13g2_inv_1)
     1    0.004926    0.042921    0.053209    4.562437 ^ _093_/Y (sg13g2_inv_1)
                                                         _019_ (net)
                      0.042921    0.000036    4.562473 ^ _121_/RESET_B (sg13g2_dfrbpq_1)
                                              4.562473   data arrival time

                                  0.000000    0.000000   clock clk (rise edge)
                                  0.000000    0.000000   clock source latency
     1    0.052549    0.067257    0.050880    0.050880 ^ clk (in)
                                                         clk (net)
                      0.070027    0.000000    0.050880 ^ clkbuf_0_clk/A (sg13g2_buf_16)
     4    0.091299    0.037008    0.102396    0.153276 ^ clkbuf_0_clk/X (sg13g2_buf_16)
                                                         clknet_0_clk (net)
                      0.037555    0.003559    0.156835 ^ clkbuf_2_1__f_clk/A (sg13g2_buf_16)
     6    0.028098    0.021658    0.073960    0.230795 ^ clkbuf_2_1__f_clk/X (sg13g2_buf_16)
                                                         clknet_2_1__leaf_clk (net)
                      0.021661    0.000639    0.231434 ^ _121_/CLK (sg13g2_dfrbpq_1)
                                  0.250000    0.481434   clock uncertainty
                                  0.000000    0.481434   clock reconvergence pessimism
                                 -0.107150    0.374284   library removal time
                                              0.374284   data required time
---------------------------------------------------------------------------------------------
                                              0.374284   data required time
                                             -4.562473   data arrival time
---------------------------------------------------------------------------------------------
                                              4.188190   slack (MET)


Startpoint: reset (input port clocked by clk)
Endpoint: _098_ (removal check against rising-edge clock clk)
Path Group: asynchronous
Path Type: min

Fanout         Cap        Slew       Delay        Time   Description
---------------------------------------------------------------------------------------------
                                  0.000000    0.000000   clock clk (rise edge)
                                  0.000000    0.000000   clock network delay (propagated)
                                  4.000000    4.000000 v input external delay
     1    0.003988    0.017895    0.002669    4.002668 v reset (in)
                                                         reset (net)
                      0.017895    0.000000    4.002668 v input3/A (sg13g2_buf_1)
     1    0.020347    0.071225    0.094240    4.096909 v input3/X (sg13g2_buf_1)
                                                         net3 (net)
                      0.071304    0.001867    4.098776 v fanout22/A (sg13g2_buf_1)
     4    0.023942    0.080587    0.125395    4.224171 v fanout22/X (sg13g2_buf_1)
                                                         net22 (net)
                      0.080638    0.000825    4.224995 v fanout20/A (sg13g2_buf_1)
     7    0.026804    0.089349    0.135078    4.360073 v fanout20/X (sg13g2_buf_1)
                                                         net20 (net)
                      0.089362    0.001034    4.361108 v fanout19/A (sg13g2_buf_1)
     8    0.030754    0.101315    0.147004    4.508112 v fanout19/X (sg13g2_buf_1)
                                                         net19 (net)
                      0.101325    0.001017    4.509129 v _094_/A (sg13g2_inv_1)
     1    0.005002    0.043166    0.053493    4.562622 ^ _094_/Y (sg13g2_inv_1)
                                                         _020_ (net)
                      0.043166    0.000040    4.562662 ^ _098_/RESET_B (sg13g2_dfrbpq_1)
                                              4.562662   data arrival time

                                  0.000000    0.000000   clock clk (rise edge)
                                  0.000000    0.000000   clock source latency
     1    0.052549    0.067257    0.050880    0.050880 ^ clk (in)
                                                         clk (net)
                      0.070027    0.000000    0.050880 ^ clkbuf_0_clk/A (sg13g2_buf_16)
     4    0.091299    0.037008    0.102396    0.153276 ^ clkbuf_0_clk/X (sg13g2_buf_16)
                                                         clknet_0_clk (net)
                      0.037555    0.003559    0.156835 ^ clkbuf_2_1__f_clk/A (sg13g2_buf_16)
     6    0.028098    0.021658    0.073960    0.230795 ^ clkbuf_2_1__f_clk/X (sg13g2_buf_16)
                                                         clknet_2_1__leaf_clk (net)
                      0.021661    0.000578    0.231374 ^ _098_/CLK (sg13g2_dfrbpq_1)
                                  0.250000    0.481374   clock uncertainty
                                  0.000000    0.481374   clock reconvergence pessimism
                                 -0.107223    0.374150   library removal time
                                              0.374150   data required time
---------------------------------------------------------------------------------------------
                                              0.374150   data required time
                                             -4.562662   data arrival time
---------------------------------------------------------------------------------------------
                                              4.188511   slack (MET)


Startpoint: _098_ (rising edge-triggered flip-flop clocked by clk)
Endpoint: dout[2] (output port clocked by clk)
Path Group: clk
Path Type: min

Fanout         Cap        Slew       Delay        Time   Description
---------------------------------------------------------------------------------------------
                                  0.000000    0.000000   clock clk (rise edge)
                                  0.000000    0.000000   clock source latency
     1    0.049876    0.064457    0.043762    0.043762 ^ clk (in)
                                                         clk (net)
                      0.066940    0.000000    0.043762 ^ clkbuf_0_clk/A (sg13g2_buf_16)
     4    0.080607    0.034407    0.089433    0.133195 ^ clkbuf_0_clk/X (sg13g2_buf_16)
                                                         clknet_0_clk (net)
                      0.034864    0.002823    0.136019 ^ clkbuf_2_1__f_clk/A (sg13g2_buf_16)
     6    0.025413    0.020925    0.065184    0.201203 ^ clkbuf_2_1__f_clk/X (sg13g2_buf_16)
                                                         clknet_2_1__leaf_clk (net)
                      0.020928    0.000472    0.201675 ^ _098_/CLK (sg13g2_dfrbpq_1)
     2    0.010385    0.040442    0.169263    0.370938 v _098_/Q (sg13g2_dfrbpq_1)
                                                         net9 (net)
                      0.040443    0.000256    0.371194 v output9/A (sg13g2_buf_1)
     1    0.006000    0.029545    0.070575    0.441769 v output9/X (sg13g2_buf_1)
                                                         dout[2] (net)
                      0.029545    0.000000    0.441769 v dout[2] (out)
                                              0.441769   data arrival time

                                  0.000000    0.000000   clock clk (rise edge)
                                  0.000000    0.000000   clock network delay (propagated)
                                  0.250000    0.250000   clock uncertainty
                                  0.000000    0.250000   clock reconvergence pessimism
                                 -4.000000   -3.750000   output external delay
                                             -3.750000   data required time
---------------------------------------------------------------------------------------------
                                             -3.750000   data required time
                                             -0.441769   data arrival time
---------------------------------------------------------------------------------------------
                                              4.191769   slack (MET)


Startpoint: _107_ (rising edge-triggered flip-flop clocked by clk)
Endpoint: dout[11] (output port clocked by clk)
Path Group: clk
Path Type: min

Fanout         Cap        Slew       Delay        Time   Description
---------------------------------------------------------------------------------------------
                                  0.000000    0.000000   clock clk (rise edge)
                                  0.000000    0.000000   clock source latency
     1    0.049876    0.064457    0.043762    0.043762 ^ clk (in)
                                                         clk (net)
                      0.066940    0.000000    0.043762 ^ clkbuf_0_clk/A (sg13g2_buf_16)
     4    0.080607    0.034407    0.089433    0.133195 ^ clkbuf_0_clk/X (sg13g2_buf_16)
                                                         clknet_0_clk (net)
                      0.034791    0.002519    0.135714 ^ clkbuf_2_3__f_clk/A (sg13g2_buf_16)
     6    0.022856    0.020339    0.064653    0.200367 ^ clkbuf_2_3__f_clk/X (sg13g2_buf_16)
                                                         clknet_2_3__leaf_clk (net)
                      0.020344    0.000611    0.200979 ^ _107_/CLK (sg13g2_dfrbpq_1)
     2    0.011685    0.044245    0.172027    0.373005 v _107_/Q (sg13g2_dfrbpq_1)
                                                         net7 (net)
                      0.044246    0.000258    0.373263 v output7/A (sg13g2_buf_1)
     1    0.006000    0.029658    0.072109    0.445372 v output7/X (sg13g2_buf_1)
                                                         dout[11] (net)
                      0.029658    0.000000    0.445372 v dout[11] (out)
                                              0.445372   data arrival time

                                  0.000000    0.000000   clock clk (rise edge)
                                  0.000000    0.000000   clock network delay (propagated)
                                  0.250000    0.250000   clock uncertainty
                                  0.000000    0.250000   clock reconvergence pessimism
                                 -4.000000   -3.750000   output external delay
                                             -3.750000   data required time
---------------------------------------------------------------------------------------------
                                             -3.750000   data required time
                                             -0.445372   data arrival time
---------------------------------------------------------------------------------------------
                                              4.195372   slack (MET)


Startpoint: _121_ (rising edge-triggered flip-flop clocked by clk)
Endpoint: dout[1] (output port clocked by clk)
Path Group: clk
Path Type: min

Fanout         Cap        Slew       Delay        Time   Description
---------------------------------------------------------------------------------------------
                                  0.000000    0.000000   clock clk (rise edge)
                                  0.000000    0.000000   clock source latency
     1    0.049876    0.064457    0.043762    0.043762 ^ clk (in)
                                                         clk (net)
                      0.066940    0.000000    0.043762 ^ clkbuf_0_clk/A (sg13g2_buf_16)
     4    0.080607    0.034407    0.089433    0.133195 ^ clkbuf_0_clk/X (sg13g2_buf_16)
                                                         clknet_0_clk (net)
                      0.034864    0.002823    0.136019 ^ clkbuf_2_1__f_clk/A (sg13g2_buf_16)
     6    0.025413    0.020925    0.065184    0.201203 ^ clkbuf_2_1__f_clk/X (sg13g2_buf_16)
                                                         clknet_2_1__leaf_clk (net)
                      0.020928    0.000521    0.201723 ^ _121_/CLK (sg13g2_dfrbpq_1)
     2    0.012620    0.047025    0.174407    0.376131 v _121_/Q (sg13g2_dfrbpq_1)
                                                         net8 (net)
                      0.047028    0.000393    0.376524 v output8/A (sg13g2_buf_1)
     1    0.006000    0.029740    0.073231    0.449755 v output8/X (sg13g2_buf_1)
                                                         dout[1] (net)
                      0.029740    0.000000    0.449755 v dout[1] (out)
                                              0.449755   data arrival time

                                  0.000000    0.000000   clock clk (rise edge)
                                  0.000000    0.000000   clock network delay (propagated)
                                  0.250000    0.250000   clock uncertainty
                                  0.000000    0.250000   clock reconvergence pessimism
                                 -4.000000   -3.750000   output external delay
                                             -3.750000   data required time
---------------------------------------------------------------------------------------------
                                             -3.750000   data required time
                                             -0.449755   data arrival time
---------------------------------------------------------------------------------------------
                                              4.199754   slack (MET)


Startpoint: _120_ (rising edge-triggered flip-flop clocked by clk)
Endpoint: dout[0] (output port clocked by clk)
Path Group: clk
Path Type: min

Fanout         Cap        Slew       Delay        Time   Description
---------------------------------------------------------------------------------------------
                                  0.000000    0.000000   clock clk (rise edge)
                                  0.000000    0.000000   clock source latency
     1    0.049876    0.064457    0.043762    0.043762 ^ clk (in)
                                                         clk (net)
                      0.066940    0.000000    0.043762 ^ clkbuf_0_clk/A (sg13g2_buf_16)
     4    0.080607    0.034407    0.089433    0.133195 ^ clkbuf_0_clk/X (sg13g2_buf_16)
                                                         clknet_0_clk (net)
                      0.034924    0.003059    0.136254 ^ clkbuf_2_0__f_clk/A (sg13g2_buf_16)
     6    0.026689    0.021216    0.065451    0.201705 ^ clkbuf_2_0__f_clk/X (sg13g2_buf_16)
                                                         clknet_2_0__leaf_clk (net)
                      0.021219    0.000490    0.202195 ^ _120_/CLK (sg13g2_dfrbpq_1)
     2    0.017299    0.061023    0.185202    0.387397 v _120_/Q (sg13g2_dfrbpq_1)
                                                         net5 (net)
                      0.061036    0.000853    0.388250 v output5/A (sg13g2_buf_1)
     1    0.006000    0.030156    0.078880    0.467129 v output5/X (sg13g2_buf_1)
                                                         dout[0] (net)
                      0.030156    0.000000    0.467129 v dout[0] (out)
                                              0.467129   data arrival time

                                  0.000000    0.000000   clock clk (rise edge)
                                  0.000000    0.000000   clock network delay (propagated)
                                  0.250000    0.250000   clock uncertainty
                                  0.000000    0.250000   clock reconvergence pessimism
                                 -4.000000   -3.750000   output external delay
                                             -3.750000   data required time
---------------------------------------------------------------------------------------------
                                             -3.750000   data required time
                                             -0.467129   data arrival time
---------------------------------------------------------------------------------------------
                                              4.217129   slack (MET)



