
===========================================================================
report_checks -path_delay min (Hold)
============================================================================
======================= nom_fast_1p32V_m40C Corner ===================================

Startpoint: _116_ (rising edge-triggered flip-flop clocked by clk)
Endpoint: _104_ (rising edge-triggered flip-flop clocked by clk)
Path Group: clk
Path Type: min

Fanout         Cap        Slew       Delay        Time   Description
---------------------------------------------------------------------------------------------
                                  0.000000    0.000000   clock clk (rise edge)
                                  0.000000    0.000000   clock source latency
     1    0.045267    0.039798    0.026557    0.026557 ^ clk (in)
                                                         clk (net)
                      0.041924    0.000000    0.026557 ^ clkbuf_0_clk/A (sg13g2_buf_16)
     4    0.084269    0.023237    0.055392    0.081949 ^ clkbuf_0_clk/X (sg13g2_buf_16)
                                                         clknet_0_clk (net)
                      0.025409    0.004857    0.086805 ^ clkbuf_2_2__f_clk/A (sg13g2_buf_16)
     6    0.039261    0.016431    0.045716    0.132522 ^ clkbuf_2_2__f_clk/X (sg13g2_buf_16)
                                                         clknet_2_2__leaf_clk (net)
                      0.016446    0.000851    0.133373 ^ _116_/CLK (sg13g2_dfrbpq_1)
     2    0.006734    0.020526    0.108758    0.242130 v _116_/Q (sg13g2_dfrbpq_1)
                                                         internal_data_reg[8] (net)
                      0.020528    0.000367    0.242498 v _072_/A1 (sg13g2_mux2_1)
     1    0.002219    0.018206    0.064270    0.306768 v _072_/X (sg13g2_mux2_1)
                                                         _026_ (net)
                      0.018206    0.000078    0.306846 v hold28/A (sg13g2_dlygate4sd3_1)
     1    0.001618    0.022960    0.232909    0.539755 v hold28/X (sg13g2_dlygate4sd3_1)
                                                         net28 (net)
                      0.022960    0.000061    0.539815 v _104_/D (sg13g2_dfrbpq_1)
                                              0.539815   data arrival time

                                  0.000000    0.000000   clock clk (rise edge)
                                  0.000000    0.000000   clock source latency
     1    0.048523    0.042046    0.031382    0.031382 ^ clk (in)
                                                         clk (net)
                      0.044485    0.000000    0.031382 ^ clkbuf_0_clk/A (sg13g2_buf_16)
     4    0.097293    0.025472    0.063365    0.094748 ^ clkbuf_0_clk/X (sg13g2_buf_16)
                                                         clknet_0_clk (net)
                      0.028051    0.006204    0.100952 ^ clkbuf_2_2__f_clk/A (sg13g2_buf_16)
     6    0.042519    0.017011    0.051940    0.152892 ^ clkbuf_2_2__f_clk/X (sg13g2_buf_16)
                                                         clknet_2_2__leaf_clk (net)
                      0.017033    0.001175    0.154067 ^ _104_/CLK (sg13g2_dfrbpq_1)
                                  0.250000    0.404067   clock uncertainty
                                 -0.020370    0.383697   clock reconvergence pessimism
                                 -0.023263    0.360434   library hold time
                                              0.360434   data required time
---------------------------------------------------------------------------------------------
                                              0.360434   data required time
                                             -0.539815   data arrival time
---------------------------------------------------------------------------------------------
                                              0.179382   slack (MET)


Startpoint: _112_ (rising edge-triggered flip-flop clocked by clk)
Endpoint: _100_ (rising edge-triggered flip-flop clocked by clk)
Path Group: clk
Path Type: min

Fanout         Cap        Slew       Delay        Time   Description
---------------------------------------------------------------------------------------------
                                  0.000000    0.000000   clock clk (rise edge)
                                  0.000000    0.000000   clock source latency
     1    0.045267    0.039798    0.026557    0.026557 ^ clk (in)
                                                         clk (net)
                      0.041924    0.000000    0.026557 ^ clkbuf_0_clk/A (sg13g2_buf_16)
     4    0.084269    0.023237    0.055392    0.081949 ^ clkbuf_0_clk/X (sg13g2_buf_16)
                                                         clknet_0_clk (net)
                      0.026733    0.006510    0.088459 ^ clkbuf_2_0__f_clk/A (sg13g2_buf_16)
     6    0.037798    0.016285    0.046008    0.134467 ^ clkbuf_2_0__f_clk/X (sg13g2_buf_16)
                                                         clknet_2_0__leaf_clk (net)
                      0.016371    0.001825    0.136292 ^ _112_/CLK (sg13g2_dfrbpq_1)
     2    0.008845    0.024661    0.111927    0.248219 v _112_/Q (sg13g2_dfrbpq_1)
                                                         internal_data_reg[4] (net)
                      0.024680    0.000597    0.248815 v _051_/A1 (sg13g2_mux2_1)
     1    0.002766    0.019214    0.066758    0.315573 v _051_/X (sg13g2_mux2_1)
                                                         _046_ (net)
                      0.019214    0.000157    0.315730 v hold39/A (sg13g2_dlygate4sd3_1)
     1    0.002712    0.025102    0.235852    0.551582 v hold39/X (sg13g2_dlygate4sd3_1)
                                                         net39 (net)
                      0.025102    0.000092    0.551674 v _100_/D (sg13g2_dfrbpq_1)
                                              0.551674   data arrival time

                                  0.000000    0.000000   clock clk (rise edge)
                                  0.000000    0.000000   clock source latency
     1    0.048523    0.042046    0.031382    0.031382 ^ clk (in)
                                                         clk (net)
                      0.044485    0.000000    0.031382 ^ clkbuf_0_clk/A (sg13g2_buf_16)
     4    0.097293    0.025472    0.063365    0.094748 ^ clkbuf_0_clk/X (sg13g2_buf_16)
                                                         clknet_0_clk (net)
                      0.028938    0.007383    0.102130 ^ clkbuf_2_1__f_clk/A (sg13g2_buf_16)
     6    0.035509    0.016081    0.051644    0.153774 ^ clkbuf_2_1__f_clk/X (sg13g2_buf_16)
                                                         clknet_2_1__leaf_clk (net)
                      0.016103    0.001179    0.154954 ^ _100_/CLK (sg13g2_dfrbpq_1)
                                  0.250000    0.404954   clock uncertainty
                                 -0.012799    0.392155   clock reconvergence pessimism
                                 -0.023906    0.368249   library hold time
                                              0.368249   data required time
---------------------------------------------------------------------------------------------
                                              0.368249   data required time
                                             -0.551674   data arrival time
---------------------------------------------------------------------------------------------
                                              0.183426   slack (MET)


Startpoint: _115_ (rising edge-triggered flip-flop clocked by clk)
Endpoint: _103_ (rising edge-triggered flip-flop clocked by clk)
Path Group: clk
Path Type: min

Fanout         Cap        Slew       Delay        Time   Description
---------------------------------------------------------------------------------------------
                                  0.000000    0.000000   clock clk (rise edge)
                                  0.000000    0.000000   clock source latency
     1    0.045267    0.039798    0.026557    0.026557 ^ clk (in)
                                                         clk (net)
                      0.041924    0.000000    0.026557 ^ clkbuf_0_clk/A (sg13g2_buf_16)
     4    0.084269    0.023237    0.055392    0.081949 ^ clkbuf_0_clk/X (sg13g2_buf_16)
                                                         clknet_0_clk (net)
                      0.025409    0.004857    0.086805 ^ clkbuf_2_2__f_clk/A (sg13g2_buf_16)
     6    0.039261    0.016431    0.045716    0.132522 ^ clkbuf_2_2__f_clk/X (sg13g2_buf_16)
                                                         clknet_2_2__leaf_clk (net)
                      0.016586    0.002195    0.134717 ^ _115_/CLK (sg13g2_dfrbpq_1)
     2    0.007441    0.021887    0.109913    0.244630 v _115_/Q (sg13g2_dfrbpq_1)
                                                         internal_data_reg[7] (net)
                      0.021912    0.000413    0.245043 v _073_/A1 (sg13g2_mux2_1)
     1    0.002933    0.019488    0.066214    0.311257 v _073_/X (sg13g2_mux2_1)
                                                         _025_ (net)
                      0.019488    0.000100    0.311357 v hold35/A (sg13g2_dlygate4sd3_1)
     1    0.001874    0.023476    0.234084    0.545441 v hold35/X (sg13g2_dlygate4sd3_1)
                                                         net35 (net)
                      0.023477    0.000067    0.545508 v _103_/D (sg13g2_dfrbpq_1)
                                              0.545508   data arrival time

                                  0.000000    0.000000   clock clk (rise edge)
                                  0.000000    0.000000   clock source latency
     1    0.048523    0.042046    0.031382    0.031382 ^ clk (in)
                                                         clk (net)
                      0.044485    0.000000    0.031382 ^ clkbuf_0_clk/A (sg13g2_buf_16)
     4    0.097293    0.025472    0.063365    0.094748 ^ clkbuf_0_clk/X (sg13g2_buf_16)
                                                         clknet_0_clk (net)
                      0.028051    0.006204    0.100952 ^ clkbuf_2_2__f_clk/A (sg13g2_buf_16)
     6    0.042519    0.017011    0.051940    0.152892 ^ clkbuf_2_2__f_clk/X (sg13g2_buf_16)
                                                         clknet_2_2__leaf_clk (net)
                      0.017148    0.002310    0.155202 ^ _103_/CLK (sg13g2_dfrbpq_1)
                                  0.250000    0.405202   clock uncertainty
                                 -0.020370    0.384831   clock reconvergence pessimism
                                 -0.023364    0.361467   library hold time
                                              0.361467   data required time
---------------------------------------------------------------------------------------------
                                              0.361467   data required time
                                             -0.545508   data arrival time
---------------------------------------------------------------------------------------------
                                              0.184040   slack (MET)


Startpoint: _106_ (rising edge-triggered flip-flop clocked by clk)
Endpoint: _106_ (rising edge-triggered flip-flop clocked by clk)
Path Group: clk
Path Type: min

Fanout         Cap        Slew       Delay        Time   Description
---------------------------------------------------------------------------------------------
                                  0.000000    0.000000   clock clk (rise edge)
                                  0.000000    0.000000   clock source latency
     1    0.045267    0.039798    0.026557    0.026557 ^ clk (in)
                                                         clk (net)
                      0.041924    0.000000    0.026557 ^ clkbuf_0_clk/A (sg13g2_buf_16)
     4    0.084269    0.023237    0.055392    0.081949 ^ clkbuf_0_clk/X (sg13g2_buf_16)
                                                         clknet_0_clk (net)
                      0.025630    0.005159    0.087108 ^ clkbuf_2_3__f_clk/A (sg13g2_buf_16)
     6    0.027025    0.014703    0.044444    0.131552 ^ clkbuf_2_3__f_clk/X (sg13g2_buf_16)
                                                         clknet_2_3__leaf_clk (net)
                      0.014840    0.002147    0.133698 ^ _106_/CLK (sg13g2_dfrbpq_1)
     2    0.006670    0.020402    0.108097    0.241796 v _106_/Q (sg13g2_dfrbpq_1)
                                                         net6 (net)
                      0.020403    0.000347    0.242143 v hold52/A (sg13g2_dlygate4sd3_1)
     1    0.002950    0.025561    0.236937    0.479080 v hold52/X (sg13g2_dlygate4sd3_1)
                                                         net52 (net)
                      0.025561    0.000109    0.479190 v _070_/A0 (sg13g2_mux2_1)
     1    0.002261    0.018283    0.066172    0.545362 v _070_/X (sg13g2_mux2_1)
                                                         _028_ (net)
                      0.018283    0.000082    0.545444 v _106_/D (sg13g2_dfrbpq_1)
                                              0.545444   data arrival time

                                  0.000000    0.000000   clock clk (rise edge)
                                  0.000000    0.000000   clock source latency
     1    0.048523    0.042046    0.031382    0.031382 ^ clk (in)
                                                         clk (net)
                      0.044485    0.000000    0.031382 ^ clkbuf_0_clk/A (sg13g2_buf_16)
     4    0.097293    0.025472    0.063365    0.094748 ^ clkbuf_0_clk/X (sg13g2_buf_16)
                                                         clknet_0_clk (net)
                      0.028330    0.006592    0.101339 ^ clkbuf_2_3__f_clk/A (sg13g2_buf_16)
     6    0.030283    0.015304    0.050553    0.151893 ^ clkbuf_2_3__f_clk/X (sg13g2_buf_16)
                                                         clknet_2_3__leaf_clk (net)
                      0.015482    0.002654    0.154547 ^ _106_/CLK (sg13g2_dfrbpq_1)
                                  0.250000    0.404547   clock uncertainty
                                 -0.020848    0.383698   clock reconvergence pessimism
                                 -0.022430    0.361269   library hold time
                                              0.361269   data required time
---------------------------------------------------------------------------------------------
                                              0.361269   data required time
                                             -0.545444   data arrival time
---------------------------------------------------------------------------------------------
                                              0.184175   slack (MET)


Startpoint: _119_ (rising edge-triggered flip-flop clocked by clk)
Endpoint: _119_ (rising edge-triggered flip-flop clocked by clk)
Path Group: clk
Path Type: min

Fanout         Cap        Slew       Delay        Time   Description
---------------------------------------------------------------------------------------------
                                  0.000000    0.000000   clock clk (rise edge)
                                  0.000000    0.000000   clock source latency
     1    0.045267    0.039798    0.026557    0.026557 ^ clk (in)
                                                         clk (net)
                      0.041924    0.000000    0.026557 ^ clkbuf_0_clk/A (sg13g2_buf_16)
     4    0.084269    0.023237    0.055392    0.081949 ^ clkbuf_0_clk/X (sg13g2_buf_16)
                                                         clknet_0_clk (net)
                      0.025630    0.005159    0.087108 ^ clkbuf_2_3__f_clk/A (sg13g2_buf_16)
     6    0.027025    0.014703    0.044444    0.131552 ^ clkbuf_2_3__f_clk/X (sg13g2_buf_16)
                                                         clknet_2_3__leaf_clk (net)
                      0.014817    0.001995    0.133547 ^ _119_/CLK (sg13g2_dfrbpq_1)
     1    0.002082    0.012021    0.101034    0.234580 v _119_/Q (sg13g2_dfrbpq_1)
                                                         internal_data_reg[11] (net)
                      0.012021    0.000137    0.234718 v hold31/A (sg13g2_dlygate4sd3_1)
     2    0.007803    0.034975    0.243859    0.478576 v hold31/X (sg13g2_dlygate4sd3_1)
                                                         net31 (net)
                      0.034975    0.000470    0.479046 v _057_/A0 (sg13g2_mux2_1)
     1    0.001715    0.017337    0.068069    0.547116 v _057_/X (sg13g2_mux2_1)
                                                         _041_ (net)
                      0.017337    0.000063    0.547179 v _119_/D (sg13g2_dfrbpq_1)
                                              0.547179   data arrival time

                                  0.000000    0.000000   clock clk (rise edge)
                                  0.000000    0.000000   clock source latency
     1    0.048523    0.042046    0.031382    0.031382 ^ clk (in)
                                                         clk (net)
                      0.044485    0.000000    0.031382 ^ clkbuf_0_clk/A (sg13g2_buf_16)
     4    0.097293    0.025472    0.063365    0.094748 ^ clkbuf_0_clk/X (sg13g2_buf_16)
                                                         clknet_0_clk (net)
                      0.028330    0.006592    0.101339 ^ clkbuf_2_3__f_clk/A (sg13g2_buf_16)
     6    0.030283    0.015304    0.050553    0.151893 ^ clkbuf_2_3__f_clk/X (sg13g2_buf_16)
                                                         clknet_2_3__leaf_clk (net)
                      0.015449    0.002470    0.154363 ^ _119_/CLK (sg13g2_dfrbpq_1)
                                  0.250000    0.404363   clock uncertainty
                                 -0.020816    0.383547   clock reconvergence pessimism
                                 -0.022216    0.361331   library hold time
                                              0.361331   data required time
---------------------------------------------------------------------------------------------
                                              0.361331   data required time
                                             -0.547179   data arrival time
---------------------------------------------------------------------------------------------
                                              0.185848   slack (MET)


Startpoint: _117_ (rising edge-triggered flip-flop clocked by clk)
Endpoint: _105_ (rising edge-triggered flip-flop clocked by clk)
Path Group: clk
Path Type: min

Fanout         Cap        Slew       Delay        Time   Description
---------------------------------------------------------------------------------------------
                                  0.000000    0.000000   clock clk (rise edge)
                                  0.000000    0.000000   clock source latency
     1    0.045267    0.039798    0.026557    0.026557 ^ clk (in)
                                                         clk (net)
                      0.041924    0.000000    0.026557 ^ clkbuf_0_clk/A (sg13g2_buf_16)
     4    0.084269    0.023237    0.055392    0.081949 ^ clkbuf_0_clk/X (sg13g2_buf_16)
                                                         clknet_0_clk (net)
                      0.025630    0.005159    0.087108 ^ clkbuf_2_3__f_clk/A (sg13g2_buf_16)
     6    0.027025    0.014703    0.044444    0.131552 ^ clkbuf_2_3__f_clk/X (sg13g2_buf_16)
                                                         clknet_2_3__leaf_clk (net)
                      0.014703    0.000127    0.131679 ^ _117_/CLK (sg13g2_dfrbpq_1)
     3    0.009912    0.026776    0.113020    0.244699 v _117_/Q (sg13g2_dfrbpq_1)
                                                         internal_data_reg[9] (net)
                      0.026788    0.000498    0.245197 v _071_/A1 (sg13g2_mux2_1)
     1    0.002497    0.018709    0.066877    0.312074 v _071_/X (sg13g2_mux2_1)
                                                         _027_ (net)
                      0.018709    0.000151    0.312225 v hold37/A (sg13g2_dlygate4sd3_1)
     1    0.001932    0.023593    0.233853    0.546078 v hold37/X (sg13g2_dlygate4sd3_1)
                                                         net37 (net)
                      0.023593    0.000069    0.546147 v _105_/D (sg13g2_dfrbpq_1)
                                              0.546147   data arrival time

                                  0.000000    0.000000   clock clk (rise edge)
                                  0.000000    0.000000   clock source latency
     1    0.048523    0.042046    0.031382    0.031382 ^ clk (in)
                                                         clk (net)
                      0.044485    0.000000    0.031382 ^ clkbuf_0_clk/A (sg13g2_buf_16)
     4    0.097293    0.025472    0.063365    0.094748 ^ clkbuf_0_clk/X (sg13g2_buf_16)
                                                         clknet_0_clk (net)
                      0.028330    0.006592    0.101339 ^ clkbuf_2_3__f_clk/A (sg13g2_buf_16)
     6    0.030283    0.015304    0.050553    0.151893 ^ clkbuf_2_3__f_clk/X (sg13g2_buf_16)
                                                         clknet_2_3__leaf_clk (net)
                      0.015375    0.001856    0.153749 ^ _105_/CLK (sg13g2_dfrbpq_1)
                                  0.250000    0.403749   clock uncertainty
                                 -0.020341    0.383408   clock reconvergence pessimism
                                 -0.023673    0.359735   library hold time
                                              0.359735   data required time
---------------------------------------------------------------------------------------------
                                              0.359735   data required time
                                             -0.546147   data arrival time
---------------------------------------------------------------------------------------------
                                              0.186412   slack (MET)


Startpoint: _117_ (rising edge-triggered flip-flop clocked by clk)
Endpoint: _117_ (rising edge-triggered flip-flop clocked by clk)
Path Group: clk
Path Type: min

Fanout         Cap        Slew       Delay        Time   Description
---------------------------------------------------------------------------------------------
                                  0.000000    0.000000   clock clk (rise edge)
                                  0.000000    0.000000   clock source latency
     1    0.045267    0.039798    0.026557    0.026557 ^ clk (in)
                                                         clk (net)
                      0.041924    0.000000    0.026557 ^ clkbuf_0_clk/A (sg13g2_buf_16)
     4    0.084269    0.023237    0.055392    0.081949 ^ clkbuf_0_clk/X (sg13g2_buf_16)
                                                         clknet_0_clk (net)
                      0.025630    0.005159    0.087108 ^ clkbuf_2_3__f_clk/A (sg13g2_buf_16)
     6    0.027025    0.014703    0.044444    0.131552 ^ clkbuf_2_3__f_clk/X (sg13g2_buf_16)
                                                         clknet_2_3__leaf_clk (net)
                      0.014703    0.000127    0.131679 ^ _117_/CLK (sg13g2_dfrbpq_1)
     3    0.009912    0.026776    0.113020    0.244699 v _117_/Q (sg13g2_dfrbpq_1)
                                                         internal_data_reg[9] (net)
                      0.026790    0.000536    0.245235 v _059_/A0 (sg13g2_mux2_1)
     1    0.002423    0.018573    0.066910    0.312145 v _059_/X (sg13g2_mux2_1)
                                                         _039_ (net)
                      0.018574    0.000084    0.312229 v hold45/A (sg13g2_dlygate4sd3_1)
     1    0.001939    0.023607    0.233805    0.546033 v hold45/X (sg13g2_dlygate4sd3_1)
                                                         net45 (net)
                      0.023608    0.000071    0.546104 v _117_/D (sg13g2_dfrbpq_1)
                                              0.546104   data arrival time

                                  0.000000    0.000000   clock clk (rise edge)
                                  0.000000    0.000000   clock source latency
     1    0.048523    0.042046    0.031382    0.031382 ^ clk (in)
                                                         clk (net)
                      0.044485    0.000000    0.031382 ^ clkbuf_0_clk/A (sg13g2_buf_16)
     4    0.097293    0.025472    0.063365    0.094748 ^ clkbuf_0_clk/X (sg13g2_buf_16)
                                                         clknet_0_clk (net)
                      0.028330    0.006592    0.101339 ^ clkbuf_2_3__f_clk/A (sg13g2_buf_16)
     6    0.030283    0.015304    0.050553    0.151893 ^ clkbuf_2_3__f_clk/X (sg13g2_buf_16)
                                                         clknet_2_3__leaf_clk (net)
                      0.015305    0.000165    0.152058 ^ _117_/CLK (sg13g2_dfrbpq_1)
                                  0.250000    0.402058   clock uncertainty
                                 -0.020379    0.381679   clock reconvergence pessimism
                                 -0.023687    0.357992   library hold time
                                              0.357992   data required time
---------------------------------------------------------------------------------------------
                                              0.357992   data required time
                                             -0.546104   data arrival time
---------------------------------------------------------------------------------------------
                                              0.188113   slack (MET)


Startpoint: _099_ (rising edge-triggered flip-flop clocked by clk)
Endpoint: _099_ (rising edge-triggered flip-flop clocked by clk)
Path Group: clk
Path Type: min

Fanout         Cap        Slew       Delay        Time   Description
---------------------------------------------------------------------------------------------
                                  0.000000    0.000000   clock clk (rise edge)
                                  0.000000    0.000000   clock source latency
     1    0.045267    0.039798    0.026557    0.026557 ^ clk (in)
                                                         clk (net)
                      0.041924    0.000000    0.026557 ^ clkbuf_0_clk/A (sg13g2_buf_16)
     4    0.084269    0.023237    0.055392    0.081949 ^ clkbuf_0_clk/X (sg13g2_buf_16)
                                                         clknet_0_clk (net)
                      0.026115    0.005782    0.087731 ^ clkbuf_2_1__f_clk/A (sg13g2_buf_16)
     6    0.032252    0.015474    0.045359    0.133090 ^ clkbuf_2_1__f_clk/X (sg13g2_buf_16)
                                                         clknet_2_1__leaf_clk (net)
                      0.015499    0.001114    0.134203 ^ _099_/CLK (sg13g2_dfrbpq_1)
     2    0.011131    0.029217    0.115116    0.249320 v _099_/Q (sg13g2_dfrbpq_1)
                                                         net10 (net)
                      0.029230    0.000538    0.249857 v _052_/A0 (sg13g2_mux2_1)
     1    0.001727    0.017342    0.066239    0.316097 v _052_/X (sg13g2_mux2_1)
                                                         _045_ (net)
                      0.017342    0.000064    0.316160 v hold49/A (sg13g2_dlygate4sd3_1)
     1    0.002488    0.024670    0.234463    0.550624 v hold49/X (sg13g2_dlygate4sd3_1)
                                                         net49 (net)
                      0.024671    0.000156    0.550780 v _099_/D (sg13g2_dfrbpq_1)
                                              0.550780   data arrival time

                                  0.000000    0.000000   clock clk (rise edge)
                                  0.000000    0.000000   clock source latency
     1    0.048523    0.042046    0.031382    0.031382 ^ clk (in)
                                                         clk (net)
                      0.044485    0.000000    0.031382 ^ clkbuf_0_clk/A (sg13g2_buf_16)
     4    0.097293    0.025472    0.063365    0.094748 ^ clkbuf_0_clk/X (sg13g2_buf_16)
                                                         clknet_0_clk (net)
                      0.028938    0.007383    0.102130 ^ clkbuf_2_1__f_clk/A (sg13g2_buf_16)
     6    0.035509    0.016081    0.051644    0.153774 ^ clkbuf_2_1__f_clk/X (sg13g2_buf_16)
                                                         clknet_2_1__leaf_clk (net)
                      0.016116    0.001370    0.155144 ^ _099_/CLK (sg13g2_dfrbpq_1)
                                  0.250000    0.405144   clock uncertainty
                                 -0.020941    0.384203   clock reconvergence pessimism
                                 -0.023804    0.360399   library hold time
                                              0.360399   data required time
---------------------------------------------------------------------------------------------
                                              0.360399   data required time
                                             -0.550780   data arrival time
---------------------------------------------------------------------------------------------
                                              0.190381   slack (MET)


Startpoint: _113_ (rising edge-triggered flip-flop clocked by clk)
Endpoint: _101_ (rising edge-triggered flip-flop clocked by clk)
Path Group: clk
Path Type: min

Fanout         Cap        Slew       Delay        Time   Description
---------------------------------------------------------------------------------------------
                                  0.000000    0.000000   clock clk (rise edge)
                                  0.000000    0.000000   clock source latency
     1    0.045267    0.039798    0.026557    0.026557 ^ clk (in)
                                                         clk (net)
                      0.041924    0.000000    0.026557 ^ clkbuf_0_clk/A (sg13g2_buf_16)
     4    0.084269    0.023237    0.055392    0.081949 ^ clkbuf_0_clk/X (sg13g2_buf_16)
                                                         clknet_0_clk (net)
                      0.026115    0.005782    0.087731 ^ clkbuf_2_1__f_clk/A (sg13g2_buf_16)
     6    0.032252    0.015474    0.045359    0.133090 ^ clkbuf_2_1__f_clk/X (sg13g2_buf_16)
                                                         clknet_2_1__leaf_clk (net)
                      0.015481    0.000619    0.133709 ^ _113_/CLK (sg13g2_dfrbpq_1)
     3    0.011822    0.030602    0.116203    0.249911 v _113_/Q (sg13g2_dfrbpq_1)
                                                         internal_data_reg[5] (net)
                      0.030615    0.000564    0.250475 v _050_/A1 (sg13g2_mux2_1)
     1    0.002207    0.018206    0.067522    0.317998 v _050_/X (sg13g2_mux2_1)
                                                         _047_ (net)
                      0.018206    0.000078    0.318076 v hold26/A (sg13g2_dlygate4sd3_1)
     1    0.001618    0.022960    0.232908    0.550984 v hold26/X (sg13g2_dlygate4sd3_1)
                                                         net26 (net)
                      0.022960    0.000061    0.551045 v _101_/D (sg13g2_dfrbpq_1)
                                              0.551045   data arrival time

                                  0.000000    0.000000   clock clk (rise edge)
                                  0.000000    0.000000   clock source latency
     1    0.048523    0.042046    0.031382    0.031382 ^ clk (in)
                                                         clk (net)
                      0.044485    0.000000    0.031382 ^ clkbuf_0_clk/A (sg13g2_buf_16)
     4    0.097293    0.025472    0.063365    0.094748 ^ clkbuf_0_clk/X (sg13g2_buf_16)
                                                         clknet_0_clk (net)
                      0.028938    0.007383    0.102130 ^ clkbuf_2_1__f_clk/A (sg13g2_buf_16)
     6    0.035509    0.016081    0.051644    0.153774 ^ clkbuf_2_1__f_clk/X (sg13g2_buf_16)
                                                         clknet_2_1__leaf_clk (net)
                      0.016093    0.000877    0.154651 ^ _101_/CLK (sg13g2_dfrbpq_1)
                                  0.250000    0.404651   clock uncertainty
                                 -0.020685    0.383967   clock reconvergence pessimism
                                 -0.023413    0.360554   library hold time
                                              0.360554   data required time
---------------------------------------------------------------------------------------------
                                              0.360554   data required time
                                             -0.551045   data arrival time
---------------------------------------------------------------------------------------------
                                              0.190491   slack (MET)


Startpoint: _117_ (rising edge-triggered flip-flop clocked by clk)
Endpoint: _118_ (rising edge-triggered flip-flop clocked by clk)
Path Group: clk
Path Type: min

Fanout         Cap        Slew       Delay        Time   Description
---------------------------------------------------------------------------------------------
                                  0.000000    0.000000   clock clk (rise edge)
                                  0.000000    0.000000   clock source latency
     1    0.045267    0.039798    0.026557    0.026557 ^ clk (in)
                                                         clk (net)
                      0.041924    0.000000    0.026557 ^ clkbuf_0_clk/A (sg13g2_buf_16)
     4    0.084269    0.023237    0.055392    0.081949 ^ clkbuf_0_clk/X (sg13g2_buf_16)
                                                         clknet_0_clk (net)
                      0.025630    0.005159    0.087108 ^ clkbuf_2_3__f_clk/A (sg13g2_buf_16)
     6    0.027025    0.014703    0.044444    0.131552 ^ clkbuf_2_3__f_clk/X (sg13g2_buf_16)
                                                         clknet_2_3__leaf_clk (net)
                      0.014703    0.000127    0.131679 ^ _117_/CLK (sg13g2_dfrbpq_1)
     3    0.009912    0.026776    0.113020    0.244699 v _117_/Q (sg13g2_dfrbpq_1)
                                                         internal_data_reg[9] (net)
                      0.026786    0.000460    0.245159 v hold53/A (sg13g2_dlygate4sd3_1)
     1    0.003600    0.026802    0.241375    0.486534 v hold53/X (sg13g2_dlygate4sd3_1)
                                                         net53 (net)
                      0.026802    0.000132    0.486666 v _058_/A1 (sg13g2_mux2_1)
     1    0.001782    0.017423    0.065391    0.552058 v _058_/X (sg13g2_mux2_1)
                                                         _040_ (net)
                      0.017423    0.000066    0.552124 v _118_/D (sg13g2_dfrbpq_1)
                                              0.552124   data arrival time

                                  0.000000    0.000000   clock clk (rise edge)
                                  0.000000    0.000000   clock source latency
     1    0.048523    0.042046    0.031382    0.031382 ^ clk (in)
                                                         clk (net)
                      0.044485    0.000000    0.031382 ^ clkbuf_0_clk/A (sg13g2_buf_16)
     4    0.097293    0.025472    0.063365    0.094748 ^ clkbuf_0_clk/X (sg13g2_buf_16)
                                                         clknet_0_clk (net)
                      0.028330    0.006592    0.101339 ^ clkbuf_2_3__f_clk/A (sg13g2_buf_16)
     6    0.030283    0.015304    0.050553    0.151893 ^ clkbuf_2_3__f_clk/X (sg13g2_buf_16)
                                                         clknet_2_3__leaf_clk (net)
                      0.015381    0.001917    0.153810 ^ _118_/CLK (sg13g2_dfrbpq_1)
                                  0.250000    0.403810   clock uncertainty
                                 -0.020341    0.383469   clock reconvergence pessimism
                                 -0.022247    0.361222   library hold time
                                              0.361222   data required time
---------------------------------------------------------------------------------------------
                                              0.361222   data required time
                                             -0.552124   data arrival time
---------------------------------------------------------------------------------------------
                                              0.190902   slack (MET)


Startpoint: _113_ (rising edge-triggered flip-flop clocked by clk)
Endpoint: _113_ (rising edge-triggered flip-flop clocked by clk)
Path Group: clk
Path Type: min

Fanout         Cap        Slew       Delay        Time   Description
---------------------------------------------------------------------------------------------
                                  0.000000    0.000000   clock clk (rise edge)
                                  0.000000    0.000000   clock source latency
     1    0.045267    0.039798    0.026557    0.026557 ^ clk (in)
                                                         clk (net)
                      0.041924    0.000000    0.026557 ^ clkbuf_0_clk/A (sg13g2_buf_16)
     4    0.084269    0.023237    0.055392    0.081949 ^ clkbuf_0_clk/X (sg13g2_buf_16)
                                                         clknet_0_clk (net)
                      0.026115    0.005782    0.087731 ^ clkbuf_2_1__f_clk/A (sg13g2_buf_16)
     6    0.032252    0.015474    0.045359    0.133090 ^ clkbuf_2_1__f_clk/X (sg13g2_buf_16)
                                                         clknet_2_1__leaf_clk (net)
                      0.015481    0.000619    0.133709 ^ _113_/CLK (sg13g2_dfrbpq_1)
     3    0.011822    0.030602    0.116203    0.249911 v _113_/Q (sg13g2_dfrbpq_1)
                                                         internal_data_reg[5] (net)
                      0.030622    0.000677    0.250588 v _063_/A0 (sg13g2_mux2_1)
     1    0.002171    0.018160    0.067613    0.318202 v _063_/X (sg13g2_mux2_1)
                                                         _035_ (net)
                      0.018160    0.000137    0.318338 v hold41/A (sg13g2_dlygate4sd3_1)
     1    0.001850    0.023429    0.233412    0.551751 v hold41/X (sg13g2_dlygate4sd3_1)
                                                         net41 (net)
                      0.023429    0.000067    0.551817 v _113_/D (sg13g2_dfrbpq_1)
                                              0.551817   data arrival time

                                  0.000000    0.000000   clock clk (rise edge)
                                  0.000000    0.000000   clock source latency
     1    0.048523    0.042046    0.031382    0.031382 ^ clk (in)
                                                         clk (net)
                      0.044485    0.000000    0.031382 ^ clkbuf_0_clk/A (sg13g2_buf_16)
     4    0.097293    0.025472    0.063365    0.094748 ^ clkbuf_0_clk/X (sg13g2_buf_16)
                                                         clknet_0_clk (net)
                      0.028938    0.007383    0.102130 ^ clkbuf_2_1__f_clk/A (sg13g2_buf_16)
     6    0.035509    0.016081    0.051644    0.153774 ^ clkbuf_2_1__f_clk/X (sg13g2_buf_16)
                                                         clknet_2_1__leaf_clk (net)
                      0.016090    0.000762    0.154536 ^ _113_/CLK (sg13g2_dfrbpq_1)
                                  0.250000    0.404536   clock uncertainty
                                 -0.020828    0.383709   clock reconvergence pessimism
                                 -0.023521    0.360187   library hold time
                                              0.360187   data required time
---------------------------------------------------------------------------------------------
                                              0.360187   data required time
                                             -0.551817   data arrival time
---------------------------------------------------------------------------------------------
                                              0.191630   slack (MET)


Startpoint: _114_ (rising edge-triggered flip-flop clocked by clk)
Endpoint: _102_ (rising edge-triggered flip-flop clocked by clk)
Path Group: clk
Path Type: min

Fanout         Cap        Slew       Delay        Time   Description
---------------------------------------------------------------------------------------------
                                  0.000000    0.000000   clock clk (rise edge)
                                  0.000000    0.000000   clock source latency
     1    0.045267    0.039798    0.026557    0.026557 ^ clk (in)
                                                         clk (net)
                      0.041924    0.000000    0.026557 ^ clkbuf_0_clk/A (sg13g2_buf_16)
     4    0.084269    0.023237    0.055392    0.081949 ^ clkbuf_0_clk/X (sg13g2_buf_16)
                                                         clknet_0_clk (net)
                      0.025409    0.004857    0.086805 ^ clkbuf_2_2__f_clk/A (sg13g2_buf_16)
     6    0.039261    0.016431    0.045716    0.132522 ^ clkbuf_2_2__f_clk/X (sg13g2_buf_16)
                                                         clknet_2_2__leaf_clk (net)
                      0.016638    0.002398    0.134920 ^ _114_/CLK (sg13g2_dfrbpq_1)
     3    0.013282    0.033546    0.118855    0.253775 v _114_/Q (sg13g2_dfrbpq_1)
                                                         internal_data_reg[6] (net)
                      0.033563    0.000655    0.254429 v _074_/A1 (sg13g2_mux2_1)
     1    0.002844    0.019353    0.069803    0.324233 v _074_/X (sg13g2_mux2_1)
                                                         _024_ (net)
                      0.019353    0.000177    0.324410 v hold30/A (sg13g2_dlygate4sd3_1)
     1    0.001618    0.022960    0.233443    0.557852 v hold30/X (sg13g2_dlygate4sd3_1)
                                                         net30 (net)
                      0.022960    0.000061    0.557913 v _102_/D (sg13g2_dfrbpq_1)
                                              0.557913   data arrival time

                                  0.000000    0.000000   clock clk (rise edge)
                                  0.000000    0.000000   clock source latency
     1    0.048523    0.042046    0.031382    0.031382 ^ clk (in)
                                                         clk (net)
                      0.044485    0.000000    0.031382 ^ clkbuf_0_clk/A (sg13g2_buf_16)
     4    0.097293    0.025472    0.063365    0.094748 ^ clkbuf_0_clk/X (sg13g2_buf_16)
                                                         clknet_0_clk (net)
                      0.028051    0.006204    0.100952 ^ clkbuf_2_2__f_clk/A (sg13g2_buf_16)
     6    0.042519    0.017011    0.051940    0.152892 ^ clkbuf_2_2__f_clk/X (sg13g2_buf_16)
                                                         clknet_2_2__leaf_clk (net)
                      0.017259    0.002769    0.155660 ^ _102_/CLK (sg13g2_dfrbpq_1)
                                  0.250000    0.405660   clock uncertainty
                                 -0.020370    0.385290   clock reconvergence pessimism
                                 -0.023227    0.362063   library hold time
                                              0.362063   data required time
---------------------------------------------------------------------------------------------
                                              0.362063   data required time
                                             -0.557913   data arrival time
---------------------------------------------------------------------------------------------
                                              0.195850   slack (MET)


Startpoint: _107_ (rising edge-triggered flip-flop clocked by clk)
Endpoint: _107_ (rising edge-triggered flip-flop clocked by clk)
Path Group: clk
Path Type: min

Fanout         Cap        Slew       Delay        Time   Description
---------------------------------------------------------------------------------------------
                                  0.000000    0.000000   clock clk (rise edge)
                                  0.000000    0.000000   clock source latency
     1    0.045267    0.039798    0.026557    0.026557 ^ clk (in)
                                                         clk (net)
                      0.041924    0.000000    0.026557 ^ clkbuf_0_clk/A (sg13g2_buf_16)
     4    0.084269    0.023237    0.055392    0.081949 ^ clkbuf_0_clk/X (sg13g2_buf_16)
                                                         clknet_0_clk (net)
                      0.025630    0.005159    0.087108 ^ clkbuf_2_3__f_clk/A (sg13g2_buf_16)
     6    0.027025    0.014703    0.044444    0.131552 ^ clkbuf_2_3__f_clk/X (sg13g2_buf_16)
                                                         clknet_2_3__leaf_clk (net)
                      0.014866    0.002299    0.133851 ^ _107_/CLK (sg13g2_dfrbpq_1)
     2    0.012257    0.031463    0.116747    0.250597 v _107_/Q (sg13g2_dfrbpq_1)
                                                         net7 (net)
                      0.031472    0.000475    0.251072 v _069_/A0 (sg13g2_mux2_1)
     1    0.003074    0.019741    0.069787    0.320859 v _069_/X (sg13g2_mux2_1)
                                                         _029_ (net)
                      0.019741    0.000109    0.320968 v hold32/A (sg13g2_dlygate4sd3_1)
     1    0.002348    0.024396    0.235272    0.556240 v hold32/X (sg13g2_dlygate4sd3_1)
                                                         net32 (net)
                      0.024396    0.000083    0.556323 v _107_/D (sg13g2_dfrbpq_1)
                                              0.556323   data arrival time

                                  0.000000    0.000000   clock clk (rise edge)
                                  0.000000    0.000000   clock source latency
     1    0.048523    0.042046    0.031382    0.031382 ^ clk (in)
                                                         clk (net)
                      0.044485    0.000000    0.031382 ^ clkbuf_0_clk/A (sg13g2_buf_16)
     4    0.097293    0.025472    0.063365    0.094748 ^ clkbuf_0_clk/X (sg13g2_buf_16)
                                                         clknet_0_clk (net)
                      0.028330    0.006592    0.101339 ^ clkbuf_2_3__f_clk/A (sg13g2_buf_16)
     6    0.030283    0.015304    0.050553    0.151893 ^ clkbuf_2_3__f_clk/X (sg13g2_buf_16)
                                                         clknet_2_3__leaf_clk (net)
                      0.015522    0.002844    0.154736 ^ _107_/CLK (sg13g2_dfrbpq_1)
                                  0.250000    0.404736   clock uncertainty
                                 -0.020886    0.383851   clock reconvergence pessimism
                                 -0.023835    0.360016   library hold time
                                              0.360016   data required time
---------------------------------------------------------------------------------------------
                                              0.360016   data required time
                                             -0.556323   data arrival time
---------------------------------------------------------------------------------------------
                                              0.196308   slack (MET)


Startpoint: _114_ (rising edge-triggered flip-flop clocked by clk)
Endpoint: _114_ (rising edge-triggered flip-flop clocked by clk)
Path Group: clk
Path Type: min

Fanout         Cap        Slew       Delay        Time   Description
---------------------------------------------------------------------------------------------
                                  0.000000    0.000000   clock clk (rise edge)
                                  0.000000    0.000000   clock source latency
     1    0.045267    0.039798    0.026557    0.026557 ^ clk (in)
                                                         clk (net)
                      0.041924    0.000000    0.026557 ^ clkbuf_0_clk/A (sg13g2_buf_16)
     4    0.084269    0.023237    0.055392    0.081949 ^ clkbuf_0_clk/X (sg13g2_buf_16)
                                                         clknet_0_clk (net)
                      0.025409    0.004857    0.086805 ^ clkbuf_2_2__f_clk/A (sg13g2_buf_16)
     6    0.039261    0.016431    0.045716    0.132522 ^ clkbuf_2_2__f_clk/X (sg13g2_buf_16)
                                                         clknet_2_2__leaf_clk (net)
                      0.016638    0.002398    0.134920 ^ _114_/CLK (sg13g2_dfrbpq_1)
     3    0.013282    0.033546    0.118855    0.253775 v _114_/Q (sg13g2_dfrbpq_1)
                                                         internal_data_reg[6] (net)
                      0.033567    0.000732    0.254506 v _062_/A0 (sg13g2_mux2_1)
     1    0.002842    0.019368    0.069973    0.324479 v _062_/X (sg13g2_mux2_1)
                                                         _036_ (net)
                      0.019368    0.000160    0.324640 v hold43/A (sg13g2_dlygate4sd3_1)
     1    0.001941    0.023611    0.234179    0.558818 v hold43/X (sg13g2_dlygate4sd3_1)
                                                         net43 (net)
                      0.023611    0.000071    0.558889 v _114_/D (sg13g2_dfrbpq_1)
                                              0.558889   data arrival time

                                  0.000000    0.000000   clock clk (rise edge)
                                  0.000000    0.000000   clock source latency
     1    0.048523    0.042046    0.031382    0.031382 ^ clk (in)
                                                         clk (net)
                      0.044485    0.000000    0.031382 ^ clkbuf_0_clk/A (sg13g2_buf_16)
     4    0.097293    0.025472    0.063365    0.094748 ^ clkbuf_0_clk/X (sg13g2_buf_16)
                                                         clknet_0_clk (net)
                      0.028051    0.006204    0.100952 ^ clkbuf_2_2__f_clk/A (sg13g2_buf_16)
     6    0.042519    0.017011    0.051940    0.152892 ^ clkbuf_2_2__f_clk/X (sg13g2_buf_16)
                                                         clknet_2_2__leaf_clk (net)
                      0.017286    0.002863    0.155755 ^ _114_/CLK (sg13g2_dfrbpq_1)
                                  0.250000    0.405755   clock uncertainty
                                 -0.020835    0.384920   clock reconvergence pessimism
                                 -0.023373    0.361547   library hold time
                                              0.361547   data required time
---------------------------------------------------------------------------------------------
                                              0.361547   data required time
                                             -0.558889   data arrival time
---------------------------------------------------------------------------------------------
                                              0.197343   slack (MET)


Startpoint: _109_ (rising edge-triggered flip-flop clocked by clk)
Endpoint: _110_ (rising edge-triggered flip-flop clocked by clk)
Path Group: clk
Path Type: min

Fanout         Cap        Slew       Delay        Time   Description
---------------------------------------------------------------------------------------------
                                  0.000000    0.000000   clock clk (rise edge)
                                  0.000000    0.000000   clock source latency
     1    0.045267    0.039798    0.026557    0.026557 ^ clk (in)
                                                         clk (net)
                      0.041924    0.000000    0.026557 ^ clkbuf_0_clk/A (sg13g2_buf_16)
     4    0.084269    0.023237    0.055392    0.081949 ^ clkbuf_0_clk/X (sg13g2_buf_16)
                                                         clknet_0_clk (net)
                      0.026733    0.006510    0.088459 ^ clkbuf_2_0__f_clk/A (sg13g2_buf_16)
     6    0.037798    0.016285    0.046008    0.134467 ^ clkbuf_2_0__f_clk/X (sg13g2_buf_16)
                                                         clknet_2_0__leaf_clk (net)
                      0.016385    0.001914    0.136381 ^ _109_/CLK (sg13g2_dfrbpq_1)
     1    0.002599    0.012953    0.102390    0.238771 v _109_/Q (sg13g2_dfrbpq_1)
                                                         internal_data_reg[1] (net)
                      0.012953    0.000161    0.238933 v hold50/A (sg13g2_dlygate4sd3_1)
     3    0.011567    0.043457    0.252660    0.491592 v hold50/X (sg13g2_dlygate4sd3_1)
                                                         net50 (net)
                      0.043516    0.000591    0.492183 v _066_/A1 (sg13g2_mux2_1)
     1    0.001766    0.017433    0.070779    0.562963 v _066_/X (sg13g2_mux2_1)
                                                         _032_ (net)
                      0.017433    0.000065    0.563027 v _110_/D (sg13g2_dfrbpq_1)
                                              0.563027   data arrival time

                                  0.000000    0.000000   clock clk (rise edge)
                                  0.000000    0.000000   clock source latency
     1    0.048523    0.042046    0.031382    0.031382 ^ clk (in)
                                                         clk (net)
                      0.044485    0.000000    0.031382 ^ clkbuf_0_clk/A (sg13g2_buf_16)
     4    0.097293    0.025472    0.063365    0.094748 ^ clkbuf_0_clk/X (sg13g2_buf_16)
                                                         clknet_0_clk (net)
                      0.029718    0.008317    0.103065 ^ clkbuf_2_0__f_clk/A (sg13g2_buf_16)
     6    0.041055    0.016882    0.052390    0.155455 ^ clkbuf_2_0__f_clk/X (sg13g2_buf_16)
                                                         clknet_2_0__leaf_clk (net)
                      0.017002    0.002212    0.157666 ^ _110_/CLK (sg13g2_dfrbpq_1)
                                  0.250000    0.407666   clock uncertainty
                                 -0.020987    0.386679   clock reconvergence pessimism
                                 -0.021991    0.364688   library hold time
                                              0.364688   data required time
---------------------------------------------------------------------------------------------
                                              0.364688   data required time
                                             -0.563027   data arrival time
---------------------------------------------------------------------------------------------
                                              0.198340   slack (MET)


Startpoint: _109_ (rising edge-triggered flip-flop clocked by clk)
Endpoint: _109_ (rising edge-triggered flip-flop clocked by clk)
Path Group: clk
Path Type: min

Fanout         Cap        Slew       Delay        Time   Description
---------------------------------------------------------------------------------------------
                                  0.000000    0.000000   clock clk (rise edge)
                                  0.000000    0.000000   clock source latency
     1    0.045267    0.039798    0.026557    0.026557 ^ clk (in)
                                                         clk (net)
                      0.041924    0.000000    0.026557 ^ clkbuf_0_clk/A (sg13g2_buf_16)
     4    0.084269    0.023237    0.055392    0.081949 ^ clkbuf_0_clk/X (sg13g2_buf_16)
                                                         clknet_0_clk (net)
                      0.026733    0.006510    0.088459 ^ clkbuf_2_0__f_clk/A (sg13g2_buf_16)
     6    0.037798    0.016285    0.046008    0.134467 ^ clkbuf_2_0__f_clk/X (sg13g2_buf_16)
                                                         clknet_2_0__leaf_clk (net)
                      0.016385    0.001914    0.136381 ^ _109_/CLK (sg13g2_dfrbpq_1)
     1    0.002599    0.012953    0.102390    0.238771 v _109_/Q (sg13g2_dfrbpq_1)
                                                         internal_data_reg[1] (net)
                      0.012953    0.000161    0.238933 v hold50/A (sg13g2_dlygate4sd3_1)
     3    0.011567    0.043457    0.252660    0.491592 v hold50/X (sg13g2_dlygate4sd3_1)
                                                         net50 (net)
                      0.043515    0.000573    0.492165 v _067_/A0 (sg13g2_mux2_1)
     1    0.001720    0.017347    0.070838    0.563003 v _067_/X (sg13g2_mux2_1)
                                                         _031_ (net)
                      0.017348    0.000063    0.563066 v _109_/D (sg13g2_dfrbpq_1)
                                              0.563066   data arrival time

                                  0.000000    0.000000   clock clk (rise edge)
                                  0.000000    0.000000   clock source latency
     1    0.048523    0.042046    0.031382    0.031382 ^ clk (in)
                                                         clk (net)
                      0.044485    0.000000    0.031382 ^ clkbuf_0_clk/A (sg13g2_buf_16)
     4    0.097293    0.025472    0.063365    0.094748 ^ clkbuf_0_clk/X (sg13g2_buf_16)
                                                         clknet_0_clk (net)
                      0.029718    0.008317    0.103065 ^ clkbuf_2_0__f_clk/A (sg13g2_buf_16)
     6    0.041055    0.016882    0.052390    0.155455 ^ clkbuf_2_0__f_clk/X (sg13g2_buf_16)
                                                         clknet_2_0__leaf_clk (net)
                      0.017021    0.002313    0.157767 ^ _109_/CLK (sg13g2_dfrbpq_1)
                                  0.250000    0.407767   clock uncertainty
                                 -0.021386    0.386381   clock reconvergence pessimism
                                 -0.021968    0.364413   library hold time
                                              0.364413   data required time
---------------------------------------------------------------------------------------------
                                              0.364413   data required time
                                             -0.563066   data arrival time
---------------------------------------------------------------------------------------------
                                              0.198654   slack (MET)


Startpoint: _098_ (rising edge-triggered flip-flop clocked by clk)
Endpoint: _098_ (rising edge-triggered flip-flop clocked by clk)
Path Group: clk
Path Type: min

Fanout         Cap        Slew       Delay        Time   Description
---------------------------------------------------------------------------------------------
                                  0.000000    0.000000   clock clk (rise edge)
                                  0.000000    0.000000   clock source latency
     1    0.045267    0.039798    0.026557    0.026557 ^ clk (in)
                                                         clk (net)
                      0.041924    0.000000    0.026557 ^ clkbuf_0_clk/A (sg13g2_buf_16)
     4    0.084269    0.023237    0.055392    0.081949 ^ clkbuf_0_clk/X (sg13g2_buf_16)
                                                         clknet_0_clk (net)
                      0.026115    0.005782    0.087731 ^ clkbuf_2_1__f_clk/A (sg13g2_buf_16)
     6    0.032252    0.015474    0.045359    0.133090 ^ clkbuf_2_1__f_clk/X (sg13g2_buf_16)
                                                         clknet_2_1__leaf_clk (net)
                      0.015508    0.001219    0.134309 ^ _098_/CLK (sg13g2_dfrbpq_1)
     2    0.015589    0.038244    0.121871    0.256180 v _098_/Q (sg13g2_dfrbpq_1)
                                                         net9 (net)
                      0.038264    0.000777    0.256957 v _053_/A0 (sg13g2_mux2_1)
     1    0.002076    0.017967    0.069891    0.326848 v _053_/X (sg13g2_mux2_1)
                                                         _044_ (net)
                      0.017967    0.000074    0.326922 v hold47/A (sg13g2_dlygate4sd3_1)
     1    0.001618    0.022960    0.232797    0.559719 v hold47/X (sg13g2_dlygate4sd3_1)
                                                         net47 (net)
                      0.022960    0.000061    0.559780 v _098_/D (sg13g2_dfrbpq_1)
                                              0.559780   data arrival time

                                  0.000000    0.000000   clock clk (rise edge)
                                  0.000000    0.000000   clock source latency
     1    0.048523    0.042046    0.031382    0.031382 ^ clk (in)
                                                         clk (net)
                      0.044485    0.000000    0.031382 ^ clkbuf_0_clk/A (sg13g2_buf_16)
     4    0.097293    0.025472    0.063365    0.094748 ^ clkbuf_0_clk/X (sg13g2_buf_16)
                                                         clknet_0_clk (net)
                      0.028938    0.007383    0.102130 ^ clkbuf_2_1__f_clk/A (sg13g2_buf_16)
     6    0.035509    0.016081    0.051644    0.153774 ^ clkbuf_2_1__f_clk/X (sg13g2_buf_16)
                                                         clknet_2_1__leaf_clk (net)
                      0.016124    0.001498    0.155272 ^ _098_/CLK (sg13g2_dfrbpq_1)
                                  0.250000    0.405272   clock uncertainty
                                 -0.020963    0.384309   clock reconvergence pessimism
                                 -0.023408    0.360901   library hold time
                                              0.360901   data required time
---------------------------------------------------------------------------------------------
                                              0.360901   data required time
                                             -0.559780   data arrival time
---------------------------------------------------------------------------------------------
                                              0.198879   slack (MET)


Startpoint: _121_ (rising edge-triggered flip-flop clocked by clk)
Endpoint: _121_ (rising edge-triggered flip-flop clocked by clk)
Path Group: clk
Path Type: min

Fanout         Cap        Slew       Delay        Time   Description
---------------------------------------------------------------------------------------------
                                  0.000000    0.000000   clock clk (rise edge)
                                  0.000000    0.000000   clock source latency
     1    0.045267    0.039798    0.026557    0.026557 ^ clk (in)
                                                         clk (net)
                      0.041924    0.000000    0.026557 ^ clkbuf_0_clk/A (sg13g2_buf_16)
     4    0.084269    0.023237    0.055392    0.081949 ^ clkbuf_0_clk/X (sg13g2_buf_16)
                                                         clknet_0_clk (net)
                      0.026115    0.005782    0.087731 ^ clkbuf_2_1__f_clk/A (sg13g2_buf_16)
     6    0.032252    0.015474    0.045359    0.133090 ^ clkbuf_2_1__f_clk/X (sg13g2_buf_16)
                                                         clknet_2_1__leaf_clk (net)
                      0.015519    0.001371    0.134460 ^ _121_/CLK (sg13g2_dfrbpq_1)
     2    0.016372    0.039836    0.123093    0.257554 v _121_/Q (sg13g2_dfrbpq_1)
                                                         net8 (net)
                      0.039854    0.000750    0.258304 v _054_/A0 (sg13g2_mux2_1)
     1    0.001721    0.017331    0.069658    0.327962 v _054_/X (sg13g2_mux2_1)
                                                         _043_ (net)
                      0.017331    0.000064    0.328026 v hold51/A (sg13g2_dlygate4sd3_1)
     1    0.002174    0.024058    0.233750    0.561776 v hold51/X (sg13g2_dlygate4sd3_1)
                                                         net51 (net)
                      0.024059    0.000147    0.561923 v _121_/D (sg13g2_dfrbpq_1)
                                              0.561923   data arrival time

                                  0.000000    0.000000   clock clk (rise edge)
                                  0.000000    0.000000   clock source latency
     1    0.048523    0.042046    0.031382    0.031382 ^ clk (in)
                                                         clk (net)
                      0.044485    0.000000    0.031382 ^ clkbuf_0_clk/A (sg13g2_buf_16)
     4    0.097293    0.025472    0.063365    0.094748 ^ clkbuf_0_clk/X (sg13g2_buf_16)
                                                         clknet_0_clk (net)
                      0.028938    0.007383    0.102130 ^ clkbuf_2_1__f_clk/A (sg13g2_buf_16)
     6    0.035509    0.016081    0.051644    0.153774 ^ clkbuf_2_1__f_clk/X (sg13g2_buf_16)
                                                         clknet_2_1__leaf_clk (net)
                      0.016136    0.001671    0.155445 ^ _121_/CLK (sg13g2_dfrbpq_1)
                                  0.250000    0.405445   clock uncertainty
                                 -0.020985    0.384460   clock reconvergence pessimism
                                 -0.023660    0.360801   library hold time
                                              0.360801   data required time
---------------------------------------------------------------------------------------------
                                              0.360801   data required time
                                             -0.561923   data arrival time
---------------------------------------------------------------------------------------------
                                              0.201122   slack (MET)


Startpoint: _114_ (rising edge-triggered flip-flop clocked by clk)
Endpoint: _115_ (rising edge-triggered flip-flop clocked by clk)
Path Group: clk
Path Type: min

Fanout         Cap        Slew       Delay        Time   Description
---------------------------------------------------------------------------------------------
                                  0.000000    0.000000   clock clk (rise edge)
                                  0.000000    0.000000   clock source latency
     1    0.045267    0.039798    0.026557    0.026557 ^ clk (in)
                                                         clk (net)
                      0.041924    0.000000    0.026557 ^ clkbuf_0_clk/A (sg13g2_buf_16)
     4    0.084269    0.023237    0.055392    0.081949 ^ clkbuf_0_clk/X (sg13g2_buf_16)
                                                         clknet_0_clk (net)
                      0.025409    0.004857    0.086805 ^ clkbuf_2_2__f_clk/A (sg13g2_buf_16)
     6    0.039261    0.016431    0.045716    0.132522 ^ clkbuf_2_2__f_clk/X (sg13g2_buf_16)
                                                         clknet_2_2__leaf_clk (net)
                      0.016638    0.002398    0.134920 ^ _114_/CLK (sg13g2_dfrbpq_1)
     3    0.013282    0.033546    0.118855    0.253775 v _114_/Q (sg13g2_dfrbpq_1)
                                                         internal_data_reg[6] (net)
                      0.033561    0.000631    0.254405 v hold56/A (sg13g2_dlygate4sd3_1)
     1    0.004060    0.027681    0.245540    0.499945 v hold56/X (sg13g2_dlygate4sd3_1)
                                                         net56 (net)
                      0.027681    0.000262    0.500207 v _061_/A1 (sg13g2_mux2_1)
     1    0.001724    0.017314    0.065554    0.565761 v _061_/X (sg13g2_mux2_1)
                                                         _037_ (net)
                      0.017314    0.000063    0.565825 v _115_/D (sg13g2_dfrbpq_1)
                                              0.565825   data arrival time

                                  0.000000    0.000000   clock clk (rise edge)
                                  0.000000    0.000000   clock source latency
     1    0.048523    0.042046    0.031382    0.031382 ^ clk (in)
                                                         clk (net)
                      0.044485    0.000000    0.031382 ^ clkbuf_0_clk/A (sg13g2_buf_16)
     4    0.097293    0.025472    0.063365    0.094748 ^ clkbuf_0_clk/X (sg13g2_buf_16)
                                                         clknet_0_clk (net)
                      0.028051    0.006204    0.100952 ^ clkbuf_2_2__f_clk/A (sg13g2_buf_16)
     6    0.042519    0.017011    0.051940    0.152892 ^ clkbuf_2_2__f_clk/X (sg13g2_buf_16)
                                                         clknet_2_2__leaf_clk (net)
                      0.017220    0.002622    0.155514 ^ _115_/CLK (sg13g2_dfrbpq_1)
                                  0.250000    0.405514   clock uncertainty
                                 -0.020370    0.385144   clock reconvergence pessimism
                                 -0.021929    0.363215   library hold time
                                              0.363215   data required time
---------------------------------------------------------------------------------------------
                                              0.363215   data required time
                                             -0.565825   data arrival time
---------------------------------------------------------------------------------------------
                                              0.202610   slack (MET)


Startpoint: _110_ (rising edge-triggered flip-flop clocked by clk)
Endpoint: _111_ (rising edge-triggered flip-flop clocked by clk)
Path Group: clk
Path Type: min

Fanout         Cap        Slew       Delay        Time   Description
---------------------------------------------------------------------------------------------
                                  0.000000    0.000000   clock clk (rise edge)
                                  0.000000    0.000000   clock source latency
     1    0.045267    0.039798    0.026557    0.026557 ^ clk (in)
                                                         clk (net)
                      0.041924    0.000000    0.026557 ^ clkbuf_0_clk/A (sg13g2_buf_16)
     4    0.084269    0.023237    0.055392    0.081949 ^ clkbuf_0_clk/X (sg13g2_buf_16)
                                                         clknet_0_clk (net)
                      0.026733    0.006510    0.088459 ^ clkbuf_2_0__f_clk/A (sg13g2_buf_16)
     6    0.037798    0.016285    0.046008    0.134467 ^ clkbuf_2_0__f_clk/X (sg13g2_buf_16)
                                                         clknet_2_0__leaf_clk (net)
                      0.016372    0.001830    0.136297 ^ _110_/CLK (sg13g2_dfrbpq_1)
     1    0.003458    0.014398    0.103712    0.240009 v _110_/Q (sg13g2_dfrbpq_1)
                                                         internal_data_reg[2] (net)
                      0.014494    0.000208    0.240217 v hold46/A (sg13g2_dlygate4sd3_1)
     3    0.012192    0.044979    0.254760    0.494977 v hold46/X (sg13g2_dlygate4sd3_1)
                                                         net46 (net)
                      0.044991    0.000662    0.495639 v _065_/A1 (sg13g2_mux2_1)
     1    0.002350    0.018484    0.072493    0.568132 v _065_/X (sg13g2_mux2_1)
                                                         _033_ (net)
                      0.018484    0.000083    0.568215 v _111_/D (sg13g2_dfrbpq_1)
                                              0.568215   data arrival time

                                  0.000000    0.000000   clock clk (rise edge)
                                  0.000000    0.000000   clock source latency
     1    0.048523    0.042046    0.031382    0.031382 ^ clk (in)
                                                         clk (net)
                      0.044485    0.000000    0.031382 ^ clkbuf_0_clk/A (sg13g2_buf_16)
     4    0.097293    0.025472    0.063365    0.094748 ^ clkbuf_0_clk/X (sg13g2_buf_16)
                                                         clknet_0_clk (net)
                      0.029718    0.008317    0.103065 ^ clkbuf_2_0__f_clk/A (sg13g2_buf_16)
     6    0.041055    0.016882    0.052390    0.155455 ^ clkbuf_2_0__f_clk/X (sg13g2_buf_16)
                                                         clknet_2_0__leaf_clk (net)
                      0.016975    0.002055    0.157510 ^ _111_/CLK (sg13g2_dfrbpq_1)
                                  0.250000    0.407510   clock uncertainty
                                 -0.020987    0.386522   clock reconvergence pessimism
                                 -0.022238    0.364284   library hold time
                                              0.364284   data required time
---------------------------------------------------------------------------------------------
                                              0.364284   data required time
                                             -0.568215   data arrival time
---------------------------------------------------------------------------------------------
                                              0.203931   slack (MET)


Startpoint: _111_ (rising edge-triggered flip-flop clocked by clk)
Endpoint: _112_ (rising edge-triggered flip-flop clocked by clk)
Path Group: clk
Path Type: min

Fanout         Cap        Slew       Delay        Time   Description
---------------------------------------------------------------------------------------------
                                  0.000000    0.000000   clock clk (rise edge)
                                  0.000000    0.000000   clock source latency
     1    0.045267    0.039798    0.026557    0.026557 ^ clk (in)
                                                         clk (net)
                      0.041924    0.000000    0.026557 ^ clkbuf_0_clk/A (sg13g2_buf_16)
     4    0.084269    0.023237    0.055392    0.081949 ^ clkbuf_0_clk/X (sg13g2_buf_16)
                                                         clknet_0_clk (net)
                      0.026733    0.006510    0.088459 ^ clkbuf_2_0__f_clk/A (sg13g2_buf_16)
     6    0.037798    0.016285    0.046008    0.134467 ^ clkbuf_2_0__f_clk/X (sg13g2_buf_16)
                                                         clknet_2_0__leaf_clk (net)
                      0.016356    0.001702    0.136169 ^ _111_/CLK (sg13g2_dfrbpq_1)
     1    0.002530    0.012829    0.102273    0.238442 v _111_/Q (sg13g2_dfrbpq_1)
                                                         internal_data_reg[3] (net)
                      0.012830    0.000158    0.238600 v hold48/A (sg13g2_dlygate4sd3_1)
     3    0.013224    0.047444    0.256269    0.494870 v hold48/X (sg13g2_dlygate4sd3_1)
                                                         net48 (net)
                      0.047457    0.000705    0.495575 v _064_/A1 (sg13g2_mux2_1)
     1    0.002389    0.018554    0.073367    0.568942 v _064_/X (sg13g2_mux2_1)
                                                         _034_ (net)
                      0.018554    0.000147    0.569088 v _112_/D (sg13g2_dfrbpq_1)
                                              0.569088   data arrival time

                                  0.000000    0.000000   clock clk (rise edge)
                                  0.000000    0.000000   clock source latency
     1    0.048523    0.042046    0.031382    0.031382 ^ clk (in)
                                                         clk (net)
                      0.044485    0.000000    0.031382 ^ clkbuf_0_clk/A (sg13g2_buf_16)
     4    0.097293    0.025472    0.063365    0.094748 ^ clkbuf_0_clk/X (sg13g2_buf_16)
                                                         clknet_0_clk (net)
                      0.029718    0.008317    0.103065 ^ clkbuf_2_0__f_clk/A (sg13g2_buf_16)
     6    0.041055    0.016882    0.052390    0.155455 ^ clkbuf_2_0__f_clk/X (sg13g2_buf_16)
                                                         clknet_2_0__leaf_clk (net)
                      0.016997    0.002189    0.157644 ^ _112_/CLK (sg13g2_dfrbpq_1)
                                  0.250000    0.407644   clock uncertainty
                                 -0.020987    0.386656   clock reconvergence pessimism
                                 -0.022251    0.364405   library hold time
                                              0.364405   data required time
---------------------------------------------------------------------------------------------
                                              0.364405   data required time
                                             -0.569088   data arrival time
---------------------------------------------------------------------------------------------
                                              0.204683   slack (MET)


Startpoint: _116_ (rising edge-triggered flip-flop clocked by clk)
Endpoint: _116_ (rising edge-triggered flip-flop clocked by clk)
Path Group: clk
Path Type: min

Fanout         Cap        Slew       Delay        Time   Description
---------------------------------------------------------------------------------------------
                                  0.000000    0.000000   clock clk (rise edge)
                                  0.000000    0.000000   clock source latency
     1    0.045267    0.039798    0.026557    0.026557 ^ clk (in)
                                                         clk (net)
                      0.041924    0.000000    0.026557 ^ clkbuf_0_clk/A (sg13g2_buf_16)
     4    0.084269    0.023237    0.055392    0.081949 ^ clkbuf_0_clk/X (sg13g2_buf_16)
                                                         clknet_0_clk (net)
                      0.025409    0.004857    0.086805 ^ clkbuf_2_2__f_clk/A (sg13g2_buf_16)
     6    0.039261    0.016431    0.045716    0.132522 ^ clkbuf_2_2__f_clk/X (sg13g2_buf_16)
                                                         clknet_2_2__leaf_clk (net)
                      0.016446    0.000851    0.133373 ^ _116_/CLK (sg13g2_dfrbpq_1)
     2    0.006734    0.020526    0.108758    0.242130 v _116_/Q (sg13g2_dfrbpq_1)
                                                         internal_data_reg[8] (net)
                      0.020548    0.000383    0.242513 v hold44/A (sg13g2_dlygate4sd3_1)
     2    0.011308    0.042862    0.255599    0.498112 v hold44/X (sg13g2_dlygate4sd3_1)
                                                         net44 (net)
                      0.042922    0.000669    0.498781 v _060_/A0 (sg13g2_mux2_1)
     1    0.001719    0.017305    0.070645    0.569426 v _060_/X (sg13g2_mux2_1)
                                                         _038_ (net)
                      0.017305    0.000063    0.569489 v _116_/D (sg13g2_dfrbpq_1)
                                              0.569489   data arrival time

                                  0.000000    0.000000   clock clk (rise edge)
                                  0.000000    0.000000   clock source latency
     1    0.048523    0.042046    0.031382    0.031382 ^ clk (in)
                                                         clk (net)
                      0.044485    0.000000    0.031382 ^ clkbuf_0_clk/A (sg13g2_buf_16)
     4    0.097293    0.025472    0.063365    0.094748 ^ clkbuf_0_clk/X (sg13g2_buf_16)
                                                         clknet_0_clk (net)
                      0.028051    0.006204    0.100952 ^ clkbuf_2_2__f_clk/A (sg13g2_buf_16)
     6    0.042519    0.017011    0.051940    0.152892 ^ clkbuf_2_2__f_clk/X (sg13g2_buf_16)
                                                         clknet_2_2__leaf_clk (net)
                      0.017028    0.001025    0.153916 ^ _116_/CLK (sg13g2_dfrbpq_1)
                                  0.250000    0.403916   clock uncertainty
                                 -0.020543    0.383373   clock reconvergence pessimism
                                 -0.021958    0.361415   library hold time
                                              0.361415   data required time
---------------------------------------------------------------------------------------------
                                              0.361415   data required time
                                             -0.569489   data arrival time
---------------------------------------------------------------------------------------------
                                              0.208074   slack (MET)


Startpoint: _120_ (rising edge-triggered flip-flop clocked by clk)
Endpoint: _120_ (rising edge-triggered flip-flop clocked by clk)
Path Group: clk
Path Type: min

Fanout         Cap        Slew       Delay        Time   Description
---------------------------------------------------------------------------------------------
                                  0.000000    0.000000   clock clk (rise edge)
                                  0.000000    0.000000   clock source latency
     1    0.045267    0.039798    0.026557    0.026557 ^ clk (in)
                                                         clk (net)
                      0.041924    0.000000    0.026557 ^ clkbuf_0_clk/A (sg13g2_buf_16)
     4    0.084269    0.023237    0.055392    0.081949 ^ clkbuf_0_clk/X (sg13g2_buf_16)
                                                         clknet_0_clk (net)
                      0.026733    0.006510    0.088459 ^ clkbuf_2_0__f_clk/A (sg13g2_buf_16)
     6    0.037798    0.016285    0.046008    0.134467 ^ clkbuf_2_0__f_clk/X (sg13g2_buf_16)
                                                         clknet_2_0__leaf_clk (net)
                      0.016399    0.001997    0.136464 ^ _120_/CLK (sg13g2_dfrbpq_1)
     2    0.015856    0.038786    0.122589    0.259054 v _120_/Q (sg13g2_dfrbpq_1)
                                                         net5 (net)
                      0.038800    0.000680    0.259734 v hold57/A (sg13g2_dlygate4sd3_1)
     1    0.003985    0.027539    0.247809    0.507543 v hold57/X (sg13g2_dlygate4sd3_1)
                                                         net57 (net)
                      0.027539    0.000263    0.507806 v _055_/A0 (sg13g2_mux2_1)
     1    0.002438    0.018625    0.067173    0.574978 v _055_/X (sg13g2_mux2_1)
                                                         _042_ (net)
                      0.018625    0.000155    0.575133 v _120_/D (sg13g2_dfrbpq_1)
                                              0.575133   data arrival time

                                  0.000000    0.000000   clock clk (rise edge)
                                  0.000000    0.000000   clock source latency
     1    0.048523    0.042046    0.031382    0.031382 ^ clk (in)
                                                         clk (net)
                      0.044485    0.000000    0.031382 ^ clkbuf_0_clk/A (sg13g2_buf_16)
     4    0.097293    0.025472    0.063365    0.094748 ^ clkbuf_0_clk/X (sg13g2_buf_16)
                                                         clknet_0_clk (net)
                      0.029718    0.008317    0.103065 ^ clkbuf_2_0__f_clk/A (sg13g2_buf_16)
     6    0.041055    0.016882    0.052390    0.155455 ^ clkbuf_2_0__f_clk/X (sg13g2_buf_16)
                                                         clknet_2_0__leaf_clk (net)
                      0.017041    0.002407    0.157862 ^ _120_/CLK (sg13g2_dfrbpq_1)
                                  0.250000    0.407862   clock uncertainty
                                 -0.021398    0.386464   clock reconvergence pessimism
                                 -0.022260    0.364204   library hold time
                                              0.364204   data required time
---------------------------------------------------------------------------------------------
                                              0.364204   data required time
                                             -0.575133   data arrival time
---------------------------------------------------------------------------------------------
                                              0.210929   slack (MET)


Startpoint: _108_ (rising edge-triggered flip-flop clocked by clk)
Endpoint: _108_ (rising edge-triggered flip-flop clocked by clk)
Path Group: clk
Path Type: min

Fanout         Cap        Slew       Delay        Time   Description
---------------------------------------------------------------------------------------------
                                  0.000000    0.000000   clock clk (rise edge)
                                  0.000000    0.000000   clock source latency
     1    0.045267    0.039798    0.026557    0.026557 ^ clk (in)
                                                         clk (net)
                      0.041924    0.000000    0.026557 ^ clkbuf_0_clk/A (sg13g2_buf_16)
     4    0.084269    0.023237    0.055392    0.081949 ^ clkbuf_0_clk/X (sg13g2_buf_16)
                                                         clknet_0_clk (net)
                      0.026733    0.006510    0.088459 ^ clkbuf_2_0__f_clk/A (sg13g2_buf_16)
     6    0.037798    0.016285    0.046008    0.134467 ^ clkbuf_2_0__f_clk/X (sg13g2_buf_16)
                                                         clknet_2_0__leaf_clk (net)
                      0.016445    0.002211    0.136678 ^ _108_/CLK (sg13g2_dfrbpq_1)
     1    0.011650    0.030409    0.116114    0.252792 v _108_/Q (sg13g2_dfrbpq_1)
                                                         internal_data_reg[0] (net)
                      0.030446    0.000903    0.253695 v hold54/A (sg13g2_dlygate4sd3_1)
     3    0.020886    0.066336    0.281352    0.535047 v hold54/X (sg13g2_dlygate4sd3_1)
                                                         net54 (net)
                      0.066355    0.001003    0.536050 v _068_/A0 (sg13g2_mux2_1)
     1    0.001737    0.017379    0.078251    0.614301 v _068_/X (sg13g2_mux2_1)
                                                         _030_ (net)
                      0.017379    0.000064    0.614365 v _108_/D (sg13g2_dfrbpq_1)
                                              0.614365   data arrival time

                                  0.000000    0.000000   clock clk (rise edge)
                                  0.000000    0.000000   clock source latency
     1    0.048523    0.042046    0.031382    0.031382 ^ clk (in)
                                                         clk (net)
                      0.044485    0.000000    0.031382 ^ clkbuf_0_clk/A (sg13g2_buf_16)
     4    0.097293    0.025472    0.063365    0.094748 ^ clkbuf_0_clk/X (sg13g2_buf_16)
                                                         clknet_0_clk (net)
                      0.029718    0.008317    0.103065 ^ clkbuf_2_0__f_clk/A (sg13g2_buf_16)
     6    0.041055    0.016882    0.052390    0.155455 ^ clkbuf_2_0__f_clk/X (sg13g2_buf_16)
                                                         clknet_2_0__leaf_clk (net)
                      0.017099    0.002646    0.158100 ^ _108_/CLK (sg13g2_dfrbpq_1)
                                  0.250000    0.408100   clock uncertainty
                                 -0.021423    0.386678   clock reconvergence pessimism
                                 -0.021963    0.364714   library hold time
                                              0.364714   data required time
---------------------------------------------------------------------------------------------
                                              0.364714   data required time
                                             -0.614365   data arrival time
---------------------------------------------------------------------------------------------
                                              0.249651   slack (MET)


Startpoint: reset (input port clocked by clk)
Endpoint: _119_ (removal check against rising-edge clock clk)
Path Group: asynchronous
Path Type: min

Fanout         Cap        Slew       Delay        Time   Description
---------------------------------------------------------------------------------------------
                                  0.000000    0.000000   clock clk (rise edge)
                                  0.000000    0.000000   clock network delay (propagated)
                                  4.000000    4.000000 v input external delay
     1    0.003722    0.011467    0.001713    4.001713 v reset (in)
                                                         reset (net)
                      0.011468    0.000000    4.001713 v input3/A (sg13g2_buf_1)
     1    0.016296    0.040022    0.056256    4.057970 v input3/X (sg13g2_buf_1)
                                                         net3 (net)
                      0.040134    0.001653    4.059623 v fanout22/A (sg13g2_buf_1)
     4    0.037300    0.082922    0.095410    4.155033 v fanout22/X (sg13g2_buf_1)
                                                         net22 (net)
                      0.082972    0.001620    4.156652 v _091_/A (sg13g2_inv_1)
     1    0.005087    0.030313    0.034457    4.191109 ^ _091_/Y (sg13g2_inv_1)
                                                         _017_ (net)
                      0.030313    0.000195    4.191304 ^ _119_/RESET_B (sg13g2_dfrbpq_1)
                                              4.191304   data arrival time

                                  0.000000    0.000000   clock clk (rise edge)
                                  0.000000    0.000000   clock source latency
     1    0.048523    0.042046    0.031382    0.031382 ^ clk (in)
                                                         clk (net)
                      0.044485    0.000000    0.031382 ^ clkbuf_0_clk/A (sg13g2_buf_16)
     4    0.097293    0.025472    0.063365    0.094748 ^ clkbuf_0_clk/X (sg13g2_buf_16)
                                                         clknet_0_clk (net)
                      0.028330    0.006592    0.101339 ^ clkbuf_2_3__f_clk/A (sg13g2_buf_16)
     6    0.030283    0.015304    0.050553    0.151893 ^ clkbuf_2_3__f_clk/X (sg13g2_buf_16)
                                                         clknet_2_3__leaf_clk (net)
                      0.015449    0.002470    0.154363 ^ _119_/CLK (sg13g2_dfrbpq_1)
                                  0.250000    0.404363   clock uncertainty
                                  0.000000    0.404363   clock reconvergence pessimism
                                 -0.068981    0.335382   library removal time
                                              0.335382   data required time
---------------------------------------------------------------------------------------------
                                              0.335382   data required time
                                             -4.191304   data arrival time
---------------------------------------------------------------------------------------------
                                              3.855922   slack (MET)


Startpoint: reset (input port clocked by clk)
Endpoint: _118_ (removal check against rising-edge clock clk)
Path Group: asynchronous
Path Type: min

Fanout         Cap        Slew       Delay        Time   Description
---------------------------------------------------------------------------------------------
                                  0.000000    0.000000   clock clk (rise edge)
                                  0.000000    0.000000   clock network delay (propagated)
                                  4.000000    4.000000 v input external delay
     1    0.003722    0.011467    0.001713    4.001713 v reset (in)
                                                         reset (net)
                      0.011468    0.000000    4.001713 v input3/A (sg13g2_buf_1)
     1    0.016296    0.040022    0.056256    4.057970 v input3/X (sg13g2_buf_1)
                                                         net3 (net)
                      0.040134    0.001653    4.059623 v fanout22/A (sg13g2_buf_1)
     4    0.037300    0.082922    0.095410    4.155033 v fanout22/X (sg13g2_buf_1)
                                                         net22 (net)
                      0.082968    0.001559    4.156591 v _090_/A (sg13g2_inv_1)
     1    0.005183    0.030528    0.034706    4.191297 ^ _090_/Y (sg13g2_inv_1)
                                                         _016_ (net)
                      0.030533    0.000200    4.191497 ^ _118_/RESET_B (sg13g2_dfrbpq_1)
                                              4.191497   data arrival time

                                  0.000000    0.000000   clock clk (rise edge)
                                  0.000000    0.000000   clock source latency
     1    0.048523    0.042046    0.031382    0.031382 ^ clk (in)
                                                         clk (net)
                      0.044485    0.000000    0.031382 ^ clkbuf_0_clk/A (sg13g2_buf_16)
     4    0.097293    0.025472    0.063365    0.094748 ^ clkbuf_0_clk/X (sg13g2_buf_16)
                                                         clknet_0_clk (net)
                      0.028330    0.006592    0.101339 ^ clkbuf_2_3__f_clk/A (sg13g2_buf_16)
     6    0.030283    0.015304    0.050553    0.151893 ^ clkbuf_2_3__f_clk/X (sg13g2_buf_16)
                                                         clknet_2_3__leaf_clk (net)
                      0.015381    0.001917    0.153810 ^ _118_/CLK (sg13g2_dfrbpq_1)
                                  0.250000    0.403810   clock uncertainty
                                  0.000000    0.403810   clock reconvergence pessimism
                                 -0.069037    0.334773   library removal time
                                              0.334773   data required time
---------------------------------------------------------------------------------------------
                                              0.334773   data required time
                                             -4.191497   data arrival time
---------------------------------------------------------------------------------------------
                                              3.856725   slack (MET)


Startpoint: reset (input port clocked by clk)
Endpoint: _108_ (removal check against rising-edge clock clk)
Path Group: asynchronous
Path Type: min

Fanout         Cap        Slew       Delay        Time   Description
---------------------------------------------------------------------------------------------
                                  0.000000    0.000000   clock clk (rise edge)
                                  0.000000    0.000000   clock network delay (propagated)
                                  4.000000    4.000000 v input external delay
     1    0.003722    0.011467    0.001713    4.001713 v reset (in)
                                                         reset (net)
                      0.011468    0.000000    4.001713 v input3/A (sg13g2_buf_1)
     1    0.016296    0.040022    0.056256    4.057970 v input3/X (sg13g2_buf_1)
                                                         net3 (net)
                      0.040134    0.001653    4.059623 v fanout22/A (sg13g2_buf_1)
     4    0.037300    0.082922    0.095410    4.155033 v fanout22/X (sg13g2_buf_1)
                                                         net22 (net)
                      0.083087    0.002895    4.157927 v fanout20/A (sg13g2_buf_1)
     7    0.029952    0.067735    0.098827    4.256754 v fanout20/X (sg13g2_buf_1)
                                                         net20 (net)
                      0.067823    0.001632    4.258386 v _080_/A (sg13g2_inv_1)
     1    0.005213    0.027986    0.031727    4.290112 ^ _080_/Y (sg13g2_inv_1)
                                                         _006_ (net)
                      0.027988    0.000200    4.290313 ^ _108_/RESET_B (sg13g2_dfrbpq_1)
                                              4.290313   data arrival time

                                  0.000000    0.000000   clock clk (rise edge)
                                  0.000000    0.000000   clock source latency
     1    0.048523    0.042046    0.031382    0.031382 ^ clk (in)
                                                         clk (net)
                      0.044485    0.000000    0.031382 ^ clkbuf_0_clk/A (sg13g2_buf_16)
     4    0.097293    0.025472    0.063365    0.094748 ^ clkbuf_0_clk/X (sg13g2_buf_16)
                                                         clknet_0_clk (net)
                      0.029718    0.008317    0.103065 ^ clkbuf_2_0__f_clk/A (sg13g2_buf_16)
     6    0.041055    0.016882    0.052390    0.155455 ^ clkbuf_2_0__f_clk/X (sg13g2_buf_16)
                                                         clknet_2_0__leaf_clk (net)
                      0.017099    0.002646    0.158100 ^ _108_/CLK (sg13g2_dfrbpq_1)
                                  0.250000    0.408100   clock uncertainty
                                  0.000000    0.408100   clock reconvergence pessimism
                                 -0.068298    0.339802   library removal time
                                              0.339802   data required time
---------------------------------------------------------------------------------------------
                                              0.339802   data required time
                                             -4.290313   data arrival time
---------------------------------------------------------------------------------------------
                                              3.950510   slack (MET)


Startpoint: reset (input port clocked by clk)
Endpoint: _113_ (removal check against rising-edge clock clk)
Path Group: asynchronous
Path Type: min

Fanout         Cap        Slew       Delay        Time   Description
---------------------------------------------------------------------------------------------
                                  0.000000    0.000000   clock clk (rise edge)
                                  0.000000    0.000000   clock network delay (propagated)
                                  4.000000    4.000000 v input external delay
     1    0.003722    0.011467    0.001713    4.001713 v reset (in)
                                                         reset (net)
                      0.011468    0.000000    4.001713 v input3/A (sg13g2_buf_1)
     1    0.016296    0.040022    0.056256    4.057970 v input3/X (sg13g2_buf_1)
                                                         net3 (net)
                      0.040134    0.001653    4.059623 v fanout22/A (sg13g2_buf_1)
     4    0.037300    0.082922    0.095410    4.155033 v fanout22/X (sg13g2_buf_1)
                                                         net22 (net)
                      0.083087    0.002895    4.157927 v fanout20/A (sg13g2_buf_1)
     7    0.029952    0.067735    0.098827    4.256754 v fanout20/X (sg13g2_buf_1)
                                                         net20 (net)
                      0.067833    0.001749    4.258502 v _085_/A (sg13g2_inv_1)
     1    0.004988    0.027467    0.031184    4.289686 ^ _085_/Y (sg13g2_inv_1)
                                                         _011_ (net)
                      0.027467    0.000192    4.289878 ^ _113_/RESET_B (sg13g2_dfrbpq_1)
                                              4.289878   data arrival time

                                  0.000000    0.000000   clock clk (rise edge)
                                  0.000000    0.000000   clock source latency
     1    0.048523    0.042046    0.031382    0.031382 ^ clk (in)
                                                         clk (net)
                      0.044485    0.000000    0.031382 ^ clkbuf_0_clk/A (sg13g2_buf_16)
     4    0.097293    0.025472    0.063365    0.094748 ^ clkbuf_0_clk/X (sg13g2_buf_16)
                                                         clknet_0_clk (net)
                      0.028938    0.007383    0.102130 ^ clkbuf_2_1__f_clk/A (sg13g2_buf_16)
     6    0.035509    0.016081    0.051644    0.153774 ^ clkbuf_2_1__f_clk/X (sg13g2_buf_16)
                                                         clknet_2_1__leaf_clk (net)
                      0.016090    0.000762    0.154536 ^ _113_/CLK (sg13g2_dfrbpq_1)
                                  0.250000    0.404536   clock uncertainty
                                  0.000000    0.404536   clock reconvergence pessimism
                                 -0.068273    0.336264   library removal time
                                              0.336264   data required time
---------------------------------------------------------------------------------------------
                                              0.336264   data required time
                                             -4.289878   data arrival time
---------------------------------------------------------------------------------------------
                                              3.953615   slack (MET)


Startpoint: reset (input port clocked by clk)
Endpoint: _102_ (removal check against rising-edge clock clk)
Path Group: asynchronous
Path Type: min

Fanout         Cap        Slew       Delay        Time   Description
---------------------------------------------------------------------------------------------
                                  0.000000    0.000000   clock clk (rise edge)
                                  0.000000    0.000000   clock network delay (propagated)
                                  4.000000    4.000000 v input external delay
     1    0.003722    0.011467    0.001713    4.001713 v reset (in)
                                                         reset (net)
                      0.011468    0.000000    4.001713 v input3/A (sg13g2_buf_1)
     1    0.016296    0.040022    0.056256    4.057970 v input3/X (sg13g2_buf_1)
                                                         net3 (net)
                      0.040134    0.001653    4.059623 v fanout22/A (sg13g2_buf_1)
     4    0.037300    0.082922    0.095410    4.155033 v fanout22/X (sg13g2_buf_1)
                                                         net22 (net)
                      0.083087    0.002895    4.157927 v fanout20/A (sg13g2_buf_1)
     7    0.029952    0.067735    0.098827    4.256754 v fanout20/X (sg13g2_buf_1)
                                                         net20 (net)
                      0.067740    0.000647    4.257401 v _049_/A (sg13g2_inv_1)
     1    0.005848    0.029484    0.033175    4.290576 ^ _049_/Y (sg13g2_inv_1)
                                                         _000_ (net)
                      0.029495    0.000418    4.290994 ^ _102_/RESET_B (sg13g2_dfrbpq_1)
                                              4.290994   data arrival time

                                  0.000000    0.000000   clock clk (rise edge)
                                  0.000000    0.000000   clock source latency
     1    0.048523    0.042046    0.031382    0.031382 ^ clk (in)
                                                         clk (net)
                      0.044485    0.000000    0.031382 ^ clkbuf_0_clk/A (sg13g2_buf_16)
     4    0.097293    0.025472    0.063365    0.094748 ^ clkbuf_0_clk/X (sg13g2_buf_16)
                                                         clknet_0_clk (net)
                      0.028051    0.006204    0.100952 ^ clkbuf_2_2__f_clk/A (sg13g2_buf_16)
     6    0.042519    0.017011    0.051940    0.152892 ^ clkbuf_2_2__f_clk/X (sg13g2_buf_16)
                                                         clknet_2_2__leaf_clk (net)
                      0.017259    0.002769    0.155660 ^ _102_/CLK (sg13g2_dfrbpq_1)
                                  0.250000    0.405660   clock uncertainty
                                  0.000000    0.405660   clock reconvergence pessimism
                                 -0.068627    0.337033   library removal time
                                              0.337033   data required time
---------------------------------------------------------------------------------------------
                                              0.337033   data required time
                                             -4.290994   data arrival time
---------------------------------------------------------------------------------------------
                                              3.953960   slack (MET)


Startpoint: reset (input port clocked by clk)
Endpoint: _114_ (removal check against rising-edge clock clk)
Path Group: asynchronous
Path Type: min

Fanout         Cap        Slew       Delay        Time   Description
---------------------------------------------------------------------------------------------
                                  0.000000    0.000000   clock clk (rise edge)
                                  0.000000    0.000000   clock network delay (propagated)
                                  4.000000    4.000000 v input external delay
     1    0.003722    0.011467    0.001713    4.001713 v reset (in)
                                                         reset (net)
                      0.011468    0.000000    4.001713 v input3/A (sg13g2_buf_1)
     1    0.016296    0.040022    0.056256    4.057970 v input3/X (sg13g2_buf_1)
                                                         net3 (net)
                      0.040134    0.001653    4.059623 v fanout22/A (sg13g2_buf_1)
     4    0.037300    0.082922    0.095410    4.155033 v fanout22/X (sg13g2_buf_1)
                                                         net22 (net)
                      0.083087    0.002895    4.157927 v fanout20/A (sg13g2_buf_1)
     7    0.029952    0.067735    0.098827    4.256754 v fanout20/X (sg13g2_buf_1)
                                                         net20 (net)
                      0.067813    0.001492    4.258246 v _086_/A (sg13g2_inv_1)
     1    0.005694    0.029112    0.032828    4.291073 ^ _086_/Y (sg13g2_inv_1)
                                                         _012_ (net)
                      0.029133    0.000396    4.291470 ^ _114_/RESET_B (sg13g2_dfrbpq_1)
                                              4.291470   data arrival time

                                  0.000000    0.000000   clock clk (rise edge)
                                  0.000000    0.000000   clock source latency
     1    0.048523    0.042046    0.031382    0.031382 ^ clk (in)
                                                         clk (net)
                      0.044485    0.000000    0.031382 ^ clkbuf_0_clk/A (sg13g2_buf_16)
     4    0.097293    0.025472    0.063365    0.094748 ^ clkbuf_0_clk/X (sg13g2_buf_16)
                                                         clknet_0_clk (net)
                      0.028051    0.006204    0.100952 ^ clkbuf_2_2__f_clk/A (sg13g2_buf_16)
     6    0.042519    0.017011    0.051940    0.152892 ^ clkbuf_2_2__f_clk/X (sg13g2_buf_16)
                                                         clknet_2_2__leaf_clk (net)
                      0.017286    0.002863    0.155755 ^ _114_/CLK (sg13g2_dfrbpq_1)
                                  0.250000    0.405755   clock uncertainty
                                  0.000000    0.405755   clock reconvergence pessimism
                                 -0.068542    0.337213   library removal time
                                              0.337213   data required time
---------------------------------------------------------------------------------------------
                                              0.337213   data required time
                                             -4.291470   data arrival time
---------------------------------------------------------------------------------------------
                                              3.954257   slack (MET)


Startpoint: reset (input port clocked by clk)
Endpoint: _101_ (removal check against rising-edge clock clk)
Path Group: asynchronous
Path Type: min

Fanout         Cap        Slew       Delay        Time   Description
---------------------------------------------------------------------------------------------
                                  0.000000    0.000000   clock clk (rise edge)
                                  0.000000    0.000000   clock network delay (propagated)
                                  4.000000    4.000000 v input external delay
     1    0.003722    0.011467    0.001713    4.001713 v reset (in)
                                                         reset (net)
                      0.011468    0.000000    4.001713 v input3/A (sg13g2_buf_1)
     1    0.016296    0.040022    0.056256    4.057970 v input3/X (sg13g2_buf_1)
                                                         net3 (net)
                      0.040134    0.001653    4.059623 v fanout22/A (sg13g2_buf_1)
     4    0.037300    0.082922    0.095410    4.155033 v fanout22/X (sg13g2_buf_1)
                                                         net22 (net)
                      0.083087    0.002895    4.157927 v fanout20/A (sg13g2_buf_1)
     7    0.029952    0.067735    0.098827    4.256754 v fanout20/X (sg13g2_buf_1)
                                                         net20 (net)
                      0.067826    0.001659    4.258413 v _097_/A (sg13g2_inv_1)
     1    0.005425    0.028485    0.032244    4.290657 ^ _097_/Y (sg13g2_inv_1)
                                                         _023_ (net)
                      0.028487    0.000211    4.290867 ^ _101_/RESET_B (sg13g2_dfrbpq_1)
                                              4.290867   data arrival time

                                  0.000000    0.000000   clock clk (rise edge)
                                  0.000000    0.000000   clock source latency
     1    0.048523    0.042046    0.031382    0.031382 ^ clk (in)
                                                         clk (net)
                      0.044485    0.000000    0.031382 ^ clkbuf_0_clk/A (sg13g2_buf_16)
     4    0.097293    0.025472    0.063365    0.094748 ^ clkbuf_0_clk/X (sg13g2_buf_16)
                                                         clknet_0_clk (net)
                      0.028938    0.007383    0.102130 ^ clkbuf_2_1__f_clk/A (sg13g2_buf_16)
     6    0.035509    0.016081    0.051644    0.153774 ^ clkbuf_2_1__f_clk/X (sg13g2_buf_16)
                                                         clknet_2_1__leaf_clk (net)
                      0.016093    0.000877    0.154651 ^ _101_/CLK (sg13g2_dfrbpq_1)
                                  0.250000    0.404651   clock uncertainty
                                  0.000000    0.404651   clock reconvergence pessimism
                                 -0.068505    0.336147   library removal time
                                              0.336147   data required time
---------------------------------------------------------------------------------------------
                                              0.336147   data required time
                                             -4.290867   data arrival time
---------------------------------------------------------------------------------------------
                                              3.954721   slack (MET)


Startpoint: reset (input port clocked by clk)
Endpoint: _100_ (removal check against rising-edge clock clk)
Path Group: asynchronous
Path Type: min

Fanout         Cap        Slew       Delay        Time   Description
---------------------------------------------------------------------------------------------
                                  0.000000    0.000000   clock clk (rise edge)
                                  0.000000    0.000000   clock network delay (propagated)
                                  4.000000    4.000000 v input external delay
     1    0.003722    0.011467    0.001713    4.001713 v reset (in)
                                                         reset (net)
                      0.011468    0.000000    4.001713 v input3/A (sg13g2_buf_1)
     1    0.016296    0.040022    0.056256    4.057970 v input3/X (sg13g2_buf_1)
                                                         net3 (net)
                      0.040134    0.001653    4.059623 v fanout22/A (sg13g2_buf_1)
     4    0.037300    0.082922    0.095410    4.155033 v fanout22/X (sg13g2_buf_1)
                                                         net22 (net)
                      0.083087    0.002895    4.157927 v fanout20/A (sg13g2_buf_1)
     7    0.029952    0.067735    0.098827    4.256754 v fanout20/X (sg13g2_buf_1)
                                                         net20 (net)
                      0.067839    0.001813    4.258567 v _096_/A (sg13g2_inv_1)
     1    0.005569    0.028817    0.032518    4.291085 ^ _096_/Y (sg13g2_inv_1)
                                                         _022_ (net)
                      0.028839    0.000408    4.291493 ^ _100_/RESET_B (sg13g2_dfrbpq_1)
                                              4.291493   data arrival time

                                  0.000000    0.000000   clock clk (rise edge)
                                  0.000000    0.000000   clock source latency
     1    0.048523    0.042046    0.031382    0.031382 ^ clk (in)
                                                         clk (net)
                      0.044485    0.000000    0.031382 ^ clkbuf_0_clk/A (sg13g2_buf_16)
     4    0.097293    0.025472    0.063365    0.094748 ^ clkbuf_0_clk/X (sg13g2_buf_16)
                                                         clknet_0_clk (net)
                      0.028938    0.007383    0.102130 ^ clkbuf_2_1__f_clk/A (sg13g2_buf_16)
     6    0.035509    0.016081    0.051644    0.153774 ^ clkbuf_2_1__f_clk/X (sg13g2_buf_16)
                                                         clknet_2_1__leaf_clk (net)
                      0.016103    0.001179    0.154954 ^ _100_/CLK (sg13g2_dfrbpq_1)
                                  0.250000    0.404954   clock uncertainty
                                  0.000000    0.404954   clock reconvergence pessimism
                                 -0.068584    0.336369   library removal time
                                              0.336369   data required time
---------------------------------------------------------------------------------------------
                                              0.336369   data required time
                                             -4.291493   data arrival time
---------------------------------------------------------------------------------------------
                                              3.955124   slack (MET)


Startpoint: reset (input port clocked by clk)
Endpoint: _103_ (removal check against rising-edge clock clk)
Path Group: asynchronous
Path Type: min

Fanout         Cap        Slew       Delay        Time   Description
---------------------------------------------------------------------------------------------
                                  0.000000    0.000000   clock clk (rise edge)
                                  0.000000    0.000000   clock network delay (propagated)
                                  4.000000    4.000000 v input external delay
     1    0.003722    0.011467    0.001713    4.001713 v reset (in)
                                                         reset (net)
                      0.011468    0.000000    4.001713 v input3/A (sg13g2_buf_1)
     1    0.016296    0.040022    0.056256    4.057970 v input3/X (sg13g2_buf_1)
                                                         net3 (net)
                      0.040134    0.001653    4.059623 v fanout22/A (sg13g2_buf_1)
     4    0.037300    0.082922    0.095410    4.155033 v fanout22/X (sg13g2_buf_1)
                                                         net22 (net)
                      0.082968    0.001561    4.156593 v fanout21/A (sg13g2_buf_1)
     8    0.043383    0.095073    0.117403    4.273996 v fanout21/X (sg13g2_buf_1)
                                                         net21 (net)
                      0.095236    0.002775    4.276771 v _075_/A (sg13g2_inv_1)
     1    0.005068    0.032392    0.036859    4.313630 ^ _075_/Y (sg13g2_inv_1)
                                                         _001_ (net)
                      0.032393    0.000195    4.313825 ^ _103_/RESET_B (sg13g2_dfrbpq_1)
                                              4.313825   data arrival time

                                  0.000000    0.000000   clock clk (rise edge)
                                  0.000000    0.000000   clock source latency
     1    0.048523    0.042046    0.031382    0.031382 ^ clk (in)
                                                         clk (net)
                      0.044485    0.000000    0.031382 ^ clkbuf_0_clk/A (sg13g2_buf_16)
     4    0.097293    0.025472    0.063365    0.094748 ^ clkbuf_0_clk/X (sg13g2_buf_16)
                                                         clknet_0_clk (net)
                      0.028051    0.006204    0.100952 ^ clkbuf_2_2__f_clk/A (sg13g2_buf_16)
     6    0.042519    0.017011    0.051940    0.152892 ^ clkbuf_2_2__f_clk/X (sg13g2_buf_16)
                                                         clknet_2_2__leaf_clk (net)
                      0.017148    0.002310    0.155202 ^ _103_/CLK (sg13g2_dfrbpq_1)
                                  0.250000    0.405202   clock uncertainty
                                  0.000000    0.405202   clock reconvergence pessimism
                                 -0.069298    0.335904   library removal time
                                              0.335904   data required time
---------------------------------------------------------------------------------------------
                                              0.335904   data required time
                                             -4.313825   data arrival time
---------------------------------------------------------------------------------------------
                                              3.977921   slack (MET)


Startpoint: reset (input port clocked by clk)
Endpoint: _106_ (removal check against rising-edge clock clk)
Path Group: asynchronous
Path Type: min

Fanout         Cap        Slew       Delay        Time   Description
---------------------------------------------------------------------------------------------
                                  0.000000    0.000000   clock clk (rise edge)
                                  0.000000    0.000000   clock network delay (propagated)
                                  4.000000    4.000000 v input external delay
     1    0.003722    0.011467    0.001713    4.001713 v reset (in)
                                                         reset (net)
                      0.011468    0.000000    4.001713 v input3/A (sg13g2_buf_1)
     1    0.016296    0.040022    0.056256    4.057970 v input3/X (sg13g2_buf_1)
                                                         net3 (net)
                      0.040134    0.001653    4.059623 v fanout22/A (sg13g2_buf_1)
     4    0.037300    0.082922    0.095410    4.155033 v fanout22/X (sg13g2_buf_1)
                                                         net22 (net)
                      0.082968    0.001561    4.156593 v fanout21/A (sg13g2_buf_1)
     8    0.043383    0.095073    0.117403    4.273996 v fanout21/X (sg13g2_buf_1)
                                                         net21 (net)
                      0.095160    0.001819    4.275815 v _078_/A (sg13g2_inv_1)
     1    0.005333    0.032987    0.037580    4.313394 ^ _078_/Y (sg13g2_inv_1)
                                                         _004_ (net)
                      0.032988    0.000207    4.313601 ^ _106_/RESET_B (sg13g2_dfrbpq_1)
                                              4.313601   data arrival time

                                  0.000000    0.000000   clock clk (rise edge)
                                  0.000000    0.000000   clock source latency
     1    0.048523    0.042046    0.031382    0.031382 ^ clk (in)
                                                         clk (net)
                      0.044485    0.000000    0.031382 ^ clkbuf_0_clk/A (sg13g2_buf_16)
     4    0.097293    0.025472    0.063365    0.094748 ^ clkbuf_0_clk/X (sg13g2_buf_16)
                                                         clknet_0_clk (net)
                      0.028330    0.006592    0.101339 ^ clkbuf_2_3__f_clk/A (sg13g2_buf_16)
     6    0.030283    0.015304    0.050553    0.151893 ^ clkbuf_2_3__f_clk/X (sg13g2_buf_16)
                                                         clknet_2_3__leaf_clk (net)
                      0.015482    0.002654    0.154547 ^ _106_/CLK (sg13g2_dfrbpq_1)
                                  0.250000    0.404547   clock uncertainty
                                  0.000000    0.404547   clock reconvergence pessimism
                                 -0.069588    0.334959   library removal time
                                              0.334959   data required time
---------------------------------------------------------------------------------------------
                                              0.334959   data required time
                                             -4.313601   data arrival time
---------------------------------------------------------------------------------------------
                                              3.978642   slack (MET)


Startpoint: reset (input port clocked by clk)
Endpoint: _116_ (removal check against rising-edge clock clk)
Path Group: asynchronous
Path Type: min

Fanout         Cap        Slew       Delay        Time   Description
---------------------------------------------------------------------------------------------
                                  0.000000    0.000000   clock clk (rise edge)
                                  0.000000    0.000000   clock network delay (propagated)
                                  4.000000    4.000000 v input external delay
     1    0.003722    0.011467    0.001713    4.001713 v reset (in)
                                                         reset (net)
                      0.011468    0.000000    4.001713 v input3/A (sg13g2_buf_1)
     1    0.016296    0.040022    0.056256    4.057970 v input3/X (sg13g2_buf_1)
                                                         net3 (net)
                      0.040134    0.001653    4.059623 v fanout22/A (sg13g2_buf_1)
     4    0.037300    0.082922    0.095410    4.155033 v fanout22/X (sg13g2_buf_1)
                                                         net22 (net)
                      0.082968    0.001561    4.156593 v fanout21/A (sg13g2_buf_1)
     8    0.043383    0.095073    0.117403    4.273996 v fanout21/X (sg13g2_buf_1)
                                                         net21 (net)
                      0.095217    0.002573    4.276569 v _088_/A (sg13g2_inv_1)
     1    0.005066    0.032384    0.036850    4.313419 ^ _088_/Y (sg13g2_inv_1)
                                                         _014_ (net)
                      0.032384    0.000193    4.313612 ^ _116_/RESET_B (sg13g2_dfrbpq_1)
                                              4.313612   data arrival time

                                  0.000000    0.000000   clock clk (rise edge)
                                  0.000000    0.000000   clock source latency
     1    0.048523    0.042046    0.031382    0.031382 ^ clk (in)
                                                         clk (net)
                      0.044485    0.000000    0.031382 ^ clkbuf_0_clk/A (sg13g2_buf_16)
     4    0.097293    0.025472    0.063365    0.094748 ^ clkbuf_0_clk/X (sg13g2_buf_16)
                                                         clknet_0_clk (net)
                      0.028051    0.006204    0.100952 ^ clkbuf_2_2__f_clk/A (sg13g2_buf_16)
     6    0.042519    0.017011    0.051940    0.152892 ^ clkbuf_2_2__f_clk/X (sg13g2_buf_16)
                                                         clknet_2_2__leaf_clk (net)
                      0.017028    0.001025    0.153916 ^ _116_/CLK (sg13g2_dfrbpq_1)
                                  0.250000    0.403916   clock uncertainty
                                  0.000000    0.403916   clock reconvergence pessimism
                                 -0.069307    0.334609   library removal time
                                              0.334609   data required time
---------------------------------------------------------------------------------------------
                                              0.334609   data required time
                                             -4.313612   data arrival time
---------------------------------------------------------------------------------------------
                                              3.979003   slack (MET)


Startpoint: reset (input port clocked by clk)
Endpoint: _104_ (removal check against rising-edge clock clk)
Path Group: asynchronous
Path Type: min

Fanout         Cap        Slew       Delay        Time   Description
---------------------------------------------------------------------------------------------
                                  0.000000    0.000000   clock clk (rise edge)
                                  0.000000    0.000000   clock network delay (propagated)
                                  4.000000    4.000000 v input external delay
     1    0.003722    0.011467    0.001713    4.001713 v reset (in)
                                                         reset (net)
                      0.011468    0.000000    4.001713 v input3/A (sg13g2_buf_1)
     1    0.016296    0.040022    0.056256    4.057970 v input3/X (sg13g2_buf_1)
                                                         net3 (net)
                      0.040134    0.001653    4.059623 v fanout22/A (sg13g2_buf_1)
     4    0.037300    0.082922    0.095410    4.155033 v fanout22/X (sg13g2_buf_1)
                                                         net22 (net)
                      0.082968    0.001561    4.156593 v fanout21/A (sg13g2_buf_1)
     8    0.043383    0.095073    0.117403    4.273996 v fanout21/X (sg13g2_buf_1)
                                                         net21 (net)
                      0.095201    0.002391    4.276387 v _076_/A (sg13g2_inv_1)
     1    0.005252    0.032800    0.037363    4.313750 ^ _076_/Y (sg13g2_inv_1)
                                                         _002_ (net)
                      0.032805    0.000203    4.313953 ^ _104_/RESET_B (sg13g2_dfrbpq_1)
                                              4.313953   data arrival time

                                  0.000000    0.000000   clock clk (rise edge)
                                  0.000000    0.000000   clock source latency
     1    0.048523    0.042046    0.031382    0.031382 ^ clk (in)
                                                         clk (net)
                      0.044485    0.000000    0.031382 ^ clkbuf_0_clk/A (sg13g2_buf_16)
     4    0.097293    0.025472    0.063365    0.094748 ^ clkbuf_0_clk/X (sg13g2_buf_16)
                                                         clknet_0_clk (net)
                      0.028051    0.006204    0.100952 ^ clkbuf_2_2__f_clk/A (sg13g2_buf_16)
     6    0.042519    0.017011    0.051940    0.152892 ^ clkbuf_2_2__f_clk/X (sg13g2_buf_16)
                                                         clknet_2_2__leaf_clk (net)
                      0.017033    0.001175    0.154067 ^ _104_/CLK (sg13g2_dfrbpq_1)
                                  0.250000    0.404067   clock uncertainty
                                  0.000000    0.404067   clock reconvergence pessimism
                                 -0.069402    0.334665   library removal time
                                              0.334665   data required time
---------------------------------------------------------------------------------------------
                                              0.334665   data required time
                                             -4.313953   data arrival time
---------------------------------------------------------------------------------------------
                                              3.979288   slack (MET)


Startpoint: reset (input port clocked by clk)
Endpoint: _115_ (removal check against rising-edge clock clk)
Path Group: asynchronous
Path Type: min

Fanout         Cap        Slew       Delay        Time   Description
---------------------------------------------------------------------------------------------
                                  0.000000    0.000000   clock clk (rise edge)
                                  0.000000    0.000000   clock network delay (propagated)
                                  4.000000    4.000000 v input external delay
     1    0.003722    0.011467    0.001713    4.001713 v reset (in)
                                                         reset (net)
                      0.011468    0.000000    4.001713 v input3/A (sg13g2_buf_1)
     1    0.016296    0.040022    0.056256    4.057970 v input3/X (sg13g2_buf_1)
                                                         net3 (net)
                      0.040134    0.001653    4.059623 v fanout22/A (sg13g2_buf_1)
     4    0.037300    0.082922    0.095410    4.155033 v fanout22/X (sg13g2_buf_1)
                                                         net22 (net)
                      0.082968    0.001561    4.156593 v fanout21/A (sg13g2_buf_1)
     8    0.043383    0.095073    0.117403    4.273996 v fanout21/X (sg13g2_buf_1)
                                                         net21 (net)
                      0.095246    0.002882    4.276877 v _087_/A (sg13g2_inv_1)
     1    0.005758    0.033993    0.038782    4.315660 ^ _087_/Y (sg13g2_inv_1)
                                                         _013_ (net)
                      0.033995    0.000226    4.315885 ^ _115_/RESET_B (sg13g2_dfrbpq_1)
                                              4.315885   data arrival time

                                  0.000000    0.000000   clock clk (rise edge)
                                  0.000000    0.000000   clock source latency
     1    0.048523    0.042046    0.031382    0.031382 ^ clk (in)
                                                         clk (net)
                      0.044485    0.000000    0.031382 ^ clkbuf_0_clk/A (sg13g2_buf_16)
     4    0.097293    0.025472    0.063365    0.094748 ^ clkbuf_0_clk/X (sg13g2_buf_16)
                                                         clknet_0_clk (net)
                      0.028051    0.006204    0.100952 ^ clkbuf_2_2__f_clk/A (sg13g2_buf_16)
     6    0.042519    0.017011    0.051940    0.152892 ^ clkbuf_2_2__f_clk/X (sg13g2_buf_16)
                                                         clknet_2_2__leaf_clk (net)
                      0.017220    0.002622    0.155514 ^ _115_/CLK (sg13g2_dfrbpq_1)
                                  0.250000    0.405514   clock uncertainty
                                  0.000000    0.405514   clock reconvergence pessimism
                                 -0.069656    0.335858   library removal time
                                              0.335858   data required time
---------------------------------------------------------------------------------------------
                                              0.335858   data required time
                                             -4.315885   data arrival time
---------------------------------------------------------------------------------------------
                                              3.980027   slack (MET)


Startpoint: reset (input port clocked by clk)
Endpoint: _117_ (removal check against rising-edge clock clk)
Path Group: asynchronous
Path Type: min

Fanout         Cap        Slew       Delay        Time   Description
---------------------------------------------------------------------------------------------
                                  0.000000    0.000000   clock clk (rise edge)
                                  0.000000    0.000000   clock network delay (propagated)
                                  4.000000    4.000000 v input external delay
     1    0.003722    0.011467    0.001713    4.001713 v reset (in)
                                                         reset (net)
                      0.011468    0.000000    4.001713 v input3/A (sg13g2_buf_1)
     1    0.016296    0.040022    0.056256    4.057970 v input3/X (sg13g2_buf_1)
                                                         net3 (net)
                      0.040134    0.001653    4.059623 v fanout22/A (sg13g2_buf_1)
     4    0.037300    0.082922    0.095410    4.155033 v fanout22/X (sg13g2_buf_1)
                                                         net22 (net)
                      0.082968    0.001561    4.156593 v fanout21/A (sg13g2_buf_1)
     8    0.043383    0.095073    0.117403    4.273996 v fanout21/X (sg13g2_buf_1)
                                                         net21 (net)
                      0.095188    0.002227    4.276223 v _089_/A (sg13g2_inv_1)
     1    0.005502    0.033373    0.038060    4.314283 ^ _089_/Y (sg13g2_inv_1)
                                                         _015_ (net)
                      0.033374    0.000212    4.314495 ^ _117_/RESET_B (sg13g2_dfrbpq_1)
                                              4.314495   data arrival time

                                  0.000000    0.000000   clock clk (rise edge)
                                  0.000000    0.000000   clock source latency
     1    0.048523    0.042046    0.031382    0.031382 ^ clk (in)
                                                         clk (net)
                      0.044485    0.000000    0.031382 ^ clkbuf_0_clk/A (sg13g2_buf_16)
     4    0.097293    0.025472    0.063365    0.094748 ^ clkbuf_0_clk/X (sg13g2_buf_16)
                                                         clknet_0_clk (net)
                      0.028330    0.006592    0.101339 ^ clkbuf_2_3__f_clk/A (sg13g2_buf_16)
     6    0.030283    0.015304    0.050553    0.151893 ^ clkbuf_2_3__f_clk/X (sg13g2_buf_16)
                                                         clknet_2_3__leaf_clk (net)
                      0.015305    0.000165    0.152058 ^ _117_/CLK (sg13g2_dfrbpq_1)
                                  0.250000    0.402058   clock uncertainty
                                  0.000000    0.402058   clock reconvergence pessimism
                                 -0.069692    0.332366   library removal time
                                              0.332366   data required time
---------------------------------------------------------------------------------------------
                                              0.332366   data required time
                                             -4.314495   data arrival time
---------------------------------------------------------------------------------------------
                                              3.982129   slack (MET)


Startpoint: reset (input port clocked by clk)
Endpoint: _107_ (removal check against rising-edge clock clk)
Path Group: asynchronous
Path Type: min

Fanout         Cap        Slew       Delay        Time   Description
---------------------------------------------------------------------------------------------
                                  0.000000    0.000000   clock clk (rise edge)
                                  0.000000    0.000000   clock network delay (propagated)
                                  4.000000    4.000000 v input external delay
     1    0.003722    0.011467    0.001713    4.001713 v reset (in)
                                                         reset (net)
                      0.011468    0.000000    4.001713 v input3/A (sg13g2_buf_1)
     1    0.016296    0.040022    0.056256    4.057970 v input3/X (sg13g2_buf_1)
                                                         net3 (net)
                      0.040134    0.001653    4.059623 v fanout22/A (sg13g2_buf_1)
     4    0.037300    0.082922    0.095410    4.155033 v fanout22/X (sg13g2_buf_1)
                                                         net22 (net)
                      0.082968    0.001561    4.156593 v fanout21/A (sg13g2_buf_1)
     8    0.043383    0.095073    0.117403    4.273996 v fanout21/X (sg13g2_buf_1)
                                                         net21 (net)
                      0.095160    0.001813    4.275809 v _079_/A (sg13g2_inv_1)
     1    0.006519    0.035936    0.040808    4.316617 ^ _079_/Y (sg13g2_inv_1)
                                                         _005_ (net)
                      0.035946    0.000445    4.317062 ^ _107_/RESET_B (sg13g2_dfrbpq_1)
                                              4.317062   data arrival time

                                  0.000000    0.000000   clock clk (rise edge)
                                  0.000000    0.000000   clock source latency
     1    0.048523    0.042046    0.031382    0.031382 ^ clk (in)
                                                         clk (net)
                      0.044485    0.000000    0.031382 ^ clkbuf_0_clk/A (sg13g2_buf_16)
     4    0.097293    0.025472    0.063365    0.094748 ^ clkbuf_0_clk/X (sg13g2_buf_16)
                                                         clknet_0_clk (net)
                      0.028330    0.006592    0.101339 ^ clkbuf_2_3__f_clk/A (sg13g2_buf_16)
     6    0.030283    0.015304    0.050553    0.151893 ^ clkbuf_2_3__f_clk/X (sg13g2_buf_16)
                                                         clknet_2_3__leaf_clk (net)
                      0.015522    0.002844    0.154736 ^ _107_/CLK (sg13g2_dfrbpq_1)
                                  0.250000    0.404736   clock uncertainty
                                  0.000000    0.404736   clock reconvergence pessimism
                                 -0.070258    0.334478   library removal time
                                              0.334478   data required time
---------------------------------------------------------------------------------------------
                                              0.334478   data required time
                                             -4.317062   data arrival time
---------------------------------------------------------------------------------------------
                                              3.982584   slack (MET)


Startpoint: reset (input port clocked by clk)
Endpoint: _105_ (removal check against rising-edge clock clk)
Path Group: asynchronous
Path Type: min

Fanout         Cap        Slew       Delay        Time   Description
---------------------------------------------------------------------------------------------
                                  0.000000    0.000000   clock clk (rise edge)
                                  0.000000    0.000000   clock network delay (propagated)
                                  4.000000    4.000000 v input external delay
     1    0.003722    0.011467    0.001713    4.001713 v reset (in)
                                                         reset (net)
                      0.011468    0.000000    4.001713 v input3/A (sg13g2_buf_1)
     1    0.016296    0.040022    0.056256    4.057970 v input3/X (sg13g2_buf_1)
                                                         net3 (net)
                      0.040134    0.001653    4.059623 v fanout22/A (sg13g2_buf_1)
     4    0.037300    0.082922    0.095410    4.155033 v fanout22/X (sg13g2_buf_1)
                                                         net22 (net)
                      0.082968    0.001561    4.156593 v fanout21/A (sg13g2_buf_1)
     8    0.043383    0.095073    0.117403    4.273996 v fanout21/X (sg13g2_buf_1)
                                                         net21 (net)
                      0.095158    0.001783    4.275779 v _077_/A (sg13g2_inv_1)
     1    0.007618    0.038813    0.043845    4.319625 ^ _077_/Y (sg13g2_inv_1)
                                                         _003_ (net)
                      0.038825    0.000509    4.320134 ^ _105_/RESET_B (sg13g2_dfrbpq_1)
                                              4.320134   data arrival time

                                  0.000000    0.000000   clock clk (rise edge)
                                  0.000000    0.000000   clock source latency
     1    0.048523    0.042046    0.031382    0.031382 ^ clk (in)
                                                         clk (net)
                      0.044485    0.000000    0.031382 ^ clkbuf_0_clk/A (sg13g2_buf_16)
     4    0.097293    0.025472    0.063365    0.094748 ^ clkbuf_0_clk/X (sg13g2_buf_16)
                                                         clknet_0_clk (net)
                      0.028330    0.006592    0.101339 ^ clkbuf_2_3__f_clk/A (sg13g2_buf_16)
     6    0.030283    0.015304    0.050553    0.151893 ^ clkbuf_2_3__f_clk/X (sg13g2_buf_16)
                                                         clknet_2_3__leaf_clk (net)
                      0.015375    0.001856    0.153749 ^ _105_/CLK (sg13g2_dfrbpq_1)
                                  0.250000    0.403749   clock uncertainty
                                  0.000000    0.403749   clock reconvergence pessimism
                                 -0.070928    0.332821   library removal time
                                              0.332821   data required time
---------------------------------------------------------------------------------------------
                                              0.332821   data required time
                                             -4.320134   data arrival time
---------------------------------------------------------------------------------------------
                                              3.987313   slack (MET)


Startpoint: _105_ (rising edge-triggered flip-flop clocked by clk)
Endpoint: dout[9] (output port clocked by clk)
Path Group: clk
Path Type: min

Fanout         Cap        Slew       Delay        Time   Description
---------------------------------------------------------------------------------------------
                                  0.000000    0.000000   clock clk (rise edge)
                                  0.000000    0.000000   clock source latency
     1    0.045267    0.039798    0.026557    0.026557 ^ clk (in)
                                                         clk (net)
                      0.041924    0.000000    0.026557 ^ clkbuf_0_clk/A (sg13g2_buf_16)
     4    0.084269    0.023237    0.055392    0.081949 ^ clkbuf_0_clk/X (sg13g2_buf_16)
                                                         clknet_0_clk (net)
                      0.025630    0.005159    0.087108 ^ clkbuf_2_3__f_clk/A (sg13g2_buf_16)
     6    0.027025    0.014703    0.044444    0.131552 ^ clkbuf_2_3__f_clk/X (sg13g2_buf_16)
                                                         clknet_2_3__leaf_clk (net)
                      0.014756    0.001497    0.133049 ^ _105_/CLK (sg13g2_dfrbpq_1)
     2    0.005009    0.017271    0.105517    0.238566 v _105_/Q (sg13g2_dfrbpq_1)
                                                         net16 (net)
                      0.017278    0.000287    0.238853 v output16/A (sg13g2_buf_1)
     1    0.007822    0.022532    0.045519    0.284372 v output16/X (sg13g2_buf_1)
                                                         dout[9] (net)
                      0.022533    0.000204    0.284576 v dout[9] (out)
                                              0.284576   data arrival time

                                  0.000000    0.000000   clock clk (rise edge)
                                  0.000000    0.000000   clock network delay (propagated)
                                  0.250000    0.250000   clock uncertainty
                                  0.000000    0.250000   clock reconvergence pessimism
                                 -4.000000   -3.750000   output external delay
                                             -3.750000   data required time
---------------------------------------------------------------------------------------------
                                             -3.750000   data required time
                                             -0.284576   data arrival time
---------------------------------------------------------------------------------------------
                                              4.034576   slack (MET)


Startpoint: _103_ (rising edge-triggered flip-flop clocked by clk)
Endpoint: dout[7] (output port clocked by clk)
Path Group: clk
Path Type: min

Fanout         Cap        Slew       Delay        Time   Description
---------------------------------------------------------------------------------------------
                                  0.000000    0.000000   clock clk (rise edge)
                                  0.000000    0.000000   clock source latency
     1    0.045267    0.039798    0.026557    0.026557 ^ clk (in)
                                                         clk (net)
                      0.041924    0.000000    0.026557 ^ clkbuf_0_clk/A (sg13g2_buf_16)
     4    0.084269    0.023237    0.055392    0.081949 ^ clkbuf_0_clk/X (sg13g2_buf_16)
                                                         clknet_0_clk (net)
                      0.025409    0.004857    0.086805 ^ clkbuf_2_2__f_clk/A (sg13g2_buf_16)
     6    0.039261    0.016431    0.045716    0.132522 ^ clkbuf_2_2__f_clk/X (sg13g2_buf_16)
                                                         clknet_2_2__leaf_clk (net)
                      0.016533    0.001933    0.134455 ^ _103_/CLK (sg13g2_dfrbpq_1)
     2    0.004486    0.016347    0.105409    0.239864 v _103_/Q (sg13g2_dfrbpq_1)
                                                         net14 (net)
                      0.016347    0.000092    0.239955 v output14/A (sg13g2_buf_1)
     1    0.008213    0.023283    0.045848    0.285803 v output14/X (sg13g2_buf_1)
                                                         dout[7] (net)
                      0.023285    0.000229    0.286032 v dout[7] (out)
                                              0.286032   data arrival time

                                  0.000000    0.000000   clock clk (rise edge)
                                  0.000000    0.000000   clock network delay (propagated)
                                  0.250000    0.250000   clock uncertainty
                                  0.000000    0.250000   clock reconvergence pessimism
                                 -4.000000   -3.750000   output external delay
                                             -3.750000   data required time
---------------------------------------------------------------------------------------------
                                             -3.750000   data required time
                                             -0.286032   data arrival time
---------------------------------------------------------------------------------------------
                                              4.036032   slack (MET)


Startpoint: _100_ (rising edge-triggered flip-flop clocked by clk)
Endpoint: dout[4] (output port clocked by clk)
Path Group: clk
Path Type: min

Fanout         Cap        Slew       Delay        Time   Description
---------------------------------------------------------------------------------------------
                                  0.000000    0.000000   clock clk (rise edge)
                                  0.000000    0.000000   clock source latency
     1    0.045267    0.039798    0.026557    0.026557 ^ clk (in)
                                                         clk (net)
                      0.041924    0.000000    0.026557 ^ clkbuf_0_clk/A (sg13g2_buf_16)
     4    0.084269    0.023237    0.055392    0.081949 ^ clkbuf_0_clk/X (sg13g2_buf_16)
                                                         clknet_0_clk (net)
                      0.026115    0.005782    0.087731 ^ clkbuf_2_1__f_clk/A (sg13g2_buf_16)
     6    0.032252    0.015474    0.045359    0.133090 ^ clkbuf_2_1__f_clk/X (sg13g2_buf_16)
                                                         clknet_2_1__leaf_clk (net)
                      0.015492    0.000956    0.134046 ^ _100_/CLK (sg13g2_dfrbpq_1)
     2    0.004942    0.017144    0.105678    0.239724 v _100_/Q (sg13g2_dfrbpq_1)
                                                         net11 (net)
                      0.017155    0.000290    0.240014 v output11/A (sg13g2_buf_1)
     1    0.008244    0.023377    0.045976    0.285990 v output11/X (sg13g2_buf_1)
                                                         dout[4] (net)
                      0.023392    0.000517    0.286507 v dout[4] (out)
                                              0.286507   data arrival time

                                  0.000000    0.000000   clock clk (rise edge)
                                  0.000000    0.000000   clock network delay (propagated)
                                  0.250000    0.250000   clock uncertainty
                                  0.000000    0.250000   clock reconvergence pessimism
                                 -4.000000   -3.750000   output external delay
                                             -3.750000   data required time
---------------------------------------------------------------------------------------------
                                             -3.750000   data required time
                                             -0.286507   data arrival time
---------------------------------------------------------------------------------------------
                                              4.036507   slack (MET)


Startpoint: _102_ (rising edge-triggered flip-flop clocked by clk)
Endpoint: dout[6] (output port clocked by clk)
Path Group: clk
Path Type: min

Fanout         Cap        Slew       Delay        Time   Description
---------------------------------------------------------------------------------------------
                                  0.000000    0.000000   clock clk (rise edge)
                                  0.000000    0.000000   clock source latency
     1    0.045267    0.039798    0.026557    0.026557 ^ clk (in)
                                                         clk (net)
                      0.041924    0.000000    0.026557 ^ clkbuf_0_clk/A (sg13g2_buf_16)
     4    0.084269    0.023237    0.055392    0.081949 ^ clkbuf_0_clk/X (sg13g2_buf_16)
                                                         clknet_0_clk (net)
                      0.025409    0.004857    0.086805 ^ clkbuf_2_2__f_clk/A (sg13g2_buf_16)
     6    0.039261    0.016431    0.045716    0.132522 ^ clkbuf_2_2__f_clk/X (sg13g2_buf_16)
                                                         clknet_2_2__leaf_clk (net)
                      0.016616    0.002318    0.134840 ^ _102_/CLK (sg13g2_dfrbpq_1)
     2    0.004685    0.016694    0.105710    0.240549 v _102_/Q (sg13g2_dfrbpq_1)
                                                         net13 (net)
                      0.016694    0.000238    0.240787 v output13/A (sg13g2_buf_1)
     1    0.008581    0.024070    0.046518    0.287305 v output13/X (sg13g2_buf_1)
                                                         dout[6] (net)
                      0.024072    0.000242    0.287547 v dout[6] (out)
                                              0.287547   data arrival time

                                  0.000000    0.000000   clock clk (rise edge)
                                  0.000000    0.000000   clock network delay (propagated)
                                  0.250000    0.250000   clock uncertainty
                                  0.000000    0.250000   clock reconvergence pessimism
                                 -4.000000   -3.750000   output external delay
                                             -3.750000   data required time
---------------------------------------------------------------------------------------------
                                             -3.750000   data required time
                                             -0.287547   data arrival time
---------------------------------------------------------------------------------------------
                                              4.037547   slack (MET)


Startpoint: _106_ (rising edge-triggered flip-flop clocked by clk)
Endpoint: dout[10] (output port clocked by clk)
Path Group: clk
Path Type: min

Fanout         Cap        Slew       Delay        Time   Description
---------------------------------------------------------------------------------------------
                                  0.000000    0.000000   clock clk (rise edge)
                                  0.000000    0.000000   clock source latency
     1    0.045267    0.039798    0.026557    0.026557 ^ clk (in)
                                                         clk (net)
                      0.041924    0.000000    0.026557 ^ clkbuf_0_clk/A (sg13g2_buf_16)
     4    0.084269    0.023237    0.055392    0.081949 ^ clkbuf_0_clk/X (sg13g2_buf_16)
                                                         clknet_0_clk (net)
                      0.025630    0.005159    0.087108 ^ clkbuf_2_3__f_clk/A (sg13g2_buf_16)
     6    0.027025    0.014703    0.044444    0.131552 ^ clkbuf_2_3__f_clk/X (sg13g2_buf_16)
                                                         clknet_2_3__leaf_clk (net)
                      0.014840    0.002147    0.133698 ^ _106_/CLK (sg13g2_dfrbpq_1)
     2    0.006670    0.020402    0.108097    0.241796 v _106_/Q (sg13g2_dfrbpq_1)
                                                         net6 (net)
                      0.020424    0.000388    0.242184 v output6/A (sg13g2_buf_1)
     1    0.007823    0.022634    0.046451    0.288635 v output6/X (sg13g2_buf_1)
                                                         dout[10] (net)
                      0.022636    0.000205    0.288840 v dout[10] (out)
                                              0.288840   data arrival time

                                  0.000000    0.000000   clock clk (rise edge)
                                  0.000000    0.000000   clock network delay (propagated)
                                  0.250000    0.250000   clock uncertainty
                                  0.000000    0.250000   clock reconvergence pessimism
                                 -4.000000   -3.750000   output external delay
                                             -3.750000   data required time
---------------------------------------------------------------------------------------------
                                             -3.750000   data required time
                                             -0.288840   data arrival time
---------------------------------------------------------------------------------------------
                                              4.038840   slack (MET)


Startpoint: _104_ (rising edge-triggered flip-flop clocked by clk)
Endpoint: dout[8] (output port clocked by clk)
Path Group: clk
Path Type: min

Fanout         Cap        Slew       Delay        Time   Description
---------------------------------------------------------------------------------------------
                                  0.000000    0.000000   clock clk (rise edge)
                                  0.000000    0.000000   clock source latency
     1    0.045267    0.039798    0.026557    0.026557 ^ clk (in)
                                                         clk (net)
                      0.041924    0.000000    0.026557 ^ clkbuf_0_clk/A (sg13g2_buf_16)
     4    0.084269    0.023237    0.055392    0.081949 ^ clkbuf_0_clk/X (sg13g2_buf_16)
                                                         clknet_0_clk (net)
                      0.025409    0.004857    0.086805 ^ clkbuf_2_2__f_clk/A (sg13g2_buf_16)
     6    0.039261    0.016431    0.045716    0.132522 ^ clkbuf_2_2__f_clk/X (sg13g2_buf_16)
                                                         clknet_2_2__leaf_clk (net)
                      0.016450    0.000967    0.133489 ^ _104_/CLK (sg13g2_dfrbpq_1)
     2    0.006359    0.019809    0.108220    0.241709 v _104_/Q (sg13g2_dfrbpq_1)
                                                         net15 (net)
                      0.019810    0.000328    0.242037 v output15/A (sg13g2_buf_1)
     1    0.008086    0.023137    0.046679    0.288716 v output15/X (sg13g2_buf_1)
                                                         dout[8] (net)
                      0.023139    0.000216    0.288932 v dout[8] (out)
                                              0.288932   data arrival time

                                  0.000000    0.000000   clock clk (rise edge)
                                  0.000000    0.000000   clock network delay (propagated)
                                  0.250000    0.250000   clock uncertainty
                                  0.000000    0.250000   clock reconvergence pessimism
                                 -4.000000   -3.750000   output external delay
                                             -3.750000   data required time
---------------------------------------------------------------------------------------------
                                             -3.750000   data required time
                                             -0.288932   data arrival time
---------------------------------------------------------------------------------------------
                                              4.038931   slack (MET)


Startpoint: _101_ (rising edge-triggered flip-flop clocked by clk)
Endpoint: dout[5] (output port clocked by clk)
Path Group: clk
Path Type: min

Fanout         Cap        Slew       Delay        Time   Description
---------------------------------------------------------------------------------------------
                                  0.000000    0.000000   clock clk (rise edge)
                                  0.000000    0.000000   clock source latency
     1    0.045267    0.039798    0.026557    0.026557 ^ clk (in)
                                                         clk (net)
                      0.041924    0.000000    0.026557 ^ clkbuf_0_clk/A (sg13g2_buf_16)
     4    0.084269    0.023237    0.055392    0.081949 ^ clkbuf_0_clk/X (sg13g2_buf_16)
                                                         clknet_0_clk (net)
                      0.026115    0.005782    0.087731 ^ clkbuf_2_1__f_clk/A (sg13g2_buf_16)
     6    0.032252    0.015474    0.045359    0.133090 ^ clkbuf_2_1__f_clk/X (sg13g2_buf_16)
                                                         clknet_2_1__leaf_clk (net)
                      0.015484    0.000718    0.133808 ^ _101_/CLK (sg13g2_dfrbpq_1)
     2    0.006418    0.019920    0.107924    0.241731 v _101_/Q (sg13g2_dfrbpq_1)
                                                         net12 (net)
                      0.019924    0.000403    0.242134 v output12/A (sg13g2_buf_1)
     1    0.009179    0.025376    0.048405    0.290539 v output12/X (sg13g2_buf_1)
                                                         dout[5] (net)
                      0.025379    0.000265    0.290804 v dout[5] (out)
                                              0.290804   data arrival time

                                  0.000000    0.000000   clock clk (rise edge)
                                  0.000000    0.000000   clock network delay (propagated)
                                  0.250000    0.250000   clock uncertainty
                                  0.000000    0.250000   clock reconvergence pessimism
                                 -4.000000   -3.750000   output external delay
                                             -3.750000   data required time
---------------------------------------------------------------------------------------------
                                             -3.750000   data required time
                                             -0.290804   data arrival time
---------------------------------------------------------------------------------------------
                                              4.040804   slack (MET)


Startpoint: _099_ (rising edge-triggered flip-flop clocked by clk)
Endpoint: dout[3] (output port clocked by clk)
Path Group: clk
Path Type: min

Fanout         Cap        Slew       Delay        Time   Description
---------------------------------------------------------------------------------------------
                                  0.000000    0.000000   clock clk (rise edge)
                                  0.000000    0.000000   clock source latency
     1    0.045267    0.039798    0.026557    0.026557 ^ clk (in)
                                                         clk (net)
                      0.041924    0.000000    0.026557 ^ clkbuf_0_clk/A (sg13g2_buf_16)
     4    0.084269    0.023237    0.055392    0.081949 ^ clkbuf_0_clk/X (sg13g2_buf_16)
                                                         clknet_0_clk (net)
                      0.026115    0.005782    0.087731 ^ clkbuf_2_1__f_clk/A (sg13g2_buf_16)
     6    0.032252    0.015474    0.045359    0.133090 ^ clkbuf_2_1__f_clk/X (sg13g2_buf_16)
                                                         clknet_2_1__leaf_clk (net)
                      0.015499    0.001114    0.134203 ^ _099_/CLK (sg13g2_dfrbpq_1)
     2    0.011131    0.029217    0.115116    0.249320 v _099_/Q (sg13g2_dfrbpq_1)
                                                         net10 (net)
                      0.029240    0.000697    0.250016 v output10/A (sg13g2_buf_1)
     1    0.007773    0.022816    0.048982    0.298998 v output10/X (sg13g2_buf_1)
                                                         dout[3] (net)
                      0.022817    0.000201    0.299199 v dout[3] (out)
                                              0.299199   data arrival time

                                  0.000000    0.000000   clock clk (rise edge)
                                  0.000000    0.000000   clock network delay (propagated)
                                  0.250000    0.250000   clock uncertainty
                                  0.000000    0.250000   clock reconvergence pessimism
                                 -4.000000   -3.750000   output external delay
                                             -3.750000   data required time
---------------------------------------------------------------------------------------------
                                             -3.750000   data required time
                                             -0.299199   data arrival time
---------------------------------------------------------------------------------------------
                                              4.049199   slack (MET)


Startpoint: _107_ (rising edge-triggered flip-flop clocked by clk)
Endpoint: dout[11] (output port clocked by clk)
Path Group: clk
Path Type: min

Fanout         Cap        Slew       Delay        Time   Description
---------------------------------------------------------------------------------------------
                                  0.000000    0.000000   clock clk (rise edge)
                                  0.000000    0.000000   clock source latency
     1    0.045267    0.039798    0.026557    0.026557 ^ clk (in)
                                                         clk (net)
                      0.041924    0.000000    0.026557 ^ clkbuf_0_clk/A (sg13g2_buf_16)
     4    0.084269    0.023237    0.055392    0.081949 ^ clkbuf_0_clk/X (sg13g2_buf_16)
                                                         clknet_0_clk (net)
                      0.025630    0.005159    0.087108 ^ clkbuf_2_3__f_clk/A (sg13g2_buf_16)
     6    0.027025    0.014703    0.044444    0.131552 ^ clkbuf_2_3__f_clk/X (sg13g2_buf_16)
                                                         clknet_2_3__leaf_clk (net)
                      0.014866    0.002299    0.133851 ^ _107_/CLK (sg13g2_dfrbpq_1)
     2    0.012257    0.031463    0.116747    0.250597 v _107_/Q (sg13g2_dfrbpq_1)
                                                         net7 (net)
                      0.031479    0.000622    0.251219 v output7/A (sg13g2_buf_1)
     1    0.007821    0.022982    0.049719    0.300938 v output7/X (sg13g2_buf_1)
                                                         dout[11] (net)
                      0.022984    0.000205    0.301143 v dout[11] (out)
                                              0.301143   data arrival time

                                  0.000000    0.000000   clock clk (rise edge)
                                  0.000000    0.000000   clock network delay (propagated)
                                  0.250000    0.250000   clock uncertainty
                                  0.000000    0.250000   clock reconvergence pessimism
                                 -4.000000   -3.750000   output external delay
                                             -3.750000   data required time
---------------------------------------------------------------------------------------------
                                             -3.750000   data required time
                                             -0.301143   data arrival time
---------------------------------------------------------------------------------------------
                                              4.051143   slack (MET)


Startpoint: reset (input port clocked by clk)
Endpoint: _112_ (removal check against rising-edge clock clk)
Path Group: asynchronous
Path Type: min

Fanout         Cap        Slew       Delay        Time   Description
---------------------------------------------------------------------------------------------
                                  0.000000    0.000000   clock clk (rise edge)
                                  0.000000    0.000000   clock network delay (propagated)
                                  4.000000    4.000000 v input external delay
     1    0.003722    0.011467    0.001713    4.001713 v reset (in)
                                                         reset (net)
                      0.011468    0.000000    4.001713 v input3/A (sg13g2_buf_1)
     1    0.016296    0.040022    0.056256    4.057970 v input3/X (sg13g2_buf_1)
                                                         net3 (net)
                      0.040134    0.001653    4.059623 v fanout22/A (sg13g2_buf_1)
     4    0.037300    0.082922    0.095410    4.155033 v fanout22/X (sg13g2_buf_1)
                                                         net22 (net)
                      0.083087    0.002895    4.157927 v fanout20/A (sg13g2_buf_1)
     7    0.029952    0.067735    0.098827    4.256754 v fanout20/X (sg13g2_buf_1)
                                                         net20 (net)
                      0.067837    0.001793    4.258546 v fanout19/A (sg13g2_buf_1)
     8    0.035837    0.080136    0.101894    4.360441 v fanout19/X (sg13g2_buf_1)
                                                         net19 (net)
                      0.080189    0.001631    4.362072 v _084_/A (sg13g2_inv_1)
     1    0.004988    0.029606    0.033641    4.395712 ^ _084_/Y (sg13g2_inv_1)
                                                         _010_ (net)
                      0.029606    0.000192    4.395905 ^ _112_/RESET_B (sg13g2_dfrbpq_1)
                                              4.395905   data arrival time

                                  0.000000    0.000000   clock clk (rise edge)
                                  0.000000    0.000000   clock source latency
     1    0.048523    0.042046    0.031382    0.031382 ^ clk (in)
                                                         clk (net)
                      0.044485    0.000000    0.031382 ^ clkbuf_0_clk/A (sg13g2_buf_16)
     4    0.097293    0.025472    0.063365    0.094748 ^ clkbuf_0_clk/X (sg13g2_buf_16)
                                                         clknet_0_clk (net)
                      0.029718    0.008317    0.103065 ^ clkbuf_2_0__f_clk/A (sg13g2_buf_16)
     6    0.041055    0.016882    0.052390    0.155455 ^ clkbuf_2_0__f_clk/X (sg13g2_buf_16)
                                                         clknet_2_0__leaf_clk (net)
                      0.016997    0.002189    0.157644 ^ _112_/CLK (sg13g2_dfrbpq_1)
                                  0.250000    0.407644   clock uncertainty
                                  0.000000    0.407644   clock reconvergence pessimism
                                 -0.068676    0.338967   library removal time
                                              0.338967   data required time
---------------------------------------------------------------------------------------------
                                              0.338967   data required time
                                             -4.395905   data arrival time
---------------------------------------------------------------------------------------------
                                              4.056938   slack (MET)


Startpoint: reset (input port clocked by clk)
Endpoint: _111_ (removal check against rising-edge clock clk)
Path Group: asynchronous
Path Type: min

Fanout         Cap        Slew       Delay        Time   Description
---------------------------------------------------------------------------------------------
                                  0.000000    0.000000   clock clk (rise edge)
                                  0.000000    0.000000   clock network delay (propagated)
                                  4.000000    4.000000 v input external delay
     1    0.003722    0.011467    0.001713    4.001713 v reset (in)
                                                         reset (net)
                      0.011468    0.000000    4.001713 v input3/A (sg13g2_buf_1)
     1    0.016296    0.040022    0.056256    4.057970 v input3/X (sg13g2_buf_1)
                                                         net3 (net)
                      0.040134    0.001653    4.059623 v fanout22/A (sg13g2_buf_1)
     4    0.037300    0.082922    0.095410    4.155033 v fanout22/X (sg13g2_buf_1)
                                                         net22 (net)
                      0.083087    0.002895    4.157927 v fanout20/A (sg13g2_buf_1)
     7    0.029952    0.067735    0.098827    4.256754 v fanout20/X (sg13g2_buf_1)
                                                         net20 (net)
                      0.067837    0.001793    4.258546 v fanout19/A (sg13g2_buf_1)
     8    0.035837    0.080136    0.101894    4.360441 v fanout19/X (sg13g2_buf_1)
                                                         net19 (net)
                      0.080211    0.001941    4.362382 v _083_/A (sg13g2_inv_1)
     1    0.005060    0.029773    0.033832    4.396214 ^ _083_/Y (sg13g2_inv_1)
                                                         _009_ (net)
                      0.029773    0.000195    4.396409 ^ _111_/RESET_B (sg13g2_dfrbpq_1)
                                              4.396409   data arrival time

                                  0.000000    0.000000   clock clk (rise edge)
                                  0.000000    0.000000   clock source latency
     1    0.048523    0.042046    0.031382    0.031382 ^ clk (in)
                                                         clk (net)
                      0.044485    0.000000    0.031382 ^ clkbuf_0_clk/A (sg13g2_buf_16)
     4    0.097293    0.025472    0.063365    0.094748 ^ clkbuf_0_clk/X (sg13g2_buf_16)
                                                         clknet_0_clk (net)
                      0.029718    0.008317    0.103065 ^ clkbuf_2_0__f_clk/A (sg13g2_buf_16)
     6    0.041055    0.016882    0.052390    0.155455 ^ clkbuf_2_0__f_clk/X (sg13g2_buf_16)
                                                         clknet_2_0__leaf_clk (net)
                      0.016975    0.002055    0.157510 ^ _111_/CLK (sg13g2_dfrbpq_1)
                                  0.250000    0.407510   clock uncertainty
                                  0.000000    0.407510   clock reconvergence pessimism
                                 -0.068716    0.338793   library removal time
                                              0.338793   data required time
---------------------------------------------------------------------------------------------
                                              0.338793   data required time
                                             -4.396409   data arrival time
---------------------------------------------------------------------------------------------
                                              4.057616   slack (MET)


Startpoint: reset (input port clocked by clk)
Endpoint: _109_ (removal check against rising-edge clock clk)
Path Group: asynchronous
Path Type: min

Fanout         Cap        Slew       Delay        Time   Description
---------------------------------------------------------------------------------------------
                                  0.000000    0.000000   clock clk (rise edge)
                                  0.000000    0.000000   clock network delay (propagated)
                                  4.000000    4.000000 v input external delay
     1    0.003722    0.011467    0.001713    4.001713 v reset (in)
                                                         reset (net)
                      0.011468    0.000000    4.001713 v input3/A (sg13g2_buf_1)
     1    0.016296    0.040022    0.056256    4.057970 v input3/X (sg13g2_buf_1)
                                                         net3 (net)
                      0.040134    0.001653    4.059623 v fanout22/A (sg13g2_buf_1)
     4    0.037300    0.082922    0.095410    4.155033 v fanout22/X (sg13g2_buf_1)
                                                         net22 (net)
                      0.083087    0.002895    4.157927 v fanout20/A (sg13g2_buf_1)
     7    0.029952    0.067735    0.098827    4.256754 v fanout20/X (sg13g2_buf_1)
                                                         net20 (net)
                      0.067837    0.001793    4.258546 v fanout19/A (sg13g2_buf_1)
     8    0.035837    0.080136    0.101894    4.360441 v fanout19/X (sg13g2_buf_1)
                                                         net19 (net)
                      0.080308    0.002900    4.363341 v _081_/A (sg13g2_inv_1)
     1    0.005028    0.029718    0.033770    4.397111 ^ _081_/Y (sg13g2_inv_1)
                                                         _007_ (net)
                      0.029718    0.000192    4.397303 ^ _109_/RESET_B (sg13g2_dfrbpq_1)
                                              4.397303   data arrival time

                                  0.000000    0.000000   clock clk (rise edge)
                                  0.000000    0.000000   clock source latency
     1    0.048523    0.042046    0.031382    0.031382 ^ clk (in)
                                                         clk (net)
                      0.044485    0.000000    0.031382 ^ clkbuf_0_clk/A (sg13g2_buf_16)
     4    0.097293    0.025472    0.063365    0.094748 ^ clkbuf_0_clk/X (sg13g2_buf_16)
                                                         clknet_0_clk (net)
                      0.029718    0.008317    0.103065 ^ clkbuf_2_0__f_clk/A (sg13g2_buf_16)
     6    0.041055    0.016882    0.052390    0.155455 ^ clkbuf_2_0__f_clk/X (sg13g2_buf_16)
                                                         clknet_2_0__leaf_clk (net)
                      0.017021    0.002313    0.157767 ^ _109_/CLK (sg13g2_dfrbpq_1)
                                  0.250000    0.407767   clock uncertainty
                                  0.000000    0.407767   clock reconvergence pessimism
                                 -0.068700    0.339067   library removal time
                                              0.339067   data required time
---------------------------------------------------------------------------------------------
                                              0.339067   data required time
                                             -4.397303   data arrival time
---------------------------------------------------------------------------------------------
                                              4.058236   slack (MET)


Startpoint: reset (input port clocked by clk)
Endpoint: _110_ (removal check against rising-edge clock clk)
Path Group: asynchronous
Path Type: min

Fanout         Cap        Slew       Delay        Time   Description
---------------------------------------------------------------------------------------------
                                  0.000000    0.000000   clock clk (rise edge)
                                  0.000000    0.000000   clock network delay (propagated)
                                  4.000000    4.000000 v input external delay
     1    0.003722    0.011467    0.001713    4.001713 v reset (in)
                                                         reset (net)
                      0.011468    0.000000    4.001713 v input3/A (sg13g2_buf_1)
     1    0.016296    0.040022    0.056256    4.057970 v input3/X (sg13g2_buf_1)
                                                         net3 (net)
                      0.040134    0.001653    4.059623 v fanout22/A (sg13g2_buf_1)
     4    0.037300    0.082922    0.095410    4.155033 v fanout22/X (sg13g2_buf_1)
                                                         net22 (net)
                      0.083087    0.002895    4.157927 v fanout20/A (sg13g2_buf_1)
     7    0.029952    0.067735    0.098827    4.256754 v fanout20/X (sg13g2_buf_1)
                                                         net20 (net)
                      0.067837    0.001793    4.258546 v fanout19/A (sg13g2_buf_1)
     8    0.035837    0.080136    0.101894    4.360441 v fanout19/X (sg13g2_buf_1)
                                                         net19 (net)
                      0.080258    0.002452    4.362893 v _082_/A (sg13g2_inv_1)
     1    0.005162    0.030011    0.034105    4.396997 ^ _082_/Y (sg13g2_inv_1)
                                                         _008_ (net)
                      0.030015    0.000198    4.397196 ^ _110_/RESET_B (sg13g2_dfrbpq_1)
                                              4.397196   data arrival time

                                  0.000000    0.000000   clock clk (rise edge)
                                  0.000000    0.000000   clock source latency
     1    0.048523    0.042046    0.031382    0.031382 ^ clk (in)
                                                         clk (net)
                      0.044485    0.000000    0.031382 ^ clkbuf_0_clk/A (sg13g2_buf_16)
     4    0.097293    0.025472    0.063365    0.094748 ^ clkbuf_0_clk/X (sg13g2_buf_16)
                                                         clknet_0_clk (net)
                      0.029718    0.008317    0.103065 ^ clkbuf_2_0__f_clk/A (sg13g2_buf_16)
     6    0.041055    0.016882    0.052390    0.155455 ^ clkbuf_2_0__f_clk/X (sg13g2_buf_16)
                                                         clknet_2_0__leaf_clk (net)
                      0.017002    0.002212    0.157666 ^ _110_/CLK (sg13g2_dfrbpq_1)
                                  0.250000    0.407666   clock uncertainty
                                  0.000000    0.407666   clock reconvergence pessimism
                                 -0.068769    0.338897   library removal time
                                              0.338897   data required time
---------------------------------------------------------------------------------------------
                                              0.338897   data required time
                                             -4.397196   data arrival time
---------------------------------------------------------------------------------------------
                                              4.058299   slack (MET)


Startpoint: reset (input port clocked by clk)
Endpoint: _120_ (removal check against rising-edge clock clk)
Path Group: asynchronous
Path Type: min

Fanout         Cap        Slew       Delay        Time   Description
---------------------------------------------------------------------------------------------
                                  0.000000    0.000000   clock clk (rise edge)
                                  0.000000    0.000000   clock network delay (propagated)
                                  4.000000    4.000000 v input external delay
     1    0.003722    0.011467    0.001713    4.001713 v reset (in)
                                                         reset (net)
                      0.011468    0.000000    4.001713 v input3/A (sg13g2_buf_1)
     1    0.016296    0.040022    0.056256    4.057970 v input3/X (sg13g2_buf_1)
                                                         net3 (net)
                      0.040134    0.001653    4.059623 v fanout22/A (sg13g2_buf_1)
     4    0.037300    0.082922    0.095410    4.155033 v fanout22/X (sg13g2_buf_1)
                                                         net22 (net)
                      0.083087    0.002895    4.157927 v fanout20/A (sg13g2_buf_1)
     7    0.029952    0.067735    0.098827    4.256754 v fanout20/X (sg13g2_buf_1)
                                                         net20 (net)
                      0.067837    0.001793    4.258546 v fanout19/A (sg13g2_buf_1)
     8    0.035837    0.080136    0.101894    4.360441 v fanout19/X (sg13g2_buf_1)
                                                         net19 (net)
                      0.080324    0.003031    4.363472 v _092_/A (sg13g2_inv_1)
     1    0.005071    0.029818    0.033885    4.397357 ^ _092_/Y (sg13g2_inv_1)
                                                         _018_ (net)
                      0.029819    0.000195    4.397552 ^ _120_/RESET_B (sg13g2_dfrbpq_1)
                                              4.397552   data arrival time

                                  0.000000    0.000000   clock clk (rise edge)
                                  0.000000    0.000000   clock source latency
     1    0.048523    0.042046    0.031382    0.031382 ^ clk (in)
                                                         clk (net)
                      0.044485    0.000000    0.031382 ^ clkbuf_0_clk/A (sg13g2_buf_16)
     4    0.097293    0.025472    0.063365    0.094748 ^ clkbuf_0_clk/X (sg13g2_buf_16)
                                                         clknet_0_clk (net)
                      0.029718    0.008317    0.103065 ^ clkbuf_2_0__f_clk/A (sg13g2_buf_16)
     6    0.041055    0.016882    0.052390    0.155455 ^ clkbuf_2_0__f_clk/X (sg13g2_buf_16)
                                                         clknet_2_0__leaf_clk (net)
                      0.017041    0.002407    0.157862 ^ _120_/CLK (sg13g2_dfrbpq_1)
                                  0.250000    0.407862   clock uncertainty
                                  0.000000    0.407862   clock reconvergence pessimism
                                 -0.068721    0.339141   library removal time
                                              0.339141   data required time
---------------------------------------------------------------------------------------------
                                              0.339141   data required time
                                             -4.397552   data arrival time
---------------------------------------------------------------------------------------------
                                              4.058411   slack (MET)


Startpoint: _098_ (rising edge-triggered flip-flop clocked by clk)
Endpoint: dout[2] (output port clocked by clk)
Path Group: clk
Path Type: min

Fanout         Cap        Slew       Delay        Time   Description
---------------------------------------------------------------------------------------------
                                  0.000000    0.000000   clock clk (rise edge)
                                  0.000000    0.000000   clock source latency
     1    0.045267    0.039798    0.026557    0.026557 ^ clk (in)
                                                         clk (net)
                      0.041924    0.000000    0.026557 ^ clkbuf_0_clk/A (sg13g2_buf_16)
     4    0.084269    0.023237    0.055392    0.081949 ^ clkbuf_0_clk/X (sg13g2_buf_16)
                                                         clknet_0_clk (net)
                      0.026115    0.005782    0.087731 ^ clkbuf_2_1__f_clk/A (sg13g2_buf_16)
     6    0.032252    0.015474    0.045359    0.133090 ^ clkbuf_2_1__f_clk/X (sg13g2_buf_16)
                                                         clknet_2_1__leaf_clk (net)
                      0.015508    0.001219    0.134309 ^ _098_/CLK (sg13g2_dfrbpq_1)
     2    0.015589    0.038244    0.121871    0.256180 v _098_/Q (sg13g2_dfrbpq_1)
                                                         net9 (net)
                      0.038288    0.001098    0.257279 v output9/A (sg13g2_buf_1)
     1    0.007832    0.023220    0.051750    0.309028 v output9/X (sg13g2_buf_1)
                                                         dout[2] (net)
                      0.023222    0.000205    0.309233 v dout[2] (out)
                                              0.309233   data arrival time

                                  0.000000    0.000000   clock clk (rise edge)
                                  0.000000    0.000000   clock network delay (propagated)
                                  0.250000    0.250000   clock uncertainty
                                  0.000000    0.250000   clock reconvergence pessimism
                                 -4.000000   -3.750000   output external delay
                                             -3.750000   data required time
---------------------------------------------------------------------------------------------
                                             -3.750000   data required time
                                             -0.309233   data arrival time
---------------------------------------------------------------------------------------------
                                              4.059234   slack (MET)


Startpoint: reset (input port clocked by clk)
Endpoint: _121_ (removal check against rising-edge clock clk)
Path Group: asynchronous
Path Type: min

Fanout         Cap        Slew       Delay        Time   Description
---------------------------------------------------------------------------------------------
                                  0.000000    0.000000   clock clk (rise edge)
                                  0.000000    0.000000   clock network delay (propagated)
                                  4.000000    4.000000 v input external delay
     1    0.003722    0.011467    0.001713    4.001713 v reset (in)
                                                         reset (net)
                      0.011468    0.000000    4.001713 v input3/A (sg13g2_buf_1)
     1    0.016296    0.040022    0.056256    4.057970 v input3/X (sg13g2_buf_1)
                                                         net3 (net)
                      0.040134    0.001653    4.059623 v fanout22/A (sg13g2_buf_1)
     4    0.037300    0.082922    0.095410    4.155033 v fanout22/X (sg13g2_buf_1)
                                                         net22 (net)
                      0.083087    0.002895    4.157927 v fanout20/A (sg13g2_buf_1)
     7    0.029952    0.067735    0.098827    4.256754 v fanout20/X (sg13g2_buf_1)
                                                         net20 (net)
                      0.067837    0.001793    4.258546 v fanout19/A (sg13g2_buf_1)
     8    0.035837    0.080136    0.101894    4.360441 v fanout19/X (sg13g2_buf_1)
                                                         net19 (net)
                      0.080327    0.003049    4.363490 v _093_/A (sg13g2_inv_1)
     1    0.005009    0.029679    0.033725    4.397216 ^ _093_/Y (sg13g2_inv_1)
                                                         _019_ (net)
                      0.029679    0.000191    4.397407 ^ _121_/RESET_B (sg13g2_dfrbpq_1)
                                              4.397407   data arrival time

                                  0.000000    0.000000   clock clk (rise edge)
                                  0.000000    0.000000   clock source latency
     1    0.048523    0.042046    0.031382    0.031382 ^ clk (in)
                                                         clk (net)
                      0.044485    0.000000    0.031382 ^ clkbuf_0_clk/A (sg13g2_buf_16)
     4    0.097293    0.025472    0.063365    0.094748 ^ clkbuf_0_clk/X (sg13g2_buf_16)
                                                         clknet_0_clk (net)
                      0.028938    0.007383    0.102130 ^ clkbuf_2_1__f_clk/A (sg13g2_buf_16)
     6    0.035509    0.016081    0.051644    0.153774 ^ clkbuf_2_1__f_clk/X (sg13g2_buf_16)
                                                         clknet_2_1__leaf_clk (net)
                      0.016136    0.001671    0.155445 ^ _121_/CLK (sg13g2_dfrbpq_1)
                                  0.250000    0.405445   clock uncertainty
                                  0.000000    0.405445   clock reconvergence pessimism
                                 -0.068773    0.336672   library removal time
                                              0.336672   data required time
---------------------------------------------------------------------------------------------
                                              0.336672   data required time
                                             -4.397407   data arrival time
---------------------------------------------------------------------------------------------
                                              4.060735   slack (MET)


Startpoint: _121_ (rising edge-triggered flip-flop clocked by clk)
Endpoint: dout[1] (output port clocked by clk)
Path Group: clk
Path Type: min

Fanout         Cap        Slew       Delay        Time   Description
---------------------------------------------------------------------------------------------
                                  0.000000    0.000000   clock clk (rise edge)
                                  0.000000    0.000000   clock source latency
     1    0.045267    0.039798    0.026557    0.026557 ^ clk (in)
                                                         clk (net)
                      0.041924    0.000000    0.026557 ^ clkbuf_0_clk/A (sg13g2_buf_16)
     4    0.084269    0.023237    0.055392    0.081949 ^ clkbuf_0_clk/X (sg13g2_buf_16)
                                                         clknet_0_clk (net)
                      0.026115    0.005782    0.087731 ^ clkbuf_2_1__f_clk/A (sg13g2_buf_16)
     6    0.032252    0.015474    0.045359    0.133090 ^ clkbuf_2_1__f_clk/X (sg13g2_buf_16)
                                                         clknet_2_1__leaf_clk (net)
                      0.015519    0.001371    0.134460 ^ _121_/CLK (sg13g2_dfrbpq_1)
     2    0.016372    0.039836    0.123093    0.257554 v _121_/Q (sg13g2_dfrbpq_1)
                                                         net8 (net)
                      0.039880    0.001124    0.258678 v output8/A (sg13g2_buf_1)
     1    0.007809    0.023227    0.052184    0.310862 v output8/X (sg13g2_buf_1)
                                                         dout[1] (net)
                      0.023228    0.000205    0.311067 v dout[1] (out)
                                              0.311067   data arrival time

                                  0.000000    0.000000   clock clk (rise edge)
                                  0.000000    0.000000   clock network delay (propagated)
                                  0.250000    0.250000   clock uncertainty
                                  0.000000    0.250000   clock reconvergence pessimism
                                 -4.000000   -3.750000   output external delay
                                             -3.750000   data required time
---------------------------------------------------------------------------------------------
                                             -3.750000   data required time
                                             -0.311067   data arrival time
---------------------------------------------------------------------------------------------
                                              4.061067   slack (MET)


Startpoint: reset (input port clocked by clk)
Endpoint: _098_ (removal check against rising-edge clock clk)
Path Group: asynchronous
Path Type: min

Fanout         Cap        Slew       Delay        Time   Description
---------------------------------------------------------------------------------------------
                                  0.000000    0.000000   clock clk (rise edge)
                                  0.000000    0.000000   clock network delay (propagated)
                                  4.000000    4.000000 v input external delay
     1    0.003722    0.011467    0.001713    4.001713 v reset (in)
                                                         reset (net)
                      0.011468    0.000000    4.001713 v input3/A (sg13g2_buf_1)
     1    0.016296    0.040022    0.056256    4.057970 v input3/X (sg13g2_buf_1)
                                                         net3 (net)
                      0.040134    0.001653    4.059623 v fanout22/A (sg13g2_buf_1)
     4    0.037300    0.082922    0.095410    4.155033 v fanout22/X (sg13g2_buf_1)
                                                         net22 (net)
                      0.083087    0.002895    4.157927 v fanout20/A (sg13g2_buf_1)
     7    0.029952    0.067735    0.098827    4.256754 v fanout20/X (sg13g2_buf_1)
                                                         net20 (net)
                      0.067837    0.001793    4.258546 v fanout19/A (sg13g2_buf_1)
     8    0.035837    0.080136    0.101894    4.360441 v fanout19/X (sg13g2_buf_1)
                                                         net19 (net)
                      0.080308    0.002903    4.363345 v _094_/A (sg13g2_inv_1)
     1    0.005108    0.029898    0.033976    4.397321 ^ _094_/Y (sg13g2_inv_1)
                                                         _020_ (net)
                      0.029899    0.000196    4.397517 ^ _098_/RESET_B (sg13g2_dfrbpq_1)
                                              4.397517   data arrival time

                                  0.000000    0.000000   clock clk (rise edge)
                                  0.000000    0.000000   clock source latency
     1    0.048523    0.042046    0.031382    0.031382 ^ clk (in)
                                                         clk (net)
                      0.044485    0.000000    0.031382 ^ clkbuf_0_clk/A (sg13g2_buf_16)
     4    0.097293    0.025472    0.063365    0.094748 ^ clkbuf_0_clk/X (sg13g2_buf_16)
                                                         clknet_0_clk (net)
                      0.028938    0.007383    0.102130 ^ clkbuf_2_1__f_clk/A (sg13g2_buf_16)
     6    0.035509    0.016081    0.051644    0.153774 ^ clkbuf_2_1__f_clk/X (sg13g2_buf_16)
                                                         clknet_2_1__leaf_clk (net)
                      0.016124    0.001498    0.155272 ^ _098_/CLK (sg13g2_dfrbpq_1)
                                  0.250000    0.405272   clock uncertainty
                                  0.000000    0.405272   clock reconvergence pessimism
                                 -0.068824    0.336448   library removal time
                                              0.336448   data required time
---------------------------------------------------------------------------------------------
                                              0.336448   data required time
                                             -4.397517   data arrival time
---------------------------------------------------------------------------------------------
                                              4.061069   slack (MET)


Startpoint: _120_ (rising edge-triggered flip-flop clocked by clk)
Endpoint: dout[0] (output port clocked by clk)
Path Group: clk
Path Type: min

Fanout         Cap        Slew       Delay        Time   Description
---------------------------------------------------------------------------------------------
                                  0.000000    0.000000   clock clk (rise edge)
                                  0.000000    0.000000   clock source latency
     1    0.045267    0.039798    0.026557    0.026557 ^ clk (in)
                                                         clk (net)
                      0.041924    0.000000    0.026557 ^ clkbuf_0_clk/A (sg13g2_buf_16)
     4    0.084269    0.023237    0.055392    0.081949 ^ clkbuf_0_clk/X (sg13g2_buf_16)
                                                         clknet_0_clk (net)
                      0.026733    0.006510    0.088459 ^ clkbuf_2_0__f_clk/A (sg13g2_buf_16)
     6    0.037798    0.016285    0.046008    0.134467 ^ clkbuf_2_0__f_clk/X (sg13g2_buf_16)
                                                         clknet_2_0__leaf_clk (net)
                      0.016399    0.001997    0.136464 ^ _120_/CLK (sg13g2_dfrbpq_1)
     2    0.015856    0.038786    0.122589    0.259054 v _120_/Q (sg13g2_dfrbpq_1)
                                                         net5 (net)
                      0.038843    0.001248    0.260302 v output5/A (sg13g2_buf_1)
     1    0.007896    0.023364    0.052015    0.312317 v output5/X (sg13g2_buf_1)
                                                         dout[0] (net)
                      0.023365    0.000206    0.312523 v dout[0] (out)
                                              0.312523   data arrival time

                                  0.000000    0.000000   clock clk (rise edge)
                                  0.000000    0.000000   clock network delay (propagated)
                                  0.250000    0.250000   clock uncertainty
                                  0.000000    0.250000   clock reconvergence pessimism
                                 -4.000000   -3.750000   output external delay
                                             -3.750000   data required time
---------------------------------------------------------------------------------------------
                                             -3.750000   data required time
                                             -0.312523   data arrival time
---------------------------------------------------------------------------------------------
                                              4.062523   slack (MET)


Startpoint: reset (input port clocked by clk)
Endpoint: _099_ (removal check against rising-edge clock clk)
Path Group: asynchronous
Path Type: min

Fanout         Cap        Slew       Delay        Time   Description
---------------------------------------------------------------------------------------------
                                  0.000000    0.000000   clock clk (rise edge)
                                  0.000000    0.000000   clock network delay (propagated)
                                  4.000000    4.000000 v input external delay
     1    0.003722    0.011467    0.001713    4.001713 v reset (in)
                                                         reset (net)
                      0.011468    0.000000    4.001713 v input3/A (sg13g2_buf_1)
     1    0.016296    0.040022    0.056256    4.057970 v input3/X (sg13g2_buf_1)
                                                         net3 (net)
                      0.040134    0.001653    4.059623 v fanout22/A (sg13g2_buf_1)
     4    0.037300    0.082922    0.095410    4.155033 v fanout22/X (sg13g2_buf_1)
                                                         net22 (net)
                      0.083087    0.002895    4.157927 v fanout20/A (sg13g2_buf_1)
     7    0.029952    0.067735    0.098827    4.256754 v fanout20/X (sg13g2_buf_1)
                                                         net20 (net)
                      0.067837    0.001793    4.258546 v fanout19/A (sg13g2_buf_1)
     8    0.035837    0.080136    0.101894    4.360441 v fanout19/X (sg13g2_buf_1)
                                                         net19 (net)
                      0.080213    0.001958    4.362399 v _095_/A (sg13g2_inv_1)
     1    0.006371    0.032931    0.037144    4.399543 ^ _095_/Y (sg13g2_inv_1)
                                                         _021_ (net)
                      0.032942    0.000457    4.400000 ^ _099_/RESET_B (sg13g2_dfrbpq_1)
                                              4.400000   data arrival time

                                  0.000000    0.000000   clock clk (rise edge)
                                  0.000000    0.000000   clock source latency
     1    0.048523    0.042046    0.031382    0.031382 ^ clk (in)
                                                         clk (net)
                      0.044485    0.000000    0.031382 ^ clkbuf_0_clk/A (sg13g2_buf_16)
     4    0.097293    0.025472    0.063365    0.094748 ^ clkbuf_0_clk/X (sg13g2_buf_16)
                                                         clknet_0_clk (net)
                      0.028938    0.007383    0.102130 ^ clkbuf_2_1__f_clk/A (sg13g2_buf_16)
     6    0.035509    0.016081    0.051644    0.153774 ^ clkbuf_2_1__f_clk/X (sg13g2_buf_16)
                                                         clknet_2_1__leaf_clk (net)
                      0.016116    0.001370    0.155144 ^ _099_/CLK (sg13g2_dfrbpq_1)
                                  0.250000    0.405144   clock uncertainty
                                  0.000000    0.405144   clock reconvergence pessimism
                                 -0.069518    0.335626   library removal time
                                              0.335626   data required time
---------------------------------------------------------------------------------------------
                                              0.335626   data required time
                                             -4.400000   data arrival time
---------------------------------------------------------------------------------------------
                                              4.064373   slack (MET)



