+ define_corners nom_fast_1p32V_m40C
Reading timing models for corner nom_fast_1p32V_m40C…
Reading cell library for the 'nom_fast_1p32V_m40C' corner at '/opt/pdks/ihp-sg13g2/libs.ref/sg13g2_stdcell/lib/sg13g2_stdcell_fast_1p32V_m40C.lib'…
Reading cell library for the 'nom_fast_1p32V_m40C' corner at '/opt/pdks/ihp-sg13g2/libs.ref/sg13g2_io/lib/sg13g2_io_fast_1p32V_3p6V_m40C.lib'…
Reading top-level netlist at '/home/designer/shared/s2p/runs/RUN_2026-09-12_02-16-42/52-openroad-fillinsertion/serial2parallel.nl.v'…
Linking design 'serial2parallel' from netlist…
Reading design constraints file at '/nix/store/4lnizdcfpwncfgmyqhj7a0vd92nr2swy-python3.13-librelane-3.1.0.dev3/lib/python3.13/site-packages/librelane/scripts/base.sdc'…
[INFO] Using clock clk…
[INFO] Setting output delay to: 4.0
[INFO] Setting input delay to: 4.0
[INFO] Setting load to: 0.006
[INFO] Setting clock uncertainty to: 0.25
[INFO] Setting clock transition to: 0.15
[INFO] Setting timing derate to: 5.0%
Reading top-level design parasitics for the 'nom_fast_1p32V_m40C' corner at '/home/designer/shared/s2p/runs/RUN_2026-09-12_02-16-42/54-openroad-rcx/nom/serial2parallel.nom.spef'…
%OL_CREATE_REPORT min.rpt

===========================================================================
report_checks -path_delay min (Hold)
============================================================================
======================= nom_fast_1p32V_m40C Corner ===================================

Startpoint: _116_ (rising edge-triggered flip-flop clocked by clk)
Endpoint: _104_ (rising edge-triggered flip-flop clocked by clk)
Path Group: clk
Path Type: min

Fanout         Cap        Slew       Delay        Time   Description
---------------------------------------------------------------------------------------------
                                  0.000000    0.000000   clock clk (rise edge)
                                  0.000000    0.000000   clock source latency
     1    0.045267    0.039798    0.026557    0.026557 ^ clk (in)
                                                         clk (net)
                      0.041924    0.000000    0.026557 ^ clkbuf_0_clk/A (sg13g2_buf_16)
     4    0.084269    0.023237    0.055392    0.081949 ^ clkbuf_0_clk/X (sg13g2_buf_16)
                                                         clknet_0_clk (net)
                      0.025409    0.004857    0.086805 ^ clkbuf_2_2__f_clk/A (sg13g2_buf_16)
     6    0.039261    0.016431    0.045716    0.132522 ^ clkbuf_2_2__f_clk/X (sg13g2_buf_16)
                                                         clknet_2_2__leaf_clk (net)
                      0.016446    0.000851    0.133373 ^ _116_/CLK (sg13g2_dfrbpq_1)
     2    0.006734    0.020526    0.108758    0.242130 v _116_/Q (sg13g2_dfrbpq_1)
                                                         internal_data_reg[8] (net)
                      0.020528    0.000367    0.242498 v _072_/A1 (sg13g2_mux2_1)
     1    0.002219    0.018206    0.064270    0.306768 v _072_/X (sg13g2_mux2_1)
                                                         _026_ (net)
                      0.018206    0.000078    0.306846 v hold28/A (sg13g2_dlygate4sd3_1)
     1    0.001618    0.022960    0.232909    0.539755 v hold28/X (sg13g2_dlygate4sd3_1)
                                                         net28 (net)
                      0.022960    0.000061    0.539815 v _104_/D (sg13g2_dfrbpq_1)
                                              0.539815   data arrival time

                                  0.000000    0.000000   clock clk (rise edge)
                                  0.000000    0.000000   clock source latency
     1    0.048523    0.042046    0.031382    0.031382 ^ clk (in)
                                                         clk (net)
                      0.044485    0.000000    0.031382 ^ clkbuf_0_clk/A (sg13g2_buf_16)
     4    0.097293    0.025472    0.063365    0.094748 ^ clkbuf_0_clk/X (sg13g2_buf_16)
                                                         clknet_0_clk (net)
                      0.028051    0.006204    0.100952 ^ clkbuf_2_2__f_clk/A (sg13g2_buf_16)
     6    0.042519    0.017011    0.051940    0.152892 ^ clkbuf_2_2__f_clk/X (sg13g2_buf_16)
                                                         clknet_2_2__leaf_clk (net)
                      0.017033    0.001175    0.154067 ^ _104_/CLK (sg13g2_dfrbpq_1)
                                  0.250000    0.404067   clock uncertainty
                                 -0.020370    0.383697   clock reconvergence pessimism
                                 -0.023263    0.360434   library hold time
                                              0.360434   data required time
---------------------------------------------------------------------------------------------
                                              0.360434   data required time
                                             -0.539815   data arrival time
---------------------------------------------------------------------------------------------
                                              0.179382   slack (MET)


Startpoint: _112_ (rising edge-triggered flip-flop clocked by clk)
Endpoint: _100_ (rising edge-triggered flip-flop clocked by clk)
Path Group: clk
Path Type: min

Fanout         Cap        Slew       Delay        Time   Description
---------------------------------------------------------------------------------------------
                                  0.000000    0.000000   clock clk (rise edge)
                                  0.000000    0.000000   clock source latency
     1    0.045267    0.039798    0.026557    0.026557 ^ clk (in)
                                                         clk (net)
                      0.041924    0.000000    0.026557 ^ clkbuf_0_clk/A (sg13g2_buf_16)
     4    0.084269    0.023237    0.055392    0.081949 ^ clkbuf_0_clk/X (sg13g2_buf_16)
                                                         clknet_0_clk (net)
                      0.026733    0.006510    0.088459 ^ clkbuf_2_0__f_clk/A (sg13g2_buf_16)
     6    0.037798    0.016285    0.046008    0.134467 ^ clkbuf_2_0__f_clk/X (sg13g2_buf_16)
                                                         clknet_2_0__leaf_clk (net)
                      0.016371    0.001825    0.136292 ^ _112_/CLK (sg13g2_dfrbpq_1)
     2    0.008845    0.024661    0.111927    0.248219 v _112_/Q (sg13g2_dfrbpq_1)
                                                         internal_data_reg[4] (net)
                      0.024680    0.000597    0.248815 v _051_/A1 (sg13g2_mux2_1)
     1    0.002766    0.019214    0.066758    0.315573 v _051_/X (sg13g2_mux2_1)
                                                         _046_ (net)
                      0.019214    0.000157    0.315730 v hold39/A (sg13g2_dlygate4sd3_1)
     1    0.002712    0.025102    0.235852    0.551582 v hold39/X (sg13g2_dlygate4sd3_1)
                                                         net39 (net)
                      0.025102    0.000092    0.551674 v _100_/D (sg13g2_dfrbpq_1)
                                              0.551674   data arrival time

                                  0.000000    0.000000   clock clk (rise edge)
                                  0.000000    0.000000   clock source latency
     1    0.048523    0.042046    0.031382    0.031382 ^ clk (in)
                                                         clk (net)
                      0.044485    0.000000    0.031382 ^ clkbuf_0_clk/A (sg13g2_buf_16)
     4    0.097293    0.025472    0.063365    0.094748 ^ clkbuf_0_clk/X (sg13g2_buf_16)
                                                         clknet_0_clk (net)
                      0.028938    0.007383    0.102130 ^ clkbuf_2_1__f_clk/A (sg13g2_buf_16)
     6    0.035509    0.016081    0.051644    0.153774 ^ clkbuf_2_1__f_clk/X (sg13g2_buf_16)
                                                         clknet_2_1__leaf_clk (net)
                      0.016103    0.001179    0.154954 ^ _100_/CLK (sg13g2_dfrbpq_1)
                                  0.250000    0.404954   clock uncertainty
                                 -0.012799    0.392155   clock reconvergence pessimism
                                 -0.023906    0.368249   library hold time
                                              0.368249   data required time
---------------------------------------------------------------------------------------------
                                              0.368249   data required time
                                             -0.551674   data arrival time
---------------------------------------------------------------------------------------------
                                              0.183426   slack (MET)


Startpoint: _115_ (rising edge-triggered flip-flop clocked by clk)
Endpoint: _103_ (rising edge-triggered flip-flop clocked by clk)
Path Group: clk
Path Type: min

Fanout         Cap        Slew       Delay        Time   Description
---------------------------------------------------------------------------------------------
                                  0.000000    0.000000   clock clk (rise edge)
                                  0.000000    0.000000   clock source latency
     1    0.045267    0.039798    0.026557    0.026557 ^ clk (in)
                                                         clk (net)
                      0.041924    0.000000    0.026557 ^ clkbuf_0_clk/A (sg13g2_buf_16)
     4    0.084269    0.023237    0.055392    0.081949 ^ clkbuf_0_clk/X (sg13g2_buf_16)
                                                         clknet_0_clk (net)
                      0.025409    0.004857    0.086805 ^ clkbuf_2_2__f_clk/A (sg13g2_buf_16)
     6    0.039261    0.016431    0.045716    0.132522 ^ clkbuf_2_2__f_clk/X (sg13g2_buf_16)
                                                         clknet_2_2__leaf_clk (net)
                      0.016586    0.002195    0.134717 ^ _115_/CLK (sg13g2_dfrbpq_1)
     2    0.007441    0.021887    0.109913    0.244630 v _115_/Q (sg13g2_dfrbpq_1)
                                                         internal_data_reg[7] (net)
                      0.021912    0.000413    0.245043 v _073_/A1 (sg13g2_mux2_1)
     1    0.002933    0.019488    0.066214    0.311257 v _073_/X (sg13g2_mux2_1)
                                                         _025_ (net)
                      0.019488    0.000100    0.311357 v hold35/A (sg13g2_dlygate4sd3_1)
     1    0.001874    0.023476    0.234084    0.545441 v hold35/X (sg13g2_dlygate4sd3_1)
                                                         net35 (net)
                      0.023477    0.000067    0.545508 v _103_/D (sg13g2_dfrbpq_1)
                                              0.545508   data arrival time

                                  0.000000    0.000000   clock clk (rise edge)
                                  0.000000    0.000000   clock source latency
     1    0.048523    0.042046    0.031382    0.031382 ^ clk (in)
                                                         clk (net)
                      0.044485    0.000000    0.031382 ^ clkbuf_0_clk/A (sg13g2_buf_16)
     4    0.097293    0.025472    0.063365    0.094748 ^ clkbuf_0_clk/X (sg13g2_buf_16)
                                                         clknet_0_clk (net)
                      0.028051    0.006204    0.100952 ^ clkbuf_2_2__f_clk/A (sg13g2_buf_16)
     6    0.042519    0.017011    0.051940    0.152892 ^ clkbuf_2_2__f_clk/X (sg13g2_buf_16)
                                                         clknet_2_2__leaf_clk (net)
                      0.017148    0.002310    0.155202 ^ _103_/CLK (sg13g2_dfrbpq_1)
                                  0.250000    0.405202   clock uncertainty
                                 -0.020370    0.384831   clock reconvergence pessimism
                                 -0.023364    0.361467   library hold time
                                              0.361467   data required time
---------------------------------------------------------------------------------------------
                                              0.361467   data required time
                                             -0.545508   data arrival time
---------------------------------------------------------------------------------------------
                                              0.184040   slack (MET)


Startpoint: _106_ (rising edge-triggered flip-flop clocked by clk)
Endpoint: _106_ (rising edge-triggered flip-flop clocked by clk)
Path Group: clk
Path Type: min

Fanout         Cap        Slew       Delay        Time   Description
---------------------------------------------------------------------------------------------
                                  0.000000    0.000000   clock clk (rise edge)
                                  0.000000    0.000000   clock source latency
     1    0.045267    0.039798    0.026557    0.026557 ^ clk (in)
                                                         clk (net)
                      0.041924    0.000000    0.026557 ^ clkbuf_0_clk/A (sg13g2_buf_16)
     4    0.084269    0.023237    0.055392    0.081949 ^ clkbuf_0_clk/X (sg13g2_buf_16)
                                                         clknet_0_clk (net)
                      0.025630    0.005159    0.087108 ^ clkbuf_2_3__f_clk/A (sg13g2_buf_16)
     6    0.027025    0.014703    0.044444    0.131552 ^ clkbuf_2_3__f_clk/X (sg13g2_buf_16)
                                                         clknet_2_3__leaf_clk (net)
                      0.014840    0.002147    0.133698 ^ _106_/CLK (sg13g2_dfrbpq_1)
     2    0.006670    0.020402    0.108097    0.241796 v _106_/Q (sg13g2_dfrbpq_1)
                                                         net6 (net)
                      0.020403    0.000347    0.242143 v hold52/A (sg13g2_dlygate4sd3_1)
     1    0.002950    0.025561    0.236937    0.479080 v hold52/X (sg13g2_dlygate4sd3_1)
                                                         net52 (net)
                      0.025561    0.000109    0.479190 v _070_/A0 (sg13g2_mux2_1)
     1    0.002261    0.018283    0.066172    0.545362 v _070_/X (sg13g2_mux2_1)
                                                         _028_ (net)
                      0.018283    0.000082    0.545444 v _106_/D (sg13g2_dfrbpq_1)
                                              0.545444   data arrival time

                                  0.000000    0.000000   clock clk (rise edge)
                                  0.000000    0.000000   clock source latency
     1    0.048523    0.042046    0.031382    0.031382 ^ clk (in)
                                                         clk (net)
                      0.044485    0.000000    0.031382 ^ clkbuf_0_clk/A (sg13g2_buf_16)
     4    0.097293    0.025472    0.063365    0.094748 ^ clkbuf_0_clk/X (sg13g2_buf_16)
                                                         clknet_0_clk (net)
                      0.028330    0.006592    0.101339 ^ clkbuf_2_3__f_clk/A (sg13g2_buf_16)
     6    0.030283    0.015304    0.050553    0.151893 ^ clkbuf_2_3__f_clk/X (sg13g2_buf_16)
                                                         clknet_2_3__leaf_clk (net)
                      0.015482    0.002654    0.154547 ^ _106_/CLK (sg13g2_dfrbpq_1)
                                  0.250000    0.404547   clock uncertainty
                                 -0.020848    0.383698   clock reconvergence pessimism
                                 -0.022430    0.361269   library hold time
                                              0.361269   data required time
---------------------------------------------------------------------------------------------
                                              0.361269   data required time
                                             -0.545444   data arrival time
---------------------------------------------------------------------------------------------
                                              0.184175   slack (MET)


Startpoint: _119_ (rising edge-triggered flip-flop clocked by clk)
Endpoint: _119_ (rising edge-triggered flip-flop clocked by clk)
Path Group: clk
Path Type: min

Fanout         Cap        Slew       Delay        Time   Description
---------------------------------------------------------------------------------------------
                                  0.000000    0.000000   clock clk (rise edge)
                                  0.000000    0.000000   clock source latency
     1    0.045267    0.039798    0.026557    0.026557 ^ clk (in)
                                                         clk (net)
                      0.041924    0.000000    0.026557 ^ clkbuf_0_clk/A (sg13g2_buf_16)
     4    0.084269    0.023237    0.055392    0.081949 ^ clkbuf_0_clk/X (sg13g2_buf_16)
                                                         clknet_0_clk (net)
                      0.025630    0.005159    0.087108 ^ clkbuf_2_3__f_clk/A (sg13g2_buf_16)
     6    0.027025    0.014703    0.044444    0.131552 ^ clkbuf_2_3__f_clk/X (sg13g2_buf_16)
                                                         clknet_2_3__leaf_clk (net)
                      0.014817    0.001995    0.133547 ^ _119_/CLK (sg13g2_dfrbpq_1)
     1    0.002082    0.012021    0.101034    0.234580 v _119_/Q (sg13g2_dfrbpq_1)
                                                         internal_data_reg[11] (net)
                      0.012021    0.000137    0.234718 v hold31/A (sg13g2_dlygate4sd3_1)
     2    0.007803    0.034975    0.243859    0.478576 v hold31/X (sg13g2_dlygate4sd3_1)
                                                         net31 (net)
                      0.034975    0.000470    0.479046 v _057_/A0 (sg13g2_mux2_1)
     1    0.001715    0.017337    0.068069    0.547116 v _057_/X (sg13g2_mux2_1)
                                                         _041_ (net)
                      0.017337    0.000063    0.547179 v _119_/D (sg13g2_dfrbpq_1)
                                              0.547179   data arrival time

                                  0.000000    0.000000   clock clk (rise edge)
                                  0.000000    0.000000   clock source latency
     1    0.048523    0.042046    0.031382    0.031382 ^ clk (in)
                                                         clk (net)
                      0.044485    0.000000    0.031382 ^ clkbuf_0_clk/A (sg13g2_buf_16)
     4    0.097293    0.025472    0.063365    0.094748 ^ clkbuf_0_clk/X (sg13g2_buf_16)
                                                         clknet_0_clk (net)
                      0.028330    0.006592    0.101339 ^ clkbuf_2_3__f_clk/A (sg13g2_buf_16)
     6    0.030283    0.015304    0.050553    0.151893 ^ clkbuf_2_3__f_clk/X (sg13g2_buf_16)
                                                         clknet_2_3__leaf_clk (net)
                      0.015449    0.002470    0.154363 ^ _119_/CLK (sg13g2_dfrbpq_1)
                                  0.250000    0.404363   clock uncertainty
                                 -0.020816    0.383547   clock reconvergence pessimism
                                 -0.022216    0.361331   library hold time
                                              0.361331   data required time
---------------------------------------------------------------------------------------------
                                              0.361331   data required time
                                             -0.547179   data arrival time
---------------------------------------------------------------------------------------------
                                              0.185848   slack (MET)


Startpoint: _117_ (rising edge-triggered flip-flop clocked by clk)
Endpoint: _105_ (rising edge-triggered flip-flop clocked by clk)
Path Group: clk
Path Type: min

Fanout         Cap        Slew       Delay        Time   Description
---------------------------------------------------------------------------------------------
                                  0.000000    0.000000   clock clk (rise edge)
                                  0.000000    0.000000   clock source latency
     1    0.045267    0.039798    0.026557    0.026557 ^ clk (in)
                                                         clk (net)
                      0.041924    0.000000    0.026557 ^ clkbuf_0_clk/A (sg13g2_buf_16)
     4    0.084269    0.023237    0.055392    0.081949 ^ clkbuf_0_clk/X (sg13g2_buf_16)
                                                         clknet_0_clk (net)
                      0.025630    0.005159    0.087108 ^ clkbuf_2_3__f_clk/A (sg13g2_buf_16)
     6    0.027025    0.014703    0.044444    0.131552 ^ clkbuf_2_3__f_clk/X (sg13g2_buf_16)
                                                         clknet_2_3__leaf_clk (net)
                      0.014703    0.000127    0.131679 ^ _117_/CLK (sg13g2_dfrbpq_1)
     3    0.009912    0.026776    0.113020    0.244699 v _117_/Q (sg13g2_dfrbpq_1)
                                                         internal_data_reg[9] (net)
                      0.026788    0.000498    0.245197 v _071_/A1 (sg13g2_mux2_1)
     1    0.002497    0.018709    0.066877    0.312074 v _071_/X (sg13g2_mux2_1)
                                                         _027_ (net)
                      0.018709    0.000151    0.312225 v hold37/A (sg13g2_dlygate4sd3_1)
     1    0.001932    0.023593    0.233853    0.546078 v hold37/X (sg13g2_dlygate4sd3_1)
                                                         net37 (net)
                      0.023593    0.000069    0.546147 v _105_/D (sg13g2_dfrbpq_1)
                                              0.546147   data arrival time

                                  0.000000    0.000000   clock clk (rise edge)
                                  0.000000    0.000000   clock source latency
     1    0.048523    0.042046    0.031382    0.031382 ^ clk (in)
                                                         clk (net)
                      0.044485    0.000000    0.031382 ^ clkbuf_0_clk/A (sg13g2_buf_16)
     4    0.097293    0.025472    0.063365    0.094748 ^ clkbuf_0_clk/X (sg13g2_buf_16)
                                                         clknet_0_clk (net)
                      0.028330    0.006592    0.101339 ^ clkbuf_2_3__f_clk/A (sg13g2_buf_16)
     6    0.030283    0.015304    0.050553    0.151893 ^ clkbuf_2_3__f_clk/X (sg13g2_buf_16)
                                                         clknet_2_3__leaf_clk (net)
                      0.015375    0.001856    0.153749 ^ _105_/CLK (sg13g2_dfrbpq_1)
                                  0.250000    0.403749   clock uncertainty
                                 -0.020341    0.383408   clock reconvergence pessimism
                                 -0.023673    0.359735   library hold time
                                              0.359735   data required time
---------------------------------------------------------------------------------------------
                                              0.359735   data required time
                                             -0.546147   data arrival time
---------------------------------------------------------------------------------------------
                                              0.186412   slack (MET)


Startpoint: _117_ (rising edge-triggered flip-flop clocked by clk)
Endpoint: _117_ (rising edge-triggered flip-flop clocked by clk)
Path Group: clk
Path Type: min

Fanout         Cap        Slew       Delay        Time   Description
---------------------------------------------------------------------------------------------
                                  0.000000    0.000000   clock clk (rise edge)
                                  0.000000    0.000000   clock source latency
     1    0.045267    0.039798    0.026557    0.026557 ^ clk (in)
                                                         clk (net)
                      0.041924    0.000000    0.026557 ^ clkbuf_0_clk/A (sg13g2_buf_16)
     4    0.084269    0.023237    0.055392    0.081949 ^ clkbuf_0_clk/X (sg13g2_buf_16)
                                                         clknet_0_clk (net)
                      0.025630    0.005159    0.087108 ^ clkbuf_2_3__f_clk/A (sg13g2_buf_16)
     6    0.027025    0.014703    0.044444    0.131552 ^ clkbuf_2_3__f_clk/X (sg13g2_buf_16)
                                                         clknet_2_3__leaf_clk (net)
                      0.014703    0.000127    0.131679 ^ _117_/CLK (sg13g2_dfrbpq_1)
     3    0.009912    0.026776    0.113020    0.244699 v _117_/Q (sg13g2_dfrbpq_1)
                                                         internal_data_reg[9] (net)
                      0.026790    0.000536    0.245235 v _059_/A0 (sg13g2_mux2_1)
     1    0.002423    0.018573    0.066910    0.312145 v _059_/X (sg13g2_mux2_1)
                                                         _039_ (net)
                      0.018574    0.000084    0.312229 v hold45/A (sg13g2_dlygate4sd3_1)
     1    0.001939    0.023607    0.233805    0.546033 v hold45/X (sg13g2_dlygate4sd3_1)
                                                         net45 (net)
                      0.023608    0.000071    0.546104 v _117_/D (sg13g2_dfrbpq_1)
                                              0.546104   data arrival time

                                  0.000000    0.000000   clock clk (rise edge)
                                  0.000000    0.000000   clock source latency
     1    0.048523    0.042046    0.031382    0.031382 ^ clk (in)
                                                         clk (net)
                      0.044485    0.000000    0.031382 ^ clkbuf_0_clk/A (sg13g2_buf_16)
     4    0.097293    0.025472    0.063365    0.094748 ^ clkbuf_0_clk/X (sg13g2_buf_16)
                                                         clknet_0_clk (net)
                      0.028330    0.006592    0.101339 ^ clkbuf_2_3__f_clk/A (sg13g2_buf_16)
     6    0.030283    0.015304    0.050553    0.151893 ^ clkbuf_2_3__f_clk/X (sg13g2_buf_16)
                                                         clknet_2_3__leaf_clk (net)
                      0.015305    0.000165    0.152058 ^ _117_/CLK (sg13g2_dfrbpq_1)
                                  0.250000    0.402058   clock uncertainty
                                 -0.020379    0.381679   clock reconvergence pessimism
                                 -0.023687    0.357992   library hold time
                                              0.357992   data required time
---------------------------------------------------------------------------------------------
                                              0.357992   data required time
                                             -0.546104   data arrival time
---------------------------------------------------------------------------------------------
                                              0.188113   slack (MET)


Startpoint: _099_ (rising edge-triggered flip-flop clocked by clk)
Endpoint: _099_ (rising edge-triggered flip-flop clocked by clk)
Path Group: clk
Path Type: min

Fanout         Cap        Slew       Delay        Time   Description
---------------------------------------------------------------------------------------------
                                  0.000000    0.000000   clock clk (rise edge)
                                  0.000000    0.000000   clock source latency
     1    0.045267    0.039798    0.026557    0.026557 ^ clk (in)
                                                         clk (net)
                      0.041924    0.000000    0.026557 ^ clkbuf_0_clk/A (sg13g2_buf_16)
     4    0.084269    0.023237    0.055392    0.081949 ^ clkbuf_0_clk/X (sg13g2_buf_16)
                                                         clknet_0_clk (net)
                      0.026115    0.005782    0.087731 ^ clkbuf_2_1__f_clk/A (sg13g2_buf_16)
     6    0.032252    0.015474    0.045359    0.133090 ^ clkbuf_2_1__f_clk/X (sg13g2_buf_16)
                                                         clknet_2_1__leaf_clk (net)
                      0.015499    0.001114    0.134203 ^ _099_/CLK (sg13g2_dfrbpq_1)
     2    0.011131    0.029217    0.115116    0.249320 v _099_/Q (sg13g2_dfrbpq_1)
                                                         net10 (net)
                      0.029230    0.000538    0.249857 v _052_/A0 (sg13g2_mux2_1)
     1    0.001727    0.017342    0.066239    0.316097 v _052_/X (sg13g2_mux2_1)
                                                         _045_ (net)
                      0.017342    0.000064    0.316160 v hold49/A (sg13g2_dlygate4sd3_1)
     1    0.002488    0.024670    0.234463    0.550624 v hold49/X (sg13g2_dlygate4sd3_1)
                                                         net49 (net)
                      0.024671    0.000156    0.550780 v _099_/D (sg13g2_dfrbpq_1)
                                              0.550780   data arrival time

                                  0.000000    0.000000   clock clk (rise edge)
                                  0.000000    0.000000   clock source latency
     1    0.048523    0.042046    0.031382    0.031382 ^ clk (in)
                                                         clk (net)
                      0.044485    0.000000    0.031382 ^ clkbuf_0_clk/A (sg13g2_buf_16)
     4    0.097293    0.025472    0.063365    0.094748 ^ clkbuf_0_clk/X (sg13g2_buf_16)
                                                         clknet_0_clk (net)
                      0.028938    0.007383    0.102130 ^ clkbuf_2_1__f_clk/A (sg13g2_buf_16)
     6    0.035509    0.016081    0.051644    0.153774 ^ clkbuf_2_1__f_clk/X (sg13g2_buf_16)
                                                         clknet_2_1__leaf_clk (net)
                      0.016116    0.001370    0.155144 ^ _099_/CLK (sg13g2_dfrbpq_1)
                                  0.250000    0.405144   clock uncertainty
                                 -0.020941    0.384203   clock reconvergence pessimism
                                 -0.023804    0.360399   library hold time
                                              0.360399   data required time
---------------------------------------------------------------------------------------------
                                              0.360399   data required time
                                             -0.550780   data arrival time
---------------------------------------------------------------------------------------------
                                              0.190381   slack (MET)


Startpoint: _113_ (rising edge-triggered flip-flop clocked by clk)
Endpoint: _101_ (rising edge-triggered flip-flop clocked by clk)
Path Group: clk
Path Type: min

Fanout         Cap        Slew       Delay        Time   Description
---------------------------------------------------------------------------------------------
                                  0.000000    0.000000   clock clk (rise edge)
                                  0.000000    0.000000   clock source latency
     1    0.045267    0.039798    0.026557    0.026557 ^ clk (in)
                                                         clk (net)
                      0.041924    0.000000    0.026557 ^ clkbuf_0_clk/A (sg13g2_buf_16)
     4    0.084269    0.023237    0.055392    0.081949 ^ clkbuf_0_clk/X (sg13g2_buf_16)
                                                         clknet_0_clk (net)
                      0.026115    0.005782    0.087731 ^ clkbuf_2_1__f_clk/A (sg13g2_buf_16)
     6    0.032252    0.015474    0.045359    0.133090 ^ clkbuf_2_1__f_clk/X (sg13g2_buf_16)
                                                         clknet_2_1__leaf_clk (net)
                      0.015481    0.000619    0.133709 ^ _113_/CLK (sg13g2_dfrbpq_1)
     3    0.011822    0.030602    0.116203    0.249911 v _113_/Q (sg13g2_dfrbpq_1)
                                                         internal_data_reg[5] (net)
                      0.030615    0.000564    0.250475 v _050_/A1 (sg13g2_mux2_1)
     1    0.002207    0.018206    0.067522    0.317998 v _050_/X (sg13g2_mux2_1)
                                                         _047_ (net)
                      0.018206    0.000078    0.318076 v hold26/A (sg13g2_dlygate4sd3_1)
     1    0.001618    0.022960    0.232908    0.550984 v hold26/X (sg13g2_dlygate4sd3_1)
                                                         net26 (net)
                      0.022960    0.000061    0.551045 v _101_/D (sg13g2_dfrbpq_1)
                                              0.551045   data arrival time

                                  0.000000    0.000000   clock clk (rise edge)
                                  0.000000    0.000000   clock source latency
     1    0.048523    0.042046    0.031382    0.031382 ^ clk (in)
                                                         clk (net)
                      0.044485    0.000000    0.031382 ^ clkbuf_0_clk/A (sg13g2_buf_16)
     4    0.097293    0.025472    0.063365    0.094748 ^ clkbuf_0_clk/X (sg13g2_buf_16)
                                                         clknet_0_clk (net)
                      0.028938    0.007383    0.102130 ^ clkbuf_2_1__f_clk/A (sg13g2_buf_16)
     6    0.035509    0.016081    0.051644    0.153774 ^ clkbuf_2_1__f_clk/X (sg13g2_buf_16)
                                                         clknet_2_1__leaf_clk (net)
                      0.016093    0.000877    0.154651 ^ _101_/CLK (sg13g2_dfrbpq_1)
                                  0.250000    0.404651   clock uncertainty
                                 -0.020685    0.383967   clock reconvergence pessimism
                                 -0.023413    0.360554   library hold time
                                              0.360554   data required time
---------------------------------------------------------------------------------------------
                                              0.360554   data required time
                                             -0.551045   data arrival time
---------------------------------------------------------------------------------------------
                                              0.190491   slack (MET)


Startpoint: _117_ (rising edge-triggered flip-flop clocked by clk)
Endpoint: _118_ (rising edge-triggered flip-flop clocked by clk)
Path Group: clk
Path Type: min

Fanout         Cap        Slew       Delay        Time   Description
---------------------------------------------------------------------------------------------
                                  0.000000    0.000000   clock clk (rise edge)
                                  0.000000    0.000000   clock source latency
     1    0.045267    0.039798    0.026557    0.026557 ^ clk (in)
                                                         clk (net)
                      0.041924    0.000000    0.026557 ^ clkbuf_0_clk/A (sg13g2_buf_16)
     4    0.084269    0.023237    0.055392    0.081949 ^ clkbuf_0_clk/X (sg13g2_buf_16)
                                                         clknet_0_clk (net)
                      0.025630    0.005159    0.087108 ^ clkbuf_2_3__f_clk/A (sg13g2_buf_16)
     6    0.027025    0.014703    0.044444    0.131552 ^ clkbuf_2_3__f_clk/X (sg13g2_buf_16)
                                                         clknet_2_3__leaf_clk (net)
                      0.014703    0.000127    0.131679 ^ _117_/CLK (sg13g2_dfrbpq_1)
     3    0.009912    0.026776    0.113020    0.244699 v _117_/Q (sg13g2_dfrbpq_1)
                                                         internal_data_reg[9] (net)
                      0.026786    0.000460    0.245159 v hold53/A (sg13g2_dlygate4sd3_1)
     1    0.003600    0.026802    0.241375    0.486534 v hold53/X (sg13g2_dlygate4sd3_1)
                                                         net53 (net)
                      0.026802    0.000132    0.486666 v _058_/A1 (sg13g2_mux2_1)
     1    0.001782    0.017423    0.065391    0.552058 v _058_/X (sg13g2_mux2_1)
                                                         _040_ (net)
                      0.017423    0.000066    0.552124 v _118_/D (sg13g2_dfrbpq_1)
                                              0.552124   data arrival time

                                  0.000000    0.000000   clock clk (rise edge)
                                  0.000000    0.000000   clock source latency
     1    0.048523    0.042046    0.031382    0.031382 ^ clk (in)
                                                         clk (net)
                      0.044485    0.000000    0.031382 ^ clkbuf_0_clk/A (sg13g2_buf_16)
     4    0.097293    0.025472    0.063365    0.094748 ^ clkbuf_0_clk/X (sg13g2_buf_16)
                                                         clknet_0_clk (net)
                      0.028330    0.006592    0.101339 ^ clkbuf_2_3__f_clk/A (sg13g2_buf_16)
     6    0.030283    0.015304    0.050553    0.151893 ^ clkbuf_2_3__f_clk/X (sg13g2_buf_16)
                                                         clknet_2_3__leaf_clk (net)
                      0.015381    0.001917    0.153810 ^ _118_/CLK (sg13g2_dfrbpq_1)
                                  0.250000    0.403810   clock uncertainty
                                 -0.020341    0.383469   clock reconvergence pessimism
                                 -0.022247    0.361222   library hold time
                                              0.361222   data required time
---------------------------------------------------------------------------------------------
                                              0.361222   data required time
                                             -0.552124   data arrival time
---------------------------------------------------------------------------------------------
                                              0.190902   slack (MET)


Startpoint: _113_ (rising edge-triggered flip-flop clocked by clk)
Endpoint: _113_ (rising edge-triggered flip-flop clocked by clk)
Path Group: clk
Path Type: min

Fanout         Cap        Slew       Delay        Time   Description
---------------------------------------------------------------------------------------------
                                  0.000000    0.000000   clock clk (rise edge)
                                  0.000000    0.000000   clock source latency
     1    0.045267    0.039798    0.026557    0.026557 ^ clk (in)
                                                         clk (net)
                      0.041924    0.000000    0.026557 ^ clkbuf_0_clk/A (sg13g2_buf_16)
     4    0.084269    0.023237    0.055392    0.081949 ^ clkbuf_0_clk/X (sg13g2_buf_16)
                                                         clknet_0_clk (net)
                      0.026115    0.005782    0.087731 ^ clkbuf_2_1__f_clk/A (sg13g2_buf_16)
     6    0.032252    0.015474    0.045359    0.133090 ^ clkbuf_2_1__f_clk/X (sg13g2_buf_16)
                                                         clknet_2_1__leaf_clk (net)
                      0.015481    0.000619    0.133709 ^ _113_/CLK (sg13g2_dfrbpq_1)
     3    0.011822    0.030602    0.116203    0.249911 v _113_/Q (sg13g2_dfrbpq_1)
                                                         internal_data_reg[5] (net)
                      0.030622    0.000677    0.250588 v _063_/A0 (sg13g2_mux2_1)
     1    0.002171    0.018160    0.067613    0.318202 v _063_/X (sg13g2_mux2_1)
                                                         _035_ (net)
                      0.018160    0.000137    0.318338 v hold41/A (sg13g2_dlygate4sd3_1)
     1    0.001850    0.023429    0.233412    0.551751 v hold41/X (sg13g2_dlygate4sd3_1)
                                                         net41 (net)
                      0.023429    0.000067    0.551817 v _113_/D (sg13g2_dfrbpq_1)
                                              0.551817   data arrival time

                                  0.000000    0.000000   clock clk (rise edge)
                                  0.000000    0.000000   clock source latency
     1    0.048523    0.042046    0.031382    0.031382 ^ clk (in)
                                                         clk (net)
                      0.044485    0.000000    0.031382 ^ clkbuf_0_clk/A (sg13g2_buf_16)
     4    0.097293    0.025472    0.063365    0.094748 ^ clkbuf_0_clk/X (sg13g2_buf_16)
                                                         clknet_0_clk (net)
                      0.028938    0.007383    0.102130 ^ clkbuf_2_1__f_clk/A (sg13g2_buf_16)
     6    0.035509    0.016081    0.051644    0.153774 ^ clkbuf_2_1__f_clk/X (sg13g2_buf_16)
                                                         clknet_2_1__leaf_clk (net)
                      0.016090    0.000762    0.154536 ^ _113_/CLK (sg13g2_dfrbpq_1)
                                  0.250000    0.404536   clock uncertainty
                                 -0.020828    0.383709   clock reconvergence pessimism
                                 -0.023521    0.360187   library hold time
                                              0.360187   data required time
---------------------------------------------------------------------------------------------
                                              0.360187   data required time
                                             -0.551817   data arrival time
---------------------------------------------------------------------------------------------
                                              0.191630   slack (MET)


Startpoint: _114_ (rising edge-triggered flip-flop clocked by clk)
Endpoint: _102_ (rising edge-triggered flip-flop clocked by clk)
Path Group: clk
Path Type: min

Fanout         Cap        Slew       Delay        Time   Description
---------------------------------------------------------------------------------------------
                                  0.000000    0.000000   clock clk (rise edge)
                                  0.000000    0.000000   clock source latency
     1    0.045267    0.039798    0.026557    0.026557 ^ clk (in)
                                                         clk (net)
                      0.041924    0.000000    0.026557 ^ clkbuf_0_clk/A (sg13g2_buf_16)
     4    0.084269    0.023237    0.055392    0.081949 ^ clkbuf_0_clk/X (sg13g2_buf_16)
                                                         clknet_0_clk (net)
                      0.025409    0.004857    0.086805 ^ clkbuf_2_2__f_clk/A (sg13g2_buf_16)
     6    0.039261    0.016431    0.045716    0.132522 ^ clkbuf_2_2__f_clk/X (sg13g2_buf_16)
                                                         clknet_2_2__leaf_clk (net)
                      0.016638    0.002398    0.134920 ^ _114_/CLK (sg13g2_dfrbpq_1)
     3    0.013282    0.033546    0.118855    0.253775 v _114_/Q (sg13g2_dfrbpq_1)
                                                         internal_data_reg[6] (net)
                      0.033563    0.000655    0.254429 v _074_/A1 (sg13g2_mux2_1)
     1    0.002844    0.019353    0.069803    0.324233 v _074_/X (sg13g2_mux2_1)
                                                         _024_ (net)
                      0.019353    0.000177    0.324410 v hold30/A (sg13g2_dlygate4sd3_1)
     1    0.001618    0.022960    0.233443    0.557852 v hold30/X (sg13g2_dlygate4sd3_1)
                                                         net30 (net)
                      0.022960    0.000061    0.557913 v _102_/D (sg13g2_dfrbpq_1)
                                              0.557913   data arrival time

                                  0.000000    0.000000   clock clk (rise edge)
                                  0.000000    0.000000   clock source latency
     1    0.048523    0.042046    0.031382    0.031382 ^ clk (in)
                                                         clk (net)
                      0.044485    0.000000    0.031382 ^ clkbuf_0_clk/A (sg13g2_buf_16)
     4    0.097293    0.025472    0.063365    0.094748 ^ clkbuf_0_clk/X (sg13g2_buf_16)
                                                         clknet_0_clk (net)
                      0.028051    0.006204    0.100952 ^ clkbuf_2_2__f_clk/A (sg13g2_buf_16)
     6    0.042519    0.017011    0.051940    0.152892 ^ clkbuf_2_2__f_clk/X (sg13g2_buf_16)
                                                         clknet_2_2__leaf_clk (net)
                      0.017259    0.002769    0.155660 ^ _102_/CLK (sg13g2_dfrbpq_1)
                                  0.250000    0.405660   clock uncertainty
                                 -0.020370    0.385290   clock reconvergence pessimism
                                 -0.023227    0.362063   library hold time
                                              0.362063   data required time
---------------------------------------------------------------------------------------------
                                              0.362063   data required time
                                             -0.557913   data arrival time
---------------------------------------------------------------------------------------------
                                              0.195850   slack (MET)


Startpoint: _107_ (rising edge-triggered flip-flop clocked by clk)
Endpoint: _107_ (rising edge-triggered flip-flop clocked by clk)
Path Group: clk
Path Type: min

Fanout         Cap        Slew       Delay        Time   Description
---------------------------------------------------------------------------------------------
                                  0.000000    0.000000   clock clk (rise edge)
                                  0.000000    0.000000   clock source latency
     1    0.045267    0.039798    0.026557    0.026557 ^ clk (in)
                                                         clk (net)
                      0.041924    0.000000    0.026557 ^ clkbuf_0_clk/A (sg13g2_buf_16)
     4    0.084269    0.023237    0.055392    0.081949 ^ clkbuf_0_clk/X (sg13g2_buf_16)
                                                         clknet_0_clk (net)
                      0.025630    0.005159    0.087108 ^ clkbuf_2_3__f_clk/A (sg13g2_buf_16)
     6    0.027025    0.014703    0.044444    0.131552 ^ clkbuf_2_3__f_clk/X (sg13g2_buf_16)
                                                         clknet_2_3__leaf_clk (net)
                      0.014866    0.002299    0.133851 ^ _107_/CLK (sg13g2_dfrbpq_1)
     2    0.012257    0.031463    0.116747    0.250597 v _107_/Q (sg13g2_dfrbpq_1)
                                                         net7 (net)
                      0.031472    0.000475    0.251072 v _069_/A0 (sg13g2_mux2_1)
     1    0.003074    0.019741    0.069787    0.320859 v _069_/X (sg13g2_mux2_1)
                                                         _029_ (net)
                      0.019741    0.000109    0.320968 v hold32/A (sg13g2_dlygate4sd3_1)
     1    0.002348    0.024396    0.235272    0.556240 v hold32/X (sg13g2_dlygate4sd3_1)
                                                         net32 (net)
                      0.024396    0.000083    0.556323 v _107_/D (sg13g2_dfrbpq_1)
                                              0.556323   data arrival time

                                  0.000000    0.000000   clock clk (rise edge)
                                  0.000000    0.000000   clock source latency
     1    0.048523    0.042046    0.031382    0.031382 ^ clk (in)
                                                         clk (net)
                      0.044485    0.000000    0.031382 ^ clkbuf_0_clk/A (sg13g2_buf_16)
     4    0.097293    0.025472    0.063365    0.094748 ^ clkbuf_0_clk/X (sg13g2_buf_16)
                                                         clknet_0_clk (net)
                      0.028330    0.006592    0.101339 ^ clkbuf_2_3__f_clk/A (sg13g2_buf_16)
     6    0.030283    0.015304    0.050553    0.151893 ^ clkbuf_2_3__f_clk/X (sg13g2_buf_16)
                                                         clknet_2_3__leaf_clk (net)
                      0.015522    0.002844    0.154736 ^ _107_/CLK (sg13g2_dfrbpq_1)
                                  0.250000    0.404736   clock uncertainty
                                 -0.020886    0.383851   clock reconvergence pessimism
                                 -0.023835    0.360016   library hold time
                                              0.360016   data required time
---------------------------------------------------------------------------------------------
                                              0.360016   data required time
                                             -0.556323   data arrival time
---------------------------------------------------------------------------------------------
                                              0.196308   slack (MET)


Startpoint: _114_ (rising edge-triggered flip-flop clocked by clk)
Endpoint: _114_ (rising edge-triggered flip-flop clocked by clk)
Path Group: clk
Path Type: min

Fanout         Cap        Slew       Delay        Time   Description
---------------------------------------------------------------------------------------------
                                  0.000000    0.000000   clock clk (rise edge)
                                  0.000000    0.000000   clock source latency
     1    0.045267    0.039798    0.026557    0.026557 ^ clk (in)
                                                         clk (net)
                      0.041924    0.000000    0.026557 ^ clkbuf_0_clk/A (sg13g2_buf_16)
     4    0.084269    0.023237    0.055392    0.081949 ^ clkbuf_0_clk/X (sg13g2_buf_16)
                                                         clknet_0_clk (net)
                      0.025409    0.004857    0.086805 ^ clkbuf_2_2__f_clk/A (sg13g2_buf_16)
     6    0.039261    0.016431    0.045716    0.132522 ^ clkbuf_2_2__f_clk/X (sg13g2_buf_16)
                                                         clknet_2_2__leaf_clk (net)
                      0.016638    0.002398    0.134920 ^ _114_/CLK (sg13g2_dfrbpq_1)
     3    0.013282    0.033546    0.118855    0.253775 v _114_/Q (sg13g2_dfrbpq_1)
                                                         internal_data_reg[6] (net)
                      0.033567    0.000732    0.254506 v _062_/A0 (sg13g2_mux2_1)
     1    0.002842    0.019368    0.069973    0.324479 v _062_/X (sg13g2_mux2_1)
                                                         _036_ (net)
                      0.019368    0.000160    0.324640 v hold43/A (sg13g2_dlygate4sd3_1)
     1    0.001941    0.023611    0.234179    0.558818 v hold43/X (sg13g2_dlygate4sd3_1)
                                                         net43 (net)
                      0.023611    0.000071    0.558889 v _114_/D (sg13g2_dfrbpq_1)
                                              0.558889   data arrival time

                                  0.000000    0.000000   clock clk (rise edge)
                                  0.000000    0.000000   clock source latency
     1    0.048523    0.042046    0.031382    0.031382 ^ clk (in)
                                                         clk (net)
                      0.044485    0.000000    0.031382 ^ clkbuf_0_clk/A (sg13g2_buf_16)
     4    0.097293    0.025472    0.063365    0.094748 ^ clkbuf_0_clk/X (sg13g2_buf_16)
                                                         clknet_0_clk (net)
                      0.028051    0.006204    0.100952 ^ clkbuf_2_2__f_clk/A (sg13g2_buf_16)
     6    0.042519    0.017011    0.051940    0.152892 ^ clkbuf_2_2__f_clk/X (sg13g2_buf_16)
                                                         clknet_2_2__leaf_clk (net)
                      0.017286    0.002863    0.155755 ^ _114_/CLK (sg13g2_dfrbpq_1)
                                  0.250000    0.405755   clock uncertainty
                                 -0.020835    0.384920   clock reconvergence pessimism
                                 -0.023373    0.361547   library hold time
                                              0.361547   data required time
---------------------------------------------------------------------------------------------
                                              0.361547   data required time
                                             -0.558889   data arrival time
---------------------------------------------------------------------------------------------
                                              0.197343   slack (MET)


Startpoint: _109_ (rising edge-triggered flip-flop clocked by clk)
Endpoint: _110_ (rising edge-triggered flip-flop clocked by clk)
Path Group: clk
Path Type: min

Fanout         Cap        Slew       Delay        Time   Description
---------------------------------------------------------------------------------------------
                                  0.000000    0.000000   clock clk (rise edge)
                                  0.000000    0.000000   clock source latency
     1    0.045267    0.039798    0.026557    0.026557 ^ clk (in)
                                                         clk (net)
                      0.041924    0.000000    0.026557 ^ clkbuf_0_clk/A (sg13g2_buf_16)
     4    0.084269    0.023237    0.055392    0.081949 ^ clkbuf_0_clk/X (sg13g2_buf_16)
                                                         clknet_0_clk (net)
                      0.026733    0.006510    0.088459 ^ clkbuf_2_0__f_clk/A (sg13g2_buf_16)
     6    0.037798    0.016285    0.046008    0.134467 ^ clkbuf_2_0__f_clk/X (sg13g2_buf_16)
                                                         clknet_2_0__leaf_clk (net)
                      0.016385    0.001914    0.136381 ^ _109_/CLK (sg13g2_dfrbpq_1)
     1    0.002599    0.012953    0.102390    0.238771 v _109_/Q (sg13g2_dfrbpq_1)
                                                         internal_data_reg[1] (net)
                      0.012953    0.000161    0.238933 v hold50/A (sg13g2_dlygate4sd3_1)
     3    0.011567    0.043457    0.252660    0.491592 v hold50/X (sg13g2_dlygate4sd3_1)
                                                         net50 (net)
                      0.043516    0.000591    0.492183 v _066_/A1 (sg13g2_mux2_1)
     1    0.001766    0.017433    0.070779    0.562963 v _066_/X (sg13g2_mux2_1)
                                                         _032_ (net)
                      0.017433    0.000065    0.563027 v _110_/D (sg13g2_dfrbpq_1)
                                              0.563027   data arrival time

                                  0.000000    0.000000   clock clk (rise edge)
                                  0.000000    0.000000   clock source latency
     1    0.048523    0.042046    0.031382    0.031382 ^ clk (in)
                                                         clk (net)
                      0.044485    0.000000    0.031382 ^ clkbuf_0_clk/A (sg13g2_buf_16)
     4    0.097293    0.025472    0.063365    0.094748 ^ clkbuf_0_clk/X (sg13g2_buf_16)
                                                         clknet_0_clk (net)
                      0.029718    0.008317    0.103065 ^ clkbuf_2_0__f_clk/A (sg13g2_buf_16)
     6    0.041055    0.016882    0.052390    0.155455 ^ clkbuf_2_0__f_clk/X (sg13g2_buf_16)
                                                         clknet_2_0__leaf_clk (net)
                      0.017002    0.002212    0.157666 ^ _110_/CLK (sg13g2_dfrbpq_1)
                                  0.250000    0.407666   clock uncertainty
                                 -0.020987    0.386679   clock reconvergence pessimism
                                 -0.021991    0.364688   library hold time
                                              0.364688   data required time
---------------------------------------------------------------------------------------------
                                              0.364688   data required time
                                             -0.563027   data arrival time
---------------------------------------------------------------------------------------------
                                              0.198340   slack (MET)


Startpoint: _109_ (rising edge-triggered flip-flop clocked by clk)
Endpoint: _109_ (rising edge-triggered flip-flop clocked by clk)
Path Group: clk
Path Type: min

Fanout         Cap        Slew       Delay        Time   Description
---------------------------------------------------------------------------------------------
                                  0.000000    0.000000   clock clk (rise edge)
                                  0.000000    0.000000   clock source latency
     1    0.045267    0.039798    0.026557    0.026557 ^ clk (in)
                                                         clk (net)
                      0.041924    0.000000    0.026557 ^ clkbuf_0_clk/A (sg13g2_buf_16)
     4    0.084269    0.023237    0.055392    0.081949 ^ clkbuf_0_clk/X (sg13g2_buf_16)
                                                         clknet_0_clk (net)
                      0.026733    0.006510    0.088459 ^ clkbuf_2_0__f_clk/A (sg13g2_buf_16)
     6    0.037798    0.016285    0.046008    0.134467 ^ clkbuf_2_0__f_clk/X (sg13g2_buf_16)
                                                         clknet_2_0__leaf_clk (net)
                      0.016385    0.001914    0.136381 ^ _109_/CLK (sg13g2_dfrbpq_1)
     1    0.002599    0.012953    0.102390    0.238771 v _109_/Q (sg13g2_dfrbpq_1)
                                                         internal_data_reg[1] (net)
                      0.012953    0.000161    0.238933 v hold50/A (sg13g2_dlygate4sd3_1)
     3    0.011567    0.043457    0.252660    0.491592 v hold50/X (sg13g2_dlygate4sd3_1)
                                                         net50 (net)
                      0.043515    0.000573    0.492165 v _067_/A0 (sg13g2_mux2_1)
     1    0.001720    0.017347    0.070838    0.563003 v _067_/X (sg13g2_mux2_1)
                                                         _031_ (net)
                      0.017348    0.000063    0.563066 v _109_/D (sg13g2_dfrbpq_1)
                                              0.563066   data arrival time

                                  0.000000    0.000000   clock clk (rise edge)
                                  0.000000    0.000000   clock source latency
     1    0.048523    0.042046    0.031382    0.031382 ^ clk (in)
                                                         clk (net)
                      0.044485    0.000000    0.031382 ^ clkbuf_0_clk/A (sg13g2_buf_16)
     4    0.097293    0.025472    0.063365    0.094748 ^ clkbuf_0_clk/X (sg13g2_buf_16)
                                                         clknet_0_clk (net)
                      0.029718    0.008317    0.103065 ^ clkbuf_2_0__f_clk/A (sg13g2_buf_16)
     6    0.041055    0.016882    0.052390    0.155455 ^ clkbuf_2_0__f_clk/X (sg13g2_buf_16)
                                                         clknet_2_0__leaf_clk (net)
                      0.017021    0.002313    0.157767 ^ _109_/CLK (sg13g2_dfrbpq_1)
                                  0.250000    0.407767   clock uncertainty
                                 -0.021386    0.386381   clock reconvergence pessimism
                                 -0.021968    0.364413   library hold time
                                              0.364413   data required time
---------------------------------------------------------------------------------------------
                                              0.364413   data required time
                                             -0.563066   data arrival time
---------------------------------------------------------------------------------------------
                                              0.198654   slack (MET)


Startpoint: _098_ (rising edge-triggered flip-flop clocked by clk)
Endpoint: _098_ (rising edge-triggered flip-flop clocked by clk)
Path Group: clk
Path Type: min

Fanout         Cap        Slew       Delay        Time   Description
---------------------------------------------------------------------------------------------
                                  0.000000    0.000000   clock clk (rise edge)
                                  0.000000    0.000000   clock source latency
     1    0.045267    0.039798    0.026557    0.026557 ^ clk (in)
                                                         clk (net)
                      0.041924    0.000000    0.026557 ^ clkbuf_0_clk/A (sg13g2_buf_16)
     4    0.084269    0.023237    0.055392    0.081949 ^ clkbuf_0_clk/X (sg13g2_buf_16)
                                                         clknet_0_clk (net)
                      0.026115    0.005782    0.087731 ^ clkbuf_2_1__f_clk/A (sg13g2_buf_16)
     6    0.032252    0.015474    0.045359    0.133090 ^ clkbuf_2_1__f_clk/X (sg13g2_buf_16)
                                                         clknet_2_1__leaf_clk (net)
                      0.015508    0.001219    0.134309 ^ _098_/CLK (sg13g2_dfrbpq_1)
     2    0.015589    0.038244    0.121871    0.256180 v _098_/Q (sg13g2_dfrbpq_1)
                                                         net9 (net)
                      0.038264    0.000777    0.256957 v _053_/A0 (sg13g2_mux2_1)
     1    0.002076    0.017967    0.069891    0.326848 v _053_/X (sg13g2_mux2_1)
                                                         _044_ (net)
                      0.017967    0.000074    0.326922 v hold47/A (sg13g2_dlygate4sd3_1)
     1    0.001618    0.022960    0.232797    0.559719 v hold47/X (sg13g2_dlygate4sd3_1)
                                                         net47 (net)
                      0.022960    0.000061    0.559780 v _098_/D (sg13g2_dfrbpq_1)
                                              0.559780   data arrival time

                                  0.000000    0.000000   clock clk (rise edge)
                                  0.000000    0.000000   clock source latency
     1    0.048523    0.042046    0.031382    0.031382 ^ clk (in)
                                                         clk (net)
                      0.044485    0.000000    0.031382 ^ clkbuf_0_clk/A (sg13g2_buf_16)
     4    0.097293    0.025472    0.063365    0.094748 ^ clkbuf_0_clk/X (sg13g2_buf_16)
                                                         clknet_0_clk (net)
                      0.028938    0.007383    0.102130 ^ clkbuf_2_1__f_clk/A (sg13g2_buf_16)
     6    0.035509    0.016081    0.051644    0.153774 ^ clkbuf_2_1__f_clk/X (sg13g2_buf_16)
                                                         clknet_2_1__leaf_clk (net)
                      0.016124    0.001498    0.155272 ^ _098_/CLK (sg13g2_dfrbpq_1)
                                  0.250000    0.405272   clock uncertainty
                                 -0.020963    0.384309   clock reconvergence pessimism
                                 -0.023408    0.360901   library hold time
                                              0.360901   data required time
---------------------------------------------------------------------------------------------
                                              0.360901   data required time
                                             -0.559780   data arrival time
---------------------------------------------------------------------------------------------
                                              0.198879   slack (MET)


Startpoint: _121_ (rising edge-triggered flip-flop clocked by clk)
Endpoint: _121_ (rising edge-triggered flip-flop clocked by clk)
Path Group: clk
Path Type: min

Fanout         Cap        Slew       Delay        Time   Description
---------------------------------------------------------------------------------------------
                                  0.000000    0.000000   clock clk (rise edge)
                                  0.000000    0.000000   clock source latency
     1    0.045267    0.039798    0.026557    0.026557 ^ clk (in)
                                                         clk (net)
                      0.041924    0.000000    0.026557 ^ clkbuf_0_clk/A (sg13g2_buf_16)
     4    0.084269    0.023237    0.055392    0.081949 ^ clkbuf_0_clk/X (sg13g2_buf_16)
                                                         clknet_0_clk (net)
                      0.026115    0.005782    0.087731 ^ clkbuf_2_1__f_clk/A (sg13g2_buf_16)
     6    0.032252    0.015474    0.045359    0.133090 ^ clkbuf_2_1__f_clk/X (sg13g2_buf_16)
                                                         clknet_2_1__leaf_clk (net)
                      0.015519    0.001371    0.134460 ^ _121_/CLK (sg13g2_dfrbpq_1)
     2    0.016372    0.039836    0.123093    0.257554 v _121_/Q (sg13g2_dfrbpq_1)
                                                         net8 (net)
                      0.039854    0.000750    0.258304 v _054_/A0 (sg13g2_mux2_1)
     1    0.001721    0.017331    0.069658    0.327962 v _054_/X (sg13g2_mux2_1)
                                                         _043_ (net)
                      0.017331    0.000064    0.328026 v hold51/A (sg13g2_dlygate4sd3_1)
     1    0.002174    0.024058    0.233750    0.561776 v hold51/X (sg13g2_dlygate4sd3_1)
                                                         net51 (net)
                      0.024059    0.000147    0.561923 v _121_/D (sg13g2_dfrbpq_1)
                                              0.561923   data arrival time

                                  0.000000    0.000000   clock clk (rise edge)
                                  0.000000    0.000000   clock source latency
     1    0.048523    0.042046    0.031382    0.031382 ^ clk (in)
                                                         clk (net)
                      0.044485    0.000000    0.031382 ^ clkbuf_0_clk/A (sg13g2_buf_16)
     4    0.097293    0.025472    0.063365    0.094748 ^ clkbuf_0_clk/X (sg13g2_buf_16)
                                                         clknet_0_clk (net)
                      0.028938    0.007383    0.102130 ^ clkbuf_2_1__f_clk/A (sg13g2_buf_16)
     6    0.035509    0.016081    0.051644    0.153774 ^ clkbuf_2_1__f_clk/X (sg13g2_buf_16)
                                                         clknet_2_1__leaf_clk (net)
                      0.016136    0.001671    0.155445 ^ _121_/CLK (sg13g2_dfrbpq_1)
                                  0.250000    0.405445   clock uncertainty
                                 -0.020985    0.384460   clock reconvergence pessimism
                                 -0.023660    0.360801   library hold time
                                              0.360801   data required time
---------------------------------------------------------------------------------------------
                                              0.360801   data required time
                                             -0.561923   data arrival time
---------------------------------------------------------------------------------------------
                                              0.201122   slack (MET)


Startpoint: _114_ (rising edge-triggered flip-flop clocked by clk)
Endpoint: _115_ (rising edge-triggered flip-flop clocked by clk)
Path Group: clk
Path Type: min

Fanout         Cap        Slew       Delay        Time   Description
---------------------------------------------------------------------------------------------
                                  0.000000    0.000000   clock clk (rise edge)
                                  0.000000    0.000000   clock source latency
     1    0.045267    0.039798    0.026557    0.026557 ^ clk (in)
                                                         clk (net)
                      0.041924    0.000000    0.026557 ^ clkbuf_0_clk/A (sg13g2_buf_16)
     4    0.084269    0.023237    0.055392    0.081949 ^ clkbuf_0_clk/X (sg13g2_buf_16)
                                                         clknet_0_clk (net)
                      0.025409    0.004857    0.086805 ^ clkbuf_2_2__f_clk/A (sg13g2_buf_16)
     6    0.039261    0.016431    0.045716    0.132522 ^ clkbuf_2_2__f_clk/X (sg13g2_buf_16)
                                                         clknet_2_2__leaf_clk (net)
                      0.016638    0.002398    0.134920 ^ _114_/CLK (sg13g2_dfrbpq_1)
     3    0.013282    0.033546    0.118855    0.253775 v _114_/Q (sg13g2_dfrbpq_1)
                                                         internal_data_reg[6] (net)
                      0.033561    0.000631    0.254405 v hold56/A (sg13g2_dlygate4sd3_1)
     1    0.004060    0.027681    0.245540    0.499945 v hold56/X (sg13g2_dlygate4sd3_1)
                                                         net56 (net)
                      0.027681    0.000262    0.500207 v _061_/A1 (sg13g2_mux2_1)
     1    0.001724    0.017314    0.065554    0.565761 v _061_/X (sg13g2_mux2_1)
                                                         _037_ (net)
                      0.017314    0.000063    0.565825 v _115_/D (sg13g2_dfrbpq_1)
                                              0.565825   data arrival time

                                  0.000000    0.000000   clock clk (rise edge)
                                  0.000000    0.000000   clock source latency
     1    0.048523    0.042046    0.031382    0.031382 ^ clk (in)
                                                         clk (net)
                      0.044485    0.000000    0.031382 ^ clkbuf_0_clk/A (sg13g2_buf_16)
     4    0.097293    0.025472    0.063365    0.094748 ^ clkbuf_0_clk/X (sg13g2_buf_16)
                                                         clknet_0_clk (net)
                      0.028051    0.006204    0.100952 ^ clkbuf_2_2__f_clk/A (sg13g2_buf_16)
     6    0.042519    0.017011    0.051940    0.152892 ^ clkbuf_2_2__f_clk/X (sg13g2_buf_16)
                                                         clknet_2_2__leaf_clk (net)
                      0.017220    0.002622    0.155514 ^ _115_/CLK (sg13g2_dfrbpq_1)
                                  0.250000    0.405514   clock uncertainty
                                 -0.020370    0.385144   clock reconvergence pessimism
                                 -0.021929    0.363215   library hold time
                                              0.363215   data required time
---------------------------------------------------------------------------------------------
                                              0.363215   data required time
                                             -0.565825   data arrival time
---------------------------------------------------------------------------------------------
                                              0.202610   slack (MET)


Startpoint: _110_ (rising edge-triggered flip-flop clocked by clk)
Endpoint: _111_ (rising edge-triggered flip-flop clocked by clk)
Path Group: clk
Path Type: min

Fanout         Cap        Slew       Delay        Time   Description
---------------------------------------------------------------------------------------------
                                  0.000000    0.000000   clock clk (rise edge)
                                  0.000000    0.000000   clock source latency
     1    0.045267    0.039798    0.026557    0.026557 ^ clk (in)
                                                         clk (net)
                      0.041924    0.000000    0.026557 ^ clkbuf_0_clk/A (sg13g2_buf_16)
     4    0.084269    0.023237    0.055392    0.081949 ^ clkbuf_0_clk/X (sg13g2_buf_16)
                                                         clknet_0_clk (net)
                      0.026733    0.006510    0.088459 ^ clkbuf_2_0__f_clk/A (sg13g2_buf_16)
     6    0.037798    0.016285    0.046008    0.134467 ^ clkbuf_2_0__f_clk/X (sg13g2_buf_16)
                                                         clknet_2_0__leaf_clk (net)
                      0.016372    0.001830    0.136297 ^ _110_/CLK (sg13g2_dfrbpq_1)
     1    0.003458    0.014398    0.103712    0.240009 v _110_/Q (sg13g2_dfrbpq_1)
                                                         internal_data_reg[2] (net)
                      0.014494    0.000208    0.240217 v hold46/A (sg13g2_dlygate4sd3_1)
     3    0.012192    0.044979    0.254760    0.494977 v hold46/X (sg13g2_dlygate4sd3_1)
                                                         net46 (net)
                      0.044991    0.000662    0.495639 v _065_/A1 (sg13g2_mux2_1)
     1    0.002350    0.018484    0.072493    0.568132 v _065_/X (sg13g2_mux2_1)
                                                         _033_ (net)
                      0.018484    0.000083    0.568215 v _111_/D (sg13g2_dfrbpq_1)
                                              0.568215   data arrival time

                                  0.000000    0.000000   clock clk (rise edge)
                                  0.000000    0.000000   clock source latency
     1    0.048523    0.042046    0.031382    0.031382 ^ clk (in)
                                                         clk (net)
                      0.044485    0.000000    0.031382 ^ clkbuf_0_clk/A (sg13g2_buf_16)
     4    0.097293    0.025472    0.063365    0.094748 ^ clkbuf_0_clk/X (sg13g2_buf_16)
                                                         clknet_0_clk (net)
                      0.029718    0.008317    0.103065 ^ clkbuf_2_0__f_clk/A (sg13g2_buf_16)
     6    0.041055    0.016882    0.052390    0.155455 ^ clkbuf_2_0__f_clk/X (sg13g2_buf_16)
                                                         clknet_2_0__leaf_clk (net)
                      0.016975    0.002055    0.157510 ^ _111_/CLK (sg13g2_dfrbpq_1)
                                  0.250000    0.407510   clock uncertainty
                                 -0.020987    0.386522   clock reconvergence pessimism
                                 -0.022238    0.364284   library hold time
                                              0.364284   data required time
---------------------------------------------------------------------------------------------
                                              0.364284   data required time
                                             -0.568215   data arrival time
---------------------------------------------------------------------------------------------
                                              0.203931   slack (MET)


Startpoint: _111_ (rising edge-triggered flip-flop clocked by clk)
Endpoint: _112_ (rising edge-triggered flip-flop clocked by clk)
Path Group: clk
Path Type: min

Fanout         Cap        Slew       Delay        Time   Description
---------------------------------------------------------------------------------------------
                                  0.000000    0.000000   clock clk (rise edge)
                                  0.000000    0.000000   clock source latency
     1    0.045267    0.039798    0.026557    0.026557 ^ clk (in)
                                                         clk (net)
                      0.041924    0.000000    0.026557 ^ clkbuf_0_clk/A (sg13g2_buf_16)
     4    0.084269    0.023237    0.055392    0.081949 ^ clkbuf_0_clk/X (sg13g2_buf_16)
                                                         clknet_0_clk (net)
                      0.026733    0.006510    0.088459 ^ clkbuf_2_0__f_clk/A (sg13g2_buf_16)
     6    0.037798    0.016285    0.046008    0.134467 ^ clkbuf_2_0__f_clk/X (sg13g2_buf_16)
                                                         clknet_2_0__leaf_clk (net)
                      0.016356    0.001702    0.136169 ^ _111_/CLK (sg13g2_dfrbpq_1)
     1    0.002530    0.012829    0.102273    0.238442 v _111_/Q (sg13g2_dfrbpq_1)
                                                         internal_data_reg[3] (net)
                      0.012830    0.000158    0.238600 v hold48/A (sg13g2_dlygate4sd3_1)
     3    0.013224    0.047444    0.256269    0.494870 v hold48/X (sg13g2_dlygate4sd3_1)
                                                         net48 (net)
                      0.047457    0.000705    0.495575 v _064_/A1 (sg13g2_mux2_1)
     1    0.002389    0.018554    0.073367    0.568942 v _064_/X (sg13g2_mux2_1)
                                                         _034_ (net)
                      0.018554    0.000147    0.569088 v _112_/D (sg13g2_dfrbpq_1)
                                              0.569088   data arrival time

                                  0.000000    0.000000   clock clk (rise edge)
                                  0.000000    0.000000   clock source latency
     1    0.048523    0.042046    0.031382    0.031382 ^ clk (in)
                                                         clk (net)
                      0.044485    0.000000    0.031382 ^ clkbuf_0_clk/A (sg13g2_buf_16)
     4    0.097293    0.025472    0.063365    0.094748 ^ clkbuf_0_clk/X (sg13g2_buf_16)
                                                         clknet_0_clk (net)
                      0.029718    0.008317    0.103065 ^ clkbuf_2_0__f_clk/A (sg13g2_buf_16)
     6    0.041055    0.016882    0.052390    0.155455 ^ clkbuf_2_0__f_clk/X (sg13g2_buf_16)
                                                         clknet_2_0__leaf_clk (net)
                      0.016997    0.002189    0.157644 ^ _112_/CLK (sg13g2_dfrbpq_1)
                                  0.250000    0.407644   clock uncertainty
                                 -0.020987    0.386656   clock reconvergence pessimism
                                 -0.022251    0.364405   library hold time
                                              0.364405   data required time
---------------------------------------------------------------------------------------------
                                              0.364405   data required time
                                             -0.569088   data arrival time
---------------------------------------------------------------------------------------------
                                              0.204683   slack (MET)


Startpoint: _116_ (rising edge-triggered flip-flop clocked by clk)
Endpoint: _116_ (rising edge-triggered flip-flop clocked by clk)
Path Group: clk
Path Type: min

Fanout         Cap        Slew       Delay        Time   Description
---------------------------------------------------------------------------------------------
                                  0.000000    0.000000   clock clk (rise edge)
                                  0.000000    0.000000   clock source latency
     1    0.045267    0.039798    0.026557    0.026557 ^ clk (in)
                                                         clk (net)
                      0.041924    0.000000    0.026557 ^ clkbuf_0_clk/A (sg13g2_buf_16)
     4    0.084269    0.023237    0.055392    0.081949 ^ clkbuf_0_clk/X (sg13g2_buf_16)
                                                         clknet_0_clk (net)
                      0.025409    0.004857    0.086805 ^ clkbuf_2_2__f_clk/A (sg13g2_buf_16)
     6    0.039261    0.016431    0.045716    0.132522 ^ clkbuf_2_2__f_clk/X (sg13g2_buf_16)
                                                         clknet_2_2__leaf_clk (net)
                      0.016446    0.000851    0.133373 ^ _116_/CLK (sg13g2_dfrbpq_1)
     2    0.006734    0.020526    0.108758    0.242130 v _116_/Q (sg13g2_dfrbpq_1)
                                                         internal_data_reg[8] (net)
                      0.020548    0.000383    0.242513 v hold44/A (sg13g2_dlygate4sd3_1)
     2    0.011308    0.042862    0.255599    0.498112 v hold44/X (sg13g2_dlygate4sd3_1)
                                                         net44 (net)
                      0.042922    0.000669    0.498781 v _060_/A0 (sg13g2_mux2_1)
     1    0.001719    0.017305    0.070645    0.569426 v _060_/X (sg13g2_mux2_1)
                                                         _038_ (net)
                      0.017305    0.000063    0.569489 v _116_/D (sg13g2_dfrbpq_1)
                                              0.569489   data arrival time

                                  0.000000    0.000000   clock clk (rise edge)
                                  0.000000    0.000000   clock source latency
     1    0.048523    0.042046    0.031382    0.031382 ^ clk (in)
                                                         clk (net)
                      0.044485    0.000000    0.031382 ^ clkbuf_0_clk/A (sg13g2_buf_16)
     4    0.097293    0.025472    0.063365    0.094748 ^ clkbuf_0_clk/X (sg13g2_buf_16)
                                                         clknet_0_clk (net)
                      0.028051    0.006204    0.100952 ^ clkbuf_2_2__f_clk/A (sg13g2_buf_16)
     6    0.042519    0.017011    0.051940    0.152892 ^ clkbuf_2_2__f_clk/X (sg13g2_buf_16)
                                                         clknet_2_2__leaf_clk (net)
                      0.017028    0.001025    0.153916 ^ _116_/CLK (sg13g2_dfrbpq_1)
                                  0.250000    0.403916   clock uncertainty
                                 -0.020543    0.383373   clock reconvergence pessimism
                                 -0.021958    0.361415   library hold time
                                              0.361415   data required time
---------------------------------------------------------------------------------------------
                                              0.361415   data required time
                                             -0.569489   data arrival time
---------------------------------------------------------------------------------------------
                                              0.208074   slack (MET)


Startpoint: _120_ (rising edge-triggered flip-flop clocked by clk)
Endpoint: _120_ (rising edge-triggered flip-flop clocked by clk)
Path Group: clk
Path Type: min

Fanout         Cap        Slew       Delay        Time   Description
---------------------------------------------------------------------------------------------
                                  0.000000    0.000000   clock clk (rise edge)
                                  0.000000    0.000000   clock source latency
     1    0.045267    0.039798    0.026557    0.026557 ^ clk (in)
                                                         clk (net)
                      0.041924    0.000000    0.026557 ^ clkbuf_0_clk/A (sg13g2_buf_16)
     4    0.084269    0.023237    0.055392    0.081949 ^ clkbuf_0_clk/X (sg13g2_buf_16)
                                                         clknet_0_clk (net)
                      0.026733    0.006510    0.088459 ^ clkbuf_2_0__f_clk/A (sg13g2_buf_16)
     6    0.037798    0.016285    0.046008    0.134467 ^ clkbuf_2_0__f_clk/X (sg13g2_buf_16)
                                                         clknet_2_0__leaf_clk (net)
                      0.016399    0.001997    0.136464 ^ _120_/CLK (sg13g2_dfrbpq_1)
     2    0.015856    0.038786    0.122589    0.259054 v _120_/Q (sg13g2_dfrbpq_1)
                                                         net5 (net)
                      0.038800    0.000680    0.259734 v hold57/A (sg13g2_dlygate4sd3_1)
     1    0.003985    0.027539    0.247809    0.507543 v hold57/X (sg13g2_dlygate4sd3_1)
                                                         net57 (net)
                      0.027539    0.000263    0.507806 v _055_/A0 (sg13g2_mux2_1)
     1    0.002438    0.018625    0.067173    0.574978 v _055_/X (sg13g2_mux2_1)
                                                         _042_ (net)
                      0.018625    0.000155    0.575133 v _120_/D (sg13g2_dfrbpq_1)
                                              0.575133   data arrival time

                                  0.000000    0.000000   clock clk (rise edge)
                                  0.000000    0.000000   clock source latency
     1    0.048523    0.042046    0.031382    0.031382 ^ clk (in)
                                                         clk (net)
                      0.044485    0.000000    0.031382 ^ clkbuf_0_clk/A (sg13g2_buf_16)
     4    0.097293    0.025472    0.063365    0.094748 ^ clkbuf_0_clk/X (sg13g2_buf_16)
                                                         clknet_0_clk (net)
                      0.029718    0.008317    0.103065 ^ clkbuf_2_0__f_clk/A (sg13g2_buf_16)
     6    0.041055    0.016882    0.052390    0.155455 ^ clkbuf_2_0__f_clk/X (sg13g2_buf_16)
                                                         clknet_2_0__leaf_clk (net)
                      0.017041    0.002407    0.157862 ^ _120_/CLK (sg13g2_dfrbpq_1)
                                  0.250000    0.407862   clock uncertainty
                                 -0.021398    0.386464   clock reconvergence pessimism
                                 -0.022260    0.364204   library hold time
                                              0.364204   data required time
---------------------------------------------------------------------------------------------
                                              0.364204   data required time
                                             -0.575133   data arrival time
---------------------------------------------------------------------------------------------
                                              0.210929   slack (MET)


Startpoint: _108_ (rising edge-triggered flip-flop clocked by clk)
Endpoint: _108_ (rising edge-triggered flip-flop clocked by clk)
Path Group: clk
Path Type: min

Fanout         Cap        Slew       Delay        Time   Description
---------------------------------------------------------------------------------------------
                                  0.000000    0.000000   clock clk (rise edge)
                                  0.000000    0.000000   clock source latency
     1    0.045267    0.039798    0.026557    0.026557 ^ clk (in)
                                                         clk (net)
                      0.041924    0.000000    0.026557 ^ clkbuf_0_clk/A (sg13g2_buf_16)
     4    0.084269    0.023237    0.055392    0.081949 ^ clkbuf_0_clk/X (sg13g2_buf_16)
                                                         clknet_0_clk (net)
                      0.026733    0.006510    0.088459 ^ clkbuf_2_0__f_clk/A (sg13g2_buf_16)
     6    0.037798    0.016285    0.046008    0.134467 ^ clkbuf_2_0__f_clk/X (sg13g2_buf_16)
                                                         clknet_2_0__leaf_clk (net)
                      0.016445    0.002211    0.136678 ^ _108_/CLK (sg13g2_dfrbpq_1)
     1    0.011650    0.030409    0.116114    0.252792 v _108_/Q (sg13g2_dfrbpq_1)
                                                         internal_data_reg[0] (net)
                      0.030446    0.000903    0.253695 v hold54/A (sg13g2_dlygate4sd3_1)
     3    0.020886    0.066336    0.281352    0.535047 v hold54/X (sg13g2_dlygate4sd3_1)
                                                         net54 (net)
                      0.066355    0.001003    0.536050 v _068_/A0 (sg13g2_mux2_1)
     1    0.001737    0.017379    0.078251    0.614301 v _068_/X (sg13g2_mux2_1)
                                                         _030_ (net)
                      0.017379    0.000064    0.614365 v _108_/D (sg13g2_dfrbpq_1)
                                              0.614365   data arrival time

                                  0.000000    0.000000   clock clk (rise edge)
                                  0.000000    0.000000   clock source latency
     1    0.048523    0.042046    0.031382    0.031382 ^ clk (in)
                                                         clk (net)
                      0.044485    0.000000    0.031382 ^ clkbuf_0_clk/A (sg13g2_buf_16)
     4    0.097293    0.025472    0.063365    0.094748 ^ clkbuf_0_clk/X (sg13g2_buf_16)
                                                         clknet_0_clk (net)
                      0.029718    0.008317    0.103065 ^ clkbuf_2_0__f_clk/A (sg13g2_buf_16)
     6    0.041055    0.016882    0.052390    0.155455 ^ clkbuf_2_0__f_clk/X (sg13g2_buf_16)
                                                         clknet_2_0__leaf_clk (net)
                      0.017099    0.002646    0.158100 ^ _108_/CLK (sg13g2_dfrbpq_1)
                                  0.250000    0.408100   clock uncertainty
                                 -0.021423    0.386678   clock reconvergence pessimism
                                 -0.021963    0.364714   library hold time
                                              0.364714   data required time
---------------------------------------------------------------------------------------------
                                              0.364714   data required time
                                             -0.614365   data arrival time
---------------------------------------------------------------------------------------------
                                              0.249651   slack (MET)


Startpoint: reset (input port clocked by clk)
Endpoint: _119_ (removal check against rising-edge clock clk)
Path Group: asynchronous
Path Type: min

Fanout         Cap        Slew       Delay        Time   Description
---------------------------------------------------------------------------------------------
                                  0.000000    0.000000   clock clk (rise edge)
                                  0.000000    0.000000   clock network delay (propagated)
                                  4.000000    4.000000 v input external delay
     1    0.003722    0.011467    0.001713    4.001713 v reset (in)
                                                         reset (net)
                      0.011468    0.000000    4.001713 v input3/A (sg13g2_buf_1)
     1    0.016296    0.040022    0.056256    4.057970 v input3/X (sg13g2_buf_1)
                                                         net3 (net)
                      0.040134    0.001653    4.059623 v fanout22/A (sg13g2_buf_1)
     4    0.037300    0.082922    0.095410    4.155033 v fanout22/X (sg13g2_buf_1)
                                                         net22 (net)
                      0.082972    0.001620    4.156652 v _091_/A (sg13g2_inv_1)
     1    0.005087    0.030313    0.034457    4.191109 ^ _091_/Y (sg13g2_inv_1)
                                                         _017_ (net)
                      0.030313    0.000195    4.191304 ^ _119_/RESET_B (sg13g2_dfrbpq_1)
                                              4.191304   data arrival time

                                  0.000000    0.000000   clock clk (rise edge)
                                  0.000000    0.000000   clock source latency
     1    0.048523    0.042046    0.031382    0.031382 ^ clk (in)
                                                         clk (net)
                      0.044485    0.000000    0.031382 ^ clkbuf_0_clk/A (sg13g2_buf_16)
     4    0.097293    0.025472    0.063365    0.094748 ^ clkbuf_0_clk/X (sg13g2_buf_16)
                                                         clknet_0_clk (net)
                      0.028330    0.006592    0.101339 ^ clkbuf_2_3__f_clk/A (sg13g2_buf_16)
     6    0.030283    0.015304    0.050553    0.151893 ^ clkbuf_2_3__f_clk/X (sg13g2_buf_16)
                                                         clknet_2_3__leaf_clk (net)
                      0.015449    0.002470    0.154363 ^ _119_/CLK (sg13g2_dfrbpq_1)
                                  0.250000    0.404363   clock uncertainty
                                  0.000000    0.404363   clock reconvergence pessimism
                                 -0.068981    0.335382   library removal time
                                              0.335382   data required time
---------------------------------------------------------------------------------------------
                                              0.335382   data required time
                                             -4.191304   data arrival time
---------------------------------------------------------------------------------------------
                                              3.855922   slack (MET)


Startpoint: reset (input port clocked by clk)
Endpoint: _118_ (removal check against rising-edge clock clk)
Path Group: asynchronous
Path Type: min

Fanout         Cap        Slew       Delay        Time   Description
---------------------------------------------------------------------------------------------
                                  0.000000    0.000000   clock clk (rise edge)
                                  0.000000    0.000000   clock network delay (propagated)
                                  4.000000    4.000000 v input external delay
     1    0.003722    0.011467    0.001713    4.001713 v reset (in)
                                                         reset (net)
                      0.011468    0.000000    4.001713 v input3/A (sg13g2_buf_1)
     1    0.016296    0.040022    0.056256    4.057970 v input3/X (sg13g2_buf_1)
                                                         net3 (net)
                      0.040134    0.001653    4.059623 v fanout22/A (sg13g2_buf_1)
     4    0.037300    0.082922    0.095410    4.155033 v fanout22/X (sg13g2_buf_1)
                                                         net22 (net)
                      0.082968    0.001559    4.156591 v _090_/A (sg13g2_inv_1)
     1    0.005183    0.030528    0.034706    4.191297 ^ _090_/Y (sg13g2_inv_1)
                                                         _016_ (net)
                      0.030533    0.000200    4.191497 ^ _118_/RESET_B (sg13g2_dfrbpq_1)
                                              4.191497   data arrival time

                                  0.000000    0.000000   clock clk (rise edge)
                                  0.000000    0.000000   clock source latency
     1    0.048523    0.042046    0.031382    0.031382 ^ clk (in)
                                                         clk (net)
                      0.044485    0.000000    0.031382 ^ clkbuf_0_clk/A (sg13g2_buf_16)
     4    0.097293    0.025472    0.063365    0.094748 ^ clkbuf_0_clk/X (sg13g2_buf_16)
                                                         clknet_0_clk (net)
                      0.028330    0.006592    0.101339 ^ clkbuf_2_3__f_clk/A (sg13g2_buf_16)
     6    0.030283    0.015304    0.050553    0.151893 ^ clkbuf_2_3__f_clk/X (sg13g2_buf_16)
                                                         clknet_2_3__leaf_clk (net)
                      0.015381    0.001917    0.153810 ^ _118_/CLK (sg13g2_dfrbpq_1)
                                  0.250000    0.403810   clock uncertainty
                                  0.000000    0.403810   clock reconvergence pessimism
                                 -0.069037    0.334773   library removal time
                                              0.334773   data required time
---------------------------------------------------------------------------------------------
                                              0.334773   data required time
                                             -4.191497   data arrival time
---------------------------------------------------------------------------------------------
                                              3.856725   slack (MET)


Startpoint: reset (input port clocked by clk)
Endpoint: _108_ (removal check against rising-edge clock clk)
Path Group: asynchronous
Path Type: min

Fanout         Cap        Slew       Delay        Time   Description
---------------------------------------------------------------------------------------------
                                  0.000000    0.000000   clock clk (rise edge)
                                  0.000000    0.000000   clock network delay (propagated)
                                  4.000000    4.000000 v input external delay
     1    0.003722    0.011467    0.001713    4.001713 v reset (in)
                                                         reset (net)
                      0.011468    0.000000    4.001713 v input3/A (sg13g2_buf_1)
     1    0.016296    0.040022    0.056256    4.057970 v input3/X (sg13g2_buf_1)
                                                         net3 (net)
                      0.040134    0.001653    4.059623 v fanout22/A (sg13g2_buf_1)
     4    0.037300    0.082922    0.095410    4.155033 v fanout22/X (sg13g2_buf_1)
                                                         net22 (net)
                      0.083087    0.002895    4.157927 v fanout20/A (sg13g2_buf_1)
     7    0.029952    0.067735    0.098827    4.256754 v fanout20/X (sg13g2_buf_1)
                                                         net20 (net)
                      0.067823    0.001632    4.258386 v _080_/A (sg13g2_inv_1)
     1    0.005213    0.027986    0.031727    4.290112 ^ _080_/Y (sg13g2_inv_1)
                                                         _006_ (net)
                      0.027988    0.000200    4.290313 ^ _108_/RESET_B (sg13g2_dfrbpq_1)
                                              4.290313   data arrival time

                                  0.000000    0.000000   clock clk (rise edge)
                                  0.000000    0.000000   clock source latency
     1    0.048523    0.042046    0.031382    0.031382 ^ clk (in)
                                                         clk (net)
                      0.044485    0.000000    0.031382 ^ clkbuf_0_clk/A (sg13g2_buf_16)
     4    0.097293    0.025472    0.063365    0.094748 ^ clkbuf_0_clk/X (sg13g2_buf_16)
                                                         clknet_0_clk (net)
                      0.029718    0.008317    0.103065 ^ clkbuf_2_0__f_clk/A (sg13g2_buf_16)
     6    0.041055    0.016882    0.052390    0.155455 ^ clkbuf_2_0__f_clk/X (sg13g2_buf_16)
                                                         clknet_2_0__leaf_clk (net)
                      0.017099    0.002646    0.158100 ^ _108_/CLK (sg13g2_dfrbpq_1)
                                  0.250000    0.408100   clock uncertainty
                                  0.000000    0.408100   clock reconvergence pessimism
                                 -0.068298    0.339802   library removal time
                                              0.339802   data required time
---------------------------------------------------------------------------------------------
                                              0.339802   data required time
                                             -4.290313   data arrival time
---------------------------------------------------------------------------------------------
                                              3.950510   slack (MET)


Startpoint: reset (input port clocked by clk)
Endpoint: _113_ (removal check against rising-edge clock clk)
Path Group: asynchronous
Path Type: min

Fanout         Cap        Slew       Delay        Time   Description
---------------------------------------------------------------------------------------------
                                  0.000000    0.000000   clock clk (rise edge)
                                  0.000000    0.000000   clock network delay (propagated)
                                  4.000000    4.000000 v input external delay
     1    0.003722    0.011467    0.001713    4.001713 v reset (in)
                                                         reset (net)
                      0.011468    0.000000    4.001713 v input3/A (sg13g2_buf_1)
     1    0.016296    0.040022    0.056256    4.057970 v input3/X (sg13g2_buf_1)
                                                         net3 (net)
                      0.040134    0.001653    4.059623 v fanout22/A (sg13g2_buf_1)
     4    0.037300    0.082922    0.095410    4.155033 v fanout22/X (sg13g2_buf_1)
                                                         net22 (net)
                      0.083087    0.002895    4.157927 v fanout20/A (sg13g2_buf_1)
     7    0.029952    0.067735    0.098827    4.256754 v fanout20/X (sg13g2_buf_1)
                                                         net20 (net)
                      0.067833    0.001749    4.258502 v _085_/A (sg13g2_inv_1)
     1    0.004988    0.027467    0.031184    4.289686 ^ _085_/Y (sg13g2_inv_1)
                                                         _011_ (net)
                      0.027467    0.000192    4.289878 ^ _113_/RESET_B (sg13g2_dfrbpq_1)
                                              4.289878   data arrival time

                                  0.000000    0.000000   clock clk (rise edge)
                                  0.000000    0.000000   clock source latency
     1    0.048523    0.042046    0.031382    0.031382 ^ clk (in)
                                                         clk (net)
                      0.044485    0.000000    0.031382 ^ clkbuf_0_clk/A (sg13g2_buf_16)
     4    0.097293    0.025472    0.063365    0.094748 ^ clkbuf_0_clk/X (sg13g2_buf_16)
                                                         clknet_0_clk (net)
                      0.028938    0.007383    0.102130 ^ clkbuf_2_1__f_clk/A (sg13g2_buf_16)
     6    0.035509    0.016081    0.051644    0.153774 ^ clkbuf_2_1__f_clk/X (sg13g2_buf_16)
                                                         clknet_2_1__leaf_clk (net)
                      0.016090    0.000762    0.154536 ^ _113_/CLK (sg13g2_dfrbpq_1)
                                  0.250000    0.404536   clock uncertainty
                                  0.000000    0.404536   clock reconvergence pessimism
                                 -0.068273    0.336264   library removal time
                                              0.336264   data required time
---------------------------------------------------------------------------------------------
                                              0.336264   data required time
                                             -4.289878   data arrival time
---------------------------------------------------------------------------------------------
                                              3.953615   slack (MET)


Startpoint: reset (input port clocked by clk)
Endpoint: _102_ (removal check against rising-edge clock clk)
Path Group: asynchronous
Path Type: min

Fanout         Cap        Slew       Delay        Time   Description
---------------------------------------------------------------------------------------------
                                  0.000000    0.000000   clock clk (rise edge)
                                  0.000000    0.000000   clock network delay (propagated)
                                  4.000000    4.000000 v input external delay
     1    0.003722    0.011467    0.001713    4.001713 v reset (in)
                                                         reset (net)
                      0.011468    0.000000    4.001713 v input3/A (sg13g2_buf_1)
     1    0.016296    0.040022    0.056256    4.057970 v input3/X (sg13g2_buf_1)
                                                         net3 (net)
                      0.040134    0.001653    4.059623 v fanout22/A (sg13g2_buf_1)
     4    0.037300    0.082922    0.095410    4.155033 v fanout22/X (sg13g2_buf_1)
                                                         net22 (net)
                      0.083087    0.002895    4.157927 v fanout20/A (sg13g2_buf_1)
     7    0.029952    0.067735    0.098827    4.256754 v fanout20/X (sg13g2_buf_1)
                                                         net20 (net)
                      0.067740    0.000647    4.257401 v _049_/A (sg13g2_inv_1)
     1    0.005848    0.029484    0.033175    4.290576 ^ _049_/Y (sg13g2_inv_1)
                                                         _000_ (net)
                      0.029495    0.000418    4.290994 ^ _102_/RESET_B (sg13g2_dfrbpq_1)
                                              4.290994   data arrival time

                                  0.000000    0.000000   clock clk (rise edge)
                                  0.000000    0.000000   clock source latency
     1    0.048523    0.042046    0.031382    0.031382 ^ clk (in)
                                                         clk (net)
                      0.044485    0.000000    0.031382 ^ clkbuf_0_clk/A (sg13g2_buf_16)
     4    0.097293    0.025472    0.063365    0.094748 ^ clkbuf_0_clk/X (sg13g2_buf_16)
                                                         clknet_0_clk (net)
                      0.028051    0.006204    0.100952 ^ clkbuf_2_2__f_clk/A (sg13g2_buf_16)
     6    0.042519    0.017011    0.051940    0.152892 ^ clkbuf_2_2__f_clk/X (sg13g2_buf_16)
                                                         clknet_2_2__leaf_clk (net)
                      0.017259    0.002769    0.155660 ^ _102_/CLK (sg13g2_dfrbpq_1)
                                  0.250000    0.405660   clock uncertainty
                                  0.000000    0.405660   clock reconvergence pessimism
                                 -0.068627    0.337033   library removal time
                                              0.337033   data required time
---------------------------------------------------------------------------------------------
                                              0.337033   data required time
                                             -4.290994   data arrival time
---------------------------------------------------------------------------------------------
                                              3.953960   slack (MET)


Startpoint: reset (input port clocked by clk)
Endpoint: _114_ (removal check against rising-edge clock clk)
Path Group: asynchronous
Path Type: min

Fanout         Cap        Slew       Delay        Time   Description
---------------------------------------------------------------------------------------------
                                  0.000000    0.000000   clock clk (rise edge)
                                  0.000000    0.000000   clock network delay (propagated)
                                  4.000000    4.000000 v input external delay
     1    0.003722    0.011467    0.001713    4.001713 v reset (in)
                                                         reset (net)
                      0.011468    0.000000    4.001713 v input3/A (sg13g2_buf_1)
     1    0.016296    0.040022    0.056256    4.057970 v input3/X (sg13g2_buf_1)
                                                         net3 (net)
                      0.040134    0.001653    4.059623 v fanout22/A (sg13g2_buf_1)
     4    0.037300    0.082922    0.095410    4.155033 v fanout22/X (sg13g2_buf_1)
                                                         net22 (net)
                      0.083087    0.002895    4.157927 v fanout20/A (sg13g2_buf_1)
     7    0.029952    0.067735    0.098827    4.256754 v fanout20/X (sg13g2_buf_1)
                                                         net20 (net)
                      0.067813    0.001492    4.258246 v _086_/A (sg13g2_inv_1)
     1    0.005694    0.029112    0.032828    4.291073 ^ _086_/Y (sg13g2_inv_1)
                                                         _012_ (net)
                      0.029133    0.000396    4.291470 ^ _114_/RESET_B (sg13g2_dfrbpq_1)
                                              4.291470   data arrival time

                                  0.000000    0.000000   clock clk (rise edge)
                                  0.000000    0.000000   clock source latency
     1    0.048523    0.042046    0.031382    0.031382 ^ clk (in)
                                                         clk (net)
                      0.044485    0.000000    0.031382 ^ clkbuf_0_clk/A (sg13g2_buf_16)
     4    0.097293    0.025472    0.063365    0.094748 ^ clkbuf_0_clk/X (sg13g2_buf_16)
                                                         clknet_0_clk (net)
                      0.028051    0.006204    0.100952 ^ clkbuf_2_2__f_clk/A (sg13g2_buf_16)
     6    0.042519    0.017011    0.051940    0.152892 ^ clkbuf_2_2__f_clk/X (sg13g2_buf_16)
                                                         clknet_2_2__leaf_clk (net)
                      0.017286    0.002863    0.155755 ^ _114_/CLK (sg13g2_dfrbpq_1)
                                  0.250000    0.405755   clock uncertainty
                                  0.000000    0.405755   clock reconvergence pessimism
                                 -0.068542    0.337213   library removal time
                                              0.337213   data required time
---------------------------------------------------------------------------------------------
                                              0.337213   data required time
                                             -4.291470   data arrival time
---------------------------------------------------------------------------------------------
                                              3.954257   slack (MET)


Startpoint: reset (input port clocked by clk)
Endpoint: _101_ (removal check against rising-edge clock clk)
Path Group: asynchronous
Path Type: min

Fanout         Cap        Slew       Delay        Time   Description
---------------------------------------------------------------------------------------------
                                  0.000000    0.000000   clock clk (rise edge)
                                  0.000000    0.000000   clock network delay (propagated)
                                  4.000000    4.000000 v input external delay
     1    0.003722    0.011467    0.001713    4.001713 v reset (in)
                                                         reset (net)
                      0.011468    0.000000    4.001713 v input3/A (sg13g2_buf_1)
     1    0.016296    0.040022    0.056256    4.057970 v input3/X (sg13g2_buf_1)
                                                         net3 (net)
                      0.040134    0.001653    4.059623 v fanout22/A (sg13g2_buf_1)
     4    0.037300    0.082922    0.095410    4.155033 v fanout22/X (sg13g2_buf_1)
                                                         net22 (net)
                      0.083087    0.002895    4.157927 v fanout20/A (sg13g2_buf_1)
     7    0.029952    0.067735    0.098827    4.256754 v fanout20/X (sg13g2_buf_1)
                                                         net20 (net)
                      0.067826    0.001659    4.258413 v _097_/A (sg13g2_inv_1)
     1    0.005425    0.028485    0.032244    4.290657 ^ _097_/Y (sg13g2_inv_1)
                                                         _023_ (net)
                      0.028487    0.000211    4.290867 ^ _101_/RESET_B (sg13g2_dfrbpq_1)
                                              4.290867   data arrival time

                                  0.000000    0.000000   clock clk (rise edge)
                                  0.000000    0.000000   clock source latency
     1    0.048523    0.042046    0.031382    0.031382 ^ clk (in)
                                                         clk (net)
                      0.044485    0.000000    0.031382 ^ clkbuf_0_clk/A (sg13g2_buf_16)
     4    0.097293    0.025472    0.063365    0.094748 ^ clkbuf_0_clk/X (sg13g2_buf_16)
                                                         clknet_0_clk (net)
                      0.028938    0.007383    0.102130 ^ clkbuf_2_1__f_clk/A (sg13g2_buf_16)
     6    0.035509    0.016081    0.051644    0.153774 ^ clkbuf_2_1__f_clk/X (sg13g2_buf_16)
                                                         clknet_2_1__leaf_clk (net)
                      0.016093    0.000877    0.154651 ^ _101_/CLK (sg13g2_dfrbpq_1)
                                  0.250000    0.404651   clock uncertainty
                                  0.000000    0.404651   clock reconvergence pessimism
                                 -0.068505    0.336147   library removal time
                                              0.336147   data required time
---------------------------------------------------------------------------------------------
                                              0.336147   data required time
                                             -4.290867   data arrival time
---------------------------------------------------------------------------------------------
                                              3.954721   slack (MET)


Startpoint: reset (input port clocked by clk)
Endpoint: _100_ (removal check against rising-edge clock clk)
Path Group: asynchronous
Path Type: min

Fanout         Cap        Slew       Delay        Time   Description
---------------------------------------------------------------------------------------------
                                  0.000000    0.000000   clock clk (rise edge)
                                  0.000000    0.000000   clock network delay (propagated)
                                  4.000000    4.000000 v input external delay
     1    0.003722    0.011467    0.001713    4.001713 v reset (in)
                                                         reset (net)
                      0.011468    0.000000    4.001713 v input3/A (sg13g2_buf_1)
     1    0.016296    0.040022    0.056256    4.057970 v input3/X (sg13g2_buf_1)
                                                         net3 (net)
                      0.040134    0.001653    4.059623 v fanout22/A (sg13g2_buf_1)
     4    0.037300    0.082922    0.095410    4.155033 v fanout22/X (sg13g2_buf_1)
                                                         net22 (net)
                      0.083087    0.002895    4.157927 v fanout20/A (sg13g2_buf_1)
     7    0.029952    0.067735    0.098827    4.256754 v fanout20/X (sg13g2_buf_1)
                                                         net20 (net)
                      0.067839    0.001813    4.258567 v _096_/A (sg13g2_inv_1)
     1    0.005569    0.028817    0.032518    4.291085 ^ _096_/Y (sg13g2_inv_1)
                                                         _022_ (net)
                      0.028839    0.000408    4.291493 ^ _100_/RESET_B (sg13g2_dfrbpq_1)
                                              4.291493   data arrival time

                                  0.000000    0.000000   clock clk (rise edge)
                                  0.000000    0.000000   clock source latency
     1    0.048523    0.042046    0.031382    0.031382 ^ clk (in)
                                                         clk (net)
                      0.044485    0.000000    0.031382 ^ clkbuf_0_clk/A (sg13g2_buf_16)
     4    0.097293    0.025472    0.063365    0.094748 ^ clkbuf_0_clk/X (sg13g2_buf_16)
                                                         clknet_0_clk (net)
                      0.028938    0.007383    0.102130 ^ clkbuf_2_1__f_clk/A (sg13g2_buf_16)
     6    0.035509    0.016081    0.051644    0.153774 ^ clkbuf_2_1__f_clk/X (sg13g2_buf_16)
                                                         clknet_2_1__leaf_clk (net)
                      0.016103    0.001179    0.154954 ^ _100_/CLK (sg13g2_dfrbpq_1)
                                  0.250000    0.404954   clock uncertainty
                                  0.000000    0.404954   clock reconvergence pessimism
                                 -0.068584    0.336369   library removal time
                                              0.336369   data required time
---------------------------------------------------------------------------------------------
                                              0.336369   data required time
                                             -4.291493   data arrival time
---------------------------------------------------------------------------------------------
                                              3.955124   slack (MET)


Startpoint: reset (input port clocked by clk)
Endpoint: _103_ (removal check against rising-edge clock clk)
Path Group: asynchronous
Path Type: min

Fanout         Cap        Slew       Delay        Time   Description
---------------------------------------------------------------------------------------------
                                  0.000000    0.000000   clock clk (rise edge)
                                  0.000000    0.000000   clock network delay (propagated)
                                  4.000000    4.000000 v input external delay
     1    0.003722    0.011467    0.001713    4.001713 v reset (in)
                                                         reset (net)
                      0.011468    0.000000    4.001713 v input3/A (sg13g2_buf_1)
     1    0.016296    0.040022    0.056256    4.057970 v input3/X (sg13g2_buf_1)
                                                         net3 (net)
                      0.040134    0.001653    4.059623 v fanout22/A (sg13g2_buf_1)
     4    0.037300    0.082922    0.095410    4.155033 v fanout22/X (sg13g2_buf_1)
                                                         net22 (net)
                      0.082968    0.001561    4.156593 v fanout21/A (sg13g2_buf_1)
     8    0.043383    0.095073    0.117403    4.273996 v fanout21/X (sg13g2_buf_1)
                                                         net21 (net)
                      0.095236    0.002775    4.276771 v _075_/A (sg13g2_inv_1)
     1    0.005068    0.032392    0.036859    4.313630 ^ _075_/Y (sg13g2_inv_1)
                                                         _001_ (net)
                      0.032393    0.000195    4.313825 ^ _103_/RESET_B (sg13g2_dfrbpq_1)
                                              4.313825   data arrival time

                                  0.000000    0.000000   clock clk (rise edge)
                                  0.000000    0.000000   clock source latency
     1    0.048523    0.042046    0.031382    0.031382 ^ clk (in)
                                                         clk (net)
                      0.044485    0.000000    0.031382 ^ clkbuf_0_clk/A (sg13g2_buf_16)
     4    0.097293    0.025472    0.063365    0.094748 ^ clkbuf_0_clk/X (sg13g2_buf_16)
                                                         clknet_0_clk (net)
                      0.028051    0.006204    0.100952 ^ clkbuf_2_2__f_clk/A (sg13g2_buf_16)
     6    0.042519    0.017011    0.051940    0.152892 ^ clkbuf_2_2__f_clk/X (sg13g2_buf_16)
                                                         clknet_2_2__leaf_clk (net)
                      0.017148    0.002310    0.155202 ^ _103_/CLK (sg13g2_dfrbpq_1)
                                  0.250000    0.405202   clock uncertainty
                                  0.000000    0.405202   clock reconvergence pessimism
                                 -0.069298    0.335904   library removal time
                                              0.335904   data required time
---------------------------------------------------------------------------------------------
                                              0.335904   data required time
                                             -4.313825   data arrival time
---------------------------------------------------------------------------------------------
                                              3.977921   slack (MET)


Startpoint: reset (input port clocked by clk)
Endpoint: _106_ (removal check against rising-edge clock clk)
Path Group: asynchronous
Path Type: min

Fanout         Cap        Slew       Delay        Time   Description
---------------------------------------------------------------------------------------------
                                  0.000000    0.000000   clock clk (rise edge)
                                  0.000000    0.000000   clock network delay (propagated)
                                  4.000000    4.000000 v input external delay
     1    0.003722    0.011467    0.001713    4.001713 v reset (in)
                                                         reset (net)
                      0.011468    0.000000    4.001713 v input3/A (sg13g2_buf_1)
     1    0.016296    0.040022    0.056256    4.057970 v input3/X (sg13g2_buf_1)
                                                         net3 (net)
                      0.040134    0.001653    4.059623 v fanout22/A (sg13g2_buf_1)
     4    0.037300    0.082922    0.095410    4.155033 v fanout22/X (sg13g2_buf_1)
                                                         net22 (net)
                      0.082968    0.001561    4.156593 v fanout21/A (sg13g2_buf_1)
     8    0.043383    0.095073    0.117403    4.273996 v fanout21/X (sg13g2_buf_1)
                                                         net21 (net)
                      0.095160    0.001819    4.275815 v _078_/A (sg13g2_inv_1)
     1    0.005333    0.032987    0.037580    4.313394 ^ _078_/Y (sg13g2_inv_1)
                                                         _004_ (net)
                      0.032988    0.000207    4.313601 ^ _106_/RESET_B (sg13g2_dfrbpq_1)
                                              4.313601   data arrival time

                                  0.000000    0.000000   clock clk (rise edge)
                                  0.000000    0.000000   clock source latency
     1    0.048523    0.042046    0.031382    0.031382 ^ clk (in)
                                                         clk (net)
                      0.044485    0.000000    0.031382 ^ clkbuf_0_clk/A (sg13g2_buf_16)
     4    0.097293    0.025472    0.063365    0.094748 ^ clkbuf_0_clk/X (sg13g2_buf_16)
                                                         clknet_0_clk (net)
                      0.028330    0.006592    0.101339 ^ clkbuf_2_3__f_clk/A (sg13g2_buf_16)
     6    0.030283    0.015304    0.050553    0.151893 ^ clkbuf_2_3__f_clk/X (sg13g2_buf_16)
                                                         clknet_2_3__leaf_clk (net)
                      0.015482    0.002654    0.154547 ^ _106_/CLK (sg13g2_dfrbpq_1)
                                  0.250000    0.404547   clock uncertainty
                                  0.000000    0.404547   clock reconvergence pessimism
                                 -0.069588    0.334959   library removal time
                                              0.334959   data required time
---------------------------------------------------------------------------------------------
                                              0.334959   data required time
                                             -4.313601   data arrival time
---------------------------------------------------------------------------------------------
                                              3.978642   slack (MET)


Startpoint: reset (input port clocked by clk)
Endpoint: _116_ (removal check against rising-edge clock clk)
Path Group: asynchronous
Path Type: min

Fanout         Cap        Slew       Delay        Time   Description
---------------------------------------------------------------------------------------------
                                  0.000000    0.000000   clock clk (rise edge)
                                  0.000000    0.000000   clock network delay (propagated)
                                  4.000000    4.000000 v input external delay
     1    0.003722    0.011467    0.001713    4.001713 v reset (in)
                                                         reset (net)
                      0.011468    0.000000    4.001713 v input3/A (sg13g2_buf_1)
     1    0.016296    0.040022    0.056256    4.057970 v input3/X (sg13g2_buf_1)
                                                         net3 (net)
                      0.040134    0.001653    4.059623 v fanout22/A (sg13g2_buf_1)
     4    0.037300    0.082922    0.095410    4.155033 v fanout22/X (sg13g2_buf_1)
                                                         net22 (net)
                      0.082968    0.001561    4.156593 v fanout21/A (sg13g2_buf_1)
     8    0.043383    0.095073    0.117403    4.273996 v fanout21/X (sg13g2_buf_1)
                                                         net21 (net)
                      0.095217    0.002573    4.276569 v _088_/A (sg13g2_inv_1)
     1    0.005066    0.032384    0.036850    4.313419 ^ _088_/Y (sg13g2_inv_1)
                                                         _014_ (net)
                      0.032384    0.000193    4.313612 ^ _116_/RESET_B (sg13g2_dfrbpq_1)
                                              4.313612   data arrival time

                                  0.000000    0.000000   clock clk (rise edge)
                                  0.000000    0.000000   clock source latency
     1    0.048523    0.042046    0.031382    0.031382 ^ clk (in)
                                                         clk (net)
                      0.044485    0.000000    0.031382 ^ clkbuf_0_clk/A (sg13g2_buf_16)
     4    0.097293    0.025472    0.063365    0.094748 ^ clkbuf_0_clk/X (sg13g2_buf_16)
                                                         clknet_0_clk (net)
                      0.028051    0.006204    0.100952 ^ clkbuf_2_2__f_clk/A (sg13g2_buf_16)
     6    0.042519    0.017011    0.051940    0.152892 ^ clkbuf_2_2__f_clk/X (sg13g2_buf_16)
                                                         clknet_2_2__leaf_clk (net)
                      0.017028    0.001025    0.153916 ^ _116_/CLK (sg13g2_dfrbpq_1)
                                  0.250000    0.403916   clock uncertainty
                                  0.000000    0.403916   clock reconvergence pessimism
                                 -0.069307    0.334609   library removal time
                                              0.334609   data required time
---------------------------------------------------------------------------------------------
                                              0.334609   data required time
                                             -4.313612   data arrival time
---------------------------------------------------------------------------------------------
                                              3.979003   slack (MET)


Startpoint: reset (input port clocked by clk)
Endpoint: _104_ (removal check against rising-edge clock clk)
Path Group: asynchronous
Path Type: min

Fanout         Cap        Slew       Delay        Time   Description
---------------------------------------------------------------------------------------------
                                  0.000000    0.000000   clock clk (rise edge)
                                  0.000000    0.000000   clock network delay (propagated)
                                  4.000000    4.000000 v input external delay
     1    0.003722    0.011467    0.001713    4.001713 v reset (in)
                                                         reset (net)
                      0.011468    0.000000    4.001713 v input3/A (sg13g2_buf_1)
     1    0.016296    0.040022    0.056256    4.057970 v input3/X (sg13g2_buf_1)
                                                         net3 (net)
                      0.040134    0.001653    4.059623 v fanout22/A (sg13g2_buf_1)
     4    0.037300    0.082922    0.095410    4.155033 v fanout22/X (sg13g2_buf_1)
                                                         net22 (net)
                      0.082968    0.001561    4.156593 v fanout21/A (sg13g2_buf_1)
     8    0.043383    0.095073    0.117403    4.273996 v fanout21/X (sg13g2_buf_1)
                                                         net21 (net)
                      0.095201    0.002391    4.276387 v _076_/A (sg13g2_inv_1)
     1    0.005252    0.032800    0.037363    4.313750 ^ _076_/Y (sg13g2_inv_1)
                                                         _002_ (net)
                      0.032805    0.000203    4.313953 ^ _104_/RESET_B (sg13g2_dfrbpq_1)
                                              4.313953   data arrival time

                                  0.000000    0.000000   clock clk (rise edge)
                                  0.000000    0.000000   clock source latency
     1    0.048523    0.042046    0.031382    0.031382 ^ clk (in)
                                                         clk (net)
                      0.044485    0.000000    0.031382 ^ clkbuf_0_clk/A (sg13g2_buf_16)
     4    0.097293    0.025472    0.063365    0.094748 ^ clkbuf_0_clk/X (sg13g2_buf_16)
                                                         clknet_0_clk (net)
                      0.028051    0.006204    0.100952 ^ clkbuf_2_2__f_clk/A (sg13g2_buf_16)
     6    0.042519    0.017011    0.051940    0.152892 ^ clkbuf_2_2__f_clk/X (sg13g2_buf_16)
                                                         clknet_2_2__leaf_clk (net)
                      0.017033    0.001175    0.154067 ^ _104_/CLK (sg13g2_dfrbpq_1)
                                  0.250000    0.404067   clock uncertainty
                                  0.000000    0.404067   clock reconvergence pessimism
                                 -0.069402    0.334665   library removal time
                                              0.334665   data required time
---------------------------------------------------------------------------------------------
                                              0.334665   data required time
                                             -4.313953   data arrival time
---------------------------------------------------------------------------------------------
                                              3.979288   slack (MET)


Startpoint: reset (input port clocked by clk)
Endpoint: _115_ (removal check against rising-edge clock clk)
Path Group: asynchronous
Path Type: min

Fanout         Cap        Slew       Delay        Time   Description
---------------------------------------------------------------------------------------------
                                  0.000000    0.000000   clock clk (rise edge)
                                  0.000000    0.000000   clock network delay (propagated)
                                  4.000000    4.000000 v input external delay
     1    0.003722    0.011467    0.001713    4.001713 v reset (in)
                                                         reset (net)
                      0.011468    0.000000    4.001713 v input3/A (sg13g2_buf_1)
     1    0.016296    0.040022    0.056256    4.057970 v input3/X (sg13g2_buf_1)
                                                         net3 (net)
                      0.040134    0.001653    4.059623 v fanout22/A (sg13g2_buf_1)
     4    0.037300    0.082922    0.095410    4.155033 v fanout22/X (sg13g2_buf_1)
                                                         net22 (net)
                      0.082968    0.001561    4.156593 v fanout21/A (sg13g2_buf_1)
     8    0.043383    0.095073    0.117403    4.273996 v fanout21/X (sg13g2_buf_1)
                                                         net21 (net)
                      0.095246    0.002882    4.276877 v _087_/A (sg13g2_inv_1)
     1    0.005758    0.033993    0.038782    4.315660 ^ _087_/Y (sg13g2_inv_1)
                                                         _013_ (net)
                      0.033995    0.000226    4.315885 ^ _115_/RESET_B (sg13g2_dfrbpq_1)
                                              4.315885   data arrival time

                                  0.000000    0.000000   clock clk (rise edge)
                                  0.000000    0.000000   clock source latency
     1    0.048523    0.042046    0.031382    0.031382 ^ clk (in)
                                                         clk (net)
                      0.044485    0.000000    0.031382 ^ clkbuf_0_clk/A (sg13g2_buf_16)
     4    0.097293    0.025472    0.063365    0.094748 ^ clkbuf_0_clk/X (sg13g2_buf_16)
                                                         clknet_0_clk (net)
                      0.028051    0.006204    0.100952 ^ clkbuf_2_2__f_clk/A (sg13g2_buf_16)
     6    0.042519    0.017011    0.051940    0.152892 ^ clkbuf_2_2__f_clk/X (sg13g2_buf_16)
                                                         clknet_2_2__leaf_clk (net)
                      0.017220    0.002622    0.155514 ^ _115_/CLK (sg13g2_dfrbpq_1)
                                  0.250000    0.405514   clock uncertainty
                                  0.000000    0.405514   clock reconvergence pessimism
                                 -0.069656    0.335858   library removal time
                                              0.335858   data required time
---------------------------------------------------------------------------------------------
                                              0.335858   data required time
                                             -4.315885   data arrival time
---------------------------------------------------------------------------------------------
                                              3.980027   slack (MET)


Startpoint: reset (input port clocked by clk)
Endpoint: _117_ (removal check against rising-edge clock clk)
Path Group: asynchronous
Path Type: min

Fanout         Cap        Slew       Delay        Time   Description
---------------------------------------------------------------------------------------------
                                  0.000000    0.000000   clock clk (rise edge)
                                  0.000000    0.000000   clock network delay (propagated)
                                  4.000000    4.000000 v input external delay
     1    0.003722    0.011467    0.001713    4.001713 v reset (in)
                                                         reset (net)
                      0.011468    0.000000    4.001713 v input3/A (sg13g2_buf_1)
     1    0.016296    0.040022    0.056256    4.057970 v input3/X (sg13g2_buf_1)
                                                         net3 (net)
                      0.040134    0.001653    4.059623 v fanout22/A (sg13g2_buf_1)
     4    0.037300    0.082922    0.095410    4.155033 v fanout22/X (sg13g2_buf_1)
                                                         net22 (net)
                      0.082968    0.001561    4.156593 v fanout21/A (sg13g2_buf_1)
     8    0.043383    0.095073    0.117403    4.273996 v fanout21/X (sg13g2_buf_1)
                                                         net21 (net)
                      0.095188    0.002227    4.276223 v _089_/A (sg13g2_inv_1)
     1    0.005502    0.033373    0.038060    4.314283 ^ _089_/Y (sg13g2_inv_1)
                                                         _015_ (net)
                      0.033374    0.000212    4.314495 ^ _117_/RESET_B (sg13g2_dfrbpq_1)
                                              4.314495   data arrival time

                                  0.000000    0.000000   clock clk (rise edge)
                                  0.000000    0.000000   clock source latency
     1    0.048523    0.042046    0.031382    0.031382 ^ clk (in)
                                                         clk (net)
                      0.044485    0.000000    0.031382 ^ clkbuf_0_clk/A (sg13g2_buf_16)
     4    0.097293    0.025472    0.063365    0.094748 ^ clkbuf_0_clk/X (sg13g2_buf_16)
                                                         clknet_0_clk (net)
                      0.028330    0.006592    0.101339 ^ clkbuf_2_3__f_clk/A (sg13g2_buf_16)
     6    0.030283    0.015304    0.050553    0.151893 ^ clkbuf_2_3__f_clk/X (sg13g2_buf_16)
                                                         clknet_2_3__leaf_clk (net)
                      0.015305    0.000165    0.152058 ^ _117_/CLK (sg13g2_dfrbpq_1)
                                  0.250000    0.402058   clock uncertainty
                                  0.000000    0.402058   clock reconvergence pessimism
                                 -0.069692    0.332366   library removal time
                                              0.332366   data required time
---------------------------------------------------------------------------------------------
                                              0.332366   data required time
                                             -4.314495   data arrival time
---------------------------------------------------------------------------------------------
                                              3.982129   slack (MET)


Startpoint: reset (input port clocked by clk)
Endpoint: _107_ (removal check against rising-edge clock clk)
Path Group: asynchronous
Path Type: min

Fanout         Cap        Slew       Delay        Time   Description
---------------------------------------------------------------------------------------------
                                  0.000000    0.000000   clock clk (rise edge)
                                  0.000000    0.000000   clock network delay (propagated)
                                  4.000000    4.000000 v input external delay
     1    0.003722    0.011467    0.001713    4.001713 v reset (in)
                                                         reset (net)
                      0.011468    0.000000    4.001713 v input3/A (sg13g2_buf_1)
     1    0.016296    0.040022    0.056256    4.057970 v input3/X (sg13g2_buf_1)
                                                         net3 (net)
                      0.040134    0.001653    4.059623 v fanout22/A (sg13g2_buf_1)
     4    0.037300    0.082922    0.095410    4.155033 v fanout22/X (sg13g2_buf_1)
                                                         net22 (net)
                      0.082968    0.001561    4.156593 v fanout21/A (sg13g2_buf_1)
     8    0.043383    0.095073    0.117403    4.273996 v fanout21/X (sg13g2_buf_1)
                                                         net21 (net)
                      0.095160    0.001813    4.275809 v _079_/A (sg13g2_inv_1)
     1    0.006519    0.035936    0.040808    4.316617 ^ _079_/Y (sg13g2_inv_1)
                                                         _005_ (net)
                      0.035946    0.000445    4.317062 ^ _107_/RESET_B (sg13g2_dfrbpq_1)
                                              4.317062   data arrival time

                                  0.000000    0.000000   clock clk (rise edge)
                                  0.000000    0.000000   clock source latency
     1    0.048523    0.042046    0.031382    0.031382 ^ clk (in)
                                                         clk (net)
                      0.044485    0.000000    0.031382 ^ clkbuf_0_clk/A (sg13g2_buf_16)
     4    0.097293    0.025472    0.063365    0.094748 ^ clkbuf_0_clk/X (sg13g2_buf_16)
                                                         clknet_0_clk (net)
                      0.028330    0.006592    0.101339 ^ clkbuf_2_3__f_clk/A (sg13g2_buf_16)
     6    0.030283    0.015304    0.050553    0.151893 ^ clkbuf_2_3__f_clk/X (sg13g2_buf_16)
                                                         clknet_2_3__leaf_clk (net)
                      0.015522    0.002844    0.154736 ^ _107_/CLK (sg13g2_dfrbpq_1)
                                  0.250000    0.404736   clock uncertainty
                                  0.000000    0.404736   clock reconvergence pessimism
                                 -0.070258    0.334478   library removal time
                                              0.334478   data required time
---------------------------------------------------------------------------------------------
                                              0.334478   data required time
                                             -4.317062   data arrival time
---------------------------------------------------------------------------------------------
                                              3.982584   slack (MET)


Startpoint: reset (input port clocked by clk)
Endpoint: _105_ (removal check against rising-edge clock clk)
Path Group: asynchronous
Path Type: min

Fanout         Cap        Slew       Delay        Time   Description
---------------------------------------------------------------------------------------------
                                  0.000000    0.000000   clock clk (rise edge)
                                  0.000000    0.000000   clock network delay (propagated)
                                  4.000000    4.000000 v input external delay
     1    0.003722    0.011467    0.001713    4.001713 v reset (in)
                                                         reset (net)
                      0.011468    0.000000    4.001713 v input3/A (sg13g2_buf_1)
     1    0.016296    0.040022    0.056256    4.057970 v input3/X (sg13g2_buf_1)
                                                         net3 (net)
                      0.040134    0.001653    4.059623 v fanout22/A (sg13g2_buf_1)
     4    0.037300    0.082922    0.095410    4.155033 v fanout22/X (sg13g2_buf_1)
                                                         net22 (net)
                      0.082968    0.001561    4.156593 v fanout21/A (sg13g2_buf_1)
     8    0.043383    0.095073    0.117403    4.273996 v fanout21/X (sg13g2_buf_1)
                                                         net21 (net)
                      0.095158    0.001783    4.275779 v _077_/A (sg13g2_inv_1)
     1    0.007618    0.038813    0.043845    4.319625 ^ _077_/Y (sg13g2_inv_1)
                                                         _003_ (net)
                      0.038825    0.000509    4.320134 ^ _105_/RESET_B (sg13g2_dfrbpq_1)
                                              4.320134   data arrival time

                                  0.000000    0.000000   clock clk (rise edge)
                                  0.000000    0.000000   clock source latency
     1    0.048523    0.042046    0.031382    0.031382 ^ clk (in)
                                                         clk (net)
                      0.044485    0.000000    0.031382 ^ clkbuf_0_clk/A (sg13g2_buf_16)
     4    0.097293    0.025472    0.063365    0.094748 ^ clkbuf_0_clk/X (sg13g2_buf_16)
                                                         clknet_0_clk (net)
                      0.028330    0.006592    0.101339 ^ clkbuf_2_3__f_clk/A (sg13g2_buf_16)
     6    0.030283    0.015304    0.050553    0.151893 ^ clkbuf_2_3__f_clk/X (sg13g2_buf_16)
                                                         clknet_2_3__leaf_clk (net)
                      0.015375    0.001856    0.153749 ^ _105_/CLK (sg13g2_dfrbpq_1)
                                  0.250000    0.403749   clock uncertainty
                                  0.000000    0.403749   clock reconvergence pessimism
                                 -0.070928    0.332821   library removal time
                                              0.332821   data required time
---------------------------------------------------------------------------------------------
                                              0.332821   data required time
                                             -4.320134   data arrival time
---------------------------------------------------------------------------------------------
                                              3.987313   slack (MET)


Startpoint: _105_ (rising edge-triggered flip-flop clocked by clk)
Endpoint: dout[9] (output port clocked by clk)
Path Group: clk
Path Type: min

Fanout         Cap        Slew       Delay        Time   Description
---------------------------------------------------------------------------------------------
                                  0.000000    0.000000   clock clk (rise edge)
                                  0.000000    0.000000   clock source latency
     1    0.045267    0.039798    0.026557    0.026557 ^ clk (in)
                                                         clk (net)
                      0.041924    0.000000    0.026557 ^ clkbuf_0_clk/A (sg13g2_buf_16)
     4    0.084269    0.023237    0.055392    0.081949 ^ clkbuf_0_clk/X (sg13g2_buf_16)
                                                         clknet_0_clk (net)
                      0.025630    0.005159    0.087108 ^ clkbuf_2_3__f_clk/A (sg13g2_buf_16)
     6    0.027025    0.014703    0.044444    0.131552 ^ clkbuf_2_3__f_clk/X (sg13g2_buf_16)
                                                         clknet_2_3__leaf_clk (net)
                      0.014756    0.001497    0.133049 ^ _105_/CLK (sg13g2_dfrbpq_1)
     2    0.005009    0.017271    0.105517    0.238566 v _105_/Q (sg13g2_dfrbpq_1)
                                                         net16 (net)
                      0.017278    0.000287    0.238853 v output16/A (sg13g2_buf_1)
     1    0.007822    0.022532    0.045519    0.284372 v output16/X (sg13g2_buf_1)
                                                         dout[9] (net)
                      0.022533    0.000204    0.284576 v dout[9] (out)
                                              0.284576   data arrival time

                                  0.000000    0.000000   clock clk (rise edge)
                                  0.000000    0.000000   clock network delay (propagated)
                                  0.250000    0.250000   clock uncertainty
                                  0.000000    0.250000   clock reconvergence pessimism
                                 -4.000000   -3.750000   output external delay
                                             -3.750000   data required time
---------------------------------------------------------------------------------------------
                                             -3.750000   data required time
                                             -0.284576   data arrival time
---------------------------------------------------------------------------------------------
                                              4.034576   slack (MET)


Startpoint: _103_ (rising edge-triggered flip-flop clocked by clk)
Endpoint: dout[7] (output port clocked by clk)
Path Group: clk
Path Type: min

Fanout         Cap        Slew       Delay        Time   Description
---------------------------------------------------------------------------------------------
                                  0.000000    0.000000   clock clk (rise edge)
                                  0.000000    0.000000   clock source latency
     1    0.045267    0.039798    0.026557    0.026557 ^ clk (in)
                                                         clk (net)
                      0.041924    0.000000    0.026557 ^ clkbuf_0_clk/A (sg13g2_buf_16)
     4    0.084269    0.023237    0.055392    0.081949 ^ clkbuf_0_clk/X (sg13g2_buf_16)
                                                         clknet_0_clk (net)
                      0.025409    0.004857    0.086805 ^ clkbuf_2_2__f_clk/A (sg13g2_buf_16)
     6    0.039261    0.016431    0.045716    0.132522 ^ clkbuf_2_2__f_clk/X (sg13g2_buf_16)
                                                         clknet_2_2__leaf_clk (net)
                      0.016533    0.001933    0.134455 ^ _103_/CLK (sg13g2_dfrbpq_1)
     2    0.004486    0.016347    0.105409    0.239864 v _103_/Q (sg13g2_dfrbpq_1)
                                                         net14 (net)
                      0.016347    0.000092    0.239955 v output14/A (sg13g2_buf_1)
     1    0.008213    0.023283    0.045848    0.285803 v output14/X (sg13g2_buf_1)
                                                         dout[7] (net)
                      0.023285    0.000229    0.286032 v dout[7] (out)
                                              0.286032   data arrival time

                                  0.000000    0.000000   clock clk (rise edge)
                                  0.000000    0.000000   clock network delay (propagated)
                                  0.250000    0.250000   clock uncertainty
                                  0.000000    0.250000   clock reconvergence pessimism
                                 -4.000000   -3.750000   output external delay
                                             -3.750000   data required time
---------------------------------------------------------------------------------------------
                                             -3.750000   data required time
                                             -0.286032   data arrival time
---------------------------------------------------------------------------------------------
                                              4.036032   slack (MET)


Startpoint: _100_ (rising edge-triggered flip-flop clocked by clk)
Endpoint: dout[4] (output port clocked by clk)
Path Group: clk
Path Type: min

Fanout         Cap        Slew       Delay        Time   Description
---------------------------------------------------------------------------------------------
                                  0.000000    0.000000   clock clk (rise edge)
                                  0.000000    0.000000   clock source latency
     1    0.045267    0.039798    0.026557    0.026557 ^ clk (in)
                                                         clk (net)
                      0.041924    0.000000    0.026557 ^ clkbuf_0_clk/A (sg13g2_buf_16)
     4    0.084269    0.023237    0.055392    0.081949 ^ clkbuf_0_clk/X (sg13g2_buf_16)
                                                         clknet_0_clk (net)
                      0.026115    0.005782    0.087731 ^ clkbuf_2_1__f_clk/A (sg13g2_buf_16)
     6    0.032252    0.015474    0.045359    0.133090 ^ clkbuf_2_1__f_clk/X (sg13g2_buf_16)
                                                         clknet_2_1__leaf_clk (net)
                      0.015492    0.000956    0.134046 ^ _100_/CLK (sg13g2_dfrbpq_1)
     2    0.004942    0.017144    0.105678    0.239724 v _100_/Q (sg13g2_dfrbpq_1)
                                                         net11 (net)
                      0.017155    0.000290    0.240014 v output11/A (sg13g2_buf_1)
     1    0.008244    0.023377    0.045976    0.285990 v output11/X (sg13g2_buf_1)
                                                         dout[4] (net)
                      0.023392    0.000517    0.286507 v dout[4] (out)
                                              0.286507   data arrival time

                                  0.000000    0.000000   clock clk (rise edge)
                                  0.000000    0.000000   clock network delay (propagated)
                                  0.250000    0.250000   clock uncertainty
                                  0.000000    0.250000   clock reconvergence pessimism
                                 -4.000000   -3.750000   output external delay
                                             -3.750000   data required time
---------------------------------------------------------------------------------------------
                                             -3.750000   data required time
                                             -0.286507   data arrival time
---------------------------------------------------------------------------------------------
                                              4.036507   slack (MET)


Startpoint: _102_ (rising edge-triggered flip-flop clocked by clk)
Endpoint: dout[6] (output port clocked by clk)
Path Group: clk
Path Type: min

Fanout         Cap        Slew       Delay        Time   Description
---------------------------------------------------------------------------------------------
                                  0.000000    0.000000   clock clk (rise edge)
                                  0.000000    0.000000   clock source latency
     1    0.045267    0.039798    0.026557    0.026557 ^ clk (in)
                                                         clk (net)
                      0.041924    0.000000    0.026557 ^ clkbuf_0_clk/A (sg13g2_buf_16)
     4    0.084269    0.023237    0.055392    0.081949 ^ clkbuf_0_clk/X (sg13g2_buf_16)
                                                         clknet_0_clk (net)
                      0.025409    0.004857    0.086805 ^ clkbuf_2_2__f_clk/A (sg13g2_buf_16)
     6    0.039261    0.016431    0.045716    0.132522 ^ clkbuf_2_2__f_clk/X (sg13g2_buf_16)
                                                         clknet_2_2__leaf_clk (net)
                      0.016616    0.002318    0.134840 ^ _102_/CLK (sg13g2_dfrbpq_1)
     2    0.004685    0.016694    0.105710    0.240549 v _102_/Q (sg13g2_dfrbpq_1)
                                                         net13 (net)
                      0.016694    0.000238    0.240787 v output13/A (sg13g2_buf_1)
     1    0.008581    0.024070    0.046518    0.287305 v output13/X (sg13g2_buf_1)
                                                         dout[6] (net)
                      0.024072    0.000242    0.287547 v dout[6] (out)
                                              0.287547   data arrival time

                                  0.000000    0.000000   clock clk (rise edge)
                                  0.000000    0.000000   clock network delay (propagated)
                                  0.250000    0.250000   clock uncertainty
                                  0.000000    0.250000   clock reconvergence pessimism
                                 -4.000000   -3.750000   output external delay
                                             -3.750000   data required time
---------------------------------------------------------------------------------------------
                                             -3.750000   data required time
                                             -0.287547   data arrival time
---------------------------------------------------------------------------------------------
                                              4.037547   slack (MET)


Startpoint: _106_ (rising edge-triggered flip-flop clocked by clk)
Endpoint: dout[10] (output port clocked by clk)
Path Group: clk
Path Type: min

Fanout         Cap        Slew       Delay        Time   Description
---------------------------------------------------------------------------------------------
                                  0.000000    0.000000   clock clk (rise edge)
                                  0.000000    0.000000   clock source latency
     1    0.045267    0.039798    0.026557    0.026557 ^ clk (in)
                                                         clk (net)
                      0.041924    0.000000    0.026557 ^ clkbuf_0_clk/A (sg13g2_buf_16)
     4    0.084269    0.023237    0.055392    0.081949 ^ clkbuf_0_clk/X (sg13g2_buf_16)
                                                         clknet_0_clk (net)
                      0.025630    0.005159    0.087108 ^ clkbuf_2_3__f_clk/A (sg13g2_buf_16)
     6    0.027025    0.014703    0.044444    0.131552 ^ clkbuf_2_3__f_clk/X (sg13g2_buf_16)
                                                         clknet_2_3__leaf_clk (net)
                      0.014840    0.002147    0.133698 ^ _106_/CLK (sg13g2_dfrbpq_1)
     2    0.006670    0.020402    0.108097    0.241796 v _106_/Q (sg13g2_dfrbpq_1)
                                                         net6 (net)
                      0.020424    0.000388    0.242184 v output6/A (sg13g2_buf_1)
     1    0.007823    0.022634    0.046451    0.288635 v output6/X (sg13g2_buf_1)
                                                         dout[10] (net)
                      0.022636    0.000205    0.288840 v dout[10] (out)
                                              0.288840   data arrival time

                                  0.000000    0.000000   clock clk (rise edge)
                                  0.000000    0.000000   clock network delay (propagated)
                                  0.250000    0.250000   clock uncertainty
                                  0.000000    0.250000   clock reconvergence pessimism
                                 -4.000000   -3.750000   output external delay
                                             -3.750000   data required time
---------------------------------------------------------------------------------------------
                                             -3.750000   data required time
                                             -0.288840   data arrival time
---------------------------------------------------------------------------------------------
                                              4.038840   slack (MET)


Startpoint: _104_ (rising edge-triggered flip-flop clocked by clk)
Endpoint: dout[8] (output port clocked by clk)
Path Group: clk
Path Type: min

Fanout         Cap        Slew       Delay        Time   Description
---------------------------------------------------------------------------------------------
                                  0.000000    0.000000   clock clk (rise edge)
                                  0.000000    0.000000   clock source latency
     1    0.045267    0.039798    0.026557    0.026557 ^ clk (in)
                                                         clk (net)
                      0.041924    0.000000    0.026557 ^ clkbuf_0_clk/A (sg13g2_buf_16)
     4    0.084269    0.023237    0.055392    0.081949 ^ clkbuf_0_clk/X (sg13g2_buf_16)
                                                         clknet_0_clk (net)
                      0.025409    0.004857    0.086805 ^ clkbuf_2_2__f_clk/A (sg13g2_buf_16)
     6    0.039261    0.016431    0.045716    0.132522 ^ clkbuf_2_2__f_clk/X (sg13g2_buf_16)
                                                         clknet_2_2__leaf_clk (net)
                      0.016450    0.000967    0.133489 ^ _104_/CLK (sg13g2_dfrbpq_1)
     2    0.006359    0.019809    0.108220    0.241709 v _104_/Q (sg13g2_dfrbpq_1)
                                                         net15 (net)
                      0.019810    0.000328    0.242037 v output15/A (sg13g2_buf_1)
     1    0.008086    0.023137    0.046679    0.288716 v output15/X (sg13g2_buf_1)
                                                         dout[8] (net)
                      0.023139    0.000216    0.288932 v dout[8] (out)
                                              0.288932   data arrival time

                                  0.000000    0.000000   clock clk (rise edge)
                                  0.000000    0.000000   clock network delay (propagated)
                                  0.250000    0.250000   clock uncertainty
                                  0.000000    0.250000   clock reconvergence pessimism
                                 -4.000000   -3.750000   output external delay
                                             -3.750000   data required time
---------------------------------------------------------------------------------------------
                                             -3.750000   data required time
                                             -0.288932   data arrival time
---------------------------------------------------------------------------------------------
                                              4.038931   slack (MET)


Startpoint: _101_ (rising edge-triggered flip-flop clocked by clk)
Endpoint: dout[5] (output port clocked by clk)
Path Group: clk
Path Type: min

Fanout         Cap        Slew       Delay        Time   Description
---------------------------------------------------------------------------------------------
                                  0.000000    0.000000   clock clk (rise edge)
                                  0.000000    0.000000   clock source latency
     1    0.045267    0.039798    0.026557    0.026557 ^ clk (in)
                                                         clk (net)
                      0.041924    0.000000    0.026557 ^ clkbuf_0_clk/A (sg13g2_buf_16)
     4    0.084269    0.023237    0.055392    0.081949 ^ clkbuf_0_clk/X (sg13g2_buf_16)
                                                         clknet_0_clk (net)
                      0.026115    0.005782    0.087731 ^ clkbuf_2_1__f_clk/A (sg13g2_buf_16)
     6    0.032252    0.015474    0.045359    0.133090 ^ clkbuf_2_1__f_clk/X (sg13g2_buf_16)
                                                         clknet_2_1__leaf_clk (net)
                      0.015484    0.000718    0.133808 ^ _101_/CLK (sg13g2_dfrbpq_1)
     2    0.006418    0.019920    0.107924    0.241731 v _101_/Q (sg13g2_dfrbpq_1)
                                                         net12 (net)
                      0.019924    0.000403    0.242134 v output12/A (sg13g2_buf_1)
     1    0.009179    0.025376    0.048405    0.290539 v output12/X (sg13g2_buf_1)
                                                         dout[5] (net)
                      0.025379    0.000265    0.290804 v dout[5] (out)
                                              0.290804   data arrival time

                                  0.000000    0.000000   clock clk (rise edge)
                                  0.000000    0.000000   clock network delay (propagated)
                                  0.250000    0.250000   clock uncertainty
                                  0.000000    0.250000   clock reconvergence pessimism
                                 -4.000000   -3.750000   output external delay
                                             -3.750000   data required time
---------------------------------------------------------------------------------------------
                                             -3.750000   data required time
                                             -0.290804   data arrival time
---------------------------------------------------------------------------------------------
                                              4.040804   slack (MET)


Startpoint: _099_ (rising edge-triggered flip-flop clocked by clk)
Endpoint: dout[3] (output port clocked by clk)
Path Group: clk
Path Type: min

Fanout         Cap        Slew       Delay        Time   Description
---------------------------------------------------------------------------------------------
                                  0.000000    0.000000   clock clk (rise edge)
                                  0.000000    0.000000   clock source latency
     1    0.045267    0.039798    0.026557    0.026557 ^ clk (in)
                                                         clk (net)
                      0.041924    0.000000    0.026557 ^ clkbuf_0_clk/A (sg13g2_buf_16)
     4    0.084269    0.023237    0.055392    0.081949 ^ clkbuf_0_clk/X (sg13g2_buf_16)
                                                         clknet_0_clk (net)
                      0.026115    0.005782    0.087731 ^ clkbuf_2_1__f_clk/A (sg13g2_buf_16)
     6    0.032252    0.015474    0.045359    0.133090 ^ clkbuf_2_1__f_clk/X (sg13g2_buf_16)
                                                         clknet_2_1__leaf_clk (net)
                      0.015499    0.001114    0.134203 ^ _099_/CLK (sg13g2_dfrbpq_1)
     2    0.011131    0.029217    0.115116    0.249320 v _099_/Q (sg13g2_dfrbpq_1)
                                                         net10 (net)
                      0.029240    0.000697    0.250016 v output10/A (sg13g2_buf_1)
     1    0.007773    0.022816    0.048982    0.298998 v output10/X (sg13g2_buf_1)
                                                         dout[3] (net)
                      0.022817    0.000201    0.299199 v dout[3] (out)
                                              0.299199   data arrival time

                                  0.000000    0.000000   clock clk (rise edge)
                                  0.000000    0.000000   clock network delay (propagated)
                                  0.250000    0.250000   clock uncertainty
                                  0.000000    0.250000   clock reconvergence pessimism
                                 -4.000000   -3.750000   output external delay
                                             -3.750000   data required time
---------------------------------------------------------------------------------------------
                                             -3.750000   data required time
                                             -0.299199   data arrival time
---------------------------------------------------------------------------------------------
                                              4.049199   slack (MET)


Startpoint: _107_ (rising edge-triggered flip-flop clocked by clk)
Endpoint: dout[11] (output port clocked by clk)
Path Group: clk
Path Type: min

Fanout         Cap        Slew       Delay        Time   Description
---------------------------------------------------------------------------------------------
                                  0.000000    0.000000   clock clk (rise edge)
                                  0.000000    0.000000   clock source latency
     1    0.045267    0.039798    0.026557    0.026557 ^ clk (in)
                                                         clk (net)
                      0.041924    0.000000    0.026557 ^ clkbuf_0_clk/A (sg13g2_buf_16)
     4    0.084269    0.023237    0.055392    0.081949 ^ clkbuf_0_clk/X (sg13g2_buf_16)
                                                         clknet_0_clk (net)
                      0.025630    0.005159    0.087108 ^ clkbuf_2_3__f_clk/A (sg13g2_buf_16)
     6    0.027025    0.014703    0.044444    0.131552 ^ clkbuf_2_3__f_clk/X (sg13g2_buf_16)
                                                         clknet_2_3__leaf_clk (net)
                      0.014866    0.002299    0.133851 ^ _107_/CLK (sg13g2_dfrbpq_1)
     2    0.012257    0.031463    0.116747    0.250597 v _107_/Q (sg13g2_dfrbpq_1)
                                                         net7 (net)
                      0.031479    0.000622    0.251219 v output7/A (sg13g2_buf_1)
     1    0.007821    0.022982    0.049719    0.300938 v output7/X (sg13g2_buf_1)
                                                         dout[11] (net)
                      0.022984    0.000205    0.301143 v dout[11] (out)
                                              0.301143   data arrival time

                                  0.000000    0.000000   clock clk (rise edge)
                                  0.000000    0.000000   clock network delay (propagated)
                                  0.250000    0.250000   clock uncertainty
                                  0.000000    0.250000   clock reconvergence pessimism
                                 -4.000000   -3.750000   output external delay
                                             -3.750000   data required time
---------------------------------------------------------------------------------------------
                                             -3.750000   data required time
                                             -0.301143   data arrival time
---------------------------------------------------------------------------------------------
                                              4.051143   slack (MET)


Startpoint: reset (input port clocked by clk)
Endpoint: _112_ (removal check against rising-edge clock clk)
Path Group: asynchronous
Path Type: min

Fanout         Cap        Slew       Delay        Time   Description
---------------------------------------------------------------------------------------------
                                  0.000000    0.000000   clock clk (rise edge)
                                  0.000000    0.000000   clock network delay (propagated)
                                  4.000000    4.000000 v input external delay
     1    0.003722    0.011467    0.001713    4.001713 v reset (in)
                                                         reset (net)
                      0.011468    0.000000    4.001713 v input3/A (sg13g2_buf_1)
     1    0.016296    0.040022    0.056256    4.057970 v input3/X (sg13g2_buf_1)
                                                         net3 (net)
                      0.040134    0.001653    4.059623 v fanout22/A (sg13g2_buf_1)
     4    0.037300    0.082922    0.095410    4.155033 v fanout22/X (sg13g2_buf_1)
                                                         net22 (net)
                      0.083087    0.002895    4.157927 v fanout20/A (sg13g2_buf_1)
     7    0.029952    0.067735    0.098827    4.256754 v fanout20/X (sg13g2_buf_1)
                                                         net20 (net)
                      0.067837    0.001793    4.258546 v fanout19/A (sg13g2_buf_1)
     8    0.035837    0.080136    0.101894    4.360441 v fanout19/X (sg13g2_buf_1)
                                                         net19 (net)
                      0.080189    0.001631    4.362072 v _084_/A (sg13g2_inv_1)
     1    0.004988    0.029606    0.033641    4.395712 ^ _084_/Y (sg13g2_inv_1)
                                                         _010_ (net)
                      0.029606    0.000192    4.395905 ^ _112_/RESET_B (sg13g2_dfrbpq_1)
                                              4.395905   data arrival time

                                  0.000000    0.000000   clock clk (rise edge)
                                  0.000000    0.000000   clock source latency
     1    0.048523    0.042046    0.031382    0.031382 ^ clk (in)
                                                         clk (net)
                      0.044485    0.000000    0.031382 ^ clkbuf_0_clk/A (sg13g2_buf_16)
     4    0.097293    0.025472    0.063365    0.094748 ^ clkbuf_0_clk/X (sg13g2_buf_16)
                                                         clknet_0_clk (net)
                      0.029718    0.008317    0.103065 ^ clkbuf_2_0__f_clk/A (sg13g2_buf_16)
     6    0.041055    0.016882    0.052390    0.155455 ^ clkbuf_2_0__f_clk/X (sg13g2_buf_16)
                                                         clknet_2_0__leaf_clk (net)
                      0.016997    0.002189    0.157644 ^ _112_/CLK (sg13g2_dfrbpq_1)
                                  0.250000    0.407644   clock uncertainty
                                  0.000000    0.407644   clock reconvergence pessimism
                                 -0.068676    0.338967   library removal time
                                              0.338967   data required time
---------------------------------------------------------------------------------------------
                                              0.338967   data required time
                                             -4.395905   data arrival time
---------------------------------------------------------------------------------------------
                                              4.056938   slack (MET)


Startpoint: reset (input port clocked by clk)
Endpoint: _111_ (removal check against rising-edge clock clk)
Path Group: asynchronous
Path Type: min

Fanout         Cap        Slew       Delay        Time   Description
---------------------------------------------------------------------------------------------
                                  0.000000    0.000000   clock clk (rise edge)
                                  0.000000    0.000000   clock network delay (propagated)
                                  4.000000    4.000000 v input external delay
     1    0.003722    0.011467    0.001713    4.001713 v reset (in)
                                                         reset (net)
                      0.011468    0.000000    4.001713 v input3/A (sg13g2_buf_1)
     1    0.016296    0.040022    0.056256    4.057970 v input3/X (sg13g2_buf_1)
                                                         net3 (net)
                      0.040134    0.001653    4.059623 v fanout22/A (sg13g2_buf_1)
     4    0.037300    0.082922    0.095410    4.155033 v fanout22/X (sg13g2_buf_1)
                                                         net22 (net)
                      0.083087    0.002895    4.157927 v fanout20/A (sg13g2_buf_1)
     7    0.029952    0.067735    0.098827    4.256754 v fanout20/X (sg13g2_buf_1)
                                                         net20 (net)
                      0.067837    0.001793    4.258546 v fanout19/A (sg13g2_buf_1)
     8    0.035837    0.080136    0.101894    4.360441 v fanout19/X (sg13g2_buf_1)
                                                         net19 (net)
                      0.080211    0.001941    4.362382 v _083_/A (sg13g2_inv_1)
     1    0.005060    0.029773    0.033832    4.396214 ^ _083_/Y (sg13g2_inv_1)
                                                         _009_ (net)
                      0.029773    0.000195    4.396409 ^ _111_/RESET_B (sg13g2_dfrbpq_1)
                                              4.396409   data arrival time

                                  0.000000    0.000000   clock clk (rise edge)
                                  0.000000    0.000000   clock source latency
     1    0.048523    0.042046    0.031382    0.031382 ^ clk (in)
                                                         clk (net)
                      0.044485    0.000000    0.031382 ^ clkbuf_0_clk/A (sg13g2_buf_16)
     4    0.097293    0.025472    0.063365    0.094748 ^ clkbuf_0_clk/X (sg13g2_buf_16)
                                                         clknet_0_clk (net)
                      0.029718    0.008317    0.103065 ^ clkbuf_2_0__f_clk/A (sg13g2_buf_16)
     6    0.041055    0.016882    0.052390    0.155455 ^ clkbuf_2_0__f_clk/X (sg13g2_buf_16)
                                                         clknet_2_0__leaf_clk (net)
                      0.016975    0.002055    0.157510 ^ _111_/CLK (sg13g2_dfrbpq_1)
                                  0.250000    0.407510   clock uncertainty
                                  0.000000    0.407510   clock reconvergence pessimism
                                 -0.068716    0.338793   library removal time
                                              0.338793   data required time
---------------------------------------------------------------------------------------------
                                              0.338793   data required time
                                             -4.396409   data arrival time
---------------------------------------------------------------------------------------------
                                              4.057616   slack (MET)


Startpoint: reset (input port clocked by clk)
Endpoint: _109_ (removal check against rising-edge clock clk)
Path Group: asynchronous
Path Type: min

Fanout         Cap        Slew       Delay        Time   Description
---------------------------------------------------------------------------------------------
                                  0.000000    0.000000   clock clk (rise edge)
                                  0.000000    0.000000   clock network delay (propagated)
                                  4.000000    4.000000 v input external delay
     1    0.003722    0.011467    0.001713    4.001713 v reset (in)
                                                         reset (net)
                      0.011468    0.000000    4.001713 v input3/A (sg13g2_buf_1)
     1    0.016296    0.040022    0.056256    4.057970 v input3/X (sg13g2_buf_1)
                                                         net3 (net)
                      0.040134    0.001653    4.059623 v fanout22/A (sg13g2_buf_1)
     4    0.037300    0.082922    0.095410    4.155033 v fanout22/X (sg13g2_buf_1)
                                                         net22 (net)
                      0.083087    0.002895    4.157927 v fanout20/A (sg13g2_buf_1)
     7    0.029952    0.067735    0.098827    4.256754 v fanout20/X (sg13g2_buf_1)
                                                         net20 (net)
                      0.067837    0.001793    4.258546 v fanout19/A (sg13g2_buf_1)
     8    0.035837    0.080136    0.101894    4.360441 v fanout19/X (sg13g2_buf_1)
                                                         net19 (net)
                      0.080308    0.002900    4.363341 v _081_/A (sg13g2_inv_1)
     1    0.005028    0.029718    0.033770    4.397111 ^ _081_/Y (sg13g2_inv_1)
                                                         _007_ (net)
                      0.029718    0.000192    4.397303 ^ _109_/RESET_B (sg13g2_dfrbpq_1)
                                              4.397303   data arrival time

                                  0.000000    0.000000   clock clk (rise edge)
                                  0.000000    0.000000   clock source latency
     1    0.048523    0.042046    0.031382    0.031382 ^ clk (in)
                                                         clk (net)
                      0.044485    0.000000    0.031382 ^ clkbuf_0_clk/A (sg13g2_buf_16)
     4    0.097293    0.025472    0.063365    0.094748 ^ clkbuf_0_clk/X (sg13g2_buf_16)
                                                         clknet_0_clk (net)
                      0.029718    0.008317    0.103065 ^ clkbuf_2_0__f_clk/A (sg13g2_buf_16)
     6    0.041055    0.016882    0.052390    0.155455 ^ clkbuf_2_0__f_clk/X (sg13g2_buf_16)
                                                         clknet_2_0__leaf_clk (net)
                      0.017021    0.002313    0.157767 ^ _109_/CLK (sg13g2_dfrbpq_1)
                                  0.250000    0.407767   clock uncertainty
                                  0.000000    0.407767   clock reconvergence pessimism
                                 -0.068700    0.339067   library removal time
                                              0.339067   data required time
---------------------------------------------------------------------------------------------
                                              0.339067   data required time
                                             -4.397303   data arrival time
---------------------------------------------------------------------------------------------
                                              4.058236   slack (MET)


Startpoint: reset (input port clocked by clk)
Endpoint: _110_ (removal check against rising-edge clock clk)
Path Group: asynchronous
Path Type: min

Fanout         Cap        Slew       Delay        Time   Description
---------------------------------------------------------------------------------------------
                                  0.000000    0.000000   clock clk (rise edge)
                                  0.000000    0.000000   clock network delay (propagated)
                                  4.000000    4.000000 v input external delay
     1    0.003722    0.011467    0.001713    4.001713 v reset (in)
                                                         reset (net)
                      0.011468    0.000000    4.001713 v input3/A (sg13g2_buf_1)
     1    0.016296    0.040022    0.056256    4.057970 v input3/X (sg13g2_buf_1)
                                                         net3 (net)
                      0.040134    0.001653    4.059623 v fanout22/A (sg13g2_buf_1)
     4    0.037300    0.082922    0.095410    4.155033 v fanout22/X (sg13g2_buf_1)
                                                         net22 (net)
                      0.083087    0.002895    4.157927 v fanout20/A (sg13g2_buf_1)
     7    0.029952    0.067735    0.098827    4.256754 v fanout20/X (sg13g2_buf_1)
                                                         net20 (net)
                      0.067837    0.001793    4.258546 v fanout19/A (sg13g2_buf_1)
     8    0.035837    0.080136    0.101894    4.360441 v fanout19/X (sg13g2_buf_1)
                                                         net19 (net)
                      0.080258    0.002452    4.362893 v _082_/A (sg13g2_inv_1)
     1    0.005162    0.030011    0.034105    4.396997 ^ _082_/Y (sg13g2_inv_1)
                                                         _008_ (net)
                      0.030015    0.000198    4.397196 ^ _110_/RESET_B (sg13g2_dfrbpq_1)
                                              4.397196   data arrival time

                                  0.000000    0.000000   clock clk (rise edge)
                                  0.000000    0.000000   clock source latency
     1    0.048523    0.042046    0.031382    0.031382 ^ clk (in)
                                                         clk (net)
                      0.044485    0.000000    0.031382 ^ clkbuf_0_clk/A (sg13g2_buf_16)
     4    0.097293    0.025472    0.063365    0.094748 ^ clkbuf_0_clk/X (sg13g2_buf_16)
                                                         clknet_0_clk (net)
                      0.029718    0.008317    0.103065 ^ clkbuf_2_0__f_clk/A (sg13g2_buf_16)
     6    0.041055    0.016882    0.052390    0.155455 ^ clkbuf_2_0__f_clk/X (sg13g2_buf_16)
                                                         clknet_2_0__leaf_clk (net)
                      0.017002    0.002212    0.157666 ^ _110_/CLK (sg13g2_dfrbpq_1)
                                  0.250000    0.407666   clock uncertainty
                                  0.000000    0.407666   clock reconvergence pessimism
                                 -0.068769    0.338897   library removal time
                                              0.338897   data required time
---------------------------------------------------------------------------------------------
                                              0.338897   data required time
                                             -4.397196   data arrival time
---------------------------------------------------------------------------------------------
                                              4.058299   slack (MET)


Startpoint: reset (input port clocked by clk)
Endpoint: _120_ (removal check against rising-edge clock clk)
Path Group: asynchronous
Path Type: min

Fanout         Cap        Slew       Delay        Time   Description
---------------------------------------------------------------------------------------------
                                  0.000000    0.000000   clock clk (rise edge)
                                  0.000000    0.000000   clock network delay (propagated)
                                  4.000000    4.000000 v input external delay
     1    0.003722    0.011467    0.001713    4.001713 v reset (in)
                                                         reset (net)
                      0.011468    0.000000    4.001713 v input3/A (sg13g2_buf_1)
     1    0.016296    0.040022    0.056256    4.057970 v input3/X (sg13g2_buf_1)
                                                         net3 (net)
                      0.040134    0.001653    4.059623 v fanout22/A (sg13g2_buf_1)
     4    0.037300    0.082922    0.095410    4.155033 v fanout22/X (sg13g2_buf_1)
                                                         net22 (net)
                      0.083087    0.002895    4.157927 v fanout20/A (sg13g2_buf_1)
     7    0.029952    0.067735    0.098827    4.256754 v fanout20/X (sg13g2_buf_1)
                                                         net20 (net)
                      0.067837    0.001793    4.258546 v fanout19/A (sg13g2_buf_1)
     8    0.035837    0.080136    0.101894    4.360441 v fanout19/X (sg13g2_buf_1)
                                                         net19 (net)
                      0.080324    0.003031    4.363472 v _092_/A (sg13g2_inv_1)
     1    0.005071    0.029818    0.033885    4.397357 ^ _092_/Y (sg13g2_inv_1)
                                                         _018_ (net)
                      0.029819    0.000195    4.397552 ^ _120_/RESET_B (sg13g2_dfrbpq_1)
                                              4.397552   data arrival time

                                  0.000000    0.000000   clock clk (rise edge)
                                  0.000000    0.000000   clock source latency
     1    0.048523    0.042046    0.031382    0.031382 ^ clk (in)
                                                         clk (net)
                      0.044485    0.000000    0.031382 ^ clkbuf_0_clk/A (sg13g2_buf_16)
     4    0.097293    0.025472    0.063365    0.094748 ^ clkbuf_0_clk/X (sg13g2_buf_16)
                                                         clknet_0_clk (net)
                      0.029718    0.008317    0.103065 ^ clkbuf_2_0__f_clk/A (sg13g2_buf_16)
     6    0.041055    0.016882    0.052390    0.155455 ^ clkbuf_2_0__f_clk/X (sg13g2_buf_16)
                                                         clknet_2_0__leaf_clk (net)
                      0.017041    0.002407    0.157862 ^ _120_/CLK (sg13g2_dfrbpq_1)
                                  0.250000    0.407862   clock uncertainty
                                  0.000000    0.407862   clock reconvergence pessimism
                                 -0.068721    0.339141   library removal time
                                              0.339141   data required time
---------------------------------------------------------------------------------------------
                                              0.339141   data required time
                                             -4.397552   data arrival time
---------------------------------------------------------------------------------------------
                                              4.058411   slack (MET)


Startpoint: _098_ (rising edge-triggered flip-flop clocked by clk)
Endpoint: dout[2] (output port clocked by clk)
Path Group: clk
Path Type: min

Fanout         Cap        Slew       Delay        Time   Description
---------------------------------------------------------------------------------------------
                                  0.000000    0.000000   clock clk (rise edge)
                                  0.000000    0.000000   clock source latency
     1    0.045267    0.039798    0.026557    0.026557 ^ clk (in)
                                                         clk (net)
                      0.041924    0.000000    0.026557 ^ clkbuf_0_clk/A (sg13g2_buf_16)
     4    0.084269    0.023237    0.055392    0.081949 ^ clkbuf_0_clk/X (sg13g2_buf_16)
                                                         clknet_0_clk (net)
                      0.026115    0.005782    0.087731 ^ clkbuf_2_1__f_clk/A (sg13g2_buf_16)
     6    0.032252    0.015474    0.045359    0.133090 ^ clkbuf_2_1__f_clk/X (sg13g2_buf_16)
                                                         clknet_2_1__leaf_clk (net)
                      0.015508    0.001219    0.134309 ^ _098_/CLK (sg13g2_dfrbpq_1)
     2    0.015589    0.038244    0.121871    0.256180 v _098_/Q (sg13g2_dfrbpq_1)
                                                         net9 (net)
                      0.038288    0.001098    0.257279 v output9/A (sg13g2_buf_1)
     1    0.007832    0.023220    0.051750    0.309028 v output9/X (sg13g2_buf_1)
                                                         dout[2] (net)
                      0.023222    0.000205    0.309233 v dout[2] (out)
                                              0.309233   data arrival time

                                  0.000000    0.000000   clock clk (rise edge)
                                  0.000000    0.000000   clock network delay (propagated)
                                  0.250000    0.250000   clock uncertainty
                                  0.000000    0.250000   clock reconvergence pessimism
                                 -4.000000   -3.750000   output external delay
                                             -3.750000   data required time
---------------------------------------------------------------------------------------------
                                             -3.750000   data required time
                                             -0.309233   data arrival time
---------------------------------------------------------------------------------------------
                                              4.059234   slack (MET)


Startpoint: reset (input port clocked by clk)
Endpoint: _121_ (removal check against rising-edge clock clk)
Path Group: asynchronous
Path Type: min

Fanout         Cap        Slew       Delay        Time   Description
---------------------------------------------------------------------------------------------
                                  0.000000    0.000000   clock clk (rise edge)
                                  0.000000    0.000000   clock network delay (propagated)
                                  4.000000    4.000000 v input external delay
     1    0.003722    0.011467    0.001713    4.001713 v reset (in)
                                                         reset (net)
                      0.011468    0.000000    4.001713 v input3/A (sg13g2_buf_1)
     1    0.016296    0.040022    0.056256    4.057970 v input3/X (sg13g2_buf_1)
                                                         net3 (net)
                      0.040134    0.001653    4.059623 v fanout22/A (sg13g2_buf_1)
     4    0.037300    0.082922    0.095410    4.155033 v fanout22/X (sg13g2_buf_1)
                                                         net22 (net)
                      0.083087    0.002895    4.157927 v fanout20/A (sg13g2_buf_1)
     7    0.029952    0.067735    0.098827    4.256754 v fanout20/X (sg13g2_buf_1)
                                                         net20 (net)
                      0.067837    0.001793    4.258546 v fanout19/A (sg13g2_buf_1)
     8    0.035837    0.080136    0.101894    4.360441 v fanout19/X (sg13g2_buf_1)
                                                         net19 (net)
                      0.080327    0.003049    4.363490 v _093_/A (sg13g2_inv_1)
     1    0.005009    0.029679    0.033725    4.397216 ^ _093_/Y (sg13g2_inv_1)
                                                         _019_ (net)
                      0.029679    0.000191    4.397407 ^ _121_/RESET_B (sg13g2_dfrbpq_1)
                                              4.397407   data arrival time

                                  0.000000    0.000000   clock clk (rise edge)
                                  0.000000    0.000000   clock source latency
     1    0.048523    0.042046    0.031382    0.031382 ^ clk (in)
                                                         clk (net)
                      0.044485    0.000000    0.031382 ^ clkbuf_0_clk/A (sg13g2_buf_16)
     4    0.097293    0.025472    0.063365    0.094748 ^ clkbuf_0_clk/X (sg13g2_buf_16)
                                                         clknet_0_clk (net)
                      0.028938    0.007383    0.102130 ^ clkbuf_2_1__f_clk/A (sg13g2_buf_16)
     6    0.035509    0.016081    0.051644    0.153774 ^ clkbuf_2_1__f_clk/X (sg13g2_buf_16)
                                                         clknet_2_1__leaf_clk (net)
                      0.016136    0.001671    0.155445 ^ _121_/CLK (sg13g2_dfrbpq_1)
                                  0.250000    0.405445   clock uncertainty
                                  0.000000    0.405445   clock reconvergence pessimism
                                 -0.068773    0.336672   library removal time
                                              0.336672   data required time
---------------------------------------------------------------------------------------------
                                              0.336672   data required time
                                             -4.397407   data arrival time
---------------------------------------------------------------------------------------------
                                              4.060735   slack (MET)


Startpoint: _121_ (rising edge-triggered flip-flop clocked by clk)
Endpoint: dout[1] (output port clocked by clk)
Path Group: clk
Path Type: min

Fanout         Cap        Slew       Delay        Time   Description
---------------------------------------------------------------------------------------------
                                  0.000000    0.000000   clock clk (rise edge)
                                  0.000000    0.000000   clock source latency
     1    0.045267    0.039798    0.026557    0.026557 ^ clk (in)
                                                         clk (net)
                      0.041924    0.000000    0.026557 ^ clkbuf_0_clk/A (sg13g2_buf_16)
     4    0.084269    0.023237    0.055392    0.081949 ^ clkbuf_0_clk/X (sg13g2_buf_16)
                                                         clknet_0_clk (net)
                      0.026115    0.005782    0.087731 ^ clkbuf_2_1__f_clk/A (sg13g2_buf_16)
     6    0.032252    0.015474    0.045359    0.133090 ^ clkbuf_2_1__f_clk/X (sg13g2_buf_16)
                                                         clknet_2_1__leaf_clk (net)
                      0.015519    0.001371    0.134460 ^ _121_/CLK (sg13g2_dfrbpq_1)
     2    0.016372    0.039836    0.123093    0.257554 v _121_/Q (sg13g2_dfrbpq_1)
                                                         net8 (net)
                      0.039880    0.001124    0.258678 v output8/A (sg13g2_buf_1)
     1    0.007809    0.023227    0.052184    0.310862 v output8/X (sg13g2_buf_1)
                                                         dout[1] (net)
                      0.023228    0.000205    0.311067 v dout[1] (out)
                                              0.311067   data arrival time

                                  0.000000    0.000000   clock clk (rise edge)
                                  0.000000    0.000000   clock network delay (propagated)
                                  0.250000    0.250000   clock uncertainty
                                  0.000000    0.250000   clock reconvergence pessimism
                                 -4.000000   -3.750000   output external delay
                                             -3.750000   data required time
---------------------------------------------------------------------------------------------
                                             -3.750000   data required time
                                             -0.311067   data arrival time
---------------------------------------------------------------------------------------------
                                              4.061067   slack (MET)


Startpoint: reset (input port clocked by clk)
Endpoint: _098_ (removal check against rising-edge clock clk)
Path Group: asynchronous
Path Type: min

Fanout         Cap        Slew       Delay        Time   Description
---------------------------------------------------------------------------------------------
                                  0.000000    0.000000   clock clk (rise edge)
                                  0.000000    0.000000   clock network delay (propagated)
                                  4.000000    4.000000 v input external delay
     1    0.003722    0.011467    0.001713    4.001713 v reset (in)
                                                         reset (net)
                      0.011468    0.000000    4.001713 v input3/A (sg13g2_buf_1)
     1    0.016296    0.040022    0.056256    4.057970 v input3/X (sg13g2_buf_1)
                                                         net3 (net)
                      0.040134    0.001653    4.059623 v fanout22/A (sg13g2_buf_1)
     4    0.037300    0.082922    0.095410    4.155033 v fanout22/X (sg13g2_buf_1)
                                                         net22 (net)
                      0.083087    0.002895    4.157927 v fanout20/A (sg13g2_buf_1)
     7    0.029952    0.067735    0.098827    4.256754 v fanout20/X (sg13g2_buf_1)
                                                         net20 (net)
                      0.067837    0.001793    4.258546 v fanout19/A (sg13g2_buf_1)
     8    0.035837    0.080136    0.101894    4.360441 v fanout19/X (sg13g2_buf_1)
                                                         net19 (net)
                      0.080308    0.002903    4.363345 v _094_/A (sg13g2_inv_1)
     1    0.005108    0.029898    0.033976    4.397321 ^ _094_/Y (sg13g2_inv_1)
                                                         _020_ (net)
                      0.029899    0.000196    4.397517 ^ _098_/RESET_B (sg13g2_dfrbpq_1)
                                              4.397517   data arrival time

                                  0.000000    0.000000   clock clk (rise edge)
                                  0.000000    0.000000   clock source latency
     1    0.048523    0.042046    0.031382    0.031382 ^ clk (in)
                                                         clk (net)
                      0.044485    0.000000    0.031382 ^ clkbuf_0_clk/A (sg13g2_buf_16)
     4    0.097293    0.025472    0.063365    0.094748 ^ clkbuf_0_clk/X (sg13g2_buf_16)
                                                         clknet_0_clk (net)
                      0.028938    0.007383    0.102130 ^ clkbuf_2_1__f_clk/A (sg13g2_buf_16)
     6    0.035509    0.016081    0.051644    0.153774 ^ clkbuf_2_1__f_clk/X (sg13g2_buf_16)
                                                         clknet_2_1__leaf_clk (net)
                      0.016124    0.001498    0.155272 ^ _098_/CLK (sg13g2_dfrbpq_1)
                                  0.250000    0.405272   clock uncertainty
                                  0.000000    0.405272   clock reconvergence pessimism
                                 -0.068824    0.336448   library removal time
                                              0.336448   data required time
---------------------------------------------------------------------------------------------
                                              0.336448   data required time
                                             -4.397517   data arrival time
---------------------------------------------------------------------------------------------
                                              4.061069   slack (MET)


Startpoint: _120_ (rising edge-triggered flip-flop clocked by clk)
Endpoint: dout[0] (output port clocked by clk)
Path Group: clk
Path Type: min

Fanout         Cap        Slew       Delay        Time   Description
---------------------------------------------------------------------------------------------
                                  0.000000    0.000000   clock clk (rise edge)
                                  0.000000    0.000000   clock source latency
     1    0.045267    0.039798    0.026557    0.026557 ^ clk (in)
                                                         clk (net)
                      0.041924    0.000000    0.026557 ^ clkbuf_0_clk/A (sg13g2_buf_16)
     4    0.084269    0.023237    0.055392    0.081949 ^ clkbuf_0_clk/X (sg13g2_buf_16)
                                                         clknet_0_clk (net)
                      0.026733    0.006510    0.088459 ^ clkbuf_2_0__f_clk/A (sg13g2_buf_16)
     6    0.037798    0.016285    0.046008    0.134467 ^ clkbuf_2_0__f_clk/X (sg13g2_buf_16)
                                                         clknet_2_0__leaf_clk (net)
                      0.016399    0.001997    0.136464 ^ _120_/CLK (sg13g2_dfrbpq_1)
     2    0.015856    0.038786    0.122589    0.259054 v _120_/Q (sg13g2_dfrbpq_1)
                                                         net5 (net)
                      0.038843    0.001248    0.260302 v output5/A (sg13g2_buf_1)
     1    0.007896    0.023364    0.052015    0.312317 v output5/X (sg13g2_buf_1)
                                                         dout[0] (net)
                      0.023365    0.000206    0.312523 v dout[0] (out)
                                              0.312523   data arrival time

                                  0.000000    0.000000   clock clk (rise edge)
                                  0.000000    0.000000   clock network delay (propagated)
                                  0.250000    0.250000   clock uncertainty
                                  0.000000    0.250000   clock reconvergence pessimism
                                 -4.000000   -3.750000   output external delay
                                             -3.750000   data required time
---------------------------------------------------------------------------------------------
                                             -3.750000   data required time
                                             -0.312523   data arrival time
---------------------------------------------------------------------------------------------
                                              4.062523   slack (MET)


Startpoint: reset (input port clocked by clk)
Endpoint: _099_ (removal check against rising-edge clock clk)
Path Group: asynchronous
Path Type: min

Fanout         Cap        Slew       Delay        Time   Description
---------------------------------------------------------------------------------------------
                                  0.000000    0.000000   clock clk (rise edge)
                                  0.000000    0.000000   clock network delay (propagated)
                                  4.000000    4.000000 v input external delay
     1    0.003722    0.011467    0.001713    4.001713 v reset (in)
                                                         reset (net)
                      0.011468    0.000000    4.001713 v input3/A (sg13g2_buf_1)
     1    0.016296    0.040022    0.056256    4.057970 v input3/X (sg13g2_buf_1)
                                                         net3 (net)
                      0.040134    0.001653    4.059623 v fanout22/A (sg13g2_buf_1)
     4    0.037300    0.082922    0.095410    4.155033 v fanout22/X (sg13g2_buf_1)
                                                         net22 (net)
                      0.083087    0.002895    4.157927 v fanout20/A (sg13g2_buf_1)
     7    0.029952    0.067735    0.098827    4.256754 v fanout20/X (sg13g2_buf_1)
                                                         net20 (net)
                      0.067837    0.001793    4.258546 v fanout19/A (sg13g2_buf_1)
     8    0.035837    0.080136    0.101894    4.360441 v fanout19/X (sg13g2_buf_1)
                                                         net19 (net)
                      0.080213    0.001958    4.362399 v _095_/A (sg13g2_inv_1)
     1    0.006371    0.032931    0.037144    4.399543 ^ _095_/Y (sg13g2_inv_1)
                                                         _021_ (net)
                      0.032942    0.000457    4.400000 ^ _099_/RESET_B (sg13g2_dfrbpq_1)
                                              4.400000   data arrival time

                                  0.000000    0.000000   clock clk (rise edge)
                                  0.000000    0.000000   clock source latency
     1    0.048523    0.042046    0.031382    0.031382 ^ clk (in)
                                                         clk (net)
                      0.044485    0.000000    0.031382 ^ clkbuf_0_clk/A (sg13g2_buf_16)
     4    0.097293    0.025472    0.063365    0.094748 ^ clkbuf_0_clk/X (sg13g2_buf_16)
                                                         clknet_0_clk (net)
                      0.028938    0.007383    0.102130 ^ clkbuf_2_1__f_clk/A (sg13g2_buf_16)
     6    0.035509    0.016081    0.051644    0.153774 ^ clkbuf_2_1__f_clk/X (sg13g2_buf_16)
                                                         clknet_2_1__leaf_clk (net)
                      0.016116    0.001370    0.155144 ^ _099_/CLK (sg13g2_dfrbpq_1)
                                  0.250000    0.405144   clock uncertainty
                                  0.000000    0.405144   clock reconvergence pessimism
                                 -0.069518    0.335626   library removal time
                                              0.335626   data required time
---------------------------------------------------------------------------------------------
                                              0.335626   data required time
                                             -4.400000   data arrival time
---------------------------------------------------------------------------------------------
                                              4.064373   slack (MET)



%OL_END_REPORT
%OL_CREATE_REPORT max.rpt

===========================================================================
report_checks -path_delay max (Setup)
============================================================================
======================= nom_fast_1p32V_m40C Corner ===================================

Startpoint: done_in (input port clocked by clk)
Endpoint: _113_ (rising edge-triggered flip-flop clocked by clk)
Path Group: clk
Path Type: max

Fanout         Cap        Slew       Delay        Time   Description
---------------------------------------------------------------------------------------------
                                  0.000000    0.000000   clock clk (rise edge)
                                  0.000000    0.000000   clock network delay (propagated)
                                  4.000000    4.000000 v input external delay
     1    0.003423    0.011319    0.001795    4.001795 v done_in (in)
                                                         done_in (net)
                      0.011319    0.000000    4.001795 v input2/A (sg13g2_buf_1)
     2    0.025894    0.059020    0.077410    4.079205 v input2/X (sg13g2_buf_1)
                                                         net2 (net)
                      0.059349    0.003747    4.082952 v fanout23/A (sg13g2_buf_1)
     8    0.084749    0.183169    0.176300    4.259252 v fanout23/X (sg13g2_buf_1)
                                                         net23 (net)
                      0.183267    0.003848    4.263100 v _056_/A (sg13g2_nor2b_1)
     2    0.009731    0.086653    0.102182    4.365283 ^ _056_/Y (sg13g2_nor2b_1)
                                                         _048_ (net)
                      0.086658    0.000571    4.365853 ^ fanout17/A (sg13g2_buf_1)
     8    0.093767    0.248054    0.226221    4.592074 ^ fanout17/X (sg13g2_buf_1)
                                                         net17 (net)
                      0.249472    0.016058    4.608132 ^ _063_/S (sg13g2_mux2_1)
     1    0.002307    0.022757    0.153379    4.761511 v _063_/X (sg13g2_mux2_1)
                                                         _035_ (net)
                      0.022758    0.000163    4.761674 v hold41/A (sg13g2_dlygate4sd3_1)
     1    0.002157    0.024022    0.261113    5.022787 v hold41/X (sg13g2_dlygate4sd3_1)
                                                         net41 (net)
                      0.024022    0.000087    5.022874 v _113_/D (sg13g2_dfrbpq_1)
                                              5.022874   data arrival time

                                 20.000000   20.000000   clock clk (rise edge)
                                  0.000000   20.000000   clock source latency
     1    0.045267    0.039798    0.026557   20.026558 ^ clk (in)
                                                         clk (net)
                      0.041924    0.000000   20.026558 ^ clkbuf_0_clk/A (sg13g2_buf_16)
     4    0.084269    0.023237    0.055392   20.081949 ^ clkbuf_0_clk/X (sg13g2_buf_16)
                                                         clknet_0_clk (net)
                      0.026115    0.005782   20.087730 ^ clkbuf_2_1__f_clk/A (sg13g2_buf_16)
     6    0.032252    0.015474    0.045359   20.133091 ^ clkbuf_2_1__f_clk/X (sg13g2_buf_16)
                                                         clknet_2_1__leaf_clk (net)
                      0.015481    0.000618   20.133709 ^ _113_/CLK (sg13g2_dfrbpq_1)
                                 -0.250000   19.883709   clock uncertainty
                                  0.000000   19.883709   clock reconvergence pessimism
                                 -0.070503   19.813206   library setup time
                                             19.813206   data required time
---------------------------------------------------------------------------------------------
                                             19.813206   data required time
                                             -5.022874   data arrival time
---------------------------------------------------------------------------------------------
                                             14.790332   slack (MET)


Startpoint: done_in (input port clocked by clk)
Endpoint: _114_ (rising edge-triggered flip-flop clocked by clk)
Path Group: clk
Path Type: max

Fanout         Cap        Slew       Delay        Time   Description
---------------------------------------------------------------------------------------------
                                  0.000000    0.000000   clock clk (rise edge)
                                  0.000000    0.000000   clock network delay (propagated)
                                  4.000000    4.000000 v input external delay
     1    0.003423    0.011319    0.001795    4.001795 v done_in (in)
                                                         done_in (net)
                      0.011319    0.000000    4.001795 v input2/A (sg13g2_buf_1)
     2    0.025894    0.059020    0.077410    4.079205 v input2/X (sg13g2_buf_1)
                                                         net2 (net)
                      0.059349    0.003747    4.082952 v fanout23/A (sg13g2_buf_1)
     8    0.084749    0.183169    0.176300    4.259252 v fanout23/X (sg13g2_buf_1)
                                                         net23 (net)
                      0.183267    0.003848    4.263100 v _056_/A (sg13g2_nor2b_1)
     2    0.009731    0.086653    0.102182    4.365283 ^ _056_/Y (sg13g2_nor2b_1)
                                                         _048_ (net)
                      0.086658    0.000571    4.365853 ^ fanout17/A (sg13g2_buf_1)
     8    0.093767    0.248054    0.226221    4.592074 ^ fanout17/X (sg13g2_buf_1)
                                                         net17 (net)
                      0.248929    0.012745    4.604819 ^ _062_/S (sg13g2_mux2_1)
     1    0.002978    0.023914    0.154684    4.759503 v _062_/X (sg13g2_mux2_1)
                                                         _036_ (net)
                      0.023914    0.000190    4.759693 v hold43/A (sg13g2_dlygate4sd3_1)
     1    0.002247    0.024200    0.261933    5.021626 v hold43/X (sg13g2_dlygate4sd3_1)
                                                         net43 (net)
                      0.024200    0.000092    5.021719 v _114_/D (sg13g2_dfrbpq_1)
                                              5.021719   data arrival time

                                 20.000000   20.000000   clock clk (rise edge)
                                  0.000000   20.000000   clock source latency
     1    0.045267    0.039798    0.026557   20.026558 ^ clk (in)
                                                         clk (net)
                      0.041924    0.000000   20.026558 ^ clkbuf_0_clk/A (sg13g2_buf_16)
     4    0.084269    0.023237    0.055392   20.081949 ^ clkbuf_0_clk/X (sg13g2_buf_16)
                                                         clknet_0_clk (net)
                      0.025409    0.004857   20.086805 ^ clkbuf_2_2__f_clk/A (sg13g2_buf_16)
     6    0.039261    0.016431    0.045716   20.132523 ^ clkbuf_2_2__f_clk/X (sg13g2_buf_16)
                                                         clknet_2_2__leaf_clk (net)
                      0.016638    0.002398   20.134920 ^ _114_/CLK (sg13g2_dfrbpq_1)
                                 -0.250000   19.884920   clock uncertainty
                                  0.000000   19.884920   clock reconvergence pessimism
                                 -0.070334   19.814589   library setup time
                                             19.814589   data required time
---------------------------------------------------------------------------------------------
                                             19.814589   data required time
                                             -5.021719   data arrival time
---------------------------------------------------------------------------------------------
                                             14.792870   slack (MET)


Startpoint: done_in (input port clocked by clk)
Endpoint: _117_ (rising edge-triggered flip-flop clocked by clk)
Path Group: clk
Path Type: max

Fanout         Cap        Slew       Delay        Time   Description
---------------------------------------------------------------------------------------------
                                  0.000000    0.000000   clock clk (rise edge)
                                  0.000000    0.000000   clock network delay (propagated)
                                  4.000000    4.000000 v input external delay
     1    0.003423    0.011319    0.001795    4.001795 v done_in (in)
                                                         done_in (net)
                      0.011319    0.000000    4.001795 v input2/A (sg13g2_buf_1)
     2    0.025894    0.059020    0.077410    4.079205 v input2/X (sg13g2_buf_1)
                                                         net2 (net)
                      0.059349    0.003747    4.082952 v fanout23/A (sg13g2_buf_1)
     8    0.084749    0.183169    0.176300    4.259252 v fanout23/X (sg13g2_buf_1)
                                                         net23 (net)
                      0.183267    0.003848    4.263100 v _056_/A (sg13g2_nor2b_1)
     2    0.009731    0.086653    0.102182    4.365283 ^ _056_/Y (sg13g2_nor2b_1)
                                                         _048_ (net)
                      0.086660    0.000641    4.365924 ^ fanout18/A (sg13g2_buf_1)
     4    0.045712    0.123381    0.144646    4.510570 ^ fanout18/X (sg13g2_buf_1)
                                                         net18 (net)
                      0.123460    0.002719    4.513288 ^ _059_/S (sg13g2_mux2_1)
     1    0.002559    0.022939    0.132132    4.645420 v _059_/X (sg13g2_mux2_1)
                                                         _039_ (net)
                      0.022939    0.000099    4.645519 v hold45/A (sg13g2_dlygate4sd3_1)
     1    0.002245    0.024196    0.261427    4.906947 v hold45/X (sg13g2_dlygate4sd3_1)
                                                         net45 (net)
                      0.024197    0.000092    4.907039 v _117_/D (sg13g2_dfrbpq_1)
                                              4.907039   data arrival time

                                 20.000000   20.000000   clock clk (rise edge)
                                  0.000000   20.000000   clock source latency
     1    0.045267    0.039798    0.026557   20.026558 ^ clk (in)
                                                         clk (net)
                      0.041924    0.000000   20.026558 ^ clkbuf_0_clk/A (sg13g2_buf_16)
     4    0.084269    0.023237    0.055392   20.081949 ^ clkbuf_0_clk/X (sg13g2_buf_16)
                                                         clknet_0_clk (net)
                      0.025630    0.005159   20.087107 ^ clkbuf_2_3__f_clk/A (sg13g2_buf_16)
     6    0.027025    0.014703    0.044444   20.131552 ^ clkbuf_2_3__f_clk/X (sg13g2_buf_16)
                                                         clknet_2_3__leaf_clk (net)
                      0.014703    0.000128   20.131680 ^ _117_/CLK (sg13g2_dfrbpq_1)
                                 -0.250000   19.881681   clock uncertainty
                                  0.000000   19.881681   clock reconvergence pessimism
                                 -0.070695   19.810986   library setup time
                                             19.810986   data required time
---------------------------------------------------------------------------------------------
                                             19.810986   data required time
                                             -4.907039   data arrival time
---------------------------------------------------------------------------------------------
                                             14.903947   slack (MET)


Startpoint: done_in (input port clocked by clk)
Endpoint: _111_ (rising edge-triggered flip-flop clocked by clk)
Path Group: clk
Path Type: max

Fanout         Cap        Slew       Delay        Time   Description
---------------------------------------------------------------------------------------------
                                  0.000000    0.000000   clock clk (rise edge)
                                  0.000000    0.000000   clock network delay (propagated)
                                  4.000000    4.000000 v input external delay
     1    0.003423    0.011319    0.001795    4.001795 v done_in (in)
                                                         done_in (net)
                      0.011319    0.000000    4.001795 v input2/A (sg13g2_buf_1)
     2    0.025894    0.059020    0.077410    4.079205 v input2/X (sg13g2_buf_1)
                                                         net2 (net)
                      0.059349    0.003747    4.082952 v fanout23/A (sg13g2_buf_1)
     8    0.084749    0.183169    0.176300    4.259252 v fanout23/X (sg13g2_buf_1)
                                                         net23 (net)
                      0.183267    0.003848    4.263100 v _056_/A (sg13g2_nor2b_1)
     2    0.009731    0.086653    0.102182    4.365283 ^ _056_/Y (sg13g2_nor2b_1)
                                                         _048_ (net)
                      0.086658    0.000571    4.365853 ^ fanout17/A (sg13g2_buf_1)
     8    0.093767    0.248054    0.226221    4.592074 ^ fanout17/X (sg13g2_buf_1)
                                                         net17 (net)
                      0.250079    0.019041    4.611115 ^ _065_/S (sg13g2_mux2_1)
     1    0.002657    0.023381    0.154197    4.765312 v _065_/X (sg13g2_mux2_1)
                                                         _033_ (net)
                      0.023381    0.000107    4.765419 v _111_/D (sg13g2_dfrbpq_1)
                                              4.765419   data arrival time

                                 20.000000   20.000000   clock clk (rise edge)
                                  0.000000   20.000000   clock source latency
     1    0.045267    0.039798    0.026557   20.026558 ^ clk (in)
                                                         clk (net)
                      0.041924    0.000000   20.026558 ^ clkbuf_0_clk/A (sg13g2_buf_16)
     4    0.084269    0.023237    0.055392   20.081949 ^ clkbuf_0_clk/X (sg13g2_buf_16)
                                                         clknet_0_clk (net)
                      0.026733    0.006510   20.088459 ^ clkbuf_2_0__f_clk/A (sg13g2_buf_16)
     6    0.037798    0.016285    0.046008   20.134466 ^ clkbuf_2_0__f_clk/X (sg13g2_buf_16)
                                                         clknet_2_0__leaf_clk (net)
                      0.016356    0.001702   20.136169 ^ _111_/CLK (sg13g2_dfrbpq_1)
                                 -0.250000   19.886169   clock uncertainty
                                  0.000000   19.886169   clock reconvergence pessimism
                                 -0.070167   19.816002   library setup time
                                             19.816002   data required time
---------------------------------------------------------------------------------------------
                                             19.816002   data required time
                                             -4.765419   data arrival time
---------------------------------------------------------------------------------------------
                                             15.050584   slack (MET)


Startpoint: done_in (input port clocked by clk)
Endpoint: _112_ (rising edge-triggered flip-flop clocked by clk)
Path Group: clk
Path Type: max

Fanout         Cap        Slew       Delay        Time   Description
---------------------------------------------------------------------------------------------
                                  0.000000    0.000000   clock clk (rise edge)
                                  0.000000    0.000000   clock network delay (propagated)
                                  4.000000    4.000000 v input external delay
     1    0.003423    0.011319    0.001795    4.001795 v done_in (in)
                                                         done_in (net)
                      0.011319    0.000000    4.001795 v input2/A (sg13g2_buf_1)
     2    0.025894    0.059020    0.077410    4.079205 v input2/X (sg13g2_buf_1)
                                                         net2 (net)
                      0.059349    0.003747    4.082952 v fanout23/A (sg13g2_buf_1)
     8    0.084749    0.183169    0.176300    4.259252 v fanout23/X (sg13g2_buf_1)
                                                         net23 (net)
                      0.183267    0.003848    4.263100 v _056_/A (sg13g2_nor2b_1)
     2    0.009731    0.086653    0.102182    4.365283 ^ _056_/Y (sg13g2_nor2b_1)
                                                         _048_ (net)
                      0.086658    0.000571    4.365853 ^ fanout17/A (sg13g2_buf_1)
     8    0.093767    0.248054    0.226221    4.592074 ^ fanout17/X (sg13g2_buf_1)
                                                         net17 (net)
                      0.249859    0.018018    4.610093 ^ _064_/S (sg13g2_mux2_1)
     1    0.002695    0.023445    0.154231    4.764324 v _064_/X (sg13g2_mux2_1)
                                                         _034_ (net)
                      0.023445    0.000189    4.764513 v _112_/D (sg13g2_dfrbpq_1)
                                              4.764513   data arrival time

                                 20.000000   20.000000   clock clk (rise edge)
                                  0.000000   20.000000   clock source latency
     1    0.045267    0.039798    0.026557   20.026558 ^ clk (in)
                                                         clk (net)
                      0.041924    0.000000   20.026558 ^ clkbuf_0_clk/A (sg13g2_buf_16)
     4    0.084269    0.023237    0.055392   20.081949 ^ clkbuf_0_clk/X (sg13g2_buf_16)
                                                         clknet_0_clk (net)
                      0.026733    0.006510   20.088459 ^ clkbuf_2_0__f_clk/A (sg13g2_buf_16)
     6    0.037798    0.016285    0.046008   20.134466 ^ clkbuf_2_0__f_clk/X (sg13g2_buf_16)
                                                         clknet_2_0__leaf_clk (net)
                      0.016371    0.001826   20.136293 ^ _112_/CLK (sg13g2_dfrbpq_1)
                                 -0.250000   19.886293   clock uncertainty
                                  0.000000   19.886293   clock reconvergence pessimism
                                 -0.070182   19.816113   library setup time
                                             19.816113   data required time
---------------------------------------------------------------------------------------------
                                             19.816113   data required time
                                             -4.764513   data arrival time
---------------------------------------------------------------------------------------------
                                             15.051600   slack (MET)


Startpoint: done_in (input port clocked by clk)
Endpoint: _109_ (rising edge-triggered flip-flop clocked by clk)
Path Group: clk
Path Type: max

Fanout         Cap        Slew       Delay        Time   Description
---------------------------------------------------------------------------------------------
                                  0.000000    0.000000   clock clk (rise edge)
                                  0.000000    0.000000   clock network delay (propagated)
                                  4.000000    4.000000 v input external delay
     1    0.003423    0.011319    0.001795    4.001795 v done_in (in)
                                                         done_in (net)
                      0.011319    0.000000    4.001795 v input2/A (sg13g2_buf_1)
     2    0.025894    0.059020    0.077410    4.079205 v input2/X (sg13g2_buf_1)
                                                         net2 (net)
                      0.059349    0.003747    4.082952 v fanout23/A (sg13g2_buf_1)
     8    0.084749    0.183169    0.176300    4.259252 v fanout23/X (sg13g2_buf_1)
                                                         net23 (net)
                      0.183267    0.003848    4.263100 v _056_/A (sg13g2_nor2b_1)
     2    0.009731    0.086653    0.102182    4.365283 ^ _056_/Y (sg13g2_nor2b_1)
                                                         _048_ (net)
                      0.086658    0.000571    4.365853 ^ fanout17/A (sg13g2_buf_1)
     8    0.093767    0.248054    0.226221    4.592074 ^ fanout17/X (sg13g2_buf_1)
                                                         net17 (net)
                      0.250140    0.019312    4.611386 ^ _067_/S (sg13g2_mux2_1)
     1    0.002026    0.022894    0.152905    4.764291 v _067_/X (sg13g2_mux2_1)
                                                         _031_ (net)
                      0.022894    0.000083    4.764375 v _109_/D (sg13g2_dfrbpq_1)
                                              4.764375   data arrival time

                                 20.000000   20.000000   clock clk (rise edge)
                                  0.000000   20.000000   clock source latency
     1    0.045267    0.039798    0.026557   20.026558 ^ clk (in)
                                                         clk (net)
                      0.041924    0.000000   20.026558 ^ clkbuf_0_clk/A (sg13g2_buf_16)
     4    0.084269    0.023237    0.055392   20.081949 ^ clkbuf_0_clk/X (sg13g2_buf_16)
                                                         clknet_0_clk (net)
                      0.026733    0.006510   20.088459 ^ clkbuf_2_0__f_clk/A (sg13g2_buf_16)
     6    0.037798    0.016285    0.046008   20.134466 ^ clkbuf_2_0__f_clk/X (sg13g2_buf_16)
                                                         clknet_2_0__leaf_clk (net)
                      0.016385    0.001915   20.136381 ^ _109_/CLK (sg13g2_dfrbpq_1)
                                 -0.250000   19.886383   clock uncertainty
                                  0.000000   19.886383   clock reconvergence pessimism
                                 -0.070031   19.816351   library setup time
                                             19.816351   data required time
---------------------------------------------------------------------------------------------
                                             19.816351   data required time
                                             -4.764375   data arrival time
---------------------------------------------------------------------------------------------
                                             15.051978   slack (MET)


Startpoint: done_in (input port clocked by clk)
Endpoint: _110_ (rising edge-triggered flip-flop clocked by clk)
Path Group: clk
Path Type: max

Fanout         Cap        Slew       Delay        Time   Description
---------------------------------------------------------------------------------------------
                                  0.000000    0.000000   clock clk (rise edge)
                                  0.000000    0.000000   clock network delay (propagated)
                                  4.000000    4.000000 v input external delay
     1    0.003423    0.011319    0.001795    4.001795 v done_in (in)
                                                         done_in (net)
                      0.011319    0.000000    4.001795 v input2/A (sg13g2_buf_1)
     2    0.025894    0.059020    0.077410    4.079205 v input2/X (sg13g2_buf_1)
                                                         net2 (net)
                      0.059349    0.003747    4.082952 v fanout23/A (sg13g2_buf_1)
     8    0.084749    0.183169    0.176300    4.259252 v fanout23/X (sg13g2_buf_1)
                                                         net23 (net)
                      0.183267    0.003848    4.263100 v _056_/A (sg13g2_nor2b_1)
     2    0.009731    0.086653    0.102182    4.365283 ^ _056_/Y (sg13g2_nor2b_1)
                                                         _048_ (net)
                      0.086658    0.000571    4.365853 ^ fanout17/A (sg13g2_buf_1)
     8    0.093767    0.248054    0.226221    4.592074 ^ fanout17/X (sg13g2_buf_1)
                                                         net17 (net)
                      0.250123    0.019237    4.611311 ^ _066_/S (sg13g2_mux2_1)
     1    0.002072    0.022373    0.152998    4.764309 v _066_/X (sg13g2_mux2_1)
                                                         _032_ (net)
                      0.022373    0.000085    4.764394 v _110_/D (sg13g2_dfrbpq_1)
                                              4.764394   data arrival time

                                 20.000000   20.000000   clock clk (rise edge)
                                  0.000000   20.000000   clock source latency
     1    0.045267    0.039798    0.026557   20.026558 ^ clk (in)
                                                         clk (net)
                      0.041924    0.000000   20.026558 ^ clkbuf_0_clk/A (sg13g2_buf_16)
     4    0.084269    0.023237    0.055392   20.081949 ^ clkbuf_0_clk/X (sg13g2_buf_16)
                                                         clknet_0_clk (net)
                      0.026733    0.006510   20.088459 ^ clkbuf_2_0__f_clk/A (sg13g2_buf_16)
     6    0.037798    0.016285    0.046008   20.134466 ^ clkbuf_2_0__f_clk/X (sg13g2_buf_16)
                                                         clknet_2_0__leaf_clk (net)
                      0.016372    0.001830   20.136297 ^ _110_/CLK (sg13g2_dfrbpq_1)
                                 -0.250000   19.886297   clock uncertainty
                                  0.000000   19.886297   clock reconvergence pessimism
                                 -0.069894   19.816402   library setup time
                                             19.816402   data required time
---------------------------------------------------------------------------------------------
                                             19.816402   data required time
                                             -4.764394   data arrival time
---------------------------------------------------------------------------------------------
                                             15.052010   slack (MET)


Startpoint: done_in (input port clocked by clk)
Endpoint: _108_ (rising edge-triggered flip-flop clocked by clk)
Path Group: clk
Path Type: max

Fanout         Cap        Slew       Delay        Time   Description
---------------------------------------------------------------------------------------------
                                  0.000000    0.000000   clock clk (rise edge)
                                  0.000000    0.000000   clock network delay (propagated)
                                  4.000000    4.000000 v input external delay
     1    0.003423    0.011319    0.001795    4.001795 v done_in (in)
                                                         done_in (net)
                      0.011319    0.000000    4.001795 v input2/A (sg13g2_buf_1)
     2    0.025894    0.059020    0.077410    4.079205 v input2/X (sg13g2_buf_1)
                                                         net2 (net)
                      0.059349    0.003747    4.082952 v fanout23/A (sg13g2_buf_1)
     8    0.084749    0.183169    0.176300    4.259252 v fanout23/X (sg13g2_buf_1)
                                                         net23 (net)
                      0.183267    0.003848    4.263100 v _056_/A (sg13g2_nor2b_1)
     2    0.009731    0.086653    0.102182    4.365283 ^ _056_/Y (sg13g2_nor2b_1)
                                                         _048_ (net)
                      0.086658    0.000571    4.365853 ^ fanout17/A (sg13g2_buf_1)
     8    0.093767    0.248054    0.226221    4.592074 ^ fanout17/X (sg13g2_buf_1)
                                                         net17 (net)
                      0.249229    0.014677    4.606751 ^ _068_/S (sg13g2_mux2_1)
     1    0.002044    0.023729    0.152810    4.759561 v _068_/X (sg13g2_mux2_1)
                                                         _030_ (net)
                      0.023729    0.000083    4.759645 v _108_/D (sg13g2_dfrbpq_1)
                                              4.759645   data arrival time

                                 20.000000   20.000000   clock clk (rise edge)
                                  0.000000   20.000000   clock source latency
     1    0.045267    0.039798    0.026557   20.026558 ^ clk (in)
                                                         clk (net)
                      0.041924    0.000000   20.026558 ^ clkbuf_0_clk/A (sg13g2_buf_16)
     4    0.084269    0.023237    0.055392   20.081949 ^ clkbuf_0_clk/X (sg13g2_buf_16)
                                                         clknet_0_clk (net)
                      0.026733    0.006510   20.088459 ^ clkbuf_2_0__f_clk/A (sg13g2_buf_16)
     6    0.037798    0.016285    0.046008   20.134466 ^ clkbuf_2_0__f_clk/X (sg13g2_buf_16)
                                                         clknet_2_0__leaf_clk (net)
                      0.016445    0.002212   20.136679 ^ _108_/CLK (sg13g2_dfrbpq_1)
                                 -0.250000   19.886679   clock uncertainty
                                  0.000000   19.886679   clock reconvergence pessimism
                                 -0.070244   19.816435   library setup time
                                             19.816435   data required time
---------------------------------------------------------------------------------------------
                                             19.816435   data required time
                                             -4.759645   data arrival time
---------------------------------------------------------------------------------------------
                                             15.056792   slack (MET)


Startpoint: done_in (input port clocked by clk)
Endpoint: _119_ (rising edge-triggered flip-flop clocked by clk)
Path Group: clk
Path Type: max

Fanout         Cap        Slew       Delay        Time   Description
---------------------------------------------------------------------------------------------
                                  0.000000    0.000000   clock clk (rise edge)
                                  0.000000    0.000000   clock network delay (propagated)
                                  4.000000    4.000000 v input external delay
     1    0.003423    0.011319    0.001795    4.001795 v done_in (in)
                                                         done_in (net)
                      0.011319    0.000000    4.001795 v input2/A (sg13g2_buf_1)
     2    0.025894    0.059020    0.077410    4.079205 v input2/X (sg13g2_buf_1)
                                                         net2 (net)
                      0.059349    0.003747    4.082952 v fanout23/A (sg13g2_buf_1)
     8    0.084749    0.183169    0.176300    4.259252 v fanout23/X (sg13g2_buf_1)
                                                         net23 (net)
                      0.183267    0.003848    4.263100 v _056_/A (sg13g2_nor2b_1)
     2    0.009731    0.086653    0.102182    4.365283 ^ _056_/Y (sg13g2_nor2b_1)
                                                         _048_ (net)
                      0.086658    0.000571    4.365853 ^ fanout17/A (sg13g2_buf_1)
     8    0.093767    0.248054    0.226221    4.592074 ^ fanout17/X (sg13g2_buf_1)
                                                         net17 (net)
                      0.248152    0.004396    4.596470 ^ _057_/S (sg13g2_mux2_1)
     1    0.002021    0.022238    0.152609    4.749079 v _057_/X (sg13g2_mux2_1)
                                                         _041_ (net)
                      0.022238    0.000083    4.749162 v _119_/D (sg13g2_dfrbpq_1)
                                              4.749162   data arrival time

                                 20.000000   20.000000   clock clk (rise edge)
                                  0.000000   20.000000   clock source latency
     1    0.045267    0.039798    0.026557   20.026558 ^ clk (in)
                                                         clk (net)
                      0.041924    0.000000   20.026558 ^ clkbuf_0_clk/A (sg13g2_buf_16)
     4    0.084269    0.023237    0.055392   20.081949 ^ clkbuf_0_clk/X (sg13g2_buf_16)
                                                         clknet_0_clk (net)
                      0.025630    0.005159   20.087107 ^ clkbuf_2_3__f_clk/A (sg13g2_buf_16)
     6    0.027025    0.014703    0.044444   20.131552 ^ clkbuf_2_3__f_clk/X (sg13g2_buf_16)
                                                         clknet_2_3__leaf_clk (net)
                      0.014817    0.001995   20.133547 ^ _119_/CLK (sg13g2_dfrbpq_1)
                                 -0.250000   19.883549   clock uncertainty
                                  0.000000   19.883549   clock reconvergence pessimism
                                 -0.070149   19.813400   library setup time
                                             19.813400   data required time
---------------------------------------------------------------------------------------------
                                             19.813400   data required time
                                             -4.749162   data arrival time
---------------------------------------------------------------------------------------------
                                             15.064239   slack (MET)


Startpoint: done_in (input port clocked by clk)
Endpoint: _100_ (rising edge-triggered flip-flop clocked by clk)
Path Group: clk
Path Type: max

Fanout         Cap        Slew       Delay        Time   Description
---------------------------------------------------------------------------------------------
                                  0.000000    0.000000   clock clk (rise edge)
                                  0.000000    0.000000   clock network delay (propagated)
                                  4.000000    4.000000 ^ input external delay
     1    0.003424    0.013951    0.002061    4.002061 ^ done_in (in)
                                                         done_in (net)
                      0.013951    0.000000    4.002061 ^ input2/A (sg13g2_buf_1)
     2    0.025895    0.071938    0.083153    4.085214 ^ input2/X (sg13g2_buf_1)
                                                         net2 (net)
                      0.072210    0.003754    4.088968 ^ fanout23/A (sg13g2_buf_1)
     8    0.085017    0.225604    0.204268    4.293236 ^ fanout23/X (sg13g2_buf_1)
                                                         net23 (net)
                      0.227597    0.018028    4.311264 ^ _051_/S (sg13g2_mux2_1)
     1    0.002902    0.023314    0.151459    4.462723 v _051_/X (sg13g2_mux2_1)
                                                         _046_ (net)
                      0.023315    0.000186    4.462908 v hold39/A (sg13g2_dlygate4sd3_1)
     1    0.003019    0.025692    0.263552    4.726460 v hold39/X (sg13g2_dlygate4sd3_1)
                                                         net39 (net)
                      0.025692    0.000117    4.726577 v _100_/D (sg13g2_dfrbpq_1)
                                              4.726577   data arrival time

                                 20.000000   20.000000   clock clk (rise edge)
                                  0.000000   20.000000   clock source latency
     1    0.045267    0.039798    0.026557   20.026558 ^ clk (in)
                                                         clk (net)
                      0.041924    0.000000   20.026558 ^ clkbuf_0_clk/A (sg13g2_buf_16)
     4    0.084269    0.023237    0.055392   20.081949 ^ clkbuf_0_clk/X (sg13g2_buf_16)
                                                         clknet_0_clk (net)
                      0.026115    0.005782   20.087730 ^ clkbuf_2_1__f_clk/A (sg13g2_buf_16)
     6    0.032252    0.015474    0.045359   20.133091 ^ clkbuf_2_1__f_clk/X (sg13g2_buf_16)
                                                         clknet_2_1__leaf_clk (net)
                      0.015492    0.000956   20.134047 ^ _100_/CLK (sg13g2_dfrbpq_1)
                                 -0.250000   19.884047   clock uncertainty
                                  0.000000   19.884047   clock reconvergence pessimism
                                 -0.070948   19.813099   library setup time
                                             19.813099   data required time
---------------------------------------------------------------------------------------------
                                             19.813099   data required time
                                             -4.726577   data arrival time
---------------------------------------------------------------------------------------------
                                             15.086521   slack (MET)


Startpoint: done_in (input port clocked by clk)
Endpoint: _099_ (rising edge-triggered flip-flop clocked by clk)
Path Group: clk
Path Type: max

Fanout         Cap        Slew       Delay        Time   Description
---------------------------------------------------------------------------------------------
                                  0.000000    0.000000   clock clk (rise edge)
                                  0.000000    0.000000   clock network delay (propagated)
                                  4.000000    4.000000 ^ input external delay
     1    0.003424    0.013951    0.002061    4.002061 ^ done_in (in)
                                                         done_in (net)
                      0.013951    0.000000    4.002061 ^ input2/A (sg13g2_buf_1)
     2    0.025895    0.071938    0.083153    4.085214 ^ input2/X (sg13g2_buf_1)
                                                         net2 (net)
                      0.072210    0.003754    4.088968 ^ fanout23/A (sg13g2_buf_1)
     8    0.085017    0.225604    0.204268    4.293236 ^ fanout23/X (sg13g2_buf_1)
                                                         net23 (net)
                      0.227874    0.019181    4.312417 ^ _052_/S (sg13g2_mux2_1)
     1    0.001863    0.021939    0.149363    4.461780 v _052_/X (sg13g2_mux2_1)
                                                         _045_ (net)
                      0.021939    0.000076    4.461856 v hold49/A (sg13g2_dlygate4sd3_1)
     1    0.002794    0.025265    0.262270    4.724126 v hold49/X (sg13g2_dlygate4sd3_1)
                                                         net49 (net)
                      0.025265    0.000200    4.724326 v _099_/D (sg13g2_dfrbpq_1)
                                              4.724326   data arrival time

                                 20.000000   20.000000   clock clk (rise edge)
                                  0.000000   20.000000   clock source latency
     1    0.045267    0.039798    0.026557   20.026558 ^ clk (in)
                                                         clk (net)
                      0.041924    0.000000   20.026558 ^ clkbuf_0_clk/A (sg13g2_buf_16)
     4    0.084269    0.023237    0.055392   20.081949 ^ clkbuf_0_clk/X (sg13g2_buf_16)
                                                         clknet_0_clk (net)
                      0.026115    0.005782   20.087730 ^ clkbuf_2_1__f_clk/A (sg13g2_buf_16)
     6    0.032252    0.015474    0.045359   20.133091 ^ clkbuf_2_1__f_clk/X (sg13g2_buf_16)
                                                         clknet_2_1__leaf_clk (net)
                      0.015499    0.001114   20.134205 ^ _099_/CLK (sg13g2_dfrbpq_1)
                                 -0.250000   19.884205   clock uncertainty
                                  0.000000   19.884205   clock reconvergence pessimism
                                 -0.070833   19.813374   library setup time
                                             19.813374   data required time
---------------------------------------------------------------------------------------------
                                             19.813374   data required time
                                             -4.724326   data arrival time
---------------------------------------------------------------------------------------------
                                             15.089046   slack (MET)


Startpoint: done_in (input port clocked by clk)
Endpoint: _121_ (rising edge-triggered flip-flop clocked by clk)
Path Group: clk
Path Type: max

Fanout         Cap        Slew       Delay        Time   Description
---------------------------------------------------------------------------------------------
                                  0.000000    0.000000   clock clk (rise edge)
                                  0.000000    0.000000   clock network delay (propagated)
                                  4.000000    4.000000 ^ input external delay
     1    0.003424    0.013951    0.002061    4.002061 ^ done_in (in)
                                                         done_in (net)
                      0.013951    0.000000    4.002061 ^ input2/A (sg13g2_buf_1)
     2    0.025895    0.071938    0.083153    4.085214 ^ input2/X (sg13g2_buf_1)
                                                         net2 (net)
                      0.072210    0.003754    4.088968 ^ fanout23/A (sg13g2_buf_1)
     8    0.085017    0.225604    0.204268    4.293236 ^ fanout23/X (sg13g2_buf_1)
                                                         net23 (net)
                      0.227939    0.019443    4.312679 ^ _054_/S (sg13g2_mux2_1)
     1    0.001857    0.021777    0.149360    4.462039 v _054_/X (sg13g2_mux2_1)
                                                         _043_ (net)
                      0.021777    0.000076    4.462115 v hold51/A (sg13g2_dlygate4sd3_1)
     1    0.002481    0.024659    0.261404    4.723519 v hold51/X (sg13g2_dlygate4sd3_1)
                                                         net51 (net)
                      0.024659    0.000189    4.723709 v _121_/D (sg13g2_dfrbpq_1)
                                              4.723709   data arrival time

                                 20.000000   20.000000   clock clk (rise edge)
                                  0.000000   20.000000   clock source latency
     1    0.045267    0.039798    0.026557   20.026558 ^ clk (in)
                                                         clk (net)
                      0.041924    0.000000   20.026558 ^ clkbuf_0_clk/A (sg13g2_buf_16)
     4    0.084269    0.023237    0.055392   20.081949 ^ clkbuf_0_clk/X (sg13g2_buf_16)
                                                         clknet_0_clk (net)
                      0.026115    0.005782   20.087730 ^ clkbuf_2_1__f_clk/A (sg13g2_buf_16)
     6    0.032252    0.015474    0.045359   20.133091 ^ clkbuf_2_1__f_clk/X (sg13g2_buf_16)
                                                         clknet_2_1__leaf_clk (net)
                      0.015519    0.001370   20.134460 ^ _121_/CLK (sg13g2_dfrbpq_1)
                                 -0.250000   19.884460   clock uncertainty
                                  0.000000   19.884460   clock reconvergence pessimism
                                 -0.070666   19.813793   library setup time
                                             19.813793   data required time
---------------------------------------------------------------------------------------------
                                             19.813793   data required time
                                             -4.723709   data arrival time
---------------------------------------------------------------------------------------------
                                             15.090084   slack (MET)


Startpoint: done_in (input port clocked by clk)
Endpoint: _098_ (rising edge-triggered flip-flop clocked by clk)
Path Group: clk
Path Type: max

Fanout         Cap        Slew       Delay        Time   Description
---------------------------------------------------------------------------------------------
                                  0.000000    0.000000   clock clk (rise edge)
                                  0.000000    0.000000   clock network delay (propagated)
                                  4.000000    4.000000 ^ input external delay
     1    0.003424    0.013951    0.002061    4.002061 ^ done_in (in)
                                                         done_in (net)
                      0.013951    0.000000    4.002061 ^ input2/A (sg13g2_buf_1)
     2    0.025895    0.071938    0.083153    4.085214 ^ input2/X (sg13g2_buf_1)
                                                         net2 (net)
                      0.072210    0.003754    4.088968 ^ fanout23/A (sg13g2_buf_1)
     8    0.085017    0.225604    0.204268    4.293236 ^ fanout23/X (sg13g2_buf_1)
                                                         net23 (net)
                      0.227920    0.019368    4.312604 ^ _053_/S (sg13g2_mux2_1)
     1    0.002211    0.022462    0.150091    4.462695 v _053_/X (sg13g2_mux2_1)
                                                         _044_ (net)
                      0.022463    0.000087    4.462782 v hold47/A (sg13g2_dlygate4sd3_1)
     1    0.001925    0.023580    0.260381    4.723163 v hold47/X (sg13g2_dlygate4sd3_1)
                                                         net47 (net)
                      0.023580    0.000080    4.723243 v _098_/D (sg13g2_dfrbpq_1)
                                              4.723243   data arrival time

                                 20.000000   20.000000   clock clk (rise edge)
                                  0.000000   20.000000   clock source latency
     1    0.045267    0.039798    0.026557   20.026558 ^ clk (in)
                                                         clk (net)
                      0.041924    0.000000   20.026558 ^ clkbuf_0_clk/A (sg13g2_buf_16)
     4    0.084269    0.023237    0.055392   20.081949 ^ clkbuf_0_clk/X (sg13g2_buf_16)
                                                         clknet_0_clk (net)
                      0.026115    0.005782   20.087730 ^ clkbuf_2_1__f_clk/A (sg13g2_buf_16)
     6    0.032252    0.015474    0.045359   20.133091 ^ clkbuf_2_1__f_clk/X (sg13g2_buf_16)
                                                         clknet_2_1__leaf_clk (net)
                      0.015508    0.001219   20.134310 ^ _098_/CLK (sg13g2_dfrbpq_1)
                                 -0.250000   19.884310   clock uncertainty
                                  0.000000   19.884310   clock reconvergence pessimism
                                 -0.070379   19.813931   library setup time
                                             19.813931   data required time
---------------------------------------------------------------------------------------------
                                             19.813931   data required time
                                             -4.723243   data arrival time
---------------------------------------------------------------------------------------------
                                             15.090689   slack (MET)


Startpoint: done_in (input port clocked by clk)
Endpoint: _101_ (rising edge-triggered flip-flop clocked by clk)
Path Group: clk
Path Type: max

Fanout         Cap        Slew       Delay        Time   Description
---------------------------------------------------------------------------------------------
                                  0.000000    0.000000   clock clk (rise edge)
                                  0.000000    0.000000   clock network delay (propagated)
                                  4.000000    4.000000 ^ input external delay
     1    0.003424    0.013951    0.002061    4.002061 ^ done_in (in)
                                                         done_in (net)
                      0.013951    0.000000    4.002061 ^ input2/A (sg13g2_buf_1)
     2    0.025895    0.071938    0.083153    4.085214 ^ input2/X (sg13g2_buf_1)
                                                         net2 (net)
                      0.072210    0.003754    4.088968 ^ fanout23/A (sg13g2_buf_1)
     8    0.085017    0.225604    0.204268    4.293236 ^ fanout23/X (sg13g2_buf_1)
                                                         net23 (net)
                      0.226992    0.015173    4.308409 ^ _050_/S (sg13g2_mux2_1)
     1    0.002343    0.022324    0.150229    4.458638 v _050_/X (sg13g2_mux2_1)
                                                         _047_ (net)
                      0.022324    0.000092    4.458730 v hold26/A (sg13g2_dlygate4sd3_1)
     1    0.001925    0.023580    0.260310    4.719040 v hold26/X (sg13g2_dlygate4sd3_1)
                                                         net26 (net)
                      0.023580    0.000080    4.719120 v _101_/D (sg13g2_dfrbpq_1)
                                              4.719120   data arrival time

                                 20.000000   20.000000   clock clk (rise edge)
                                  0.000000   20.000000   clock source latency
     1    0.045267    0.039798    0.026557   20.026558 ^ clk (in)
                                                         clk (net)
                      0.041924    0.000000   20.026558 ^ clkbuf_0_clk/A (sg13g2_buf_16)
     4    0.084269    0.023237    0.055392   20.081949 ^ clkbuf_0_clk/X (sg13g2_buf_16)
                                                         clknet_0_clk (net)
                      0.026115    0.005782   20.087730 ^ clkbuf_2_1__f_clk/A (sg13g2_buf_16)
     6    0.032252    0.015474    0.045359   20.133091 ^ clkbuf_2_1__f_clk/X (sg13g2_buf_16)
                                                         clknet_2_1__leaf_clk (net)
                      0.015484    0.000718   20.133808 ^ _101_/CLK (sg13g2_dfrbpq_1)
                                 -0.250000   19.883808   clock uncertainty
                                  0.000000   19.883808   clock reconvergence pessimism
                                 -0.070384   19.813427   library setup time
                                             19.813427   data required time
---------------------------------------------------------------------------------------------
                                             19.813427   data required time
                                             -4.719120   data arrival time
---------------------------------------------------------------------------------------------
                                             15.094307   slack (MET)


Startpoint: done_in (input port clocked by clk)
Endpoint: _102_ (rising edge-triggered flip-flop clocked by clk)
Path Group: clk
Path Type: max

Fanout         Cap        Slew       Delay        Time   Description
---------------------------------------------------------------------------------------------
                                  0.000000    0.000000   clock clk (rise edge)
                                  0.000000    0.000000   clock network delay (propagated)
                                  4.000000    4.000000 ^ input external delay
     1    0.003424    0.013951    0.002061    4.002061 ^ done_in (in)
                                                         done_in (net)
                      0.013951    0.000000    4.002061 ^ input2/A (sg13g2_buf_1)
     2    0.025895    0.071938    0.083153    4.085214 ^ input2/X (sg13g2_buf_1)
                                                         net2 (net)
                      0.072210    0.003754    4.088968 ^ fanout23/A (sg13g2_buf_1)
     8    0.085017    0.225604    0.204268    4.293236 ^ fanout23/X (sg13g2_buf_1)
                                                         net23 (net)
                      0.226374    0.011461    4.304697 ^ _074_/S (sg13g2_mux2_1)
     1    0.002980    0.023424    0.151434    4.456131 v _074_/X (sg13g2_mux2_1)
                                                         _024_ (net)
                      0.023424    0.000208    4.456339 v hold30/A (sg13g2_dlygate4sd3_1)
     1    0.001925    0.023580    0.260876    4.717215 v hold30/X (sg13g2_dlygate4sd3_1)
                                                         net30 (net)
                      0.023580    0.000080    4.717295 v _102_/D (sg13g2_dfrbpq_1)
                                              4.717295   data arrival time

                                 20.000000   20.000000   clock clk (rise edge)
                                  0.000000   20.000000   clock source latency
     1    0.045267    0.039798    0.026557   20.026558 ^ clk (in)
                                                         clk (net)
                      0.041924    0.000000   20.026558 ^ clkbuf_0_clk/A (sg13g2_buf_16)
     4    0.084269    0.023237    0.055392   20.081949 ^ clkbuf_0_clk/X (sg13g2_buf_16)
                                                         clknet_0_clk (net)
                      0.025409    0.004857   20.086805 ^ clkbuf_2_2__f_clk/A (sg13g2_buf_16)
     6    0.039261    0.016431    0.045716   20.132523 ^ clkbuf_2_2__f_clk/X (sg13g2_buf_16)
                                                         clknet_2_2__leaf_clk (net)
                      0.016616    0.002318   20.134840 ^ _102_/CLK (sg13g2_dfrbpq_1)
                                 -0.250000   19.884842   clock uncertainty
                                  0.000000   19.884842   clock reconvergence pessimism
                                 -0.070172   19.814669   library setup time
                                             19.814669   data required time
---------------------------------------------------------------------------------------------
                                             19.814669   data required time
                                             -4.717295   data arrival time
---------------------------------------------------------------------------------------------
                                             15.097375   slack (MET)


Startpoint: done_in (input port clocked by clk)
Endpoint: _103_ (rising edge-triggered flip-flop clocked by clk)
Path Group: clk
Path Type: max

Fanout         Cap        Slew       Delay        Time   Description
---------------------------------------------------------------------------------------------
                                  0.000000    0.000000   clock clk (rise edge)
                                  0.000000    0.000000   clock network delay (propagated)
                                  4.000000    4.000000 ^ input external delay
     1    0.003424    0.013951    0.002061    4.002061 ^ done_in (in)
                                                         done_in (net)
                      0.013951    0.000000    4.002061 ^ input2/A (sg13g2_buf_1)
     2    0.025895    0.071938    0.083153    4.085214 ^ input2/X (sg13g2_buf_1)
                                                         net2 (net)
                      0.072212    0.003766    4.088980 ^ fanout24/A (sg13g2_buf_1)
     5    0.055281    0.148232    0.155738    4.244718 ^ fanout24/X (sg13g2_buf_1)
                                                         net24 (net)
                      0.148744    0.007458    4.252176 ^ _073_/S (sg13g2_mux2_1)
     1    0.003069    0.023040    0.138646    4.390821 v _073_/X (sg13g2_mux2_1)
                                                         _025_ (net)
                      0.023040    0.000117    4.390938 v hold35/A (sg13g2_dlygate4sd3_1)
     1    0.002180    0.024068    0.261317    4.652256 v hold35/X (sg13g2_dlygate4sd3_1)
                                                         net35 (net)
                      0.024069    0.000087    4.652343 v _103_/D (sg13g2_dfrbpq_1)
                                              4.652343   data arrival time

                                 20.000000   20.000000   clock clk (rise edge)
                                  0.000000   20.000000   clock source latency
     1    0.045267    0.039798    0.026557   20.026558 ^ clk (in)
                                                         clk (net)
                      0.041924    0.000000   20.026558 ^ clkbuf_0_clk/A (sg13g2_buf_16)
     4    0.084269    0.023237    0.055392   20.081949 ^ clkbuf_0_clk/X (sg13g2_buf_16)
                                                         clknet_0_clk (net)
                      0.025409    0.004857   20.086805 ^ clkbuf_2_2__f_clk/A (sg13g2_buf_16)
     6    0.039261    0.016431    0.045716   20.132523 ^ clkbuf_2_2__f_clk/X (sg13g2_buf_16)
                                                         clknet_2_2__leaf_clk (net)
                      0.016533    0.001933   20.134455 ^ _103_/CLK (sg13g2_dfrbpq_1)
                                 -0.250000   19.884455   clock uncertainty
                                  0.000000   19.884455   clock reconvergence pessimism
                                 -0.070318   19.814137   library setup time
                                             19.814137   data required time
---------------------------------------------------------------------------------------------
                                             19.814137   data required time
                                             -4.652343   data arrival time
---------------------------------------------------------------------------------------------
                                             15.161794   slack (MET)


Startpoint: done_in (input port clocked by clk)
Endpoint: _107_ (rising edge-triggered flip-flop clocked by clk)
Path Group: clk
Path Type: max

Fanout         Cap        Slew       Delay        Time   Description
---------------------------------------------------------------------------------------------
                                  0.000000    0.000000   clock clk (rise edge)
                                  0.000000    0.000000   clock network delay (propagated)
                                  4.000000    4.000000 ^ input external delay
     1    0.003424    0.013951    0.002061    4.002061 ^ done_in (in)
                                                         done_in (net)
                      0.013951    0.000000    4.002061 ^ input2/A (sg13g2_buf_1)
     2    0.025895    0.071938    0.083153    4.085214 ^ input2/X (sg13g2_buf_1)
                                                         net2 (net)
                      0.072212    0.003766    4.088980 ^ fanout24/A (sg13g2_buf_1)
     5    0.055281    0.148232    0.155738    4.244718 ^ fanout24/X (sg13g2_buf_1)
                                                         net24 (net)
                      0.148370    0.003953    4.248671 ^ _069_/S (sg13g2_mux2_1)
     1    0.003210    0.023760    0.138856    4.387527 v _069_/X (sg13g2_mux2_1)
                                                         _029_ (net)
                      0.023760    0.000127    4.387653 v hold32/A (sg13g2_dlygate4sd3_1)
     1    0.002654    0.024991    0.262870    4.650524 v hold32/X (sg13g2_dlygate4sd3_1)
                                                         net32 (net)
                      0.024991    0.000106    4.650630 v _107_/D (sg13g2_dfrbpq_1)
                                              4.650630   data arrival time

                                 20.000000   20.000000   clock clk (rise edge)
                                  0.000000   20.000000   clock source latency
     1    0.045267    0.039798    0.026557   20.026558 ^ clk (in)
                                                         clk (net)
                      0.041924    0.000000   20.026558 ^ clkbuf_0_clk/A (sg13g2_buf_16)
     4    0.084269    0.023237    0.055392   20.081949 ^ clkbuf_0_clk/X (sg13g2_buf_16)
                                                         clknet_0_clk (net)
                      0.025630    0.005159   20.087107 ^ clkbuf_2_3__f_clk/A (sg13g2_buf_16)
     6    0.027025    0.014703    0.044444   20.131552 ^ clkbuf_2_3__f_clk/X (sg13g2_buf_16)
                                                         clknet_2_3__leaf_clk (net)
                      0.014866    0.002299   20.133850 ^ _107_/CLK (sg13g2_dfrbpq_1)
                                 -0.250000   19.883852   clock uncertainty
                                  0.000000   19.883852   clock reconvergence pessimism
                                 -0.070878   19.812973   library setup time
                                             19.812973   data required time
---------------------------------------------------------------------------------------------
                                             19.812973   data required time
                                             -4.650630   data arrival time
---------------------------------------------------------------------------------------------
                                             15.162343   slack (MET)


Startpoint: done_in (input port clocked by clk)
Endpoint: _105_ (rising edge-triggered flip-flop clocked by clk)
Path Group: clk
Path Type: max

Fanout         Cap        Slew       Delay        Time   Description
---------------------------------------------------------------------------------------------
                                  0.000000    0.000000   clock clk (rise edge)
                                  0.000000    0.000000   clock network delay (propagated)
                                  4.000000    4.000000 ^ input external delay
     1    0.003424    0.013951    0.002061    4.002061 ^ done_in (in)
                                                         done_in (net)
                      0.013951    0.000000    4.002061 ^ input2/A (sg13g2_buf_1)
     2    0.025895    0.071938    0.083153    4.085214 ^ input2/X (sg13g2_buf_1)
                                                         net2 (net)
                      0.072212    0.003766    4.088980 ^ fanout24/A (sg13g2_buf_1)
     5    0.055281    0.148232    0.155738    4.244718 ^ fanout24/X (sg13g2_buf_1)
                                                         net24 (net)
                      0.148532    0.005763    4.250481 ^ _071_/S (sg13g2_mux2_1)
     1    0.002633    0.022463    0.137687    4.388168 v _071_/X (sg13g2_mux2_1)
                                                         _027_ (net)
                      0.022463    0.000179    4.388346 v hold37/A (sg13g2_dlygate4sd3_1)
     1    0.002239    0.024183    0.261166    4.649512 v hold37/X (sg13g2_dlygate4sd3_1)
                                                         net37 (net)
                      0.024183    0.000090    4.649602 v _105_/D (sg13g2_dfrbpq_1)
                                              4.649602   data arrival time

                                 20.000000   20.000000   clock clk (rise edge)
                                  0.000000   20.000000   clock source latency
     1    0.045267    0.039798    0.026557   20.026558 ^ clk (in)
                                                         clk (net)
                      0.041924    0.000000   20.026558 ^ clkbuf_0_clk/A (sg13g2_buf_16)
     4    0.084269    0.023237    0.055392   20.081949 ^ clkbuf_0_clk/X (sg13g2_buf_16)
                                                         clknet_0_clk (net)
                      0.025630    0.005159   20.087107 ^ clkbuf_2_3__f_clk/A (sg13g2_buf_16)
     6    0.027025    0.014703    0.044444   20.131552 ^ clkbuf_2_3__f_clk/X (sg13g2_buf_16)
                                                         clknet_2_3__leaf_clk (net)
                      0.014756    0.001497   20.133049 ^ _105_/CLK (sg13g2_dfrbpq_1)
                                 -0.250000   19.883051   clock uncertainty
                                  0.000000   19.883051   clock reconvergence pessimism
                                 -0.070682   19.812368   library setup time
                                             19.812368   data required time
---------------------------------------------------------------------------------------------
                                             19.812368   data required time
                                             -4.649602   data arrival time
---------------------------------------------------------------------------------------------
                                             15.162767   slack (MET)


Startpoint: done_in (input port clocked by clk)
Endpoint: _104_ (rising edge-triggered flip-flop clocked by clk)
Path Group: clk
Path Type: max

Fanout         Cap        Slew       Delay        Time   Description
---------------------------------------------------------------------------------------------
                                  0.000000    0.000000   clock clk (rise edge)
                                  0.000000    0.000000   clock network delay (propagated)
                                  4.000000    4.000000 ^ input external delay
     1    0.003424    0.013951    0.002061    4.002061 ^ done_in (in)
                                                         done_in (net)
                      0.013951    0.000000    4.002061 ^ input2/A (sg13g2_buf_1)
     2    0.025895    0.071938    0.083153    4.085214 ^ input2/X (sg13g2_buf_1)
                                                         net2 (net)
                      0.072212    0.003766    4.088980 ^ fanout24/A (sg13g2_buf_1)
     5    0.055281    0.148232    0.155738    4.244718 ^ fanout24/X (sg13g2_buf_1)
                                                         net24 (net)
                      0.148641    0.006694    4.251411 ^ _072_/S (sg13g2_mux2_1)
     1    0.002355    0.021917    0.137149    4.388560 v _072_/X (sg13g2_mux2_1)
                                                         _026_ (net)
                      0.021917    0.000092    4.388653 v hold28/A (sg13g2_dlygate4sd3_1)
     1    0.001925    0.023580    0.260100    4.648753 v hold28/X (sg13g2_dlygate4sd3_1)
                                                         net28 (net)
                      0.023580    0.000080    4.648833 v _104_/D (sg13g2_dfrbpq_1)
                                              4.648833   data arrival time

                                 20.000000   20.000000   clock clk (rise edge)
                                  0.000000   20.000000   clock source latency
     1    0.045267    0.039798    0.026557   20.026558 ^ clk (in)
                                                         clk (net)
                      0.041924    0.000000   20.026558 ^ clkbuf_0_clk/A (sg13g2_buf_16)
     4    0.084269    0.023237    0.055392   20.081949 ^ clkbuf_0_clk/X (sg13g2_buf_16)
                                                         clknet_0_clk (net)
                      0.025409    0.004857   20.086805 ^ clkbuf_2_2__f_clk/A (sg13g2_buf_16)
     6    0.039261    0.016431    0.045716   20.132523 ^ clkbuf_2_2__f_clk/X (sg13g2_buf_16)
                                                         clknet_2_2__leaf_clk (net)
                      0.016450    0.000968   20.133490 ^ _104_/CLK (sg13g2_dfrbpq_1)
                                 -0.250000   19.883492   clock uncertainty
                                  0.000000   19.883492   clock reconvergence pessimism
                                 -0.070203   19.813288   library setup time
                                             19.813288   data required time
---------------------------------------------------------------------------------------------
                                             19.813288   data required time
                                             -4.648833   data arrival time
---------------------------------------------------------------------------------------------
                                             15.164455   slack (MET)


Startpoint: done_in (input port clocked by clk)
Endpoint: _116_ (rising edge-triggered flip-flop clocked by clk)
Path Group: clk
Path Type: max

Fanout         Cap        Slew       Delay        Time   Description
---------------------------------------------------------------------------------------------
                                  0.000000    0.000000   clock clk (rise edge)
                                  0.000000    0.000000   clock network delay (propagated)
                                  4.000000    4.000000 v input external delay
     1    0.003423    0.011319    0.001795    4.001795 v done_in (in)
                                                         done_in (net)
                      0.011319    0.000000    4.001795 v input2/A (sg13g2_buf_1)
     2    0.025894    0.059020    0.077410    4.079205 v input2/X (sg13g2_buf_1)
                                                         net2 (net)
                      0.059349    0.003747    4.082952 v fanout23/A (sg13g2_buf_1)
     8    0.084749    0.183169    0.176300    4.259252 v fanout23/X (sg13g2_buf_1)
                                                         net23 (net)
                      0.183267    0.003848    4.263100 v _056_/A (sg13g2_nor2b_1)
     2    0.009731    0.086653    0.102182    4.365283 ^ _056_/Y (sg13g2_nor2b_1)
                                                         _048_ (net)
                      0.086660    0.000641    4.365924 ^ fanout18/A (sg13g2_buf_1)
     4    0.045712    0.123381    0.144646    4.510570 ^ fanout18/X (sg13g2_buf_1)
                                                         net18 (net)
                      0.123530    0.003704    4.514274 ^ _060_/S (sg13g2_mux2_1)
     1    0.002026    0.022085    0.131042    4.645315 v _060_/X (sg13g2_mux2_1)
                                                         _038_ (net)
                      0.022085    0.000083    4.645399 v _116_/D (sg13g2_dfrbpq_1)
                                              4.645399   data arrival time

                                 20.000000   20.000000   clock clk (rise edge)
                                  0.000000   20.000000   clock source latency
     1    0.045267    0.039798    0.026557   20.026558 ^ clk (in)
                                                         clk (net)
                      0.041924    0.000000   20.026558 ^ clkbuf_0_clk/A (sg13g2_buf_16)
     4    0.084269    0.023237    0.055392   20.081949 ^ clkbuf_0_clk/X (sg13g2_buf_16)
                                                         clknet_0_clk (net)
                      0.025409    0.004857   20.086805 ^ clkbuf_2_2__f_clk/A (sg13g2_buf_16)
     6    0.039261    0.016431    0.045716   20.132523 ^ clkbuf_2_2__f_clk/X (sg13g2_buf_16)
                                                         clknet_2_2__leaf_clk (net)
                      0.016446    0.000851   20.133373 ^ _116_/CLK (sg13g2_dfrbpq_1)
                                 -0.250000   19.883373   clock uncertainty
                                  0.000000   19.883373   clock reconvergence pessimism
                                 -0.069803   19.813572   library setup time
                                             19.813572   data required time
---------------------------------------------------------------------------------------------
                                             19.813572   data required time
                                             -4.645399   data arrival time
---------------------------------------------------------------------------------------------
                                             15.168173   slack (MET)


Startpoint: done_in (input port clocked by clk)
Endpoint: _115_ (rising edge-triggered flip-flop clocked by clk)
Path Group: clk
Path Type: max

Fanout         Cap        Slew       Delay        Time   Description
---------------------------------------------------------------------------------------------
                                  0.000000    0.000000   clock clk (rise edge)
                                  0.000000    0.000000   clock network delay (propagated)
                                  4.000000    4.000000 v input external delay
     1    0.003423    0.011319    0.001795    4.001795 v done_in (in)
                                                         done_in (net)
                      0.011319    0.000000    4.001795 v input2/A (sg13g2_buf_1)
     2    0.025894    0.059020    0.077410    4.079205 v input2/X (sg13g2_buf_1)
                                                         net2 (net)
                      0.059349    0.003747    4.082952 v fanout23/A (sg13g2_buf_1)
     8    0.084749    0.183169    0.176300    4.259252 v fanout23/X (sg13g2_buf_1)
                                                         net23 (net)
                      0.183267    0.003848    4.263100 v _056_/A (sg13g2_nor2b_1)
     2    0.009731    0.086653    0.102182    4.365283 ^ _056_/Y (sg13g2_nor2b_1)
                                                         _048_ (net)
                      0.086660    0.000641    4.365924 ^ fanout18/A (sg13g2_buf_1)
     4    0.045712    0.123381    0.144646    4.510570 ^ fanout18/X (sg13g2_buf_1)
                                                         net18 (net)
                      0.123616    0.004625    4.515194 ^ _061_/S (sg13g2_mux2_1)
     1    0.002030    0.022001    0.131071    4.646266 v _061_/X (sg13g2_mux2_1)
                                                         _037_ (net)
                      0.022001    0.000083    4.646349 v _115_/D (sg13g2_dfrbpq_1)
                                              4.646349   data arrival time

                                 20.000000   20.000000   clock clk (rise edge)
                                  0.000000   20.000000   clock source latency
     1    0.045267    0.039798    0.026557   20.026558 ^ clk (in)
                                                         clk (net)
                      0.041924    0.000000   20.026558 ^ clkbuf_0_clk/A (sg13g2_buf_16)
     4    0.084269    0.023237    0.055392   20.081949 ^ clkbuf_0_clk/X (sg13g2_buf_16)
                                                         clknet_0_clk (net)
                      0.025409    0.004857   20.086805 ^ clkbuf_2_2__f_clk/A (sg13g2_buf_16)
     6    0.039261    0.016431    0.045716   20.132523 ^ clkbuf_2_2__f_clk/X (sg13g2_buf_16)
                                                         clknet_2_2__leaf_clk (net)
                      0.016586    0.002196   20.134718 ^ _115_/CLK (sg13g2_dfrbpq_1)
                                 -0.250000   19.884718   clock uncertainty
                                  0.000000   19.884718   clock reconvergence pessimism
                                 -0.069754   19.814964   library setup time
                                             19.814964   data required time
---------------------------------------------------------------------------------------------
                                             19.814964   data required time
                                             -4.646349   data arrival time
---------------------------------------------------------------------------------------------
                                             15.168615   slack (MET)


Startpoint: done_in (input port clocked by clk)
Endpoint: _118_ (rising edge-triggered flip-flop clocked by clk)
Path Group: clk
Path Type: max

Fanout         Cap        Slew       Delay        Time   Description
---------------------------------------------------------------------------------------------
                                  0.000000    0.000000   clock clk (rise edge)
                                  0.000000    0.000000   clock network delay (propagated)
                                  4.000000    4.000000 v input external delay
     1    0.003423    0.011319    0.001795    4.001795 v done_in (in)
                                                         done_in (net)
                      0.011319    0.000000    4.001795 v input2/A (sg13g2_buf_1)
     2    0.025894    0.059020    0.077410    4.079205 v input2/X (sg13g2_buf_1)
                                                         net2 (net)
                      0.059349    0.003747    4.082952 v fanout23/A (sg13g2_buf_1)
     8    0.084749    0.183169    0.176300    4.259252 v fanout23/X (sg13g2_buf_1)
                                                         net23 (net)
                      0.183267    0.003848    4.263100 v _056_/A (sg13g2_nor2b_1)
     2    0.009731    0.086653    0.102182    4.365283 ^ _056_/Y (sg13g2_nor2b_1)
                                                         _048_ (net)
                      0.086660    0.000641    4.365924 ^ fanout18/A (sg13g2_buf_1)
     4    0.045712    0.123381    0.144646    4.510570 ^ fanout18/X (sg13g2_buf_1)
                                                         net18 (net)
                      0.123439    0.002346    4.512915 ^ _058_/S (sg13g2_mux2_1)
     1    0.002089    0.022175    0.131153    4.644068 v _058_/X (sg13g2_mux2_1)
                                                         _040_ (net)
                      0.022175    0.000086    4.644154 v _118_/D (sg13g2_dfrbpq_1)
                                              4.644154   data arrival time

                                 20.000000   20.000000   clock clk (rise edge)
                                  0.000000   20.000000   clock source latency
     1    0.045267    0.039798    0.026557   20.026558 ^ clk (in)
                                                         clk (net)
                      0.041924    0.000000   20.026558 ^ clkbuf_0_clk/A (sg13g2_buf_16)
     4    0.084269    0.023237    0.055392   20.081949 ^ clkbuf_0_clk/X (sg13g2_buf_16)
                                                         clknet_0_clk (net)
                      0.025630    0.005159   20.087107 ^ clkbuf_2_3__f_clk/A (sg13g2_buf_16)
     6    0.027025    0.014703    0.044444   20.131552 ^ clkbuf_2_3__f_clk/X (sg13g2_buf_16)
                                                         clknet_2_3__leaf_clk (net)
                      0.014760    0.001547   20.133099 ^ _118_/CLK (sg13g2_dfrbpq_1)
                                 -0.250000   19.883101   clock uncertainty
                                  0.000000   19.883101   clock reconvergence pessimism
                                 -0.070142   19.812958   library setup time
                                             19.812958   data required time
---------------------------------------------------------------------------------------------
                                             19.812958   data required time
                                             -4.644154   data arrival time
---------------------------------------------------------------------------------------------
                                             15.168803   slack (MET)


Startpoint: reset (input port clocked by clk)
Endpoint: _099_ (recovery check against rising-edge clock clk)
Path Group: asynchronous
Path Type: max

Fanout         Cap        Slew       Delay        Time   Description
---------------------------------------------------------------------------------------------
                                  0.000000    0.000000   clock clk (rise edge)
                                  0.000000    0.000000   clock network delay (propagated)
                                  4.000000    4.000000 v input external delay
     1    0.004199    0.011699    0.002137    4.002137 v reset (in)
                                                         reset (net)
                      0.011699    0.000000    4.002137 v input3/A (sg13g2_buf_1)
     1    0.016773    0.041032    0.063028    4.065166 v input3/X (sg13g2_buf_1)
                                                         net3 (net)
                      0.041151    0.001906    4.067072 v fanout22/A (sg13g2_buf_1)
     4    0.039950    0.088265    0.109901    4.176973 v fanout22/X (sg13g2_buf_1)
                                                         net22 (net)
                      0.088438    0.003367    4.180341 v fanout20/A (sg13g2_buf_1)
     7    0.035517    0.079194    0.119664    4.300005 v fanout20/X (sg13g2_buf_1)
                                                         net20 (net)
                      0.079314    0.002344    4.302349 v fanout19/A (sg13g2_buf_1)
     8    0.042620    0.094126    0.126834    4.429183 v fanout19/X (sg13g2_buf_1)
                                                         net19 (net)
                      0.094219    0.002593    4.431776 v _095_/A (sg13g2_inv_1)
     1    0.008121    0.040034    0.049692    4.481468 ^ _095_/Y (sg13g2_inv_1)
                                                         _021_ (net)
                      0.040050    0.000666    4.482133 ^ _099_/RESET_B (sg13g2_dfrbpq_1)
                                              4.482133   data arrival time

                                 20.000000   20.000000   clock clk (rise edge)
                                  0.000000   20.000000   clock source latency
     1    0.045267    0.039798    0.026557   20.026558 ^ clk (in)
                                                         clk (net)
                      0.041924    0.000000   20.026558 ^ clkbuf_0_clk/A (sg13g2_buf_16)
     4    0.084269    0.023237    0.055392   20.081949 ^ clkbuf_0_clk/X (sg13g2_buf_16)
                                                         clknet_0_clk (net)
                      0.026115    0.005782   20.087730 ^ clkbuf_2_1__f_clk/A (sg13g2_buf_16)
     6    0.032252    0.015474    0.045359   20.133091 ^ clkbuf_2_1__f_clk/X (sg13g2_buf_16)
                                                         clknet_2_1__leaf_clk (net)
                      0.015499    0.001114   20.134205 ^ _099_/CLK (sg13g2_dfrbpq_1)
                                 -0.250000   19.884205   clock uncertainty
                                  0.000000   19.884205   clock reconvergence pessimism
                                 -0.086048   19.798157   library recovery time
                                             19.798157   data required time
---------------------------------------------------------------------------------------------
                                             19.798157   data required time
                                             -4.482133   data arrival time
---------------------------------------------------------------------------------------------
                                             15.316023   slack (MET)


Startpoint: reset (input port clocked by clk)
Endpoint: _098_ (recovery check against rising-edge clock clk)
Path Group: asynchronous
Path Type: max

Fanout         Cap        Slew       Delay        Time   Description
---------------------------------------------------------------------------------------------
                                  0.000000    0.000000   clock clk (rise edge)
                                  0.000000    0.000000   clock network delay (propagated)
                                  4.000000    4.000000 v input external delay
     1    0.004199    0.011699    0.002137    4.002137 v reset (in)
                                                         reset (net)
                      0.011699    0.000000    4.002137 v input3/A (sg13g2_buf_1)
     1    0.016773    0.041032    0.063028    4.065166 v input3/X (sg13g2_buf_1)
                                                         net3 (net)
                      0.041151    0.001906    4.067072 v fanout22/A (sg13g2_buf_1)
     4    0.039950    0.088265    0.109901    4.176973 v fanout22/X (sg13g2_buf_1)
                                                         net22 (net)
                      0.088438    0.003367    4.180341 v fanout20/A (sg13g2_buf_1)
     7    0.035517    0.079194    0.119664    4.300005 v fanout20/X (sg13g2_buf_1)
                                                         net20 (net)
                      0.079314    0.002344    4.302349 v fanout19/A (sg13g2_buf_1)
     8    0.042620    0.094126    0.126834    4.429183 v fanout19/X (sg13g2_buf_1)
                                                         net19 (net)
                      0.094337    0.003853    4.433036 v _094_/A (sg13g2_inv_1)
     1    0.006858    0.036610    0.046015    4.479052 ^ _094_/Y (sg13g2_inv_1)
                                                         _020_ (net)
                      0.036626    0.000294    4.479346 ^ _098_/RESET_B (sg13g2_dfrbpq_1)
                                              4.479346   data arrival time

                                 20.000000   20.000000   clock clk (rise edge)
                                  0.000000   20.000000   clock source latency
     1    0.045267    0.039798    0.026557   20.026558 ^ clk (in)
                                                         clk (net)
                      0.041924    0.000000   20.026558 ^ clkbuf_0_clk/A (sg13g2_buf_16)
     4    0.084269    0.023237    0.055392   20.081949 ^ clkbuf_0_clk/X (sg13g2_buf_16)
                                                         clknet_0_clk (net)
                      0.026115    0.005782   20.087730 ^ clkbuf_2_1__f_clk/A (sg13g2_buf_16)
     6    0.032252    0.015474    0.045359   20.133091 ^ clkbuf_2_1__f_clk/X (sg13g2_buf_16)
                                                         clknet_2_1__leaf_clk (net)
                      0.015508    0.001219   20.134310 ^ _098_/CLK (sg13g2_dfrbpq_1)
                                 -0.250000   19.884310   clock uncertainty
                                  0.000000   19.884310   clock reconvergence pessimism
                                 -0.085247   19.799063   library recovery time
                                             19.799063   data required time
---------------------------------------------------------------------------------------------
                                             19.799063   data required time
                                             -4.479346   data arrival time
---------------------------------------------------------------------------------------------
                                             15.319717   slack (MET)


Startpoint: reset (input port clocked by clk)
Endpoint: _121_ (recovery check against rising-edge clock clk)
Path Group: asynchronous
Path Type: max

Fanout         Cap        Slew       Delay        Time   Description
---------------------------------------------------------------------------------------------
                                  0.000000    0.000000   clock clk (rise edge)
                                  0.000000    0.000000   clock network delay (propagated)
                                  4.000000    4.000000 v input external delay
     1    0.004199    0.011699    0.002137    4.002137 v reset (in)
                                                         reset (net)
                      0.011699    0.000000    4.002137 v input3/A (sg13g2_buf_1)
     1    0.016773    0.041032    0.063028    4.065166 v input3/X (sg13g2_buf_1)
                                                         net3 (net)
                      0.041151    0.001906    4.067072 v fanout22/A (sg13g2_buf_1)
     4    0.039950    0.088265    0.109901    4.176973 v fanout22/X (sg13g2_buf_1)
                                                         net22 (net)
                      0.088438    0.003367    4.180341 v fanout20/A (sg13g2_buf_1)
     7    0.035517    0.079194    0.119664    4.300005 v fanout20/X (sg13g2_buf_1)
                                                         net20 (net)
                      0.079314    0.002344    4.302349 v fanout19/A (sg13g2_buf_1)
     8    0.042620    0.094126    0.126834    4.429183 v fanout19/X (sg13g2_buf_1)
                                                         net19 (net)
                      0.094360    0.004055    4.433238 v _093_/A (sg13g2_inv_1)
     1    0.006759    0.036329    0.045726    4.478963 ^ _093_/Y (sg13g2_inv_1)
                                                         _019_ (net)
                      0.036346    0.000288    4.479251 ^ _121_/RESET_B (sg13g2_dfrbpq_1)
                                              4.479251   data arrival time

                                 20.000000   20.000000   clock clk (rise edge)
                                  0.000000   20.000000   clock source latency
     1    0.045267    0.039798    0.026557   20.026558 ^ clk (in)
                                                         clk (net)
                      0.041924    0.000000   20.026558 ^ clkbuf_0_clk/A (sg13g2_buf_16)
     4    0.084269    0.023237    0.055392   20.081949 ^ clkbuf_0_clk/X (sg13g2_buf_16)
                                                         clknet_0_clk (net)
                      0.026115    0.005782   20.087730 ^ clkbuf_2_1__f_clk/A (sg13g2_buf_16)
     6    0.032252    0.015474    0.045359   20.133091 ^ clkbuf_2_1__f_clk/X (sg13g2_buf_16)
                                                         clknet_2_1__leaf_clk (net)
                      0.015519    0.001370   20.134460 ^ _121_/CLK (sg13g2_dfrbpq_1)
                                 -0.250000   19.884460   clock uncertainty
                                  0.000000   19.884460   clock reconvergence pessimism
                                 -0.085181   19.799280   library recovery time
                                             19.799280   data required time
---------------------------------------------------------------------------------------------
                                             19.799280   data required time
                                             -4.479251   data arrival time
---------------------------------------------------------------------------------------------
                                             15.320030   slack (MET)


Startpoint: reset (input port clocked by clk)
Endpoint: _120_ (recovery check against rising-edge clock clk)
Path Group: asynchronous
Path Type: max

Fanout         Cap        Slew       Delay        Time   Description
---------------------------------------------------------------------------------------------
                                  0.000000    0.000000   clock clk (rise edge)
                                  0.000000    0.000000   clock network delay (propagated)
                                  4.000000    4.000000 v input external delay
     1    0.004199    0.011699    0.002137    4.002137 v reset (in)
                                                         reset (net)
                      0.011699    0.000000    4.002137 v input3/A (sg13g2_buf_1)
     1    0.016773    0.041032    0.063028    4.065166 v input3/X (sg13g2_buf_1)
                                                         net3 (net)
                      0.041151    0.001906    4.067072 v fanout22/A (sg13g2_buf_1)
     4    0.039950    0.088265    0.109901    4.176973 v fanout22/X (sg13g2_buf_1)
                                                         net22 (net)
                      0.088438    0.003367    4.180341 v fanout20/A (sg13g2_buf_1)
     7    0.035517    0.079194    0.119664    4.300005 v fanout20/X (sg13g2_buf_1)
                                                         net20 (net)
                      0.079314    0.002344    4.302349 v fanout19/A (sg13g2_buf_1)
     8    0.042620    0.094126    0.126834    4.429183 v fanout19/X (sg13g2_buf_1)
                                                         net19 (net)
                      0.094358    0.004032    4.433215 v _092_/A (sg13g2_inv_1)
     1    0.006821    0.036519    0.045909    4.479125 ^ _092_/Y (sg13g2_inv_1)
                                                         _018_ (net)
                      0.036536    0.000292    4.479416 ^ _120_/RESET_B (sg13g2_dfrbpq_1)
                                              4.479416   data arrival time

                                 20.000000   20.000000   clock clk (rise edge)
                                  0.000000   20.000000   clock source latency
     1    0.045267    0.039798    0.026557   20.026558 ^ clk (in)
                                                         clk (net)
                      0.041924    0.000000   20.026558 ^ clkbuf_0_clk/A (sg13g2_buf_16)
     4    0.084269    0.023237    0.055392   20.081949 ^ clkbuf_0_clk/X (sg13g2_buf_16)
                                                         clknet_0_clk (net)
                      0.026733    0.006510   20.088459 ^ clkbuf_2_0__f_clk/A (sg13g2_buf_16)
     6    0.037798    0.016285    0.046008   20.134466 ^ clkbuf_2_0__f_clk/X (sg13g2_buf_16)
                                                         clknet_2_0__leaf_clk (net)
                      0.016399    0.001998   20.136465 ^ _120_/CLK (sg13g2_dfrbpq_1)
                                 -0.250000   19.886467   clock uncertainty
                                  0.000000   19.886467   clock reconvergence pessimism
                                 -0.085126   19.801340   library recovery time
                                             19.801340   data required time
---------------------------------------------------------------------------------------------
                                             19.801340   data required time
                                             -4.479416   data arrival time
---------------------------------------------------------------------------------------------
                                             15.321923   slack (MET)


Startpoint: reset (input port clocked by clk)
Endpoint: _109_ (recovery check against rising-edge clock clk)
Path Group: asynchronous
Path Type: max

Fanout         Cap        Slew       Delay        Time   Description
---------------------------------------------------------------------------------------------
                                  0.000000    0.000000   clock clk (rise edge)
                                  0.000000    0.000000   clock network delay (propagated)
                                  4.000000    4.000000 v input external delay
     1    0.004199    0.011699    0.002137    4.002137 v reset (in)
                                                         reset (net)
                      0.011699    0.000000    4.002137 v input3/A (sg13g2_buf_1)
     1    0.016773    0.041032    0.063028    4.065166 v input3/X (sg13g2_buf_1)
                                                         net3 (net)
                      0.041151    0.001906    4.067072 v fanout22/A (sg13g2_buf_1)
     4    0.039950    0.088265    0.109901    4.176973 v fanout22/X (sg13g2_buf_1)
                                                         net22 (net)
                      0.088438    0.003367    4.180341 v fanout20/A (sg13g2_buf_1)
     7    0.035517    0.079194    0.119664    4.300005 v fanout20/X (sg13g2_buf_1)
                                                         net20 (net)
                      0.079314    0.002344    4.302349 v fanout19/A (sg13g2_buf_1)
     8    0.042620    0.094126    0.126834    4.429183 v fanout19/X (sg13g2_buf_1)
                                                         net19 (net)
                      0.094337    0.003855    4.433038 v _081_/A (sg13g2_inv_1)
     1    0.006778    0.036405    0.045772    4.478810 ^ _081_/Y (sg13g2_inv_1)
                                                         _007_ (net)
                      0.036421    0.000290    4.479099 ^ _109_/RESET_B (sg13g2_dfrbpq_1)
                                              4.479099   data arrival time

                                 20.000000   20.000000   clock clk (rise edge)
                                  0.000000   20.000000   clock source latency
     1    0.045267    0.039798    0.026557   20.026558 ^ clk (in)
                                                         clk (net)
                      0.041924    0.000000   20.026558 ^ clkbuf_0_clk/A (sg13g2_buf_16)
     4    0.084269    0.023237    0.055392   20.081949 ^ clkbuf_0_clk/X (sg13g2_buf_16)
                                                         clknet_0_clk (net)
                      0.026733    0.006510   20.088459 ^ clkbuf_2_0__f_clk/A (sg13g2_buf_16)
     6    0.037798    0.016285    0.046008   20.134466 ^ clkbuf_2_0__f_clk/X (sg13g2_buf_16)
                                                         clknet_2_0__leaf_clk (net)
                      0.016385    0.001915   20.136381 ^ _109_/CLK (sg13g2_dfrbpq_1)
                                 -0.250000   19.886383   clock uncertainty
                                  0.000000   19.886383   clock reconvergence pessimism
                                 -0.085101   19.801281   library recovery time
                                             19.801281   data required time
---------------------------------------------------------------------------------------------
                                             19.801281   data required time
                                             -4.479099   data arrival time
---------------------------------------------------------------------------------------------
                                             15.322182   slack (MET)


Startpoint: reset (input port clocked by clk)
Endpoint: _110_ (recovery check against rising-edge clock clk)
Path Group: asynchronous
Path Type: max

Fanout         Cap        Slew       Delay        Time   Description
---------------------------------------------------------------------------------------------
                                  0.000000    0.000000   clock clk (rise edge)
                                  0.000000    0.000000   clock network delay (propagated)
                                  4.000000    4.000000 v input external delay
     1    0.004199    0.011699    0.002137    4.002137 v reset (in)
                                                         reset (net)
                      0.011699    0.000000    4.002137 v input3/A (sg13g2_buf_1)
     1    0.016773    0.041032    0.063028    4.065166 v input3/X (sg13g2_buf_1)
                                                         net3 (net)
                      0.041151    0.001906    4.067072 v fanout22/A (sg13g2_buf_1)
     4    0.039950    0.088265    0.109901    4.176973 v fanout22/X (sg13g2_buf_1)
                                                         net22 (net)
                      0.088438    0.003367    4.180341 v fanout20/A (sg13g2_buf_1)
     7    0.035517    0.079194    0.119664    4.300005 v fanout20/X (sg13g2_buf_1)
                                                         net20 (net)
                      0.079314    0.002344    4.302349 v fanout19/A (sg13g2_buf_1)
     8    0.042620    0.094126    0.126834    4.429183 v fanout19/X (sg13g2_buf_1)
                                                         net19 (net)
                      0.094274    0.003247    4.432430 v _082_/A (sg13g2_inv_1)
     1    0.006911    0.036738    0.046164    4.478594 ^ _082_/Y (sg13g2_inv_1)
                                                         _008_ (net)
                      0.036755    0.000295    4.478889 ^ _110_/RESET_B (sg13g2_dfrbpq_1)
                                              4.478889   data arrival time

                                 20.000000   20.000000   clock clk (rise edge)
                                  0.000000   20.000000   clock source latency
     1    0.045267    0.039798    0.026557   20.026558 ^ clk (in)
                                                         clk (net)
                      0.041924    0.000000   20.026558 ^ clkbuf_0_clk/A (sg13g2_buf_16)
     4    0.084269    0.023237    0.055392   20.081949 ^ clkbuf_0_clk/X (sg13g2_buf_16)
                                                         clknet_0_clk (net)
                      0.026733    0.006510   20.088459 ^ clkbuf_2_0__f_clk/A (sg13g2_buf_16)
     6    0.037798    0.016285    0.046008   20.134466 ^ clkbuf_2_0__f_clk/X (sg13g2_buf_16)
                                                         clknet_2_0__leaf_clk (net)
                      0.016372    0.001830   20.136297 ^ _110_/CLK (sg13g2_dfrbpq_1)
                                 -0.250000   19.886297   clock uncertainty
                                  0.000000   19.886297   clock reconvergence pessimism
                                 -0.085181   19.801117   library recovery time
                                             19.801117   data required time
---------------------------------------------------------------------------------------------
                                             19.801117   data required time
                                             -4.478889   data arrival time
---------------------------------------------------------------------------------------------
                                             15.322229   slack (MET)


Startpoint: reset (input port clocked by clk)
Endpoint: _111_ (recovery check against rising-edge clock clk)
Path Group: asynchronous
Path Type: max

Fanout         Cap        Slew       Delay        Time   Description
---------------------------------------------------------------------------------------------
                                  0.000000    0.000000   clock clk (rise edge)
                                  0.000000    0.000000   clock network delay (propagated)
                                  4.000000    4.000000 v input external delay
     1    0.004199    0.011699    0.002137    4.002137 v reset (in)
                                                         reset (net)
                      0.011699    0.000000    4.002137 v input3/A (sg13g2_buf_1)
     1    0.016773    0.041032    0.063028    4.065166 v input3/X (sg13g2_buf_1)
                                                         net3 (net)
                      0.041151    0.001906    4.067072 v fanout22/A (sg13g2_buf_1)
     4    0.039950    0.088265    0.109901    4.176973 v fanout22/X (sg13g2_buf_1)
                                                         net22 (net)
                      0.088438    0.003367    4.180341 v fanout20/A (sg13g2_buf_1)
     7    0.035517    0.079194    0.119664    4.300005 v fanout20/X (sg13g2_buf_1)
                                                         net20 (net)
                      0.079314    0.002344    4.302349 v fanout19/A (sg13g2_buf_1)
     8    0.042620    0.094126    0.126834    4.429183 v fanout19/X (sg13g2_buf_1)
                                                         net19 (net)
                      0.094217    0.002570    4.431753 v _083_/A (sg13g2_inv_1)
     1    0.006810    0.036466    0.045838    4.477592 ^ _083_/Y (sg13g2_inv_1)
                                                         _009_ (net)
                      0.036482    0.000293    4.477884 ^ _111_/RESET_B (sg13g2_dfrbpq_1)
                                              4.477884   data arrival time

                                 20.000000   20.000000   clock clk (rise edge)
                                  0.000000   20.000000   clock source latency
     1    0.045267    0.039798    0.026557   20.026558 ^ clk (in)
                                                         clk (net)
                      0.041924    0.000000   20.026558 ^ clkbuf_0_clk/A (sg13g2_buf_16)
     4    0.084269    0.023237    0.055392   20.081949 ^ clkbuf_0_clk/X (sg13g2_buf_16)
                                                         clknet_0_clk (net)
                      0.026733    0.006510   20.088459 ^ clkbuf_2_0__f_clk/A (sg13g2_buf_16)
     6    0.037798    0.016285    0.046008   20.134466 ^ clkbuf_2_0__f_clk/X (sg13g2_buf_16)
                                                         clknet_2_0__leaf_clk (net)
                      0.016356    0.001702   20.136169 ^ _111_/CLK (sg13g2_dfrbpq_1)
                                 -0.250000   19.886169   clock uncertainty
                                  0.000000   19.886169   clock reconvergence pessimism
                                 -0.085119   19.801052   library recovery time
                                             19.801052   data required time
---------------------------------------------------------------------------------------------
                                             19.801052   data required time
                                             -4.477884   data arrival time
---------------------------------------------------------------------------------------------
                                             15.323167   slack (MET)


Startpoint: reset (input port clocked by clk)
Endpoint: _112_ (recovery check against rising-edge clock clk)
Path Group: asynchronous
Path Type: max

Fanout         Cap        Slew       Delay        Time   Description
---------------------------------------------------------------------------------------------
                                  0.000000    0.000000   clock clk (rise edge)
                                  0.000000    0.000000   clock network delay (propagated)
                                  4.000000    4.000000 v input external delay
     1    0.004199    0.011699    0.002137    4.002137 v reset (in)
                                                         reset (net)
                      0.011699    0.000000    4.002137 v input3/A (sg13g2_buf_1)
     1    0.016773    0.041032    0.063028    4.065166 v input3/X (sg13g2_buf_1)
                                                         net3 (net)
                      0.041151    0.001906    4.067072 v fanout22/A (sg13g2_buf_1)
     4    0.039950    0.088265    0.109901    4.176973 v fanout22/X (sg13g2_buf_1)
                                                         net22 (net)
                      0.088438    0.003367    4.180341 v fanout20/A (sg13g2_buf_1)
     7    0.035517    0.079194    0.119664    4.300005 v fanout20/X (sg13g2_buf_1)
                                                         net20 (net)
                      0.079314    0.002344    4.302349 v fanout19/A (sg13g2_buf_1)
     8    0.042620    0.094126    0.126834    4.429183 v fanout19/X (sg13g2_buf_1)
                                                         net19 (net)
                      0.094190    0.002159    4.431342 v _084_/A (sg13g2_inv_1)
     1    0.006738    0.036245    0.045616    4.476958 ^ _084_/Y (sg13g2_inv_1)
                                                         _010_ (net)
                      0.036261    0.000290    4.477247 ^ _112_/RESET_B (sg13g2_dfrbpq_1)
                                              4.477247   data arrival time

                                 20.000000   20.000000   clock clk (rise edge)
                                  0.000000   20.000000   clock source latency
     1    0.045267    0.039798    0.026557   20.026558 ^ clk (in)
                                                         clk (net)
                      0.041924    0.000000   20.026558 ^ clkbuf_0_clk/A (sg13g2_buf_16)
     4    0.084269    0.023237    0.055392   20.081949 ^ clkbuf_0_clk/X (sg13g2_buf_16)
                                                         clknet_0_clk (net)
                      0.026733    0.006510   20.088459 ^ clkbuf_2_0__f_clk/A (sg13g2_buf_16)
     6    0.037798    0.016285    0.046008   20.134466 ^ clkbuf_2_0__f_clk/X (sg13g2_buf_16)
                                                         clknet_2_0__leaf_clk (net)
                      0.016371    0.001826   20.136293 ^ _112_/CLK (sg13g2_dfrbpq_1)
                                 -0.250000   19.886293   clock uncertainty
                                  0.000000   19.886293   clock reconvergence pessimism
                                 -0.085065   19.801229   library recovery time
                                             19.801229   data required time
---------------------------------------------------------------------------------------------
                                             19.801229   data required time
                                             -4.477247   data arrival time
---------------------------------------------------------------------------------------------
                                             15.323982   slack (MET)


Startpoint: done_in (input port clocked by clk)
Endpoint: _120_ (rising edge-triggered flip-flop clocked by clk)
Path Group: clk
Path Type: max

Fanout         Cap        Slew       Delay        Time   Description
---------------------------------------------------------------------------------------------
                                  0.000000    0.000000   clock clk (rise edge)
                                  0.000000    0.000000   clock network delay (propagated)
                                  4.000000    4.000000 ^ input external delay
     1    0.003424    0.013951    0.002061    4.002061 ^ done_in (in)
                                                         done_in (net)
                      0.013951    0.000000    4.002061 ^ input2/A (sg13g2_buf_1)
     2    0.025895    0.071938    0.083153    4.085214 ^ input2/X (sg13g2_buf_1)
                                                         net2 (net)
                      0.072210    0.003754    4.088968 ^ fanout23/A (sg13g2_buf_1)
     8    0.085017    0.225604    0.204268    4.293236 ^ fanout23/X (sg13g2_buf_1)
                                                         net23 (net)
                      0.227956    0.019511    4.312747 ^ _055_/S (sg13g2_mux2_1)
     1    0.002744    0.024142    0.151180    4.463926 v _055_/X (sg13g2_mux2_1)
                                                         _042_ (net)
                      0.024143    0.000199    4.464125 v _120_/D (sg13g2_dfrbpq_1)
                                              4.464125   data arrival time

                                 20.000000   20.000000   clock clk (rise edge)
                                  0.000000   20.000000   clock source latency
     1    0.045267    0.039798    0.026557   20.026558 ^ clk (in)
                                                         clk (net)
                      0.041924    0.000000   20.026558 ^ clkbuf_0_clk/A (sg13g2_buf_16)
     4    0.084269    0.023237    0.055392   20.081949 ^ clkbuf_0_clk/X (sg13g2_buf_16)
                                                         clknet_0_clk (net)
                      0.026733    0.006510   20.088459 ^ clkbuf_2_0__f_clk/A (sg13g2_buf_16)
     6    0.037798    0.016285    0.046008   20.134466 ^ clkbuf_2_0__f_clk/X (sg13g2_buf_16)
                                                         clknet_2_0__leaf_clk (net)
                      0.016399    0.001998   20.136465 ^ _120_/CLK (sg13g2_dfrbpq_1)
                                 -0.250000   19.886467   clock uncertainty
                                  0.000000   19.886467   clock reconvergence pessimism
                                 -0.070363   19.816103   library setup time
                                             19.816103   data required time
---------------------------------------------------------------------------------------------
                                             19.816103   data required time
                                             -4.464125   data arrival time
---------------------------------------------------------------------------------------------
                                             15.351978   slack (MET)


Startpoint: _121_ (rising edge-triggered flip-flop clocked by clk)
Endpoint: dout[1] (output port clocked by clk)
Path Group: clk
Path Type: max

Fanout         Cap        Slew       Delay        Time   Description
---------------------------------------------------------------------------------------------
                                  0.000000    0.000000   clock clk (rise edge)
                                  0.000000    0.000000   clock source latency
     1    0.048523    0.042046    0.031382    0.031382 ^ clk (in)
                                                         clk (net)
                      0.044485    0.000000    0.031382 ^ clkbuf_0_clk/A (sg13g2_buf_16)
     4    0.097293    0.025472    0.063365    0.094748 ^ clkbuf_0_clk/X (sg13g2_buf_16)
                                                         clknet_0_clk (net)
                      0.028938    0.007383    0.102130 ^ clkbuf_2_1__f_clk/A (sg13g2_buf_16)
     6    0.035509    0.016081    0.051644    0.153774 ^ clkbuf_2_1__f_clk/X (sg13g2_buf_16)
                                                         clknet_2_1__leaf_clk (net)
                      0.016136    0.001671    0.155445 ^ _121_/CLK (sg13g2_dfrbpq_1)
     2    0.017639    0.051256    0.142445    0.297890 ^ _121_/Q (sg13g2_dfrbpq_1)
                                                         net8 (net)
                      0.051294    0.001340    0.299229 ^ output8/A (sg13g2_buf_1)
     1    0.007809    0.027547    0.061807    0.361037 ^ output8/X (sg13g2_buf_1)
                                                         dout[1] (net)
                      0.027548    0.000226    0.361263 ^ dout[1] (out)
                                              0.361263   data arrival time

                                 20.000000   20.000000   clock clk (rise edge)
                                  0.000000   20.000000   clock network delay (propagated)
                                 -0.250000   19.750002   clock uncertainty
                                  0.000000   19.750002   clock reconvergence pessimism
                                 -4.000000   15.750001   output external delay
                                             15.750001   data required time
---------------------------------------------------------------------------------------------
                                             15.750001   data required time
                                             -0.361263   data arrival time
---------------------------------------------------------------------------------------------
                                             15.388738   slack (MET)


Startpoint: _120_ (rising edge-triggered flip-flop clocked by clk)
Endpoint: dout[0] (output port clocked by clk)
Path Group: clk
Path Type: max

Fanout         Cap        Slew       Delay        Time   Description
---------------------------------------------------------------------------------------------
                                  0.000000    0.000000   clock clk (rise edge)
                                  0.000000    0.000000   clock source latency
     1    0.048523    0.042046    0.031382    0.031382 ^ clk (in)
                                                         clk (net)
                      0.044485    0.000000    0.031382 ^ clkbuf_0_clk/A (sg13g2_buf_16)
     4    0.097293    0.025472    0.063365    0.094748 ^ clkbuf_0_clk/X (sg13g2_buf_16)
                                                         clknet_0_clk (net)
                      0.029718    0.008317    0.103065 ^ clkbuf_2_0__f_clk/A (sg13g2_buf_16)
     6    0.041055    0.016882    0.052390    0.155455 ^ clkbuf_2_0__f_clk/X (sg13g2_buf_16)
                                                         clknet_2_0__leaf_clk (net)
                      0.017041    0.002407    0.157862 ^ _120_/CLK (sg13g2_dfrbpq_1)
     2    0.016531    0.048514    0.140617    0.298479 ^ _120_/Q (sg13g2_dfrbpq_1)
                                                         net5 (net)
                      0.048564    0.001464    0.299943 ^ output5/A (sg13g2_buf_1)
     1    0.007896    0.027667    0.061074    0.361018 ^ output5/X (sg13g2_buf_1)
                                                         dout[0] (net)
                      0.027669    0.000228    0.361246 ^ dout[0] (out)
                                              0.361246   data arrival time

                                 20.000000   20.000000   clock clk (rise edge)
                                  0.000000   20.000000   clock network delay (propagated)
                                 -0.250000   19.750002   clock uncertainty
                                  0.000000   19.750002   clock reconvergence pessimism
                                 -4.000000   15.750001   output external delay
                                             15.750001   data required time
---------------------------------------------------------------------------------------------
                                             15.750001   data required time
                                             -0.361246   data arrival time
---------------------------------------------------------------------------------------------
                                             15.388756   slack (MET)


Startpoint: _098_ (rising edge-triggered flip-flop clocked by clk)
Endpoint: dout[2] (output port clocked by clk)
Path Group: clk
Path Type: max

Fanout         Cap        Slew       Delay        Time   Description
---------------------------------------------------------------------------------------------
                                  0.000000    0.000000   clock clk (rise edge)
                                  0.000000    0.000000   clock source latency
     1    0.048523    0.042046    0.031382    0.031382 ^ clk (in)
                                                         clk (net)
                      0.044485    0.000000    0.031382 ^ clkbuf_0_clk/A (sg13g2_buf_16)
     4    0.097293    0.025472    0.063365    0.094748 ^ clkbuf_0_clk/X (sg13g2_buf_16)
                                                         clknet_0_clk (net)
                      0.028938    0.007383    0.102130 ^ clkbuf_2_1__f_clk/A (sg13g2_buf_16)
     6    0.035509    0.016081    0.051644    0.153774 ^ clkbuf_2_1__f_clk/X (sg13g2_buf_16)
                                                         clknet_2_1__leaf_clk (net)
                      0.016124    0.001498    0.155272 ^ _098_/CLK (sg13g2_dfrbpq_1)
     2    0.016856    0.049319    0.140894    0.296166 ^ _098_/Q (sg13g2_dfrbpq_1)
                                                         net9 (net)
                      0.049358    0.001309    0.297476 ^ output9/A (sg13g2_buf_1)
     1    0.007832    0.027538    0.061210    0.358685 ^ output9/X (sg13g2_buf_1)
                                                         dout[2] (net)
                      0.027540    0.000227    0.358912 ^ dout[2] (out)
                                              0.358912   data arrival time

                                 20.000000   20.000000   clock clk (rise edge)
                                  0.000000   20.000000   clock network delay (propagated)
                                 -0.250000   19.750002   clock uncertainty
                                  0.000000   19.750002   clock reconvergence pessimism
                                 -4.000000   15.750001   output external delay
                                             15.750001   data required time
---------------------------------------------------------------------------------------------
                                             15.750001   data required time
                                             -0.358912   data arrival time
---------------------------------------------------------------------------------------------
                                             15.391088   slack (MET)


Startpoint: _107_ (rising edge-triggered flip-flop clocked by clk)
Endpoint: dout[11] (output port clocked by clk)
Path Group: clk
Path Type: max

Fanout         Cap        Slew       Delay        Time   Description
---------------------------------------------------------------------------------------------
                                  0.000000    0.000000   clock clk (rise edge)
                                  0.000000    0.000000   clock source latency
     1    0.048523    0.042046    0.031382    0.031382 ^ clk (in)
                                                         clk (net)
                      0.044485    0.000000    0.031382 ^ clkbuf_0_clk/A (sg13g2_buf_16)
     4    0.097293    0.025472    0.063365    0.094748 ^ clkbuf_0_clk/X (sg13g2_buf_16)
                                                         clknet_0_clk (net)
                      0.028330    0.006592    0.101339 ^ clkbuf_2_3__f_clk/A (sg13g2_buf_16)
     6    0.030283    0.015304    0.050553    0.151893 ^ clkbuf_2_3__f_clk/X (sg13g2_buf_16)
                                                         clknet_2_3__leaf_clk (net)
                      0.015522    0.002844    0.154736 ^ _107_/CLK (sg13g2_dfrbpq_1)
     2    0.013524    0.041102    0.134398    0.289135 ^ _107_/Q (sg13g2_dfrbpq_1)
                                                         net7 (net)
                      0.041116    0.000761    0.289896 ^ output7/A (sg13g2_buf_1)
     1    0.007821    0.027243    0.058452    0.348347 ^ output7/X (sg13g2_buf_1)
                                                         dout[11] (net)
                      0.027244    0.000227    0.348574 ^ dout[11] (out)
                                              0.348574   data arrival time

                                 20.000000   20.000000   clock clk (rise edge)
                                  0.000000   20.000000   clock network delay (propagated)
                                 -0.250000   19.750002   clock uncertainty
                                  0.000000   19.750002   clock reconvergence pessimism
                                 -4.000000   15.750001   output external delay
                                             15.750001   data required time
---------------------------------------------------------------------------------------------
                                             15.750001   data required time
                                             -0.348574   data arrival time
---------------------------------------------------------------------------------------------
                                             15.401426   slack (MET)


Startpoint: _099_ (rising edge-triggered flip-flop clocked by clk)
Endpoint: dout[3] (output port clocked by clk)
Path Group: clk
Path Type: max

Fanout         Cap        Slew       Delay        Time   Description
---------------------------------------------------------------------------------------------
                                  0.000000    0.000000   clock clk (rise edge)
                                  0.000000    0.000000   clock source latency
     1    0.048523    0.042046    0.031382    0.031382 ^ clk (in)
                                                         clk (net)
                      0.044485    0.000000    0.031382 ^ clkbuf_0_clk/A (sg13g2_buf_16)
     4    0.097293    0.025472    0.063365    0.094748 ^ clkbuf_0_clk/X (sg13g2_buf_16)
                                                         clknet_0_clk (net)
                      0.028938    0.007383    0.102130 ^ clkbuf_2_1__f_clk/A (sg13g2_buf_16)
     6    0.035509    0.016081    0.051644    0.153774 ^ clkbuf_2_1__f_clk/X (sg13g2_buf_16)
                                                         clknet_2_1__leaf_clk (net)
                      0.016116    0.001370    0.155144 ^ _099_/CLK (sg13g2_dfrbpq_1)
     2    0.012397    0.038340    0.132305    0.287449 ^ _099_/Q (sg13g2_dfrbpq_1)
                                                         net10 (net)
                      0.038360    0.000851    0.288300 ^ output10/A (sg13g2_buf_1)
     1    0.007773    0.027035    0.057442    0.345742 ^ output10/X (sg13g2_buf_1)
                                                         dout[3] (net)
                      0.027036    0.000223    0.345964 ^ dout[3] (out)
                                              0.345964   data arrival time

                                 20.000000   20.000000   clock clk (rise edge)
                                  0.000000   20.000000   clock network delay (propagated)
                                 -0.250000   19.750002   clock uncertainty
                                  0.000000   19.750002   clock reconvergence pessimism
                                 -4.000000   15.750001   output external delay
                                             15.750001   data required time
---------------------------------------------------------------------------------------------
                                             15.750001   data required time
                                             -0.345964   data arrival time
---------------------------------------------------------------------------------------------
                                             15.404036   slack (MET)


Startpoint: reset (input port clocked by clk)
Endpoint: _105_ (recovery check against rising-edge clock clk)
Path Group: asynchronous
Path Type: max

Fanout         Cap        Slew       Delay        Time   Description
---------------------------------------------------------------------------------------------
                                  0.000000    0.000000   clock clk (rise edge)
                                  0.000000    0.000000   clock network delay (propagated)
                                  4.000000    4.000000 v input external delay
     1    0.004199    0.011699    0.002137    4.002137 v reset (in)
                                                         reset (net)
                      0.011699    0.000000    4.002137 v input3/A (sg13g2_buf_1)
     1    0.016773    0.041032    0.063028    4.065166 v input3/X (sg13g2_buf_1)
                                                         net3 (net)
                      0.041151    0.001906    4.067072 v fanout22/A (sg13g2_buf_1)
     4    0.039950    0.088265    0.109901    4.176973 v fanout22/X (sg13g2_buf_1)
                                                         net22 (net)
                      0.088317    0.001864    4.178838 v fanout21/A (sg13g2_buf_1)
     8    0.050167    0.109769    0.141907    4.320745 v fanout21/X (sg13g2_buf_1)
                                                         net21 (net)
                      0.109832    0.002298    4.323043 v _077_/A (sg13g2_inv_1)
     1    0.009368    0.046112    0.056486    4.379529 ^ _077_/Y (sg13g2_inv_1)
                                                         _003_ (net)
                      0.046128    0.000722    4.380251 ^ _105_/RESET_B (sg13g2_dfrbpq_1)
                                              4.380251   data arrival time

                                 20.000000   20.000000   clock clk (rise edge)
                                  0.000000   20.000000   clock source latency
     1    0.045267    0.039798    0.026557   20.026558 ^ clk (in)
                                                         clk (net)
                      0.041924    0.000000   20.026558 ^ clkbuf_0_clk/A (sg13g2_buf_16)
     4    0.084269    0.023237    0.055392   20.081949 ^ clkbuf_0_clk/X (sg13g2_buf_16)
                                                         clknet_0_clk (net)
                      0.025630    0.005159   20.087107 ^ clkbuf_2_3__f_clk/A (sg13g2_buf_16)
     6    0.027025    0.014703    0.044444   20.131552 ^ clkbuf_2_3__f_clk/X (sg13g2_buf_16)
                                                         clknet_2_3__leaf_clk (net)
                      0.014756    0.001497   20.133049 ^ _105_/CLK (sg13g2_dfrbpq_1)
                                 -0.250000   19.883051   clock uncertainty
                                  0.000000   19.883051   clock reconvergence pessimism
                                 -0.087552   19.795500   library recovery time
                                             19.795500   data required time
---------------------------------------------------------------------------------------------
                                             19.795500   data required time
                                             -4.380251   data arrival time
---------------------------------------------------------------------------------------------
                                             15.415248   slack (MET)


Startpoint: _101_ (rising edge-triggered flip-flop clocked by clk)
Endpoint: dout[5] (output port clocked by clk)
Path Group: clk
Path Type: max

Fanout         Cap        Slew       Delay        Time   Description
---------------------------------------------------------------------------------------------
                                  0.000000    0.000000   clock clk (rise edge)
                                  0.000000    0.000000   clock source latency
     1    0.048523    0.042046    0.031382    0.031382 ^ clk (in)
                                                         clk (net)
                      0.044485    0.000000    0.031382 ^ clkbuf_0_clk/A (sg13g2_buf_16)
     4    0.097293    0.025472    0.063365    0.094748 ^ clkbuf_0_clk/X (sg13g2_buf_16)
                                                         clknet_0_clk (net)
                      0.028938    0.007383    0.102130 ^ clkbuf_2_1__f_clk/A (sg13g2_buf_16)
     6    0.035509    0.016081    0.051644    0.153774 ^ clkbuf_2_1__f_clk/X (sg13g2_buf_16)
                                                         clknet_2_1__leaf_clk (net)
                      0.016093    0.000877    0.154651 ^ _101_/CLK (sg13g2_dfrbpq_1)
     2    0.007093    0.025500    0.122018    0.276669 ^ _101_/Q (sg13g2_dfrbpq_1)
                                                         net12 (net)
                      0.025525    0.000497    0.277166 ^ output12/A (sg13g2_buf_1)
     1    0.009179    0.030088    0.055943    0.333109 ^ output12/X (sg13g2_buf_1)
                                                         dout[5] (net)
                      0.030090    0.000293    0.333402 ^ dout[5] (out)
                                              0.333402   data arrival time

                                 20.000000   20.000000   clock clk (rise edge)
                                  0.000000   20.000000   clock network delay (propagated)
                                 -0.250000   19.750002   clock uncertainty
                                  0.000000   19.750002   clock reconvergence pessimism
                                 -4.000000   15.750001   output external delay
                                             15.750001   data required time
---------------------------------------------------------------------------------------------
                                             15.750001   data required time
                                             -0.333402   data arrival time
---------------------------------------------------------------------------------------------
                                             15.416598   slack (MET)


Startpoint: _106_ (rising edge-triggered flip-flop clocked by clk)
Endpoint: dout[10] (output port clocked by clk)
Path Group: clk
Path Type: max

Fanout         Cap        Slew       Delay        Time   Description
---------------------------------------------------------------------------------------------
                                  0.000000    0.000000   clock clk (rise edge)
                                  0.000000    0.000000   clock source latency
     1    0.048523    0.042046    0.031382    0.031382 ^ clk (in)
                                                         clk (net)
                      0.044485    0.000000    0.031382 ^ clkbuf_0_clk/A (sg13g2_buf_16)
     4    0.097293    0.025472    0.063365    0.094748 ^ clkbuf_0_clk/X (sg13g2_buf_16)
                                                         clknet_0_clk (net)
                      0.028330    0.006592    0.101339 ^ clkbuf_2_3__f_clk/A (sg13g2_buf_16)
     6    0.030283    0.015304    0.050553    0.151893 ^ clkbuf_2_3__f_clk/X (sg13g2_buf_16)
                                                         clknet_2_3__leaf_clk (net)
                      0.015482    0.002654    0.154547 ^ _106_/CLK (sg13g2_dfrbpq_1)
     2    0.007345    0.026113    0.122282    0.276829 ^ _106_/Q (sg13g2_dfrbpq_1)
                                                         net6 (net)
                      0.026123    0.000483    0.277312 ^ output6/A (sg13g2_buf_1)
     1    0.007823    0.026758    0.053476    0.330788 ^ output6/X (sg13g2_buf_1)
                                                         dout[10] (net)
                      0.026759    0.000227    0.331015 ^ dout[10] (out)
                                              0.331015   data arrival time

                                 20.000000   20.000000   clock clk (rise edge)
                                  0.000000   20.000000   clock network delay (propagated)
                                 -0.250000   19.750002   clock uncertainty
                                  0.000000   19.750002   clock reconvergence pessimism
                                 -4.000000   15.750001   output external delay
                                             15.750001   data required time
---------------------------------------------------------------------------------------------
                                             15.750001   data required time
                                             -0.331015   data arrival time
---------------------------------------------------------------------------------------------
                                             15.418985   slack (MET)


Startpoint: _104_ (rising edge-triggered flip-flop clocked by clk)
Endpoint: dout[8] (output port clocked by clk)
Path Group: clk
Path Type: max

Fanout         Cap        Slew       Delay        Time   Description
---------------------------------------------------------------------------------------------
                                  0.000000    0.000000   clock clk (rise edge)
                                  0.000000    0.000000   clock source latency
     1    0.048523    0.042046    0.031382    0.031382 ^ clk (in)
                                                         clk (net)
                      0.044485    0.000000    0.031382 ^ clkbuf_0_clk/A (sg13g2_buf_16)
     4    0.097293    0.025472    0.063365    0.094748 ^ clkbuf_0_clk/X (sg13g2_buf_16)
                                                         clknet_0_clk (net)
                      0.028051    0.006204    0.100952 ^ clkbuf_2_2__f_clk/A (sg13g2_buf_16)
     6    0.042519    0.017011    0.051940    0.152892 ^ clkbuf_2_2__f_clk/X (sg13g2_buf_16)
                                                         clknet_2_2__leaf_clk (net)
                      0.017033    0.001175    0.154067 ^ _104_/CLK (sg13g2_dfrbpq_1)
     2    0.007035    0.025369    0.122328    0.276395 ^ _104_/Q (sg13g2_dfrbpq_1)
                                                         net15 (net)
                      0.025391    0.000409    0.276804 ^ output15/A (sg13g2_buf_1)
     1    0.008086    0.027381    0.053751    0.330555 ^ output15/X (sg13g2_buf_1)
                                                         dout[8] (net)
                      0.027383    0.000238    0.330793 ^ dout[8] (out)
                                              0.330793   data arrival time

                                 20.000000   20.000000   clock clk (rise edge)
                                  0.000000   20.000000   clock network delay (propagated)
                                 -0.250000   19.750002   clock uncertainty
                                  0.000000   19.750002   clock reconvergence pessimism
                                 -4.000000   15.750001   output external delay
                                             15.750001   data required time
---------------------------------------------------------------------------------------------
                                             15.750001   data required time
                                             -0.330793   data arrival time
---------------------------------------------------------------------------------------------
                                             15.419208   slack (MET)


Startpoint: reset (input port clocked by clk)
Endpoint: _107_ (recovery check against rising-edge clock clk)
Path Group: asynchronous
Path Type: max

Fanout         Cap        Slew       Delay        Time   Description
---------------------------------------------------------------------------------------------
                                  0.000000    0.000000   clock clk (rise edge)
                                  0.000000    0.000000   clock network delay (propagated)
                                  4.000000    4.000000 v input external delay
     1    0.004199    0.011699    0.002137    4.002137 v reset (in)
                                                         reset (net)
                      0.011699    0.000000    4.002137 v input3/A (sg13g2_buf_1)
     1    0.016773    0.041032    0.063028    4.065166 v input3/X (sg13g2_buf_1)
                                                         net3 (net)
                      0.041151    0.001906    4.067072 v fanout22/A (sg13g2_buf_1)
     4    0.039950    0.088265    0.109901    4.176973 v fanout22/X (sg13g2_buf_1)
                                                         net22 (net)
                      0.088317    0.001864    4.178838 v fanout21/A (sg13g2_buf_1)
     8    0.050167    0.109769    0.141907    4.320745 v fanout21/X (sg13g2_buf_1)
                                                         net21 (net)
                      0.109834    0.002340    4.323086 v _079_/A (sg13g2_inv_1)
     1    0.008269    0.042972    0.052946    4.376031 ^ _079_/Y (sg13g2_inv_1)
                                                         _005_ (net)
                      0.042985    0.000649    4.376680 ^ _107_/RESET_B (sg13g2_dfrbpq_1)
                                              4.376680   data arrival time

                                 20.000000   20.000000   clock clk (rise edge)
                                  0.000000   20.000000   clock source latency
     1    0.045267    0.039798    0.026557   20.026558 ^ clk (in)
                                                         clk (net)
                      0.041924    0.000000   20.026558 ^ clkbuf_0_clk/A (sg13g2_buf_16)
     4    0.084269    0.023237    0.055392   20.081949 ^ clkbuf_0_clk/X (sg13g2_buf_16)
                                                         clknet_0_clk (net)
                      0.025630    0.005159   20.087107 ^ clkbuf_2_3__f_clk/A (sg13g2_buf_16)
     6    0.027025    0.014703    0.044444   20.131552 ^ clkbuf_2_3__f_clk/X (sg13g2_buf_16)
                                                         clknet_2_3__leaf_clk (net)
                      0.014866    0.002299   20.133850 ^ _107_/CLK (sg13g2_dfrbpq_1)
                                 -0.250000   19.883852   clock uncertainty
                                  0.000000   19.883852   clock reconvergence pessimism
                                 -0.086805   19.797047   library recovery time
                                             19.797047   data required time
---------------------------------------------------------------------------------------------
                                             19.797047   data required time
                                             -4.376680   data arrival time
---------------------------------------------------------------------------------------------
                                             15.420366   slack (MET)


Startpoint: _102_ (rising edge-triggered flip-flop clocked by clk)
Endpoint: dout[6] (output port clocked by clk)
Path Group: clk
Path Type: max

Fanout         Cap        Slew       Delay        Time   Description
---------------------------------------------------------------------------------------------
                                  0.000000    0.000000   clock clk (rise edge)
                                  0.000000    0.000000   clock source latency
     1    0.048523    0.042046    0.031382    0.031382 ^ clk (in)
                                                         clk (net)
                      0.044485    0.000000    0.031382 ^ clkbuf_0_clk/A (sg13g2_buf_16)
     4    0.097293    0.025472    0.063365    0.094748 ^ clkbuf_0_clk/X (sg13g2_buf_16)
                                                         clknet_0_clk (net)
                      0.028051    0.006204    0.100952 ^ clkbuf_2_2__f_clk/A (sg13g2_buf_16)
     6    0.042519    0.017011    0.051940    0.152892 ^ clkbuf_2_2__f_clk/X (sg13g2_buf_16)
                                                         clknet_2_2__leaf_clk (net)
                      0.017259    0.002769    0.155660 ^ _102_/CLK (sg13g2_dfrbpq_1)
     2    0.005361    0.021473    0.119162    0.274822 ^ _102_/Q (sg13g2_dfrbpq_1)
                                                         net13 (net)
                      0.021476    0.000310    0.275132 ^ output13/A (sg13g2_buf_1)
     1    0.008581    0.028480    0.053420    0.328552 ^ output13/X (sg13g2_buf_1)
                                                         dout[6] (net)
                      0.028482    0.000267    0.328820 ^ dout[6] (out)
                                              0.328820   data arrival time

                                 20.000000   20.000000   clock clk (rise edge)
                                  0.000000   20.000000   clock network delay (propagated)
                                 -0.250000   19.750002   clock uncertainty
                                  0.000000   19.750002   clock reconvergence pessimism
                                 -4.000000   15.750001   output external delay
                                             15.750001   data required time
---------------------------------------------------------------------------------------------
                                             15.750001   data required time
                                             -0.328820   data arrival time
---------------------------------------------------------------------------------------------
                                             15.421182   slack (MET)


Startpoint: reset (input port clocked by clk)
Endpoint: _117_ (recovery check against rising-edge clock clk)
Path Group: asynchronous
Path Type: max

Fanout         Cap        Slew       Delay        Time   Description
---------------------------------------------------------------------------------------------
                                  0.000000    0.000000   clock clk (rise edge)
                                  0.000000    0.000000   clock network delay (propagated)
                                  4.000000    4.000000 v input external delay
     1    0.004199    0.011699    0.002137    4.002137 v reset (in)
                                                         reset (net)
                      0.011699    0.000000    4.002137 v input3/A (sg13g2_buf_1)
     1    0.016773    0.041032    0.063028    4.065166 v input3/X (sg13g2_buf_1)
                                                         net3 (net)
                      0.041151    0.001906    4.067072 v fanout22/A (sg13g2_buf_1)
     4    0.039950    0.088265    0.109901    4.176973 v fanout22/X (sg13g2_buf_1)
                                                         net22 (net)
                      0.088317    0.001864    4.178838 v fanout21/A (sg13g2_buf_1)
     8    0.050167    0.109769    0.141907    4.320745 v fanout21/X (sg13g2_buf_1)
                                                         net21 (net)
                      0.109866    0.002853    4.323598 v _089_/A (sg13g2_inv_1)
     1    0.007252    0.040084    0.049793    4.373391 ^ _089_/Y (sg13g2_inv_1)
                                                         _015_ (net)
                      0.040087    0.000314    4.373705 ^ _117_/RESET_B (sg13g2_dfrbpq_1)
                                              4.373705   data arrival time

                                 20.000000   20.000000   clock clk (rise edge)
                                  0.000000   20.000000   clock source latency
     1    0.045267    0.039798    0.026557   20.026558 ^ clk (in)
                                                         clk (net)
                      0.041924    0.000000   20.026558 ^ clkbuf_0_clk/A (sg13g2_buf_16)
     4    0.084269    0.023237    0.055392   20.081949 ^ clkbuf_0_clk/X (sg13g2_buf_16)
                                                         clknet_0_clk (net)
                      0.025630    0.005159   20.087107 ^ clkbuf_2_3__f_clk/A (sg13g2_buf_16)
     6    0.027025    0.014703    0.044444   20.131552 ^ clkbuf_2_3__f_clk/X (sg13g2_buf_16)
                                                         clknet_2_3__leaf_clk (net)
                      0.014703    0.000128   20.131680 ^ _117_/CLK (sg13g2_dfrbpq_1)
                                 -0.250000   19.881681   clock uncertainty
                                  0.000000   19.881681   clock reconvergence pessimism
                                 -0.086146   19.795534   library recovery time
                                             19.795534   data required time
---------------------------------------------------------------------------------------------
                                             19.795534   data required time
                                             -4.373705   data arrival time
---------------------------------------------------------------------------------------------
                                             15.421829   slack (MET)


Startpoint: _100_ (rising edge-triggered flip-flop clocked by clk)
Endpoint: dout[4] (output port clocked by clk)
Path Group: clk
Path Type: max

Fanout         Cap        Slew       Delay        Time   Description
---------------------------------------------------------------------------------------------
                                  0.000000    0.000000   clock clk (rise edge)
                                  0.000000    0.000000   clock source latency
     1    0.048523    0.042046    0.031382    0.031382 ^ clk (in)
                                                         clk (net)
                      0.044485    0.000000    0.031382 ^ clkbuf_0_clk/A (sg13g2_buf_16)
     4    0.097293    0.025472    0.063365    0.094748 ^ clkbuf_0_clk/X (sg13g2_buf_16)
                                                         clknet_0_clk (net)
                      0.028938    0.007383    0.102130 ^ clkbuf_2_1__f_clk/A (sg13g2_buf_16)
     6    0.035509    0.016081    0.051644    0.153774 ^ clkbuf_2_1__f_clk/X (sg13g2_buf_16)
                                                         clknet_2_1__leaf_clk (net)
                      0.016103    0.001179    0.154954 ^ _100_/CLK (sg13g2_dfrbpq_1)
     2    0.005618    0.022052    0.119169    0.274122 ^ _100_/Q (sg13g2_dfrbpq_1)
                                                         net11 (net)
                      0.022056    0.000371    0.274493 ^ output11/A (sg13g2_buf_1)
     1    0.008244    0.027644    0.052783    0.327276 ^ output11/X (sg13g2_buf_1)
                                                         dout[4] (net)
                      0.027657    0.000572    0.327847 ^ dout[4] (out)
                                              0.327847   data arrival time

                                 20.000000   20.000000   clock clk (rise edge)
                                  0.000000   20.000000   clock network delay (propagated)
                                 -0.250000   19.750002   clock uncertainty
                                  0.000000   19.750002   clock reconvergence pessimism
                                 -4.000000   15.750001   output external delay
                                             15.750001   data required time
---------------------------------------------------------------------------------------------
                                             15.750001   data required time
                                             -0.327847   data arrival time
---------------------------------------------------------------------------------------------
                                             15.422153   slack (MET)


Startpoint: _103_ (rising edge-triggered flip-flop clocked by clk)
Endpoint: dout[7] (output port clocked by clk)
Path Group: clk
Path Type: max

Fanout         Cap        Slew       Delay        Time   Description
---------------------------------------------------------------------------------------------
                                  0.000000    0.000000   clock clk (rise edge)
                                  0.000000    0.000000   clock source latency
     1    0.048523    0.042046    0.031382    0.031382 ^ clk (in)
                                                         clk (net)
                      0.044485    0.000000    0.031382 ^ clkbuf_0_clk/A (sg13g2_buf_16)
     4    0.097293    0.025472    0.063365    0.094748 ^ clkbuf_0_clk/X (sg13g2_buf_16)
                                                         clknet_0_clk (net)
                      0.028051    0.006204    0.100952 ^ clkbuf_2_2__f_clk/A (sg13g2_buf_16)
     6    0.042519    0.017011    0.051940    0.152892 ^ clkbuf_2_2__f_clk/X (sg13g2_buf_16)
                                                         clknet_2_2__leaf_clk (net)
                      0.017148    0.002310    0.155202 ^ _103_/CLK (sg13g2_dfrbpq_1)
     2    0.005162    0.021043    0.118779    0.273981 ^ _103_/Q (sg13g2_dfrbpq_1)
                                                         net14 (net)
                      0.021043    0.000122    0.274103 ^ output14/A (sg13g2_buf_1)
     1    0.008213    0.027556    0.052552    0.326655 ^ output14/X (sg13g2_buf_1)
                                                         dout[7] (net)
                      0.027558    0.000253    0.326908 ^ dout[7] (out)
                                              0.326908   data arrival time

                                 20.000000   20.000000   clock clk (rise edge)
                                  0.000000   20.000000   clock network delay (propagated)
                                 -0.250000   19.750002   clock uncertainty
                                  0.000000   19.750002   clock reconvergence pessimism
                                 -4.000000   15.750001   output external delay
                                             15.750001   data required time
---------------------------------------------------------------------------------------------
                                             15.750001   data required time
                                             -0.326908   data arrival time
---------------------------------------------------------------------------------------------
                                             15.423093   slack (MET)


Startpoint: reset (input port clocked by clk)
Endpoint: _115_ (recovery check against rising-edge clock clk)
Path Group: asynchronous
Path Type: max

Fanout         Cap        Slew       Delay        Time   Description
---------------------------------------------------------------------------------------------
                                  0.000000    0.000000   clock clk (rise edge)
                                  0.000000    0.000000   clock network delay (propagated)
                                  4.000000    4.000000 v input external delay
     1    0.004199    0.011699    0.002137    4.002137 v reset (in)
                                                         reset (net)
                      0.011699    0.000000    4.002137 v input3/A (sg13g2_buf_1)
     1    0.016773    0.041032    0.063028    4.065166 v input3/X (sg13g2_buf_1)
                                                         net3 (net)
                      0.041151    0.001906    4.067072 v fanout22/A (sg13g2_buf_1)
     4    0.039950    0.088265    0.109901    4.176973 v fanout22/X (sg13g2_buf_1)
                                                         net22 (net)
                      0.088317    0.001864    4.178838 v fanout21/A (sg13g2_buf_1)
     8    0.050167    0.109769    0.141907    4.320745 v fanout21/X (sg13g2_buf_1)
                                                         net21 (net)
                      0.109932    0.003669    4.324414 v _087_/A (sg13g2_inv_1)
     1    0.007508    0.040791    0.050629    4.375043 ^ _087_/Y (sg13g2_inv_1)
                                                         _013_ (net)
                      0.040795    0.000330    4.375372 ^ _115_/RESET_B (sg13g2_dfrbpq_1)
                                              4.375372   data arrival time

                                 20.000000   20.000000   clock clk (rise edge)
                                  0.000000   20.000000   clock source latency
     1    0.045267    0.039798    0.026557   20.026558 ^ clk (in)
                                                         clk (net)
                      0.041924    0.000000   20.026558 ^ clkbuf_0_clk/A (sg13g2_buf_16)
     4    0.084269    0.023237    0.055392   20.081949 ^ clkbuf_0_clk/X (sg13g2_buf_16)
                                                         clknet_0_clk (net)
                      0.025409    0.004857   20.086805 ^ clkbuf_2_2__f_clk/A (sg13g2_buf_16)
     6    0.039261    0.016431    0.045716   20.132523 ^ clkbuf_2_2__f_clk/X (sg13g2_buf_16)
                                                         clknet_2_2__leaf_clk (net)
                      0.016586    0.002196   20.134718 ^ _115_/CLK (sg13g2_dfrbpq_1)
                                 -0.250000   19.884718   clock uncertainty
                                  0.000000   19.884718   clock reconvergence pessimism
                                 -0.086100   19.798618   library recovery time
                                             19.798618   data required time
---------------------------------------------------------------------------------------------
                                             19.798618   data required time
                                             -4.375372   data arrival time
---------------------------------------------------------------------------------------------
                                             15.423245   slack (MET)


Startpoint: _105_ (rising edge-triggered flip-flop clocked by clk)
Endpoint: dout[9] (output port clocked by clk)
Path Group: clk
Path Type: max

Fanout         Cap        Slew       Delay        Time   Description
---------------------------------------------------------------------------------------------
                                  0.000000    0.000000   clock clk (rise edge)
                                  0.000000    0.000000   clock source latency
     1    0.048523    0.042046    0.031382    0.031382 ^ clk (in)
                                                         clk (net)
                      0.044485    0.000000    0.031382 ^ clkbuf_0_clk/A (sg13g2_buf_16)
     4    0.097293    0.025472    0.063365    0.094748 ^ clkbuf_0_clk/X (sg13g2_buf_16)
                                                         clknet_0_clk (net)
                      0.028330    0.006592    0.101339 ^ clkbuf_2_3__f_clk/A (sg13g2_buf_16)
     6    0.030283    0.015304    0.050553    0.151893 ^ clkbuf_2_3__f_clk/X (sg13g2_buf_16)
                                                         clknet_2_3__leaf_clk (net)
                      0.015375    0.001856    0.153749 ^ _105_/CLK (sg13g2_dfrbpq_1)
     2    0.005684    0.022207    0.119007    0.272756 ^ _105_/Q (sg13g2_dfrbpq_1)
                                                         net16 (net)
                      0.022209    0.000367    0.273123 ^ output16/A (sg13g2_buf_1)
     1    0.007822    0.026628    0.052174    0.325297 ^ output16/X (sg13g2_buf_1)
                                                         dout[9] (net)
                      0.026629    0.000226    0.325523 ^ dout[9] (out)
                                              0.325523   data arrival time

                                 20.000000   20.000000   clock clk (rise edge)
                                  0.000000   20.000000   clock network delay (propagated)
                                 -0.250000   19.750002   clock uncertainty
                                  0.000000   19.750002   clock reconvergence pessimism
                                 -4.000000   15.750001   output external delay
                                             15.750001   data required time
---------------------------------------------------------------------------------------------
                                             15.750001   data required time
                                             -0.325523   data arrival time
---------------------------------------------------------------------------------------------
                                             15.424479   slack (MET)


Startpoint: reset (input port clocked by clk)
Endpoint: _104_ (recovery check against rising-edge clock clk)
Path Group: asynchronous
Path Type: max

Fanout         Cap        Slew       Delay        Time   Description
---------------------------------------------------------------------------------------------
                                  0.000000    0.000000   clock clk (rise edge)
                                  0.000000    0.000000   clock network delay (propagated)
                                  4.000000    4.000000 v input external delay
     1    0.004199    0.011699    0.002137    4.002137 v reset (in)
                                                         reset (net)
                      0.011699    0.000000    4.002137 v input3/A (sg13g2_buf_1)
     1    0.016773    0.041032    0.063028    4.065166 v input3/X (sg13g2_buf_1)
                                                         net3 (net)
                      0.041151    0.001906    4.067072 v fanout22/A (sg13g2_buf_1)
     4    0.039950    0.088265    0.109901    4.176973 v fanout22/X (sg13g2_buf_1)
                                                         net22 (net)
                      0.088317    0.001864    4.178838 v fanout21/A (sg13g2_buf_1)
     8    0.050167    0.109769    0.141907    4.320745 v fanout21/X (sg13g2_buf_1)
                                                         net21 (net)
                      0.109881    0.003057    4.323802 v _076_/A (sg13g2_inv_1)
     1    0.007002    0.039399    0.048983    4.372785 ^ _076_/Y (sg13g2_inv_1)
                                                         _002_ (net)
                      0.039417    0.000303    4.373088 ^ _104_/RESET_B (sg13g2_dfrbpq_1)
                                              4.373088   data arrival time

                                 20.000000   20.000000   clock clk (rise edge)
                                  0.000000   20.000000   clock source latency
     1    0.045267    0.039798    0.026557   20.026558 ^ clk (in)
                                                         clk (net)
                      0.041924    0.000000   20.026558 ^ clkbuf_0_clk/A (sg13g2_buf_16)
     4    0.084269    0.023237    0.055392   20.081949 ^ clkbuf_0_clk/X (sg13g2_buf_16)
                                                         clknet_0_clk (net)
                      0.025409    0.004857   20.086805 ^ clkbuf_2_2__f_clk/A (sg13g2_buf_16)
     6    0.039261    0.016431    0.045716   20.132523 ^ clkbuf_2_2__f_clk/X (sg13g2_buf_16)
                                                         clknet_2_2__leaf_clk (net)
                      0.016450    0.000968   20.133490 ^ _104_/CLK (sg13g2_dfrbpq_1)
                                 -0.250000   19.883492   clock uncertainty
                                  0.000000   19.883492   clock reconvergence pessimism
                                 -0.085794   19.797699   library recovery time
                                             19.797699   data required time
---------------------------------------------------------------------------------------------
                                             19.797699   data required time
                                             -4.373088   data arrival time
---------------------------------------------------------------------------------------------
                                             15.424611   slack (MET)


Startpoint: reset (input port clocked by clk)
Endpoint: _116_ (recovery check against rising-edge clock clk)
Path Group: asynchronous
Path Type: max

Fanout         Cap        Slew       Delay        Time   Description
---------------------------------------------------------------------------------------------
                                  0.000000    0.000000   clock clk (rise edge)
                                  0.000000    0.000000   clock network delay (propagated)
                                  4.000000    4.000000 v input external delay
     1    0.004199    0.011699    0.002137    4.002137 v reset (in)
                                                         reset (net)
                      0.011699    0.000000    4.002137 v input3/A (sg13g2_buf_1)
     1    0.016773    0.041032    0.063028    4.065166 v input3/X (sg13g2_buf_1)
                                                         net3 (net)
                      0.041151    0.001906    4.067072 v fanout22/A (sg13g2_buf_1)
     4    0.039950    0.088265    0.109901    4.176973 v fanout22/X (sg13g2_buf_1)
                                                         net22 (net)
                      0.088317    0.001864    4.178838 v fanout21/A (sg13g2_buf_1)
     8    0.050167    0.109769    0.141907    4.320745 v fanout21/X (sg13g2_buf_1)
                                                         net21 (net)
                      0.109899    0.003284    4.324030 v _088_/A (sg13g2_inv_1)
     1    0.006816    0.038909    0.048384    4.372413 ^ _088_/Y (sg13g2_inv_1)
                                                         _014_ (net)
                      0.038925    0.000290    4.372703 ^ _116_/RESET_B (sg13g2_dfrbpq_1)
                                              4.372703   data arrival time

                                 20.000000   20.000000   clock clk (rise edge)
                                  0.000000   20.000000   clock source latency
     1    0.045267    0.039798    0.026557   20.026558 ^ clk (in)
                                                         clk (net)
                      0.041924    0.000000   20.026558 ^ clkbuf_0_clk/A (sg13g2_buf_16)
     4    0.084269    0.023237    0.055392   20.081949 ^ clkbuf_0_clk/X (sg13g2_buf_16)
                                                         clknet_0_clk (net)
                      0.025409    0.004857   20.086805 ^ clkbuf_2_2__f_clk/A (sg13g2_buf_16)
     6    0.039261    0.016431    0.045716   20.132523 ^ clkbuf_2_2__f_clk/X (sg13g2_buf_16)
                                                         clknet_2_2__leaf_clk (net)
                      0.016446    0.000851   20.133373 ^ _116_/CLK (sg13g2_dfrbpq_1)
                                 -0.250000   19.883373   clock uncertainty
                                  0.000000   19.883373   clock reconvergence pessimism
                                 -0.085679   19.797695   library recovery time
                                             19.797695   data required time
---------------------------------------------------------------------------------------------
                                             19.797695   data required time
                                             -4.372703   data arrival time
---------------------------------------------------------------------------------------------
                                             15.424992   slack (MET)


Startpoint: reset (input port clocked by clk)
Endpoint: _106_ (recovery check against rising-edge clock clk)
Path Group: asynchronous
Path Type: max

Fanout         Cap        Slew       Delay        Time   Description
---------------------------------------------------------------------------------------------
                                  0.000000    0.000000   clock clk (rise edge)
                                  0.000000    0.000000   clock network delay (propagated)
                                  4.000000    4.000000 v input external delay
     1    0.004199    0.011699    0.002137    4.002137 v reset (in)
                                                         reset (net)
                      0.011699    0.000000    4.002137 v input3/A (sg13g2_buf_1)
     1    0.016773    0.041032    0.063028    4.065166 v input3/X (sg13g2_buf_1)
                                                         net3 (net)
                      0.041151    0.001906    4.067072 v fanout22/A (sg13g2_buf_1)
     4    0.039950    0.088265    0.109901    4.176973 v fanout22/X (sg13g2_buf_1)
                                                         net22 (net)
                      0.088317    0.001864    4.178838 v fanout21/A (sg13g2_buf_1)
     8    0.050167    0.109769    0.141907    4.320745 v fanout21/X (sg13g2_buf_1)
                                                         net21 (net)
                      0.109834    0.002347    4.323092 v _078_/A (sg13g2_inv_1)
     1    0.007083    0.039611    0.049238    4.372330 ^ _078_/Y (sg13g2_inv_1)
                                                         _004_ (net)
                      0.039629    0.000306    4.372636 ^ _106_/RESET_B (sg13g2_dfrbpq_1)
                                              4.372636   data arrival time

                                 20.000000   20.000000   clock clk (rise edge)
                                  0.000000   20.000000   clock source latency
     1    0.045267    0.039798    0.026557   20.026558 ^ clk (in)
                                                         clk (net)
                      0.041924    0.000000   20.026558 ^ clkbuf_0_clk/A (sg13g2_buf_16)
     4    0.084269    0.023237    0.055392   20.081949 ^ clkbuf_0_clk/X (sg13g2_buf_16)
                                                         clknet_0_clk (net)
                      0.025630    0.005159   20.087107 ^ clkbuf_2_3__f_clk/A (sg13g2_buf_16)
     6    0.027025    0.014703    0.044444   20.131552 ^ clkbuf_2_3__f_clk/X (sg13g2_buf_16)
                                                         clknet_2_3__leaf_clk (net)
                      0.014840    0.002148   20.133699 ^ _106_/CLK (sg13g2_dfrbpq_1)
                                 -0.250000   19.883701   clock uncertainty
                                  0.000000   19.883701   clock reconvergence pessimism
                                 -0.086024   19.797676   library recovery time
                                             19.797676   data required time
---------------------------------------------------------------------------------------------
                                             19.797676   data required time
                                             -4.372636   data arrival time
---------------------------------------------------------------------------------------------
                                             15.425041   slack (MET)


Startpoint: done_in (input port clocked by clk)
Endpoint: _106_ (rising edge-triggered flip-flop clocked by clk)
Path Group: clk
Path Type: max

Fanout         Cap        Slew       Delay        Time   Description
---------------------------------------------------------------------------------------------
                                  0.000000    0.000000   clock clk (rise edge)
                                  0.000000    0.000000   clock network delay (propagated)
                                  4.000000    4.000000 ^ input external delay
     1    0.003424    0.013951    0.002061    4.002061 ^ done_in (in)
                                                         done_in (net)
                      0.013951    0.000000    4.002061 ^ input2/A (sg13g2_buf_1)
     2    0.025895    0.071938    0.083153    4.085214 ^ input2/X (sg13g2_buf_1)
                                                         net2 (net)
                      0.072212    0.003766    4.088980 ^ fanout24/A (sg13g2_buf_1)
     5    0.055281    0.148232    0.155738    4.244718 ^ fanout24/X (sg13g2_buf_1)
                                                         net24 (net)
                      0.148483    0.005281    4.249999 ^ _070_/S (sg13g2_mux2_1)
     1    0.002568    0.023105    0.137553    4.387551 v _070_/X (sg13g2_mux2_1)
                                                         _028_ (net)
                      0.023105    0.000105    4.387656 v _106_/D (sg13g2_dfrbpq_1)
                                              4.387656   data arrival time

                                 20.000000   20.000000   clock clk (rise edge)
                                  0.000000   20.000000   clock source latency
     1    0.045267    0.039798    0.026557   20.026558 ^ clk (in)
                                                         clk (net)
                      0.041924    0.000000   20.026558 ^ clkbuf_0_clk/A (sg13g2_buf_16)
     4    0.084269    0.023237    0.055392   20.081949 ^ clkbuf_0_clk/X (sg13g2_buf_16)
                                                         clknet_0_clk (net)
                      0.025630    0.005159   20.087107 ^ clkbuf_2_3__f_clk/A (sg13g2_buf_16)
     6    0.027025    0.014703    0.044444   20.131552 ^ clkbuf_2_3__f_clk/X (sg13g2_buf_16)
                                                         clknet_2_3__leaf_clk (net)
                      0.014840    0.002148   20.133699 ^ _106_/CLK (sg13g2_dfrbpq_1)
                                 -0.250000   19.883701   clock uncertainty
                                  0.000000   19.883701   clock reconvergence pessimism
                                 -0.070377   19.813324   library setup time
                                             19.813324   data required time
---------------------------------------------------------------------------------------------
                                             19.813324   data required time
                                             -4.387656   data arrival time
---------------------------------------------------------------------------------------------
                                             15.425667   slack (MET)


Startpoint: reset (input port clocked by clk)
Endpoint: _103_ (recovery check against rising-edge clock clk)
Path Group: asynchronous
Path Type: max

Fanout         Cap        Slew       Delay        Time   Description
---------------------------------------------------------------------------------------------
                                  0.000000    0.000000   clock clk (rise edge)
                                  0.000000    0.000000   clock network delay (propagated)
                                  4.000000    4.000000 v input external delay
     1    0.004199    0.011699    0.002137    4.002137 v reset (in)
                                                         reset (net)
                      0.011699    0.000000    4.002137 v input3/A (sg13g2_buf_1)
     1    0.016773    0.041032    0.063028    4.065166 v input3/X (sg13g2_buf_1)
                                                         net3 (net)
                      0.041151    0.001906    4.067072 v fanout22/A (sg13g2_buf_1)
     4    0.039950    0.088265    0.109901    4.176973 v fanout22/X (sg13g2_buf_1)
                                                         net22 (net)
                      0.088317    0.001864    4.178838 v fanout21/A (sg13g2_buf_1)
     8    0.050167    0.109769    0.141907    4.320745 v fanout21/X (sg13g2_buf_1)
                                                         net21 (net)
                      0.109920    0.003537    4.324282 v _075_/A (sg13g2_inv_1)
     1    0.006818    0.038918    0.048392    4.372675 ^ _075_/Y (sg13g2_inv_1)
                                                         _001_ (net)
                      0.038935    0.000293    4.372968 ^ _103_/RESET_B (sg13g2_dfrbpq_1)
                                              4.372968   data arrival time

                                 20.000000   20.000000   clock clk (rise edge)
                                  0.000000   20.000000   clock source latency
     1    0.045267    0.039798    0.026557   20.026558 ^ clk (in)
                                                         clk (net)
                      0.041924    0.000000   20.026558 ^ clkbuf_0_clk/A (sg13g2_buf_16)
     4    0.084269    0.023237    0.055392   20.081949 ^ clkbuf_0_clk/X (sg13g2_buf_16)
                                                         clknet_0_clk (net)
                      0.025409    0.004857   20.086805 ^ clkbuf_2_2__f_clk/A (sg13g2_buf_16)
     6    0.039261    0.016431    0.045716   20.132523 ^ clkbuf_2_2__f_clk/X (sg13g2_buf_16)
                                                         clknet_2_2__leaf_clk (net)
                      0.016533    0.001933   20.134455 ^ _103_/CLK (sg13g2_dfrbpq_1)
                                 -0.250000   19.884455   clock uncertainty
                                  0.000000   19.884455   clock reconvergence pessimism
                                 -0.085672   19.798784   library recovery time
                                             19.798784   data required time
---------------------------------------------------------------------------------------------
                                             19.798784   data required time
                                             -4.372968   data arrival time
---------------------------------------------------------------------------------------------
                                             15.425816   slack (MET)


Startpoint: reset (input port clocked by clk)
Endpoint: _100_ (recovery check against rising-edge clock clk)
Path Group: asynchronous
Path Type: max

Fanout         Cap        Slew       Delay        Time   Description
---------------------------------------------------------------------------------------------
                                  0.000000    0.000000   clock clk (rise edge)
                                  0.000000    0.000000   clock network delay (propagated)
                                  4.000000    4.000000 v input external delay
     1    0.004199    0.011699    0.002137    4.002137 v reset (in)
                                                         reset (net)
                      0.011699    0.000000    4.002137 v input3/A (sg13g2_buf_1)
     1    0.016773    0.041032    0.063028    4.065166 v input3/X (sg13g2_buf_1)
                                                         net3 (net)
                      0.041151    0.001906    4.067072 v fanout22/A (sg13g2_buf_1)
     4    0.039950    0.088265    0.109901    4.176973 v fanout22/X (sg13g2_buf_1)
                                                         net22 (net)
                      0.088438    0.003367    4.180341 v fanout20/A (sg13g2_buf_1)
     7    0.035517    0.079194    0.119664    4.300005 v fanout20/X (sg13g2_buf_1)
                                                         net20 (net)
                      0.079317    0.002384    4.302389 v _096_/A (sg13g2_inv_1)
     1    0.007319    0.035263    0.043466    4.345855 ^ _096_/Y (sg13g2_inv_1)
                                                         _022_ (net)
                      0.035278    0.000607    4.346462 ^ _100_/RESET_B (sg13g2_dfrbpq_1)
                                              4.346462   data arrival time

                                 20.000000   20.000000   clock clk (rise edge)
                                  0.000000   20.000000   clock source latency
     1    0.045267    0.039798    0.026557   20.026558 ^ clk (in)
                                                         clk (net)
                      0.041924    0.000000   20.026558 ^ clkbuf_0_clk/A (sg13g2_buf_16)
     4    0.084269    0.023237    0.055392   20.081949 ^ clkbuf_0_clk/X (sg13g2_buf_16)
                                                         clknet_0_clk (net)
                      0.026115    0.005782   20.087730 ^ clkbuf_2_1__f_clk/A (sg13g2_buf_16)
     6    0.032252    0.015474    0.045359   20.133091 ^ clkbuf_2_1__f_clk/X (sg13g2_buf_16)
                                                         clknet_2_1__leaf_clk (net)
                      0.015492    0.000956   20.134047 ^ _100_/CLK (sg13g2_dfrbpq_1)
                                 -0.250000   19.884047   clock uncertainty
                                  0.000000   19.884047   clock reconvergence pessimism
                                 -0.084934   19.799112   library recovery time
                                             19.799112   data required time
---------------------------------------------------------------------------------------------
                                             19.799112   data required time
                                             -4.346462   data arrival time
---------------------------------------------------------------------------------------------
                                             15.452651   slack (MET)


Startpoint: reset (input port clocked by clk)
Endpoint: _101_ (recovery check against rising-edge clock clk)
Path Group: asynchronous
Path Type: max

Fanout         Cap        Slew       Delay        Time   Description
---------------------------------------------------------------------------------------------
                                  0.000000    0.000000   clock clk (rise edge)
                                  0.000000    0.000000   clock network delay (propagated)
                                  4.000000    4.000000 v input external delay
     1    0.004199    0.011699    0.002137    4.002137 v reset (in)
                                                         reset (net)
                      0.011699    0.000000    4.002137 v input3/A (sg13g2_buf_1)
     1    0.016773    0.041032    0.063028    4.065166 v input3/X (sg13g2_buf_1)
                                                         net3 (net)
                      0.041151    0.001906    4.067072 v fanout22/A (sg13g2_buf_1)
     4    0.039950    0.088265    0.109901    4.176973 v fanout22/X (sg13g2_buf_1)
                                                         net22 (net)
                      0.088438    0.003367    4.180341 v fanout20/A (sg13g2_buf_1)
     7    0.035517    0.079194    0.119664    4.300005 v fanout20/X (sg13g2_buf_1)
                                                         net20 (net)
                      0.079301    0.002185    4.302190 v _097_/A (sg13g2_inv_1)
     1    0.007175    0.034820    0.043199    4.345388 ^ _097_/Y (sg13g2_inv_1)
                                                         _023_ (net)
                      0.034824    0.000314    4.345703 ^ _101_/RESET_B (sg13g2_dfrbpq_1)
                                              4.345703   data arrival time

                                 20.000000   20.000000   clock clk (rise edge)
                                  0.000000   20.000000   clock source latency
     1    0.045267    0.039798    0.026557   20.026558 ^ clk (in)
                                                         clk (net)
                      0.041924    0.000000   20.026558 ^ clkbuf_0_clk/A (sg13g2_buf_16)
     4    0.084269    0.023237    0.055392   20.081949 ^ clkbuf_0_clk/X (sg13g2_buf_16)
                                                         clknet_0_clk (net)
                      0.026115    0.005782   20.087730 ^ clkbuf_2_1__f_clk/A (sg13g2_buf_16)
     6    0.032252    0.015474    0.045359   20.133091 ^ clkbuf_2_1__f_clk/X (sg13g2_buf_16)
                                                         clknet_2_1__leaf_clk (net)
                      0.015484    0.000718   20.133808 ^ _101_/CLK (sg13g2_dfrbpq_1)
                                 -0.250000   19.883808   clock uncertainty
                                  0.000000   19.883808   clock reconvergence pessimism
                                 -0.084829   19.798979   library recovery time
                                             19.798979   data required time
---------------------------------------------------------------------------------------------
                                             19.798979   data required time
                                             -4.345703   data arrival time
---------------------------------------------------------------------------------------------
                                             15.453277   slack (MET)


Startpoint: reset (input port clocked by clk)
Endpoint: _114_ (recovery check against rising-edge clock clk)
Path Group: asynchronous
Path Type: max

Fanout         Cap        Slew       Delay        Time   Description
---------------------------------------------------------------------------------------------
                                  0.000000    0.000000   clock clk (rise edge)
                                  0.000000    0.000000   clock network delay (propagated)
                                  4.000000    4.000000 v input external delay
     1    0.004199    0.011699    0.002137    4.002137 v reset (in)
                                                         reset (net)
                      0.011699    0.000000    4.002137 v input3/A (sg13g2_buf_1)
     1    0.016773    0.041032    0.063028    4.065166 v input3/X (sg13g2_buf_1)
                                                         net3 (net)
                      0.041151    0.001906    4.067072 v fanout22/A (sg13g2_buf_1)
     4    0.039950    0.088265    0.109901    4.176973 v fanout22/X (sg13g2_buf_1)
                                                         net22 (net)
                      0.088438    0.003367    4.180341 v fanout20/A (sg13g2_buf_1)
     7    0.035517    0.079194    0.119664    4.300005 v fanout20/X (sg13g2_buf_1)
                                                         net20 (net)
                      0.079286    0.001967    4.301972 v _086_/A (sg13g2_inv_1)
     1    0.007444    0.035577    0.043831    4.345803 ^ _086_/Y (sg13g2_inv_1)
                                                         _012_ (net)
                      0.035591    0.000591    4.346394 ^ _114_/RESET_B (sg13g2_dfrbpq_1)
                                              4.346394   data arrival time

                                 20.000000   20.000000   clock clk (rise edge)
                                  0.000000   20.000000   clock source latency
     1    0.045267    0.039798    0.026557   20.026558 ^ clk (in)
                                                         clk (net)
                      0.041924    0.000000   20.026558 ^ clkbuf_0_clk/A (sg13g2_buf_16)
     4    0.084269    0.023237    0.055392   20.081949 ^ clkbuf_0_clk/X (sg13g2_buf_16)
                                                         clknet_0_clk (net)
                      0.025409    0.004857   20.086805 ^ clkbuf_2_2__f_clk/A (sg13g2_buf_16)
     6    0.039261    0.016431    0.045716   20.132523 ^ clkbuf_2_2__f_clk/X (sg13g2_buf_16)
                                                         clknet_2_2__leaf_clk (net)
                      0.016638    0.002398   20.134920 ^ _114_/CLK (sg13g2_dfrbpq_1)
                                 -0.250000   19.884920   clock uncertainty
                                  0.000000   19.884920   clock reconvergence pessimism
                                 -0.084879   19.800043   library recovery time
                                             19.800043   data required time
---------------------------------------------------------------------------------------------
                                             19.800043   data required time
                                             -4.346394   data arrival time
---------------------------------------------------------------------------------------------
                                             15.453650   slack (MET)


Startpoint: reset (input port clocked by clk)
Endpoint: _102_ (recovery check against rising-edge clock clk)
Path Group: asynchronous
Path Type: max

Fanout         Cap        Slew       Delay        Time   Description
---------------------------------------------------------------------------------------------
                                  0.000000    0.000000   clock clk (rise edge)
                                  0.000000    0.000000   clock network delay (propagated)
                                  4.000000    4.000000 v input external delay
     1    0.004199    0.011699    0.002137    4.002137 v reset (in)
                                                         reset (net)
                      0.011699    0.000000    4.002137 v input3/A (sg13g2_buf_1)
     1    0.016773    0.041032    0.063028    4.065166 v input3/X (sg13g2_buf_1)
                                                         net3 (net)
                      0.041151    0.001906    4.067072 v fanout22/A (sg13g2_buf_1)
     4    0.039950    0.088265    0.109901    4.176973 v fanout22/X (sg13g2_buf_1)
                                                         net22 (net)
                      0.088438    0.003367    4.180341 v fanout20/A (sg13g2_buf_1)
     7    0.035517    0.079194    0.119664    4.300005 v fanout20/X (sg13g2_buf_1)
                                                         net20 (net)
                      0.079234    0.000854    4.300859 v _049_/A (sg13g2_inv_1)
     1    0.007598    0.035977    0.044240    4.345099 ^ _049_/Y (sg13g2_inv_1)
                                                         _000_ (net)
                      0.035992    0.000617    4.345716 ^ _102_/RESET_B (sg13g2_dfrbpq_1)
                                              4.345716   data arrival time

                                 20.000000   20.000000   clock clk (rise edge)
                                  0.000000   20.000000   clock source latency
     1    0.045267    0.039798    0.026557   20.026558 ^ clk (in)
                                                         clk (net)
                      0.041924    0.000000   20.026558 ^ clkbuf_0_clk/A (sg13g2_buf_16)
     4    0.084269    0.023237    0.055392   20.081949 ^ clkbuf_0_clk/X (sg13g2_buf_16)
                                                         clknet_0_clk (net)
                      0.025409    0.004857   20.086805 ^ clkbuf_2_2__f_clk/A (sg13g2_buf_16)
     6    0.039261    0.016431    0.045716   20.132523 ^ clkbuf_2_2__f_clk/X (sg13g2_buf_16)
                                                         clknet_2_2__leaf_clk (net)
                      0.016616    0.002318   20.134840 ^ _102_/CLK (sg13g2_dfrbpq_1)
                                 -0.250000   19.884842   clock uncertainty
                                  0.000000   19.884842   clock reconvergence pessimism
                                 -0.084975   19.799866   library recovery time
                                             19.799866   data required time
---------------------------------------------------------------------------------------------
                                             19.799866   data required time
                                             -4.345716   data arrival time
---------------------------------------------------------------------------------------------
                                             15.454148   slack (MET)


Startpoint: reset (input port clocked by clk)
Endpoint: _113_ (recovery check against rising-edge clock clk)
Path Group: asynchronous
Path Type: max

Fanout         Cap        Slew       Delay        Time   Description
---------------------------------------------------------------------------------------------
                                  0.000000    0.000000   clock clk (rise edge)
                                  0.000000    0.000000   clock network delay (propagated)
                                  4.000000    4.000000 v input external delay
     1    0.004199    0.011699    0.002137    4.002137 v reset (in)
                                                         reset (net)
                      0.011699    0.000000    4.002137 v input3/A (sg13g2_buf_1)
     1    0.016773    0.041032    0.063028    4.065166 v input3/X (sg13g2_buf_1)
                                                         net3 (net)
                      0.041151    0.001906    4.067072 v fanout22/A (sg13g2_buf_1)
     4    0.039950    0.088265    0.109901    4.176973 v fanout22/X (sg13g2_buf_1)
                                                         net22 (net)
                      0.088438    0.003367    4.180341 v fanout20/A (sg13g2_buf_1)
     7    0.035517    0.079194    0.119664    4.300005 v fanout20/X (sg13g2_buf_1)
                                                         net20 (net)
                      0.079310    0.002302    4.302307 v _085_/A (sg13g2_inv_1)
     1    0.006738    0.033659    0.041963    4.344269 ^ _085_/Y (sg13g2_inv_1)
                                                         _011_ (net)
                      0.033675    0.000290    4.344559 ^ _113_/RESET_B (sg13g2_dfrbpq_1)
                                              4.344559   data arrival time

                                 20.000000   20.000000   clock clk (rise edge)
                                  0.000000   20.000000   clock source latency
     1    0.045267    0.039798    0.026557   20.026558 ^ clk (in)
                                                         clk (net)
                      0.041924    0.000000   20.026558 ^ clkbuf_0_clk/A (sg13g2_buf_16)
     4    0.084269    0.023237    0.055392   20.081949 ^ clkbuf_0_clk/X (sg13g2_buf_16)
                                                         clknet_0_clk (net)
                      0.026115    0.005782   20.087730 ^ clkbuf_2_1__f_clk/A (sg13g2_buf_16)
     6    0.032252    0.015474    0.045359   20.133091 ^ clkbuf_2_1__f_clk/X (sg13g2_buf_16)
                                                         clknet_2_1__leaf_clk (net)
                      0.015481    0.000618   20.133709 ^ _113_/CLK (sg13g2_dfrbpq_1)
                                 -0.250000   19.883709   clock uncertainty
                                  0.000000   19.883709   clock reconvergence pessimism
                                 -0.084561   19.799149   library recovery time
                                             19.799149   data required time
---------------------------------------------------------------------------------------------
                                             19.799149   data required time
                                             -4.344559   data arrival time
---------------------------------------------------------------------------------------------
                                             15.454589   slack (MET)


Startpoint: reset (input port clocked by clk)
Endpoint: _108_ (recovery check against rising-edge clock clk)
Path Group: asynchronous
Path Type: max

Fanout         Cap        Slew       Delay        Time   Description
---------------------------------------------------------------------------------------------
                                  0.000000    0.000000   clock clk (rise edge)
                                  0.000000    0.000000   clock network delay (propagated)
                                  4.000000    4.000000 v input external delay
     1    0.004199    0.011699    0.002137    4.002137 v reset (in)
                                                         reset (net)
                      0.011699    0.000000    4.002137 v input3/A (sg13g2_buf_1)
     1    0.016773    0.041032    0.063028    4.065166 v input3/X (sg13g2_buf_1)
                                                         net3 (net)
                      0.041151    0.001906    4.067072 v fanout22/A (sg13g2_buf_1)
     4    0.039950    0.088265    0.109901    4.176973 v fanout22/X (sg13g2_buf_1)
                                                         net22 (net)
                      0.088438    0.003367    4.180341 v fanout20/A (sg13g2_buf_1)
     7    0.035517    0.079194    0.119664    4.300005 v fanout20/X (sg13g2_buf_1)
                                                         net20 (net)
                      0.079298    0.002145    4.302150 v _080_/A (sg13g2_inv_1)
     1    0.006963    0.034275    0.042594    4.344744 ^ _080_/Y (sg13g2_inv_1)
                                                         _006_ (net)
                      0.034279    0.000298    4.345042 ^ _108_/RESET_B (sg13g2_dfrbpq_1)
                                              4.345042   data arrival time

                                 20.000000   20.000000   clock clk (rise edge)
                                  0.000000   20.000000   clock source latency
     1    0.045267    0.039798    0.026557   20.026558 ^ clk (in)
                                                         clk (net)
                      0.041924    0.000000   20.026558 ^ clkbuf_0_clk/A (sg13g2_buf_16)
     4    0.084269    0.023237    0.055392   20.081949 ^ clkbuf_0_clk/X (sg13g2_buf_16)
                                                         clknet_0_clk (net)
                      0.026733    0.006510   20.088459 ^ clkbuf_2_0__f_clk/A (sg13g2_buf_16)
     6    0.037798    0.016285    0.046008   20.134466 ^ clkbuf_2_0__f_clk/X (sg13g2_buf_16)
                                                         clknet_2_0__leaf_clk (net)
                      0.016445    0.002212   20.136679 ^ _108_/CLK (sg13g2_dfrbpq_1)
                                 -0.250000   19.886679   clock uncertainty
                                  0.000000   19.886679   clock reconvergence pessimism
                                 -0.084594   19.802086   library recovery time
                                             19.802086   data required time
---------------------------------------------------------------------------------------------
                                             19.802086   data required time
                                             -4.345042   data arrival time
---------------------------------------------------------------------------------------------
                                             15.457044   slack (MET)


Startpoint: reset (input port clocked by clk)
Endpoint: _118_ (recovery check against rising-edge clock clk)
Path Group: asynchronous
Path Type: max

Fanout         Cap        Slew       Delay        Time   Description
---------------------------------------------------------------------------------------------
                                  0.000000    0.000000   clock clk (rise edge)
                                  0.000000    0.000000   clock network delay (propagated)
                                  4.000000    4.000000 v input external delay
     1    0.004199    0.011699    0.002137    4.002137 v reset (in)
                                                         reset (net)
                      0.011699    0.000000    4.002137 v input3/A (sg13g2_buf_1)
     1    0.016773    0.041032    0.063028    4.065166 v input3/X (sg13g2_buf_1)
                                                         net3 (net)
                      0.041151    0.001906    4.067072 v fanout22/A (sg13g2_buf_1)
     4    0.039950    0.088265    0.109901    4.176973 v fanout22/X (sg13g2_buf_1)
                                                         net22 (net)
                      0.088317    0.001872    4.178845 v _090_/A (sg13g2_inv_1)
     1    0.006933    0.035756    0.044749    4.223594 ^ _090_/Y (sg13g2_inv_1)
                                                         _016_ (net)
                      0.035773    0.000299    4.223893 ^ _118_/RESET_B (sg13g2_dfrbpq_1)
                                              4.223893   data arrival time

                                 20.000000   20.000000   clock clk (rise edge)
                                  0.000000   20.000000   clock source latency
     1    0.045267    0.039798    0.026557   20.026558 ^ clk (in)
                                                         clk (net)
                      0.041924    0.000000   20.026558 ^ clkbuf_0_clk/A (sg13g2_buf_16)
     4    0.084269    0.023237    0.055392   20.081949 ^ clkbuf_0_clk/X (sg13g2_buf_16)
                                                         clknet_0_clk (net)
                      0.025630    0.005159   20.087107 ^ clkbuf_2_3__f_clk/A (sg13g2_buf_16)
     6    0.027025    0.014703    0.044444   20.131552 ^ clkbuf_2_3__f_clk/X (sg13g2_buf_16)
                                                         clknet_2_3__leaf_clk (net)
                      0.014760    0.001547   20.133099 ^ _118_/CLK (sg13g2_dfrbpq_1)
                                 -0.250000   19.883101   clock uncertainty
                                  0.000000   19.883101   clock reconvergence pessimism
                                 -0.085132   19.797968   library recovery time
                                             19.797968   data required time
---------------------------------------------------------------------------------------------
                                             19.797968   data required time
                                             -4.223893   data arrival time
---------------------------------------------------------------------------------------------
                                             15.574074   slack (MET)


Startpoint: reset (input port clocked by clk)
Endpoint: _119_ (recovery check against rising-edge clock clk)
Path Group: asynchronous
Path Type: max

Fanout         Cap        Slew       Delay        Time   Description
---------------------------------------------------------------------------------------------
                                  0.000000    0.000000   clock clk (rise edge)
                                  0.000000    0.000000   clock network delay (propagated)
                                  4.000000    4.000000 v input external delay
     1    0.004199    0.011699    0.002137    4.002137 v reset (in)
                                                         reset (net)
                      0.011699    0.000000    4.002137 v input3/A (sg13g2_buf_1)
     1    0.016773    0.041032    0.063028    4.065166 v input3/X (sg13g2_buf_1)
                                                         net3 (net)
                      0.041151    0.001906    4.067072 v fanout22/A (sg13g2_buf_1)
     4    0.039950    0.088265    0.109901    4.176973 v fanout22/X (sg13g2_buf_1)
                                                         net22 (net)
                      0.088321    0.001946    4.178920 v _091_/A (sg13g2_inv_1)
     1    0.006837    0.035511    0.044468    4.223388 ^ _091_/Y (sg13g2_inv_1)
                                                         _017_ (net)
                      0.035528    0.000292    4.223680 ^ _119_/RESET_B (sg13g2_dfrbpq_1)
                                              4.223680   data arrival time

                                 20.000000   20.000000   clock clk (rise edge)
                                  0.000000   20.000000   clock source latency
     1    0.045267    0.039798    0.026557   20.026558 ^ clk (in)
                                                         clk (net)
                      0.041924    0.000000   20.026558 ^ clkbuf_0_clk/A (sg13g2_buf_16)
     4    0.084269    0.023237    0.055392   20.081949 ^ clkbuf_0_clk/X (sg13g2_buf_16)
                                                         clknet_0_clk (net)
                      0.025630    0.005159   20.087107 ^ clkbuf_2_3__f_clk/A (sg13g2_buf_16)
     6    0.027025    0.014703    0.044444   20.131552 ^ clkbuf_2_3__f_clk/X (sg13g2_buf_16)
                                                         clknet_2_3__leaf_clk (net)
                      0.014817    0.001995   20.133547 ^ _119_/CLK (sg13g2_dfrbpq_1)
                                 -0.250000   19.883549   clock uncertainty
                                  0.000000   19.883549   clock reconvergence pessimism
                                 -0.085068   19.798479   library recovery time
                                             19.798479   data required time
---------------------------------------------------------------------------------------------
                                             19.798479   data required time
                                             -4.223680   data arrival time
---------------------------------------------------------------------------------------------
                                             15.574799   slack (MET)



%OL_END_REPORT
%OL_CREATE_REPORT checks.rpt

===========================================================================
report_checks -unconstrained
===========================================================================
======================= nom_fast_1p32V_m40C Corner ===================================

Startpoint: reset (input port clocked by clk)
Endpoint: _099_ (recovery check against rising-edge clock clk)
Path Group: asynchronous
Path Type: max

Fanout         Cap        Slew       Delay        Time   Description
---------------------------------------------------------------------------------------------
                                  0.000000    0.000000   clock clk (rise edge)
                                  0.000000    0.000000   clock network delay (propagated)
                                  4.000000    4.000000 v input external delay
     1    0.004199    0.011699    0.002137    4.002137 v reset (in)
                                                         reset (net)
                      0.011699    0.000000    4.002137 v input3/A (sg13g2_buf_1)
     1    0.016773    0.041032    0.063028    4.065166 v input3/X (sg13g2_buf_1)
                                                         net3 (net)
                      0.041151    0.001906    4.067072 v fanout22/A (sg13g2_buf_1)
     4    0.039950    0.088265    0.109901    4.176973 v fanout22/X (sg13g2_buf_1)
                                                         net22 (net)
                      0.088438    0.003367    4.180341 v fanout20/A (sg13g2_buf_1)
     7    0.035517    0.079194    0.119664    4.300005 v fanout20/X (sg13g2_buf_1)
                                                         net20 (net)
                      0.079314    0.002344    4.302349 v fanout19/A (sg13g2_buf_1)
     8    0.042620    0.094126    0.126834    4.429183 v fanout19/X (sg13g2_buf_1)
                                                         net19 (net)
                      0.094219    0.002593    4.431776 v _095_/A (sg13g2_inv_1)
     1    0.008121    0.040034    0.049692    4.481468 ^ _095_/Y (sg13g2_inv_1)
                                                         _021_ (net)
                      0.040050    0.000666    4.482133 ^ _099_/RESET_B (sg13g2_dfrbpq_1)
                                              4.482133   data arrival time

                                 20.000000   20.000000   clock clk (rise edge)
                                  0.000000   20.000000   clock source latency
     1    0.045267    0.039798    0.026557   20.026558 ^ clk (in)
                                                         clk (net)
                      0.041924    0.000000   20.026558 ^ clkbuf_0_clk/A (sg13g2_buf_16)
     4    0.084269    0.023237    0.055392   20.081949 ^ clkbuf_0_clk/X (sg13g2_buf_16)
                                                         clknet_0_clk (net)
                      0.026115    0.005782   20.087730 ^ clkbuf_2_1__f_clk/A (sg13g2_buf_16)
     6    0.032252    0.015474    0.045359   20.133091 ^ clkbuf_2_1__f_clk/X (sg13g2_buf_16)
                                                         clknet_2_1__leaf_clk (net)
                      0.015499    0.001114   20.134205 ^ _099_/CLK (sg13g2_dfrbpq_1)
                                 -0.250000   19.884205   clock uncertainty
                                  0.000000   19.884205   clock reconvergence pessimism
                                 -0.086048   19.798157   library recovery time
                                             19.798157   data required time
---------------------------------------------------------------------------------------------
                                             19.798157   data required time
                                             -4.482133   data arrival time
---------------------------------------------------------------------------------------------
                                             15.316023   slack (MET)


Startpoint: done_in (input port clocked by clk)
Endpoint: _113_ (rising edge-triggered flip-flop clocked by clk)
Path Group: clk
Path Type: max

Fanout         Cap        Slew       Delay        Time   Description
---------------------------------------------------------------------------------------------
                                  0.000000    0.000000   clock clk (rise edge)
                                  0.000000    0.000000   clock network delay (propagated)
                                  4.000000    4.000000 v input external delay
     1    0.003423    0.011319    0.001795    4.001795 v done_in (in)
                                                         done_in (net)
                      0.011319    0.000000    4.001795 v input2/A (sg13g2_buf_1)
     2    0.025894    0.059020    0.077410    4.079205 v input2/X (sg13g2_buf_1)
                                                         net2 (net)
                      0.059349    0.003747    4.082952 v fanout23/A (sg13g2_buf_1)
     8    0.084749    0.183169    0.176300    4.259252 v fanout23/X (sg13g2_buf_1)
                                                         net23 (net)
                      0.183267    0.003848    4.263100 v _056_/A (sg13g2_nor2b_1)
     2    0.009731    0.086653    0.102182    4.365283 ^ _056_/Y (sg13g2_nor2b_1)
                                                         _048_ (net)
                      0.086658    0.000571    4.365853 ^ fanout17/A (sg13g2_buf_1)
     8    0.093767    0.248054    0.226221    4.592074 ^ fanout17/X (sg13g2_buf_1)
                                                         net17 (net)
                      0.249472    0.016058    4.608132 ^ _063_/S (sg13g2_mux2_1)
     1    0.002307    0.022757    0.153379    4.761511 v _063_/X (sg13g2_mux2_1)
                                                         _035_ (net)
                      0.022758    0.000163    4.761674 v hold41/A (sg13g2_dlygate4sd3_1)
     1    0.002157    0.024022    0.261113    5.022787 v hold41/X (sg13g2_dlygate4sd3_1)
                                                         net41 (net)
                      0.024022    0.000087    5.022874 v _113_/D (sg13g2_dfrbpq_1)
                                              5.022874   data arrival time

                                 20.000000   20.000000   clock clk (rise edge)
                                  0.000000   20.000000   clock source latency
     1    0.045267    0.039798    0.026557   20.026558 ^ clk (in)
                                                         clk (net)
                      0.041924    0.000000   20.026558 ^ clkbuf_0_clk/A (sg13g2_buf_16)
     4    0.084269    0.023237    0.055392   20.081949 ^ clkbuf_0_clk/X (sg13g2_buf_16)
                                                         clknet_0_clk (net)
                      0.026115    0.005782   20.087730 ^ clkbuf_2_1__f_clk/A (sg13g2_buf_16)
     6    0.032252    0.015474    0.045359   20.133091 ^ clkbuf_2_1__f_clk/X (sg13g2_buf_16)
                                                         clknet_2_1__leaf_clk (net)
                      0.015481    0.000618   20.133709 ^ _113_/CLK (sg13g2_dfrbpq_1)
                                 -0.250000   19.883709   clock uncertainty
                                  0.000000   19.883709   clock reconvergence pessimism
                                 -0.070503   19.813206   library setup time
                                             19.813206   data required time
---------------------------------------------------------------------------------------------
                                             19.813206   data required time
                                             -5.022874   data arrival time
---------------------------------------------------------------------------------------------
                                             14.790332   slack (MET)




===========================================================================
report_checks --slack_max -0.01
============================================================================
======================= nom_fast_1p32V_m40C Corner ===================================

No paths found.


===========================================================================
 report_check_types -max_slew -max_cap -max_fanout -violators
============================================================================
======================= nom_fast_1p32V_m40C Corner ===================================



===========================================================================
report_parasitic_annotation -report_unannotated
============================================================================
Found 0 unannotated drivers.
Found 0 partially unannotated drivers.

===========================================================================
max slew violation count 0
%OL_METRIC_I design__max_slew_violation__count__corner:nom_fast_1p32V_m40C 0
max fanout violation count 0
%OL_METRIC_I design__max_fanout_violation__count__corner:nom_fast_1p32V_m40C 0
max cap violation count 0
%OL_METRIC_I design__max_cap_violation__count__corner:nom_fast_1p32V_m40C 0
============================================================================

===========================================================================
check_setup -verbose -unconstrained_endpoints -multiple_clock -no_clock -no_input_delay -loops -generated_clocks
===========================================================================
%OL_END_REPORT
%OL_CREATE_REPORT power.rpt

===========================================================================
 report_power
============================================================================
======================= nom_fast_1p32V_m40C Corner ===================================

Group                    Internal    Switching      Leakage        Total
                            Power        Power        Power        Power (Watts)
------------------------------------------------------------------------
Sequential           1.143890e-04 7.873653e-06 2.532849e-08 1.222880e-04  42.8%
Combinational        5.884763e-05 1.723439e-05 5.280503e-08 7.613482e-05  26.6%
Clock                4.630439e-05 2.148890e-05 1.964720e-05 8.744049e-05  30.6%
Macro                0.000000e+00 0.000000e+00 0.000000e+00 0.000000e+00   0.0%
Pad                  0.000000e+00 0.000000e+00 0.000000e+00 0.000000e+00   0.0%
------------------------------------------------------------------------
Total                2.195410e-04 4.659694e-05 1.972531e-05 2.858633e-04 100.0%
                            76.8%        16.3%         6.9%
%OL_METRIC_F power__internal__total 0.0002195410488639027
%OL_METRIC_F power__switching__total 4.659693513531238e-5
%OL_METRIC_F power__leakage__total 1.9725308447959833e-5
%OL_METRIC_F power__total 0.0002858632942661643

%OL_END_REPORT
%OL_CREATE_REPORT skew.min.rpt

===========================================================================
Clock Skew (Hold)
============================================================================
%OL_METRIC_F clock__skew__worst_hold__corner:nom_fast_1p32V_m40C -0.2928453951111772
======================= nom_fast_1p32V_m40C Corner ===================================

Clock clk
0.136678 source latency _108_/CLK ^
-0.158100 target latency _108_/CLK ^
-0.250000 clock uncertainty
-0.021423 CRPR
--------------
-0.292845 hold skew

%OL_END_REPORT
%OL_CREATE_REPORT skew.max.rpt

===========================================================================
Clock Skew (Setup)
============================================================================
%OL_METRIC_F clock__skew__worst_setup__corner:nom_fast_1p32V_m40C 0.2611360368523
======================= nom_fast_1p32V_m40C Corner ===================================

Clock clk
0.157644 source latency _112_/CLK ^
-0.133709 target latency _113_/CLK ^
0.250000 clock uncertainty
-0.012799 CRPR
--------------
0.261136 setup skew

%OL_END_REPORT
%OL_CREATE_REPORT ws.min.rpt

===========================================================================
Worst Slack (Hold)
============================================================================
%OL_METRIC_F timing__hold__ws__corner:nom_fast_1p32V_m40C 0.1793815147195038
nom_fast_1p32V_m40C: 0.1793815147195038
%OL_END_REPORT
%OL_CREATE_REPORT ws.max.rpt

===========================================================================
Worst Slack (Setup)
============================================================================
%OL_METRIC_F timing__setup__ws__corner:nom_fast_1p32V_m40C 14.790332044401373
nom_fast_1p32V_m40C: 14.790332044401373
%OL_END_REPORT
%OL_CREATE_REPORT tns.min.rpt

===========================================================================
Total Negative Slack (Hold)
============================================================================
%OL_METRIC_F timing__hold__tns__corner:nom_fast_1p32V_m40C 0.0
nom_fast_1p32V_m40C: 0.0
%OL_END_REPORT
%OL_CREATE_REPORT tns.max.rpt

===========================================================================
Total Negative Slack (Setup)
============================================================================
%OL_METRIC_F timing__setup__tns__corner:nom_fast_1p32V_m40C 0.0
nom_fast_1p32V_m40C: 0.0
%OL_END_REPORT
%OL_CREATE_REPORT wns.min.rpt

===========================================================================
Worst Negative Slack (Hold)
============================================================================
%OL_METRIC_F timing__hold__wns__corner:nom_fast_1p32V_m40C 0
nom_fast_1p32V_m40C: 0
%OL_END_REPORT
%OL_CREATE_REPORT wns.max.rpt

===========================================================================
Worst Negative Slack (Setup)
============================================================================
%OL_METRIC_F timing__setup__wns__corner:nom_fast_1p32V_m40C 0.0
nom_fast_1p32V_m40C: 0.0
%OL_END_REPORT
%OL_CREATE_REPORT violator_list.rpt

===========================================================================
Violator List
============================================================================
%OL_METRIC_I timing__hold_vio__count__corner:nom_fast_1p32V_m40C 0
%OL_METRIC_F timing__hold_r2r__ws__corner:nom_fast_1p32V_m40C 0.179382
%OL_METRIC_I timing__hold_r2r_vio__count__corner:nom_fast_1p32V_m40C 0
%OL_METRIC_I timing__setup_vio__count__corner:nom_fast_1p32V_m40C 0
%OL_METRIC_F timing__setup_r2r__ws__corner:nom_fast_1p32V_m40C inf
%OL_METRIC_I timing__setup_r2r_vio__count__corner:nom_fast_1p32V_m40C 0
%OL_END_REPORT
%OL_CREATE_REPORT unpropagated.rpt
%OL_END_REPORT
%OL_CREATE_REPORT clock.rpt
Clock: clk
Sources: clk 
Generated: no
Virtual: yes
Propagated: no
Period: 20.000000

===========================================================================
report_clock_properties
============================================================================
Clock                   Period          Waveform
----------------------------------------------------
clk                  20.000000    0.000000 10.000000

===========================================================================
report_clock_latency
============================================================================
Clock clk
rise -> rise
    min     max
0.000000 0.000000 source latency
0.131679         network latency _117_/CLK
        0.158100 network latency _108_/CLK
---------------
0.131679 0.158100 latency
        0.026421 skew

fall -> fall
    min     max
0.000000 0.000000 source latency
0.130487         network latency _117_/CLK
        0.155985 network latency _108_/CLK
---------------
0.130487 0.155985 latency
        0.025499 skew



===========================================================================
report_clock_min_period
============================================================================
clk period_min = 1.09 fmax = 920.47
%OL_END_REPORT
Writing SDF files for all corners…
Removing Clock latencies before writing libs…
Writing timing models for all corners…
Writing timing models for the nom_fast_1p32V_m40C corner to /home/designer/shared/s2p/runs/RUN_2026-09-12_02-16-42/55-openroad-stapostpnr/nom_fast_1p32V_m40C/serial2parallel__nom_fast_1p32V_m40C.lib…
