
===========================================================================
report_checks -path_delay max (Setup)
============================================================================
======================= nom_slow_1p08V_125C Corner ===================================

Startpoint: done_in (input port clocked by clk)
Endpoint: _113_ (rising edge-triggered flip-flop clocked by clk)
Path Group: clk
Path Type: max

Fanout         Cap        Slew       Delay        Time   Description
---------------------------------------------------------------------------------------------
                                  0.000000    0.000000   clock clk (rise edge)
                                  0.000000    0.000000   clock network delay (propagated)
                                  4.000000    4.000000 v input external delay
     1    0.003000    0.027544    0.003629    4.003629 v done_in (in)
                                                         done_in (net)
                      0.027544    0.000000    4.003629 v input2/A (sg13g2_buf_1)
     2    0.025048    0.137479    0.186118    4.189747 v input2/X (sg13g2_buf_1)
                                                         net2 (net)
                      0.137601    0.003574    4.193321 v fanout23/A (sg13g2_buf_1)
     8    0.077401    0.403035    0.435364    4.628685 v fanout23/X (sg13g2_buf_1)
                                                         net23 (net)
                      0.403072    0.003515    4.632201 v _056_/A (sg13g2_nor2b_1)
     2    0.008998    0.196832    0.253462    4.885663 ^ _056_/Y (sg13g2_nor2b_1)
                                                         _048_ (net)
                      0.196832    0.000517    4.886180 ^ fanout17/A (sg13g2_buf_1)
     8    0.087339    0.552540    0.550394    5.436574 ^ fanout17/X (sg13g2_buf_1)
                                                         net17 (net)
                      0.553069    0.014922    5.451496 ^ _063_/S (sg13g2_mux2_1)
     1    0.002106    0.052953    0.401028    5.852523 v _063_/X (sg13g2_mux2_1)
                                                         _035_ (net)
                      0.052953    0.000146    5.852669 v hold41/A (sg13g2_dlygate4sd3_1)
     1    0.002018    0.054821    0.623941    6.476610 v hold41/X (sg13g2_dlygate4sd3_1)
                                                         net41 (net)
                      0.054821    0.000081    6.476691 v _113_/D (sg13g2_dfrbpq_1)
                                              6.476691   data arrival time

                                 20.000000   20.000000   clock clk (rise edge)
                                  0.000000   20.000000   clock source latency
     1    0.043404    0.090241    0.055898   20.055899 ^ clk (in)
                                                         clk (net)
                      0.091072    0.000000   20.055899 ^ clkbuf_0_clk/A (sg13g2_buf_16)
     4    0.076819    0.050734    0.138003   20.193903 ^ clkbuf_0_clk/X (sg13g2_buf_16)
                                                         clknet_0_clk (net)
                      0.051885    0.005416   20.199318 ^ clkbuf_2_1__f_clk/A (sg13g2_buf_16)
     6    0.030363    0.034046    0.105210   20.304529 ^ clkbuf_2_1__f_clk/X (sg13g2_buf_16)
                                                         clknet_2_1__leaf_clk (net)
                      0.034049    0.000579   20.305107 ^ _113_/CLK (sg13g2_dfrbpq_1)
                                 -0.250000   20.055109   clock uncertainty
                                  0.000000   20.055109   clock reconvergence pessimism
                                 -0.189616   19.865494   library setup time
                                             19.865494   data required time
---------------------------------------------------------------------------------------------
                                             19.865494   data required time
                                             -6.476691   data arrival time
---------------------------------------------------------------------------------------------
                                             13.388802   slack (MET)


Startpoint: done_in (input port clocked by clk)
Endpoint: _114_ (rising edge-triggered flip-flop clocked by clk)
Path Group: clk
Path Type: max

Fanout         Cap        Slew       Delay        Time   Description
---------------------------------------------------------------------------------------------
                                  0.000000    0.000000   clock clk (rise edge)
                                  0.000000    0.000000   clock network delay (propagated)
                                  4.000000    4.000000 v input external delay
     1    0.003000    0.027544    0.003629    4.003629 v done_in (in)
                                                         done_in (net)
                      0.027544    0.000000    4.003629 v input2/A (sg13g2_buf_1)
     2    0.025048    0.137479    0.186118    4.189747 v input2/X (sg13g2_buf_1)
                                                         net2 (net)
                      0.137601    0.003574    4.193321 v fanout23/A (sg13g2_buf_1)
     8    0.077401    0.403035    0.435364    4.628685 v fanout23/X (sg13g2_buf_1)
                                                         net23 (net)
                      0.403072    0.003515    4.632201 v _056_/A (sg13g2_nor2b_1)
     2    0.008998    0.196832    0.253462    4.885663 ^ _056_/Y (sg13g2_nor2b_1)
                                                         _048_ (net)
                      0.196832    0.000517    4.886180 ^ fanout17/A (sg13g2_buf_1)
     8    0.087339    0.552540    0.550394    5.436574 ^ fanout17/X (sg13g2_buf_1)
                                                         net17 (net)
                      0.552871    0.011858    5.448431 ^ _062_/S (sg13g2_mux2_1)
     1    0.002777    0.055326    0.404321    5.852753 v _062_/X (sg13g2_mux2_1)
                                                         _036_ (net)
                      0.055326    0.000171    5.852924 v hold43/A (sg13g2_dlygate4sd3_1)
     1    0.002109    0.055214    0.625854    6.478778 v hold43/X (sg13g2_dlygate4sd3_1)
                                                         net43 (net)
                      0.055214    0.000086    6.478864 v _114_/D (sg13g2_dfrbpq_1)
                                              6.478864   data arrival time

                                 20.000000   20.000000   clock clk (rise edge)
                                  0.000000   20.000000   clock source latency
     1    0.043404    0.090241    0.055898   20.055899 ^ clk (in)
                                                         clk (net)
                      0.091072    0.000000   20.055899 ^ clkbuf_0_clk/A (sg13g2_buf_16)
     4    0.076819    0.050734    0.138003   20.193903 ^ clkbuf_0_clk/X (sg13g2_buf_16)
                                                         clknet_0_clk (net)
                      0.051604    0.004515   20.198418 ^ clkbuf_2_2__f_clk/A (sg13g2_buf_16)
     6    0.037373    0.036455    0.106846   20.305264 ^ clkbuf_2_2__f_clk/X (sg13g2_buf_16)
                                                         clknet_2_2__leaf_clk (net)
                      0.036506    0.002307   20.307571 ^ _114_/CLK (sg13g2_dfrbpq_1)
                                 -0.250000   20.057571   clock uncertainty
                                  0.000000   20.057571   clock reconvergence pessimism
                                 -0.188952   19.868622   library setup time
                                             19.868622   data required time
---------------------------------------------------------------------------------------------
                                             19.868622   data required time
                                             -6.478864   data arrival time
---------------------------------------------------------------------------------------------
                                             13.389757   slack (MET)


Startpoint: done_in (input port clocked by clk)
Endpoint: _117_ (rising edge-triggered flip-flop clocked by clk)
Path Group: clk
Path Type: max

Fanout         Cap        Slew       Delay        Time   Description
---------------------------------------------------------------------------------------------
                                  0.000000    0.000000   clock clk (rise edge)
                                  0.000000    0.000000   clock network delay (propagated)
                                  4.000000    4.000000 v input external delay
     1    0.003000    0.027544    0.003629    4.003629 v done_in (in)
                                                         done_in (net)
                      0.027544    0.000000    4.003629 v input2/A (sg13g2_buf_1)
     2    0.025048    0.137479    0.186118    4.189747 v input2/X (sg13g2_buf_1)
                                                         net2 (net)
                      0.137601    0.003574    4.193321 v fanout23/A (sg13g2_buf_1)
     8    0.077401    0.403035    0.435364    4.628685 v fanout23/X (sg13g2_buf_1)
                                                         net23 (net)
                      0.403072    0.003515    4.632201 v _056_/A (sg13g2_nor2b_1)
     2    0.008998    0.196832    0.253462    4.885663 ^ _056_/Y (sg13g2_nor2b_1)
                                                         _048_ (net)
                      0.196832    0.000584    4.886247 ^ fanout18/A (sg13g2_buf_1)
     4    0.042498    0.276159    0.352545    5.238792 ^ fanout18/X (sg13g2_buf_1)
                                                         net18 (net)
                      0.276274    0.002518    5.241310 ^ _059_/S (sg13g2_mux2_1)
     1    0.002359    0.054088    0.337457    5.578767 v _059_/X (sg13g2_mux2_1)
                                                         _039_ (net)
                      0.054088    0.000090    5.578856 v hold45/A (sg13g2_dlygate4sd3_1)
     1    0.002107    0.055204    0.625122    6.203979 v hold45/X (sg13g2_dlygate4sd3_1)
                                                         net45 (net)
                      0.055204    0.000086    6.204064 v _117_/D (sg13g2_dfrbpq_1)
                                              6.204064   data arrival time

                                 20.000000   20.000000   clock clk (rise edge)
                                  0.000000   20.000000   clock source latency
     1    0.043404    0.090241    0.055898   20.055899 ^ clk (in)
                                                         clk (net)
                      0.091072    0.000000   20.055899 ^ clkbuf_0_clk/A (sg13g2_buf_16)
     4    0.076819    0.050734    0.138003   20.193903 ^ clkbuf_0_clk/X (sg13g2_buf_16)
                                                         clknet_0_clk (net)
                      0.051691    0.004807   20.198709 ^ clkbuf_2_3__f_clk/A (sg13g2_buf_16)
     6    0.025137    0.032242    0.103499   20.302208 ^ clkbuf_2_3__f_clk/X (sg13g2_buf_16)
                                                         clknet_2_3__leaf_clk (net)
                      0.032242    0.000115   20.302324 ^ _117_/CLK (sg13g2_dfrbpq_1)
                                 -0.250000   20.052324   clock uncertainty
                                  0.000000   20.052324   clock reconvergence pessimism
                                 -0.190409   19.861916   library setup time
                                             19.861916   data required time
---------------------------------------------------------------------------------------------
                                             19.861916   data required time
                                             -6.204064   data arrival time
---------------------------------------------------------------------------------------------
                                             13.657850   slack (MET)


Startpoint: done_in (input port clocked by clk)
Endpoint: _111_ (rising edge-triggered flip-flop clocked by clk)
Path Group: clk
Path Type: max

Fanout         Cap        Slew       Delay        Time   Description
---------------------------------------------------------------------------------------------
                                  0.000000    0.000000   clock clk (rise edge)
                                  0.000000    0.000000   clock network delay (propagated)
                                  4.000000    4.000000 v input external delay
     1    0.003000    0.027544    0.003629    4.003629 v done_in (in)
                                                         done_in (net)
                      0.027544    0.000000    4.003629 v input2/A (sg13g2_buf_1)
     2    0.025048    0.137479    0.186118    4.189747 v input2/X (sg13g2_buf_1)
                                                         net2 (net)
                      0.137601    0.003574    4.193321 v fanout23/A (sg13g2_buf_1)
     8    0.077401    0.403035    0.435364    4.628685 v fanout23/X (sg13g2_buf_1)
                                                         net23 (net)
                      0.403072    0.003515    4.632201 v _056_/A (sg13g2_nor2b_1)
     2    0.008998    0.196832    0.253462    4.885663 ^ _056_/Y (sg13g2_nor2b_1)
                                                         _048_ (net)
                      0.196832    0.000517    4.886180 ^ fanout17/A (sg13g2_buf_1)
     8    0.087339    0.552540    0.550394    5.436574 ^ fanout17/X (sg13g2_buf_1)
                                                         net17 (net)
                      0.553289    0.017679    5.454253 ^ _065_/S (sg13g2_mux2_1)
     1    0.002518    0.054962    0.403131    5.857384 v _065_/X (sg13g2_mux2_1)
                                                         _033_ (net)
                      0.054963    0.000100    5.857484 v _111_/D (sg13g2_dfrbpq_1)
                                              5.857484   data arrival time

                                 20.000000   20.000000   clock clk (rise edge)
                                  0.000000   20.000000   clock source latency
     1    0.043404    0.090241    0.055898   20.055899 ^ clk (in)
                                                         clk (net)
                      0.091072    0.000000   20.055899 ^ clkbuf_0_clk/A (sg13g2_buf_16)
     4    0.076819    0.050734    0.138003   20.193903 ^ clkbuf_0_clk/X (sg13g2_buf_16)
                                                         clknet_0_clk (net)
                      0.052136    0.006137   20.200039 ^ clkbuf_2_0__f_clk/A (sg13g2_buf_16)
     6    0.035909    0.035970    0.106715   20.306755 ^ clkbuf_2_0__f_clk/X (sg13g2_buf_16)
                                                         clknet_2_0__leaf_clk (net)
                      0.035990    0.001616   20.308371 ^ _111_/CLK (sg13g2_dfrbpq_1)
                                 -0.250000   20.058371   clock uncertainty
                                  0.000000   20.058371   clock reconvergence pessimism
                                 -0.189015   19.869356   library setup time
                                             19.869356   data required time
---------------------------------------------------------------------------------------------
                                             19.869356   data required time
                                             -5.857484   data arrival time
---------------------------------------------------------------------------------------------
                                             14.011873   slack (MET)


Startpoint: done_in (input port clocked by clk)
Endpoint: _112_ (rising edge-triggered flip-flop clocked by clk)
Path Group: clk
Path Type: max

Fanout         Cap        Slew       Delay        Time   Description
---------------------------------------------------------------------------------------------
                                  0.000000    0.000000   clock clk (rise edge)
                                  0.000000    0.000000   clock network delay (propagated)
                                  4.000000    4.000000 v input external delay
     1    0.003000    0.027544    0.003629    4.003629 v done_in (in)
                                                         done_in (net)
                      0.027544    0.000000    4.003629 v input2/A (sg13g2_buf_1)
     2    0.025048    0.137479    0.186118    4.189747 v input2/X (sg13g2_buf_1)
                                                         net2 (net)
                      0.137601    0.003574    4.193321 v fanout23/A (sg13g2_buf_1)
     8    0.077401    0.403035    0.435364    4.628685 v fanout23/X (sg13g2_buf_1)
                                                         net23 (net)
                      0.403072    0.003515    4.632201 v _056_/A (sg13g2_nor2b_1)
     2    0.008998    0.196832    0.253462    4.885663 ^ _056_/Y (sg13g2_nor2b_1)
                                                         _048_ (net)
                      0.196832    0.000517    4.886180 ^ fanout17/A (sg13g2_buf_1)
     8    0.087339    0.552540    0.550394    5.436574 ^ fanout17/X (sg13g2_buf_1)
                                                         net17 (net)
                      0.553209    0.016738    5.453312 ^ _064_/S (sg13g2_mux2_1)
     1    0.002557    0.055342    0.403294    5.856606 v _064_/X (sg13g2_mux2_1)
                                                         _034_ (net)
                      0.055342    0.000177    5.856782 v _112_/D (sg13g2_dfrbpq_1)
                                              5.856782   data arrival time

                                 20.000000   20.000000   clock clk (rise edge)
                                  0.000000   20.000000   clock source latency
     1    0.043404    0.090241    0.055898   20.055899 ^ clk (in)
                                                         clk (net)
                      0.091072    0.000000   20.055899 ^ clkbuf_0_clk/A (sg13g2_buf_16)
     4    0.076819    0.050734    0.138003   20.193903 ^ clkbuf_0_clk/X (sg13g2_buf_16)
                                                         clknet_0_clk (net)
                      0.052136    0.006137   20.200039 ^ clkbuf_2_0__f_clk/A (sg13g2_buf_16)
     6    0.035909    0.035970    0.106715   20.306755 ^ clkbuf_2_0__f_clk/X (sg13g2_buf_16)
                                                         clknet_2_0__leaf_clk (net)
                      0.035993    0.001744   20.308498 ^ _112_/CLK (sg13g2_dfrbpq_1)
                                 -0.250000   20.058500   clock uncertainty
                                  0.000000   20.058500   clock reconvergence pessimism
                                 -0.189185   19.869314   library setup time
                                             19.869314   data required time
---------------------------------------------------------------------------------------------
                                             19.869314   data required time
                                             -5.856782   data arrival time
---------------------------------------------------------------------------------------------
                                             14.012532   slack (MET)


Startpoint: done_in (input port clocked by clk)
Endpoint: _109_ (rising edge-triggered flip-flop clocked by clk)
Path Group: clk
Path Type: max

Fanout         Cap        Slew       Delay        Time   Description
---------------------------------------------------------------------------------------------
                                  0.000000    0.000000   clock clk (rise edge)
                                  0.000000    0.000000   clock network delay (propagated)
                                  4.000000    4.000000 v input external delay
     1    0.003000    0.027544    0.003629    4.003629 v done_in (in)
                                                         done_in (net)
                      0.027544    0.000000    4.003629 v input2/A (sg13g2_buf_1)
     2    0.025048    0.137479    0.186118    4.189747 v input2/X (sg13g2_buf_1)
                                                         net2 (net)
                      0.137601    0.003574    4.193321 v fanout23/A (sg13g2_buf_1)
     8    0.077401    0.403035    0.435364    4.628685 v fanout23/X (sg13g2_buf_1)
                                                         net23 (net)
                      0.403072    0.003515    4.632201 v _056_/A (sg13g2_nor2b_1)
     2    0.008998    0.196832    0.253462    4.885663 ^ _056_/Y (sg13g2_nor2b_1)
                                                         _048_ (net)
                      0.196832    0.000517    4.886180 ^ fanout17/A (sg13g2_buf_1)
     8    0.087339    0.552540    0.550394    5.436574 ^ fanout17/X (sg13g2_buf_1)
                                                         net17 (net)
                      0.553311    0.017935    5.454509 ^ _067_/S (sg13g2_mux2_1)
     1    0.001888    0.054295    0.400003    5.854512 v _067_/X (sg13g2_mux2_1)
                                                         _031_ (net)
                      0.054295    0.000077    5.854589 v _109_/D (sg13g2_dfrbpq_1)
                                              5.854589   data arrival time

                                 20.000000   20.000000   clock clk (rise edge)
                                  0.000000   20.000000   clock source latency
     1    0.043404    0.090241    0.055898   20.055899 ^ clk (in)
                                                         clk (net)
                      0.091072    0.000000   20.055899 ^ clkbuf_0_clk/A (sg13g2_buf_16)
     4    0.076819    0.050734    0.138003   20.193903 ^ clkbuf_0_clk/X (sg13g2_buf_16)
                                                         clknet_0_clk (net)
                      0.052136    0.006137   20.200039 ^ clkbuf_2_0__f_clk/A (sg13g2_buf_16)
     6    0.035909    0.035970    0.106715   20.306755 ^ clkbuf_2_0__f_clk/X (sg13g2_buf_16)
                                                         clknet_2_0__leaf_clk (net)
                      0.035995    0.001821   20.308575 ^ _109_/CLK (sg13g2_dfrbpq_1)
                                 -0.250000   20.058577   clock uncertainty
                                  0.000000   20.058577   clock reconvergence pessimism
                                 -0.188710   19.869865   library setup time
                                             19.869865   data required time
---------------------------------------------------------------------------------------------
                                             19.869865   data required time
                                             -5.854589   data arrival time
---------------------------------------------------------------------------------------------
                                             14.015277   slack (MET)


Startpoint: done_in (input port clocked by clk)
Endpoint: _110_ (rising edge-triggered flip-flop clocked by clk)
Path Group: clk
Path Type: max

Fanout         Cap        Slew       Delay        Time   Description
---------------------------------------------------------------------------------------------
                                  0.000000    0.000000   clock clk (rise edge)
                                  0.000000    0.000000   clock network delay (propagated)
                                  4.000000    4.000000 v input external delay
     1    0.003000    0.027544    0.003629    4.003629 v done_in (in)
                                                         done_in (net)
                      0.027544    0.000000    4.003629 v input2/A (sg13g2_buf_1)
     2    0.025048    0.137479    0.186118    4.189747 v input2/X (sg13g2_buf_1)
                                                         net2 (net)
                      0.137601    0.003574    4.193321 v fanout23/A (sg13g2_buf_1)
     8    0.077401    0.403035    0.435364    4.628685 v fanout23/X (sg13g2_buf_1)
                                                         net23 (net)
                      0.403072    0.003515    4.632201 v _056_/A (sg13g2_nor2b_1)
     2    0.008998    0.196832    0.253462    4.885663 ^ _056_/Y (sg13g2_nor2b_1)
                                                         _048_ (net)
                      0.196832    0.000517    4.886180 ^ fanout17/A (sg13g2_buf_1)
     8    0.087339    0.552540    0.550394    5.436574 ^ fanout17/X (sg13g2_buf_1)
                                                         net17 (net)
                      0.553305    0.017862    5.454436 ^ _066_/S (sg13g2_mux2_1)
     1    0.001934    0.052416    0.400230    5.854666 v _066_/X (sg13g2_mux2_1)
                                                         _032_ (net)
                      0.052416    0.000079    5.854744 v _110_/D (sg13g2_dfrbpq_1)
                                              5.854744   data arrival time

                                 20.000000   20.000000   clock clk (rise edge)
                                  0.000000   20.000000   clock source latency
     1    0.043404    0.090241    0.055898   20.055899 ^ clk (in)
                                                         clk (net)
                      0.091072    0.000000   20.055899 ^ clkbuf_0_clk/A (sg13g2_buf_16)
     4    0.076819    0.050734    0.138003   20.193903 ^ clkbuf_0_clk/X (sg13g2_buf_16)
                                                         clknet_0_clk (net)
                      0.052136    0.006137   20.200039 ^ clkbuf_2_0__f_clk/A (sg13g2_buf_16)
     6    0.035909    0.035970    0.106715   20.306755 ^ clkbuf_2_0__f_clk/X (sg13g2_buf_16)
                                                         clknet_2_0__leaf_clk (net)
                      0.035993    0.001739   20.308493 ^ _110_/CLK (sg13g2_dfrbpq_1)
                                 -0.250000   20.058495   clock uncertainty
                                  0.000000   20.058495   clock reconvergence pessimism
                                 -0.187859   19.870636   library setup time
                                             19.870636   data required time
---------------------------------------------------------------------------------------------
                                             19.870636   data required time
                                             -5.854744   data arrival time
---------------------------------------------------------------------------------------------
                                             14.015891   slack (MET)


Startpoint: done_in (input port clocked by clk)
Endpoint: _108_ (rising edge-triggered flip-flop clocked by clk)
Path Group: clk
Path Type: max

Fanout         Cap        Slew       Delay        Time   Description
---------------------------------------------------------------------------------------------
                                  0.000000    0.000000   clock clk (rise edge)
                                  0.000000    0.000000   clock network delay (propagated)
                                  4.000000    4.000000 v input external delay
     1    0.003000    0.027544    0.003629    4.003629 v done_in (in)
                                                         done_in (net)
                      0.027544    0.000000    4.003629 v input2/A (sg13g2_buf_1)
     2    0.025048    0.137479    0.186118    4.189747 v input2/X (sg13g2_buf_1)
                                                         net2 (net)
                      0.137601    0.003574    4.193321 v fanout23/A (sg13g2_buf_1)
     8    0.077401    0.403035    0.435364    4.628685 v fanout23/X (sg13g2_buf_1)
                                                         net23 (net)
                      0.403072    0.003515    4.632201 v _056_/A (sg13g2_nor2b_1)
     2    0.008998    0.196832    0.253462    4.885663 ^ _056_/Y (sg13g2_nor2b_1)
                                                         _048_ (net)
                      0.196832    0.000517    4.886180 ^ fanout17/A (sg13g2_buf_1)
     8    0.087339    0.552540    0.550394    5.436574 ^ fanout17/X (sg13g2_buf_1)
                                                         net17 (net)
                      0.552980    0.013638    5.450212 ^ _068_/S (sg13g2_mux2_1)
     1    0.001905    0.057156    0.400018    5.850230 v _068_/X (sg13g2_mux2_1)
                                                         _030_ (net)
                      0.057156    0.000078    5.850307 v _108_/D (sg13g2_dfrbpq_1)
                                              5.850307   data arrival time

                                 20.000000   20.000000   clock clk (rise edge)
                                  0.000000   20.000000   clock source latency
     1    0.043404    0.090241    0.055898   20.055899 ^ clk (in)
                                                         clk (net)
                      0.091072    0.000000   20.055899 ^ clkbuf_0_clk/A (sg13g2_buf_16)
     4    0.076819    0.050734    0.138003   20.193903 ^ clkbuf_0_clk/X (sg13g2_buf_16)
                                                         clknet_0_clk (net)
                      0.052136    0.006137   20.200039 ^ clkbuf_2_0__f_clk/A (sg13g2_buf_16)
     6    0.035909    0.035970    0.106715   20.306755 ^ clkbuf_2_0__f_clk/X (sg13g2_buf_16)
                                                         clknet_2_0__leaf_clk (net)
                      0.036005    0.002119   20.308874 ^ _108_/CLK (sg13g2_dfrbpq_1)
                                 -0.250000   20.058874   clock uncertainty
                                  0.000000   20.058874   clock reconvergence pessimism
                                 -0.190004   19.868870   library setup time
                                             19.868870   data required time
---------------------------------------------------------------------------------------------
                                             19.868870   data required time
                                             -5.850307   data arrival time
---------------------------------------------------------------------------------------------
                                             14.018562   slack (MET)


Startpoint: done_in (input port clocked by clk)
Endpoint: _119_ (rising edge-triggered flip-flop clocked by clk)
Path Group: clk
Path Type: max

Fanout         Cap        Slew       Delay        Time   Description
---------------------------------------------------------------------------------------------
                                  0.000000    0.000000   clock clk (rise edge)
                                  0.000000    0.000000   clock network delay (propagated)
                                  4.000000    4.000000 v input external delay
     1    0.003000    0.027544    0.003629    4.003629 v done_in (in)
                                                         done_in (net)
                      0.027544    0.000000    4.003629 v input2/A (sg13g2_buf_1)
     2    0.025048    0.137479    0.186118    4.189747 v input2/X (sg13g2_buf_1)
                                                         net2 (net)
                      0.137601    0.003574    4.193321 v fanout23/A (sg13g2_buf_1)
     8    0.077401    0.403035    0.435364    4.628685 v fanout23/X (sg13g2_buf_1)
                                                         net23 (net)
                      0.403072    0.003515    4.632201 v _056_/A (sg13g2_nor2b_1)
     2    0.008998    0.196832    0.253462    4.885663 ^ _056_/Y (sg13g2_nor2b_1)
                                                         _048_ (net)
                      0.196832    0.000517    4.886180 ^ fanout17/A (sg13g2_buf_1)
     8    0.087339    0.552540    0.550394    5.436574 ^ fanout17/X (sg13g2_buf_1)
                                                         net17 (net)
                      0.552578    0.004083    5.440658 ^ _057_/S (sg13g2_mux2_1)
     1    0.001883    0.052383    0.399819    5.840477 v _057_/X (sg13g2_mux2_1)
                                                         _041_ (net)
                      0.052383    0.000077    5.840554 v _119_/D (sg13g2_dfrbpq_1)
                                              5.840554   data arrival time

                                 20.000000   20.000000   clock clk (rise edge)
                                  0.000000   20.000000   clock source latency
     1    0.043404    0.090241    0.055898   20.055899 ^ clk (in)
                                                         clk (net)
                      0.091072    0.000000   20.055899 ^ clkbuf_0_clk/A (sg13g2_buf_16)
     4    0.076819    0.050734    0.138003   20.193903 ^ clkbuf_0_clk/X (sg13g2_buf_16)
                                                         clknet_0_clk (net)
                      0.051691    0.004807   20.198709 ^ clkbuf_2_3__f_clk/A (sg13g2_buf_16)
     6    0.025137    0.032242    0.103499   20.302208 ^ clkbuf_2_3__f_clk/X (sg13g2_buf_16)
                                                         clknet_2_3__leaf_clk (net)
                      0.032274    0.001867   20.304075 ^ _119_/CLK (sg13g2_dfrbpq_1)
                                 -0.250000   20.054077   clock uncertainty
                                  0.000000   20.054077   clock reconvergence pessimism
                                 -0.189119   19.864956   library setup time
                                             19.864956   data required time
---------------------------------------------------------------------------------------------
                                             19.864956   data required time
                                             -5.840554   data arrival time
---------------------------------------------------------------------------------------------
                                             14.024403   slack (MET)


Startpoint: done_in (input port clocked by clk)
Endpoint: _100_ (rising edge-triggered flip-flop clocked by clk)
Path Group: clk
Path Type: max

Fanout         Cap        Slew       Delay        Time   Description
---------------------------------------------------------------------------------------------
                                  0.000000    0.000000   clock clk (rise edge)
                                  0.000000    0.000000   clock network delay (propagated)
                                  4.000000    4.000000 ^ input external delay
     1    0.003058    0.032871    0.004194    4.004194 ^ done_in (in)
                                                         done_in (net)
                      0.032871    0.000000    4.004194 ^ input2/A (sg13g2_buf_1)
     2    0.025163    0.168363    0.199667    4.203861 ^ input2/X (sg13g2_buf_1)
                                                         net2 (net)
                      0.168467    0.003602    4.207463 ^ fanout23/A (sg13g2_buf_1)
     8    0.078705    0.501967    0.500603    4.708066 ^ fanout23/X (sg13g2_buf_1)
                                                         net23 (net)
                      0.502704    0.016705    4.724771 ^ _051_/S (sg13g2_mux2_1)
     1    0.002701    0.054997    0.393112    5.117883 v _051_/X (sg13g2_mux2_1)
                                                         _046_ (net)
                      0.054997    0.000168    5.118051 v hold39/A (sg13g2_dlygate4sd3_1)
     1    0.002880    0.058690    0.630182    5.748232 v hold39/X (sg13g2_dlygate4sd3_1)
                                                         net39 (net)
                      0.058690    0.000110    5.748343 v _100_/D (sg13g2_dfrbpq_1)
                                              5.748343   data arrival time

                                 20.000000   20.000000   clock clk (rise edge)
                                  0.000000   20.000000   clock source latency
     1    0.043404    0.090241    0.055898   20.055899 ^ clk (in)
                                                         clk (net)
                      0.091072    0.000000   20.055899 ^ clkbuf_0_clk/A (sg13g2_buf_16)
     4    0.076819    0.050734    0.138003   20.193903 ^ clkbuf_0_clk/X (sg13g2_buf_16)
                                                         clknet_0_clk (net)
                      0.051885    0.005416   20.199318 ^ clkbuf_2_1__f_clk/A (sg13g2_buf_16)
     6    0.030363    0.034046    0.105210   20.304529 ^ clkbuf_2_1__f_clk/X (sg13g2_buf_16)
                                                         clknet_2_1__leaf_clk (net)
                      0.034052    0.000894   20.305422 ^ _100_/CLK (sg13g2_dfrbpq_1)
                                 -0.250000   20.055422   clock uncertainty
                                  0.000000   20.055422   clock reconvergence pessimism
                                 -0.191369   19.864054   library setup time
                                             19.864054   data required time
---------------------------------------------------------------------------------------------
                                             19.864054   data required time
                                             -5.748343   data arrival time
---------------------------------------------------------------------------------------------
                                             14.115711   slack (MET)


Startpoint: done_in (input port clocked by clk)
Endpoint: _099_ (rising edge-triggered flip-flop clocked by clk)
Path Group: clk
Path Type: max

Fanout         Cap        Slew       Delay        Time   Description
---------------------------------------------------------------------------------------------
                                  0.000000    0.000000   clock clk (rise edge)
                                  0.000000    0.000000   clock network delay (propagated)
                                  4.000000    4.000000 ^ input external delay
     1    0.003058    0.032871    0.004194    4.004194 ^ done_in (in)
                                                         done_in (net)
                      0.032871    0.000000    4.004194 ^ input2/A (sg13g2_buf_1)
     2    0.025163    0.168363    0.199667    4.203861 ^ input2/X (sg13g2_buf_1)
                                                         net2 (net)
                      0.168467    0.003602    4.207463 ^ fanout23/A (sg13g2_buf_1)
     8    0.078705    0.501967    0.500603    4.708066 ^ fanout23/X (sg13g2_buf_1)
                                                         net23 (net)
                      0.502802    0.017756    4.725822 ^ _052_/S (sg13g2_mux2_1)
     1    0.001662    0.051625    0.387976    5.113799 v _052_/X (sg13g2_mux2_1)
                                                         _045_ (net)
                      0.051625    0.000068    5.113866 v hold49/A (sg13g2_dlygate4sd3_1)
     1    0.002656    0.057684    0.626891    5.740757 v hold49/X (sg13g2_dlygate4sd3_1)
                                                         net49 (net)
                      0.057685    0.000187    5.740944 v _099_/D (sg13g2_dfrbpq_1)
                                              5.740944   data arrival time

                                 20.000000   20.000000   clock clk (rise edge)
                                  0.000000   20.000000   clock source latency
     1    0.043404    0.090241    0.055898   20.055899 ^ clk (in)
                                                         clk (net)
                      0.091072    0.000000   20.055899 ^ clkbuf_0_clk/A (sg13g2_buf_16)
     4    0.076819    0.050734    0.138003   20.193903 ^ clkbuf_0_clk/X (sg13g2_buf_16)
                                                         clknet_0_clk (net)
                      0.051885    0.005416   20.199318 ^ clkbuf_2_1__f_clk/A (sg13g2_buf_16)
     6    0.030363    0.034046    0.105210   20.304529 ^ clkbuf_2_1__f_clk/X (sg13g2_buf_16)
                                                         clknet_2_1__leaf_clk (net)
                      0.034054    0.001043   20.305571 ^ _099_/CLK (sg13g2_dfrbpq_1)
                                 -0.250000   20.055573   clock uncertainty
                                  0.000000   20.055573   clock reconvergence pessimism
                                 -0.190912   19.864660   library setup time
                                             19.864660   data required time
---------------------------------------------------------------------------------------------
                                             19.864660   data required time
                                             -5.740944   data arrival time
---------------------------------------------------------------------------------------------
                                             14.123716   slack (MET)


Startpoint: done_in (input port clocked by clk)
Endpoint: _121_ (rising edge-triggered flip-flop clocked by clk)
Path Group: clk
Path Type: max

Fanout         Cap        Slew       Delay        Time   Description
---------------------------------------------------------------------------------------------
                                  0.000000    0.000000   clock clk (rise edge)
                                  0.000000    0.000000   clock network delay (propagated)
                                  4.000000    4.000000 ^ input external delay
     1    0.003058    0.032871    0.004194    4.004194 ^ done_in (in)
                                                         done_in (net)
                      0.032871    0.000000    4.004194 ^ input2/A (sg13g2_buf_1)
     2    0.025163    0.168363    0.199667    4.203861 ^ input2/X (sg13g2_buf_1)
                                                         net2 (net)
                      0.168467    0.003602    4.207463 ^ fanout23/A (sg13g2_buf_1)
     8    0.078705    0.501967    0.500603    4.708066 ^ fanout23/X (sg13g2_buf_1)
                                                         net23 (net)
                      0.502826    0.017993    4.726059 ^ _054_/S (sg13g2_mux2_1)
     1    0.001656    0.051242    0.387951    5.114011 v _054_/X (sg13g2_mux2_1)
                                                         _043_ (net)
                      0.051242    0.000068    5.114078 v hold51/A (sg13g2_dlygate4sd3_1)
     1    0.002343    0.056272    0.624832    5.738910 v hold51/X (sg13g2_dlygate4sd3_1)
                                                         net51 (net)
                      0.056273    0.000177    5.739087 v _121_/D (sg13g2_dfrbpq_1)
                                              5.739087   data arrival time

                                 20.000000   20.000000   clock clk (rise edge)
                                  0.000000   20.000000   clock source latency
     1    0.043404    0.090241    0.055898   20.055899 ^ clk (in)
                                                         clk (net)
                      0.091072    0.000000   20.055899 ^ clkbuf_0_clk/A (sg13g2_buf_16)
     4    0.076819    0.050734    0.138003   20.193903 ^ clkbuf_0_clk/X (sg13g2_buf_16)
                                                         clknet_0_clk (net)
                      0.051885    0.005416   20.199318 ^ clkbuf_2_1__f_clk/A (sg13g2_buf_16)
     6    0.030363    0.034046    0.105210   20.304529 ^ clkbuf_2_1__f_clk/X (sg13g2_buf_16)
                                                         clknet_2_1__leaf_clk (net)
                      0.034058    0.001291   20.305820 ^ _121_/CLK (sg13g2_dfrbpq_1)
                                 -0.250000   20.055820   clock uncertainty
                                  0.000000   20.055820   clock reconvergence pessimism
                                 -0.190271   19.865549   library setup time
                                             19.865549   data required time
---------------------------------------------------------------------------------------------
                                             19.865549   data required time
                                             -5.739087   data arrival time
---------------------------------------------------------------------------------------------
                                             14.126462   slack (MET)


Startpoint: done_in (input port clocked by clk)
Endpoint: _098_ (rising edge-triggered flip-flop clocked by clk)
Path Group: clk
Path Type: max

Fanout         Cap        Slew       Delay        Time   Description
---------------------------------------------------------------------------------------------
                                  0.000000    0.000000   clock clk (rise edge)
                                  0.000000    0.000000   clock network delay (propagated)
                                  4.000000    4.000000 ^ input external delay
     1    0.003058    0.032871    0.004194    4.004194 ^ done_in (in)
                                                         done_in (net)
                      0.032871    0.000000    4.004194 ^ input2/A (sg13g2_buf_1)
     2    0.025163    0.168363    0.199667    4.203861 ^ input2/X (sg13g2_buf_1)
                                                         net2 (net)
                      0.168467    0.003602    4.207463 ^ fanout23/A (sg13g2_buf_1)
     8    0.078705    0.501967    0.500603    4.708066 ^ fanout23/X (sg13g2_buf_1)
                                                         net23 (net)
                      0.502819    0.017926    4.725992 ^ _053_/S (sg13g2_mux2_1)
     1    0.002011    0.052870    0.389714    5.115706 v _053_/X (sg13g2_mux2_1)
                                                         _044_ (net)
                      0.052870    0.000079    5.115784 v hold47/A (sg13g2_dlygate4sd3_1)
     1    0.001786    0.053746    0.622532    5.738316 v hold47/X (sg13g2_dlygate4sd3_1)
                                                         net47 (net)
                      0.053746    0.000074    5.738390 v _098_/D (sg13g2_dfrbpq_1)
                                              5.738390   data arrival time

                                 20.000000   20.000000   clock clk (rise edge)
                                  0.000000   20.000000   clock source latency
     1    0.043404    0.090241    0.055898   20.055899 ^ clk (in)
                                                         clk (net)
                      0.091072    0.000000   20.055899 ^ clkbuf_0_clk/A (sg13g2_buf_16)
     4    0.076819    0.050734    0.138003   20.193903 ^ clkbuf_0_clk/X (sg13g2_buf_16)
                                                         clknet_0_clk (net)
                      0.051885    0.005416   20.199318 ^ clkbuf_2_1__f_clk/A (sg13g2_buf_16)
     6    0.030363    0.034046    0.105210   20.304529 ^ clkbuf_2_1__f_clk/X (sg13g2_buf_16)
                                                         clknet_2_1__leaf_clk (net)
                      0.034056    0.001142   20.305670 ^ _098_/CLK (sg13g2_dfrbpq_1)
                                 -0.250000   20.055672   clock uncertainty
                                  0.000000   20.055672   clock reconvergence pessimism
                                 -0.189126   19.866545   library setup time
                                             19.866545   data required time
---------------------------------------------------------------------------------------------
                                             19.866545   data required time
                                             -5.738390   data arrival time
---------------------------------------------------------------------------------------------
                                             14.128154   slack (MET)


Startpoint: done_in (input port clocked by clk)
Endpoint: _101_ (rising edge-triggered flip-flop clocked by clk)
Path Group: clk
Path Type: max

Fanout         Cap        Slew       Delay        Time   Description
---------------------------------------------------------------------------------------------
                                  0.000000    0.000000   clock clk (rise edge)
                                  0.000000    0.000000   clock network delay (propagated)
                                  4.000000    4.000000 ^ input external delay
     1    0.003058    0.032871    0.004194    4.004194 ^ done_in (in)
                                                         done_in (net)
                      0.032871    0.000000    4.004194 ^ input2/A (sg13g2_buf_1)
     2    0.025163    0.168363    0.199667    4.203861 ^ input2/X (sg13g2_buf_1)
                                                         net2 (net)
                      0.168467    0.003602    4.207463 ^ fanout23/A (sg13g2_buf_1)
     8    0.078705    0.501967    0.500603    4.708066 ^ fanout23/X (sg13g2_buf_1)
                                                         net23 (net)
                      0.502485    0.014071    4.722136 ^ _050_/S (sg13g2_mux2_1)
     1    0.002142    0.052830    0.390297    5.112433 v _050_/X (sg13g2_mux2_1)
                                                         _047_ (net)
                      0.052831    0.000083    5.112516 v hold26/A (sg13g2_dlygate4sd3_1)
     1    0.001786    0.053746    0.622509    5.735025 v hold26/X (sg13g2_dlygate4sd3_1)
                                                         net26 (net)
                      0.053746    0.000074    5.735099 v _101_/D (sg13g2_dfrbpq_1)
                                              5.735099   data arrival time

                                 20.000000   20.000000   clock clk (rise edge)
                                  0.000000   20.000000   clock source latency
     1    0.043404    0.090241    0.055898   20.055899 ^ clk (in)
                                                         clk (net)
                      0.091072    0.000000   20.055899 ^ clkbuf_0_clk/A (sg13g2_buf_16)
     4    0.076819    0.050734    0.138003   20.193903 ^ clkbuf_0_clk/X (sg13g2_buf_16)
                                                         clknet_0_clk (net)
                      0.051885    0.005416   20.199318 ^ clkbuf_2_1__f_clk/A (sg13g2_buf_16)
     6    0.030363    0.034046    0.105210   20.304529 ^ clkbuf_2_1__f_clk/X (sg13g2_buf_16)
                                                         clknet_2_1__leaf_clk (net)
                      0.034049    0.000675   20.305202 ^ _101_/CLK (sg13g2_dfrbpq_1)
                                 -0.250000   20.055204   clock uncertainty
                                  0.000000   20.055204   clock reconvergence pessimism
                                 -0.189128   19.866076   library setup time
                                             19.866076   data required time
---------------------------------------------------------------------------------------------
                                             19.866076   data required time
                                             -5.735099   data arrival time
---------------------------------------------------------------------------------------------
                                             14.130976   slack (MET)


Startpoint: done_in (input port clocked by clk)
Endpoint: _102_ (rising edge-triggered flip-flop clocked by clk)
Path Group: clk
Path Type: max

Fanout         Cap        Slew       Delay        Time   Description
---------------------------------------------------------------------------------------------
                                  0.000000    0.000000   clock clk (rise edge)
                                  0.000000    0.000000   clock network delay (propagated)
                                  4.000000    4.000000 ^ input external delay
     1    0.003058    0.032871    0.004194    4.004194 ^ done_in (in)
                                                         done_in (net)
                      0.032871    0.000000    4.004194 ^ input2/A (sg13g2_buf_1)
     2    0.025163    0.168363    0.199667    4.203861 ^ input2/X (sg13g2_buf_1)
                                                         net2 (net)
                      0.168467    0.003602    4.207463 ^ fanout23/A (sg13g2_buf_1)
     8    0.078705    0.501967    0.500603    4.708066 ^ fanout23/X (sg13g2_buf_1)
                                                         net23 (net)
                      0.502258    0.010629    4.718695 ^ _074_/S (sg13g2_mux2_1)
     1    0.002779    0.055511    0.393393    5.112089 v _074_/X (sg13g2_mux2_1)
                                                         _024_ (net)
                      0.055511    0.000190    5.112279 v hold30/A (sg13g2_dlygate4sd3_1)
     1    0.001786    0.053751    0.624071    5.736350 v hold30/X (sg13g2_dlygate4sd3_1)
                                                         net30 (net)
                      0.053751    0.000074    5.736424 v _102_/D (sg13g2_dfrbpq_1)
                                              5.736424   data arrival time

                                 20.000000   20.000000   clock clk (rise edge)
                                  0.000000   20.000000   clock source latency
     1    0.043404    0.090241    0.055898   20.055899 ^ clk (in)
                                                         clk (net)
                      0.091072    0.000000   20.055899 ^ clkbuf_0_clk/A (sg13g2_buf_16)
     4    0.076819    0.050734    0.138003   20.193903 ^ clkbuf_0_clk/X (sg13g2_buf_16)
                                                         clknet_0_clk (net)
                      0.051604    0.004515   20.198418 ^ clkbuf_2_2__f_clk/A (sg13g2_buf_16)
     6    0.037373    0.036455    0.106846   20.305264 ^ clkbuf_2_2__f_clk/X (sg13g2_buf_16)
                                                         clknet_2_2__leaf_clk (net)
                      0.036502    0.002228   20.307491 ^ _102_/CLK (sg13g2_dfrbpq_1)
                                 -0.250000   20.057491   clock uncertainty
                                  0.000000   20.057491   clock reconvergence pessimism
                                 -0.188290   19.869202   library setup time
                                             19.869202   data required time
---------------------------------------------------------------------------------------------
                                             19.869202   data required time
                                             -5.736424   data arrival time
---------------------------------------------------------------------------------------------
                                             14.132778   slack (MET)


Startpoint: done_in (input port clocked by clk)
Endpoint: _107_ (rising edge-triggered flip-flop clocked by clk)
Path Group: clk
Path Type: max

Fanout         Cap        Slew       Delay        Time   Description
---------------------------------------------------------------------------------------------
                                  0.000000    0.000000   clock clk (rise edge)
                                  0.000000    0.000000   clock network delay (propagated)
                                  4.000000    4.000000 ^ input external delay
     1    0.003058    0.032871    0.004194    4.004194 ^ done_in (in)
                                                         done_in (net)
                      0.032871    0.000000    4.004194 ^ input2/A (sg13g2_buf_1)
     2    0.025163    0.168363    0.199667    4.203861 ^ input2/X (sg13g2_buf_1)
                                                         net2 (net)
                      0.168467    0.003614    4.207475 ^ fanout24/A (sg13g2_buf_1)
     5    0.051263    0.330889    0.381409    4.588883 ^ fanout24/X (sg13g2_buf_1)
                                                         net24 (net)
                      0.330941    0.003661    4.592544 ^ _069_/S (sg13g2_mux2_1)
     1    0.003010    0.056447    0.357561    4.950105 v _069_/X (sg13g2_mux2_1)
                                                         _029_ (net)
                      0.056447    0.000117    4.950222 v hold32/A (sg13g2_dlygate4sd3_1)
     1    0.002516    0.057061    0.628891    5.579113 v hold32/X (sg13g2_dlygate4sd3_1)
                                                         net32 (net)
                      0.057061    0.000099    5.579213 v _107_/D (sg13g2_dfrbpq_1)
                                              5.579213   data arrival time

                                 20.000000   20.000000   clock clk (rise edge)
                                  0.000000   20.000000   clock source latency
     1    0.043404    0.090241    0.055898   20.055899 ^ clk (in)
                                                         clk (net)
                      0.091072    0.000000   20.055899 ^ clkbuf_0_clk/A (sg13g2_buf_16)
     4    0.076819    0.050734    0.138003   20.193903 ^ clkbuf_0_clk/X (sg13g2_buf_16)
                                                         clknet_0_clk (net)
                      0.051691    0.004807   20.198709 ^ clkbuf_2_3__f_clk/A (sg13g2_buf_16)
     6    0.025137    0.032242    0.103499   20.302208 ^ clkbuf_2_3__f_clk/X (sg13g2_buf_16)
                                                         clknet_2_3__leaf_clk (net)
                      0.032286    0.002156   20.304365 ^ _107_/CLK (sg13g2_dfrbpq_1)
                                 -0.250000   20.054365   clock uncertainty
                                  0.000000   20.054365   clock reconvergence pessimism
                                 -0.191236   19.863131   library setup time
                                             19.863131   data required time
---------------------------------------------------------------------------------------------
                                             19.863131   data required time
                                             -5.579213   data arrival time
---------------------------------------------------------------------------------------------
                                             14.283917   slack (MET)


Startpoint: done_in (input port clocked by clk)
Endpoint: _118_ (rising edge-triggered flip-flop clocked by clk)
Path Group: clk
Path Type: max

Fanout         Cap        Slew       Delay        Time   Description
---------------------------------------------------------------------------------------------
                                  0.000000    0.000000   clock clk (rise edge)
                                  0.000000    0.000000   clock network delay (propagated)
                                  4.000000    4.000000 v input external delay
     1    0.003000    0.027544    0.003629    4.003629 v done_in (in)
                                                         done_in (net)
                      0.027544    0.000000    4.003629 v input2/A (sg13g2_buf_1)
     2    0.025048    0.137479    0.186118    4.189747 v input2/X (sg13g2_buf_1)
                                                         net2 (net)
                      0.137601    0.003574    4.193321 v fanout23/A (sg13g2_buf_1)
     8    0.077401    0.403035    0.435364    4.628685 v fanout23/X (sg13g2_buf_1)
                                                         net23 (net)
                      0.403072    0.003515    4.632201 v _056_/A (sg13g2_nor2b_1)
     2    0.008998    0.196832    0.253462    4.885663 ^ _056_/Y (sg13g2_nor2b_1)
                                                         _048_ (net)
                      0.196832    0.000584    4.886247 ^ fanout18/A (sg13g2_buf_1)
     4    0.042498    0.276159    0.352545    5.238792 ^ fanout18/X (sg13g2_buf_1)
                                                         net18 (net)
                      0.276266    0.002167    5.240959 ^ _058_/S (sg13g2_mux2_1)
     1    0.001951    0.052404    0.335430    5.576389 v _058_/X (sg13g2_mux2_1)
                                                         _040_ (net)
                      0.052404    0.000080    5.576469 v _118_/D (sg13g2_dfrbpq_1)
                                              5.576469   data arrival time

                                 20.000000   20.000000   clock clk (rise edge)
                                  0.000000   20.000000   clock source latency
     1    0.043404    0.090241    0.055898   20.055899 ^ clk (in)
                                                         clk (net)
                      0.091072    0.000000   20.055899 ^ clkbuf_0_clk/A (sg13g2_buf_16)
     4    0.076819    0.050734    0.138003   20.193903 ^ clkbuf_0_clk/X (sg13g2_buf_16)
                                                         clknet_0_clk (net)
                      0.051691    0.004807   20.198709 ^ clkbuf_2_3__f_clk/A (sg13g2_buf_16)
     6    0.025137    0.032242    0.103499   20.302208 ^ clkbuf_2_3__f_clk/X (sg13g2_buf_16)
                                                         clknet_2_3__leaf_clk (net)
                      0.032261    0.001444   20.303652 ^ _118_/CLK (sg13g2_dfrbpq_1)
                                 -0.250000   20.053654   clock uncertainty
                                  0.000000   20.053654   clock reconvergence pessimism
                                 -0.189134   19.864519   library setup time
                                             19.864519   data required time
---------------------------------------------------------------------------------------------
                                             19.864519   data required time
                                             -5.576469   data arrival time
---------------------------------------------------------------------------------------------
                                             14.288051   slack (MET)


Startpoint: done_in (input port clocked by clk)
Endpoint: _105_ (rising edge-triggered flip-flop clocked by clk)
Path Group: clk
Path Type: max

Fanout         Cap        Slew       Delay        Time   Description
---------------------------------------------------------------------------------------------
                                  0.000000    0.000000   clock clk (rise edge)
                                  0.000000    0.000000   clock network delay (propagated)
                                  4.000000    4.000000 ^ input external delay
     1    0.003058    0.032871    0.004194    4.004194 ^ done_in (in)
                                                         done_in (net)
                      0.032871    0.000000    4.004194 ^ input2/A (sg13g2_buf_1)
     2    0.025163    0.168363    0.199667    4.203861 ^ input2/X (sg13g2_buf_1)
                                                         net2 (net)
                      0.168467    0.003614    4.207475 ^ fanout24/A (sg13g2_buf_1)
     5    0.051263    0.330889    0.381409    4.588883 ^ fanout24/X (sg13g2_buf_1)
                                                         net24 (net)
                      0.331001    0.005349    4.594233 ^ _071_/S (sg13g2_mux2_1)
     1    0.002432    0.053945    0.354702    4.948935 v _071_/X (sg13g2_mux2_1)
                                                         _027_ (net)
                      0.053946    0.000161    4.949096 v hold37/A (sg13g2_dlygate4sd3_1)
     1    0.002100    0.055172    0.625000    5.574096 v hold37/X (sg13g2_dlygate4sd3_1)
                                                         net37 (net)
                      0.055172    0.000083    5.574179 v _105_/D (sg13g2_dfrbpq_1)
                                              5.574179   data arrival time

                                 20.000000   20.000000   clock clk (rise edge)
                                  0.000000   20.000000   clock source latency
     1    0.043404    0.090241    0.055898   20.055899 ^ clk (in)
                                                         clk (net)
                      0.091072    0.000000   20.055899 ^ clkbuf_0_clk/A (sg13g2_buf_16)
     4    0.076819    0.050734    0.138003   20.193903 ^ clkbuf_0_clk/X (sg13g2_buf_16)
                                                         clknet_0_clk (net)
                      0.051691    0.004807   20.198709 ^ clkbuf_2_3__f_clk/A (sg13g2_buf_16)
     6    0.025137    0.032242    0.103499   20.302208 ^ clkbuf_2_3__f_clk/X (sg13g2_buf_16)
                                                         clknet_2_3__leaf_clk (net)
                      0.032260    0.001396   20.303604 ^ _105_/CLK (sg13g2_dfrbpq_1)
                                 -0.250000   20.053606   clock uncertainty
                                  0.000000   20.053606   clock reconvergence pessimism
                                 -0.190389   19.863218   library setup time
                                             19.863218   data required time
---------------------------------------------------------------------------------------------
                                             19.863218   data required time
                                             -5.574179   data arrival time
---------------------------------------------------------------------------------------------
                                             14.289038   slack (MET)


Startpoint: done_in (input port clocked by clk)
Endpoint: _103_ (rising edge-triggered flip-flop clocked by clk)
Path Group: clk
Path Type: max

Fanout         Cap        Slew       Delay        Time   Description
---------------------------------------------------------------------------------------------
                                  0.000000    0.000000   clock clk (rise edge)
                                  0.000000    0.000000   clock network delay (propagated)
                                  4.000000    4.000000 ^ input external delay
     1    0.003058    0.032871    0.004194    4.004194 ^ done_in (in)
                                                         done_in (net)
                      0.032871    0.000000    4.004194 ^ input2/A (sg13g2_buf_1)
     2    0.025163    0.168363    0.199667    4.203861 ^ input2/X (sg13g2_buf_1)
                                                         net2 (net)
                      0.168467    0.003614    4.207475 ^ fanout24/A (sg13g2_buf_1)
     5    0.051263    0.330889    0.381409    4.588883 ^ fanout24/X (sg13g2_buf_1)
                                                         net24 (net)
                      0.331081    0.006956    4.595840 ^ _073_/S (sg13g2_mux2_1)
     1    0.002868    0.055613    0.356890    4.952730 v _073_/X (sg13g2_mux2_1)
                                                         _025_ (net)
                      0.055613    0.000107    4.952837 v hold35/A (sg13g2_dlygate4sd3_1)
     1    0.002042    0.054909    0.625630    5.578467 v hold35/X (sg13g2_dlygate4sd3_1)
                                                         net35 (net)
                      0.054909    0.000082    5.578548 v _103_/D (sg13g2_dfrbpq_1)
                                              5.578548   data arrival time

                                 20.000000   20.000000   clock clk (rise edge)
                                  0.000000   20.000000   clock source latency
     1    0.043404    0.090241    0.055898   20.055899 ^ clk (in)
                                                         clk (net)
                      0.091072    0.000000   20.055899 ^ clkbuf_0_clk/A (sg13g2_buf_16)
     4    0.076819    0.050734    0.138003   20.193903 ^ clkbuf_0_clk/X (sg13g2_buf_16)
                                                         clknet_0_clk (net)
                      0.051604    0.004515   20.198418 ^ clkbuf_2_2__f_clk/A (sg13g2_buf_16)
     6    0.037373    0.036455    0.106846   20.305264 ^ clkbuf_2_2__f_clk/X (sg13g2_buf_16)
                                                         clknet_2_2__leaf_clk (net)
                      0.036481    0.001853   20.307117 ^ _103_/CLK (sg13g2_dfrbpq_1)
                                 -0.250000   20.057117   clock uncertainty
                                  0.000000   20.057117   clock reconvergence pessimism
                                 -0.188822   19.868296   library setup time
                                             19.868296   data required time
---------------------------------------------------------------------------------------------
                                             19.868296   data required time
                                             -5.578548   data arrival time
---------------------------------------------------------------------------------------------
                                             14.289747   slack (MET)


Startpoint: done_in (input port clocked by clk)
Endpoint: _116_ (rising edge-triggered flip-flop clocked by clk)
Path Group: clk
Path Type: max

Fanout         Cap        Slew       Delay        Time   Description
---------------------------------------------------------------------------------------------
                                  0.000000    0.000000   clock clk (rise edge)
                                  0.000000    0.000000   clock network delay (propagated)
                                  4.000000    4.000000 v input external delay
     1    0.003000    0.027544    0.003629    4.003629 v done_in (in)
                                                         done_in (net)
                      0.027544    0.000000    4.003629 v input2/A (sg13g2_buf_1)
     2    0.025048    0.137479    0.186118    4.189747 v input2/X (sg13g2_buf_1)
                                                         net2 (net)
                      0.137601    0.003574    4.193321 v fanout23/A (sg13g2_buf_1)
     8    0.077401    0.403035    0.435364    4.628685 v fanout23/X (sg13g2_buf_1)
                                                         net23 (net)
                      0.403072    0.003515    4.632201 v _056_/A (sg13g2_nor2b_1)
     2    0.008998    0.196832    0.253462    4.885663 ^ _056_/Y (sg13g2_nor2b_1)
                                                         _048_ (net)
                      0.196832    0.000584    4.886247 ^ fanout18/A (sg13g2_buf_1)
     4    0.042498    0.276159    0.352545    5.238792 ^ fanout18/X (sg13g2_buf_1)
                                                         net18 (net)
                      0.276301    0.003460    5.242252 ^ _060_/S (sg13g2_mux2_1)
     1    0.001887    0.052327    0.335128    5.577379 v _060_/X (sg13g2_mux2_1)
                                                         _038_ (net)
                      0.052328    0.000077    5.577456 v _116_/D (sg13g2_dfrbpq_1)
                                              5.577456   data arrival time

                                 20.000000   20.000000   clock clk (rise edge)
                                  0.000000   20.000000   clock source latency
     1    0.043404    0.090241    0.055898   20.055899 ^ clk (in)
                                                         clk (net)
                      0.091072    0.000000   20.055899 ^ clkbuf_0_clk/A (sg13g2_buf_16)
     4    0.076819    0.050734    0.138003   20.193903 ^ clkbuf_0_clk/X (sg13g2_buf_16)
                                                         clknet_0_clk (net)
                      0.051604    0.004515   20.198418 ^ clkbuf_2_2__f_clk/A (sg13g2_buf_16)
     6    0.037373    0.036455    0.106846   20.305264 ^ clkbuf_2_2__f_clk/X (sg13g2_buf_16)
                                                         clknet_2_2__leaf_clk (net)
                      0.036460    0.000810   20.306074 ^ _116_/CLK (sg13g2_dfrbpq_1)
                                 -0.250000   20.056074   clock uncertainty
                                  0.000000   20.056074   clock reconvergence pessimism
                                 -0.187659   19.868416   library setup time
                                             19.868416   data required time
---------------------------------------------------------------------------------------------
                                             19.868416   data required time
                                             -5.577456   data arrival time
---------------------------------------------------------------------------------------------
                                             14.290958   slack (MET)


Startpoint: done_in (input port clocked by clk)
Endpoint: _115_ (rising edge-triggered flip-flop clocked by clk)
Path Group: clk
Path Type: max

Fanout         Cap        Slew       Delay        Time   Description
---------------------------------------------------------------------------------------------
                                  0.000000    0.000000   clock clk (rise edge)
                                  0.000000    0.000000   clock network delay (propagated)
                                  4.000000    4.000000 v input external delay
     1    0.003000    0.027544    0.003629    4.003629 v done_in (in)
                                                         done_in (net)
                      0.027544    0.000000    4.003629 v input2/A (sg13g2_buf_1)
     2    0.025048    0.137479    0.186118    4.189747 v input2/X (sg13g2_buf_1)
                                                         net2 (net)
                      0.137601    0.003574    4.193321 v fanout23/A (sg13g2_buf_1)
     8    0.077401    0.403035    0.435364    4.628685 v fanout23/X (sg13g2_buf_1)
                                                         net23 (net)
                      0.403072    0.003515    4.632201 v _056_/A (sg13g2_nor2b_1)
     2    0.008998    0.196832    0.253462    4.885663 ^ _056_/Y (sg13g2_nor2b_1)
                                                         _048_ (net)
                      0.196832    0.000584    4.886247 ^ fanout18/A (sg13g2_buf_1)
     4    0.042498    0.276159    0.352545    5.238792 ^ fanout18/X (sg13g2_buf_1)
                                                         net18 (net)
                      0.276333    0.004325    5.243117 ^ _061_/S (sg13g2_mux2_1)
     1    0.001892    0.052083    0.335161    5.578279 v _061_/X (sg13g2_mux2_1)
                                                         _037_ (net)
                      0.052083    0.000077    5.578356 v _115_/D (sg13g2_dfrbpq_1)
                                              5.578356   data arrival time

                                 20.000000   20.000000   clock clk (rise edge)
                                  0.000000   20.000000   clock source latency
     1    0.043404    0.090241    0.055898   20.055899 ^ clk (in)
                                                         clk (net)
                      0.091072    0.000000   20.055899 ^ clkbuf_0_clk/A (sg13g2_buf_16)
     4    0.076819    0.050734    0.138003   20.193903 ^ clkbuf_0_clk/X (sg13g2_buf_16)
                                                         clknet_0_clk (net)
                      0.051604    0.004515   20.198418 ^ clkbuf_2_2__f_clk/A (sg13g2_buf_16)
     6    0.037373    0.036455    0.106846   20.305264 ^ clkbuf_2_2__f_clk/X (sg13g2_buf_16)
                                                         clknet_2_2__leaf_clk (net)
                      0.036497    0.002109   20.307373 ^ _115_/CLK (sg13g2_dfrbpq_1)
                                 -0.250000   20.057373   clock uncertainty
                                  0.000000   20.057373   clock reconvergence pessimism
                                 -0.187536   19.869839   library setup time
                                             19.869839   data required time
---------------------------------------------------------------------------------------------
                                             19.869839   data required time
                                             -5.578356   data arrival time
---------------------------------------------------------------------------------------------
                                             14.291482   slack (MET)


Startpoint: done_in (input port clocked by clk)
Endpoint: _104_ (rising edge-triggered flip-flop clocked by clk)
Path Group: clk
Path Type: max

Fanout         Cap        Slew       Delay        Time   Description
---------------------------------------------------------------------------------------------
                                  0.000000    0.000000   clock clk (rise edge)
                                  0.000000    0.000000   clock network delay (propagated)
                                  4.000000    4.000000 ^ input external delay
     1    0.003058    0.032871    0.004194    4.004194 ^ done_in (in)
                                                         done_in (net)
                      0.032871    0.000000    4.004194 ^ input2/A (sg13g2_buf_1)
     2    0.025163    0.168363    0.199667    4.203861 ^ input2/X (sg13g2_buf_1)
                                                         net2 (net)
                      0.168467    0.003614    4.207475 ^ fanout24/A (sg13g2_buf_1)
     5    0.051263    0.330889    0.381409    4.588883 ^ fanout24/X (sg13g2_buf_1)
                                                         net24 (net)
                      0.331043    0.006241    4.595125 ^ _072_/S (sg13g2_mux2_1)
     1    0.002154    0.052651    0.353344    4.948468 v _072_/X (sg13g2_mux2_1)
                                                         _026_ (net)
                      0.052651    0.000083    4.948552 v hold28/A (sg13g2_dlygate4sd3_1)
     1    0.001786    0.053745    0.622404    5.570956 v hold28/X (sg13g2_dlygate4sd3_1)
                                                         net28 (net)
                      0.053745    0.000074    5.571031 v _104_/D (sg13g2_dfrbpq_1)
                                              5.571031   data arrival time

                                 20.000000   20.000000   clock clk (rise edge)
                                  0.000000   20.000000   clock source latency
     1    0.043404    0.090241    0.055898   20.055899 ^ clk (in)
                                                         clk (net)
                      0.091072    0.000000   20.055899 ^ clkbuf_0_clk/A (sg13g2_buf_16)
     4    0.076819    0.050734    0.138003   20.193903 ^ clkbuf_0_clk/X (sg13g2_buf_16)
                                                         clknet_0_clk (net)
                      0.051604    0.004515   20.198418 ^ clkbuf_2_2__f_clk/A (sg13g2_buf_16)
     6    0.037373    0.036455    0.106846   20.305264 ^ clkbuf_2_2__f_clk/X (sg13g2_buf_16)
                                                         clknet_2_2__leaf_clk (net)
                      0.036461    0.000915   20.306179 ^ _104_/CLK (sg13g2_dfrbpq_1)
                                 -0.250000   20.056179   clock uncertainty
                                  0.000000   20.056179   clock reconvergence pessimism
                                 -0.188301   19.867878   library setup time
                                             19.867878   data required time
---------------------------------------------------------------------------------------------
                                             19.867878   data required time
                                             -5.571031   data arrival time
---------------------------------------------------------------------------------------------
                                             14.296848   slack (MET)


Startpoint: reset (input port clocked by clk)
Endpoint: _099_ (recovery check against rising-edge clock clk)
Path Group: asynchronous
Path Type: max

Fanout         Cap        Slew       Delay        Time   Description
---------------------------------------------------------------------------------------------
                                  0.000000    0.000000   clock clk (rise edge)
                                  0.000000    0.000000   clock network delay (propagated)
                                  4.000000    4.000000 v input external delay
     1    0.003776    0.028452    0.004509    4.004509 v reset (in)
                                                         reset (net)
                      0.028452    0.000000    4.004509 v input3/A (sg13g2_buf_1)
     1    0.016350    0.096548    0.151123    4.155632 v input3/X (sg13g2_buf_1)
                                                         net3 (net)
                      0.096584    0.001842    4.157475 v fanout22/A (sg13g2_buf_1)
     4    0.037795    0.202072    0.272884    4.430358 v fanout22/X (sg13g2_buf_1)
                                                         net22 (net)
                      0.202193    0.003235    4.433593 v fanout20/A (sg13g2_buf_1)
     7    0.031167    0.169694    0.289035    4.722629 v fanout20/X (sg13g2_buf_1)
                                                         net20 (net)
                      0.169717    0.002061    4.724689 v fanout19/A (sg13g2_buf_1)
     8    0.037384    0.200592    0.302053    5.026743 v fanout19/X (sg13g2_buf_1)
                                                         net19 (net)
                      0.200615    0.002266    5.029009 v _095_/A (sg13g2_inv_1)
     1    0.007004    0.086249    0.121672    5.150681 ^ _095_/Y (sg13g2_inv_1)
                                                         _021_ (net)
                      0.086251    0.000564    5.151245 ^ _099_/RESET_B (sg13g2_dfrbpq_1)
                                              5.151245   data arrival time

                                 20.000000   20.000000   clock clk (rise edge)
                                  0.000000   20.000000   clock source latency
     1    0.043404    0.090241    0.055898   20.055899 ^ clk (in)
                                                         clk (net)
                      0.091072    0.000000   20.055899 ^ clkbuf_0_clk/A (sg13g2_buf_16)
     4    0.076819    0.050734    0.138003   20.193903 ^ clkbuf_0_clk/X (sg13g2_buf_16)
                                                         clknet_0_clk (net)
                      0.051885    0.005416   20.199318 ^ clkbuf_2_1__f_clk/A (sg13g2_buf_16)
     6    0.030363    0.034046    0.105210   20.304529 ^ clkbuf_2_1__f_clk/X (sg13g2_buf_16)
                                                         clknet_2_1__leaf_clk (net)
                      0.034054    0.001043   20.305571 ^ _099_/CLK (sg13g2_dfrbpq_1)
                                 -0.250000   20.055573   clock uncertainty
                                  0.000000   20.055573   clock reconvergence pessimism
                                 -0.226534   19.829039   library recovery time
                                             19.829039   data required time
---------------------------------------------------------------------------------------------
                                             19.829039   data required time
                                             -5.151245   data arrival time
---------------------------------------------------------------------------------------------
                                             14.677794   slack (MET)


Startpoint: reset (input port clocked by clk)
Endpoint: _098_ (recovery check against rising-edge clock clk)
Path Group: asynchronous
Path Type: max

Fanout         Cap        Slew       Delay        Time   Description
---------------------------------------------------------------------------------------------
                                  0.000000    0.000000   clock clk (rise edge)
                                  0.000000    0.000000   clock network delay (propagated)
                                  4.000000    4.000000 v input external delay
     1    0.003776    0.028452    0.004509    4.004509 v reset (in)
                                                         reset (net)
                      0.028452    0.000000    4.004509 v input3/A (sg13g2_buf_1)
     1    0.016350    0.096548    0.151123    4.155632 v input3/X (sg13g2_buf_1)
                                                         net3 (net)
                      0.096584    0.001842    4.157475 v fanout22/A (sg13g2_buf_1)
     4    0.037795    0.202072    0.272884    4.430358 v fanout22/X (sg13g2_buf_1)
                                                         net22 (net)
                      0.202193    0.003235    4.433593 v fanout20/A (sg13g2_buf_1)
     7    0.031167    0.169694    0.289035    4.722629 v fanout20/X (sg13g2_buf_1)
                                                         net20 (net)
                      0.169717    0.002061    4.724689 v fanout19/A (sg13g2_buf_1)
     8    0.037384    0.200592    0.302053    5.026743 v fanout19/X (sg13g2_buf_1)
                                                         net19 (net)
                      0.200649    0.003366    5.030108 v _094_/A (sg13g2_inv_1)
     1    0.005741    0.079335    0.112829    5.142938 ^ _094_/Y (sg13g2_inv_1)
                                                         _020_ (net)
                      0.079335    0.000245    5.143183 ^ _098_/RESET_B (sg13g2_dfrbpq_1)
                                              5.143183   data arrival time

                                 20.000000   20.000000   clock clk (rise edge)
                                  0.000000   20.000000   clock source latency
     1    0.043404    0.090241    0.055898   20.055899 ^ clk (in)
                                                         clk (net)
                      0.091072    0.000000   20.055899 ^ clkbuf_0_clk/A (sg13g2_buf_16)
     4    0.076819    0.050734    0.138003   20.193903 ^ clkbuf_0_clk/X (sg13g2_buf_16)
                                                         clknet_0_clk (net)
                      0.051885    0.005416   20.199318 ^ clkbuf_2_1__f_clk/A (sg13g2_buf_16)
     6    0.030363    0.034046    0.105210   20.304529 ^ clkbuf_2_1__f_clk/X (sg13g2_buf_16)
                                                         clknet_2_1__leaf_clk (net)
                      0.034056    0.001142   20.305670 ^ _098_/CLK (sg13g2_dfrbpq_1)
                                 -0.250000   20.055672   clock uncertainty
                                  0.000000   20.055672   clock reconvergence pessimism
                                 -0.223812   19.831860   library recovery time
                                             19.831860   data required time
---------------------------------------------------------------------------------------------
                                             19.831860   data required time
                                             -5.143183   data arrival time
---------------------------------------------------------------------------------------------
                                             14.688677   slack (MET)


Startpoint: reset (input port clocked by clk)
Endpoint: _121_ (recovery check against rising-edge clock clk)
Path Group: asynchronous
Path Type: max

Fanout         Cap        Slew       Delay        Time   Description
---------------------------------------------------------------------------------------------
                                  0.000000    0.000000   clock clk (rise edge)
                                  0.000000    0.000000   clock network delay (propagated)
                                  4.000000    4.000000 v input external delay
     1    0.003776    0.028452    0.004509    4.004509 v reset (in)
                                                         reset (net)
                      0.028452    0.000000    4.004509 v input3/A (sg13g2_buf_1)
     1    0.016350    0.096548    0.151123    4.155632 v input3/X (sg13g2_buf_1)
                                                         net3 (net)
                      0.096584    0.001842    4.157475 v fanout22/A (sg13g2_buf_1)
     4    0.037795    0.202072    0.272884    4.430358 v fanout22/X (sg13g2_buf_1)
                                                         net22 (net)
                      0.202193    0.003235    4.433593 v fanout20/A (sg13g2_buf_1)
     7    0.031167    0.169694    0.289035    4.722629 v fanout20/X (sg13g2_buf_1)
                                                         net20 (net)
                      0.169717    0.002061    4.724689 v fanout19/A (sg13g2_buf_1)
     8    0.037384    0.200592    0.302053    5.026743 v fanout19/X (sg13g2_buf_1)
                                                         net19 (net)
                      0.200656    0.003537    5.030280 v _093_/A (sg13g2_inv_1)
     1    0.005642    0.078831    0.112133    5.142412 ^ _093_/Y (sg13g2_inv_1)
                                                         _019_ (net)
                      0.078831    0.000239    5.142652 ^ _121_/RESET_B (sg13g2_dfrbpq_1)
                                              5.142652   data arrival time

                                 20.000000   20.000000   clock clk (rise edge)
                                  0.000000   20.000000   clock source latency
     1    0.043404    0.090241    0.055898   20.055899 ^ clk (in)
                                                         clk (net)
                      0.091072    0.000000   20.055899 ^ clkbuf_0_clk/A (sg13g2_buf_16)
     4    0.076819    0.050734    0.138003   20.193903 ^ clkbuf_0_clk/X (sg13g2_buf_16)
                                                         clknet_0_clk (net)
                      0.051885    0.005416   20.199318 ^ clkbuf_2_1__f_clk/A (sg13g2_buf_16)
     6    0.030363    0.034046    0.105210   20.304529 ^ clkbuf_2_1__f_clk/X (sg13g2_buf_16)
                                                         clknet_2_1__leaf_clk (net)
                      0.034058    0.001291   20.305820 ^ _121_/CLK (sg13g2_dfrbpq_1)
                                 -0.250000   20.055820   clock uncertainty
                                  0.000000   20.055820   clock reconvergence pessimism
                                 -0.223613   19.832207   library recovery time
                                             19.832207   data required time
---------------------------------------------------------------------------------------------
                                             19.832207   data required time
                                             -5.142652   data arrival time
---------------------------------------------------------------------------------------------
                                             14.689556   slack (MET)


Startpoint: reset (input port clocked by clk)
Endpoint: _110_ (recovery check against rising-edge clock clk)
Path Group: asynchronous
Path Type: max

Fanout         Cap        Slew       Delay        Time   Description
---------------------------------------------------------------------------------------------
                                  0.000000    0.000000   clock clk (rise edge)
                                  0.000000    0.000000   clock network delay (propagated)
                                  4.000000    4.000000 v input external delay
     1    0.003776    0.028452    0.004509    4.004509 v reset (in)
                                                         reset (net)
                      0.028452    0.000000    4.004509 v input3/A (sg13g2_buf_1)
     1    0.016350    0.096548    0.151123    4.155632 v input3/X (sg13g2_buf_1)
                                                         net3 (net)
                      0.096584    0.001842    4.157475 v fanout22/A (sg13g2_buf_1)
     4    0.037795    0.202072    0.272884    4.430358 v fanout22/X (sg13g2_buf_1)
                                                         net22 (net)
                      0.202193    0.003235    4.433593 v fanout20/A (sg13g2_buf_1)
     7    0.031167    0.169694    0.289035    4.722629 v fanout20/X (sg13g2_buf_1)
                                                         net20 (net)
                      0.169717    0.002061    4.724689 v fanout19/A (sg13g2_buf_1)
     8    0.037384    0.200592    0.302053    5.026743 v fanout19/X (sg13g2_buf_1)
                                                         net19 (net)
                      0.200631    0.002839    5.029582 v _082_/A (sg13g2_inv_1)
     1    0.005794    0.079611    0.113207    5.142789 ^ _082_/Y (sg13g2_inv_1)
                                                         _008_ (net)
                      0.079611    0.000246    5.143035 ^ _110_/RESET_B (sg13g2_dfrbpq_1)
                                              5.143035   data arrival time

                                 20.000000   20.000000   clock clk (rise edge)
                                  0.000000   20.000000   clock source latency
     1    0.043404    0.090241    0.055898   20.055899 ^ clk (in)
                                                         clk (net)
                      0.091072    0.000000   20.055899 ^ clkbuf_0_clk/A (sg13g2_buf_16)
     4    0.076819    0.050734    0.138003   20.193903 ^ clkbuf_0_clk/X (sg13g2_buf_16)
                                                         clknet_0_clk (net)
                      0.052136    0.006137   20.200039 ^ clkbuf_2_0__f_clk/A (sg13g2_buf_16)
     6    0.035909    0.035970    0.106715   20.306755 ^ clkbuf_2_0__f_clk/X (sg13g2_buf_16)
                                                         clknet_2_0__leaf_clk (net)
                      0.035993    0.001739   20.308493 ^ _110_/CLK (sg13g2_dfrbpq_1)
                                 -0.250000   20.058495   clock uncertainty
                                  0.000000   20.058495   clock reconvergence pessimism
                                 -0.223536   19.834959   library recovery time
                                             19.834959   data required time
---------------------------------------------------------------------------------------------
                                             19.834959   data required time
                                             -5.143035   data arrival time
---------------------------------------------------------------------------------------------
                                             14.691924   slack (MET)


Startpoint: reset (input port clocked by clk)
Endpoint: _120_ (recovery check against rising-edge clock clk)
Path Group: asynchronous
Path Type: max

Fanout         Cap        Slew       Delay        Time   Description
---------------------------------------------------------------------------------------------
                                  0.000000    0.000000   clock clk (rise edge)
                                  0.000000    0.000000   clock network delay (propagated)
                                  4.000000    4.000000 v input external delay
     1    0.003776    0.028452    0.004509    4.004509 v reset (in)
                                                         reset (net)
                      0.028452    0.000000    4.004509 v input3/A (sg13g2_buf_1)
     1    0.016350    0.096548    0.151123    4.155632 v input3/X (sg13g2_buf_1)
                                                         net3 (net)
                      0.096584    0.001842    4.157475 v fanout22/A (sg13g2_buf_1)
     4    0.037795    0.202072    0.272884    4.430358 v fanout22/X (sg13g2_buf_1)
                                                         net22 (net)
                      0.202193    0.003235    4.433593 v fanout20/A (sg13g2_buf_1)
     7    0.031167    0.169694    0.289035    4.722629 v fanout20/X (sg13g2_buf_1)
                                                         net20 (net)
                      0.169717    0.002061    4.724689 v fanout19/A (sg13g2_buf_1)
     8    0.037384    0.200592    0.302053    5.026743 v fanout19/X (sg13g2_buf_1)
                                                         net19 (net)
                      0.200656    0.003517    5.030260 v _092_/A (sg13g2_inv_1)
     1    0.005704    0.079148    0.112572    5.142831 ^ _092_/Y (sg13g2_inv_1)
                                                         _018_ (net)
                      0.079148    0.000242    5.143074 ^ _120_/RESET_B (sg13g2_dfrbpq_1)
                                              5.143074   data arrival time

                                 20.000000   20.000000   clock clk (rise edge)
                                  0.000000   20.000000   clock source latency
     1    0.043404    0.090241    0.055898   20.055899 ^ clk (in)
                                                         clk (net)
                      0.091072    0.000000   20.055899 ^ clkbuf_0_clk/A (sg13g2_buf_16)
     4    0.076819    0.050734    0.138003   20.193903 ^ clkbuf_0_clk/X (sg13g2_buf_16)
                                                         clknet_0_clk (net)
                      0.052136    0.006137   20.200039 ^ clkbuf_2_0__f_clk/A (sg13g2_buf_16)
     6    0.035909    0.035970    0.106715   20.306755 ^ clkbuf_2_0__f_clk/X (sg13g2_buf_16)
                                                         clknet_2_0__leaf_clk (net)
                      0.035998    0.001902   20.308657 ^ _120_/CLK (sg13g2_dfrbpq_1)
                                 -0.250000   20.058657   clock uncertainty
                                  0.000000   20.058657   clock reconvergence pessimism
                                 -0.223352   19.835306   library recovery time
                                             19.835306   data required time
---------------------------------------------------------------------------------------------
                                             19.835306   data required time
                                             -5.143074   data arrival time
---------------------------------------------------------------------------------------------
                                             14.692232   slack (MET)


Startpoint: reset (input port clocked by clk)
Endpoint: _109_ (recovery check against rising-edge clock clk)
Path Group: asynchronous
Path Type: max

Fanout         Cap        Slew       Delay        Time   Description
---------------------------------------------------------------------------------------------
                                  0.000000    0.000000   clock clk (rise edge)
                                  0.000000    0.000000   clock network delay (propagated)
                                  4.000000    4.000000 v input external delay
     1    0.003776    0.028452    0.004509    4.004509 v reset (in)
                                                         reset (net)
                      0.028452    0.000000    4.004509 v input3/A (sg13g2_buf_1)
     1    0.016350    0.096548    0.151123    4.155632 v input3/X (sg13g2_buf_1)
                                                         net3 (net)
                      0.096584    0.001842    4.157475 v fanout22/A (sg13g2_buf_1)
     4    0.037795    0.202072    0.272884    4.430358 v fanout22/X (sg13g2_buf_1)
                                                         net22 (net)
                      0.202193    0.003235    4.433593 v fanout20/A (sg13g2_buf_1)
     7    0.031167    0.169694    0.289035    4.722629 v fanout20/X (sg13g2_buf_1)
                                                         net20 (net)
                      0.169717    0.002061    4.724689 v fanout19/A (sg13g2_buf_1)
     8    0.037384    0.200592    0.302053    5.026743 v fanout19/X (sg13g2_buf_1)
                                                         net19 (net)
                      0.200649    0.003363    5.030106 v _081_/A (sg13g2_inv_1)
     1    0.005661    0.078925    0.112264    5.142369 ^ _081_/Y (sg13g2_inv_1)
                                                         _007_ (net)
                      0.078925    0.000241    5.142610 ^ _109_/RESET_B (sg13g2_dfrbpq_1)
                                              5.142610   data arrival time

                                 20.000000   20.000000   clock clk (rise edge)
                                  0.000000   20.000000   clock source latency
     1    0.043404    0.090241    0.055898   20.055899 ^ clk (in)
                                                         clk (net)
                      0.091072    0.000000   20.055899 ^ clkbuf_0_clk/A (sg13g2_buf_16)
     4    0.076819    0.050734    0.138003   20.193903 ^ clkbuf_0_clk/X (sg13g2_buf_16)
                                                         clknet_0_clk (net)
                      0.052136    0.006137   20.200039 ^ clkbuf_2_0__f_clk/A (sg13g2_buf_16)
     6    0.035909    0.035970    0.106715   20.306755 ^ clkbuf_2_0__f_clk/X (sg13g2_buf_16)
                                                         clknet_2_0__leaf_clk (net)
                      0.035995    0.001821   20.308575 ^ _109_/CLK (sg13g2_dfrbpq_1)
                                 -0.250000   20.058577   clock uncertainty
                                  0.000000   20.058577   clock reconvergence pessimism
                                 -0.223265   19.835310   library recovery time
                                             19.835310   data required time
---------------------------------------------------------------------------------------------
                                             19.835310   data required time
                                             -5.142610   data arrival time
---------------------------------------------------------------------------------------------
                                             14.692700   slack (MET)


Startpoint: reset (input port clocked by clk)
Endpoint: _111_ (recovery check against rising-edge clock clk)
Path Group: asynchronous
Path Type: max

Fanout         Cap        Slew       Delay        Time   Description
---------------------------------------------------------------------------------------------
                                  0.000000    0.000000   clock clk (rise edge)
                                  0.000000    0.000000   clock network delay (propagated)
                                  4.000000    4.000000 v input external delay
     1    0.003776    0.028452    0.004509    4.004509 v reset (in)
                                                         reset (net)
                      0.028452    0.000000    4.004509 v input3/A (sg13g2_buf_1)
     1    0.016350    0.096548    0.151123    4.155632 v input3/X (sg13g2_buf_1)
                                                         net3 (net)
                      0.096584    0.001842    4.157475 v fanout22/A (sg13g2_buf_1)
     4    0.037795    0.202072    0.272884    4.430358 v fanout22/X (sg13g2_buf_1)
                                                         net22 (net)
                      0.202193    0.003235    4.433593 v fanout20/A (sg13g2_buf_1)
     7    0.031167    0.169694    0.289035    4.722629 v fanout20/X (sg13g2_buf_1)
                                                         net20 (net)
                      0.169717    0.002061    4.724689 v fanout19/A (sg13g2_buf_1)
     8    0.037384    0.200592    0.302053    5.026743 v fanout19/X (sg13g2_buf_1)
                                                         net19 (net)
                      0.200614    0.002246    5.028989 v _083_/A (sg13g2_inv_1)
     1    0.005693    0.079082    0.112480    5.141469 ^ _083_/Y (sg13g2_inv_1)
                                                         _009_ (net)
                      0.079082    0.000243    5.141713 ^ _111_/RESET_B (sg13g2_dfrbpq_1)
                                              5.141713   data arrival time

                                 20.000000   20.000000   clock clk (rise edge)
                                  0.000000   20.000000   clock source latency
     1    0.043404    0.090241    0.055898   20.055899 ^ clk (in)
                                                         clk (net)
                      0.091072    0.000000   20.055899 ^ clkbuf_0_clk/A (sg13g2_buf_16)
     4    0.076819    0.050734    0.138003   20.193903 ^ clkbuf_0_clk/X (sg13g2_buf_16)
                                                         clknet_0_clk (net)
                      0.052136    0.006137   20.200039 ^ clkbuf_2_0__f_clk/A (sg13g2_buf_16)
     6    0.035909    0.035970    0.106715   20.306755 ^ clkbuf_2_0__f_clk/X (sg13g2_buf_16)
                                                         clknet_2_0__leaf_clk (net)
                      0.035990    0.001616   20.308371 ^ _111_/CLK (sg13g2_dfrbpq_1)
                                 -0.250000   20.058371   clock uncertainty
                                  0.000000   20.058371   clock reconvergence pessimism
                                 -0.223328   19.835045   library recovery time
                                             19.835045   data required time
---------------------------------------------------------------------------------------------
                                             19.835045   data required time
                                             -5.141713   data arrival time
---------------------------------------------------------------------------------------------
                                             14.693332   slack (MET)


Startpoint: reset (input port clocked by clk)
Endpoint: _112_ (recovery check against rising-edge clock clk)
Path Group: asynchronous
Path Type: max

Fanout         Cap        Slew       Delay        Time   Description
---------------------------------------------------------------------------------------------
                                  0.000000    0.000000   clock clk (rise edge)
                                  0.000000    0.000000   clock network delay (propagated)
                                  4.000000    4.000000 v input external delay
     1    0.003776    0.028452    0.004509    4.004509 v reset (in)
                                                         reset (net)
                      0.028452    0.000000    4.004509 v input3/A (sg13g2_buf_1)
     1    0.016350    0.096548    0.151123    4.155632 v input3/X (sg13g2_buf_1)
                                                         net3 (net)
                      0.096584    0.001842    4.157475 v fanout22/A (sg13g2_buf_1)
     4    0.037795    0.202072    0.272884    4.430358 v fanout22/X (sg13g2_buf_1)
                                                         net22 (net)
                      0.202193    0.003235    4.433593 v fanout20/A (sg13g2_buf_1)
     7    0.031167    0.169694    0.289035    4.722629 v fanout20/X (sg13g2_buf_1)
                                                         net20 (net)
                      0.169717    0.002061    4.724689 v fanout19/A (sg13g2_buf_1)
     8    0.037384    0.200592    0.302053    5.026743 v fanout19/X (sg13g2_buf_1)
                                                         net19 (net)
                      0.200606    0.001886    5.028629 v _084_/A (sg13g2_inv_1)
     1    0.005621    0.078711    0.111966    5.140595 ^ _084_/Y (sg13g2_inv_1)
                                                         _010_ (net)
                      0.078711    0.000241    5.140836 ^ _112_/RESET_B (sg13g2_dfrbpq_1)
                                              5.140836   data arrival time

                                 20.000000   20.000000   clock clk (rise edge)
                                  0.000000   20.000000   clock source latency
     1    0.043404    0.090241    0.055898   20.055899 ^ clk (in)
                                                         clk (net)
                      0.091072    0.000000   20.055899 ^ clkbuf_0_clk/A (sg13g2_buf_16)
     4    0.076819    0.050734    0.138003   20.193903 ^ clkbuf_0_clk/X (sg13g2_buf_16)
                                                         clknet_0_clk (net)
                      0.052136    0.006137   20.200039 ^ clkbuf_2_0__f_clk/A (sg13g2_buf_16)
     6    0.035909    0.035970    0.106715   20.306755 ^ clkbuf_2_0__f_clk/X (sg13g2_buf_16)
                                                         clknet_2_0__leaf_clk (net)
                      0.035993    0.001744   20.308498 ^ _112_/CLK (sg13g2_dfrbpq_1)
                                 -0.250000   20.058500   clock uncertainty
                                  0.000000   20.058500   clock reconvergence pessimism
                                 -0.223181   19.835318   library recovery time
                                             19.835318   data required time
---------------------------------------------------------------------------------------------
                                             19.835318   data required time
                                             -5.140836   data arrival time
---------------------------------------------------------------------------------------------
                                             14.694482   slack (MET)


Startpoint: done_in (input port clocked by clk)
Endpoint: _120_ (rising edge-triggered flip-flop clocked by clk)
Path Group: clk
Path Type: max

Fanout         Cap        Slew       Delay        Time   Description
---------------------------------------------------------------------------------------------
                                  0.000000    0.000000   clock clk (rise edge)
                                  0.000000    0.000000   clock network delay (propagated)
                                  4.000000    4.000000 ^ input external delay
     1    0.003058    0.032871    0.004194    4.004194 ^ done_in (in)
                                                         done_in (net)
                      0.032871    0.000000    4.004194 ^ input2/A (sg13g2_buf_1)
     2    0.025163    0.168363    0.199667    4.203861 ^ input2/X (sg13g2_buf_1)
                                                         net2 (net)
                      0.168467    0.003602    4.207463 ^ fanout23/A (sg13g2_buf_1)
     8    0.078705    0.501967    0.500603    4.708066 ^ fanout23/X (sg13g2_buf_1)
                                                         net23 (net)
                      0.502832    0.018058    4.726124 ^ _055_/S (sg13g2_mux2_1)
     1    0.002606    0.057230    0.392661    5.118784 v _055_/X (sg13g2_mux2_1)
                                                         _042_ (net)
                      0.057230    0.000186    5.118970 v _120_/D (sg13g2_dfrbpq_1)
                                              5.118970   data arrival time

                                 20.000000   20.000000   clock clk (rise edge)
                                  0.000000   20.000000   clock source latency
     1    0.043404    0.090241    0.055898   20.055899 ^ clk (in)
                                                         clk (net)
                      0.091072    0.000000   20.055899 ^ clkbuf_0_clk/A (sg13g2_buf_16)
     4    0.076819    0.050734    0.138003   20.193903 ^ clkbuf_0_clk/X (sg13g2_buf_16)
                                                         clknet_0_clk (net)
                      0.052136    0.006137   20.200039 ^ clkbuf_2_0__f_clk/A (sg13g2_buf_16)
     6    0.035909    0.035970    0.106715   20.306755 ^ clkbuf_2_0__f_clk/X (sg13g2_buf_16)
                                                         clknet_2_0__leaf_clk (net)
                      0.035998    0.001902   20.308657 ^ _120_/CLK (sg13g2_dfrbpq_1)
                                 -0.250000   20.058657   clock uncertainty
                                  0.000000   20.058657   clock reconvergence pessimism
                                 -0.190040   19.868618   library setup time
                                             19.868618   data required time
---------------------------------------------------------------------------------------------
                                             19.868618   data required time
                                             -5.118970   data arrival time
---------------------------------------------------------------------------------------------
                                             14.749647   slack (MET)


Startpoint: _121_ (rising edge-triggered flip-flop clocked by clk)
Endpoint: dout[1] (output port clocked by clk)
Path Group: clk
Path Type: max

Fanout         Cap        Slew       Delay        Time   Description
---------------------------------------------------------------------------------------------
                                  0.000000    0.000000   clock clk (rise edge)
                                  0.000000    0.000000   clock source latency
     1    0.045727    0.093818    0.065056    0.065056 ^ clk (in)
                                                         clk (net)
                      0.094743    0.000000    0.065056 ^ clkbuf_0_clk/A (sg13g2_buf_16)
     4    0.086111    0.054423    0.157242    0.222298 ^ clkbuf_0_clk/X (sg13g2_buf_16)
                                                         clknet_0_clk (net)
                      0.055767    0.006748    0.229046 ^ clkbuf_2_1__f_clk/A (sg13g2_buf_16)
     6    0.032685    0.034978    0.119312    0.348358 ^ clkbuf_2_1__f_clk/X (sg13g2_buf_16)
                                                         clknet_2_1__leaf_clk (net)
                      0.034991    0.001540    0.349898 ^ _121_/CLK (sg13g2_dfrbpq_1)
     2    0.016748    0.117785    0.338264    0.688162 ^ _121_/Q (sg13g2_dfrbpq_1)
                                                         net8 (net)
                      0.117796    0.001271    0.689434 ^ output8/A (sg13g2_buf_1)
     1    0.007809    0.065101    0.162182    0.851615 ^ output8/X (sg13g2_buf_1)
                                                         dout[1] (net)
                      0.065101    0.000227    0.851842 ^ dout[1] (out)
                                              0.851842   data arrival time

                                 20.000000   20.000000   clock clk (rise edge)
                                  0.000000   20.000000   clock network delay (propagated)
                                 -0.250000   19.750002   clock uncertainty
                                  0.000000   19.750002   clock reconvergence pessimism
                                 -4.000000   15.750001   output external delay
                                             15.750001   data required time
---------------------------------------------------------------------------------------------
                                             15.750001   data required time
                                             -0.851842   data arrival time
---------------------------------------------------------------------------------------------
                                             14.898159   slack (MET)


Startpoint: _120_ (rising edge-triggered flip-flop clocked by clk)
Endpoint: dout[0] (output port clocked by clk)
Path Group: clk
Path Type: max

Fanout         Cap        Slew       Delay        Time   Description
---------------------------------------------------------------------------------------------
                                  0.000000    0.000000   clock clk (rise edge)
                                  0.000000    0.000000   clock source latency
     1    0.045727    0.093818    0.065056    0.065056 ^ clk (in)
                                                         clk (net)
                      0.094743    0.000000    0.065056 ^ clkbuf_0_clk/A (sg13g2_buf_16)
     4    0.086111    0.054423    0.157242    0.222298 ^ clkbuf_0_clk/X (sg13g2_buf_16)
                                                         clknet_0_clk (net)
                      0.056083    0.007658    0.229956 ^ clkbuf_2_0__f_clk/A (sg13g2_buf_16)
     6    0.038231    0.036895    0.120987    0.350943 ^ clkbuf_2_0__f_clk/X (sg13g2_buf_16)
                                                         clknet_2_0__leaf_clk (net)
                      0.036927    0.002250    0.353192 ^ _120_/CLK (sg13g2_dfrbpq_1)
     2    0.015899    0.112689    0.335347    0.688539 ^ _120_/Q (sg13g2_dfrbpq_1)
                                                         net5 (net)
                      0.112704    0.001398    0.689937 ^ output5/A (sg13g2_buf_1)
     1    0.007896    0.065443    0.160572    0.850510 ^ output5/X (sg13g2_buf_1)
                                                         dout[0] (net)
                      0.065443    0.000228    0.850738 ^ dout[0] (out)
                                              0.850738   data arrival time

                                 20.000000   20.000000   clock clk (rise edge)
                                  0.000000   20.000000   clock network delay (propagated)
                                 -0.250000   19.750002   clock uncertainty
                                  0.000000   19.750002   clock reconvergence pessimism
                                 -4.000000   15.750001   output external delay
                                             15.750001   data required time
---------------------------------------------------------------------------------------------
                                             15.750001   data required time
                                             -0.850738   data arrival time
---------------------------------------------------------------------------------------------
                                             14.899263   slack (MET)


Startpoint: _098_ (rising edge-triggered flip-flop clocked by clk)
Endpoint: dout[2] (output port clocked by clk)
Path Group: clk
Path Type: max

Fanout         Cap        Slew       Delay        Time   Description
---------------------------------------------------------------------------------------------
                                  0.000000    0.000000   clock clk (rise edge)
                                  0.000000    0.000000   clock source latency
     1    0.045727    0.093818    0.065056    0.065056 ^ clk (in)
                                                         clk (net)
                      0.094743    0.000000    0.065056 ^ clkbuf_0_clk/A (sg13g2_buf_16)
     4    0.086111    0.054423    0.157242    0.222298 ^ clkbuf_0_clk/X (sg13g2_buf_16)
                                                         clknet_0_clk (net)
                      0.055767    0.006748    0.229046 ^ clkbuf_2_1__f_clk/A (sg13g2_buf_16)
     6    0.032685    0.034978    0.119312    0.348358 ^ clkbuf_2_1__f_clk/X (sg13g2_buf_16)
                                                         clknet_2_1__leaf_clk (net)
                      0.034988    0.001371    0.349729 ^ _098_/CLK (sg13g2_dfrbpq_1)
     2    0.015965    0.113085    0.334522    0.684250 ^ _098_/Q (sg13g2_dfrbpq_1)
                                                         net9 (net)
                      0.113096    0.001243    0.685493 ^ output9/A (sg13g2_buf_1)
     1    0.007832    0.065080    0.160420    0.845913 ^ output9/X (sg13g2_buf_1)
                                                         dout[2] (net)
                      0.065080    0.000227    0.846140 ^ dout[2] (out)
                                              0.846140   data arrival time

                                 20.000000   20.000000   clock clk (rise edge)
                                  0.000000   20.000000   clock network delay (propagated)
                                 -0.250000   19.750002   clock uncertainty
                                  0.000000   19.750002   clock reconvergence pessimism
                                 -4.000000   15.750001   output external delay
                                             15.750001   data required time
---------------------------------------------------------------------------------------------
                                             15.750001   data required time
                                             -0.846140   data arrival time
---------------------------------------------------------------------------------------------
                                             14.903860   slack (MET)


Startpoint: reset (input port clocked by clk)
Endpoint: _105_ (recovery check against rising-edge clock clk)
Path Group: asynchronous
Path Type: max

Fanout         Cap        Slew       Delay        Time   Description
---------------------------------------------------------------------------------------------
                                  0.000000    0.000000   clock clk (rise edge)
                                  0.000000    0.000000   clock network delay (propagated)
                                  4.000000    4.000000 v input external delay
     1    0.003776    0.028452    0.004509    4.004509 v reset (in)
                                                         reset (net)
                      0.028452    0.000000    4.004509 v input3/A (sg13g2_buf_1)
     1    0.016350    0.096548    0.151123    4.155632 v input3/X (sg13g2_buf_1)
                                                         net3 (net)
                      0.096584    0.001842    4.157475 v fanout22/A (sg13g2_buf_1)
     4    0.037795    0.202072    0.272884    4.430358 v fanout22/X (sg13g2_buf_1)
                                                         net22 (net)
                      0.202084    0.001752    4.432110 v fanout21/A (sg13g2_buf_1)
     8    0.044931    0.238415    0.342021    4.774130 v fanout21/X (sg13g2_buf_1)
                                                         net21 (net)
                      0.238429    0.002049    4.776179 v _077_/A (sg13g2_inv_1)
     1    0.008251    0.100457    0.140194    4.916373 ^ _077_/Y (sg13g2_inv_1)
                                                         _003_ (net)
                      0.100459    0.000621    4.916994 ^ _105_/RESET_B (sg13g2_dfrbpq_1)
                                              4.916994   data arrival time

                                 20.000000   20.000000   clock clk (rise edge)
                                  0.000000   20.000000   clock source latency
     1    0.043404    0.090241    0.055898   20.055899 ^ clk (in)
                                                         clk (net)
                      0.091072    0.000000   20.055899 ^ clkbuf_0_clk/A (sg13g2_buf_16)
     4    0.076819    0.050734    0.138003   20.193903 ^ clkbuf_0_clk/X (sg13g2_buf_16)
                                                         clknet_0_clk (net)
                      0.051691    0.004807   20.198709 ^ clkbuf_2_3__f_clk/A (sg13g2_buf_16)
     6    0.025137    0.032242    0.103499   20.302208 ^ clkbuf_2_3__f_clk/X (sg13g2_buf_16)
                                                         clknet_2_3__leaf_clk (net)
                      0.032260    0.001396   20.303604 ^ _105_/CLK (sg13g2_dfrbpq_1)
                                 -0.250000   20.053606   clock uncertainty
                                  0.000000   20.053606   clock reconvergence pessimism
                                 -0.232482   19.821123   library recovery time
                                             19.821123   data required time
---------------------------------------------------------------------------------------------
                                             19.821123   data required time
                                             -4.916994   data arrival time
---------------------------------------------------------------------------------------------
                                             14.904130   slack (MET)


Startpoint: done_in (input port clocked by clk)
Endpoint: _106_ (rising edge-triggered flip-flop clocked by clk)
Path Group: clk
Path Type: max

Fanout         Cap        Slew       Delay        Time   Description
---------------------------------------------------------------------------------------------
                                  0.000000    0.000000   clock clk (rise edge)
                                  0.000000    0.000000   clock network delay (propagated)
                                  4.000000    4.000000 ^ input external delay
     1    0.003058    0.032871    0.004194    4.004194 ^ done_in (in)
                                                         done_in (net)
                      0.032871    0.000000    4.004194 ^ input2/A (sg13g2_buf_1)
     2    0.025163    0.168363    0.199667    4.203861 ^ input2/X (sg13g2_buf_1)
                                                         net2 (net)
                      0.168467    0.003614    4.207475 ^ fanout24/A (sg13g2_buf_1)
     5    0.051263    0.330889    0.381409    4.588883 ^ fanout24/X (sg13g2_buf_1)
                                                         net24 (net)
                      0.330983    0.004895    4.593779 ^ _070_/S (sg13g2_mux2_1)
     1    0.002430    0.054646    0.354695    4.948473 v _070_/X (sg13g2_mux2_1)
                                                         _028_ (net)
                      0.054647    0.000099    4.948572 v _106_/D (sg13g2_dfrbpq_1)
                                              4.948572   data arrival time

                                 20.000000   20.000000   clock clk (rise edge)
                                  0.000000   20.000000   clock source latency
     1    0.043404    0.090241    0.055898   20.055899 ^ clk (in)
                                                         clk (net)
                      0.091072    0.000000   20.055899 ^ clkbuf_0_clk/A (sg13g2_buf_16)
     4    0.076819    0.050734    0.138003   20.193903 ^ clkbuf_0_clk/X (sg13g2_buf_16)
                                                         clknet_0_clk (net)
                      0.051691    0.004807   20.198709 ^ clkbuf_2_3__f_clk/A (sg13g2_buf_16)
     6    0.025137    0.032242    0.103499   20.302208 ^ clkbuf_2_3__f_clk/X (sg13g2_buf_16)
                                                         clknet_2_3__leaf_clk (net)
                      0.032280    0.002013   20.304220 ^ _106_/CLK (sg13g2_dfrbpq_1)
                                 -0.250000   20.054222   clock uncertainty
                                  0.000000   20.054222   clock reconvergence pessimism
                                 -0.190144   19.864079   library setup time
                                             19.864079   data required time
---------------------------------------------------------------------------------------------
                                             19.864079   data required time
                                             -4.948572   data arrival time
---------------------------------------------------------------------------------------------
                                             14.915507   slack (MET)


Startpoint: reset (input port clocked by clk)
Endpoint: _107_ (recovery check against rising-edge clock clk)
Path Group: asynchronous
Path Type: max

Fanout         Cap        Slew       Delay        Time   Description
---------------------------------------------------------------------------------------------
                                  0.000000    0.000000   clock clk (rise edge)
                                  0.000000    0.000000   clock network delay (propagated)
                                  4.000000    4.000000 v input external delay
     1    0.003776    0.028452    0.004509    4.004509 v reset (in)
                                                         reset (net)
                      0.028452    0.000000    4.004509 v input3/A (sg13g2_buf_1)
     1    0.016350    0.096548    0.151123    4.155632 v input3/X (sg13g2_buf_1)
                                                         net3 (net)
                      0.096584    0.001842    4.157475 v fanout22/A (sg13g2_buf_1)
     4    0.037795    0.202072    0.272884    4.430358 v fanout22/X (sg13g2_buf_1)
                                                         net22 (net)
                      0.202084    0.001752    4.432110 v fanout21/A (sg13g2_buf_1)
     8    0.044931    0.238415    0.342021    4.774130 v fanout21/X (sg13g2_buf_1)
                                                         net21 (net)
                      0.238429    0.002084    4.776214 v _079_/A (sg13g2_inv_1)
     1    0.007152    0.093829    0.131812    4.908026 ^ _079_/Y (sg13g2_inv_1)
                                                         _005_ (net)
                      0.093830    0.000549    4.908576 ^ _107_/RESET_B (sg13g2_dfrbpq_1)
                                              4.908576   data arrival time

                                 20.000000   20.000000   clock clk (rise edge)
                                  0.000000   20.000000   clock source latency
     1    0.043404    0.090241    0.055898   20.055899 ^ clk (in)
                                                         clk (net)
                      0.091072    0.000000   20.055899 ^ clkbuf_0_clk/A (sg13g2_buf_16)
     4    0.076819    0.050734    0.138003   20.193903 ^ clkbuf_0_clk/X (sg13g2_buf_16)
                                                         clknet_0_clk (net)
                      0.051691    0.004807   20.198709 ^ clkbuf_2_3__f_clk/A (sg13g2_buf_16)
     6    0.025137    0.032242    0.103499   20.302208 ^ clkbuf_2_3__f_clk/X (sg13g2_buf_16)
                                                         clknet_2_3__leaf_clk (net)
                      0.032286    0.002156   20.304365 ^ _107_/CLK (sg13g2_dfrbpq_1)
                                 -0.250000   20.054365   clock uncertainty
                                  0.000000   20.054365   clock reconvergence pessimism
                                 -0.229868   19.824497   library recovery time
                                             19.824497   data required time
---------------------------------------------------------------------------------------------
                                             19.824497   data required time
                                             -4.908576   data arrival time
---------------------------------------------------------------------------------------------
                                             14.915923   slack (MET)


Startpoint: reset (input port clocked by clk)
Endpoint: _117_ (recovery check against rising-edge clock clk)
Path Group: asynchronous
Path Type: max

Fanout         Cap        Slew       Delay        Time   Description
---------------------------------------------------------------------------------------------
                                  0.000000    0.000000   clock clk (rise edge)
                                  0.000000    0.000000   clock network delay (propagated)
                                  4.000000    4.000000 v input external delay
     1    0.003776    0.028452    0.004509    4.004509 v reset (in)
                                                         reset (net)
                      0.028452    0.000000    4.004509 v input3/A (sg13g2_buf_1)
     1    0.016350    0.096548    0.151123    4.155632 v input3/X (sg13g2_buf_1)
                                                         net3 (net)
                      0.096584    0.001842    4.157475 v fanout22/A (sg13g2_buf_1)
     4    0.037795    0.202072    0.272884    4.430358 v fanout22/X (sg13g2_buf_1)
                                                         net22 (net)
                      0.202084    0.001752    4.432110 v fanout21/A (sg13g2_buf_1)
     8    0.044931    0.238415    0.342021    4.774130 v fanout21/X (sg13g2_buf_1)
                                                         net21 (net)
                      0.238439    0.002555    4.776686 v _089_/A (sg13g2_inv_1)
     1    0.006135    0.087985    0.124138    4.900824 ^ _089_/Y (sg13g2_inv_1)
                                                         _015_ (net)
                      0.087985    0.000263    4.901087 ^ _117_/RESET_B (sg13g2_dfrbpq_1)
                                              4.901087   data arrival time

                                 20.000000   20.000000   clock clk (rise edge)
                                  0.000000   20.000000   clock source latency
     1    0.043404    0.090241    0.055898   20.055899 ^ clk (in)
                                                         clk (net)
                      0.091072    0.000000   20.055899 ^ clkbuf_0_clk/A (sg13g2_buf_16)
     4    0.076819    0.050734    0.138003   20.193903 ^ clkbuf_0_clk/X (sg13g2_buf_16)
                                                         clknet_0_clk (net)
                      0.051691    0.004807   20.198709 ^ clkbuf_2_3__f_clk/A (sg13g2_buf_16)
     6    0.025137    0.032242    0.103499   20.302208 ^ clkbuf_2_3__f_clk/X (sg13g2_buf_16)
                                                         clknet_2_3__leaf_clk (net)
                      0.032242    0.000115   20.302324 ^ _117_/CLK (sg13g2_dfrbpq_1)
                                 -0.250000   20.052324   clock uncertainty
                                  0.000000   20.052324   clock reconvergence pessimism
                                 -0.227577   19.824749   library recovery time
                                             19.824749   data required time
---------------------------------------------------------------------------------------------
                                             19.824749   data required time
                                             -4.901087   data arrival time
---------------------------------------------------------------------------------------------
                                             14.923661   slack (MET)


Startpoint: reset (input port clocked by clk)
Endpoint: _115_ (recovery check against rising-edge clock clk)
Path Group: asynchronous
Path Type: max

Fanout         Cap        Slew       Delay        Time   Description
---------------------------------------------------------------------------------------------
                                  0.000000    0.000000   clock clk (rise edge)
                                  0.000000    0.000000   clock network delay (propagated)
                                  4.000000    4.000000 v input external delay
     1    0.003776    0.028452    0.004509    4.004509 v reset (in)
                                                         reset (net)
                      0.028452    0.000000    4.004509 v input3/A (sg13g2_buf_1)
     1    0.016350    0.096548    0.151123    4.155632 v input3/X (sg13g2_buf_1)
                                                         net3 (net)
                      0.096584    0.001842    4.157475 v fanout22/A (sg13g2_buf_1)
     4    0.037795    0.202072    0.272884    4.430358 v fanout22/X (sg13g2_buf_1)
                                                         net22 (net)
                      0.202084    0.001752    4.432110 v fanout21/A (sg13g2_buf_1)
     8    0.044931    0.238415    0.342021    4.774130 v fanout21/X (sg13g2_buf_1)
                                                         net21 (net)
                      0.238459    0.003303    4.777434 v _087_/A (sg13g2_inv_1)
     1    0.006391    0.089426    0.126092    4.903526 ^ _087_/Y (sg13g2_inv_1)
                                                         _013_ (net)
                      0.089426    0.000278    4.903804 ^ _115_/RESET_B (sg13g2_dfrbpq_1)
                                              4.903804   data arrival time

                                 20.000000   20.000000   clock clk (rise edge)
                                  0.000000   20.000000   clock source latency
     1    0.043404    0.090241    0.055898   20.055899 ^ clk (in)
                                                         clk (net)
                      0.091072    0.000000   20.055899 ^ clkbuf_0_clk/A (sg13g2_buf_16)
     4    0.076819    0.050734    0.138003   20.193903 ^ clkbuf_0_clk/X (sg13g2_buf_16)
                                                         clknet_0_clk (net)
                      0.051604    0.004515   20.198418 ^ clkbuf_2_2__f_clk/A (sg13g2_buf_16)
     6    0.037373    0.036455    0.106846   20.305264 ^ clkbuf_2_2__f_clk/X (sg13g2_buf_16)
                                                         clknet_2_2__leaf_clk (net)
                      0.036497    0.002109   20.307373 ^ _115_/CLK (sg13g2_dfrbpq_1)
                                 -0.250000   20.057373   clock uncertainty
                                  0.000000   20.057373   clock reconvergence pessimism
                                 -0.227297   19.830076   library recovery time
                                             19.830076   data required time
---------------------------------------------------------------------------------------------
                                             19.830076   data required time
                                             -4.903804   data arrival time
---------------------------------------------------------------------------------------------
                                             14.926272   slack (MET)


Startpoint: reset (input port clocked by clk)
Endpoint: _106_ (recovery check against rising-edge clock clk)
Path Group: asynchronous
Path Type: max

Fanout         Cap        Slew       Delay        Time   Description
---------------------------------------------------------------------------------------------
                                  0.000000    0.000000   clock clk (rise edge)
                                  0.000000    0.000000   clock network delay (propagated)
                                  4.000000    4.000000 v input external delay
     1    0.003776    0.028452    0.004509    4.004509 v reset (in)
                                                         reset (net)
                      0.028452    0.000000    4.004509 v input3/A (sg13g2_buf_1)
     1    0.016350    0.096548    0.151123    4.155632 v input3/X (sg13g2_buf_1)
                                                         net3 (net)
                      0.096584    0.001842    4.157475 v fanout22/A (sg13g2_buf_1)
     4    0.037795    0.202072    0.272884    4.430358 v fanout22/X (sg13g2_buf_1)
                                                         net22 (net)
                      0.202084    0.001752    4.432110 v fanout21/A (sg13g2_buf_1)
     8    0.044931    0.238415    0.342021    4.774130 v fanout21/X (sg13g2_buf_1)
                                                         net21 (net)
                      0.238429    0.002090    4.776220 v _078_/A (sg13g2_inv_1)
     1    0.005966    0.087071    0.122840    4.899060 ^ _078_/Y (sg13g2_inv_1)
                                                         _004_ (net)
                      0.087071    0.000257    4.899317 ^ _106_/RESET_B (sg13g2_dfrbpq_1)
                                              4.899317   data arrival time

                                 20.000000   20.000000   clock clk (rise edge)
                                  0.000000   20.000000   clock source latency
     1    0.043404    0.090241    0.055898   20.055899 ^ clk (in)
                                                         clk (net)
                      0.091072    0.000000   20.055899 ^ clkbuf_0_clk/A (sg13g2_buf_16)
     4    0.076819    0.050734    0.138003   20.193903 ^ clkbuf_0_clk/X (sg13g2_buf_16)
                                                         clknet_0_clk (net)
                      0.051691    0.004807   20.198709 ^ clkbuf_2_3__f_clk/A (sg13g2_buf_16)
     6    0.025137    0.032242    0.103499   20.302208 ^ clkbuf_2_3__f_clk/X (sg13g2_buf_16)
                                                         clknet_2_3__leaf_clk (net)
                      0.032280    0.002013   20.304220 ^ _106_/CLK (sg13g2_dfrbpq_1)
                                 -0.250000   20.054222   clock uncertainty
                                  0.000000   20.054222   clock reconvergence pessimism
                                 -0.227209   19.827013   library recovery time
                                             19.827013   data required time
---------------------------------------------------------------------------------------------
                                             19.827013   data required time
                                             -4.899317   data arrival time
---------------------------------------------------------------------------------------------
                                             14.927697   slack (MET)


Startpoint: reset (input port clocked by clk)
Endpoint: _104_ (recovery check against rising-edge clock clk)
Path Group: asynchronous
Path Type: max

Fanout         Cap        Slew       Delay        Time   Description
---------------------------------------------------------------------------------------------
                                  0.000000    0.000000   clock clk (rise edge)
                                  0.000000    0.000000   clock network delay (propagated)
                                  4.000000    4.000000 v input external delay
     1    0.003776    0.028452    0.004509    4.004509 v reset (in)
                                                         reset (net)
                      0.028452    0.000000    4.004509 v input3/A (sg13g2_buf_1)
     1    0.016350    0.096548    0.151123    4.155632 v input3/X (sg13g2_buf_1)
                                                         net3 (net)
                      0.096584    0.001842    4.157475 v fanout22/A (sg13g2_buf_1)
     4    0.037795    0.202072    0.272884    4.430358 v fanout22/X (sg13g2_buf_1)
                                                         net22 (net)
                      0.202084    0.001752    4.432110 v fanout21/A (sg13g2_buf_1)
     8    0.044931    0.238415    0.342021    4.774130 v fanout21/X (sg13g2_buf_1)
                                                         net21 (net)
                      0.238443    0.002742    4.776873 v _076_/A (sg13g2_inv_1)
     1    0.005885    0.086638    0.122222    4.899095 ^ _076_/Y (sg13g2_inv_1)
                                                         _002_ (net)
                      0.086638    0.000253    4.899348 ^ _104_/RESET_B (sg13g2_dfrbpq_1)
                                              4.899348   data arrival time

                                 20.000000   20.000000   clock clk (rise edge)
                                  0.000000   20.000000   clock source latency
     1    0.043404    0.090241    0.055898   20.055899 ^ clk (in)
                                                         clk (net)
                      0.091072    0.000000   20.055899 ^ clkbuf_0_clk/A (sg13g2_buf_16)
     4    0.076819    0.050734    0.138003   20.193903 ^ clkbuf_0_clk/X (sg13g2_buf_16)
                                                         clknet_0_clk (net)
                      0.051604    0.004515   20.198418 ^ clkbuf_2_2__f_clk/A (sg13g2_buf_16)
     6    0.037373    0.036455    0.106846   20.305264 ^ clkbuf_2_2__f_clk/X (sg13g2_buf_16)
                                                         clknet_2_2__leaf_clk (net)
                      0.036461    0.000915   20.306179 ^ _104_/CLK (sg13g2_dfrbpq_1)
                                 -0.250000   20.056179   clock uncertainty
                                  0.000000   20.056179   clock reconvergence pessimism
                                 -0.226207   19.829973   library recovery time
                                             19.829973   data required time
---------------------------------------------------------------------------------------------
                                             19.829973   data required time
                                             -4.899348   data arrival time
---------------------------------------------------------------------------------------------
                                             14.930624   slack (MET)


Startpoint: _107_ (rising edge-triggered flip-flop clocked by clk)
Endpoint: dout[11] (output port clocked by clk)
Path Group: clk
Path Type: max

Fanout         Cap        Slew       Delay        Time   Description
---------------------------------------------------------------------------------------------
                                  0.000000    0.000000   clock clk (rise edge)
                                  0.000000    0.000000   clock source latency
     1    0.045727    0.093818    0.065056    0.065056 ^ clk (in)
                                                         clk (net)
                      0.094743    0.000000    0.065056 ^ clkbuf_0_clk/A (sg13g2_buf_16)
     4    0.086111    0.054423    0.157242    0.222298 ^ clkbuf_0_clk/X (sg13g2_buf_16)
                                                         clknet_0_clk (net)
                      0.055527    0.005986    0.228284 ^ clkbuf_2_3__f_clk/A (sg13g2_buf_16)
     6    0.027459    0.033185    0.117375    0.345659 ^ clkbuf_2_3__f_clk/X (sg13g2_buf_16)
                                                         clknet_2_3__leaf_clk (net)
                      0.033237    0.002605    0.348264 ^ _107_/CLK (sg13g2_dfrbpq_1)
     2    0.012634    0.093085    0.317855    0.666119 ^ _107_/Q (sg13g2_dfrbpq_1)
                                                         net7 (net)
                      0.093088    0.000707    0.666826 ^ output7/A (sg13g2_buf_1)
     1    0.007821    0.064405    0.151861    0.818687 ^ output7/X (sg13g2_buf_1)
                                                         dout[11] (net)
                      0.064405    0.000227    0.818914 ^ dout[11] (out)
                                              0.818914   data arrival time

                                 20.000000   20.000000   clock clk (rise edge)
                                  0.000000   20.000000   clock network delay (propagated)
                                 -0.250000   19.750002   clock uncertainty
                                  0.000000   19.750002   clock reconvergence pessimism
                                 -4.000000   15.750001   output external delay
                                             15.750001   data required time
---------------------------------------------------------------------------------------------
                                             15.750001   data required time
                                             -0.818914   data arrival time
---------------------------------------------------------------------------------------------
                                             14.931087   slack (MET)


Startpoint: reset (input port clocked by clk)
Endpoint: _116_ (recovery check against rising-edge clock clk)
Path Group: asynchronous
Path Type: max

Fanout         Cap        Slew       Delay        Time   Description
---------------------------------------------------------------------------------------------
                                  0.000000    0.000000   clock clk (rise edge)
                                  0.000000    0.000000   clock network delay (propagated)
                                  4.000000    4.000000 v input external delay
     1    0.003776    0.028452    0.004509    4.004509 v reset (in)
                                                         reset (net)
                      0.028452    0.000000    4.004509 v input3/A (sg13g2_buf_1)
     1    0.016350    0.096548    0.151123    4.155632 v input3/X (sg13g2_buf_1)
                                                         net3 (net)
                      0.096584    0.001842    4.157475 v fanout22/A (sg13g2_buf_1)
     4    0.037795    0.202072    0.272884    4.430358 v fanout22/X (sg13g2_buf_1)
                                                         net22 (net)
                      0.202084    0.001752    4.432110 v fanout21/A (sg13g2_buf_1)
     8    0.044931    0.238415    0.342021    4.774130 v fanout21/X (sg13g2_buf_1)
                                                         net21 (net)
                      0.238449    0.002951    4.777081 v _088_/A (sg13g2_inv_1)
     1    0.005699    0.085658    0.120803    4.897884 ^ _088_/Y (sg13g2_inv_1)
                                                         _014_ (net)
                      0.085658    0.000241    4.898126 ^ _116_/RESET_B (sg13g2_dfrbpq_1)
                                              4.898126   data arrival time

                                 20.000000   20.000000   clock clk (rise edge)
                                  0.000000   20.000000   clock source latency
     1    0.043404    0.090241    0.055898   20.055899 ^ clk (in)
                                                         clk (net)
                      0.091072    0.000000   20.055899 ^ clkbuf_0_clk/A (sg13g2_buf_16)
     4    0.076819    0.050734    0.138003   20.193903 ^ clkbuf_0_clk/X (sg13g2_buf_16)
                                                         clknet_0_clk (net)
                      0.051604    0.004515   20.198418 ^ clkbuf_2_2__f_clk/A (sg13g2_buf_16)
     6    0.037373    0.036455    0.106846   20.305264 ^ clkbuf_2_2__f_clk/X (sg13g2_buf_16)
                                                         clknet_2_2__leaf_clk (net)
                      0.036460    0.000810   20.306074 ^ _116_/CLK (sg13g2_dfrbpq_1)
                                 -0.250000   20.056074   clock uncertainty
                                  0.000000   20.056074   clock reconvergence pessimism
                                 -0.225822   19.830254   library recovery time
                                             19.830254   data required time
---------------------------------------------------------------------------------------------
                                             19.830254   data required time
                                             -4.898126   data arrival time
---------------------------------------------------------------------------------------------
                                             14.932127   slack (MET)


Startpoint: reset (input port clocked by clk)
Endpoint: _103_ (recovery check against rising-edge clock clk)
Path Group: asynchronous
Path Type: max

Fanout         Cap        Slew       Delay        Time   Description
---------------------------------------------------------------------------------------------
                                  0.000000    0.000000   clock clk (rise edge)
                                  0.000000    0.000000   clock network delay (propagated)
                                  4.000000    4.000000 v input external delay
     1    0.003776    0.028452    0.004509    4.004509 v reset (in)
                                                         reset (net)
                      0.028452    0.000000    4.004509 v input3/A (sg13g2_buf_1)
     1    0.016350    0.096548    0.151123    4.155632 v input3/X (sg13g2_buf_1)
                                                         net3 (net)
                      0.096584    0.001842    4.157475 v fanout22/A (sg13g2_buf_1)
     4    0.037795    0.202072    0.272884    4.430358 v fanout22/X (sg13g2_buf_1)
                                                         net22 (net)
                      0.202084    0.001752    4.432110 v fanout21/A (sg13g2_buf_1)
     8    0.044931    0.238415    0.342021    4.774130 v fanout21/X (sg13g2_buf_1)
                                                         net21 (net)
                      0.238456    0.003181    4.777312 v _075_/A (sg13g2_inv_1)
     1    0.005701    0.085670    0.120820    4.898132 ^ _075_/Y (sg13g2_inv_1)
                                                         _001_ (net)
                      0.085670    0.000244    4.898376 ^ _103_/RESET_B (sg13g2_dfrbpq_1)
                                              4.898376   data arrival time

                                 20.000000   20.000000   clock clk (rise edge)
                                  0.000000   20.000000   clock source latency
     1    0.043404    0.090241    0.055898   20.055899 ^ clk (in)
                                                         clk (net)
                      0.091072    0.000000   20.055899 ^ clkbuf_0_clk/A (sg13g2_buf_16)
     4    0.076819    0.050734    0.138003   20.193903 ^ clkbuf_0_clk/X (sg13g2_buf_16)
                                                         clknet_0_clk (net)
                      0.051604    0.004515   20.198418 ^ clkbuf_2_2__f_clk/A (sg13g2_buf_16)
     6    0.037373    0.036455    0.106846   20.305264 ^ clkbuf_2_2__f_clk/X (sg13g2_buf_16)
                                                         clknet_2_2__leaf_clk (net)
                      0.036481    0.001853   20.307117 ^ _103_/CLK (sg13g2_dfrbpq_1)
                                 -0.250000   20.057117   clock uncertainty
                                  0.000000   20.057117   clock reconvergence pessimism
                                 -0.225823   19.831295   library recovery time
                                             19.831295   data required time
---------------------------------------------------------------------------------------------
                                             19.831295   data required time
                                             -4.898376   data arrival time
---------------------------------------------------------------------------------------------
                                             14.932920   slack (MET)


Startpoint: _099_ (rising edge-triggered flip-flop clocked by clk)
Endpoint: dout[3] (output port clocked by clk)
Path Group: clk
Path Type: max

Fanout         Cap        Slew       Delay        Time   Description
---------------------------------------------------------------------------------------------
                                  0.000000    0.000000   clock clk (rise edge)
                                  0.000000    0.000000   clock source latency
     1    0.045727    0.093818    0.065056    0.065056 ^ clk (in)
                                                         clk (net)
                      0.094743    0.000000    0.065056 ^ clkbuf_0_clk/A (sg13g2_buf_16)
     4    0.086111    0.054423    0.157242    0.222298 ^ clkbuf_0_clk/X (sg13g2_buf_16)
                                                         clknet_0_clk (net)
                      0.055767    0.006748    0.229046 ^ clkbuf_2_1__f_clk/A (sg13g2_buf_16)
     6    0.032685    0.034978    0.119312    0.348358 ^ clkbuf_2_1__f_clk/X (sg13g2_buf_16)
                                                         clknet_2_1__leaf_clk (net)
                      0.034987    0.001252    0.349610 ^ _099_/CLK (sg13g2_dfrbpq_1)
     2    0.011507    0.086408    0.313403    0.663014 ^ _099_/Q (sg13g2_dfrbpq_1)
                                                         net10 (net)
                      0.086414    0.000794    0.663807 ^ output10/A (sg13g2_buf_1)
     1    0.007773    0.063980    0.147947    0.811754 ^ output10/X (sg13g2_buf_1)
                                                         dout[3] (net)
                      0.063980    0.000223    0.811976 ^ dout[3] (out)
                                              0.811976   data arrival time

                                 20.000000   20.000000   clock clk (rise edge)
                                  0.000000   20.000000   clock network delay (propagated)
                                 -0.250000   19.750002   clock uncertainty
                                  0.000000   19.750002   clock reconvergence pessimism
                                 -4.000000   15.750001   output external delay
                                             15.750001   data required time
---------------------------------------------------------------------------------------------
                                             15.750001   data required time
                                             -0.811976   data arrival time
---------------------------------------------------------------------------------------------
                                             14.938025   slack (MET)


Startpoint: _101_ (rising edge-triggered flip-flop clocked by clk)
Endpoint: dout[5] (output port clocked by clk)
Path Group: clk
Path Type: max

Fanout         Cap        Slew       Delay        Time   Description
---------------------------------------------------------------------------------------------
                                  0.000000    0.000000   clock clk (rise edge)
                                  0.000000    0.000000   clock source latency
     1    0.045727    0.093818    0.065056    0.065056 ^ clk (in)
                                                         clk (net)
                      0.094743    0.000000    0.065056 ^ clkbuf_0_clk/A (sg13g2_buf_16)
     4    0.086111    0.054423    0.157242    0.222298 ^ clkbuf_0_clk/X (sg13g2_buf_16)
                                                         clknet_0_clk (net)
                      0.055767    0.006748    0.229046 ^ clkbuf_2_1__f_clk/A (sg13g2_buf_16)
     6    0.032685    0.034978    0.119312    0.348358 ^ clkbuf_2_1__f_clk/X (sg13g2_buf_16)
                                                         clknet_2_1__leaf_clk (net)
                      0.034981    0.000806    0.349164 ^ _101_/CLK (sg13g2_dfrbpq_1)
     2    0.006462    0.056739    0.289450    0.638614 ^ _101_/Q (sg13g2_dfrbpq_1)
                                                         net12 (net)
                      0.056775    0.000453    0.639067 ^ output12/A (sg13g2_buf_1)
     1    0.009179    0.071772    0.138299    0.777366 ^ output12/X (sg13g2_buf_1)
                                                         dout[5] (net)
                      0.071772    0.000293    0.777659 ^ dout[5] (out)
                                              0.777659   data arrival time

                                 20.000000   20.000000   clock clk (rise edge)
                                  0.000000   20.000000   clock network delay (propagated)
                                 -0.250000   19.750002   clock uncertainty
                                  0.000000   19.750002   clock reconvergence pessimism
                                 -4.000000   15.750001   output external delay
                                             15.750001   data required time
---------------------------------------------------------------------------------------------
                                             15.750001   data required time
                                             -0.777659   data arrival time
---------------------------------------------------------------------------------------------
                                             14.972342   slack (MET)


Startpoint: _104_ (rising edge-triggered flip-flop clocked by clk)
Endpoint: dout[8] (output port clocked by clk)
Path Group: clk
Path Type: max

Fanout         Cap        Slew       Delay        Time   Description
---------------------------------------------------------------------------------------------
                                  0.000000    0.000000   clock clk (rise edge)
                                  0.000000    0.000000   clock source latency
     1    0.045727    0.093818    0.065056    0.065056 ^ clk (in)
                                                         clk (net)
                      0.094743    0.000000    0.065056 ^ clkbuf_0_clk/A (sg13g2_buf_16)
     4    0.086111    0.054423    0.157242    0.222298 ^ clkbuf_0_clk/X (sg13g2_buf_16)
                                                         clknet_0_clk (net)
                      0.055418    0.005620    0.227918 ^ clkbuf_2_2__f_clk/A (sg13g2_buf_16)
     6    0.039695    0.037375    0.121061    0.348979 ^ clkbuf_2_2__f_clk/X (sg13g2_buf_16)
                                                         clknet_2_2__leaf_clk (net)
                      0.037382    0.001086    0.350065 ^ _104_/CLK (sg13g2_dfrbpq_1)
     2    0.006403    0.056413    0.290636    0.640701 ^ _104_/Q (sg13g2_dfrbpq_1)
                                                         net15 (net)
                      0.056449    0.000371    0.641072 ^ output15/A (sg13g2_buf_1)
     1    0.008086    0.065216    0.132900    0.773972 ^ output15/X (sg13g2_buf_1)
                                                         dout[8] (net)
                      0.065216    0.000238    0.774210 ^ dout[8] (out)
                                              0.774210   data arrival time

                                 20.000000   20.000000   clock clk (rise edge)
                                  0.000000   20.000000   clock network delay (propagated)
                                 -0.250000   19.750002   clock uncertainty
                                  0.000000   19.750002   clock reconvergence pessimism
                                 -4.000000   15.750001   output external delay
                                             15.750001   data required time
---------------------------------------------------------------------------------------------
                                             15.750001   data required time
                                             -0.774210   data arrival time
---------------------------------------------------------------------------------------------
                                             14.975790   slack (MET)


Startpoint: _106_ (rising edge-triggered flip-flop clocked by clk)
Endpoint: dout[10] (output port clocked by clk)
Path Group: clk
Path Type: max

Fanout         Cap        Slew       Delay        Time   Description
---------------------------------------------------------------------------------------------
                                  0.000000    0.000000   clock clk (rise edge)
                                  0.000000    0.000000   clock source latency
     1    0.045727    0.093818    0.065056    0.065056 ^ clk (in)
                                                         clk (net)
                      0.094743    0.000000    0.065056 ^ clkbuf_0_clk/A (sg13g2_buf_16)
     4    0.086111    0.054423    0.157242    0.222298 ^ clkbuf_0_clk/X (sg13g2_buf_16)
                                                         clknet_0_clk (net)
                      0.055527    0.005986    0.228284 ^ clkbuf_2_3__f_clk/A (sg13g2_buf_16)
     6    0.027459    0.033185    0.117375    0.345659 ^ clkbuf_2_3__f_clk/X (sg13g2_buf_16)
                                                         clknet_2_3__leaf_clk (net)
                      0.033230    0.002430    0.348088 ^ _106_/CLK (sg13g2_dfrbpq_1)
     2    0.006713    0.058216    0.289629    0.637717 ^ _106_/Q (sg13g2_dfrbpq_1)
                                                         net6 (net)
                      0.058218    0.000437    0.638154 ^ output6/A (sg13g2_buf_1)
     1    0.007823    0.063685    0.132620    0.770774 ^ output6/X (sg13g2_buf_1)
                                                         dout[10] (net)
                      0.063685    0.000227    0.771001 ^ dout[10] (out)
                                              0.771001   data arrival time

                                 20.000000   20.000000   clock clk (rise edge)
                                  0.000000   20.000000   clock network delay (propagated)
                                 -0.250000   19.750002   clock uncertainty
                                  0.000000   19.750002   clock reconvergence pessimism
                                 -4.000000   15.750001   output external delay
                                             15.750001   data required time
---------------------------------------------------------------------------------------------
                                             15.750001   data required time
                                             -0.771001   data arrival time
---------------------------------------------------------------------------------------------
                                             14.979000   slack (MET)


Startpoint: _102_ (rising edge-triggered flip-flop clocked by clk)
Endpoint: dout[6] (output port clocked by clk)
Path Group: clk
Path Type: max

Fanout         Cap        Slew       Delay        Time   Description
---------------------------------------------------------------------------------------------
                                  0.000000    0.000000   clock clk (rise edge)
                                  0.000000    0.000000   clock source latency
     1    0.045727    0.093818    0.065056    0.065056 ^ clk (in)
                                                         clk (net)
                      0.094743    0.000000    0.065056 ^ clkbuf_0_clk/A (sg13g2_buf_16)
     4    0.086111    0.054423    0.157242    0.222298 ^ clkbuf_0_clk/X (sg13g2_buf_16)
                                                         clknet_0_clk (net)
                      0.055418    0.005620    0.227918 ^ clkbuf_2_2__f_clk/A (sg13g2_buf_16)
     6    0.039695    0.037375    0.121061    0.348979 ^ clkbuf_2_2__f_clk/X (sg13g2_buf_16)
                                                         clknet_2_2__leaf_clk (net)
                      0.037428    0.002613    0.351592 ^ _102_/CLK (sg13g2_dfrbpq_1)
     2    0.004729    0.047037    0.282698    0.634290 ^ _102_/Q (sg13g2_dfrbpq_1)
                                                         net13 (net)
                      0.047037    0.000271    0.634561 ^ output13/A (sg13g2_buf_1)
     1    0.008581    0.067989    0.130064    0.764625 ^ output13/X (sg13g2_buf_1)
                                                         dout[6] (net)
                      0.067989    0.000268    0.764893 ^ dout[6] (out)
                                              0.764893   data arrival time

                                 20.000000   20.000000   clock clk (rise edge)
                                  0.000000   20.000000   clock network delay (propagated)
                                 -0.250000   19.750002   clock uncertainty
                                  0.000000   19.750002   clock reconvergence pessimism
                                 -4.000000   15.750001   output external delay
                                             15.750001   data required time
---------------------------------------------------------------------------------------------
                                             15.750001   data required time
                                             -0.764893   data arrival time
---------------------------------------------------------------------------------------------
                                             14.985108   slack (MET)


Startpoint: _100_ (rising edge-triggered flip-flop clocked by clk)
Endpoint: dout[4] (output port clocked by clk)
Path Group: clk
Path Type: max

Fanout         Cap        Slew       Delay        Time   Description
---------------------------------------------------------------------------------------------
                                  0.000000    0.000000   clock clk (rise edge)
                                  0.000000    0.000000   clock source latency
     1    0.045727    0.093818    0.065056    0.065056 ^ clk (in)
                                                         clk (net)
                      0.094743    0.000000    0.065056 ^ clkbuf_0_clk/A (sg13g2_buf_16)
     4    0.086111    0.054423    0.157242    0.222298 ^ clkbuf_0_clk/X (sg13g2_buf_16)
                                                         clknet_0_clk (net)
                      0.055767    0.006748    0.229046 ^ clkbuf_2_1__f_clk/A (sg13g2_buf_16)
     6    0.032685    0.034978    0.119312    0.348358 ^ clkbuf_2_1__f_clk/X (sg13g2_buf_16)
                                                         clknet_2_1__leaf_clk (net)
                      0.034984    0.001075    0.349433 ^ _100_/CLK (sg13g2_dfrbpq_1)
     2    0.004986    0.048434    0.282446    0.631880 ^ _100_/Q (sg13g2_dfrbpq_1)
                                                         net11 (net)
                      0.048434    0.000327    0.632207 ^ output11/A (sg13g2_buf_1)
     1    0.008244    0.065927    0.129067    0.761274 ^ output11/X (sg13g2_buf_1)
                                                         dout[4] (net)
                      0.065930    0.000572    0.761846 ^ dout[4] (out)
                                              0.761846   data arrival time

                                 20.000000   20.000000   clock clk (rise edge)
                                  0.000000   20.000000   clock network delay (propagated)
                                 -0.250000   19.750002   clock uncertainty
                                  0.000000   19.750002   clock reconvergence pessimism
                                 -4.000000   15.750001   output external delay
                                             15.750001   data required time
---------------------------------------------------------------------------------------------
                                             15.750001   data required time
                                             -0.761846   data arrival time
---------------------------------------------------------------------------------------------
                                             14.988155   slack (MET)


Startpoint: _103_ (rising edge-triggered flip-flop clocked by clk)
Endpoint: dout[7] (output port clocked by clk)
Path Group: clk
Path Type: max

Fanout         Cap        Slew       Delay        Time   Description
---------------------------------------------------------------------------------------------
                                  0.000000    0.000000   clock clk (rise edge)
                                  0.000000    0.000000   clock source latency
     1    0.045727    0.093818    0.065056    0.065056 ^ clk (in)
                                                         clk (net)
                      0.094743    0.000000    0.065056 ^ clkbuf_0_clk/A (sg13g2_buf_16)
     4    0.086111    0.054423    0.157242    0.222298 ^ clkbuf_0_clk/X (sg13g2_buf_16)
                                                         clknet_0_clk (net)
                      0.055418    0.005620    0.227918 ^ clkbuf_2_2__f_clk/A (sg13g2_buf_16)
     6    0.039695    0.037375    0.121061    0.348979 ^ clkbuf_2_2__f_clk/X (sg13g2_buf_16)
                                                         clknet_2_2__leaf_clk (net)
                      0.037410    0.002174    0.351153 ^ _103_/CLK (sg13g2_dfrbpq_1)
     2    0.004530    0.045959    0.281780    0.632932 ^ _103_/Q (sg13g2_dfrbpq_1)
                                                         net14 (net)
                      0.045959    0.000106    0.633039 ^ output14/A (sg13g2_buf_1)
     1    0.008213    0.065763    0.127711    0.760750 ^ output14/X (sg13g2_buf_1)
                                                         dout[7] (net)
                      0.065763    0.000253    0.761003 ^ dout[7] (out)
                                              0.761003   data arrival time

                                 20.000000   20.000000   clock clk (rise edge)
                                  0.000000   20.000000   clock network delay (propagated)
                                 -0.250000   19.750002   clock uncertainty
                                  0.000000   19.750002   clock reconvergence pessimism
                                 -4.000000   15.750001   output external delay
                                             15.750001   data required time
---------------------------------------------------------------------------------------------
                                             15.750001   data required time
                                             -0.761003   data arrival time
---------------------------------------------------------------------------------------------
                                             14.988997   slack (MET)


Startpoint: _105_ (rising edge-triggered flip-flop clocked by clk)
Endpoint: dout[9] (output port clocked by clk)
Path Group: clk
Path Type: max

Fanout         Cap        Slew       Delay        Time   Description
---------------------------------------------------------------------------------------------
                                  0.000000    0.000000   clock clk (rise edge)
                                  0.000000    0.000000   clock source latency
     1    0.045727    0.093818    0.065056    0.065056 ^ clk (in)
                                                         clk (net)
                      0.094743    0.000000    0.065056 ^ clkbuf_0_clk/A (sg13g2_buf_16)
     4    0.086111    0.054423    0.157242    0.222298 ^ clkbuf_0_clk/X (sg13g2_buf_16)
                                                         clknet_0_clk (net)
                      0.055527    0.005986    0.228284 ^ clkbuf_2_3__f_clk/A (sg13g2_buf_16)
     6    0.027459    0.033185    0.117375    0.345659 ^ clkbuf_2_3__f_clk/X (sg13g2_buf_16)
                                                         clknet_2_3__leaf_clk (net)
                      0.033206    0.001689    0.347347 ^ _105_/CLK (sg13g2_dfrbpq_1)
     2    0.005053    0.048799    0.281709    0.629057 ^ _105_/Q (sg13g2_dfrbpq_1)
                                                         net16 (net)
                      0.048800    0.000324    0.629381 ^ output16/A (sg13g2_buf_1)
     1    0.007822    0.063481    0.127415    0.756797 ^ output16/X (sg13g2_buf_1)
                                                         dout[9] (net)
                      0.063481    0.000226    0.757023 ^ dout[9] (out)
                                              0.757023   data arrival time

                                 20.000000   20.000000   clock clk (rise edge)
                                  0.000000   20.000000   clock network delay (propagated)
                                 -0.250000   19.750002   clock uncertainty
                                  0.000000   19.750002   clock reconvergence pessimism
                                 -4.000000   15.750001   output external delay
                                             15.750001   data required time
---------------------------------------------------------------------------------------------
                                             15.750001   data required time
                                             -0.757023   data arrival time
---------------------------------------------------------------------------------------------
                                             14.992978   slack (MET)


Startpoint: reset (input port clocked by clk)
Endpoint: _100_ (recovery check against rising-edge clock clk)
Path Group: asynchronous
Path Type: max

Fanout         Cap        Slew       Delay        Time   Description
---------------------------------------------------------------------------------------------
                                  0.000000    0.000000   clock clk (rise edge)
                                  0.000000    0.000000   clock network delay (propagated)
                                  4.000000    4.000000 v input external delay
     1    0.003776    0.028452    0.004509    4.004509 v reset (in)
                                                         reset (net)
                      0.028452    0.000000    4.004509 v input3/A (sg13g2_buf_1)
     1    0.016350    0.096548    0.151123    4.155632 v input3/X (sg13g2_buf_1)
                                                         net3 (net)
                      0.096584    0.001842    4.157475 v fanout22/A (sg13g2_buf_1)
     4    0.037795    0.202072    0.272884    4.430358 v fanout22/X (sg13g2_buf_1)
                                                         net22 (net)
                      0.202193    0.003235    4.433593 v fanout20/A (sg13g2_buf_1)
     7    0.031167    0.169694    0.289035    4.722629 v fanout20/X (sg13g2_buf_1)
                                                         net20 (net)
                      0.169717    0.002091    4.724720 v _096_/A (sg13g2_inv_1)
     1    0.006202    0.076281    0.108681    4.833400 ^ _096_/Y (sg13g2_inv_1)
                                                         _022_ (net)
                      0.076283    0.000508    4.833908 ^ _100_/RESET_B (sg13g2_dfrbpq_1)
                                              4.833908   data arrival time

                                 20.000000   20.000000   clock clk (rise edge)
                                  0.000000   20.000000   clock source latency
     1    0.043404    0.090241    0.055898   20.055899 ^ clk (in)
                                                         clk (net)
                      0.091072    0.000000   20.055899 ^ clkbuf_0_clk/A (sg13g2_buf_16)
     4    0.076819    0.050734    0.138003   20.193903 ^ clkbuf_0_clk/X (sg13g2_buf_16)
                                                         clknet_0_clk (net)
                      0.051885    0.005416   20.199318 ^ clkbuf_2_1__f_clk/A (sg13g2_buf_16)
     6    0.030363    0.034046    0.105210   20.304529 ^ clkbuf_2_1__f_clk/X (sg13g2_buf_16)
                                                         clknet_2_1__leaf_clk (net)
                      0.034052    0.000894   20.305422 ^ _100_/CLK (sg13g2_dfrbpq_1)
                                 -0.250000   20.055422   clock uncertainty
                                  0.000000   20.055422   clock reconvergence pessimism
                                 -0.222611   19.832811   library recovery time
                                             19.832811   data required time
---------------------------------------------------------------------------------------------
                                             19.832811   data required time
                                             -4.833908   data arrival time
---------------------------------------------------------------------------------------------
                                             14.998904   slack (MET)


Startpoint: reset (input port clocked by clk)
Endpoint: _101_ (recovery check against rising-edge clock clk)
Path Group: asynchronous
Path Type: max

Fanout         Cap        Slew       Delay        Time   Description
---------------------------------------------------------------------------------------------
                                  0.000000    0.000000   clock clk (rise edge)
                                  0.000000    0.000000   clock network delay (propagated)
                                  4.000000    4.000000 v input external delay
     1    0.003776    0.028452    0.004509    4.004509 v reset (in)
                                                         reset (net)
                      0.028452    0.000000    4.004509 v input3/A (sg13g2_buf_1)
     1    0.016350    0.096548    0.151123    4.155632 v input3/X (sg13g2_buf_1)
                                                         net3 (net)
                      0.096584    0.001842    4.157475 v fanout22/A (sg13g2_buf_1)
     4    0.037795    0.202072    0.272884    4.430358 v fanout22/X (sg13g2_buf_1)
                                                         net22 (net)
                      0.202193    0.003235    4.433593 v fanout20/A (sg13g2_buf_1)
     7    0.031167    0.169694    0.289035    4.722629 v fanout20/X (sg13g2_buf_1)
                                                         net20 (net)
                      0.169713    0.001914    4.724542 v _097_/A (sg13g2_inv_1)
     1    0.006058    0.075501    0.107826    4.832368 ^ _097_/Y (sg13g2_inv_1)
                                                         _023_ (net)
                      0.075501    0.000262    4.832631 ^ _101_/RESET_B (sg13g2_dfrbpq_1)
                                              4.832631   data arrival time

                                 20.000000   20.000000   clock clk (rise edge)
                                  0.000000   20.000000   clock source latency
     1    0.043404    0.090241    0.055898   20.055899 ^ clk (in)
                                                         clk (net)
                      0.091072    0.000000   20.055899 ^ clkbuf_0_clk/A (sg13g2_buf_16)
     4    0.076819    0.050734    0.138003   20.193903 ^ clkbuf_0_clk/X (sg13g2_buf_16)
                                                         clknet_0_clk (net)
                      0.051885    0.005416   20.199318 ^ clkbuf_2_1__f_clk/A (sg13g2_buf_16)
     6    0.030363    0.034046    0.105210   20.304529 ^ clkbuf_2_1__f_clk/X (sg13g2_buf_16)
                                                         clknet_2_1__leaf_clk (net)
                      0.034049    0.000675   20.305202 ^ _101_/CLK (sg13g2_dfrbpq_1)
                                 -0.250000   20.055204   clock uncertainty
                                  0.000000   20.055204   clock reconvergence pessimism
                                 -0.222304   19.832901   library recovery time
                                             19.832901   data required time
---------------------------------------------------------------------------------------------
                                             19.832901   data required time
                                             -4.832631   data arrival time
---------------------------------------------------------------------------------------------
                                             15.000270   slack (MET)


Startpoint: reset (input port clocked by clk)
Endpoint: _102_ (recovery check against rising-edge clock clk)
Path Group: asynchronous
Path Type: max

Fanout         Cap        Slew       Delay        Time   Description
---------------------------------------------------------------------------------------------
                                  0.000000    0.000000   clock clk (rise edge)
                                  0.000000    0.000000   clock network delay (propagated)
                                  4.000000    4.000000 v input external delay
     1    0.003776    0.028452    0.004509    4.004509 v reset (in)
                                                         reset (net)
                      0.028452    0.000000    4.004509 v input3/A (sg13g2_buf_1)
     1    0.016350    0.096548    0.151123    4.155632 v input3/X (sg13g2_buf_1)
                                                         net3 (net)
                      0.096584    0.001842    4.157475 v fanout22/A (sg13g2_buf_1)
     4    0.037795    0.202072    0.272884    4.430358 v fanout22/X (sg13g2_buf_1)
                                                         net22 (net)
                      0.202193    0.003235    4.433593 v fanout20/A (sg13g2_buf_1)
     7    0.031167    0.169694    0.289035    4.722629 v fanout20/X (sg13g2_buf_1)
                                                         net20 (net)
                      0.169695    0.000746    4.723374 v _049_/A (sg13g2_inv_1)
     1    0.006481    0.077762    0.110531    4.833905 ^ _049_/Y (sg13g2_inv_1)
                                                         _000_ (net)
                      0.077764    0.000518    4.834423 ^ _102_/RESET_B (sg13g2_dfrbpq_1)
                                              4.834423   data arrival time

                                 20.000000   20.000000   clock clk (rise edge)
                                  0.000000   20.000000   clock source latency
     1    0.043404    0.090241    0.055898   20.055899 ^ clk (in)
                                                         clk (net)
                      0.091072    0.000000   20.055899 ^ clkbuf_0_clk/A (sg13g2_buf_16)
     4    0.076819    0.050734    0.138003   20.193903 ^ clkbuf_0_clk/X (sg13g2_buf_16)
                                                         clknet_0_clk (net)
                      0.051604    0.004515   20.198418 ^ clkbuf_2_2__f_clk/A (sg13g2_buf_16)
     6    0.037373    0.036455    0.106846   20.305264 ^ clkbuf_2_2__f_clk/X (sg13g2_buf_16)
                                                         clknet_2_2__leaf_clk (net)
                      0.036502    0.002228   20.307491 ^ _102_/CLK (sg13g2_dfrbpq_1)
                                 -0.250000   20.057491   clock uncertainty
                                  0.000000   20.057491   clock reconvergence pessimism
                                 -0.222708   19.834785   library recovery time
                                             19.834785   data required time
---------------------------------------------------------------------------------------------
                                             19.834785   data required time
                                             -4.834423   data arrival time
---------------------------------------------------------------------------------------------
                                             15.000362   slack (MET)


Startpoint: reset (input port clocked by clk)
Endpoint: _114_ (recovery check against rising-edge clock clk)
Path Group: asynchronous
Path Type: max

Fanout         Cap        Slew       Delay        Time   Description
---------------------------------------------------------------------------------------------
                                  0.000000    0.000000   clock clk (rise edge)
                                  0.000000    0.000000   clock network delay (propagated)
                                  4.000000    4.000000 v input external delay
     1    0.003776    0.028452    0.004509    4.004509 v reset (in)
                                                         reset (net)
                      0.028452    0.000000    4.004509 v input3/A (sg13g2_buf_1)
     1    0.016350    0.096548    0.151123    4.155632 v input3/X (sg13g2_buf_1)
                                                         net3 (net)
                      0.096584    0.001842    4.157475 v fanout22/A (sg13g2_buf_1)
     4    0.037795    0.202072    0.272884    4.430358 v fanout22/X (sg13g2_buf_1)
                                                         net22 (net)
                      0.202193    0.003235    4.433593 v fanout20/A (sg13g2_buf_1)
     7    0.031167    0.169694    0.289035    4.722629 v fanout20/X (sg13g2_buf_1)
                                                         net20 (net)
                      0.169708    0.001721    4.724350 v _086_/A (sg13g2_inv_1)
     1    0.006327    0.076940    0.109524    4.833874 ^ _086_/Y (sg13g2_inv_1)
                                                         _012_ (net)
                      0.076941    0.000493    4.834368 ^ _114_/RESET_B (sg13g2_dfrbpq_1)
                                              4.834368   data arrival time

                                 20.000000   20.000000   clock clk (rise edge)
                                  0.000000   20.000000   clock source latency
     1    0.043404    0.090241    0.055898   20.055899 ^ clk (in)
                                                         clk (net)
                      0.091072    0.000000   20.055899 ^ clkbuf_0_clk/A (sg13g2_buf_16)
     4    0.076819    0.050734    0.138003   20.193903 ^ clkbuf_0_clk/X (sg13g2_buf_16)
                                                         clknet_0_clk (net)
                      0.051604    0.004515   20.198418 ^ clkbuf_2_2__f_clk/A (sg13g2_buf_16)
     6    0.037373    0.036455    0.106846   20.305264 ^ clkbuf_2_2__f_clk/X (sg13g2_buf_16)
                                                         clknet_2_2__leaf_clk (net)
                      0.036506    0.002307   20.307571 ^ _114_/CLK (sg13g2_dfrbpq_1)
                                 -0.250000   20.057571   clock uncertainty
                                  0.000000   20.057571   clock reconvergence pessimism
                                 -0.222383   19.835188   library recovery time
                                             19.835188   data required time
---------------------------------------------------------------------------------------------
                                             19.835188   data required time
                                             -4.834368   data arrival time
---------------------------------------------------------------------------------------------
                                             15.000820   slack (MET)


Startpoint: reset (input port clocked by clk)
Endpoint: _113_ (recovery check against rising-edge clock clk)
Path Group: asynchronous
Path Type: max

Fanout         Cap        Slew       Delay        Time   Description
---------------------------------------------------------------------------------------------
                                  0.000000    0.000000   clock clk (rise edge)
                                  0.000000    0.000000   clock network delay (propagated)
                                  4.000000    4.000000 v input external delay
     1    0.003776    0.028452    0.004509    4.004509 v reset (in)
                                                         reset (net)
                      0.028452    0.000000    4.004509 v input3/A (sg13g2_buf_1)
     1    0.016350    0.096548    0.151123    4.155632 v input3/X (sg13g2_buf_1)
                                                         net3 (net)
                      0.096584    0.001842    4.157475 v fanout22/A (sg13g2_buf_1)
     4    0.037795    0.202072    0.272884    4.430358 v fanout22/X (sg13g2_buf_1)
                                                         net22 (net)
                      0.202193    0.003235    4.433593 v fanout20/A (sg13g2_buf_1)
     7    0.031167    0.169694    0.289035    4.722629 v fanout20/X (sg13g2_buf_1)
                                                         net20 (net)
                      0.169715    0.002017    4.724645 v _085_/A (sg13g2_inv_1)
     1    0.005621    0.073254    0.104921    4.829566 ^ _085_/Y (sg13g2_inv_1)
                                                         _011_ (net)
                      0.073254    0.000241    4.829806 ^ _113_/RESET_B (sg13g2_dfrbpq_1)
                                              4.829806   data arrival time

                                 20.000000   20.000000   clock clk (rise edge)
                                  0.000000   20.000000   clock source latency
     1    0.043404    0.090241    0.055898   20.055899 ^ clk (in)
                                                         clk (net)
                      0.091072    0.000000   20.055899 ^ clkbuf_0_clk/A (sg13g2_buf_16)
     4    0.076819    0.050734    0.138003   20.193903 ^ clkbuf_0_clk/X (sg13g2_buf_16)
                                                         clknet_0_clk (net)
                      0.051885    0.005416   20.199318 ^ clkbuf_2_1__f_clk/A (sg13g2_buf_16)
     6    0.030363    0.034046    0.105210   20.304529 ^ clkbuf_2_1__f_clk/X (sg13g2_buf_16)
                                                         clknet_2_1__leaf_clk (net)
                      0.034049    0.000579   20.305107 ^ _113_/CLK (sg13g2_dfrbpq_1)
                                 -0.250000   20.055109   clock uncertainty
                                  0.000000   20.055109   clock reconvergence pessimism
                                 -0.221420   19.833687   library recovery time
                                             19.833687   data required time
---------------------------------------------------------------------------------------------
                                             19.833687   data required time
                                             -4.829806   data arrival time
---------------------------------------------------------------------------------------------
                                             15.003881   slack (MET)


Startpoint: reset (input port clocked by clk)
Endpoint: _108_ (recovery check against rising-edge clock clk)
Path Group: asynchronous
Path Type: max

Fanout         Cap        Slew       Delay        Time   Description
---------------------------------------------------------------------------------------------
                                  0.000000    0.000000   clock clk (rise edge)
                                  0.000000    0.000000   clock network delay (propagated)
                                  4.000000    4.000000 v input external delay
     1    0.003776    0.028452    0.004509    4.004509 v reset (in)
                                                         reset (net)
                      0.028452    0.000000    4.004509 v input3/A (sg13g2_buf_1)
     1    0.016350    0.096548    0.151123    4.155632 v input3/X (sg13g2_buf_1)
                                                         net3 (net)
                      0.096584    0.001842    4.157475 v fanout22/A (sg13g2_buf_1)
     4    0.037795    0.202072    0.272884    4.430358 v fanout22/X (sg13g2_buf_1)
                                                         net22 (net)
                      0.202193    0.003235    4.433593 v fanout20/A (sg13g2_buf_1)
     7    0.031167    0.169694    0.289035    4.722629 v fanout20/X (sg13g2_buf_1)
                                                         net20 (net)
                      0.169712    0.001882    4.724510 v _080_/A (sg13g2_inv_1)
     1    0.005846    0.074402    0.106414    4.830925 ^ _080_/Y (sg13g2_inv_1)
                                                         _006_ (net)
                      0.074402    0.000249    4.831174 ^ _108_/RESET_B (sg13g2_dfrbpq_1)
                                              4.831174   data arrival time

                                 20.000000   20.000000   clock clk (rise edge)
                                  0.000000   20.000000   clock source latency
     1    0.043404    0.090241    0.055898   20.055899 ^ clk (in)
                                                         clk (net)
                      0.091072    0.000000   20.055899 ^ clkbuf_0_clk/A (sg13g2_buf_16)
     4    0.076819    0.050734    0.138003   20.193903 ^ clkbuf_0_clk/X (sg13g2_buf_16)
                                                         clknet_0_clk (net)
                      0.052136    0.006137   20.200039 ^ clkbuf_2_0__f_clk/A (sg13g2_buf_16)
     6    0.035909    0.035970    0.106715   20.306755 ^ clkbuf_2_0__f_clk/X (sg13g2_buf_16)
                                                         clknet_2_0__leaf_clk (net)
                      0.036005    0.002119   20.308874 ^ _108_/CLK (sg13g2_dfrbpq_1)
                                 -0.250000   20.058874   clock uncertainty
                                  0.000000   20.058874   clock reconvergence pessimism
                                 -0.221484   19.837391   library recovery time
                                             19.837391   data required time
---------------------------------------------------------------------------------------------
                                             19.837391   data required time
                                             -4.831174   data arrival time
---------------------------------------------------------------------------------------------
                                             15.006217   slack (MET)


Startpoint: reset (input port clocked by clk)
Endpoint: _118_ (recovery check against rising-edge clock clk)
Path Group: asynchronous
Path Type: max

Fanout         Cap        Slew       Delay        Time   Description
---------------------------------------------------------------------------------------------
                                  0.000000    0.000000   clock clk (rise edge)
                                  0.000000    0.000000   clock network delay (propagated)
                                  4.000000    4.000000 v input external delay
     1    0.003776    0.028452    0.004509    4.004509 v reset (in)
                                                         reset (net)
                      0.028452    0.000000    4.004509 v input3/A (sg13g2_buf_1)
     1    0.016350    0.096548    0.151123    4.155632 v input3/X (sg13g2_buf_1)
                                                         net3 (net)
                      0.096584    0.001842    4.157475 v fanout22/A (sg13g2_buf_1)
     4    0.037795    0.202072    0.272884    4.430358 v fanout22/X (sg13g2_buf_1)
                                                         net22 (net)
                      0.202084    0.001755    4.432113 v _090_/A (sg13g2_inv_1)
     1    0.005816    0.079973    0.113678    4.545791 ^ _090_/Y (sg13g2_inv_1)
                                                         _016_ (net)
                      0.079973    0.000250    4.546041 ^ _118_/RESET_B (sg13g2_dfrbpq_1)
                                              4.546041   data arrival time

                                 20.000000   20.000000   clock clk (rise edge)
                                  0.000000   20.000000   clock source latency
     1    0.043404    0.090241    0.055898   20.055899 ^ clk (in)
                                                         clk (net)
                      0.091072    0.000000   20.055899 ^ clkbuf_0_clk/A (sg13g2_buf_16)
     4    0.076819    0.050734    0.138003   20.193903 ^ clkbuf_0_clk/X (sg13g2_buf_16)
                                                         clknet_0_clk (net)
                      0.051691    0.004807   20.198709 ^ clkbuf_2_3__f_clk/A (sg13g2_buf_16)
     6    0.025137    0.032242    0.103499   20.302208 ^ clkbuf_2_3__f_clk/X (sg13g2_buf_16)
                                                         clknet_2_3__leaf_clk (net)
                      0.032261    0.001444   20.303652 ^ _118_/CLK (sg13g2_dfrbpq_1)
                                 -0.250000   20.053654   clock uncertainty
                                  0.000000   20.053654   clock reconvergence pessimism
                                 -0.224419   19.829233   library recovery time
                                             19.829233   data required time
---------------------------------------------------------------------------------------------
                                             19.829233   data required time
                                             -4.546041   data arrival time
---------------------------------------------------------------------------------------------
                                             15.283194   slack (MET)


Startpoint: reset (input port clocked by clk)
Endpoint: _119_ (recovery check against rising-edge clock clk)
Path Group: asynchronous
Path Type: max

Fanout         Cap        Slew       Delay        Time   Description
---------------------------------------------------------------------------------------------
                                  0.000000    0.000000   clock clk (rise edge)
                                  0.000000    0.000000   clock network delay (propagated)
                                  4.000000    4.000000 v input external delay
     1    0.003776    0.028452    0.004509    4.004509 v reset (in)
                                                         reset (net)
                      0.028452    0.000000    4.004509 v input3/A (sg13g2_buf_1)
     1    0.016350    0.096548    0.151123    4.155632 v input3/X (sg13g2_buf_1)
                                                         net3 (net)
                      0.096584    0.001842    4.157475 v fanout22/A (sg13g2_buf_1)
     4    0.037795    0.202072    0.272884    4.430358 v fanout22/X (sg13g2_buf_1)
                                                         net22 (net)
                      0.202085    0.001823    4.432181 v _091_/A (sg13g2_inv_1)
     1    0.005720    0.079479    0.113000    4.545182 ^ _091_/Y (sg13g2_inv_1)
                                                         _017_ (net)
                      0.079479    0.000243    4.545424 ^ _119_/RESET_B (sg13g2_dfrbpq_1)
                                              4.545424   data arrival time

                                 20.000000   20.000000   clock clk (rise edge)
                                  0.000000   20.000000   clock source latency
     1    0.043404    0.090241    0.055898   20.055899 ^ clk (in)
                                                         clk (net)
                      0.091072    0.000000   20.055899 ^ clkbuf_0_clk/A (sg13g2_buf_16)
     4    0.076819    0.050734    0.138003   20.193903 ^ clkbuf_0_clk/X (sg13g2_buf_16)
                                                         clknet_0_clk (net)
                      0.051691    0.004807   20.198709 ^ clkbuf_2_3__f_clk/A (sg13g2_buf_16)
     6    0.025137    0.032242    0.103499   20.302208 ^ clkbuf_2_3__f_clk/X (sg13g2_buf_16)
                                                         clknet_2_3__leaf_clk (net)
                      0.032274    0.001867   20.304075 ^ _119_/CLK (sg13g2_dfrbpq_1)
                                 -0.250000   20.054077   clock uncertainty
                                  0.000000   20.054077   clock reconvergence pessimism
                                 -0.224223   19.829853   library recovery time
                                             19.829853   data required time
---------------------------------------------------------------------------------------------
                                             19.829853   data required time
                                             -4.545424   data arrival time
---------------------------------------------------------------------------------------------
                                             15.284429   slack (MET)



