
===========================================================================
report_checks -path_delay min (Hold)
============================================================================
======================= nom_slow_1p08V_125C Corner ===================================

Startpoint: _116_ (rising edge-triggered flip-flop clocked by clk)
Endpoint: _104_ (rising edge-triggered flip-flop clocked by clk)
Path Group: clk
Path Type: min

Fanout         Cap        Slew       Delay        Time   Description
---------------------------------------------------------------------------------------------
                                  0.000000    0.000000   clock clk (rise edge)
                                  0.000000    0.000000   clock source latency
     1    0.043404    0.090241    0.055898    0.055898 ^ clk (in)
                                                         clk (net)
                      0.091072    0.000000    0.055898 ^ clkbuf_0_clk/A (sg13g2_buf_16)
     4    0.076819    0.050734    0.138003    0.193901 ^ clkbuf_0_clk/X (sg13g2_buf_16)
                                                         clknet_0_clk (net)
                      0.051604    0.004516    0.198417 ^ clkbuf_2_2__f_clk/A (sg13g2_buf_16)
     6    0.037373    0.036455    0.106847    0.305264 ^ clkbuf_2_2__f_clk/X (sg13g2_buf_16)
                                                         clknet_2_2__leaf_clk (net)
                      0.036460    0.000809    0.306073 ^ _116_/CLK (sg13g2_dfrbpq_1)
     2    0.006279    0.055702    0.261901    0.567973 ^ _116_/Q (sg13g2_dfrbpq_1)
                                                         internal_data_reg[8] (net)
                      0.055702    0.000340    0.568314 ^ _072_/A1 (sg13g2_mux2_1)
     1    0.002015    0.038527    0.137495    0.705808 ^ _072_/X (sg13g2_mux2_1)
                                                         _026_ (net)
                      0.038527    0.000070    0.705878 ^ hold28/A (sg13g2_dlygate4sd3_1)
     1    0.001359    0.047956    0.524315    1.230193 ^ hold28/X (sg13g2_dlygate4sd3_1)
                                                         net28 (net)
                      0.047956    0.000051    1.230243 ^ _104_/D (sg13g2_dfrbpq_1)
                                              1.230243   data arrival time

                                  0.000000    0.000000   clock clk (rise edge)
                                  0.000000    0.000000   clock source latency
     1    0.045727    0.093818    0.065056    0.065056 ^ clk (in)
                                                         clk (net)
                      0.094743    0.000000    0.065056 ^ clkbuf_0_clk/A (sg13g2_buf_16)
     4    0.086111    0.054423    0.157242    0.222298 ^ clkbuf_0_clk/X (sg13g2_buf_16)
                                                         clknet_0_clk (net)
                      0.055418    0.005620    0.227918 ^ clkbuf_2_2__f_clk/A (sg13g2_buf_16)
     6    0.039695    0.037375    0.121061    0.348979 ^ clkbuf_2_2__f_clk/X (sg13g2_buf_16)
                                                         clknet_2_2__leaf_clk (net)
                      0.037382    0.001086    0.350065 ^ _104_/CLK (sg13g2_dfrbpq_1)
                                  0.250000    0.600065   clock uncertainty
                                 -0.043715    0.556350   clock reconvergence pessimism
                                 -0.105665    0.450685   library hold time
                                              0.450685   data required time
---------------------------------------------------------------------------------------------
                                              0.450685   data required time
                                             -1.230243   data arrival time
---------------------------------------------------------------------------------------------
                                              0.779558   slack (MET)


Startpoint: _106_ (rising edge-triggered flip-flop clocked by clk)
Endpoint: _106_ (rising edge-triggered flip-flop clocked by clk)
Path Group: clk
Path Type: min

Fanout         Cap        Slew       Delay        Time   Description
---------------------------------------------------------------------------------------------
                                  0.000000    0.000000   clock clk (rise edge)
                                  0.000000    0.000000   clock source latency
     1    0.043404    0.090241    0.055898    0.055898 ^ clk (in)
                                                         clk (net)
                      0.091072    0.000000    0.055898 ^ clkbuf_0_clk/A (sg13g2_buf_16)
     4    0.076819    0.050734    0.138003    0.193901 ^ clkbuf_0_clk/X (sg13g2_buf_16)
                                                         clknet_0_clk (net)
                      0.051691    0.004807    0.198708 ^ clkbuf_2_3__f_clk/A (sg13g2_buf_16)
     6    0.025137    0.032242    0.103501    0.302209 ^ clkbuf_2_3__f_clk/X (sg13g2_buf_16)
                                                         clknet_2_3__leaf_clk (net)
                      0.032280    0.002012    0.304221 ^ _106_/CLK (sg13g2_dfrbpq_1)
     2    0.006255    0.046544    0.255982    0.560203 v _106_/Q (sg13g2_dfrbpq_1)
                                                         net6 (net)
                      0.046544    0.000325    0.560528 v hold52/A (sg13g2_dlygate4sd3_1)
     1    0.002634    0.057574    0.564399    1.124927 v hold52/X (sg13g2_dlygate4sd3_1)
                                                         net52 (net)
                      0.057574    0.000097    1.125024 v _070_/A0 (sg13g2_mux2_1)
     1    0.002093    0.043211    0.163805    1.288828 v _070_/X (sg13g2_mux2_1)
                                                         _028_ (net)
                      0.043211    0.000075    1.288904 v _106_/D (sg13g2_dfrbpq_1)
                                              1.288904   data arrival time

                                  0.000000    0.000000   clock clk (rise edge)
                                  0.000000    0.000000   clock source latency
     1    0.045727    0.093818    0.065056    0.065056 ^ clk (in)
                                                         clk (net)
                      0.094743    0.000000    0.065056 ^ clkbuf_0_clk/A (sg13g2_buf_16)
     4    0.086111    0.054423    0.157242    0.222298 ^ clkbuf_0_clk/X (sg13g2_buf_16)
                                                         clknet_0_clk (net)
                      0.055527    0.005986    0.228284 ^ clkbuf_2_3__f_clk/A (sg13g2_buf_16)
     6    0.027459    0.033185    0.117375    0.345659 ^ clkbuf_2_3__f_clk/X (sg13g2_buf_16)
                                                         clknet_2_3__leaf_clk (net)
                      0.033230    0.002430    0.348088 ^ _106_/CLK (sg13g2_dfrbpq_1)
                                  0.250000    0.598088   clock uncertainty
                                 -0.043868    0.554221   clock reconvergence pessimism
                                 -0.054598    0.499623   library hold time
                                              0.499623   data required time
---------------------------------------------------------------------------------------------
                                              0.499623   data required time
                                             -1.288904   data arrival time
---------------------------------------------------------------------------------------------
                                              0.789281   slack (MET)


Startpoint: _119_ (rising edge-triggered flip-flop clocked by clk)
Endpoint: _119_ (rising edge-triggered flip-flop clocked by clk)
Path Group: clk
Path Type: min

Fanout         Cap        Slew       Delay        Time   Description
---------------------------------------------------------------------------------------------
                                  0.000000    0.000000   clock clk (rise edge)
                                  0.000000    0.000000   clock source latency
     1    0.043404    0.090241    0.055898    0.055898 ^ clk (in)
                                                         clk (net)
                      0.091072    0.000000    0.055898 ^ clkbuf_0_clk/A (sg13g2_buf_16)
     4    0.076819    0.050734    0.138003    0.193901 ^ clkbuf_0_clk/X (sg13g2_buf_16)
                                                         clknet_0_clk (net)
                      0.051691    0.004807    0.198708 ^ clkbuf_2_3__f_clk/A (sg13g2_buf_16)
     6    0.025137    0.032242    0.103501    0.302209 ^ clkbuf_2_3__f_clk/X (sg13g2_buf_16)
                                                         clknet_2_3__leaf_clk (net)
                      0.032274    0.001866    0.304075 ^ _119_/CLK (sg13g2_dfrbpq_1)
     1    0.001878    0.031356    0.240704    0.544779 ^ _119_/Q (sg13g2_dfrbpq_1)
                                                         internal_data_reg[11] (net)
                      0.031356    0.000121    0.544901 ^ hold31/A (sg13g2_dlygate4sd3_1)
     2    0.007304    0.079974    0.551627    1.096527 ^ hold31/X (sg13g2_dlygate4sd3_1)
                                                         net31 (net)
                      0.079974    0.000439    1.096966 ^ _057_/A0 (sg13g2_mux2_1)
     1    0.001456    0.035707    0.146380    1.243346 ^ _057_/X (sg13g2_mux2_1)
                                                         _041_ (net)
                      0.035708    0.000053    1.243399 ^ _119_/D (sg13g2_dfrbpq_1)
                                              1.243399   data arrival time

                                  0.000000    0.000000   clock clk (rise edge)
                                  0.000000    0.000000   clock source latency
     1    0.045727    0.093818    0.065056    0.065056 ^ clk (in)
                                                         clk (net)
                      0.094743    0.000000    0.065056 ^ clkbuf_0_clk/A (sg13g2_buf_16)
     4    0.086111    0.054423    0.157242    0.222298 ^ clkbuf_0_clk/X (sg13g2_buf_16)
                                                         clknet_0_clk (net)
                      0.055527    0.005986    0.228284 ^ clkbuf_2_3__f_clk/A (sg13g2_buf_16)
     6    0.027459    0.033185    0.117375    0.345659 ^ clkbuf_2_3__f_clk/X (sg13g2_buf_16)
                                                         clknet_2_3__leaf_clk (net)
                      0.033223    0.002256    0.347915 ^ _119_/CLK (sg13g2_dfrbpq_1)
                                  0.250000    0.597915   clock uncertainty
                                 -0.043840    0.554075   clock reconvergence pessimism
                                 -0.101833    0.452242   library hold time
                                              0.452242   data required time
---------------------------------------------------------------------------------------------
                                              0.452242   data required time
                                             -1.243399   data arrival time
---------------------------------------------------------------------------------------------
                                              0.791157   slack (MET)


Startpoint: _115_ (rising edge-triggered flip-flop clocked by clk)
Endpoint: _103_ (rising edge-triggered flip-flop clocked by clk)
Path Group: clk
Path Type: min

Fanout         Cap        Slew       Delay        Time   Description
---------------------------------------------------------------------------------------------
                                  0.000000    0.000000   clock clk (rise edge)
                                  0.000000    0.000000   clock source latency
     1    0.043404    0.090241    0.055898    0.055898 ^ clk (in)
                                                         clk (net)
                      0.091072    0.000000    0.055898 ^ clkbuf_0_clk/A (sg13g2_buf_16)
     4    0.076819    0.050734    0.138003    0.193901 ^ clkbuf_0_clk/X (sg13g2_buf_16)
                                                         clknet_0_clk (net)
                      0.051604    0.004516    0.198417 ^ clkbuf_2_2__f_clk/A (sg13g2_buf_16)
     6    0.037373    0.036455    0.106847    0.305264 ^ clkbuf_2_2__f_clk/X (sg13g2_buf_16)
                                                         clknet_2_2__leaf_clk (net)
                      0.036497    0.002109    0.307372 ^ _115_/CLK (sg13g2_dfrbpq_1)
     2    0.006986    0.059783    0.264984    0.572356 ^ _115_/Q (sg13g2_dfrbpq_1)
                                                         internal_data_reg[7] (net)
                      0.059785    0.000382    0.572739 ^ _073_/A1 (sg13g2_mux2_1)
     1    0.002728    0.042461    0.142714    0.715453 ^ _073_/X (sg13g2_mux2_1)
                                                         _025_ (net)
                      0.042461    0.000091    0.715544 ^ hold35/A (sg13g2_dlygate4sd3_1)
     1    0.001615    0.049394    0.527867    1.243411 ^ hold35/X (sg13g2_dlygate4sd3_1)
                                                         net35 (net)
                      0.049394    0.000057    1.243468 ^ _103_/D (sg13g2_dfrbpq_1)
                                              1.243468   data arrival time

                                  0.000000    0.000000   clock clk (rise edge)
                                  0.000000    0.000000   clock source latency
     1    0.045727    0.093818    0.065056    0.065056 ^ clk (in)
                                                         clk (net)
                      0.094743    0.000000    0.065056 ^ clkbuf_0_clk/A (sg13g2_buf_16)
     4    0.086111    0.054423    0.157242    0.222298 ^ clkbuf_0_clk/X (sg13g2_buf_16)
                                                         clknet_0_clk (net)
                      0.055418    0.005620    0.227918 ^ clkbuf_2_2__f_clk/A (sg13g2_buf_16)
     6    0.039695    0.037375    0.121061    0.348979 ^ clkbuf_2_2__f_clk/X (sg13g2_buf_16)
                                                         clknet_2_2__leaf_clk (net)
                      0.037410    0.002174    0.351153 ^ _103_/CLK (sg13g2_dfrbpq_1)
                                  0.250000    0.601153   clock uncertainty
                                 -0.043715    0.557438   clock reconvergence pessimism
                                 -0.106184    0.451254   library hold time
                                              0.451254   data required time
---------------------------------------------------------------------------------------------
                                              0.451254   data required time
                                             -1.243468   data arrival time
---------------------------------------------------------------------------------------------
                                              0.792214   slack (MET)


Startpoint: _112_ (rising edge-triggered flip-flop clocked by clk)
Endpoint: _100_ (rising edge-triggered flip-flop clocked by clk)
Path Group: clk
Path Type: min

Fanout         Cap        Slew       Delay        Time   Description
---------------------------------------------------------------------------------------------
                                  0.000000    0.000000   clock clk (rise edge)
                                  0.000000    0.000000   clock source latency
     1    0.043404    0.090241    0.055898    0.055898 ^ clk (in)
                                                         clk (net)
                      0.091072    0.000000    0.055898 ^ clkbuf_0_clk/A (sg13g2_buf_16)
     4    0.076819    0.050734    0.138003    0.193901 ^ clkbuf_0_clk/X (sg13g2_buf_16)
                                                         clknet_0_clk (net)
                      0.052136    0.006138    0.200039 ^ clkbuf_2_0__f_clk/A (sg13g2_buf_16)
     6    0.035909    0.035970    0.106713    0.306753 ^ clkbuf_2_0__f_clk/X (sg13g2_buf_16)
                                                         clknet_2_0__leaf_clk (net)
                      0.035993    0.001744    0.308497 ^ _112_/CLK (sg13g2_dfrbpq_1)
     2    0.008421    0.056887    0.266110    0.574607 v _112_/Q (sg13g2_dfrbpq_1)
                                                         internal_data_reg[4] (net)
                      0.056893    0.000568    0.575175 v _051_/A1 (sg13g2_mux2_1)
     1    0.002615    0.045552    0.166088    0.741263 v _051_/X (sg13g2_mux2_1)
                                                         _046_ (net)
                      0.045552    0.000145    0.741408 v hold39/A (sg13g2_dlygate4sd3_1)
     1    0.002544    0.057165    0.563402    1.304810 v hold39/X (sg13g2_dlygate4sd3_1)
                                                         net39 (net)
                      0.057165    0.000085    1.304895 v _100_/D (sg13g2_dfrbpq_1)
                                              1.304895   data arrival time

                                  0.000000    0.000000   clock clk (rise edge)
                                  0.000000    0.000000   clock source latency
     1    0.045727    0.093818    0.065056    0.065056 ^ clk (in)
                                                         clk (net)
                      0.094743    0.000000    0.065056 ^ clkbuf_0_clk/A (sg13g2_buf_16)
     4    0.086111    0.054423    0.157242    0.222298 ^ clkbuf_0_clk/X (sg13g2_buf_16)
                                                         clknet_0_clk (net)
                      0.055767    0.006748    0.229046 ^ clkbuf_2_1__f_clk/A (sg13g2_buf_16)
     6    0.032685    0.034978    0.119312    0.348358 ^ clkbuf_2_1__f_clk/X (sg13g2_buf_16)
                                                         clknet_2_1__leaf_clk (net)
                      0.034984    0.001075    0.349433 ^ _100_/CLK (sg13g2_dfrbpq_1)
                                  0.250000    0.599433   clock uncertainty
                                 -0.028397    0.571037   clock reconvergence pessimism
                                 -0.059712    0.511324   library hold time
                                              0.511324   data required time
---------------------------------------------------------------------------------------------
                                              0.511324   data required time
                                             -1.304895   data arrival time
---------------------------------------------------------------------------------------------
                                              0.793571   slack (MET)


Startpoint: _117_ (rising edge-triggered flip-flop clocked by clk)
Endpoint: _105_ (rising edge-triggered flip-flop clocked by clk)
Path Group: clk
Path Type: min

Fanout         Cap        Slew       Delay        Time   Description
---------------------------------------------------------------------------------------------
                                  0.000000    0.000000   clock clk (rise edge)
                                  0.000000    0.000000   clock source latency
     1    0.043404    0.090241    0.055898    0.055898 ^ clk (in)
                                                         clk (net)
                      0.091072    0.000000    0.055898 ^ clkbuf_0_clk/A (sg13g2_buf_16)
     4    0.076819    0.050734    0.138003    0.193901 ^ clkbuf_0_clk/X (sg13g2_buf_16)
                                                         clknet_0_clk (net)
                      0.051691    0.004807    0.198708 ^ clkbuf_2_3__f_clk/A (sg13g2_buf_16)
     6    0.025137    0.032242    0.103501    0.302209 ^ clkbuf_2_3__f_clk/X (sg13g2_buf_16)
                                                         clknet_2_3__leaf_clk (net)
                      0.032242    0.000115    0.302323 ^ _117_/CLK (sg13g2_dfrbpq_1)
     3    0.009173    0.060491    0.266985    0.569308 v _117_/Q (sg13g2_dfrbpq_1)
                                                         internal_data_reg[9] (net)
                      0.060494    0.000459    0.569768 v _071_/A1 (sg13g2_mux2_1)
     1    0.002346    0.044303    0.166135    0.735902 v _071_/X (sg13g2_mux2_1)
                                                         _027_ (net)
                      0.044303    0.000139    0.736041 v hold37/A (sg13g2_dlygate4sd3_1)
     1    0.001764    0.053622    0.558608    1.294649 v hold37/X (sg13g2_dlygate4sd3_1)
                                                         net37 (net)
                      0.053623    0.000062    1.294711 v _105_/D (sg13g2_dfrbpq_1)
                                              1.294711   data arrival time

                                  0.000000    0.000000   clock clk (rise edge)
                                  0.000000    0.000000   clock source latency
     1    0.045727    0.093818    0.065056    0.065056 ^ clk (in)
                                                         clk (net)
                      0.094743    0.000000    0.065056 ^ clkbuf_0_clk/A (sg13g2_buf_16)
     4    0.086111    0.054423    0.157242    0.222298 ^ clkbuf_0_clk/X (sg13g2_buf_16)
                                                         clknet_0_clk (net)
                      0.055527    0.005986    0.228284 ^ clkbuf_2_3__f_clk/A (sg13g2_buf_16)
     6    0.027459    0.033185    0.117375    0.345659 ^ clkbuf_2_3__f_clk/X (sg13g2_buf_16)
                                                         clknet_2_3__leaf_clk (net)
                      0.033206    0.001689    0.347347 ^ _105_/CLK (sg13g2_dfrbpq_1)
                                  0.250000    0.597347   clock uncertainty
                                 -0.043450    0.553897   clock reconvergence pessimism
                                 -0.058798    0.495099   library hold time
                                              0.495099   data required time
---------------------------------------------------------------------------------------------
                                              0.495099   data required time
                                             -1.294711   data arrival time
---------------------------------------------------------------------------------------------
                                              0.799612   slack (MET)


Startpoint: _117_ (rising edge-triggered flip-flop clocked by clk)
Endpoint: _117_ (rising edge-triggered flip-flop clocked by clk)
Path Group: clk
Path Type: min

Fanout         Cap        Slew       Delay        Time   Description
---------------------------------------------------------------------------------------------
                                  0.000000    0.000000   clock clk (rise edge)
                                  0.000000    0.000000   clock source latency
     1    0.043404    0.090241    0.055898    0.055898 ^ clk (in)
                                                         clk (net)
                      0.091072    0.000000    0.055898 ^ clkbuf_0_clk/A (sg13g2_buf_16)
     4    0.076819    0.050734    0.138003    0.193901 ^ clkbuf_0_clk/X (sg13g2_buf_16)
                                                         clknet_0_clk (net)
                      0.051691    0.004807    0.198708 ^ clkbuf_2_3__f_clk/A (sg13g2_buf_16)
     6    0.025137    0.032242    0.103501    0.302209 ^ clkbuf_2_3__f_clk/X (sg13g2_buf_16)
                                                         clknet_2_3__leaf_clk (net)
                      0.032242    0.000115    0.302323 ^ _117_/CLK (sg13g2_dfrbpq_1)
     3    0.009173    0.060491    0.266985    0.569308 v _117_/Q (sg13g2_dfrbpq_1)
                                                         internal_data_reg[9] (net)
                      0.060494    0.000494    0.569802 v _059_/A0 (sg13g2_mux2_1)
     1    0.002272    0.043980    0.165864    0.735666 v _059_/X (sg13g2_mux2_1)
                                                         _039_ (net)
                      0.043980    0.000078    0.735744 v hold45/A (sg13g2_dlygate4sd3_1)
     1    0.001771    0.053654    0.558473    1.294216 v hold45/X (sg13g2_dlygate4sd3_1)
                                                         net45 (net)
                      0.053654    0.000065    1.294281 v _117_/D (sg13g2_dfrbpq_1)
                                              1.294281   data arrival time

                                  0.000000    0.000000   clock clk (rise edge)
                                  0.000000    0.000000   clock source latency
     1    0.045727    0.093818    0.065056    0.065056 ^ clk (in)
                                                         clk (net)
                      0.094743    0.000000    0.065056 ^ clkbuf_0_clk/A (sg13g2_buf_16)
     4    0.086111    0.054423    0.157242    0.222298 ^ clkbuf_0_clk/X (sg13g2_buf_16)
                                                         clknet_0_clk (net)
                      0.055527    0.005986    0.228284 ^ clkbuf_2_3__f_clk/A (sg13g2_buf_16)
     6    0.027459    0.033185    0.117375    0.345659 ^ clkbuf_2_3__f_clk/X (sg13g2_buf_16)
                                                         clknet_2_3__leaf_clk (net)
                      0.033185    0.000144    0.345803 ^ _117_/CLK (sg13g2_dfrbpq_1)
                                  0.250000    0.595803   clock uncertainty
                                 -0.043479    0.552323   clock reconvergence pessimism
                                 -0.058817    0.493507   library hold time
                                              0.493507   data required time
---------------------------------------------------------------------------------------------
                                              0.493507   data required time
                                             -1.294281   data arrival time
---------------------------------------------------------------------------------------------
                                              0.800774   slack (MET)


Startpoint: _117_ (rising edge-triggered flip-flop clocked by clk)
Endpoint: _118_ (rising edge-triggered flip-flop clocked by clk)
Path Group: clk
Path Type: min

Fanout         Cap        Slew       Delay        Time   Description
---------------------------------------------------------------------------------------------
                                  0.000000    0.000000   clock clk (rise edge)
                                  0.000000    0.000000   clock source latency
     1    0.043404    0.090241    0.055898    0.055898 ^ clk (in)
                                                         clk (net)
                      0.091072    0.000000    0.055898 ^ clkbuf_0_clk/A (sg13g2_buf_16)
     4    0.076819    0.050734    0.138003    0.193901 ^ clkbuf_0_clk/X (sg13g2_buf_16)
                                                         clknet_0_clk (net)
                      0.051691    0.004807    0.198708 ^ clkbuf_2_3__f_clk/A (sg13g2_buf_16)
     6    0.025137    0.032242    0.103501    0.302209 ^ clkbuf_2_3__f_clk/X (sg13g2_buf_16)
                                                         clknet_2_3__leaf_clk (net)
                      0.032242    0.000115    0.302323 ^ _117_/CLK (sg13g2_dfrbpq_1)
     3    0.009173    0.060491    0.266985    0.569308 v _117_/Q (sg13g2_dfrbpq_1)
                                                         internal_data_reg[9] (net)
                      0.060493    0.000426    0.569734 v hold53/A (sg13g2_dlygate4sd3_1)
     1    0.003327    0.060688    0.575429    1.145163 v hold53/X (sg13g2_dlygate4sd3_1)
                                                         net53 (net)
                      0.060688    0.000121    1.145283 v _058_/A1 (sg13g2_mux2_1)
     1    0.001614    0.041125    0.162501    1.307784 v _058_/X (sg13g2_mux2_1)
                                                         _040_ (net)
                      0.041125    0.000060    1.307844 v _118_/D (sg13g2_dfrbpq_1)
                                              1.307844   data arrival time

                                  0.000000    0.000000   clock clk (rise edge)
                                  0.000000    0.000000   clock source latency
     1    0.045727    0.093818    0.065056    0.065056 ^ clk (in)
                                                         clk (net)
                      0.094743    0.000000    0.065056 ^ clkbuf_0_clk/A (sg13g2_buf_16)
     4    0.086111    0.054423    0.157242    0.222298 ^ clkbuf_0_clk/X (sg13g2_buf_16)
                                                         clknet_0_clk (net)
                      0.055527    0.005986    0.228284 ^ clkbuf_2_3__f_clk/A (sg13g2_buf_16)
     6    0.027459    0.033185    0.117375    0.345659 ^ clkbuf_2_3__f_clk/X (sg13g2_buf_16)
                                                         clknet_2_3__leaf_clk (net)
                      0.033207    0.001745    0.347404 ^ _118_/CLK (sg13g2_dfrbpq_1)
                                  0.250000    0.597404   clock uncertainty
                                 -0.043450    0.553953   clock reconvergence pessimism
                                 -0.053764    0.500189   library hold time
                                              0.500189   data required time
---------------------------------------------------------------------------------------------
                                              0.500189   data required time
                                             -1.307844   data arrival time
---------------------------------------------------------------------------------------------
                                              0.807655   slack (MET)


Startpoint: _113_ (rising edge-triggered flip-flop clocked by clk)
Endpoint: _101_ (rising edge-triggered flip-flop clocked by clk)
Path Group: clk
Path Type: min

Fanout         Cap        Slew       Delay        Time   Description
---------------------------------------------------------------------------------------------
                                  0.000000    0.000000   clock clk (rise edge)
                                  0.000000    0.000000   clock source latency
     1    0.043404    0.090241    0.055898    0.055898 ^ clk (in)
                                                         clk (net)
                      0.091072    0.000000    0.055898 ^ clkbuf_0_clk/A (sg13g2_buf_16)
     4    0.076819    0.050734    0.138003    0.193901 ^ clkbuf_0_clk/X (sg13g2_buf_16)
                                                         clknet_0_clk (net)
                      0.051885    0.005418    0.199318 ^ clkbuf_2_1__f_clk/A (sg13g2_buf_16)
     6    0.030363    0.034046    0.105209    0.304528 ^ clkbuf_2_1__f_clk/X (sg13g2_buf_16)
                                                         clknet_2_1__leaf_clk (net)
                      0.034049    0.000579    0.305107 ^ _113_/CLK (sg13g2_dfrbpq_1)
     3    0.011083    0.069776    0.275150    0.580257 v _113_/Q (sg13g2_dfrbpq_1)
                                                         internal_data_reg[5] (net)
                      0.069779    0.000526    0.580782 v _050_/A1 (sg13g2_mux2_1)
     1    0.002056    0.043143    0.168326    0.749108 v _050_/X (sg13g2_mux2_1)
                                                         _047_ (net)
                      0.043143    0.000072    0.749180 v hold26/A (sg13g2_dlygate4sd3_1)
     1    0.001450    0.052140    0.556330    1.305510 v hold26/X (sg13g2_dlygate4sd3_1)
                                                         net26 (net)
                      0.052140    0.000054    1.305564 v _101_/D (sg13g2_dfrbpq_1)
                                              1.305564   data arrival time

                                  0.000000    0.000000   clock clk (rise edge)
                                  0.000000    0.000000   clock source latency
     1    0.045727    0.093818    0.065056    0.065056 ^ clk (in)
                                                         clk (net)
                      0.094743    0.000000    0.065056 ^ clkbuf_0_clk/A (sg13g2_buf_16)
     4    0.086111    0.054423    0.157242    0.222298 ^ clkbuf_0_clk/X (sg13g2_buf_16)
                                                         clknet_0_clk (net)
                      0.055767    0.006748    0.229046 ^ clkbuf_2_1__f_clk/A (sg13g2_buf_16)
     6    0.032685    0.034978    0.119312    0.348358 ^ clkbuf_2_1__f_clk/X (sg13g2_buf_16)
                                                         clknet_2_1__leaf_clk (net)
                      0.034981    0.000806    0.349164 ^ _101_/CLK (sg13g2_dfrbpq_1)
                                  0.250000    0.599164   clock uncertainty
                                 -0.043830    0.555334   clock reconvergence pessimism
                                 -0.057689    0.497645   library hold time
                                              0.497645   data required time
---------------------------------------------------------------------------------------------
                                              0.497645   data required time
                                             -1.305564   data arrival time
---------------------------------------------------------------------------------------------
                                              0.807919   slack (MET)


Startpoint: _099_ (rising edge-triggered flip-flop clocked by clk)
Endpoint: _099_ (rising edge-triggered flip-flop clocked by clk)
Path Group: clk
Path Type: min

Fanout         Cap        Slew       Delay        Time   Description
---------------------------------------------------------------------------------------------
                                  0.000000    0.000000   clock clk (rise edge)
                                  0.000000    0.000000   clock source latency
     1    0.043404    0.090241    0.055898    0.055898 ^ clk (in)
                                                         clk (net)
                      0.091072    0.000000    0.055898 ^ clkbuf_0_clk/A (sg13g2_buf_16)
     4    0.076819    0.050734    0.138003    0.193901 ^ clkbuf_0_clk/X (sg13g2_buf_16)
                                                         clknet_0_clk (net)
                      0.051885    0.005418    0.199318 ^ clkbuf_2_1__f_clk/A (sg13g2_buf_16)
     6    0.030363    0.034046    0.105209    0.304528 ^ clkbuf_2_1__f_clk/X (sg13g2_buf_16)
                                                         clknet_2_1__leaf_clk (net)
                      0.034054    0.001042    0.305570 ^ _099_/CLK (sg13g2_dfrbpq_1)
     2    0.010551    0.067195    0.273113    0.578683 v _099_/Q (sg13g2_dfrbpq_1)
                                                         net10 (net)
                      0.067198    0.000503    0.579186 v _052_/A0 (sg13g2_mux2_1)
     1    0.001575    0.041052    0.164980    0.744166 v _052_/X (sg13g2_mux2_1)
                                                         _045_ (net)
                      0.041052    0.000058    0.744224 v hold49/A (sg13g2_dlygate4sd3_1)
     1    0.002319    0.056146    0.559832    1.304056 v hold49/X (sg13g2_dlygate4sd3_1)
                                                         net49 (net)
                      0.056146    0.000142    1.304199 v _099_/D (sg13g2_dfrbpq_1)
                                              1.304199   data arrival time

                                  0.000000    0.000000   clock clk (rise edge)
                                  0.000000    0.000000   clock source latency
     1    0.045727    0.093818    0.065056    0.065056 ^ clk (in)
                                                         clk (net)
                      0.094743    0.000000    0.065056 ^ clkbuf_0_clk/A (sg13g2_buf_16)
     4    0.086111    0.054423    0.157242    0.222298 ^ clkbuf_0_clk/X (sg13g2_buf_16)
                                                         clknet_0_clk (net)
                      0.055767    0.006748    0.229046 ^ clkbuf_2_1__f_clk/A (sg13g2_buf_16)
     6    0.032685    0.034978    0.119312    0.348358 ^ clkbuf_2_1__f_clk/X (sg13g2_buf_16)
                                                         clknet_2_1__leaf_clk (net)
                      0.034987    0.001252    0.349610 ^ _099_/CLK (sg13g2_dfrbpq_1)
                                  0.250000    0.599610   clock uncertainty
                                 -0.044040    0.555570   clock reconvergence pessimism
                                 -0.059301    0.496269   library hold time
                                              0.496269   data required time
---------------------------------------------------------------------------------------------
                                              0.496269   data required time
                                             -1.304199   data arrival time
---------------------------------------------------------------------------------------------
                                              0.807929   slack (MET)


Startpoint: _113_ (rising edge-triggered flip-flop clocked by clk)
Endpoint: _113_ (rising edge-triggered flip-flop clocked by clk)
Path Group: clk
Path Type: min

Fanout         Cap        Slew       Delay        Time   Description
---------------------------------------------------------------------------------------------
                                  0.000000    0.000000   clock clk (rise edge)
                                  0.000000    0.000000   clock source latency
     1    0.043404    0.090241    0.055898    0.055898 ^ clk (in)
                                                         clk (net)
                      0.091072    0.000000    0.055898 ^ clkbuf_0_clk/A (sg13g2_buf_16)
     4    0.076819    0.050734    0.138003    0.193901 ^ clkbuf_0_clk/X (sg13g2_buf_16)
                                                         clknet_0_clk (net)
                      0.051885    0.005418    0.199318 ^ clkbuf_2_1__f_clk/A (sg13g2_buf_16)
     6    0.030363    0.034046    0.105209    0.304528 ^ clkbuf_2_1__f_clk/X (sg13g2_buf_16)
                                                         clknet_2_1__leaf_clk (net)
                      0.034049    0.000579    0.305107 ^ _113_/CLK (sg13g2_dfrbpq_1)
     3    0.011083    0.069776    0.275150    0.580257 v _113_/Q (sg13g2_dfrbpq_1)
                                                         internal_data_reg[5] (net)
                      0.069781    0.000636    0.580892 v _063_/A0 (sg13g2_mux2_1)
     1    0.002020    0.043025    0.168241    0.749134 v _063_/X (sg13g2_mux2_1)
                                                         _035_ (net)
                      0.043025    0.000125    0.749259 v hold41/A (sg13g2_dlygate4sd3_1)
     1    0.001682    0.053237    0.557499    1.306758 v hold41/X (sg13g2_dlygate4sd3_1)
                                                         net41 (net)
                      0.053237    0.000060    1.306818 v _113_/D (sg13g2_dfrbpq_1)
                                              1.306818   data arrival time

                                  0.000000    0.000000   clock clk (rise edge)
                                  0.000000    0.000000   clock source latency
     1    0.045727    0.093818    0.065056    0.065056 ^ clk (in)
                                                         clk (net)
                      0.094743    0.000000    0.065056 ^ clkbuf_0_clk/A (sg13g2_buf_16)
     4    0.086111    0.054423    0.157242    0.222298 ^ clkbuf_0_clk/X (sg13g2_buf_16)
                                                         clknet_0_clk (net)
                      0.055767    0.006748    0.229046 ^ clkbuf_2_1__f_clk/A (sg13g2_buf_16)
     6    0.032685    0.034978    0.119312    0.348358 ^ clkbuf_2_1__f_clk/X (sg13g2_buf_16)
                                                         clknet_2_1__leaf_clk (net)
                      0.034981    0.000695    0.349053 ^ _113_/CLK (sg13g2_dfrbpq_1)
                                  0.250000    0.599053   clock uncertainty
                                 -0.043947    0.555107   clock reconvergence pessimism
                                 -0.058131    0.496975   library hold time
                                              0.496975   data required time
---------------------------------------------------------------------------------------------
                                              0.496975   data required time
                                             -1.306818   data arrival time
---------------------------------------------------------------------------------------------
                                              0.809842   slack (MET)


Startpoint: _109_ (rising edge-triggered flip-flop clocked by clk)
Endpoint: _110_ (rising edge-triggered flip-flop clocked by clk)
Path Group: clk
Path Type: min

Fanout         Cap        Slew       Delay        Time   Description
---------------------------------------------------------------------------------------------
                                  0.000000    0.000000   clock clk (rise edge)
                                  0.000000    0.000000   clock source latency
     1    0.043404    0.090241    0.055898    0.055898 ^ clk (in)
                                                         clk (net)
                      0.091072    0.000000    0.055898 ^ clkbuf_0_clk/A (sg13g2_buf_16)
     4    0.076819    0.050734    0.138003    0.193901 ^ clkbuf_0_clk/X (sg13g2_buf_16)
                                                         clknet_0_clk (net)
                      0.052136    0.006138    0.200039 ^ clkbuf_2_0__f_clk/A (sg13g2_buf_16)
     6    0.035909    0.035970    0.106713    0.306753 ^ clkbuf_2_0__f_clk/X (sg13g2_buf_16)
                                                         clknet_2_0__leaf_clk (net)
                      0.035995    0.001821    0.308574 ^ _109_/CLK (sg13g2_dfrbpq_1)
     1    0.002448    0.029681    0.243560    0.552134 v _109_/Q (sg13g2_dfrbpq_1)
                                                         internal_data_reg[1] (net)
                      0.029681    0.000149    0.552283 v hold50/A (sg13g2_dlygate4sd3_1)
     3    0.010706    0.095834    0.598046    1.150329 v hold50/X (sg13g2_dlygate4sd3_1)
                                                         net50 (net)
                      0.095834    0.000548    1.150876 v _066_/A1 (sg13g2_mux2_1)
     1    0.001597    0.041189    0.176248    1.327124 v _066_/X (sg13g2_mux2_1)
                                                         _032_ (net)
                      0.041189    0.000058    1.327182 v _110_/D (sg13g2_dfrbpq_1)
                                              1.327182   data arrival time

                                  0.000000    0.000000   clock clk (rise edge)
                                  0.000000    0.000000   clock source latency
     1    0.045727    0.093818    0.065056    0.065056 ^ clk (in)
                                                         clk (net)
                      0.094743    0.000000    0.065056 ^ clkbuf_0_clk/A (sg13g2_buf_16)
     4    0.086111    0.054423    0.157242    0.222298 ^ clkbuf_0_clk/X (sg13g2_buf_16)
                                                         clknet_0_clk (net)
                      0.056083    0.007658    0.229956 ^ clkbuf_2_0__f_clk/A (sg13g2_buf_16)
     6    0.038231    0.036895    0.120987    0.350943 ^ clkbuf_2_0__f_clk/X (sg13g2_buf_16)
                                                         clknet_2_0__leaf_clk (net)
                      0.036921    0.002060    0.353003 ^ _110_/CLK (sg13g2_dfrbpq_1)
                                  0.250000    0.603003   clock uncertainty
                                 -0.044190    0.558813   clock reconvergence pessimism
                                 -0.052720    0.506094   library hold time
                                              0.506094   data required time
---------------------------------------------------------------------------------------------
                                              0.506094   data required time
                                             -1.327182   data arrival time
---------------------------------------------------------------------------------------------
                                              0.821089   slack (MET)


Startpoint: _109_ (rising edge-triggered flip-flop clocked by clk)
Endpoint: _109_ (rising edge-triggered flip-flop clocked by clk)
Path Group: clk
Path Type: min

Fanout         Cap        Slew       Delay        Time   Description
---------------------------------------------------------------------------------------------
                                  0.000000    0.000000   clock clk (rise edge)
                                  0.000000    0.000000   clock source latency
     1    0.043404    0.090241    0.055898    0.055898 ^ clk (in)
                                                         clk (net)
                      0.091072    0.000000    0.055898 ^ clkbuf_0_clk/A (sg13g2_buf_16)
     4    0.076819    0.050734    0.138003    0.193901 ^ clkbuf_0_clk/X (sg13g2_buf_16)
                                                         clknet_0_clk (net)
                      0.052136    0.006138    0.200039 ^ clkbuf_2_0__f_clk/A (sg13g2_buf_16)
     6    0.035909    0.035970    0.106713    0.306753 ^ clkbuf_2_0__f_clk/X (sg13g2_buf_16)
                                                         clknet_2_0__leaf_clk (net)
                      0.035995    0.001821    0.308574 ^ _109_/CLK (sg13g2_dfrbpq_1)
     1    0.002448    0.029681    0.243560    0.552134 v _109_/Q (sg13g2_dfrbpq_1)
                                                         internal_data_reg[1] (net)
                      0.029681    0.000149    0.552283 v hold50/A (sg13g2_dlygate4sd3_1)
     3    0.010706    0.095834    0.598046    1.150329 v hold50/X (sg13g2_dlygate4sd3_1)
                                                         net50 (net)
                      0.095834    0.000526    1.150855 v _067_/A0 (sg13g2_mux2_1)
     1    0.001551    0.040984    0.176149    1.327004 v _067_/X (sg13g2_mux2_1)
                                                         _031_ (net)
                      0.040984    0.000057    1.327061 v _109_/D (sg13g2_dfrbpq_1)
                                              1.327061   data arrival time

                                  0.000000    0.000000   clock clk (rise edge)
                                  0.000000    0.000000   clock source latency
     1    0.045727    0.093818    0.065056    0.065056 ^ clk (in)
                                                         clk (net)
                      0.094743    0.000000    0.065056 ^ clkbuf_0_clk/A (sg13g2_buf_16)
     4    0.086111    0.054423    0.157242    0.222298 ^ clkbuf_0_clk/X (sg13g2_buf_16)
                                                         clknet_0_clk (net)
                      0.056083    0.007658    0.229956 ^ clkbuf_2_0__f_clk/A (sg13g2_buf_16)
     6    0.038231    0.036895    0.120987    0.350943 ^ clkbuf_2_0__f_clk/X (sg13g2_buf_16)
                                                         clknet_2_0__leaf_clk (net)
                      0.036924    0.002156    0.353099 ^ _109_/CLK (sg13g2_dfrbpq_1)
                                  0.250000    0.603099   clock uncertainty
                                 -0.044524    0.558574   clock reconvergence pessimism
                                 -0.052636    0.505938   library hold time
                                              0.505938   data required time
---------------------------------------------------------------------------------------------
                                              0.505938   data required time
                                             -1.327061   data arrival time
---------------------------------------------------------------------------------------------
                                              0.821123   slack (MET)


Startpoint: _114_ (rising edge-triggered flip-flop clocked by clk)
Endpoint: _102_ (rising edge-triggered flip-flop clocked by clk)
Path Group: clk
Path Type: min

Fanout         Cap        Slew       Delay        Time   Description
---------------------------------------------------------------------------------------------
                                  0.000000    0.000000   clock clk (rise edge)
                                  0.000000    0.000000   clock source latency
     1    0.043404    0.090241    0.055898    0.055898 ^ clk (in)
                                                         clk (net)
                      0.091072    0.000000    0.055898 ^ clkbuf_0_clk/A (sg13g2_buf_16)
     4    0.076819    0.050734    0.138003    0.193901 ^ clkbuf_0_clk/X (sg13g2_buf_16)
                                                         clknet_0_clk (net)
                      0.051604    0.004516    0.198417 ^ clkbuf_2_2__f_clk/A (sg13g2_buf_16)
     6    0.037373    0.036455    0.106847    0.305264 ^ clkbuf_2_2__f_clk/X (sg13g2_buf_16)
                                                         clknet_2_2__leaf_clk (net)
                      0.036506    0.002307    0.307571 ^ _114_/CLK (sg13g2_dfrbpq_1)
     3    0.012543    0.076926    0.281988    0.589559 v _114_/Q (sg13g2_dfrbpq_1)
                                                         internal_data_reg[6] (net)
                      0.076930    0.000614    0.590173 v _074_/A1 (sg13g2_mux2_1)
     1    0.002693    0.045884    0.174359    0.764532 v _074_/X (sg13g2_mux2_1)
                                                         _024_ (net)
                      0.045884    0.000165    0.764697 v hold30/A (sg13g2_dlygate4sd3_1)
     1    0.001450    0.052145    0.557776    1.322473 v hold30/X (sg13g2_dlygate4sd3_1)
                                                         net30 (net)
                      0.052145    0.000054    1.322527 v _102_/D (sg13g2_dfrbpq_1)
                                              1.322527   data arrival time

                                  0.000000    0.000000   clock clk (rise edge)
                                  0.000000    0.000000   clock source latency
     1    0.045727    0.093818    0.065056    0.065056 ^ clk (in)
                                                         clk (net)
                      0.094743    0.000000    0.065056 ^ clkbuf_0_clk/A (sg13g2_buf_16)
     4    0.086111    0.054423    0.157242    0.222298 ^ clkbuf_0_clk/X (sg13g2_buf_16)
                                                         clknet_0_clk (net)
                      0.055418    0.005620    0.227918 ^ clkbuf_2_2__f_clk/A (sg13g2_buf_16)
     6    0.039695    0.037375    0.121061    0.348979 ^ clkbuf_2_2__f_clk/X (sg13g2_buf_16)
                                                         clknet_2_2__leaf_clk (net)
                      0.037428    0.002613    0.351592 ^ _102_/CLK (sg13g2_dfrbpq_1)
                                  0.250000    0.601592   clock uncertainty
                                 -0.043715    0.557877   clock reconvergence pessimism
                                 -0.056986    0.500891   library hold time
                                              0.500891   data required time
---------------------------------------------------------------------------------------------
                                              0.500891   data required time
                                             -1.322527   data arrival time
---------------------------------------------------------------------------------------------
                                              0.821636   slack (MET)


Startpoint: _107_ (rising edge-triggered flip-flop clocked by clk)
Endpoint: _107_ (rising edge-triggered flip-flop clocked by clk)
Path Group: clk
Path Type: min

Fanout         Cap        Slew       Delay        Time   Description
---------------------------------------------------------------------------------------------
                                  0.000000    0.000000   clock clk (rise edge)
                                  0.000000    0.000000   clock source latency
     1    0.043404    0.090241    0.055898    0.055898 ^ clk (in)
                                                         clk (net)
                      0.091072    0.000000    0.055898 ^ clkbuf_0_clk/A (sg13g2_buf_16)
     4    0.076819    0.050734    0.138003    0.193901 ^ clkbuf_0_clk/X (sg13g2_buf_16)
                                                         clknet_0_clk (net)
                      0.051691    0.004807    0.198708 ^ clkbuf_2_3__f_clk/A (sg13g2_buf_16)
     6    0.025137    0.032242    0.103501    0.302209 ^ clkbuf_2_3__f_clk/X (sg13g2_buf_16)
                                                         clknet_2_3__leaf_clk (net)
                      0.032286    0.002156    0.304365 ^ _107_/CLK (sg13g2_dfrbpq_1)
     2    0.011678    0.072647    0.276543    0.580908 v _107_/Q (sg13g2_dfrbpq_1)
                                                         net7 (net)
                      0.072649    0.000444    0.581352 v _069_/A0 (sg13g2_mux2_1)
     1    0.002923    0.046774    0.173948    0.755300 v _069_/X (sg13g2_mux2_1)
                                                         _029_ (net)
                      0.046774    0.000102    0.755402 v hold32/A (sg13g2_dlygate4sd3_1)
     1    0.002179    0.055518    0.562113    1.317515 v hold32/X (sg13g2_dlygate4sd3_1)
                                                         net32 (net)
                      0.055519    0.000076    1.317591 v _107_/D (sg13g2_dfrbpq_1)
                                              1.317591   data arrival time

                                  0.000000    0.000000   clock clk (rise edge)
                                  0.000000    0.000000   clock source latency
     1    0.045727    0.093818    0.065056    0.065056 ^ clk (in)
                                                         clk (net)
                      0.094743    0.000000    0.065056 ^ clkbuf_0_clk/A (sg13g2_buf_16)
     4    0.086111    0.054423    0.157242    0.222298 ^ clkbuf_0_clk/X (sg13g2_buf_16)
                                                         clknet_0_clk (net)
                      0.055527    0.005986    0.228284 ^ clkbuf_2_3__f_clk/A (sg13g2_buf_16)
     6    0.027459    0.033185    0.117375    0.345659 ^ clkbuf_2_3__f_clk/X (sg13g2_buf_16)
                                                         clknet_2_3__leaf_clk (net)
                      0.033237    0.002605    0.348264 ^ _107_/CLK (sg13g2_dfrbpq_1)
                                  0.250000    0.598264   clock uncertainty
                                 -0.043899    0.554365   clock reconvergence pessimism
                                 -0.059552    0.494813   library hold time
                                              0.494813   data required time
---------------------------------------------------------------------------------------------
                                              0.494813   data required time
                                             -1.317591   data arrival time
---------------------------------------------------------------------------------------------
                                              0.822779   slack (MET)


Startpoint: _114_ (rising edge-triggered flip-flop clocked by clk)
Endpoint: _114_ (rising edge-triggered flip-flop clocked by clk)
Path Group: clk
Path Type: min

Fanout         Cap        Slew       Delay        Time   Description
---------------------------------------------------------------------------------------------
                                  0.000000    0.000000   clock clk (rise edge)
                                  0.000000    0.000000   clock source latency
     1    0.043404    0.090241    0.055898    0.055898 ^ clk (in)
                                                         clk (net)
                      0.091072    0.000000    0.055898 ^ clkbuf_0_clk/A (sg13g2_buf_16)
     4    0.076819    0.050734    0.138003    0.193901 ^ clkbuf_0_clk/X (sg13g2_buf_16)
                                                         clknet_0_clk (net)
                      0.051604    0.004516    0.198417 ^ clkbuf_2_2__f_clk/A (sg13g2_buf_16)
     6    0.037373    0.036455    0.106847    0.305264 ^ clkbuf_2_2__f_clk/X (sg13g2_buf_16)
                                                         clknet_2_2__leaf_clk (net)
                      0.036506    0.002307    0.307571 ^ _114_/CLK (sg13g2_dfrbpq_1)
     3    0.012543    0.076926    0.281988    0.589559 v _114_/Q (sg13g2_dfrbpq_1)
                                                         internal_data_reg[6] (net)
                      0.076932    0.000691    0.590250 v _062_/A0 (sg13g2_mux2_1)
     1    0.002691    0.045916    0.174457    0.764706 v _062_/X (sg13g2_mux2_1)
                                                         _036_ (net)
                      0.045916    0.000148    0.764855 v hold43/A (sg13g2_dlygate4sd3_1)
     1    0.001772    0.053666    0.559503    1.324357 v hold43/X (sg13g2_dlygate4sd3_1)
                                                         net43 (net)
                      0.053666    0.000065    1.324422 v _114_/D (sg13g2_dfrbpq_1)
                                              1.324422   data arrival time

                                  0.000000    0.000000   clock clk (rise edge)
                                  0.000000    0.000000   clock source latency
     1    0.045727    0.093818    0.065056    0.065056 ^ clk (in)
                                                         clk (net)
                      0.094743    0.000000    0.065056 ^ clkbuf_0_clk/A (sg13g2_buf_16)
     4    0.086111    0.054423    0.157242    0.222298 ^ clkbuf_0_clk/X (sg13g2_buf_16)
                                                         clknet_0_clk (net)
                      0.055418    0.005620    0.227918 ^ clkbuf_2_2__f_clk/A (sg13g2_buf_16)
     6    0.039695    0.037375    0.121061    0.348979 ^ clkbuf_2_2__f_clk/X (sg13g2_buf_16)
                                                         clknet_2_2__leaf_clk (net)
                      0.037432    0.002705    0.351684 ^ _114_/CLK (sg13g2_dfrbpq_1)
                                  0.250000    0.601684   clock uncertainty
                                 -0.044113    0.557571   clock reconvergence pessimism
                                 -0.057598    0.499973   library hold time
                                              0.499973   data required time
---------------------------------------------------------------------------------------------
                                              0.499973   data required time
                                             -1.324422   data arrival time
---------------------------------------------------------------------------------------------
                                              0.824449   slack (MET)


Startpoint: _098_ (rising edge-triggered flip-flop clocked by clk)
Endpoint: _098_ (rising edge-triggered flip-flop clocked by clk)
Path Group: clk
Path Type: min

Fanout         Cap        Slew       Delay        Time   Description
---------------------------------------------------------------------------------------------
                                  0.000000    0.000000   clock clk (rise edge)
                                  0.000000    0.000000   clock source latency
     1    0.043404    0.090241    0.055898    0.055898 ^ clk (in)
                                                         clk (net)
                      0.091072    0.000000    0.055898 ^ clkbuf_0_clk/A (sg13g2_buf_16)
     4    0.076819    0.050734    0.138003    0.193901 ^ clkbuf_0_clk/X (sg13g2_buf_16)
                                                         clknet_0_clk (net)
                      0.051885    0.005418    0.199318 ^ clkbuf_2_1__f_clk/A (sg13g2_buf_16)
     6    0.030363    0.034046    0.105209    0.304528 ^ clkbuf_2_1__f_clk/X (sg13g2_buf_16)
                                                         clknet_2_1__leaf_clk (net)
                      0.034056    0.001142    0.305670 ^ _098_/CLK (sg13g2_dfrbpq_1)
     2    0.015010    0.089137    0.289880    0.595550 v _098_/Q (sg13g2_dfrbpq_1)
                                                         net9 (net)
                      0.089142    0.000740    0.596290 v _053_/A0 (sg13g2_mux2_1)
     1    0.001924    0.042569    0.175399    0.771689 v _053_/X (sg13g2_mux2_1)
                                                         _044_ (net)
                      0.042570    0.000068    0.771756 v hold47/A (sg13g2_dlygate4sd3_1)
     1    0.001450    0.052138    0.556028    1.327784 v hold47/X (sg13g2_dlygate4sd3_1)
                                                         net47 (net)
                      0.052139    0.000054    1.327838 v _098_/D (sg13g2_dfrbpq_1)
                                              1.327838   data arrival time

                                  0.000000    0.000000   clock clk (rise edge)
                                  0.000000    0.000000   clock source latency
     1    0.045727    0.093818    0.065056    0.065056 ^ clk (in)
                                                         clk (net)
                      0.094743    0.000000    0.065056 ^ clkbuf_0_clk/A (sg13g2_buf_16)
     4    0.086111    0.054423    0.157242    0.222298 ^ clkbuf_0_clk/X (sg13g2_buf_16)
                                                         clknet_0_clk (net)
                      0.055767    0.006748    0.229046 ^ clkbuf_2_1__f_clk/A (sg13g2_buf_16)
     6    0.032685    0.034978    0.119312    0.348358 ^ clkbuf_2_1__f_clk/X (sg13g2_buf_16)
                                                         clknet_2_1__leaf_clk (net)
                      0.034988    0.001371    0.349729 ^ _098_/CLK (sg13g2_dfrbpq_1)
                                  0.250000    0.599729   clock uncertainty
                                 -0.044058    0.555670   clock reconvergence pessimism
                                 -0.057687    0.497984   library hold time
                                              0.497984   data required time
---------------------------------------------------------------------------------------------
                                              0.497984   data required time
                                             -1.327838   data arrival time
---------------------------------------------------------------------------------------------
                                              0.829854   slack (MET)


Startpoint: _114_ (rising edge-triggered flip-flop clocked by clk)
Endpoint: _115_ (rising edge-triggered flip-flop clocked by clk)
Path Group: clk
Path Type: min

Fanout         Cap        Slew       Delay        Time   Description
---------------------------------------------------------------------------------------------
                                  0.000000    0.000000   clock clk (rise edge)
                                  0.000000    0.000000   clock source latency
     1    0.043404    0.090241    0.055898    0.055898 ^ clk (in)
                                                         clk (net)
                      0.091072    0.000000    0.055898 ^ clkbuf_0_clk/A (sg13g2_buf_16)
     4    0.076819    0.050734    0.138003    0.193901 ^ clkbuf_0_clk/X (sg13g2_buf_16)
                                                         clknet_0_clk (net)
                      0.051604    0.004516    0.198417 ^ clkbuf_2_2__f_clk/A (sg13g2_buf_16)
     6    0.037373    0.036455    0.106847    0.305264 ^ clkbuf_2_2__f_clk/X (sg13g2_buf_16)
                                                         clknet_2_2__leaf_clk (net)
                      0.036506    0.002307    0.307571 ^ _114_/CLK (sg13g2_dfrbpq_1)
     3    0.012543    0.076926    0.281988    0.589559 v _114_/Q (sg13g2_dfrbpq_1)
                                                         internal_data_reg[6] (net)
                      0.076930    0.000594    0.590153 v hold56/A (sg13g2_dlygate4sd3_1)
     1    0.003788    0.062756    0.586510    1.176663 v hold56/X (sg13g2_dlygate4sd3_1)
                                                         net56 (net)
                      0.062756    0.000240    1.176903 v _061_/A1 (sg13g2_mux2_1)
     1    0.001556    0.040864    0.163018    1.339921 v _061_/X (sg13g2_mux2_1)
                                                         _037_ (net)
                      0.040864    0.000057    1.339978 v _115_/D (sg13g2_dfrbpq_1)
                                              1.339978   data arrival time

                                  0.000000    0.000000   clock clk (rise edge)
                                  0.000000    0.000000   clock source latency
     1    0.045727    0.093818    0.065056    0.065056 ^ clk (in)
                                                         clk (net)
                      0.094743    0.000000    0.065056 ^ clkbuf_0_clk/A (sg13g2_buf_16)
     4    0.086111    0.054423    0.157242    0.222298 ^ clkbuf_0_clk/X (sg13g2_buf_16)
                                                         clknet_0_clk (net)
                      0.055418    0.005620    0.227918 ^ clkbuf_2_2__f_clk/A (sg13g2_buf_16)
     6    0.039695    0.037375    0.121061    0.348979 ^ clkbuf_2_2__f_clk/X (sg13g2_buf_16)
                                                         clknet_2_2__leaf_clk (net)
                      0.037422    0.002473    0.351452 ^ _115_/CLK (sg13g2_dfrbpq_1)
                                  0.250000    0.601452   clock uncertainty
                                 -0.043715    0.557737   clock reconvergence pessimism
                                 -0.052445    0.505292   library hold time
                                              0.505292   data required time
---------------------------------------------------------------------------------------------
                                              0.505292   data required time
                                             -1.339978   data arrival time
---------------------------------------------------------------------------------------------
                                              0.834686   slack (MET)


Startpoint: _110_ (rising edge-triggered flip-flop clocked by clk)
Endpoint: _111_ (rising edge-triggered flip-flop clocked by clk)
Path Group: clk
Path Type: min

Fanout         Cap        Slew       Delay        Time   Description
---------------------------------------------------------------------------------------------
                                  0.000000    0.000000   clock clk (rise edge)
                                  0.000000    0.000000   clock source latency
     1    0.043404    0.090241    0.055898    0.055898 ^ clk (in)
                                                         clk (net)
                      0.091072    0.000000    0.055898 ^ clkbuf_0_clk/A (sg13g2_buf_16)
     4    0.076819    0.050734    0.138003    0.193901 ^ clkbuf_0_clk/X (sg13g2_buf_16)
                                                         clknet_0_clk (net)
                      0.052136    0.006138    0.200039 ^ clkbuf_2_0__f_clk/A (sg13g2_buf_16)
     6    0.035909    0.035970    0.106713    0.306753 ^ clkbuf_2_0__f_clk/X (sg13g2_buf_16)
                                                         clknet_2_0__leaf_clk (net)
                      0.035993    0.001740    0.308493 ^ _110_/CLK (sg13g2_dfrbpq_1)
     1    0.003307    0.033295    0.246818    0.555310 v _110_/Q (sg13g2_dfrbpq_1)
                                                         internal_data_reg[2] (net)
                      0.033295    0.000196    0.555506 v hold46/A (sg13g2_dlygate4sd3_1)
     3    0.011331    0.099192    0.603235    1.158741 v hold46/X (sg13g2_dlygate4sd3_1)
                                                         net46 (net)
                      0.099321    0.000617    1.159358 v _065_/A1 (sg13g2_mux2_1)
     1    0.002182    0.043727    0.180588    1.339947 v _065_/X (sg13g2_mux2_1)
                                                         _033_ (net)
                      0.043727    0.000076    1.340023 v _111_/D (sg13g2_dfrbpq_1)
                                              1.340023   data arrival time

                                  0.000000    0.000000   clock clk (rise edge)
                                  0.000000    0.000000   clock source latency
     1    0.045727    0.093818    0.065056    0.065056 ^ clk (in)
                                                         clk (net)
                      0.094743    0.000000    0.065056 ^ clkbuf_0_clk/A (sg13g2_buf_16)
     4    0.086111    0.054423    0.157242    0.222298 ^ clkbuf_0_clk/X (sg13g2_buf_16)
                                                         clknet_0_clk (net)
                      0.056083    0.007658    0.229956 ^ clkbuf_2_0__f_clk/A (sg13g2_buf_16)
     6    0.038231    0.036895    0.120987    0.350943 ^ clkbuf_2_0__f_clk/X (sg13g2_buf_16)
                                                         clknet_2_0__leaf_clk (net)
                      0.036917    0.001915    0.352857 ^ _111_/CLK (sg13g2_dfrbpq_1)
                                  0.250000    0.602857   clock uncertainty
                                 -0.044190    0.558668   clock reconvergence pessimism
                                 -0.053743    0.504924   library hold time
                                              0.504924   data required time
---------------------------------------------------------------------------------------------
                                              0.504924   data required time
                                             -1.340023   data arrival time
---------------------------------------------------------------------------------------------
                                              0.835099   slack (MET)


Startpoint: _121_ (rising edge-triggered flip-flop clocked by clk)
Endpoint: _121_ (rising edge-triggered flip-flop clocked by clk)
Path Group: clk
Path Type: min

Fanout         Cap        Slew       Delay        Time   Description
---------------------------------------------------------------------------------------------
                                  0.000000    0.000000   clock clk (rise edge)
                                  0.000000    0.000000   clock source latency
     1    0.043404    0.090241    0.055898    0.055898 ^ clk (in)
                                                         clk (net)
                      0.091072    0.000000    0.055898 ^ clkbuf_0_clk/A (sg13g2_buf_16)
     4    0.076819    0.050734    0.138003    0.193901 ^ clkbuf_0_clk/X (sg13g2_buf_16)
                                                         clknet_0_clk (net)
                      0.051885    0.005418    0.199318 ^ clkbuf_2_1__f_clk/A (sg13g2_buf_16)
     6    0.030363    0.034046    0.105209    0.304528 ^ clkbuf_2_1__f_clk/X (sg13g2_buf_16)
                                                         clknet_2_1__leaf_clk (net)
                      0.034058    0.001292    0.305820 ^ _121_/CLK (sg13g2_dfrbpq_1)
     2    0.015793    0.093006    0.292854    0.598674 v _121_/Q (sg13g2_dfrbpq_1)
                                                         net8 (net)
                      0.093011    0.000716    0.599390 v _054_/A0 (sg13g2_mux2_1)
     1    0.001570    0.041026    0.175128    0.774518 v _054_/X (sg13g2_mux2_1)
                                                         _043_ (net)
                      0.041026    0.000058    0.774576 v hold51/A (sg13g2_dlygate4sd3_1)
     1    0.002006    0.054750    0.558157    1.332733 v hold51/X (sg13g2_dlygate4sd3_1)
                                                         net51 (net)
                      0.054750    0.000133    1.332866 v _121_/D (sg13g2_dfrbpq_1)
                                              1.332866   data arrival time

                                  0.000000    0.000000   clock clk (rise edge)
                                  0.000000    0.000000   clock source latency
     1    0.045727    0.093818    0.065056    0.065056 ^ clk (in)
                                                         clk (net)
                      0.094743    0.000000    0.065056 ^ clkbuf_0_clk/A (sg13g2_buf_16)
     4    0.086111    0.054423    0.157242    0.222298 ^ clkbuf_0_clk/X (sg13g2_buf_16)
                                                         clknet_0_clk (net)
                      0.055767    0.006748    0.229046 ^ clkbuf_2_1__f_clk/A (sg13g2_buf_16)
     6    0.032685    0.034978    0.119312    0.348358 ^ clkbuf_2_1__f_clk/X (sg13g2_buf_16)
                                                         clknet_2_1__leaf_clk (net)
                      0.034991    0.001540    0.349898 ^ _121_/CLK (sg13g2_dfrbpq_1)
                                  0.250000    0.599898   clock uncertainty
                                 -0.044078    0.555820   clock reconvergence pessimism
                                 -0.058737    0.497082   library hold time
                                              0.497082   data required time
---------------------------------------------------------------------------------------------
                                              0.497082   data required time
                                             -1.332866   data arrival time
---------------------------------------------------------------------------------------------
                                              0.835784   slack (MET)


Startpoint: _111_ (rising edge-triggered flip-flop clocked by clk)
Endpoint: _112_ (rising edge-triggered flip-flop clocked by clk)
Path Group: clk
Path Type: min

Fanout         Cap        Slew       Delay        Time   Description
---------------------------------------------------------------------------------------------
                                  0.000000    0.000000   clock clk (rise edge)
                                  0.000000    0.000000   clock source latency
     1    0.043404    0.090241    0.055898    0.055898 ^ clk (in)
                                                         clk (net)
                      0.091072    0.000000    0.055898 ^ clkbuf_0_clk/A (sg13g2_buf_16)
     4    0.076819    0.050734    0.138003    0.193901 ^ clkbuf_0_clk/X (sg13g2_buf_16)
                                                         clknet_0_clk (net)
                      0.052136    0.006138    0.200039 ^ clkbuf_2_0__f_clk/A (sg13g2_buf_16)
     6    0.035909    0.035970    0.106713    0.306753 ^ clkbuf_2_0__f_clk/X (sg13g2_buf_16)
                                                         clknet_2_0__leaf_clk (net)
                      0.035990    0.001618    0.308371 ^ _111_/CLK (sg13g2_dfrbpq_1)
     1    0.002379    0.029381    0.243296    0.551667 v _111_/Q (sg13g2_dfrbpq_1)
                                                         internal_data_reg[3] (net)
                      0.029381    0.000146    0.551813 v hold48/A (sg13g2_dlygate4sd3_1)
     3    0.012363    0.104956    0.606595    1.158407 v hold48/X (sg13g2_dlygate4sd3_1)
                                                         net48 (net)
                      0.104959    0.000661    1.159068 v _064_/A1 (sg13g2_mux2_1)
     1    0.002220    0.043894    0.182999    1.342068 v _064_/X (sg13g2_mux2_1)
                                                         _034_ (net)
                      0.043894    0.000133    1.342201 v _112_/D (sg13g2_dfrbpq_1)
                                              1.342201   data arrival time

                                  0.000000    0.000000   clock clk (rise edge)
                                  0.000000    0.000000   clock source latency
     1    0.045727    0.093818    0.065056    0.065056 ^ clk (in)
                                                         clk (net)
                      0.094743    0.000000    0.065056 ^ clkbuf_0_clk/A (sg13g2_buf_16)
     4    0.086111    0.054423    0.157242    0.222298 ^ clkbuf_0_clk/X (sg13g2_buf_16)
                                                         clknet_0_clk (net)
                      0.056083    0.007658    0.229956 ^ clkbuf_2_0__f_clk/A (sg13g2_buf_16)
     6    0.038231    0.036895    0.120987    0.350943 ^ clkbuf_2_0__f_clk/X (sg13g2_buf_16)
                                                         clknet_2_0__leaf_clk (net)
                      0.036921    0.002053    0.352995 ^ _112_/CLK (sg13g2_dfrbpq_1)
                                  0.250000    0.602995   clock uncertainty
                                 -0.044190    0.558806   clock reconvergence pessimism
                                 -0.053809    0.504996   library hold time
                                              0.504996   data required time
---------------------------------------------------------------------------------------------
                                              0.504996   data required time
                                             -1.342201   data arrival time
---------------------------------------------------------------------------------------------
                                              0.837205   slack (MET)


Startpoint: _116_ (rising edge-triggered flip-flop clocked by clk)
Endpoint: _116_ (rising edge-triggered flip-flop clocked by clk)
Path Group: clk
Path Type: min

Fanout         Cap        Slew       Delay        Time   Description
---------------------------------------------------------------------------------------------
                                  0.000000    0.000000   clock clk (rise edge)
                                  0.000000    0.000000   clock source latency
     1    0.043404    0.090241    0.055898    0.055898 ^ clk (in)
                                                         clk (net)
                      0.091072    0.000000    0.055898 ^ clkbuf_0_clk/A (sg13g2_buf_16)
     4    0.076819    0.050734    0.138003    0.193901 ^ clkbuf_0_clk/X (sg13g2_buf_16)
                                                         clknet_0_clk (net)
                      0.051604    0.004516    0.198417 ^ clkbuf_2_2__f_clk/A (sg13g2_buf_16)
     6    0.037373    0.036455    0.106847    0.305264 ^ clkbuf_2_2__f_clk/X (sg13g2_buf_16)
                                                         clknet_2_2__leaf_clk (net)
                      0.036460    0.000809    0.306073 ^ _116_/CLK (sg13g2_dfrbpq_1)
     2    0.006311    0.046803    0.258425    0.564497 v _116_/Q (sg13g2_dfrbpq_1)
                                                         internal_data_reg[8] (net)
                      0.046803    0.000360    0.564858 v hold44/A (sg13g2_dlygate4sd3_1)
     2    0.010719    0.095936    0.607123    1.171981 v hold44/X (sg13g2_dlygate4sd3_1)
                                                         net44 (net)
                      0.095936    0.000630    1.172611 v _060_/A0 (sg13g2_mux2_1)
     1    0.001551    0.040843    0.176186    1.348797 v _060_/X (sg13g2_mux2_1)
                                                         _038_ (net)
                      0.040843    0.000057    1.348854 v _116_/D (sg13g2_dfrbpq_1)
                                              1.348854   data arrival time

                                  0.000000    0.000000   clock clk (rise edge)
                                  0.000000    0.000000   clock source latency
     1    0.045727    0.093818    0.065056    0.065056 ^ clk (in)
                                                         clk (net)
                      0.094743    0.000000    0.065056 ^ clkbuf_0_clk/A (sg13g2_buf_16)
     4    0.086111    0.054423    0.157242    0.222298 ^ clkbuf_0_clk/X (sg13g2_buf_16)
                                                         clknet_0_clk (net)
                      0.055418    0.005620    0.227918 ^ clkbuf_2_2__f_clk/A (sg13g2_buf_16)
     6    0.039695    0.037375    0.121061    0.348979 ^ clkbuf_2_2__f_clk/X (sg13g2_buf_16)
                                                         clknet_2_2__leaf_clk (net)
                      0.037380    0.000954    0.349933 ^ _116_/CLK (sg13g2_dfrbpq_1)
                                  0.250000    0.599933   clock uncertainty
                                 -0.043860    0.556073   clock reconvergence pessimism
                                 -0.052448    0.503624   library hold time
                                              0.503624   data required time
---------------------------------------------------------------------------------------------
                                              0.503624   data required time
                                             -1.348854   data arrival time
---------------------------------------------------------------------------------------------
                                              0.845230   slack (MET)


Startpoint: _120_ (rising edge-triggered flip-flop clocked by clk)
Endpoint: _120_ (rising edge-triggered flip-flop clocked by clk)
Path Group: clk
Path Type: min

Fanout         Cap        Slew       Delay        Time   Description
---------------------------------------------------------------------------------------------
                                  0.000000    0.000000   clock clk (rise edge)
                                  0.000000    0.000000   clock source latency
     1    0.043404    0.090241    0.055898    0.055898 ^ clk (in)
                                                         clk (net)
                      0.091072    0.000000    0.055898 ^ clkbuf_0_clk/A (sg13g2_buf_16)
     4    0.076819    0.050734    0.138003    0.193901 ^ clkbuf_0_clk/X (sg13g2_buf_16)
                                                         clknet_0_clk (net)
                      0.052136    0.006138    0.200039 ^ clkbuf_2_0__f_clk/A (sg13g2_buf_16)
     6    0.035909    0.035970    0.106713    0.306753 ^ clkbuf_2_0__f_clk/X (sg13g2_buf_16)
                                                         clknet_2_0__leaf_clk (net)
                      0.035998    0.001904    0.308657 ^ _120_/CLK (sg13g2_dfrbpq_1)
     2    0.015441    0.091272    0.292546    0.601203 v _120_/Q (sg13g2_dfrbpq_1)
                                                         net5 (net)
                      0.091276    0.000659    0.601863 v hold57/A (sg13g2_dlygate4sd3_1)
     1    0.003669    0.062260    0.593446    1.195309 v hold57/X (sg13g2_dlygate4sd3_1)
                                                         net57 (net)
                      0.062260    0.000237    1.195546 v _055_/A0 (sg13g2_mux2_1)
     1    0.002270    0.044068    0.166538    1.362084 v _055_/X (sg13g2_mux2_1)
                                                         _042_ (net)
                      0.044068    0.000141    1.362226 v _120_/D (sg13g2_dfrbpq_1)
                                              1.362226   data arrival time

                                  0.000000    0.000000   clock clk (rise edge)
                                  0.000000    0.000000   clock source latency
     1    0.045727    0.093818    0.065056    0.065056 ^ clk (in)
                                                         clk (net)
                      0.094743    0.000000    0.065056 ^ clkbuf_0_clk/A (sg13g2_buf_16)
     4    0.086111    0.054423    0.157242    0.222298 ^ clkbuf_0_clk/X (sg13g2_buf_16)
                                                         clknet_0_clk (net)
                      0.056083    0.007658    0.229956 ^ clkbuf_2_0__f_clk/A (sg13g2_buf_16)
     6    0.038231    0.036895    0.120987    0.350943 ^ clkbuf_2_0__f_clk/X (sg13g2_buf_16)
                                                         clknet_2_0__leaf_clk (net)
                      0.036927    0.002250    0.353192 ^ _120_/CLK (sg13g2_dfrbpq_1)
                                  0.250000    0.603193   clock uncertainty
                                 -0.044535    0.558657   clock reconvergence pessimism
                                 -0.053878    0.504779   library hold time
                                              0.504779   data required time
---------------------------------------------------------------------------------------------
                                              0.504779   data required time
                                             -1.362226   data arrival time
---------------------------------------------------------------------------------------------
                                              0.857446   slack (MET)


Startpoint: _108_ (rising edge-triggered flip-flop clocked by clk)
Endpoint: _108_ (rising edge-triggered flip-flop clocked by clk)
Path Group: clk
Path Type: min

Fanout         Cap        Slew       Delay        Time   Description
---------------------------------------------------------------------------------------------
                                  0.000000    0.000000   clock clk (rise edge)
                                  0.000000    0.000000   clock source latency
     1    0.043404    0.090241    0.055898    0.055898 ^ clk (in)
                                                         clk (net)
                      0.091072    0.000000    0.055898 ^ clkbuf_0_clk/A (sg13g2_buf_16)
     4    0.076819    0.050734    0.138003    0.193901 ^ clkbuf_0_clk/X (sg13g2_buf_16)
                                                         clknet_0_clk (net)
                      0.052136    0.006138    0.200039 ^ clkbuf_2_0__f_clk/A (sg13g2_buf_16)
     6    0.035909    0.035970    0.106713    0.306753 ^ clkbuf_2_0__f_clk/X (sg13g2_buf_16)
                                                         clknet_2_0__leaf_clk (net)
                      0.036005    0.002120    0.308873 ^ _108_/CLK (sg13g2_dfrbpq_1)
     1    0.011499    0.071873    0.277608    0.586481 v _108_/Q (sg13g2_dfrbpq_1)
                                                         internal_data_reg[0] (net)
                      0.071885    0.000890    0.587371 v hold54/A (sg13g2_dlygate4sd3_1)
     3    0.020025    0.148679    0.669178    1.256548 v hold54/X (sg13g2_dlygate4sd3_1)
                                                         net54 (net)
                      0.148685    0.000954    1.257502 v _068_/A0 (sg13g2_mux2_1)
     1    0.001569    0.041061    0.196995    1.454497 v _068_/X (sg13g2_mux2_1)
                                                         _030_ (net)
                      0.041061    0.000057    1.454554 v _108_/D (sg13g2_dfrbpq_1)
                                              1.454554   data arrival time

                                  0.000000    0.000000   clock clk (rise edge)
                                  0.000000    0.000000   clock source latency
     1    0.045727    0.093818    0.065056    0.065056 ^ clk (in)
                                                         clk (net)
                      0.094743    0.000000    0.065056 ^ clkbuf_0_clk/A (sg13g2_buf_16)
     4    0.086111    0.054423    0.157242    0.222298 ^ clkbuf_0_clk/X (sg13g2_buf_16)
                                                         clknet_0_clk (net)
                      0.056083    0.007658    0.229956 ^ clkbuf_2_0__f_clk/A (sg13g2_buf_16)
     6    0.038231    0.036895    0.120987    0.350943 ^ clkbuf_2_0__f_clk/X (sg13g2_buf_16)
                                                         clknet_2_0__leaf_clk (net)
                      0.036943    0.002491    0.353434 ^ _108_/CLK (sg13g2_dfrbpq_1)
                                  0.250000    0.603434   clock uncertainty
                                 -0.044561    0.558873   clock reconvergence pessimism
                                 -0.052662    0.506211   library hold time
                                              0.506211   data required time
---------------------------------------------------------------------------------------------
                                              0.506211   data required time
                                             -1.454554   data arrival time
---------------------------------------------------------------------------------------------
                                              0.948343   slack (MET)


Startpoint: reset (input port clocked by clk)
Endpoint: _119_ (removal check against rising-edge clock clk)
Path Group: asynchronous
Path Type: min

Fanout         Cap        Slew       Delay        Time   Description
---------------------------------------------------------------------------------------------
                                  0.000000    0.000000   clock clk (rise edge)
                                  0.000000    0.000000   clock network delay (propagated)
                                  4.000000    4.000000 v input external delay
     1    0.003458    0.028083    0.003736    4.003736 v reset (in)
                                                         reset (net)
                      0.028083    0.000000    4.003736 v input3/A (sg13g2_buf_1)
     1    0.016033    0.094944    0.135371    4.139106 v input3/X (sg13g2_buf_1)
                                                         net3 (net)
                      0.094978    0.001618    4.140725 v fanout22/A (sg13g2_buf_1)
     4    0.035985    0.192980    0.239772    4.380497 v fanout22/X (sg13g2_buf_1)
                                                         net22 (net)
                      0.192991    0.001553    4.382050 v _091_/A (sg13g2_inv_1)
     1    0.004713    0.072931    0.094066    4.476115 ^ _091_/Y (sg13g2_inv_1)
                                                         _017_ (net)
                      0.072931    0.000180    4.476295 ^ _119_/RESET_B (sg13g2_dfrbpq_1)
                                              4.476295   data arrival time

                                  0.000000    0.000000   clock clk (rise edge)
                                  0.000000    0.000000   clock source latency
     1    0.045727    0.093818    0.065056    0.065056 ^ clk (in)
                                                         clk (net)
                      0.094743    0.000000    0.065056 ^ clkbuf_0_clk/A (sg13g2_buf_16)
     4    0.086111    0.054423    0.157242    0.222298 ^ clkbuf_0_clk/X (sg13g2_buf_16)
                                                         clknet_0_clk (net)
                      0.055527    0.005986    0.228284 ^ clkbuf_2_3__f_clk/A (sg13g2_buf_16)
     6    0.027459    0.033185    0.117375    0.345659 ^ clkbuf_2_3__f_clk/X (sg13g2_buf_16)
                                                         clknet_2_3__leaf_clk (net)
                      0.033223    0.002256    0.347915 ^ _119_/CLK (sg13g2_dfrbpq_1)
                                  0.250000    0.597915   clock uncertainty
                                  0.000000    0.597915   clock reconvergence pessimism
                                 -0.184834    0.413081   library removal time
                                              0.413081   data required time
---------------------------------------------------------------------------------------------
                                              0.413081   data required time
                                             -4.476295   data arrival time
---------------------------------------------------------------------------------------------
                                              4.063214   slack (MET)


Startpoint: reset (input port clocked by clk)
Endpoint: _118_ (removal check against rising-edge clock clk)
Path Group: asynchronous
Path Type: min

Fanout         Cap        Slew       Delay        Time   Description
---------------------------------------------------------------------------------------------
                                  0.000000    0.000000   clock clk (rise edge)
                                  0.000000    0.000000   clock network delay (propagated)
                                  4.000000    4.000000 v input external delay
     1    0.003458    0.028083    0.003736    4.003736 v reset (in)
                                                         reset (net)
                      0.028083    0.000000    4.003736 v input3/A (sg13g2_buf_1)
     1    0.016033    0.094944    0.135371    4.139106 v input3/X (sg13g2_buf_1)
                                                         net3 (net)
                      0.094978    0.001618    4.140725 v fanout22/A (sg13g2_buf_1)
     4    0.035985    0.192980    0.239772    4.380497 v fanout22/X (sg13g2_buf_1)
                                                         net22 (net)
                      0.192990    0.001495    4.381992 v _090_/A (sg13g2_inv_1)
     1    0.004808    0.073395    0.094667    4.476660 ^ _090_/Y (sg13g2_inv_1)
                                                         _016_ (net)
                      0.073395    0.000185    4.476845 ^ _118_/RESET_B (sg13g2_dfrbpq_1)
                                              4.476845   data arrival time

                                  0.000000    0.000000   clock clk (rise edge)
                                  0.000000    0.000000   clock source latency
     1    0.045727    0.093818    0.065056    0.065056 ^ clk (in)
                                                         clk (net)
                      0.094743    0.000000    0.065056 ^ clkbuf_0_clk/A (sg13g2_buf_16)
     4    0.086111    0.054423    0.157242    0.222298 ^ clkbuf_0_clk/X (sg13g2_buf_16)
                                                         clknet_0_clk (net)
                      0.055527    0.005986    0.228284 ^ clkbuf_2_3__f_clk/A (sg13g2_buf_16)
     6    0.027459    0.033185    0.117375    0.345659 ^ clkbuf_2_3__f_clk/X (sg13g2_buf_16)
                                                         clknet_2_3__leaf_clk (net)
                      0.033207    0.001745    0.347404 ^ _118_/CLK (sg13g2_dfrbpq_1)
                                  0.250000    0.597404   clock uncertainty
                                  0.000000    0.597404   clock reconvergence pessimism
                                 -0.185016    0.412387   library removal time
                                              0.412387   data required time
---------------------------------------------------------------------------------------------
                                              0.412387   data required time
                                             -4.476845   data arrival time
---------------------------------------------------------------------------------------------
                                              4.064457   slack (MET)


Startpoint: reset (input port clocked by clk)
Endpoint: _108_ (removal check against rising-edge clock clk)
Path Group: asynchronous
Path Type: min

Fanout         Cap        Slew       Delay        Time   Description
---------------------------------------------------------------------------------------------
                                  0.000000    0.000000   clock clk (rise edge)
                                  0.000000    0.000000   clock network delay (propagated)
                                  4.000000    4.000000 v input external delay
     1    0.003458    0.028083    0.003736    4.003736 v reset (in)
                                                         reset (net)
                      0.028083    0.000000    4.003736 v input3/A (sg13g2_buf_1)
     1    0.016033    0.094944    0.135371    4.139106 v input3/X (sg13g2_buf_1)
                                                         net3 (net)
                      0.094978    0.001618    4.140725 v fanout22/A (sg13g2_buf_1)
     4    0.035985    0.192980    0.239772    4.380497 v fanout22/X (sg13g2_buf_1)
                                                         net22 (net)
                      0.193098    0.002824    4.383320 v fanout20/A (sg13g2_buf_1)
     7    0.027324    0.150415    0.245533    4.628854 v fanout20/X (sg13g2_buf_1)
                                                         net20 (net)
                      0.150431    0.001489    4.630343 v _080_/A (sg13g2_inv_1)
     1    0.004838    0.065493    0.085334    4.715677 ^ _080_/Y (sg13g2_inv_1)
                                                         _006_ (net)
                      0.065493    0.000186    4.715862 ^ _108_/RESET_B (sg13g2_dfrbpq_1)
                                              4.715862   data arrival time

                                  0.000000    0.000000   clock clk (rise edge)
                                  0.000000    0.000000   clock source latency
     1    0.045727    0.093818    0.065056    0.065056 ^ clk (in)
                                                         clk (net)
                      0.094743    0.000000    0.065056 ^ clkbuf_0_clk/A (sg13g2_buf_16)
     4    0.086111    0.054423    0.157242    0.222298 ^ clkbuf_0_clk/X (sg13g2_buf_16)
                                                         clknet_0_clk (net)
                      0.056083    0.007658    0.229956 ^ clkbuf_2_0__f_clk/A (sg13g2_buf_16)
     6    0.038231    0.036895    0.120987    0.350943 ^ clkbuf_2_0__f_clk/X (sg13g2_buf_16)
                                                         clknet_2_0__leaf_clk (net)
                      0.036943    0.002491    0.353434 ^ _108_/CLK (sg13g2_dfrbpq_1)
                                  0.250000    0.603434   clock uncertainty
                                  0.000000    0.603434   clock reconvergence pessimism
                                 -0.181323    0.422110   library removal time
                                              0.422110   data required time
---------------------------------------------------------------------------------------------
                                              0.422110   data required time
                                             -4.715862   data arrival time
---------------------------------------------------------------------------------------------
                                              4.293752   slack (MET)


Startpoint: reset (input port clocked by clk)
Endpoint: _113_ (removal check against rising-edge clock clk)
Path Group: asynchronous
Path Type: min

Fanout         Cap        Slew       Delay        Time   Description
---------------------------------------------------------------------------------------------
                                  0.000000    0.000000   clock clk (rise edge)
                                  0.000000    0.000000   clock network delay (propagated)
                                  4.000000    4.000000 v input external delay
     1    0.003458    0.028083    0.003736    4.003736 v reset (in)
                                                         reset (net)
                      0.028083    0.000000    4.003736 v input3/A (sg13g2_buf_1)
     1    0.016033    0.094944    0.135371    4.139106 v input3/X (sg13g2_buf_1)
                                                         net3 (net)
                      0.094978    0.001618    4.140725 v fanout22/A (sg13g2_buf_1)
     4    0.035985    0.192980    0.239772    4.380497 v fanout22/X (sg13g2_buf_1)
                                                         net22 (net)
                      0.193098    0.002824    4.383320 v fanout20/A (sg13g2_buf_1)
     7    0.027324    0.150415    0.245533    4.628854 v fanout20/X (sg13g2_buf_1)
                                                         net20 (net)
                      0.150433    0.001594    4.630448 v _085_/A (sg13g2_inv_1)
     1    0.004613    0.064392    0.084046    4.714494 ^ _085_/Y (sg13g2_inv_1)
                                                         _011_ (net)
                      0.064392    0.000178    4.714672 ^ _113_/RESET_B (sg13g2_dfrbpq_1)
                                              4.714672   data arrival time

                                  0.000000    0.000000   clock clk (rise edge)
                                  0.000000    0.000000   clock source latency
     1    0.045727    0.093818    0.065056    0.065056 ^ clk (in)
                                                         clk (net)
                      0.094743    0.000000    0.065056 ^ clkbuf_0_clk/A (sg13g2_buf_16)
     4    0.086111    0.054423    0.157242    0.222298 ^ clkbuf_0_clk/X (sg13g2_buf_16)
                                                         clknet_0_clk (net)
                      0.055767    0.006748    0.229046 ^ clkbuf_2_1__f_clk/A (sg13g2_buf_16)
     6    0.032685    0.034978    0.119312    0.348358 ^ clkbuf_2_1__f_clk/X (sg13g2_buf_16)
                                                         clknet_2_1__leaf_clk (net)
                      0.034981    0.000695    0.349053 ^ _113_/CLK (sg13g2_dfrbpq_1)
                                  0.250000    0.599053   clock uncertainty
                                  0.000000    0.599053   clock reconvergence pessimism
                                 -0.181232    0.417821   library removal time
                                              0.417821   data required time
---------------------------------------------------------------------------------------------
                                              0.417821   data required time
                                             -4.714672   data arrival time
---------------------------------------------------------------------------------------------
                                              4.296850   slack (MET)


Startpoint: reset (input port clocked by clk)
Endpoint: _114_ (removal check against rising-edge clock clk)
Path Group: asynchronous
Path Type: min

Fanout         Cap        Slew       Delay        Time   Description
---------------------------------------------------------------------------------------------
                                  0.000000    0.000000   clock clk (rise edge)
                                  0.000000    0.000000   clock network delay (propagated)
                                  4.000000    4.000000 v input external delay
     1    0.003458    0.028083    0.003736    4.003736 v reset (in)
                                                         reset (net)
                      0.028083    0.000000    4.003736 v input3/A (sg13g2_buf_1)
     1    0.016033    0.094944    0.135371    4.139106 v input3/X (sg13g2_buf_1)
                                                         net3 (net)
                      0.094978    0.001618    4.140725 v fanout22/A (sg13g2_buf_1)
     4    0.035985    0.192980    0.239772    4.380497 v fanout22/X (sg13g2_buf_1)
                                                         net22 (net)
                      0.193098    0.002824    4.383320 v fanout20/A (sg13g2_buf_1)
     7    0.027324    0.150415    0.245533    4.628854 v fanout20/X (sg13g2_buf_1)
                                                         net20 (net)
                      0.150427    0.001358    4.630212 v _086_/A (sg13g2_inv_1)
     1    0.005320    0.067850    0.088036    4.718248 ^ _086_/Y (sg13g2_inv_1)
                                                         _012_ (net)
                      0.067858    0.000367    4.718615 ^ _114_/RESET_B (sg13g2_dfrbpq_1)
                                              4.718615   data arrival time

                                  0.000000    0.000000   clock clk (rise edge)
                                  0.000000    0.000000   clock source latency
     1    0.045727    0.093818    0.065056    0.065056 ^ clk (in)
                                                         clk (net)
                      0.094743    0.000000    0.065056 ^ clkbuf_0_clk/A (sg13g2_buf_16)
     4    0.086111    0.054423    0.157242    0.222298 ^ clkbuf_0_clk/X (sg13g2_buf_16)
                                                         clknet_0_clk (net)
                      0.055418    0.005620    0.227918 ^ clkbuf_2_2__f_clk/A (sg13g2_buf_16)
     6    0.039695    0.037375    0.121061    0.348979 ^ clkbuf_2_2__f_clk/X (sg13g2_buf_16)
                                                         clknet_2_2__leaf_clk (net)
                      0.037432    0.002705    0.351684 ^ _114_/CLK (sg13g2_dfrbpq_1)
                                  0.250000    0.601684   clock uncertainty
                                  0.000000    0.601684   clock reconvergence pessimism
                                 -0.182155    0.419529   library removal time
                                              0.419529   data required time
---------------------------------------------------------------------------------------------
                                              0.419529   data required time
                                             -4.718615   data arrival time
---------------------------------------------------------------------------------------------
                                              4.299087   slack (MET)


Startpoint: reset (input port clocked by clk)
Endpoint: _102_ (removal check against rising-edge clock clk)
Path Group: asynchronous
Path Type: min

Fanout         Cap        Slew       Delay        Time   Description
---------------------------------------------------------------------------------------------
                                  0.000000    0.000000   clock clk (rise edge)
                                  0.000000    0.000000   clock network delay (propagated)
                                  4.000000    4.000000 v input external delay
     1    0.003458    0.028083    0.003736    4.003736 v reset (in)
                                                         reset (net)
                      0.028083    0.000000    4.003736 v input3/A (sg13g2_buf_1)
     1    0.016033    0.094944    0.135371    4.139106 v input3/X (sg13g2_buf_1)
                                                         net3 (net)
                      0.094978    0.001618    4.140725 v fanout22/A (sg13g2_buf_1)
     4    0.035985    0.192980    0.239772    4.380497 v fanout22/X (sg13g2_buf_1)
                                                         net22 (net)
                      0.193098    0.002824    4.383320 v fanout20/A (sg13g2_buf_1)
     7    0.027324    0.150415    0.245533    4.628854 v fanout20/X (sg13g2_buf_1)
                                                         net20 (net)
                      0.150416    0.000587    4.629441 v _049_/A (sg13g2_inv_1)
     1    0.005474    0.068633    0.088905    4.718346 ^ _049_/Y (sg13g2_inv_1)
                                                         _000_ (net)
                      0.068635    0.000388    4.718734 ^ _102_/RESET_B (sg13g2_dfrbpq_1)
                                              4.718734   data arrival time

                                  0.000000    0.000000   clock clk (rise edge)
                                  0.000000    0.000000   clock source latency
     1    0.045727    0.093818    0.065056    0.065056 ^ clk (in)
                                                         clk (net)
                      0.094743    0.000000    0.065056 ^ clkbuf_0_clk/A (sg13g2_buf_16)
     4    0.086111    0.054423    0.157242    0.222298 ^ clkbuf_0_clk/X (sg13g2_buf_16)
                                                         clknet_0_clk (net)
                      0.055418    0.005620    0.227918 ^ clkbuf_2_2__f_clk/A (sg13g2_buf_16)
     6    0.039695    0.037375    0.121061    0.348979 ^ clkbuf_2_2__f_clk/X (sg13g2_buf_16)
                                                         clknet_2_2__leaf_clk (net)
                      0.037428    0.002613    0.351592 ^ _102_/CLK (sg13g2_dfrbpq_1)
                                  0.250000    0.601592   clock uncertainty
                                  0.000000    0.601592   clock reconvergence pessimism
                                 -0.182456    0.419136   library removal time
                                              0.419136   data required time
---------------------------------------------------------------------------------------------
                                              0.419136   data required time
                                             -4.718734   data arrival time
---------------------------------------------------------------------------------------------
                                              4.299599   slack (MET)


Startpoint: reset (input port clocked by clk)
Endpoint: _101_ (removal check against rising-edge clock clk)
Path Group: asynchronous
Path Type: min

Fanout         Cap        Slew       Delay        Time   Description
---------------------------------------------------------------------------------------------
                                  0.000000    0.000000   clock clk (rise edge)
                                  0.000000    0.000000   clock network delay (propagated)
                                  4.000000    4.000000 v input external delay
     1    0.003458    0.028083    0.003736    4.003736 v reset (in)
                                                         reset (net)
                      0.028083    0.000000    4.003736 v input3/A (sg13g2_buf_1)
     1    0.016033    0.094944    0.135371    4.139106 v input3/X (sg13g2_buf_1)
                                                         net3 (net)
                      0.094978    0.001618    4.140725 v fanout22/A (sg13g2_buf_1)
     4    0.035985    0.192980    0.239772    4.380497 v fanout22/X (sg13g2_buf_1)
                                                         net22 (net)
                      0.193098    0.002824    4.383320 v fanout20/A (sg13g2_buf_1)
     7    0.027324    0.150415    0.245533    4.628854 v fanout20/X (sg13g2_buf_1)
                                                         net20 (net)
                      0.150431    0.001512    4.630365 v _097_/A (sg13g2_inv_1)
     1    0.005050    0.066532    0.086551    4.716917 ^ _097_/Y (sg13g2_inv_1)
                                                         _023_ (net)
                      0.066532    0.000195    4.717112 ^ _101_/RESET_B (sg13g2_dfrbpq_1)
                                              4.717112   data arrival time

                                  0.000000    0.000000   clock clk (rise edge)
                                  0.000000    0.000000   clock source latency
     1    0.045727    0.093818    0.065056    0.065056 ^ clk (in)
                                                         clk (net)
                      0.094743    0.000000    0.065056 ^ clkbuf_0_clk/A (sg13g2_buf_16)
     4    0.086111    0.054423    0.157242    0.222298 ^ clkbuf_0_clk/X (sg13g2_buf_16)
                                                         clknet_0_clk (net)
                      0.055767    0.006748    0.229046 ^ clkbuf_2_1__f_clk/A (sg13g2_buf_16)
     6    0.032685    0.034978    0.119312    0.348358 ^ clkbuf_2_1__f_clk/X (sg13g2_buf_16)
                                                         clknet_2_1__leaf_clk (net)
                      0.034981    0.000806    0.349164 ^ _101_/CLK (sg13g2_dfrbpq_1)
                                  0.250000    0.599164   clock uncertainty
                                  0.000000    0.599164   clock reconvergence pessimism
                                 -0.182059    0.417105   library removal time
                                              0.417105   data required time
---------------------------------------------------------------------------------------------
                                              0.417105   data required time
                                             -4.717112   data arrival time
---------------------------------------------------------------------------------------------
                                              4.300008   slack (MET)


Startpoint: reset (input port clocked by clk)
Endpoint: _100_ (removal check against rising-edge clock clk)
Path Group: asynchronous
Path Type: min

Fanout         Cap        Slew       Delay        Time   Description
---------------------------------------------------------------------------------------------
                                  0.000000    0.000000   clock clk (rise edge)
                                  0.000000    0.000000   clock network delay (propagated)
                                  4.000000    4.000000 v input external delay
     1    0.003458    0.028083    0.003736    4.003736 v reset (in)
                                                         reset (net)
                      0.028083    0.000000    4.003736 v input3/A (sg13g2_buf_1)
     1    0.016033    0.094944    0.135371    4.139106 v input3/X (sg13g2_buf_1)
                                                         net3 (net)
                      0.094978    0.001618    4.140725 v fanout22/A (sg13g2_buf_1)
     4    0.035985    0.192980    0.239772    4.380497 v fanout22/X (sg13g2_buf_1)
                                                         net22 (net)
                      0.193098    0.002824    4.383320 v fanout20/A (sg13g2_buf_1)
     7    0.027324    0.150415    0.245533    4.628854 v fanout20/X (sg13g2_buf_1)
                                                         net20 (net)
                      0.150435    0.001654    4.630507 v _096_/A (sg13g2_inv_1)
     1    0.005194    0.067238    0.087310    4.717818 ^ _096_/Y (sg13g2_inv_1)
                                                         _022_ (net)
                      0.067239    0.000378    4.718196 ^ _100_/RESET_B (sg13g2_dfrbpq_1)
                                              4.718196   data arrival time

                                  0.000000    0.000000   clock clk (rise edge)
                                  0.000000    0.000000   clock source latency
     1    0.045727    0.093818    0.065056    0.065056 ^ clk (in)
                                                         clk (net)
                      0.094743    0.000000    0.065056 ^ clkbuf_0_clk/A (sg13g2_buf_16)
     4    0.086111    0.054423    0.157242    0.222298 ^ clkbuf_0_clk/X (sg13g2_buf_16)
                                                         clknet_0_clk (net)
                      0.055767    0.006748    0.229046 ^ clkbuf_2_1__f_clk/A (sg13g2_buf_16)
     6    0.032685    0.034978    0.119312    0.348358 ^ clkbuf_2_1__f_clk/X (sg13g2_buf_16)
                                                         clknet_2_1__leaf_clk (net)
                      0.034984    0.001075    0.349433 ^ _100_/CLK (sg13g2_dfrbpq_1)
                                  0.250000    0.599433   clock uncertainty
                                  0.000000    0.599433   clock reconvergence pessimism
                                 -0.182332    0.417101   library removal time
                                              0.417101   data required time
---------------------------------------------------------------------------------------------
                                              0.417101   data required time
                                             -4.718196   data arrival time
---------------------------------------------------------------------------------------------
                                              4.301095   slack (MET)


Startpoint: reset (input port clocked by clk)
Endpoint: _103_ (removal check against rising-edge clock clk)
Path Group: asynchronous
Path Type: min

Fanout         Cap        Slew       Delay        Time   Description
---------------------------------------------------------------------------------------------
                                  0.000000    0.000000   clock clk (rise edge)
                                  0.000000    0.000000   clock network delay (propagated)
                                  4.000000    4.000000 v input external delay
     1    0.003458    0.028083    0.003736    4.003736 v reset (in)
                                                         reset (net)
                      0.028083    0.000000    4.003736 v input3/A (sg13g2_buf_1)
     1    0.016033    0.094944    0.135371    4.139106 v input3/X (sg13g2_buf_1)
                                                         net3 (net)
                      0.094978    0.001618    4.140725 v fanout22/A (sg13g2_buf_1)
     4    0.035985    0.192980    0.239772    4.380497 v fanout22/X (sg13g2_buf_1)
                                                         net22 (net)
                      0.192990    0.001499    4.381996 v fanout21/A (sg13g2_buf_1)
     8    0.040231    0.214745    0.290536    4.672532 v fanout21/X (sg13g2_buf_1)
                                                         net21 (net)
                      0.214781    0.002583    4.675116 v _075_/A (sg13g2_inv_1)
     1    0.004694    0.076557    0.097965    4.773081 ^ _075_/Y (sg13g2_inv_1)
                                                         _001_ (net)
                      0.076558    0.000180    4.773261 ^ _103_/RESET_B (sg13g2_dfrbpq_1)
                                              4.773261   data arrival time

                                  0.000000    0.000000   clock clk (rise edge)
                                  0.000000    0.000000   clock source latency
     1    0.045727    0.093818    0.065056    0.065056 ^ clk (in)
                                                         clk (net)
                      0.094743    0.000000    0.065056 ^ clkbuf_0_clk/A (sg13g2_buf_16)
     4    0.086111    0.054423    0.157242    0.222298 ^ clkbuf_0_clk/X (sg13g2_buf_16)
                                                         clknet_0_clk (net)
                      0.055418    0.005620    0.227918 ^ clkbuf_2_2__f_clk/A (sg13g2_buf_16)
     6    0.039695    0.037375    0.121061    0.348979 ^ clkbuf_2_2__f_clk/X (sg13g2_buf_16)
                                                         clknet_2_2__leaf_clk (net)
                      0.037410    0.002174    0.351153 ^ _103_/CLK (sg13g2_dfrbpq_1)
                                  0.250000    0.601153   clock uncertainty
                                  0.000000    0.601153   clock reconvergence pessimism
                                 -0.185523    0.415630   library removal time
                                              0.415630   data required time
---------------------------------------------------------------------------------------------
                                              0.415630   data required time
                                             -4.773261   data arrival time
---------------------------------------------------------------------------------------------
                                              4.357631   slack (MET)


Startpoint: reset (input port clocked by clk)
Endpoint: _116_ (removal check against rising-edge clock clk)
Path Group: asynchronous
Path Type: min

Fanout         Cap        Slew       Delay        Time   Description
---------------------------------------------------------------------------------------------
                                  0.000000    0.000000   clock clk (rise edge)
                                  0.000000    0.000000   clock network delay (propagated)
                                  4.000000    4.000000 v input external delay
     1    0.003458    0.028083    0.003736    4.003736 v reset (in)
                                                         reset (net)
                      0.028083    0.000000    4.003736 v input3/A (sg13g2_buf_1)
     1    0.016033    0.094944    0.135371    4.139106 v input3/X (sg13g2_buf_1)
                                                         net3 (net)
                      0.094978    0.001618    4.140725 v fanout22/A (sg13g2_buf_1)
     4    0.035985    0.192980    0.239772    4.380497 v fanout22/X (sg13g2_buf_1)
                                                         net22 (net)
                      0.192990    0.001499    4.381996 v fanout21/A (sg13g2_buf_1)
     8    0.040231    0.214745    0.290536    4.672532 v fanout21/X (sg13g2_buf_1)
                                                         net21 (net)
                      0.214775    0.002394    4.674926 v _088_/A (sg13g2_inv_1)
     1    0.004691    0.076546    0.097951    4.772876 ^ _088_/Y (sg13g2_inv_1)
                                                         _014_ (net)
                      0.076546    0.000179    4.773055 ^ _116_/RESET_B (sg13g2_dfrbpq_1)
                                              4.773055   data arrival time

                                  0.000000    0.000000   clock clk (rise edge)
                                  0.000000    0.000000   clock source latency
     1    0.045727    0.093818    0.065056    0.065056 ^ clk (in)
                                                         clk (net)
                      0.094743    0.000000    0.065056 ^ clkbuf_0_clk/A (sg13g2_buf_16)
     4    0.086111    0.054423    0.157242    0.222298 ^ clkbuf_0_clk/X (sg13g2_buf_16)
                                                         clknet_0_clk (net)
                      0.055418    0.005620    0.227918 ^ clkbuf_2_2__f_clk/A (sg13g2_buf_16)
     6    0.039695    0.037375    0.121061    0.348979 ^ clkbuf_2_2__f_clk/X (sg13g2_buf_16)
                                                         clknet_2_2__leaf_clk (net)
                      0.037380    0.000954    0.349933 ^ _116_/CLK (sg13g2_dfrbpq_1)
                                  0.250000    0.599933   clock uncertainty
                                  0.000000    0.599933   clock reconvergence pessimism
                                 -0.185523    0.414409   library removal time
                                              0.414409   data required time
---------------------------------------------------------------------------------------------
                                              0.414409   data required time
                                             -4.773055   data arrival time
---------------------------------------------------------------------------------------------
                                              4.358645   slack (MET)


Startpoint: reset (input port clocked by clk)
Endpoint: _104_ (removal check against rising-edge clock clk)
Path Group: asynchronous
Path Type: min

Fanout         Cap        Slew       Delay        Time   Description
---------------------------------------------------------------------------------------------
                                  0.000000    0.000000   clock clk (rise edge)
                                  0.000000    0.000000   clock network delay (propagated)
                                  4.000000    4.000000 v input external delay
     1    0.003458    0.028083    0.003736    4.003736 v reset (in)
                                                         reset (net)
                      0.028083    0.000000    4.003736 v input3/A (sg13g2_buf_1)
     1    0.016033    0.094944    0.135371    4.139106 v input3/X (sg13g2_buf_1)
                                                         net3 (net)
                      0.094978    0.001618    4.140725 v fanout22/A (sg13g2_buf_1)
     4    0.035985    0.192980    0.239772    4.380497 v fanout22/X (sg13g2_buf_1)
                                                         net22 (net)
                      0.192990    0.001499    4.381996 v fanout21/A (sg13g2_buf_1)
     8    0.040231    0.214745    0.290536    4.672532 v fanout21/X (sg13g2_buf_1)
                                                         net21 (net)
                      0.214770    0.002221    4.674753 v _076_/A (sg13g2_inv_1)
     1    0.004877    0.077458    0.099178    4.773931 ^ _076_/Y (sg13g2_inv_1)
                                                         _002_ (net)
                      0.077458    0.000187    4.774118 ^ _104_/RESET_B (sg13g2_dfrbpq_1)
                                              4.774118   data arrival time

                                  0.000000    0.000000   clock clk (rise edge)
                                  0.000000    0.000000   clock source latency
     1    0.045727    0.093818    0.065056    0.065056 ^ clk (in)
                                                         clk (net)
                      0.094743    0.000000    0.065056 ^ clkbuf_0_clk/A (sg13g2_buf_16)
     4    0.086111    0.054423    0.157242    0.222298 ^ clkbuf_0_clk/X (sg13g2_buf_16)
                                                         clknet_0_clk (net)
                      0.055418    0.005620    0.227918 ^ clkbuf_2_2__f_clk/A (sg13g2_buf_16)
     6    0.039695    0.037375    0.121061    0.348979 ^ clkbuf_2_2__f_clk/X (sg13g2_buf_16)
                                                         clknet_2_2__leaf_clk (net)
                      0.037382    0.001086    0.350065 ^ _104_/CLK (sg13g2_dfrbpq_1)
                                  0.250000    0.600065   clock uncertainty
                                  0.000000    0.600065   clock reconvergence pessimism
                                 -0.185876    0.414189   library removal time
                                              0.414189   data required time
---------------------------------------------------------------------------------------------
                                              0.414189   data required time
                                             -4.774118   data arrival time
---------------------------------------------------------------------------------------------
                                              4.359929   slack (MET)


Startpoint: reset (input port clocked by clk)
Endpoint: _106_ (removal check against rising-edge clock clk)
Path Group: asynchronous
Path Type: min

Fanout         Cap        Slew       Delay        Time   Description
---------------------------------------------------------------------------------------------
                                  0.000000    0.000000   clock clk (rise edge)
                                  0.000000    0.000000   clock network delay (propagated)
                                  4.000000    4.000000 v input external delay
     1    0.003458    0.028083    0.003736    4.003736 v reset (in)
                                                         reset (net)
                      0.028083    0.000000    4.003736 v input3/A (sg13g2_buf_1)
     1    0.016033    0.094944    0.135371    4.139106 v input3/X (sg13g2_buf_1)
                                                         net3 (net)
                      0.094978    0.001618    4.140725 v fanout22/A (sg13g2_buf_1)
     4    0.035985    0.192980    0.239772    4.380497 v fanout22/X (sg13g2_buf_1)
                                                         net22 (net)
                      0.192990    0.001499    4.381996 v fanout21/A (sg13g2_buf_1)
     8    0.040231    0.214745    0.290536    4.672532 v fanout21/X (sg13g2_buf_1)
                                                         net21 (net)
                      0.214757    0.001680    4.674212 v _078_/A (sg13g2_inv_1)
     1    0.004958    0.077857    0.099711    4.773923 ^ _078_/Y (sg13g2_inv_1)
                                                         _004_ (net)
                      0.077857    0.000192    4.774115 ^ _106_/RESET_B (sg13g2_dfrbpq_1)
                                              4.774115   data arrival time

                                  0.000000    0.000000   clock clk (rise edge)
                                  0.000000    0.000000   clock source latency
     1    0.045727    0.093818    0.065056    0.065056 ^ clk (in)
                                                         clk (net)
                      0.094743    0.000000    0.065056 ^ clkbuf_0_clk/A (sg13g2_buf_16)
     4    0.086111    0.054423    0.157242    0.222298 ^ clkbuf_0_clk/X (sg13g2_buf_16)
                                                         clknet_0_clk (net)
                      0.055527    0.005986    0.228284 ^ clkbuf_2_3__f_clk/A (sg13g2_buf_16)
     6    0.027459    0.033185    0.117375    0.345659 ^ clkbuf_2_3__f_clk/X (sg13g2_buf_16)
                                                         clknet_2_3__leaf_clk (net)
                      0.033230    0.002430    0.348088 ^ _106_/CLK (sg13g2_dfrbpq_1)
                                  0.250000    0.598088   clock uncertainty
                                  0.000000    0.598088   clock reconvergence pessimism
                                 -0.186738    0.411350   library removal time
                                              0.411350   data required time
---------------------------------------------------------------------------------------------
                                              0.411350   data required time
                                             -4.774115   data arrival time
---------------------------------------------------------------------------------------------
                                              4.362765   slack (MET)


Startpoint: reset (input port clocked by clk)
Endpoint: _115_ (removal check against rising-edge clock clk)
Path Group: asynchronous
Path Type: min

Fanout         Cap        Slew       Delay        Time   Description
---------------------------------------------------------------------------------------------
                                  0.000000    0.000000   clock clk (rise edge)
                                  0.000000    0.000000   clock network delay (propagated)
                                  4.000000    4.000000 v input external delay
     1    0.003458    0.028083    0.003736    4.003736 v reset (in)
                                                         reset (net)
                      0.028083    0.000000    4.003736 v input3/A (sg13g2_buf_1)
     1    0.016033    0.094944    0.135371    4.139106 v input3/X (sg13g2_buf_1)
                                                         net3 (net)
                      0.094978    0.001618    4.140725 v fanout22/A (sg13g2_buf_1)
     4    0.035985    0.192980    0.239772    4.380497 v fanout22/X (sg13g2_buf_1)
                                                         net22 (net)
                      0.192990    0.001499    4.381996 v fanout21/A (sg13g2_buf_1)
     8    0.040231    0.214745    0.290536    4.672532 v fanout21/X (sg13g2_buf_1)
                                                         net21 (net)
                      0.214785    0.002685    4.675217 v _087_/A (sg13g2_inv_1)
     1    0.005383    0.079954    0.102526    4.777742 ^ _087_/Y (sg13g2_inv_1)
                                                         _013_ (net)
                      0.079955    0.000210    4.777952 ^ _115_/RESET_B (sg13g2_dfrbpq_1)
                                              4.777952   data arrival time

                                  0.000000    0.000000   clock clk (rise edge)
                                  0.000000    0.000000   clock source latency
     1    0.045727    0.093818    0.065056    0.065056 ^ clk (in)
                                                         clk (net)
                      0.094743    0.000000    0.065056 ^ clkbuf_0_clk/A (sg13g2_buf_16)
     4    0.086111    0.054423    0.157242    0.222298 ^ clkbuf_0_clk/X (sg13g2_buf_16)
                                                         clknet_0_clk (net)
                      0.055418    0.005620    0.227918 ^ clkbuf_2_2__f_clk/A (sg13g2_buf_16)
     6    0.039695    0.037375    0.121061    0.348979 ^ clkbuf_2_2__f_clk/X (sg13g2_buf_16)
                                                         clknet_2_2__leaf_clk (net)
                      0.037422    0.002473    0.351452 ^ _115_/CLK (sg13g2_dfrbpq_1)
                                  0.250000    0.601452   clock uncertainty
                                  0.000000    0.601452   clock reconvergence pessimism
                                 -0.186834    0.414617   library removal time
                                              0.414617   data required time
---------------------------------------------------------------------------------------------
                                              0.414617   data required time
                                             -4.777952   data arrival time
---------------------------------------------------------------------------------------------
                                              4.363335   slack (MET)


Startpoint: reset (input port clocked by clk)
Endpoint: _117_ (removal check against rising-edge clock clk)
Path Group: asynchronous
Path Type: min

Fanout         Cap        Slew       Delay        Time   Description
---------------------------------------------------------------------------------------------
                                  0.000000    0.000000   clock clk (rise edge)
                                  0.000000    0.000000   clock network delay (propagated)
                                  4.000000    4.000000 v input external delay
     1    0.003458    0.028083    0.003736    4.003736 v reset (in)
                                                         reset (net)
                      0.028083    0.000000    4.003736 v input3/A (sg13g2_buf_1)
     1    0.016033    0.094944    0.135371    4.139106 v input3/X (sg13g2_buf_1)
                                                         net3 (net)
                      0.094978    0.001618    4.140725 v fanout22/A (sg13g2_buf_1)
     4    0.035985    0.192980    0.239772    4.380497 v fanout22/X (sg13g2_buf_1)
                                                         net22 (net)
                      0.192990    0.001499    4.381996 v fanout21/A (sg13g2_buf_1)
     8    0.040231    0.214745    0.290536    4.672532 v fanout21/X (sg13g2_buf_1)
                                                         net21 (net)
                      0.214766    0.002066    4.674599 v _089_/A (sg13g2_inv_1)
     1    0.005127    0.078691    0.100833    4.775432 ^ _089_/Y (sg13g2_inv_1)
                                                         _015_ (net)
                      0.078691    0.000197    4.775629 ^ _117_/RESET_B (sg13g2_dfrbpq_1)
                                              4.775629   data arrival time

                                  0.000000    0.000000   clock clk (rise edge)
                                  0.000000    0.000000   clock source latency
     1    0.045727    0.093818    0.065056    0.065056 ^ clk (in)
                                                         clk (net)
                      0.094743    0.000000    0.065056 ^ clkbuf_0_clk/A (sg13g2_buf_16)
     4    0.086111    0.054423    0.157242    0.222298 ^ clkbuf_0_clk/X (sg13g2_buf_16)
                                                         clknet_0_clk (net)
                      0.055527    0.005986    0.228284 ^ clkbuf_2_3__f_clk/A (sg13g2_buf_16)
     6    0.027459    0.033185    0.117375    0.345659 ^ clkbuf_2_3__f_clk/X (sg13g2_buf_16)
                                                         clknet_2_3__leaf_clk (net)
                      0.033185    0.000144    0.345803 ^ _117_/CLK (sg13g2_dfrbpq_1)
                                  0.250000    0.595803   clock uncertainty
                                  0.000000    0.595803   clock reconvergence pessimism
                                 -0.187069    0.408734   library removal time
                                              0.408734   data required time
---------------------------------------------------------------------------------------------
                                              0.408734   data required time
                                             -4.775629   data arrival time
---------------------------------------------------------------------------------------------
                                              4.366894   slack (MET)


Startpoint: reset (input port clocked by clk)
Endpoint: _107_ (removal check against rising-edge clock clk)
Path Group: asynchronous
Path Type: min

Fanout         Cap        Slew       Delay        Time   Description
---------------------------------------------------------------------------------------------
                                  0.000000    0.000000   clock clk (rise edge)
                                  0.000000    0.000000   clock network delay (propagated)
                                  4.000000    4.000000 v input external delay
     1    0.003458    0.028083    0.003736    4.003736 v reset (in)
                                                         reset (net)
                      0.028083    0.000000    4.003736 v input3/A (sg13g2_buf_1)
     1    0.016033    0.094944    0.135371    4.139106 v input3/X (sg13g2_buf_1)
                                                         net3 (net)
                      0.094978    0.001618    4.140725 v fanout22/A (sg13g2_buf_1)
     4    0.035985    0.192980    0.239772    4.380497 v fanout22/X (sg13g2_buf_1)
                                                         net22 (net)
                      0.192990    0.001499    4.381996 v fanout21/A (sg13g2_buf_1)
     8    0.040231    0.214745    0.290536    4.672532 v fanout21/X (sg13g2_buf_1)
                                                         net21 (net)
                      0.214757    0.001675    4.674207 v _079_/A (sg13g2_inv_1)
     1    0.006145    0.083932    0.107496    4.781703 ^ _079_/Y (sg13g2_inv_1)
                                                         _005_ (net)
                      0.083933    0.000416    4.782119 ^ _107_/RESET_B (sg13g2_dfrbpq_1)
                                              4.782119   data arrival time

                                  0.000000    0.000000   clock clk (rise edge)
                                  0.000000    0.000000   clock source latency
     1    0.045727    0.093818    0.065056    0.065056 ^ clk (in)
                                                         clk (net)
                      0.094743    0.000000    0.065056 ^ clkbuf_0_clk/A (sg13g2_buf_16)
     4    0.086111    0.054423    0.157242    0.222298 ^ clkbuf_0_clk/X (sg13g2_buf_16)
                                                         clknet_0_clk (net)
                      0.055527    0.005986    0.228284 ^ clkbuf_2_3__f_clk/A (sg13g2_buf_16)
     6    0.027459    0.033185    0.117375    0.345659 ^ clkbuf_2_3__f_clk/X (sg13g2_buf_16)
                                                         clknet_2_3__leaf_clk (net)
                      0.033237    0.002605    0.348264 ^ _107_/CLK (sg13g2_dfrbpq_1)
                                  0.250000    0.598264   clock uncertainty
                                  0.000000    0.598264   clock reconvergence pessimism
                                 -0.189088    0.409176   library removal time
                                              0.409176   data required time
---------------------------------------------------------------------------------------------
                                              0.409176   data required time
                                             -4.782119   data arrival time
---------------------------------------------------------------------------------------------
                                              4.372942   slack (MET)


Startpoint: reset (input port clocked by clk)
Endpoint: _105_ (removal check against rising-edge clock clk)
Path Group: asynchronous
Path Type: min

Fanout         Cap        Slew       Delay        Time   Description
---------------------------------------------------------------------------------------------
                                  0.000000    0.000000   clock clk (rise edge)
                                  0.000000    0.000000   clock network delay (propagated)
                                  4.000000    4.000000 v input external delay
     1    0.003458    0.028083    0.003736    4.003736 v reset (in)
                                                         reset (net)
                      0.028083    0.000000    4.003736 v input3/A (sg13g2_buf_1)
     1    0.016033    0.094944    0.135371    4.139106 v input3/X (sg13g2_buf_1)
                                                         net3 (net)
                      0.094978    0.001618    4.140725 v fanout22/A (sg13g2_buf_1)
     4    0.035985    0.192980    0.239772    4.380497 v fanout22/X (sg13g2_buf_1)
                                                         net22 (net)
                      0.192990    0.001499    4.381996 v fanout21/A (sg13g2_buf_1)
     8    0.040231    0.214745    0.290536    4.672532 v fanout21/X (sg13g2_buf_1)
                                                         net21 (net)
                      0.214757    0.001649    4.674181 v _077_/A (sg13g2_inv_1)
     1    0.007243    0.090122    0.114736    4.788917 ^ _077_/Y (sg13g2_inv_1)
                                                         _003_ (net)
                      0.090123    0.000479    4.789396 ^ _105_/RESET_B (sg13g2_dfrbpq_1)
                                              4.789396   data arrival time

                                  0.000000    0.000000   clock clk (rise edge)
                                  0.000000    0.000000   clock source latency
     1    0.045727    0.093818    0.065056    0.065056 ^ clk (in)
                                                         clk (net)
                      0.094743    0.000000    0.065056 ^ clkbuf_0_clk/A (sg13g2_buf_16)
     4    0.086111    0.054423    0.157242    0.222298 ^ clkbuf_0_clk/X (sg13g2_buf_16)
                                                         clknet_0_clk (net)
                      0.055527    0.005986    0.228284 ^ clkbuf_2_3__f_clk/A (sg13g2_buf_16)
     6    0.027459    0.033185    0.117375    0.345659 ^ clkbuf_2_3__f_clk/X (sg13g2_buf_16)
                                                         clknet_2_3__leaf_clk (net)
                      0.033206    0.001689    0.347347 ^ _105_/CLK (sg13g2_dfrbpq_1)
                                  0.250000    0.597347   clock uncertainty
                                  0.000000    0.597347   clock reconvergence pessimism
                                 -0.191488    0.405859   library removal time
                                              0.405859   data required time
---------------------------------------------------------------------------------------------
                                              0.405859   data required time
                                             -4.789396   data arrival time
---------------------------------------------------------------------------------------------
                                              4.383537   slack (MET)


Startpoint: _105_ (rising edge-triggered flip-flop clocked by clk)
Endpoint: dout[9] (output port clocked by clk)
Path Group: clk
Path Type: min

Fanout         Cap        Slew       Delay        Time   Description
---------------------------------------------------------------------------------------------
                                  0.000000    0.000000   clock clk (rise edge)
                                  0.000000    0.000000   clock source latency
     1    0.043404    0.090241    0.055898    0.055898 ^ clk (in)
                                                         clk (net)
                      0.091072    0.000000    0.055898 ^ clkbuf_0_clk/A (sg13g2_buf_16)
     4    0.076819    0.050734    0.138003    0.193901 ^ clkbuf_0_clk/X (sg13g2_buf_16)
                                                         clknet_0_clk (net)
                      0.051691    0.004807    0.198708 ^ clkbuf_2_3__f_clk/A (sg13g2_buf_16)
     6    0.025137    0.032242    0.103501    0.302209 ^ clkbuf_2_3__f_clk/X (sg13g2_buf_16)
                                                         clknet_2_3__leaf_clk (net)
                      0.032260    0.001396    0.303605 ^ _105_/CLK (sg13g2_dfrbpq_1)
     2    0.004594    0.039013    0.249684    0.553289 v _105_/Q (sg13g2_dfrbpq_1)
                                                         net16 (net)
                      0.039015    0.000261    0.553550 v output16/A (sg13g2_buf_1)
     1    0.007822    0.054314    0.109985    0.663535 v output16/X (sg13g2_buf_1)
                                                         dout[9] (net)
                      0.054314    0.000205    0.663739 v dout[9] (out)
                                              0.663739   data arrival time

                                  0.000000    0.000000   clock clk (rise edge)
                                  0.000000    0.000000   clock network delay (propagated)
                                  0.250000    0.250000   clock uncertainty
                                  0.000000    0.250000   clock reconvergence pessimism
                                 -4.000000   -3.750000   output external delay
                                             -3.750000   data required time
---------------------------------------------------------------------------------------------
                                             -3.750000   data required time
                                             -0.663739   data arrival time
---------------------------------------------------------------------------------------------
                                              4.413739   slack (MET)


Startpoint: _103_ (rising edge-triggered flip-flop clocked by clk)
Endpoint: dout[7] (output port clocked by clk)
Path Group: clk
Path Type: min

Fanout         Cap        Slew       Delay        Time   Description
---------------------------------------------------------------------------------------------
                                  0.000000    0.000000   clock clk (rise edge)
                                  0.000000    0.000000   clock source latency
     1    0.043404    0.090241    0.055898    0.055898 ^ clk (in)
                                                         clk (net)
                      0.091072    0.000000    0.055898 ^ clkbuf_0_clk/A (sg13g2_buf_16)
     4    0.076819    0.050734    0.138003    0.193901 ^ clkbuf_0_clk/X (sg13g2_buf_16)
                                                         clknet_0_clk (net)
                      0.051604    0.004516    0.198417 ^ clkbuf_2_2__f_clk/A (sg13g2_buf_16)
     6    0.037373    0.036455    0.106847    0.305264 ^ clkbuf_2_2__f_clk/X (sg13g2_buf_16)
                                                         clknet_2_2__leaf_clk (net)
                      0.036481    0.001853    0.307117 ^ _103_/CLK (sg13g2_dfrbpq_1)
     2    0.004071    0.036756    0.250023    0.557140 v _103_/Q (sg13g2_dfrbpq_1)
                                                         net14 (net)
                      0.036756    0.000081    0.557222 v output14/A (sg13g2_buf_1)
     1    0.008213    0.056163    0.110393    0.667615 v output14/X (sg13g2_buf_1)
                                                         dout[7] (net)
                      0.056163    0.000229    0.667844 v dout[7] (out)
                                              0.667844   data arrival time

                                  0.000000    0.000000   clock clk (rise edge)
                                  0.000000    0.000000   clock network delay (propagated)
                                  0.250000    0.250000   clock uncertainty
                                  0.000000    0.250000   clock reconvergence pessimism
                                 -4.000000   -3.750000   output external delay
                                             -3.750000   data required time
---------------------------------------------------------------------------------------------
                                             -3.750000   data required time
                                             -0.667844   data arrival time
---------------------------------------------------------------------------------------------
                                              4.417843   slack (MET)


Startpoint: _100_ (rising edge-triggered flip-flop clocked by clk)
Endpoint: dout[4] (output port clocked by clk)
Path Group: clk
Path Type: min

Fanout         Cap        Slew       Delay        Time   Description
---------------------------------------------------------------------------------------------
                                  0.000000    0.000000   clock clk (rise edge)
                                  0.000000    0.000000   clock source latency
     1    0.043404    0.090241    0.055898    0.055898 ^ clk (in)
                                                         clk (net)
                      0.091072    0.000000    0.055898 ^ clkbuf_0_clk/A (sg13g2_buf_16)
     4    0.076819    0.050734    0.138003    0.193901 ^ clkbuf_0_clk/X (sg13g2_buf_16)
                                                         clknet_0_clk (net)
                      0.051885    0.005418    0.199318 ^ clkbuf_2_1__f_clk/A (sg13g2_buf_16)
     6    0.030363    0.034046    0.105209    0.304528 ^ clkbuf_2_1__f_clk/X (sg13g2_buf_16)
                                                         clknet_2_1__leaf_clk (net)
                      0.034052    0.000893    0.305421 ^ _100_/CLK (sg13g2_dfrbpq_1)
     2    0.004527    0.038724    0.250395    0.555816 v _100_/Q (sg13g2_dfrbpq_1)
                                                         net11 (net)
                      0.038724    0.000263    0.556079 v output11/A (sg13g2_buf_1)
     1    0.008244    0.056393    0.111290    0.667369 v output11/X (sg13g2_buf_1)
                                                         dout[4] (net)
                      0.056397    0.000518    0.667887 v dout[4] (out)
                                              0.667887   data arrival time

                                  0.000000    0.000000   clock clk (rise edge)
                                  0.000000    0.000000   clock network delay (propagated)
                                  0.250000    0.250000   clock uncertainty
                                  0.000000    0.250000   clock reconvergence pessimism
                                 -4.000000   -3.750000   output external delay
                                             -3.750000   data required time
---------------------------------------------------------------------------------------------
                                             -3.750000   data required time
                                             -0.667887   data arrival time
---------------------------------------------------------------------------------------------
                                              4.417887   slack (MET)


Startpoint: _102_ (rising edge-triggered flip-flop clocked by clk)
Endpoint: dout[6] (output port clocked by clk)
Path Group: clk
Path Type: min

Fanout         Cap        Slew       Delay        Time   Description
---------------------------------------------------------------------------------------------
                                  0.000000    0.000000   clock clk (rise edge)
                                  0.000000    0.000000   clock source latency
     1    0.043404    0.090241    0.055898    0.055898 ^ clk (in)
                                                         clk (net)
                      0.091072    0.000000    0.055898 ^ clkbuf_0_clk/A (sg13g2_buf_16)
     4    0.076819    0.050734    0.138003    0.193901 ^ clkbuf_0_clk/X (sg13g2_buf_16)
                                                         clknet_0_clk (net)
                      0.051604    0.004516    0.198417 ^ clkbuf_2_2__f_clk/A (sg13g2_buf_16)
     6    0.037373    0.036455    0.106847    0.305264 ^ clkbuf_2_2__f_clk/X (sg13g2_buf_16)
                                                         clknet_2_2__leaf_clk (net)
                      0.036502    0.002228    0.307492 ^ _102_/CLK (sg13g2_dfrbpq_1)
     2    0.004271    0.037614    0.250759    0.558251 v _102_/Q (sg13g2_dfrbpq_1)
                                                         net13 (net)
                      0.037614    0.000213    0.558464 v output13/A (sg13g2_buf_1)
     1    0.008581    0.057954    0.112205    0.670670 v output13/X (sg13g2_buf_1)
                                                         dout[6] (net)
                      0.057954    0.000242    0.670912 v dout[6] (out)
                                              0.670912   data arrival time

                                  0.000000    0.000000   clock clk (rise edge)
                                  0.000000    0.000000   clock network delay (propagated)
                                  0.250000    0.250000   clock uncertainty
                                  0.000000    0.250000   clock reconvergence pessimism
                                 -4.000000   -3.750000   output external delay
                                             -3.750000   data required time
---------------------------------------------------------------------------------------------
                                             -3.750000   data required time
                                             -0.670912   data arrival time
---------------------------------------------------------------------------------------------
                                              4.420912   slack (MET)


Startpoint: _106_ (rising edge-triggered flip-flop clocked by clk)
Endpoint: dout[10] (output port clocked by clk)
Path Group: clk
Path Type: min

Fanout         Cap        Slew       Delay        Time   Description
---------------------------------------------------------------------------------------------
                                  0.000000    0.000000   clock clk (rise edge)
                                  0.000000    0.000000   clock source latency
     1    0.043404    0.090241    0.055898    0.055898 ^ clk (in)
                                                         clk (net)
                      0.091072    0.000000    0.055898 ^ clkbuf_0_clk/A (sg13g2_buf_16)
     4    0.076819    0.050734    0.138003    0.193901 ^ clkbuf_0_clk/X (sg13g2_buf_16)
                                                         clknet_0_clk (net)
                      0.051691    0.004807    0.198708 ^ clkbuf_2_3__f_clk/A (sg13g2_buf_16)
     6    0.025137    0.032242    0.103501    0.302209 ^ clkbuf_2_3__f_clk/X (sg13g2_buf_16)
                                                         clknet_2_3__leaf_clk (net)
                      0.032280    0.002012    0.304221 ^ _106_/CLK (sg13g2_dfrbpq_1)
     2    0.006255    0.046544    0.255982    0.560203 v _106_/Q (sg13g2_dfrbpq_1)
                                                         net6 (net)
                      0.046544    0.000360    0.560562 v output6/A (sg13g2_buf_1)
     1    0.007823    0.054444    0.113582    0.674144 v output6/X (sg13g2_buf_1)
                                                         dout[10] (net)
                      0.054444    0.000205    0.674349 v dout[10] (out)
                                              0.674349   data arrival time

                                  0.000000    0.000000   clock clk (rise edge)
                                  0.000000    0.000000   clock network delay (propagated)
                                  0.250000    0.250000   clock uncertainty
                                  0.000000    0.250000   clock reconvergence pessimism
                                 -4.000000   -3.750000   output external delay
                                             -3.750000   data required time
---------------------------------------------------------------------------------------------
                                             -3.750000   data required time
                                             -0.674349   data arrival time
---------------------------------------------------------------------------------------------
                                              4.424349   slack (MET)


Startpoint: _104_ (rising edge-triggered flip-flop clocked by clk)
Endpoint: dout[8] (output port clocked by clk)
Path Group: clk
Path Type: min

Fanout         Cap        Slew       Delay        Time   Description
---------------------------------------------------------------------------------------------
                                  0.000000    0.000000   clock clk (rise edge)
                                  0.000000    0.000000   clock source latency
     1    0.043404    0.090241    0.055898    0.055898 ^ clk (in)
                                                         clk (net)
                      0.091072    0.000000    0.055898 ^ clkbuf_0_clk/A (sg13g2_buf_16)
     4    0.076819    0.050734    0.138003    0.193901 ^ clkbuf_0_clk/X (sg13g2_buf_16)
                                                         clknet_0_clk (net)
                      0.051604    0.004516    0.198417 ^ clkbuf_2_2__f_clk/A (sg13g2_buf_16)
     6    0.037373    0.036455    0.106847    0.305264 ^ clkbuf_2_2__f_clk/X (sg13g2_buf_16)
                                                         clknet_2_2__leaf_clk (net)
                      0.036461    0.000914    0.306177 ^ _104_/CLK (sg13g2_dfrbpq_1)
     2    0.005944    0.045113    0.257073    0.563250 v _104_/Q (sg13g2_dfrbpq_1)
                                                         net15 (net)
                      0.045113    0.000304    0.563554 v output15/A (sg13g2_buf_1)
     1    0.008086    0.055684    0.113902    0.677457 v output15/X (sg13g2_buf_1)
                                                         dout[8] (net)
                      0.055684    0.000216    0.677672 v dout[8] (out)
                                              0.677672   data arrival time

                                  0.000000    0.000000   clock clk (rise edge)
                                  0.000000    0.000000   clock network delay (propagated)
                                  0.250000    0.250000   clock uncertainty
                                  0.000000    0.250000   clock reconvergence pessimism
                                 -4.000000   -3.750000   output external delay
                                             -3.750000   data required time
---------------------------------------------------------------------------------------------
                                             -3.750000   data required time
                                             -0.677672   data arrival time
---------------------------------------------------------------------------------------------
                                              4.427672   slack (MET)


Startpoint: _101_ (rising edge-triggered flip-flop clocked by clk)
Endpoint: dout[5] (output port clocked by clk)
Path Group: clk
Path Type: min

Fanout         Cap        Slew       Delay        Time   Description
---------------------------------------------------------------------------------------------
                                  0.000000    0.000000   clock clk (rise edge)
                                  0.000000    0.000000   clock source latency
     1    0.043404    0.090241    0.055898    0.055898 ^ clk (in)
                                                         clk (net)
                      0.091072    0.000000    0.055898 ^ clkbuf_0_clk/A (sg13g2_buf_16)
     4    0.076819    0.050734    0.138003    0.193901 ^ clkbuf_0_clk/X (sg13g2_buf_16)
                                                         clknet_0_clk (net)
                      0.051885    0.005418    0.199318 ^ clkbuf_2_1__f_clk/A (sg13g2_buf_16)
     6    0.030363    0.034046    0.105209    0.304528 ^ clkbuf_2_1__f_clk/X (sg13g2_buf_16)
                                                         clknet_2_1__leaf_clk (net)
                      0.034049    0.000675    0.305203 ^ _101_/CLK (sg13g2_dfrbpq_1)
     2    0.006003    0.045382    0.255962    0.561165 v _101_/Q (sg13g2_dfrbpq_1)
                                                         net12 (net)
                      0.045382    0.000376    0.561541 v output12/A (sg13g2_buf_1)
     1    0.009179    0.060979    0.118197    0.679738 v output12/X (sg13g2_buf_1)
                                                         dout[5] (net)
                      0.060980    0.000265    0.680003 v dout[5] (out)
                                              0.680003   data arrival time

                                  0.000000    0.000000   clock clk (rise edge)
                                  0.000000    0.000000   clock network delay (propagated)
                                  0.250000    0.250000   clock uncertainty
                                  0.000000    0.250000   clock reconvergence pessimism
                                 -4.000000   -3.750000   output external delay
                                             -3.750000   data required time
---------------------------------------------------------------------------------------------
                                             -3.750000   data required time
                                             -0.680003   data arrival time
---------------------------------------------------------------------------------------------
                                              4.430003   slack (MET)


Startpoint: _099_ (rising edge-triggered flip-flop clocked by clk)
Endpoint: dout[3] (output port clocked by clk)
Path Group: clk
Path Type: min

Fanout         Cap        Slew       Delay        Time   Description
---------------------------------------------------------------------------------------------
                                  0.000000    0.000000   clock clk (rise edge)
                                  0.000000    0.000000   clock source latency
     1    0.043404    0.090241    0.055898    0.055898 ^ clk (in)
                                                         clk (net)
                      0.091072    0.000000    0.055898 ^ clkbuf_0_clk/A (sg13g2_buf_16)
     4    0.076819    0.050734    0.138003    0.193901 ^ clkbuf_0_clk/X (sg13g2_buf_16)
                                                         clknet_0_clk (net)
                      0.051885    0.005418    0.199318 ^ clkbuf_2_1__f_clk/A (sg13g2_buf_16)
     6    0.030363    0.034046    0.105209    0.304528 ^ clkbuf_2_1__f_clk/X (sg13g2_buf_16)
                                                         clknet_2_1__leaf_clk (net)
                      0.034054    0.001042    0.305570 ^ _099_/CLK (sg13g2_dfrbpq_1)
     2    0.010551    0.067195    0.273113    0.578683 v _099_/Q (sg13g2_dfrbpq_1)
                                                         net10 (net)
                      0.067201    0.000662    0.579345 v output10/A (sg13g2_buf_1)
     1    0.007773    0.054545    0.123250    0.702595 v output10/X (sg13g2_buf_1)
                                                         dout[3] (net)
                      0.054545    0.000201    0.702796 v dout[3] (out)
                                              0.702796   data arrival time

                                  0.000000    0.000000   clock clk (rise edge)
                                  0.000000    0.000000   clock network delay (propagated)
                                  0.250000    0.250000   clock uncertainty
                                  0.000000    0.250000   clock reconvergence pessimism
                                 -4.000000   -3.750000   output external delay
                                             -3.750000   data required time
---------------------------------------------------------------------------------------------
                                             -3.750000   data required time
                                             -0.702796   data arrival time
---------------------------------------------------------------------------------------------
                                              4.452796   slack (MET)


Startpoint: _107_ (rising edge-triggered flip-flop clocked by clk)
Endpoint: dout[11] (output port clocked by clk)
Path Group: clk
Path Type: min

Fanout         Cap        Slew       Delay        Time   Description
---------------------------------------------------------------------------------------------
                                  0.000000    0.000000   clock clk (rise edge)
                                  0.000000    0.000000   clock source latency
     1    0.043404    0.090241    0.055898    0.055898 ^ clk (in)
                                                         clk (net)
                      0.091072    0.000000    0.055898 ^ clkbuf_0_clk/A (sg13g2_buf_16)
     4    0.076819    0.050734    0.138003    0.193901 ^ clkbuf_0_clk/X (sg13g2_buf_16)
                                                         clknet_0_clk (net)
                      0.051691    0.004807    0.198708 ^ clkbuf_2_3__f_clk/A (sg13g2_buf_16)
     6    0.025137    0.032242    0.103501    0.302209 ^ clkbuf_2_3__f_clk/X (sg13g2_buf_16)
                                                         clknet_2_3__leaf_clk (net)
                      0.032286    0.002156    0.304365 ^ _107_/CLK (sg13g2_dfrbpq_1)
     2    0.011678    0.072647    0.276543    0.580908 v _107_/Q (sg13g2_dfrbpq_1)
                                                         net7 (net)
                      0.072651    0.000588    0.581496 v output7/A (sg13g2_buf_1)
     1    0.007821    0.054866    0.126034    0.707531 v output7/X (sg13g2_buf_1)
                                                         dout[11] (net)
                      0.054866    0.000205    0.707736 v dout[11] (out)
                                              0.707736   data arrival time

                                  0.000000    0.000000   clock clk (rise edge)
                                  0.000000    0.000000   clock network delay (propagated)
                                  0.250000    0.250000   clock uncertainty
                                  0.000000    0.250000   clock reconvergence pessimism
                                 -4.000000   -3.750000   output external delay
                                             -3.750000   data required time
---------------------------------------------------------------------------------------------
                                             -3.750000   data required time
                                             -0.707736   data arrival time
---------------------------------------------------------------------------------------------
                                              4.457736   slack (MET)


Startpoint: _098_ (rising edge-triggered flip-flop clocked by clk)
Endpoint: dout[2] (output port clocked by clk)
Path Group: clk
Path Type: min

Fanout         Cap        Slew       Delay        Time   Description
---------------------------------------------------------------------------------------------
                                  0.000000    0.000000   clock clk (rise edge)
                                  0.000000    0.000000   clock source latency
     1    0.043404    0.090241    0.055898    0.055898 ^ clk (in)
                                                         clk (net)
                      0.091072    0.000000    0.055898 ^ clkbuf_0_clk/A (sg13g2_buf_16)
     4    0.076819    0.050734    0.138003    0.193901 ^ clkbuf_0_clk/X (sg13g2_buf_16)
                                                         clknet_0_clk (net)
                      0.051885    0.005418    0.199318 ^ clkbuf_2_1__f_clk/A (sg13g2_buf_16)
     6    0.030363    0.034046    0.105209    0.304528 ^ clkbuf_2_1__f_clk/X (sg13g2_buf_16)
                                                         clknet_2_1__leaf_clk (net)
                      0.034056    0.001142    0.305670 ^ _098_/CLK (sg13g2_dfrbpq_1)
     2    0.015010    0.089137    0.289880    0.595550 v _098_/Q (sg13g2_dfrbpq_1)
                                                         net9 (net)
                      0.089151    0.001059    0.596609 v output9/A (sg13g2_buf_1)
     1    0.007832    0.055189    0.133950    0.730559 v output9/X (sg13g2_buf_1)
                                                         dout[2] (net)
                      0.055189    0.000205    0.730764 v dout[2] (out)
                                              0.730764   data arrival time

                                  0.000000    0.000000   clock clk (rise edge)
                                  0.000000    0.000000   clock network delay (propagated)
                                  0.250000    0.250000   clock uncertainty
                                  0.000000    0.250000   clock reconvergence pessimism
                                 -4.000000   -3.750000   output external delay
                                             -3.750000   data required time
---------------------------------------------------------------------------------------------
                                             -3.750000   data required time
                                             -0.730764   data arrival time
---------------------------------------------------------------------------------------------
                                              4.480764   slack (MET)


Startpoint: _121_ (rising edge-triggered flip-flop clocked by clk)
Endpoint: dout[1] (output port clocked by clk)
Path Group: clk
Path Type: min

Fanout         Cap        Slew       Delay        Time   Description
---------------------------------------------------------------------------------------------
                                  0.000000    0.000000   clock clk (rise edge)
                                  0.000000    0.000000   clock source latency
     1    0.043404    0.090241    0.055898    0.055898 ^ clk (in)
                                                         clk (net)
                      0.091072    0.000000    0.055898 ^ clkbuf_0_clk/A (sg13g2_buf_16)
     4    0.076819    0.050734    0.138003    0.193901 ^ clkbuf_0_clk/X (sg13g2_buf_16)
                                                         clknet_0_clk (net)
                      0.051885    0.005418    0.199318 ^ clkbuf_2_1__f_clk/A (sg13g2_buf_16)
     6    0.030363    0.034046    0.105209    0.304528 ^ clkbuf_2_1__f_clk/X (sg13g2_buf_16)
                                                         clknet_2_1__leaf_clk (net)
                      0.034058    0.001292    0.305820 ^ _121_/CLK (sg13g2_dfrbpq_1)
     2    0.015793    0.093006    0.292854    0.598674 v _121_/Q (sg13g2_dfrbpq_1)
                                                         net8 (net)
                      0.093021    0.001083    0.599756 v output8/A (sg13g2_buf_1)
     1    0.007809    0.055145    0.135709    0.735465 v output8/X (sg13g2_buf_1)
                                                         dout[1] (net)
                      0.055145    0.000205    0.735670 v dout[1] (out)
                                              0.735670   data arrival time

                                  0.000000    0.000000   clock clk (rise edge)
                                  0.000000    0.000000   clock network delay (propagated)
                                  0.250000    0.250000   clock uncertainty
                                  0.000000    0.250000   clock reconvergence pessimism
                                 -4.000000   -3.750000   output external delay
                                             -3.750000   data required time
---------------------------------------------------------------------------------------------
                                             -3.750000   data required time
                                             -0.735670   data arrival time
---------------------------------------------------------------------------------------------
                                              4.485670   slack (MET)


Startpoint: _120_ (rising edge-triggered flip-flop clocked by clk)
Endpoint: dout[0] (output port clocked by clk)
Path Group: clk
Path Type: min

Fanout         Cap        Slew       Delay        Time   Description
---------------------------------------------------------------------------------------------
                                  0.000000    0.000000   clock clk (rise edge)
                                  0.000000    0.000000   clock source latency
     1    0.043404    0.090241    0.055898    0.055898 ^ clk (in)
                                                         clk (net)
                      0.091072    0.000000    0.055898 ^ clkbuf_0_clk/A (sg13g2_buf_16)
     4    0.076819    0.050734    0.138003    0.193901 ^ clkbuf_0_clk/X (sg13g2_buf_16)
                                                         clknet_0_clk (net)
                      0.052136    0.006138    0.200039 ^ clkbuf_2_0__f_clk/A (sg13g2_buf_16)
     6    0.035909    0.035970    0.106713    0.306753 ^ clkbuf_2_0__f_clk/X (sg13g2_buf_16)
                                                         clknet_2_0__leaf_clk (net)
                      0.035998    0.001904    0.308657 ^ _120_/CLK (sg13g2_dfrbpq_1)
     2    0.015441    0.091272    0.292546    0.601203 v _120_/Q (sg13g2_dfrbpq_1)
                                                         net5 (net)
                      0.091291    0.001207    0.602411 v output5/A (sg13g2_buf_1)
     1    0.007896    0.055530    0.135218    0.737629 v output5/X (sg13g2_buf_1)
                                                         dout[0] (net)
                      0.055530    0.000206    0.737835 v dout[0] (out)
                                              0.737835   data arrival time

                                  0.000000    0.000000   clock clk (rise edge)
                                  0.000000    0.000000   clock network delay (propagated)
                                  0.250000    0.250000   clock uncertainty
                                  0.000000    0.250000   clock reconvergence pessimism
                                 -4.000000   -3.750000   output external delay
                                             -3.750000   data required time
---------------------------------------------------------------------------------------------
                                             -3.750000   data required time
                                             -0.737835   data arrival time
---------------------------------------------------------------------------------------------
                                              4.487835   slack (MET)


Startpoint: reset (input port clocked by clk)
Endpoint: _112_ (removal check against rising-edge clock clk)
Path Group: asynchronous
Path Type: min

Fanout         Cap        Slew       Delay        Time   Description
---------------------------------------------------------------------------------------------
                                  0.000000    0.000000   clock clk (rise edge)
                                  0.000000    0.000000   clock network delay (propagated)
                                  4.000000    4.000000 v input external delay
     1    0.003458    0.028083    0.003736    4.003736 v reset (in)
                                                         reset (net)
                      0.028083    0.000000    4.003736 v input3/A (sg13g2_buf_1)
     1    0.016033    0.094944    0.135371    4.139106 v input3/X (sg13g2_buf_1)
                                                         net3 (net)
                      0.094978    0.001618    4.140725 v fanout22/A (sg13g2_buf_1)
     4    0.035985    0.192980    0.239772    4.380497 v fanout22/X (sg13g2_buf_1)
                                                         net22 (net)
                      0.193098    0.002824    4.383320 v fanout20/A (sg13g2_buf_1)
     7    0.027324    0.150415    0.245533    4.628854 v fanout20/X (sg13g2_buf_1)
                                                         net20 (net)
                      0.150435    0.001638    4.630492 v fanout19/A (sg13g2_buf_1)
     8    0.032685    0.176883    0.249563    4.880055 v fanout19/X (sg13g2_buf_1)
                                                         net19 (net)
                      0.176894    0.001483    4.881538 v _084_/A (sg13g2_inv_1)
     1    0.004613    0.069700    0.090480    4.972018 ^ _084_/Y (sg13g2_inv_1)
                                                         _010_ (net)
                      0.069700    0.000178    4.972196 ^ _112_/RESET_B (sg13g2_dfrbpq_1)
                                              4.972196   data arrival time

                                  0.000000    0.000000   clock clk (rise edge)
                                  0.000000    0.000000   clock source latency
     1    0.045727    0.093818    0.065056    0.065056 ^ clk (in)
                                                         clk (net)
                      0.094743    0.000000    0.065056 ^ clkbuf_0_clk/A (sg13g2_buf_16)
     4    0.086111    0.054423    0.157242    0.222298 ^ clkbuf_0_clk/X (sg13g2_buf_16)
                                                         clknet_0_clk (net)
                      0.056083    0.007658    0.229956 ^ clkbuf_2_0__f_clk/A (sg13g2_buf_16)
     6    0.038231    0.036895    0.120987    0.350943 ^ clkbuf_2_0__f_clk/X (sg13g2_buf_16)
                                                         clknet_2_0__leaf_clk (net)
                      0.036921    0.002053    0.352995 ^ _112_/CLK (sg13g2_dfrbpq_1)
                                  0.250000    0.602995   clock uncertainty
                                  0.000000    0.602995   clock reconvergence pessimism
                                 -0.182954    0.420041   library removal time
                                              0.420041   data required time
---------------------------------------------------------------------------------------------
                                              0.420041   data required time
                                             -4.972196   data arrival time
---------------------------------------------------------------------------------------------
                                              4.552155   slack (MET)


Startpoint: reset (input port clocked by clk)
Endpoint: _111_ (removal check against rising-edge clock clk)
Path Group: asynchronous
Path Type: min

Fanout         Cap        Slew       Delay        Time   Description
---------------------------------------------------------------------------------------------
                                  0.000000    0.000000   clock clk (rise edge)
                                  0.000000    0.000000   clock network delay (propagated)
                                  4.000000    4.000000 v input external delay
     1    0.003458    0.028083    0.003736    4.003736 v reset (in)
                                                         reset (net)
                      0.028083    0.000000    4.003736 v input3/A (sg13g2_buf_1)
     1    0.016033    0.094944    0.135371    4.139106 v input3/X (sg13g2_buf_1)
                                                         net3 (net)
                      0.094978    0.001618    4.140725 v fanout22/A (sg13g2_buf_1)
     4    0.035985    0.192980    0.239772    4.380497 v fanout22/X (sg13g2_buf_1)
                                                         net22 (net)
                      0.193098    0.002824    4.383320 v fanout20/A (sg13g2_buf_1)
     7    0.027324    0.150415    0.245533    4.628854 v fanout20/X (sg13g2_buf_1)
                                                         net20 (net)
                      0.150435    0.001638    4.630492 v fanout19/A (sg13g2_buf_1)
     8    0.032685    0.176883    0.249563    4.880055 v fanout19/X (sg13g2_buf_1)
                                                         net19 (net)
                      0.176901    0.001766    4.881821 v _083_/A (sg13g2_inv_1)
     1    0.004685    0.070049    0.090921    4.972743 ^ _083_/Y (sg13g2_inv_1)
                                                         _009_ (net)
                      0.070049    0.000180    4.972923 ^ _111_/RESET_B (sg13g2_dfrbpq_1)
                                              4.972923   data arrival time

                                  0.000000    0.000000   clock clk (rise edge)
                                  0.000000    0.000000   clock source latency
     1    0.045727    0.093818    0.065056    0.065056 ^ clk (in)
                                                         clk (net)
                      0.094743    0.000000    0.065056 ^ clkbuf_0_clk/A (sg13g2_buf_16)
     4    0.086111    0.054423    0.157242    0.222298 ^ clkbuf_0_clk/X (sg13g2_buf_16)
                                                         clknet_0_clk (net)
                      0.056083    0.007658    0.229956 ^ clkbuf_2_0__f_clk/A (sg13g2_buf_16)
     6    0.038231    0.036895    0.120987    0.350943 ^ clkbuf_2_0__f_clk/X (sg13g2_buf_16)
                                                         clknet_2_0__leaf_clk (net)
                      0.036917    0.001915    0.352857 ^ _111_/CLK (sg13g2_dfrbpq_1)
                                  0.250000    0.602857   clock uncertainty
                                  0.000000    0.602857   clock reconvergence pessimism
                                 -0.183090    0.419767   library removal time
                                              0.419767   data required time
---------------------------------------------------------------------------------------------
                                              0.419767   data required time
                                             -4.972923   data arrival time
---------------------------------------------------------------------------------------------
                                              4.553155   slack (MET)


Startpoint: reset (input port clocked by clk)
Endpoint: _109_ (removal check against rising-edge clock clk)
Path Group: asynchronous
Path Type: min

Fanout         Cap        Slew       Delay        Time   Description
---------------------------------------------------------------------------------------------
                                  0.000000    0.000000   clock clk (rise edge)
                                  0.000000    0.000000   clock network delay (propagated)
                                  4.000000    4.000000 v input external delay
     1    0.003458    0.028083    0.003736    4.003736 v reset (in)
                                                         reset (net)
                      0.028083    0.000000    4.003736 v input3/A (sg13g2_buf_1)
     1    0.016033    0.094944    0.135371    4.139106 v input3/X (sg13g2_buf_1)
                                                         net3 (net)
                      0.094978    0.001618    4.140725 v fanout22/A (sg13g2_buf_1)
     4    0.035985    0.192980    0.239772    4.380497 v fanout22/X (sg13g2_buf_1)
                                                         net22 (net)
                      0.193098    0.002824    4.383320 v fanout20/A (sg13g2_buf_1)
     7    0.027324    0.150415    0.245533    4.628854 v fanout20/X (sg13g2_buf_1)
                                                         net20 (net)
                      0.150435    0.001638    4.630492 v fanout19/A (sg13g2_buf_1)
     8    0.032685    0.176883    0.249563    4.880055 v fanout19/X (sg13g2_buf_1)
                                                         net19 (net)
                      0.176931    0.002634    4.882690 v _081_/A (sg13g2_inv_1)
     1    0.004653    0.069901    0.090734    4.973424 ^ _081_/Y (sg13g2_inv_1)
                                                         _007_ (net)
                      0.069902    0.000178    4.973602 ^ _109_/RESET_B (sg13g2_dfrbpq_1)
                                              4.973602   data arrival time

                                  0.000000    0.000000   clock clk (rise edge)
                                  0.000000    0.000000   clock source latency
     1    0.045727    0.093818    0.065056    0.065056 ^ clk (in)
                                                         clk (net)
                      0.094743    0.000000    0.065056 ^ clkbuf_0_clk/A (sg13g2_buf_16)
     4    0.086111    0.054423    0.157242    0.222298 ^ clkbuf_0_clk/X (sg13g2_buf_16)
                                                         clknet_0_clk (net)
                      0.056083    0.007658    0.229956 ^ clkbuf_2_0__f_clk/A (sg13g2_buf_16)
     6    0.038231    0.036895    0.120987    0.350943 ^ clkbuf_2_0__f_clk/X (sg13g2_buf_16)
                                                         clknet_2_0__leaf_clk (net)
                      0.036924    0.002156    0.353099 ^ _109_/CLK (sg13g2_dfrbpq_1)
                                  0.250000    0.603099   clock uncertainty
                                  0.000000    0.603099   clock reconvergence pessimism
                                 -0.183032    0.420067   library removal time
                                              0.420067   data required time
---------------------------------------------------------------------------------------------
                                              0.420067   data required time
                                             -4.973602   data arrival time
---------------------------------------------------------------------------------------------
                                              4.553535   slack (MET)


Startpoint: reset (input port clocked by clk)
Endpoint: _120_ (removal check against rising-edge clock clk)
Path Group: asynchronous
Path Type: min

Fanout         Cap        Slew       Delay        Time   Description
---------------------------------------------------------------------------------------------
                                  0.000000    0.000000   clock clk (rise edge)
                                  0.000000    0.000000   clock network delay (propagated)
                                  4.000000    4.000000 v input external delay
     1    0.003458    0.028083    0.003736    4.003736 v reset (in)
                                                         reset (net)
                      0.028083    0.000000    4.003736 v input3/A (sg13g2_buf_1)
     1    0.016033    0.094944    0.135371    4.139106 v input3/X (sg13g2_buf_1)
                                                         net3 (net)
                      0.094978    0.001618    4.140725 v fanout22/A (sg13g2_buf_1)
     4    0.035985    0.192980    0.239772    4.380497 v fanout22/X (sg13g2_buf_1)
                                                         net22 (net)
                      0.193098    0.002824    4.383320 v fanout20/A (sg13g2_buf_1)
     7    0.027324    0.150415    0.245533    4.628854 v fanout20/X (sg13g2_buf_1)
                                                         net20 (net)
                      0.150435    0.001638    4.630492 v fanout19/A (sg13g2_buf_1)
     8    0.032685    0.176883    0.249563    4.880055 v fanout19/X (sg13g2_buf_1)
                                                         net19 (net)
                      0.176936    0.002753    4.882809 v _092_/A (sg13g2_inv_1)
     1    0.004696    0.070111    0.090999    4.973807 ^ _092_/Y (sg13g2_inv_1)
                                                         _018_ (net)
                      0.070111    0.000179    4.973987 ^ _120_/RESET_B (sg13g2_dfrbpq_1)
                                              4.973987   data arrival time

                                  0.000000    0.000000   clock clk (rise edge)
                                  0.000000    0.000000   clock source latency
     1    0.045727    0.093818    0.065056    0.065056 ^ clk (in)
                                                         clk (net)
                      0.094743    0.000000    0.065056 ^ clkbuf_0_clk/A (sg13g2_buf_16)
     4    0.086111    0.054423    0.157242    0.222298 ^ clkbuf_0_clk/X (sg13g2_buf_16)
                                                         clknet_0_clk (net)
                      0.056083    0.007658    0.229956 ^ clkbuf_2_0__f_clk/A (sg13g2_buf_16)
     6    0.038231    0.036895    0.120987    0.350943 ^ clkbuf_2_0__f_clk/X (sg13g2_buf_16)
                                                         clknet_2_0__leaf_clk (net)
                      0.036927    0.002250    0.353192 ^ _120_/CLK (sg13g2_dfrbpq_1)
                                  0.250000    0.603193   clock uncertainty
                                  0.000000    0.603193   clock reconvergence pessimism
                                 -0.183112    0.420080   library removal time
                                              0.420080   data required time
---------------------------------------------------------------------------------------------
                                              0.420080   data required time
                                             -4.973987   data arrival time
---------------------------------------------------------------------------------------------
                                              4.553906   slack (MET)


Startpoint: reset (input port clocked by clk)
Endpoint: _110_ (removal check against rising-edge clock clk)
Path Group: asynchronous
Path Type: min

Fanout         Cap        Slew       Delay        Time   Description
---------------------------------------------------------------------------------------------
                                  0.000000    0.000000   clock clk (rise edge)
                                  0.000000    0.000000   clock network delay (propagated)
                                  4.000000    4.000000 v input external delay
     1    0.003458    0.028083    0.003736    4.003736 v reset (in)
                                                         reset (net)
                      0.028083    0.000000    4.003736 v input3/A (sg13g2_buf_1)
     1    0.016033    0.094944    0.135371    4.139106 v input3/X (sg13g2_buf_1)
                                                         net3 (net)
                      0.094978    0.001618    4.140725 v fanout22/A (sg13g2_buf_1)
     4    0.035985    0.192980    0.239772    4.380497 v fanout22/X (sg13g2_buf_1)
                                                         net22 (net)
                      0.193098    0.002824    4.383320 v fanout20/A (sg13g2_buf_1)
     7    0.027324    0.150415    0.245533    4.628854 v fanout20/X (sg13g2_buf_1)
                                                         net20 (net)
                      0.150435    0.001638    4.630492 v fanout19/A (sg13g2_buf_1)
     8    0.032685    0.176883    0.249563    4.880055 v fanout19/X (sg13g2_buf_1)
                                                         net19 (net)
                      0.176915    0.002231    4.882286 v _082_/A (sg13g2_inv_1)
     1    0.004787    0.070544    0.091547    4.973833 ^ _082_/Y (sg13g2_inv_1)
                                                         _008_ (net)
                      0.070544    0.000183    4.974016 ^ _110_/RESET_B (sg13g2_dfrbpq_1)
                                              4.974016   data arrival time

                                  0.000000    0.000000   clock clk (rise edge)
                                  0.000000    0.000000   clock source latency
     1    0.045727    0.093818    0.065056    0.065056 ^ clk (in)
                                                         clk (net)
                      0.094743    0.000000    0.065056 ^ clkbuf_0_clk/A (sg13g2_buf_16)
     4    0.086111    0.054423    0.157242    0.222298 ^ clkbuf_0_clk/X (sg13g2_buf_16)
                                                         clknet_0_clk (net)
                      0.056083    0.007658    0.229956 ^ clkbuf_2_0__f_clk/A (sg13g2_buf_16)
     6    0.038231    0.036895    0.120987    0.350943 ^ clkbuf_2_0__f_clk/X (sg13g2_buf_16)
                                                         clknet_2_0__leaf_clk (net)
                      0.036921    0.002060    0.353003 ^ _110_/CLK (sg13g2_dfrbpq_1)
                                  0.250000    0.603003   clock uncertainty
                                  0.000000    0.603003   clock reconvergence pessimism
                                 -0.183281    0.419722   library removal time
                                              0.419722   data required time
---------------------------------------------------------------------------------------------
                                              0.419722   data required time
                                             -4.974016   data arrival time
---------------------------------------------------------------------------------------------
                                              4.554294   slack (MET)


Startpoint: reset (input port clocked by clk)
Endpoint: _121_ (removal check against rising-edge clock clk)
Path Group: asynchronous
Path Type: min

Fanout         Cap        Slew       Delay        Time   Description
---------------------------------------------------------------------------------------------
                                  0.000000    0.000000   clock clk (rise edge)
                                  0.000000    0.000000   clock network delay (propagated)
                                  4.000000    4.000000 v input external delay
     1    0.003458    0.028083    0.003736    4.003736 v reset (in)
                                                         reset (net)
                      0.028083    0.000000    4.003736 v input3/A (sg13g2_buf_1)
     1    0.016033    0.094944    0.135371    4.139106 v input3/X (sg13g2_buf_1)
                                                         net3 (net)
                      0.094978    0.001618    4.140725 v fanout22/A (sg13g2_buf_1)
     4    0.035985    0.192980    0.239772    4.380497 v fanout22/X (sg13g2_buf_1)
                                                         net22 (net)
                      0.193098    0.002824    4.383320 v fanout20/A (sg13g2_buf_1)
     7    0.027324    0.150415    0.245533    4.628854 v fanout20/X (sg13g2_buf_1)
                                                         net20 (net)
                      0.150435    0.001638    4.630492 v fanout19/A (sg13g2_buf_1)
     8    0.032685    0.176883    0.249563    4.880055 v fanout19/X (sg13g2_buf_1)
                                                         net19 (net)
                      0.176937    0.002769    4.882825 v _093_/A (sg13g2_inv_1)
     1    0.004635    0.069813    0.090621    4.973446 ^ _093_/Y (sg13g2_inv_1)
                                                         _019_ (net)
                      0.069813    0.000177    4.973623 ^ _121_/RESET_B (sg13g2_dfrbpq_1)
                                              4.973623   data arrival time

                                  0.000000    0.000000   clock clk (rise edge)
                                  0.000000    0.000000   clock source latency
     1    0.045727    0.093818    0.065056    0.065056 ^ clk (in)
                                                         clk (net)
                      0.094743    0.000000    0.065056 ^ clkbuf_0_clk/A (sg13g2_buf_16)
     4    0.086111    0.054423    0.157242    0.222298 ^ clkbuf_0_clk/X (sg13g2_buf_16)
                                                         clknet_0_clk (net)
                      0.055767    0.006748    0.229046 ^ clkbuf_2_1__f_clk/A (sg13g2_buf_16)
     6    0.032685    0.034978    0.119312    0.348358 ^ clkbuf_2_1__f_clk/X (sg13g2_buf_16)
                                                         clknet_2_1__leaf_clk (net)
                      0.034991    0.001540    0.349898 ^ _121_/CLK (sg13g2_dfrbpq_1)
                                  0.250000    0.599898   clock uncertainty
                                  0.000000    0.599898   clock reconvergence pessimism
                                 -0.183326    0.416572   library removal time
                                              0.416572   data required time
---------------------------------------------------------------------------------------------
                                              0.416572   data required time
                                             -4.973623   data arrival time
---------------------------------------------------------------------------------------------
                                              4.557051   slack (MET)


Startpoint: reset (input port clocked by clk)
Endpoint: _098_ (removal check against rising-edge clock clk)
Path Group: asynchronous
Path Type: min

Fanout         Cap        Slew       Delay        Time   Description
---------------------------------------------------------------------------------------------
                                  0.000000    0.000000   clock clk (rise edge)
                                  0.000000    0.000000   clock network delay (propagated)
                                  4.000000    4.000000 v input external delay
     1    0.003458    0.028083    0.003736    4.003736 v reset (in)
                                                         reset (net)
                      0.028083    0.000000    4.003736 v input3/A (sg13g2_buf_1)
     1    0.016033    0.094944    0.135371    4.139106 v input3/X (sg13g2_buf_1)
                                                         net3 (net)
                      0.094978    0.001618    4.140725 v fanout22/A (sg13g2_buf_1)
     4    0.035985    0.192980    0.239772    4.380497 v fanout22/X (sg13g2_buf_1)
                                                         net22 (net)
                      0.193098    0.002824    4.383320 v fanout20/A (sg13g2_buf_1)
     7    0.027324    0.150415    0.245533    4.628854 v fanout20/X (sg13g2_buf_1)
                                                         net20 (net)
                      0.150435    0.001638    4.630492 v fanout19/A (sg13g2_buf_1)
     8    0.032685    0.176883    0.249563    4.880055 v fanout19/X (sg13g2_buf_1)
                                                         net19 (net)
                      0.176931    0.002640    4.882696 v _094_/A (sg13g2_inv_1)
     1    0.004733    0.070286    0.091221    4.973917 ^ _094_/Y (sg13g2_inv_1)
                                                         _020_ (net)
                      0.070286    0.000181    4.974098 ^ _098_/RESET_B (sg13g2_dfrbpq_1)
                                              4.974098   data arrival time

                                  0.000000    0.000000   clock clk (rise edge)
                                  0.000000    0.000000   clock source latency
     1    0.045727    0.093818    0.065056    0.065056 ^ clk (in)
                                                         clk (net)
                      0.094743    0.000000    0.065056 ^ clkbuf_0_clk/A (sg13g2_buf_16)
     4    0.086111    0.054423    0.157242    0.222298 ^ clkbuf_0_clk/X (sg13g2_buf_16)
                                                         clknet_0_clk (net)
                      0.055767    0.006748    0.229046 ^ clkbuf_2_1__f_clk/A (sg13g2_buf_16)
     6    0.032685    0.034978    0.119312    0.348358 ^ clkbuf_2_1__f_clk/X (sg13g2_buf_16)
                                                         clknet_2_1__leaf_clk (net)
                      0.034988    0.001371    0.349729 ^ _098_/CLK (sg13g2_dfrbpq_1)
                                  0.250000    0.599729   clock uncertainty
                                  0.000000    0.599729   clock reconvergence pessimism
                                 -0.183510    0.416219   library removal time
                                              0.416219   data required time
---------------------------------------------------------------------------------------------
                                              0.416219   data required time
                                             -4.974098   data arrival time
---------------------------------------------------------------------------------------------
                                              4.557878   slack (MET)


Startpoint: reset (input port clocked by clk)
Endpoint: _099_ (removal check against rising-edge clock clk)
Path Group: asynchronous
Path Type: min

Fanout         Cap        Slew       Delay        Time   Description
---------------------------------------------------------------------------------------------
                                  0.000000    0.000000   clock clk (rise edge)
                                  0.000000    0.000000   clock network delay (propagated)
                                  4.000000    4.000000 v input external delay
     1    0.003458    0.028083    0.003736    4.003736 v reset (in)
                                                         reset (net)
                      0.028083    0.000000    4.003736 v input3/A (sg13g2_buf_1)
     1    0.016033    0.094944    0.135371    4.139106 v input3/X (sg13g2_buf_1)
                                                         net3 (net)
                      0.094978    0.001618    4.140725 v fanout22/A (sg13g2_buf_1)
     4    0.035985    0.192980    0.239772    4.380497 v fanout22/X (sg13g2_buf_1)
                                                         net22 (net)
                      0.193098    0.002824    4.383320 v fanout20/A (sg13g2_buf_1)
     7    0.027324    0.150415    0.245533    4.628854 v fanout20/X (sg13g2_buf_1)
                                                         net20 (net)
                      0.150435    0.001638    4.630492 v fanout19/A (sg13g2_buf_1)
     8    0.032685    0.176883    0.249563    4.880055 v fanout19/X (sg13g2_buf_1)
                                                         net19 (net)
                      0.176902    0.001781    4.881836 v _095_/A (sg13g2_inv_1)
     1    0.005996    0.076558    0.098868    4.980704 ^ _095_/Y (sg13g2_inv_1)
                                                         _021_ (net)
                      0.076560    0.000425    4.981130 ^ _099_/RESET_B (sg13g2_dfrbpq_1)
                                              4.981130   data arrival time

                                  0.000000    0.000000   clock clk (rise edge)
                                  0.000000    0.000000   clock source latency
     1    0.045727    0.093818    0.065056    0.065056 ^ clk (in)
                                                         clk (net)
                      0.094743    0.000000    0.065056 ^ clkbuf_0_clk/A (sg13g2_buf_16)
     4    0.086111    0.054423    0.157242    0.222298 ^ clkbuf_0_clk/X (sg13g2_buf_16)
                                                         clknet_0_clk (net)
                      0.055767    0.006748    0.229046 ^ clkbuf_2_1__f_clk/A (sg13g2_buf_16)
     6    0.032685    0.034978    0.119312    0.348358 ^ clkbuf_2_1__f_clk/X (sg13g2_buf_16)
                                                         clknet_2_1__leaf_clk (net)
                      0.034987    0.001252    0.349610 ^ _099_/CLK (sg13g2_dfrbpq_1)
                                  0.250000    0.599610   clock uncertainty
                                  0.000000    0.599610   clock reconvergence pessimism
                                 -0.185937    0.413673   library removal time
                                              0.413673   data required time
---------------------------------------------------------------------------------------------
                                              0.413673   data required time
                                             -4.981130   data arrival time
---------------------------------------------------------------------------------------------
                                              4.567456   slack (MET)



