
===========================================================================
report_checks -path_delay max (Setup)
============================================================================
======================= nom_typ_1p20V_25C Corner ===================================

Startpoint: done_in (input port clocked by clk)
Endpoint: _114_ (rising edge-triggered flip-flop clocked by clk)
Path Group: clk
Path Type: max

Fanout         Cap        Slew       Delay        Time   Description
---------------------------------------------------------------------------------------------
                                  0.000000    0.000000   clock clk (rise edge)
                                  0.000000    0.000000   clock network delay (propagated)
                                  4.000000    4.000000 v input external delay
     1    0.004052    0.017940    0.003016    4.003016 v done_in (in)
                                                         done_in (net)
                      0.017940    0.000000    4.003016 v input2/A (sg13g2_buf_1)
     2    0.048081    0.154421    0.164201    4.167217 v input2/X (sg13g2_buf_1)
                                                         net2 (net)
                      0.156062    0.013511    4.180728 v fanout23/A (sg13g2_buf_1)
     8    0.106788    0.336565    0.339846    4.520575 v fanout23/X (sg13g2_buf_1)
                                                         net23 (net)
                      0.336609    0.003503    4.524078 v _056_/A (sg13g2_nor2b_1)
     2    0.013449    0.177492    0.213871    4.737949 ^ _056_/Y (sg13g2_nor2b_1)
                                                         _048_ (net)
                      0.177492    0.000646    4.738595 ^ fanout17/A (sg13g2_buf_1)
     8    0.107196    0.440156    0.408146    5.146741 ^ fanout17/X (sg13g2_buf_1)
                                                         net17 (net)
                      0.442119    0.025317    5.172058 ^ _062_/S (sg13g2_mux2_1)
     1    0.005431    0.043071    0.265583    5.437640 v _062_/X (sg13g2_mux2_1)
                                                         _036_ (net)
                      0.043071    0.000214    5.437854 v hold43/A (sg13g2_dlygate4sd3_1)
     1    0.004795    0.041687    0.404944    5.842798 v hold43/X (sg13g2_dlygate4sd3_1)
                                                         net43 (net)
                      0.041687    0.000170    5.842967 v _114_/D (sg13g2_dfrbpq_1)
                                              5.842967   data arrival time

                                 20.000000   20.000000   clock clk (rise edge)
                                  0.000000   20.000000   clock source latency
     1    0.075664    0.091454    0.071473   20.071474 ^ clk (in)
                                                         clk (net)
                      0.105206    0.000000   20.071474 ^ clkbuf_0_clk/A (sg13g2_buf_16)
     4    0.101359    0.040687    0.107367   20.178841 ^ clkbuf_0_clk/X (sg13g2_buf_16)
                                                         clknet_0_clk (net)
                      0.043081    0.006837   20.185678 ^ clkbuf_2_2__f_clk/A (sg13g2_buf_16)
     6    0.040949    0.024780    0.071452   20.257130 ^ clkbuf_2_2__f_clk/X (sg13g2_buf_16)
                                                         clknet_2_2__leaf_clk (net)
                      0.024965    0.003059   20.260189 ^ _114_/CLK (sg13g2_dfrbpq_1)
                                 -0.250000   20.010189   clock uncertainty
                                  0.000000   20.010189   clock reconvergence pessimism
                                 -0.119170   19.891020   library setup time
                                             19.891020   data required time
---------------------------------------------------------------------------------------------
                                             19.891020   data required time
                                             -5.842967   data arrival time
---------------------------------------------------------------------------------------------
                                             14.048052   slack (MET)


Startpoint: done_in (input port clocked by clk)
Endpoint: _113_ (rising edge-triggered flip-flop clocked by clk)
Path Group: clk
Path Type: max

Fanout         Cap        Slew       Delay        Time   Description
---------------------------------------------------------------------------------------------
                                  0.000000    0.000000   clock clk (rise edge)
                                  0.000000    0.000000   clock network delay (propagated)
                                  4.000000    4.000000 v input external delay
     1    0.004052    0.017940    0.003016    4.003016 v done_in (in)
                                                         done_in (net)
                      0.017940    0.000000    4.003016 v input2/A (sg13g2_buf_1)
     2    0.048081    0.154421    0.164201    4.167217 v input2/X (sg13g2_buf_1)
                                                         net2 (net)
                      0.156062    0.013511    4.180728 v fanout23/A (sg13g2_buf_1)
     8    0.106788    0.336565    0.339846    4.520575 v fanout23/X (sg13g2_buf_1)
                                                         net23 (net)
                      0.336609    0.003503    4.524078 v _056_/A (sg13g2_nor2b_1)
     2    0.013449    0.177492    0.213871    4.737949 ^ _056_/Y (sg13g2_nor2b_1)
                                                         _048_ (net)
                      0.177492    0.000646    4.738595 ^ fanout17/A (sg13g2_buf_1)
     8    0.107196    0.440156    0.408146    5.146741 ^ fanout17/X (sg13g2_buf_1)
                                                         net17 (net)
                      0.442881    0.029608    5.176349 ^ _063_/S (sg13g2_mux2_1)
     1    0.004553    0.040957    0.263007    5.439356 v _063_/X (sg13g2_mux2_1)
                                                         _035_ (net)
                      0.040957    0.000141    5.439497 v hold41/A (sg13g2_dlygate4sd3_1)
     1    0.003902    0.039414    0.400465    5.839963 v hold41/X (sg13g2_dlygate4sd3_1)
                                                         net41 (net)
                      0.039414    0.000107    5.840069 v _113_/D (sg13g2_dfrbpq_1)
                                              5.840069   data arrival time

                                 20.000000   20.000000   clock clk (rise edge)
                                  0.000000   20.000000   clock source latency
     1    0.075664    0.091454    0.071473   20.071474 ^ clk (in)
                                                         clk (net)
                      0.105206    0.000000   20.071474 ^ clkbuf_0_clk/A (sg13g2_buf_16)
     4    0.101359    0.040687    0.107367   20.178841 ^ clkbuf_0_clk/X (sg13g2_buf_16)
                                                         clknet_0_clk (net)
                      0.044039    0.008349   20.187189 ^ clkbuf_2_1__f_clk/A (sg13g2_buf_16)
     6    0.038515    0.024292    0.071630   20.258820 ^ clkbuf_2_1__f_clk/X (sg13g2_buf_16)
                                                         clknet_2_1__leaf_clk (net)
                      0.024298    0.000732   20.259552 ^ _113_/CLK (sg13g2_dfrbpq_1)
                                 -0.250000   20.009552   clock uncertainty
                                  0.000000   20.009552   clock reconvergence pessimism
                                 -0.118521   19.891029   library setup time
                                             19.891029   data required time
---------------------------------------------------------------------------------------------
                                             19.891029   data required time
                                             -5.840069   data arrival time
---------------------------------------------------------------------------------------------
                                             14.050960   slack (MET)


Startpoint: done_in (input port clocked by clk)
Endpoint: _117_ (rising edge-triggered flip-flop clocked by clk)
Path Group: clk
Path Type: max

Fanout         Cap        Slew       Delay        Time   Description
---------------------------------------------------------------------------------------------
                                  0.000000    0.000000   clock clk (rise edge)
                                  0.000000    0.000000   clock network delay (propagated)
                                  4.000000    4.000000 v input external delay
     1    0.004052    0.017940    0.003016    4.003016 v done_in (in)
                                                         done_in (net)
                      0.017940    0.000000    4.003016 v input2/A (sg13g2_buf_1)
     2    0.048081    0.154421    0.164201    4.167217 v input2/X (sg13g2_buf_1)
                                                         net2 (net)
                      0.156062    0.013511    4.180728 v fanout23/A (sg13g2_buf_1)
     8    0.106788    0.336565    0.339846    4.520575 v fanout23/X (sg13g2_buf_1)
                                                         net23 (net)
                      0.336609    0.003503    4.524078 v _056_/A (sg13g2_nor2b_1)
     2    0.013449    0.177492    0.213871    4.737949 ^ _056_/Y (sg13g2_nor2b_1)
                                                         _048_ (net)
                      0.177494    0.000854    4.738803 ^ fanout18/A (sg13g2_buf_1)
     4    0.048374    0.201626    0.251227    4.990029 ^ fanout18/X (sg13g2_buf_1)
                                                         net18 (net)
                      0.201663    0.002398    4.992427 ^ _059_/S (sg13g2_mux2_1)
     1    0.004213    0.038809    0.218527    5.210955 v _059_/X (sg13g2_mux2_1)
                                                         _039_ (net)
                      0.038809    0.000133    5.211088 v hold45/A (sg13g2_dlygate4sd3_1)
     1    0.004120    0.040004    0.400012    5.611100 v hold45/X (sg13g2_dlygate4sd3_1)
                                                         net45 (net)
                      0.040004    0.000121    5.611221 v _117_/D (sg13g2_dfrbpq_1)
                                              5.611221   data arrival time

                                 20.000000   20.000000   clock clk (rise edge)
                                  0.000000   20.000000   clock source latency
     1    0.075664    0.091454    0.071473   20.071474 ^ clk (in)
                                                         clk (net)
                      0.105206    0.000000   20.071474 ^ clkbuf_0_clk/A (sg13g2_buf_16)
     4    0.101359    0.040687    0.107367   20.178841 ^ clkbuf_0_clk/X (sg13g2_buf_16)
                                                         clknet_0_clk (net)
                      0.043663    0.007780   20.186621 ^ clkbuf_2_3__f_clk/A (sg13g2_buf_16)
     6    0.033397    0.023139    0.070507   20.257128 ^ clkbuf_2_3__f_clk/X (sg13g2_buf_16)
                                                         clknet_2_3__leaf_clk (net)
                      0.023142    0.000405   20.257534 ^ _117_/CLK (sg13g2_dfrbpq_1)
                                 -0.250000   20.007534   clock uncertainty
                                  0.000000   20.007534   clock reconvergence pessimism
                                 -0.119029   19.888504   library setup time
                                             19.888504   data required time
---------------------------------------------------------------------------------------------
                                             19.888504   data required time
                                             -5.611221   data arrival time
---------------------------------------------------------------------------------------------
                                             14.277283   slack (MET)


Startpoint: done_in (input port clocked by clk)
Endpoint: _112_ (rising edge-triggered flip-flop clocked by clk)
Path Group: clk
Path Type: max

Fanout         Cap        Slew       Delay        Time   Description
---------------------------------------------------------------------------------------------
                                  0.000000    0.000000   clock clk (rise edge)
                                  0.000000    0.000000   clock network delay (propagated)
                                  4.000000    4.000000 v input external delay
     1    0.004052    0.017940    0.003016    4.003016 v done_in (in)
                                                         done_in (net)
                      0.017940    0.000000    4.003016 v input2/A (sg13g2_buf_1)
     2    0.048081    0.154421    0.164201    4.167217 v input2/X (sg13g2_buf_1)
                                                         net2 (net)
                      0.156062    0.013511    4.180728 v fanout23/A (sg13g2_buf_1)
     8    0.106788    0.336565    0.339846    4.520575 v fanout23/X (sg13g2_buf_1)
                                                         net23 (net)
                      0.336609    0.003503    4.524078 v _056_/A (sg13g2_nor2b_1)
     2    0.013449    0.177492    0.213871    4.737949 ^ _056_/Y (sg13g2_nor2b_1)
                                                         _048_ (net)
                      0.177492    0.000646    4.738595 ^ fanout17/A (sg13g2_buf_1)
     8    0.107196    0.440156    0.408146    5.146741 ^ fanout17/X (sg13g2_buf_1)
                                                         net17 (net)
                      0.443064    0.030542    5.177283 ^ _064_/S (sg13g2_mux2_1)
     1    0.004277    0.040290    0.262187    5.439470 v _064_/X (sg13g2_mux2_1)
                                                         _034_ (net)
                      0.040290    0.000117    5.439587 v _112_/D (sg13g2_dfrbpq_1)
                                              5.439587   data arrival time

                                 20.000000   20.000000   clock clk (rise edge)
                                  0.000000   20.000000   clock source latency
     1    0.075664    0.091454    0.071473   20.071474 ^ clk (in)
                                                         clk (net)
                      0.105206    0.000000   20.071474 ^ clkbuf_0_clk/A (sg13g2_buf_16)
     4    0.101359    0.040687    0.107367   20.178841 ^ clkbuf_0_clk/X (sg13g2_buf_16)
                                                         clknet_0_clk (net)
                      0.044386    0.008848   20.187689 ^ clkbuf_2_0__f_clk/A (sg13g2_buf_16)
     6    0.041888    0.025048    0.072349   20.260038 ^ clkbuf_2_0__f_clk/X (sg13g2_buf_16)
                                                         clknet_2_0__leaf_clk (net)
                      0.025059    0.001002   20.261040 ^ _112_/CLK (sg13g2_dfrbpq_1)
                                 -0.250000   20.011040   clock uncertainty
                                  0.000000   20.011040   clock reconvergence pessimism
                                 -0.118643   19.892397   library setup time
                                             19.892397   data required time
---------------------------------------------------------------------------------------------
                                             19.892397   data required time
                                             -5.439587   data arrival time
---------------------------------------------------------------------------------------------
                                             14.452811   slack (MET)


Startpoint: done_in (input port clocked by clk)
Endpoint: _110_ (rising edge-triggered flip-flop clocked by clk)
Path Group: clk
Path Type: max

Fanout         Cap        Slew       Delay        Time   Description
---------------------------------------------------------------------------------------------
                                  0.000000    0.000000   clock clk (rise edge)
                                  0.000000    0.000000   clock network delay (propagated)
                                  4.000000    4.000000 v input external delay
     1    0.004052    0.017940    0.003016    4.003016 v done_in (in)
                                                         done_in (net)
                      0.017940    0.000000    4.003016 v input2/A (sg13g2_buf_1)
     2    0.048081    0.154421    0.164201    4.167217 v input2/X (sg13g2_buf_1)
                                                         net2 (net)
                      0.156062    0.013511    4.180728 v fanout23/A (sg13g2_buf_1)
     8    0.106788    0.336565    0.339846    4.520575 v fanout23/X (sg13g2_buf_1)
                                                         net23 (net)
                      0.336609    0.003503    4.524078 v _056_/A (sg13g2_nor2b_1)
     2    0.013449    0.177492    0.213871    4.737949 ^ _056_/Y (sg13g2_nor2b_1)
                                                         _048_ (net)
                      0.177492    0.000646    4.738595 ^ fanout17/A (sg13g2_buf_1)
     8    0.107196    0.440156    0.408146    5.146741 ^ fanout17/X (sg13g2_buf_1)
                                                         net17 (net)
                      0.443312    0.031759    5.178501 ^ _066_/S (sg13g2_mux2_1)
     1    0.003612    0.038674    0.260176    5.438677 v _066_/X (sg13g2_mux2_1)
                                                         _032_ (net)
                      0.038674    0.000089    5.438766 v _110_/D (sg13g2_dfrbpq_1)
                                              5.438766   data arrival time

                                 20.000000   20.000000   clock clk (rise edge)
                                  0.000000   20.000000   clock source latency
     1    0.075664    0.091454    0.071473   20.071474 ^ clk (in)
                                                         clk (net)
                      0.105206    0.000000   20.071474 ^ clkbuf_0_clk/A (sg13g2_buf_16)
     4    0.101359    0.040687    0.107367   20.178841 ^ clkbuf_0_clk/X (sg13g2_buf_16)
                                                         clknet_0_clk (net)
                      0.044386    0.008848   20.187689 ^ clkbuf_2_0__f_clk/A (sg13g2_buf_16)
     6    0.041888    0.025048    0.072349   20.260038 ^ clkbuf_2_0__f_clk/X (sg13g2_buf_16)
                                                         clknet_2_0__leaf_clk (net)
                      0.025096    0.001799   20.261837 ^ _110_/CLK (sg13g2_dfrbpq_1)
                                 -0.250000   20.011839   clock uncertainty
                                  0.000000   20.011839   clock reconvergence pessimism
                                 -0.118051   19.893787   library setup time
                                             19.893787   data required time
---------------------------------------------------------------------------------------------
                                             19.893787   data required time
                                             -5.438766   data arrival time
---------------------------------------------------------------------------------------------
                                             14.455021   slack (MET)


Startpoint: done_in (input port clocked by clk)
Endpoint: _111_ (rising edge-triggered flip-flop clocked by clk)
Path Group: clk
Path Type: max

Fanout         Cap        Slew       Delay        Time   Description
---------------------------------------------------------------------------------------------
                                  0.000000    0.000000   clock clk (rise edge)
                                  0.000000    0.000000   clock network delay (propagated)
                                  4.000000    4.000000 v input external delay
     1    0.004052    0.017940    0.003016    4.003016 v done_in (in)
                                                         done_in (net)
                      0.017940    0.000000    4.003016 v input2/A (sg13g2_buf_1)
     2    0.048081    0.154421    0.164201    4.167217 v input2/X (sg13g2_buf_1)
                                                         net2 (net)
                      0.156062    0.013511    4.180728 v fanout23/A (sg13g2_buf_1)
     8    0.106788    0.336565    0.339846    4.520575 v fanout23/X (sg13g2_buf_1)
                                                         net23 (net)
                      0.336609    0.003503    4.524078 v _056_/A (sg13g2_nor2b_1)
     2    0.013449    0.177492    0.213871    4.737949 ^ _056_/Y (sg13g2_nor2b_1)
                                                         _048_ (net)
                      0.177492    0.000646    4.738595 ^ fanout17/A (sg13g2_buf_1)
     8    0.107196    0.440156    0.408146    5.146741 ^ fanout17/X (sg13g2_buf_1)
                                                         net17 (net)
                      0.443218    0.031307    5.178048 ^ _065_/S (sg13g2_mux2_1)
     1    0.003494    0.038383    0.259798    5.437846 v _065_/X (sg13g2_mux2_1)
                                                         _033_ (net)
                      0.038383    0.000082    5.437928 v _111_/D (sg13g2_dfrbpq_1)
                                              5.437928   data arrival time

                                 20.000000   20.000000   clock clk (rise edge)
                                  0.000000   20.000000   clock source latency
     1    0.075664    0.091454    0.071473   20.071474 ^ clk (in)
                                                         clk (net)
                      0.105206    0.000000   20.071474 ^ clkbuf_0_clk/A (sg13g2_buf_16)
     4    0.101359    0.040687    0.107367   20.178841 ^ clkbuf_0_clk/X (sg13g2_buf_16)
                                                         clknet_0_clk (net)
                      0.044386    0.008848   20.187689 ^ clkbuf_2_0__f_clk/A (sg13g2_buf_16)
     6    0.041888    0.025048    0.072349   20.260038 ^ clkbuf_2_0__f_clk/X (sg13g2_buf_16)
                                                         clknet_2_0__leaf_clk (net)
                      0.025066    0.001281   20.261318 ^ _111_/CLK (sg13g2_dfrbpq_1)
                                 -0.250000   20.011320   clock uncertainty
                                  0.000000   20.011320   clock reconvergence pessimism
                                 -0.117954   19.893366   library setup time
                                             19.893366   data required time
---------------------------------------------------------------------------------------------
                                             19.893366   data required time
                                             -5.437928   data arrival time
---------------------------------------------------------------------------------------------
                                             14.455439   slack (MET)


Startpoint: done_in (input port clocked by clk)
Endpoint: _109_ (rising edge-triggered flip-flop clocked by clk)
Path Group: clk
Path Type: max

Fanout         Cap        Slew       Delay        Time   Description
---------------------------------------------------------------------------------------------
                                  0.000000    0.000000   clock clk (rise edge)
                                  0.000000    0.000000   clock network delay (propagated)
                                  4.000000    4.000000 v input external delay
     1    0.004052    0.017940    0.003016    4.003016 v done_in (in)
                                                         done_in (net)
                      0.017940    0.000000    4.003016 v input2/A (sg13g2_buf_1)
     2    0.048081    0.154421    0.164201    4.167217 v input2/X (sg13g2_buf_1)
                                                         net2 (net)
                      0.156062    0.013511    4.180728 v fanout23/A (sg13g2_buf_1)
     8    0.106788    0.336565    0.339846    4.520575 v fanout23/X (sg13g2_buf_1)
                                                         net23 (net)
                      0.336609    0.003503    4.524078 v _056_/A (sg13g2_nor2b_1)
     2    0.013449    0.177492    0.213871    4.737949 ^ _056_/Y (sg13g2_nor2b_1)
                                                         _048_ (net)
                      0.177492    0.000646    4.738595 ^ fanout17/A (sg13g2_buf_1)
     8    0.107196    0.440156    0.408146    5.146741 ^ fanout17/X (sg13g2_buf_1)
                                                         net17 (net)
                      0.443341    0.031900    5.178641 ^ _067_/S (sg13g2_mux2_1)
     1    0.003084    0.037380    0.258556    5.437197 v _067_/X (sg13g2_mux2_1)
                                                         _031_ (net)
                      0.037380    0.000060    5.437257 v _109_/D (sg13g2_dfrbpq_1)
                                              5.437257   data arrival time

                                 20.000000   20.000000   clock clk (rise edge)
                                  0.000000   20.000000   clock source latency
     1    0.075664    0.091454    0.071473   20.071474 ^ clk (in)
                                                         clk (net)
                      0.105206    0.000000   20.071474 ^ clkbuf_0_clk/A (sg13g2_buf_16)
     4    0.101359    0.040687    0.107367   20.178841 ^ clkbuf_0_clk/X (sg13g2_buf_16)
                                                         clknet_0_clk (net)
                      0.044386    0.008848   20.187689 ^ clkbuf_2_0__f_clk/A (sg13g2_buf_16)
     6    0.041888    0.025048    0.072349   20.260038 ^ clkbuf_2_0__f_clk/X (sg13g2_buf_16)
                                                         clknet_2_0__leaf_clk (net)
                      0.025102    0.001902   20.261940 ^ _109_/CLK (sg13g2_dfrbpq_1)
                                 -0.250000   20.011942   clock uncertainty
                                  0.000000   20.011942   clock reconvergence pessimism
                                 -0.117583   19.894358   library setup time
                                             19.894358   data required time
---------------------------------------------------------------------------------------------
                                             19.894358   data required time
                                             -5.437257   data arrival time
---------------------------------------------------------------------------------------------
                                             14.457100   slack (MET)


Startpoint: done_in (input port clocked by clk)
Endpoint: _108_ (rising edge-triggered flip-flop clocked by clk)
Path Group: clk
Path Type: max

Fanout         Cap        Slew       Delay        Time   Description
---------------------------------------------------------------------------------------------
                                  0.000000    0.000000   clock clk (rise edge)
                                  0.000000    0.000000   clock network delay (propagated)
                                  4.000000    4.000000 v input external delay
     1    0.004052    0.017940    0.003016    4.003016 v done_in (in)
                                                         done_in (net)
                      0.017940    0.000000    4.003016 v input2/A (sg13g2_buf_1)
     2    0.048081    0.154421    0.164201    4.167217 v input2/X (sg13g2_buf_1)
                                                         net2 (net)
                      0.156062    0.013511    4.180728 v fanout23/A (sg13g2_buf_1)
     8    0.106788    0.336565    0.339846    4.520575 v fanout23/X (sg13g2_buf_1)
                                                         net23 (net)
                      0.336609    0.003503    4.524078 v _056_/A (sg13g2_nor2b_1)
     2    0.013449    0.177492    0.213871    4.737949 ^ _056_/Y (sg13g2_nor2b_1)
                                                         _048_ (net)
                      0.177492    0.000646    4.738595 ^ fanout17/A (sg13g2_buf_1)
     8    0.107196    0.440156    0.408146    5.146741 ^ fanout17/X (sg13g2_buf_1)
                                                         net17 (net)
                      0.442558    0.027875    5.174616 ^ _068_/S (sg13g2_mux2_1)
     1    0.003572    0.041798    0.259938    5.434554 v _068_/X (sg13g2_mux2_1)
                                                         _030_ (net)
                      0.041798    0.000087    5.434640 v _108_/D (sg13g2_dfrbpq_1)
                                              5.434640   data arrival time

                                 20.000000   20.000000   clock clk (rise edge)
                                  0.000000   20.000000   clock source latency
     1    0.075664    0.091454    0.071473   20.071474 ^ clk (in)
                                                         clk (net)
                      0.105206    0.000000   20.071474 ^ clkbuf_0_clk/A (sg13g2_buf_16)
     4    0.101359    0.040687    0.107367   20.178841 ^ clkbuf_0_clk/X (sg13g2_buf_16)
                                                         clknet_0_clk (net)
                      0.044386    0.008848   20.187689 ^ clkbuf_2_0__f_clk/A (sg13g2_buf_16)
     6    0.041888    0.025048    0.072349   20.260038 ^ clkbuf_2_0__f_clk/X (sg13g2_buf_16)
                                                         clknet_2_0__leaf_clk (net)
                      0.025072    0.001309   20.261347 ^ _108_/CLK (sg13g2_dfrbpq_1)
                                 -0.250000   20.011349   clock uncertainty
                                  0.000000   20.011349   clock reconvergence pessimism
                                 -0.119183   19.892164   library setup time
                                             19.892164   data required time
---------------------------------------------------------------------------------------------
                                             19.892164   data required time
                                             -5.434640   data arrival time
---------------------------------------------------------------------------------------------
                                             14.457524   slack (MET)


Startpoint: done_in (input port clocked by clk)
Endpoint: _119_ (rising edge-triggered flip-flop clocked by clk)
Path Group: clk
Path Type: max

Fanout         Cap        Slew       Delay        Time   Description
---------------------------------------------------------------------------------------------
                                  0.000000    0.000000   clock clk (rise edge)
                                  0.000000    0.000000   clock network delay (propagated)
                                  4.000000    4.000000 v input external delay
     1    0.004052    0.017940    0.003016    4.003016 v done_in (in)
                                                         done_in (net)
                      0.017940    0.000000    4.003016 v input2/A (sg13g2_buf_1)
     2    0.048081    0.154421    0.164201    4.167217 v input2/X (sg13g2_buf_1)
                                                         net2 (net)
                      0.156062    0.013511    4.180728 v fanout23/A (sg13g2_buf_1)
     8    0.106788    0.336565    0.339846    4.520575 v fanout23/X (sg13g2_buf_1)
                                                         net23 (net)
                      0.336609    0.003503    4.524078 v _056_/A (sg13g2_nor2b_1)
     2    0.013449    0.177492    0.213871    4.737949 ^ _056_/Y (sg13g2_nor2b_1)
                                                         _048_ (net)
                      0.177492    0.000646    4.738595 ^ fanout17/A (sg13g2_buf_1)
     8    0.107196    0.440156    0.408146    5.146741 ^ fanout17/X (sg13g2_buf_1)
                                                         net17 (net)
                      0.440194    0.003660    5.150401 ^ _057_/S (sg13g2_mux2_1)
     1    0.003122    0.037400    0.258197    5.408597 v _057_/X (sg13g2_mux2_1)
                                                         _041_ (net)
                      0.037400    0.000062    5.408659 v _119_/D (sg13g2_dfrbpq_1)
                                              5.408659   data arrival time

                                 20.000000   20.000000   clock clk (rise edge)
                                  0.000000   20.000000   clock source latency
     1    0.075664    0.091454    0.071473   20.071474 ^ clk (in)
                                                         clk (net)
                      0.105206    0.000000   20.071474 ^ clkbuf_0_clk/A (sg13g2_buf_16)
     4    0.101359    0.040687    0.107367   20.178841 ^ clkbuf_0_clk/X (sg13g2_buf_16)
                                                         clknet_0_clk (net)
                      0.043663    0.007780   20.186621 ^ clkbuf_2_3__f_clk/A (sg13g2_buf_16)
     6    0.033397    0.023139    0.070507   20.257128 ^ clkbuf_2_3__f_clk/X (sg13g2_buf_16)
                                                         clknet_2_3__leaf_clk (net)
                      0.023181    0.001663   20.258791 ^ _119_/CLK (sg13g2_dfrbpq_1)
                                 -0.250000   20.008791   clock uncertainty
                                  0.000000   20.008791   clock reconvergence pessimism
                                 -0.118081   19.890711   library setup time
                                             19.890711   data required time
---------------------------------------------------------------------------------------------
                                             19.890711   data required time
                                             -5.408659   data arrival time
---------------------------------------------------------------------------------------------
                                             14.482052   slack (MET)


Startpoint: done_in (input port clocked by clk)
Endpoint: _100_ (rising edge-triggered flip-flop clocked by clk)
Path Group: clk
Path Type: max

Fanout         Cap        Slew       Delay        Time   Description
---------------------------------------------------------------------------------------------
                                  0.000000    0.000000   clock clk (rise edge)
                                  0.000000    0.000000   clock network delay (propagated)
                                  4.000000    4.000000 ^ input external delay
     1    0.004091    0.021238    0.003572    4.003572 ^ done_in (in)
                                                         done_in (net)
                      0.021238    0.000000    4.003572 ^ input2/A (sg13g2_buf_1)
     2    0.048158    0.201566    0.188747    4.192319 ^ input2/X (sg13g2_buf_1)
                                                         net2 (net)
                      0.202842    0.013607    4.205926 ^ fanout23/A (sg13g2_buf_1)
     8    0.107388    0.441254    0.411150    4.617076 ^ fanout23/X (sg13g2_buf_1)
                                                         net23 (net)
                      0.444861    0.033985    4.651062 ^ _051_/S (sg13g2_mux2_1)
     1    0.003929    0.039483    0.261387    4.912448 v _051_/X (sg13g2_mux2_1)
                                                         _046_ (net)
                      0.039483    0.000101    4.912549 v hold39/A (sg13g2_dlygate4sd3_1)
     1    0.006352    0.046054    0.408512    5.321062 v hold39/X (sg13g2_dlygate4sd3_1)
                                                         net39 (net)
                      0.046054    0.000293    5.321354 v _100_/D (sg13g2_dfrbpq_1)
                                              5.321354   data arrival time

                                 20.000000   20.000000   clock clk (rise edge)
                                  0.000000   20.000000   clock source latency
     1    0.075664    0.091454    0.071473   20.071474 ^ clk (in)
                                                         clk (net)
                      0.105206    0.000000   20.071474 ^ clkbuf_0_clk/A (sg13g2_buf_16)
     4    0.101359    0.040687    0.107367   20.178841 ^ clkbuf_0_clk/X (sg13g2_buf_16)
                                                         clknet_0_clk (net)
                      0.044039    0.008349   20.187189 ^ clkbuf_2_1__f_clk/A (sg13g2_buf_16)
     6    0.038515    0.024292    0.071630   20.258820 ^ clkbuf_2_1__f_clk/X (sg13g2_buf_16)
                                                         clknet_2_1__leaf_clk (net)
                      0.024300    0.000815   20.259634 ^ _100_/CLK (sg13g2_dfrbpq_1)
                                 -0.250000   20.009636   clock uncertainty
                                  0.000000   20.009636   clock reconvergence pessimism
                                 -0.120913   19.888721   library setup time
                                             19.888721   data required time
---------------------------------------------------------------------------------------------
                                             19.888721   data required time
                                             -5.321354   data arrival time
---------------------------------------------------------------------------------------------
                                             14.567369   slack (MET)


Startpoint: done_in (input port clocked by clk)
Endpoint: _099_ (rising edge-triggered flip-flop clocked by clk)
Path Group: clk
Path Type: max

Fanout         Cap        Slew       Delay        Time   Description
---------------------------------------------------------------------------------------------
                                  0.000000    0.000000   clock clk (rise edge)
                                  0.000000    0.000000   clock network delay (propagated)
                                  4.000000    4.000000 ^ input external delay
     1    0.004091    0.021238    0.003572    4.003572 ^ done_in (in)
                                                         done_in (net)
                      0.021238    0.000000    4.003572 ^ input2/A (sg13g2_buf_1)
     2    0.048158    0.201566    0.188747    4.192319 ^ input2/X (sg13g2_buf_1)
                                                         net2 (net)
                      0.202842    0.013607    4.205926 ^ fanout23/A (sg13g2_buf_1)
     8    0.107388    0.441254    0.411150    4.617076 ^ fanout23/X (sg13g2_buf_1)
                                                         net23 (net)
                      0.445084    0.034967    4.652044 ^ _052_/S (sg13g2_mux2_1)
     1    0.002944    0.037073    0.258386    4.910429 v _052_/X (sg13g2_mux2_1)
                                                         _045_ (net)
                      0.037073    0.000058    4.910488 v hold49/A (sg13g2_dlygate4sd3_1)
     1    0.004339    0.040596    0.399805    5.310292 v hold49/X (sg13g2_dlygate4sd3_1)
                                                         net49 (net)
                      0.040596    0.000121    5.310413 v _099_/D (sg13g2_dfrbpq_1)
                                              5.310413   data arrival time

                                 20.000000   20.000000   clock clk (rise edge)
                                  0.000000   20.000000   clock source latency
     1    0.075664    0.091454    0.071473   20.071474 ^ clk (in)
                                                         clk (net)
                      0.105206    0.000000   20.071474 ^ clkbuf_0_clk/A (sg13g2_buf_16)
     4    0.101359    0.040687    0.107367   20.178841 ^ clkbuf_0_clk/X (sg13g2_buf_16)
                                                         clknet_0_clk (net)
                      0.044039    0.008349   20.187189 ^ clkbuf_2_1__f_clk/A (sg13g2_buf_16)
     6    0.038515    0.024292    0.071630   20.258820 ^ clkbuf_2_1__f_clk/X (sg13g2_buf_16)
                                                         clknet_2_1__leaf_clk (net)
                      0.024320    0.001405   20.260223 ^ _099_/CLK (sg13g2_dfrbpq_1)
                                 -0.250000   20.010225   clock uncertainty
                                  0.000000   20.010225   clock reconvergence pessimism
                                 -0.118942   19.891283   library setup time
                                             19.891283   data required time
---------------------------------------------------------------------------------------------
                                             19.891283   data required time
                                             -5.310413   data arrival time
---------------------------------------------------------------------------------------------
                                             14.580871   slack (MET)


Startpoint: done_in (input port clocked by clk)
Endpoint: _098_ (rising edge-triggered flip-flop clocked by clk)
Path Group: clk
Path Type: max

Fanout         Cap        Slew       Delay        Time   Description
---------------------------------------------------------------------------------------------
                                  0.000000    0.000000   clock clk (rise edge)
                                  0.000000    0.000000   clock network delay (propagated)
                                  4.000000    4.000000 ^ input external delay
     1    0.004091    0.021238    0.003572    4.003572 ^ done_in (in)
                                                         done_in (net)
                      0.021238    0.000000    4.003572 ^ input2/A (sg13g2_buf_1)
     2    0.048158    0.201566    0.188747    4.192319 ^ input2/X (sg13g2_buf_1)
                                                         net2 (net)
                      0.202842    0.013607    4.205926 ^ fanout23/A (sg13g2_buf_1)
     8    0.107388    0.441254    0.411150    4.617076 ^ fanout23/X (sg13g2_buf_1)
                                                         net23 (net)
                      0.445219    0.035550    4.652627 ^ _053_/S (sg13g2_mux2_1)
     1    0.002791    0.036697    0.257935    4.910562 v _053_/X (sg13g2_mux2_1)
                                                         _044_ (net)
                      0.036697    0.000052    4.910613 v hold47/A (sg13g2_dlygate4sd3_1)
     1    0.003755    0.039014    0.397455    5.308068 v hold47/X (sg13g2_dlygate4sd3_1)
                                                         net47 (net)
                      0.039014    0.000098    5.308166 v _098_/D (sg13g2_dfrbpq_1)
                                              5.308166   data arrival time

                                 20.000000   20.000000   clock clk (rise edge)
                                  0.000000   20.000000   clock source latency
     1    0.075664    0.091454    0.071473   20.071474 ^ clk (in)
                                                         clk (net)
                      0.105206    0.000000   20.071474 ^ clkbuf_0_clk/A (sg13g2_buf_16)
     4    0.101359    0.040687    0.107367   20.178841 ^ clkbuf_0_clk/X (sg13g2_buf_16)
                                                         clknet_0_clk (net)
                      0.044039    0.008349   20.187189 ^ clkbuf_2_1__f_clk/A (sg13g2_buf_16)
     6    0.038515    0.024292    0.071630   20.258820 ^ clkbuf_2_1__f_clk/X (sg13g2_buf_16)
                                                         clknet_2_1__leaf_clk (net)
                      0.024341    0.001792   20.260612 ^ _098_/CLK (sg13g2_dfrbpq_1)
                                 -0.250000   20.010612   clock uncertainty
                                  0.000000   20.010612   clock reconvergence pessimism
                                 -0.118367   19.892246   library setup time
                                             19.892246   data required time
---------------------------------------------------------------------------------------------
                                             19.892246   data required time
                                             -5.308166   data arrival time
---------------------------------------------------------------------------------------------
                                             14.584081   slack (MET)


Startpoint: done_in (input port clocked by clk)
Endpoint: _121_ (rising edge-triggered flip-flop clocked by clk)
Path Group: clk
Path Type: max

Fanout         Cap        Slew       Delay        Time   Description
---------------------------------------------------------------------------------------------
                                  0.000000    0.000000   clock clk (rise edge)
                                  0.000000    0.000000   clock network delay (propagated)
                                  4.000000    4.000000 ^ input external delay
     1    0.004091    0.021238    0.003572    4.003572 ^ done_in (in)
                                                         done_in (net)
                      0.021238    0.000000    4.003572 ^ input2/A (sg13g2_buf_1)
     2    0.048158    0.201566    0.188747    4.192319 ^ input2/X (sg13g2_buf_1)
                                                         net2 (net)
                      0.202842    0.013607    4.205926 ^ fanout23/A (sg13g2_buf_1)
     8    0.107388    0.441254    0.411150    4.617076 ^ fanout23/X (sg13g2_buf_1)
                                                         net23 (net)
                      0.445301    0.035902    4.652978 ^ _054_/S (sg13g2_mux2_1)
     1    0.002773    0.036653    0.257890    4.910868 v _054_/X (sg13g2_mux2_1)
                                                         _043_ (net)
                      0.036653    0.000050    4.910918 v hold51/A (sg13g2_dlygate4sd3_1)
     1    0.003215    0.037545    0.395458    5.306376 v hold51/X (sg13g2_dlygate4sd3_1)
                                                         net51 (net)
                      0.037545    0.000067    5.306443 v _121_/D (sg13g2_dfrbpq_1)
                                              5.306443   data arrival time

                                 20.000000   20.000000   clock clk (rise edge)
                                  0.000000   20.000000   clock source latency
     1    0.075664    0.091454    0.071473   20.071474 ^ clk (in)
                                                         clk (net)
                      0.105206    0.000000   20.071474 ^ clkbuf_0_clk/A (sg13g2_buf_16)
     4    0.101359    0.040687    0.107367   20.178841 ^ clkbuf_0_clk/X (sg13g2_buf_16)
                                                         clknet_0_clk (net)
                      0.044039    0.008349   20.187189 ^ clkbuf_2_1__f_clk/A (sg13g2_buf_16)
     6    0.038515    0.024292    0.071630   20.258820 ^ clkbuf_2_1__f_clk/X (sg13g2_buf_16)
                                                         clknet_2_1__leaf_clk (net)
                      0.024348    0.001908   20.260727 ^ _121_/CLK (sg13g2_dfrbpq_1)
                                 -0.250000   20.010727   clock uncertainty
                                  0.000000   20.010727   clock reconvergence pessimism
                                 -0.117835   19.892893   library setup time
                                             19.892893   data required time
---------------------------------------------------------------------------------------------
                                             19.892893   data required time
                                             -5.306443   data arrival time
---------------------------------------------------------------------------------------------
                                             14.586450   slack (MET)


Startpoint: done_in (input port clocked by clk)
Endpoint: _102_ (rising edge-triggered flip-flop clocked by clk)
Path Group: clk
Path Type: max

Fanout         Cap        Slew       Delay        Time   Description
---------------------------------------------------------------------------------------------
                                  0.000000    0.000000   clock clk (rise edge)
                                  0.000000    0.000000   clock network delay (propagated)
                                  4.000000    4.000000 ^ input external delay
     1    0.004091    0.021238    0.003572    4.003572 ^ done_in (in)
                                                         done_in (net)
                      0.021238    0.000000    4.003572 ^ input2/A (sg13g2_buf_1)
     2    0.048158    0.201566    0.188747    4.192319 ^ input2/X (sg13g2_buf_1)
                                                         net2 (net)
                      0.202842    0.013607    4.205926 ^ fanout23/A (sg13g2_buf_1)
     8    0.107388    0.441254    0.411150    4.617076 ^ fanout23/X (sg13g2_buf_1)
                                                         net23 (net)
                      0.443437    0.026754    4.643830 ^ _074_/S (sg13g2_mux2_1)
     1    0.004295    0.040342    0.262299    4.906129 v _074_/X (sg13g2_mux2_1)
                                                         _024_ (net)
                      0.040342    0.000124    4.906253 v hold30/A (sg13g2_dlygate4sd3_1)
     1    0.003584    0.038551    0.398949    5.305202 v hold30/X (sg13g2_dlygate4sd3_1)
                                                         net30 (net)
                      0.038551    0.000087    5.305289 v _102_/D (sg13g2_dfrbpq_1)
                                              5.305289   data arrival time

                                 20.000000   20.000000   clock clk (rise edge)
                                  0.000000   20.000000   clock source latency
     1    0.075664    0.091454    0.071473   20.071474 ^ clk (in)
                                                         clk (net)
                      0.105206    0.000000   20.071474 ^ clkbuf_0_clk/A (sg13g2_buf_16)
     4    0.101359    0.040687    0.107367   20.178841 ^ clkbuf_0_clk/X (sg13g2_buf_16)
                                                         clknet_0_clk (net)
                      0.043081    0.006837   20.185678 ^ clkbuf_2_2__f_clk/A (sg13g2_buf_16)
     6    0.040949    0.024780    0.071452   20.257130 ^ clkbuf_2_2__f_clk/X (sg13g2_buf_16)
                                                         clknet_2_2__leaf_clk (net)
                      0.024927    0.002840   20.259970 ^ _102_/CLK (sg13g2_dfrbpq_1)
                                 -0.250000   20.009972   clock uncertainty
                                  0.000000   20.009972   clock reconvergence pessimism
                                 -0.118050   19.891922   library setup time
                                             19.891922   data required time
---------------------------------------------------------------------------------------------
                                             19.891922   data required time
                                             -5.305289   data arrival time
---------------------------------------------------------------------------------------------
                                             14.586633   slack (MET)


Startpoint: done_in (input port clocked by clk)
Endpoint: _101_ (rising edge-triggered flip-flop clocked by clk)
Path Group: clk
Path Type: max

Fanout         Cap        Slew       Delay        Time   Description
---------------------------------------------------------------------------------------------
                                  0.000000    0.000000   clock clk (rise edge)
                                  0.000000    0.000000   clock network delay (propagated)
                                  4.000000    4.000000 ^ input external delay
     1    0.004091    0.021238    0.003572    4.003572 ^ done_in (in)
                                                         done_in (net)
                      0.021238    0.000000    4.003572 ^ input2/A (sg13g2_buf_1)
     2    0.048158    0.201566    0.188747    4.192319 ^ input2/X (sg13g2_buf_1)
                                                         net2 (net)
                      0.202842    0.013607    4.205926 ^ fanout23/A (sg13g2_buf_1)
     8    0.107388    0.441254    0.411150    4.617076 ^ fanout23/X (sg13g2_buf_1)
                                                         net23 (net)
                      0.444132    0.030516    4.647593 ^ _050_/S (sg13g2_mux2_1)
     1    0.003045    0.037301    0.258553    4.906146 v _050_/X (sg13g2_mux2_1)
                                                         _047_ (net)
                      0.037301    0.000064    4.906210 v hold26/A (sg13g2_dlygate4sd3_1)
     1    0.003102    0.037238    0.395425    5.301634 v hold26/X (sg13g2_dlygate4sd3_1)
                                                         net26 (net)
                      0.037238    0.000061    5.301695 v _101_/D (sg13g2_dfrbpq_1)
                                              5.301695   data arrival time

                                 20.000000   20.000000   clock clk (rise edge)
                                  0.000000   20.000000   clock source latency
     1    0.075664    0.091454    0.071473   20.071474 ^ clk (in)
                                                         clk (net)
                      0.105206    0.000000   20.071474 ^ clkbuf_0_clk/A (sg13g2_buf_16)
     4    0.101359    0.040687    0.107367   20.178841 ^ clkbuf_0_clk/X (sg13g2_buf_16)
                                                         clknet_0_clk (net)
                      0.044039    0.008349   20.187189 ^ clkbuf_2_1__f_clk/A (sg13g2_buf_16)
     6    0.038515    0.024292    0.071630   20.258820 ^ clkbuf_2_1__f_clk/X (sg13g2_buf_16)
                                                         clknet_2_1__leaf_clk (net)
                      0.024300    0.000846   20.259665 ^ _101_/CLK (sg13g2_dfrbpq_1)
                                 -0.250000   20.009666   clock uncertainty
                                  0.000000   20.009666   clock reconvergence pessimism
                                 -0.117737   19.891928   library setup time
                                             19.891928   data required time
---------------------------------------------------------------------------------------------
                                             19.891928   data required time
                                             -5.301695   data arrival time
---------------------------------------------------------------------------------------------
                                             14.590234   slack (MET)


Startpoint: done_in (input port clocked by clk)
Endpoint: _118_ (rising edge-triggered flip-flop clocked by clk)
Path Group: clk
Path Type: max

Fanout         Cap        Slew       Delay        Time   Description
---------------------------------------------------------------------------------------------
                                  0.000000    0.000000   clock clk (rise edge)
                                  0.000000    0.000000   clock network delay (propagated)
                                  4.000000    4.000000 v input external delay
     1    0.004052    0.017940    0.003016    4.003016 v done_in (in)
                                                         done_in (net)
                      0.017940    0.000000    4.003016 v input2/A (sg13g2_buf_1)
     2    0.048081    0.154421    0.164201    4.167217 v input2/X (sg13g2_buf_1)
                                                         net2 (net)
                      0.156062    0.013511    4.180728 v fanout23/A (sg13g2_buf_1)
     8    0.106788    0.336565    0.339846    4.520575 v fanout23/X (sg13g2_buf_1)
                                                         net23 (net)
                      0.336609    0.003503    4.524078 v _056_/A (sg13g2_nor2b_1)
     2    0.013449    0.177492    0.213871    4.737949 ^ _056_/Y (sg13g2_nor2b_1)
                                                         _048_ (net)
                      0.177494    0.000854    4.738803 ^ fanout18/A (sg13g2_buf_1)
     4    0.048374    0.201626    0.251227    4.990029 ^ fanout18/X (sg13g2_buf_1)
                                                         net18 (net)
                      0.201634    0.001151    4.991180 ^ _058_/S (sg13g2_mux2_1)
     1    0.003856    0.038096    0.217426    5.208606 v _058_/X (sg13g2_mux2_1)
                                                         _040_ (net)
                      0.038096    0.000104    5.208710 v _118_/D (sg13g2_dfrbpq_1)
                                              5.208710   data arrival time

                                 20.000000   20.000000   clock clk (rise edge)
                                  0.000000   20.000000   clock source latency
     1    0.075664    0.091454    0.071473   20.071474 ^ clk (in)
                                                         clk (net)
                      0.105206    0.000000   20.071474 ^ clkbuf_0_clk/A (sg13g2_buf_16)
     4    0.101359    0.040687    0.107367   20.178841 ^ clkbuf_0_clk/X (sg13g2_buf_16)
                                                         clknet_0_clk (net)
                      0.043663    0.007780   20.186621 ^ clkbuf_2_3__f_clk/A (sg13g2_buf_16)
     6    0.033397    0.023139    0.070507   20.257128 ^ clkbuf_2_3__f_clk/X (sg13g2_buf_16)
                                                         clknet_2_3__leaf_clk (net)
                      0.023156    0.001164   20.258291 ^ _118_/CLK (sg13g2_dfrbpq_1)
                                 -0.250000   20.008293   clock uncertainty
                                  0.000000   20.008293   clock reconvergence pessimism
                                 -0.118338   19.889956   library setup time
                                             19.889956   data required time
---------------------------------------------------------------------------------------------
                                             19.889956   data required time
                                             -5.208710   data arrival time
---------------------------------------------------------------------------------------------
                                             14.681245   slack (MET)


Startpoint: done_in (input port clocked by clk)
Endpoint: _116_ (rising edge-triggered flip-flop clocked by clk)
Path Group: clk
Path Type: max

Fanout         Cap        Slew       Delay        Time   Description
---------------------------------------------------------------------------------------------
                                  0.000000    0.000000   clock clk (rise edge)
                                  0.000000    0.000000   clock network delay (propagated)
                                  4.000000    4.000000 v input external delay
     1    0.004052    0.017940    0.003016    4.003016 v done_in (in)
                                                         done_in (net)
                      0.017940    0.000000    4.003016 v input2/A (sg13g2_buf_1)
     2    0.048081    0.154421    0.164201    4.167217 v input2/X (sg13g2_buf_1)
                                                         net2 (net)
                      0.156062    0.013511    4.180728 v fanout23/A (sg13g2_buf_1)
     8    0.106788    0.336565    0.339846    4.520575 v fanout23/X (sg13g2_buf_1)
                                                         net23 (net)
                      0.336609    0.003503    4.524078 v _056_/A (sg13g2_nor2b_1)
     2    0.013449    0.177492    0.213871    4.737949 ^ _056_/Y (sg13g2_nor2b_1)
                                                         _048_ (net)
                      0.177494    0.000854    4.738803 ^ fanout18/A (sg13g2_buf_1)
     4    0.048374    0.201626    0.251227    4.990029 ^ fanout18/X (sg13g2_buf_1)
                                                         net18 (net)
                      0.201712    0.003635    4.993665 ^ _060_/S (sg13g2_mux2_1)
     1    0.002885    0.036007    0.214457    5.208122 v _060_/X (sg13g2_mux2_1)
                                                         _038_ (net)
                      0.036007    0.000050    5.208172 v _116_/D (sg13g2_dfrbpq_1)
                                              5.208172   data arrival time

                                 20.000000   20.000000   clock clk (rise edge)
                                  0.000000   20.000000   clock source latency
     1    0.075664    0.091454    0.071473   20.071474 ^ clk (in)
                                                         clk (net)
                      0.105206    0.000000   20.071474 ^ clkbuf_0_clk/A (sg13g2_buf_16)
     4    0.101359    0.040687    0.107367   20.178841 ^ clkbuf_0_clk/X (sg13g2_buf_16)
                                                         clknet_0_clk (net)
                      0.043081    0.006837   20.185678 ^ clkbuf_2_2__f_clk/A (sg13g2_buf_16)
     6    0.040949    0.024780    0.071452   20.257130 ^ clkbuf_2_2__f_clk/X (sg13g2_buf_16)
                                                         clknet_2_2__leaf_clk (net)
                      0.024782    0.000391   20.257521 ^ _116_/CLK (sg13g2_dfrbpq_1)
                                 -0.250000   20.007521   clock uncertainty
                                  0.000000   20.007521   clock reconvergence pessimism
                                 -0.117170   19.890350   library setup time
                                             19.890350   data required time
---------------------------------------------------------------------------------------------
                                             19.890350   data required time
                                             -5.208172   data arrival time
---------------------------------------------------------------------------------------------
                                             14.682179   slack (MET)


Startpoint: done_in (input port clocked by clk)
Endpoint: _115_ (rising edge-triggered flip-flop clocked by clk)
Path Group: clk
Path Type: max

Fanout         Cap        Slew       Delay        Time   Description
---------------------------------------------------------------------------------------------
                                  0.000000    0.000000   clock clk (rise edge)
                                  0.000000    0.000000   clock network delay (propagated)
                                  4.000000    4.000000 v input external delay
     1    0.004052    0.017940    0.003016    4.003016 v done_in (in)
                                                         done_in (net)
                      0.017940    0.000000    4.003016 v input2/A (sg13g2_buf_1)
     2    0.048081    0.154421    0.164201    4.167217 v input2/X (sg13g2_buf_1)
                                                         net2 (net)
                      0.156062    0.013511    4.180728 v fanout23/A (sg13g2_buf_1)
     8    0.106788    0.336565    0.339846    4.520575 v fanout23/X (sg13g2_buf_1)
                                                         net23 (net)
                      0.336609    0.003503    4.524078 v _056_/A (sg13g2_nor2b_1)
     2    0.013449    0.177492    0.213871    4.737949 ^ _056_/Y (sg13g2_nor2b_1)
                                                         _048_ (net)
                      0.177494    0.000854    4.738803 ^ fanout18/A (sg13g2_buf_1)
     4    0.048374    0.201626    0.251227    4.990029 ^ fanout18/X (sg13g2_buf_1)
                                                         net18 (net)
                      0.201774    0.004737    4.994767 ^ _061_/S (sg13g2_mux2_1)
     1    0.002885    0.035864    0.214469    5.209236 v _061_/X (sg13g2_mux2_1)
                                                         _037_ (net)
                      0.035864    0.000050    5.209286 v _115_/D (sg13g2_dfrbpq_1)
                                              5.209286   data arrival time

                                 20.000000   20.000000   clock clk (rise edge)
                                  0.000000   20.000000   clock source latency
     1    0.075664    0.091454    0.071473   20.071474 ^ clk (in)
                                                         clk (net)
                      0.105206    0.000000   20.071474 ^ clkbuf_0_clk/A (sg13g2_buf_16)
     4    0.101359    0.040687    0.107367   20.178841 ^ clkbuf_0_clk/X (sg13g2_buf_16)
                                                         clknet_0_clk (net)
                      0.043081    0.006837   20.185678 ^ clkbuf_2_2__f_clk/A (sg13g2_buf_16)
     6    0.040949    0.024780    0.071452   20.257130 ^ clkbuf_2_2__f_clk/X (sg13g2_buf_16)
                                                         clknet_2_2__leaf_clk (net)
                      0.024885    0.002531   20.259661 ^ _115_/CLK (sg13g2_dfrbpq_1)
                                 -0.250000   20.009663   clock uncertainty
                                  0.000000   20.009663   clock reconvergence pessimism
                                 -0.117093   19.892570   library setup time
                                             19.892570   data required time
---------------------------------------------------------------------------------------------
                                             19.892570   data required time
                                             -5.209286   data arrival time
---------------------------------------------------------------------------------------------
                                             14.683285   slack (MET)


Startpoint: done_in (input port clocked by clk)
Endpoint: _105_ (rising edge-triggered flip-flop clocked by clk)
Path Group: clk
Path Type: max

Fanout         Cap        Slew       Delay        Time   Description
---------------------------------------------------------------------------------------------
                                  0.000000    0.000000   clock clk (rise edge)
                                  0.000000    0.000000   clock network delay (propagated)
                                  4.000000    4.000000 ^ input external delay
     1    0.004091    0.021238    0.003572    4.003572 ^ done_in (in)
                                                         done_in (net)
                      0.021238    0.000000    4.003572 ^ input2/A (sg13g2_buf_1)
     2    0.048158    0.201566    0.188747    4.192319 ^ input2/X (sg13g2_buf_1)
                                                         net2 (net)
                      0.202847    0.013635    4.205955 ^ fanout24/A (sg13g2_buf_1)
     5    0.056703    0.235931    0.279524    4.485479 ^ fanout24/X (sg13g2_buf_1)
                                                         net24 (net)
                      0.236053    0.004689    4.490168 ^ _071_/S (sg13g2_mux2_1)
     1    0.003961    0.037850    0.224852    4.715020 v _071_/X (sg13g2_mux2_1)
                                                         _027_ (net)
                      0.037850    0.000103    4.715123 v hold37/A (sg13g2_dlygate4sd3_1)
     1    0.005084    0.042344    0.402966    5.118089 v hold37/X (sg13g2_dlygate4sd3_1)
                                                         net37 (net)
                      0.042344    0.000176    5.118265 v _105_/D (sg13g2_dfrbpq_1)
                                              5.118265   data arrival time

                                 20.000000   20.000000   clock clk (rise edge)
                                  0.000000   20.000000   clock source latency
     1    0.075664    0.091454    0.071473   20.071474 ^ clk (in)
                                                         clk (net)
                      0.105206    0.000000   20.071474 ^ clkbuf_0_clk/A (sg13g2_buf_16)
     4    0.101359    0.040687    0.107367   20.178841 ^ clkbuf_0_clk/X (sg13g2_buf_16)
                                                         clknet_0_clk (net)
                      0.043663    0.007780   20.186621 ^ clkbuf_2_3__f_clk/A (sg13g2_buf_16)
     6    0.033397    0.023139    0.070507   20.257128 ^ clkbuf_2_3__f_clk/X (sg13g2_buf_16)
                                                         clknet_2_3__leaf_clk (net)
                      0.023154    0.001092   20.258221 ^ _105_/CLK (sg13g2_dfrbpq_1)
                                 -0.250000   20.008221   clock uncertainty
                                  0.000000   20.008221   clock reconvergence pessimism
                                 -0.119869   19.888353   library setup time
                                             19.888353   data required time
---------------------------------------------------------------------------------------------
                                             19.888353   data required time
                                             -5.118265   data arrival time
---------------------------------------------------------------------------------------------
                                             14.770088   slack (MET)


Startpoint: done_in (input port clocked by clk)
Endpoint: _107_ (rising edge-triggered flip-flop clocked by clk)
Path Group: clk
Path Type: max

Fanout         Cap        Slew       Delay        Time   Description
---------------------------------------------------------------------------------------------
                                  0.000000    0.000000   clock clk (rise edge)
                                  0.000000    0.000000   clock network delay (propagated)
                                  4.000000    4.000000 ^ input external delay
     1    0.004091    0.021238    0.003572    4.003572 ^ done_in (in)
                                                         done_in (net)
                      0.021238    0.000000    4.003572 ^ input2/A (sg13g2_buf_1)
     2    0.048158    0.201566    0.188747    4.192319 ^ input2/X (sg13g2_buf_1)
                                                         net2 (net)
                      0.202847    0.013635    4.205955 ^ fanout24/A (sg13g2_buf_1)
     5    0.056703    0.235931    0.279524    4.485479 ^ fanout24/X (sg13g2_buf_1)
                                                         net24 (net)
                      0.235975    0.002840    4.488319 ^ _069_/S (sg13g2_mux2_1)
     1    0.004022    0.038359    0.225019    4.713339 v _069_/X (sg13g2_mux2_1)
                                                         _029_ (net)
                      0.038359    0.000119    4.713458 v hold32/A (sg13g2_dlygate4sd3_1)
     1    0.004429    0.040840    0.400875    5.114333 v hold32/X (sg13g2_dlygate4sd3_1)
                                                         net32 (net)
                      0.040840    0.000142    5.114475 v _107_/D (sg13g2_dfrbpq_1)
                                              5.114475   data arrival time

                                 20.000000   20.000000   clock clk (rise edge)
                                  0.000000   20.000000   clock source latency
     1    0.075664    0.091454    0.071473   20.071474 ^ clk (in)
                                                         clk (net)
                      0.105206    0.000000   20.071474 ^ clkbuf_0_clk/A (sg13g2_buf_16)
     4    0.101359    0.040687    0.107367   20.178841 ^ clkbuf_0_clk/X (sg13g2_buf_16)
                                                         clknet_0_clk (net)
                      0.043663    0.007780   20.186621 ^ clkbuf_2_3__f_clk/A (sg13g2_buf_16)
     6    0.033397    0.023139    0.070507   20.257128 ^ clkbuf_2_3__f_clk/X (sg13g2_buf_16)
                                                         clknet_2_3__leaf_clk (net)
                      0.023185    0.001728   20.258856 ^ _107_/CLK (sg13g2_dfrbpq_1)
                                 -0.250000   20.008858   clock uncertainty
                                  0.000000   20.008858   clock reconvergence pessimism
                                 -0.119319   19.889538   library setup time
                                             19.889538   data required time
---------------------------------------------------------------------------------------------
                                             19.889538   data required time
                                             -5.114475   data arrival time
---------------------------------------------------------------------------------------------
                                             14.775063   slack (MET)


Startpoint: done_in (input port clocked by clk)
Endpoint: _103_ (rising edge-triggered flip-flop clocked by clk)
Path Group: clk
Path Type: max

Fanout         Cap        Slew       Delay        Time   Description
---------------------------------------------------------------------------------------------
                                  0.000000    0.000000   clock clk (rise edge)
                                  0.000000    0.000000   clock network delay (propagated)
                                  4.000000    4.000000 ^ input external delay
     1    0.004091    0.021238    0.003572    4.003572 ^ done_in (in)
                                                         done_in (net)
                      0.021238    0.000000    4.003572 ^ input2/A (sg13g2_buf_1)
     2    0.048158    0.201566    0.188747    4.192319 ^ input2/X (sg13g2_buf_1)
                                                         net2 (net)
                      0.202847    0.013635    4.205955 ^ fanout24/A (sg13g2_buf_1)
     5    0.056703    0.235931    0.279524    4.485479 ^ fanout24/X (sg13g2_buf_1)
                                                         net24 (net)
                      0.236223    0.007168    4.492647 ^ _073_/S (sg13g2_mux2_1)
     1    0.004576    0.039183    0.226769    4.719417 v _073_/X (sg13g2_mux2_1)
                                                         _025_ (net)
                      0.039183    0.000159    4.719575 v hold35/A (sg13g2_dlygate4sd3_1)
     1    0.002664    0.036037    0.394918    5.114493 v hold35/X (sg13g2_dlygate4sd3_1)
                                                         net35 (net)
                      0.036037    0.000040    5.114533 v _103_/D (sg13g2_dfrbpq_1)
                                              5.114533   data arrival time

                                 20.000000   20.000000   clock clk (rise edge)
                                  0.000000   20.000000   clock source latency
     1    0.075664    0.091454    0.071473   20.071474 ^ clk (in)
                                                         clk (net)
                      0.105206    0.000000   20.071474 ^ clkbuf_0_clk/A (sg13g2_buf_16)
     4    0.101359    0.040687    0.107367   20.178841 ^ clkbuf_0_clk/X (sg13g2_buf_16)
                                                         clknet_0_clk (net)
                      0.043081    0.006837   20.185678 ^ clkbuf_2_2__f_clk/A (sg13g2_buf_16)
     6    0.040949    0.024780    0.071452   20.257130 ^ clkbuf_2_2__f_clk/X (sg13g2_buf_16)
                                                         clknet_2_2__leaf_clk (net)
                      0.024820    0.001677   20.258806 ^ _103_/CLK (sg13g2_dfrbpq_1)
                                 -0.250000   20.008808   clock uncertainty
                                  0.000000   20.008808   clock reconvergence pessimism
                                 -0.117171   19.891636   library setup time
                                             19.891636   data required time
---------------------------------------------------------------------------------------------
                                             19.891636   data required time
                                             -5.114533   data arrival time
---------------------------------------------------------------------------------------------
                                             14.777102   slack (MET)


Startpoint: done_in (input port clocked by clk)
Endpoint: _104_ (rising edge-triggered flip-flop clocked by clk)
Path Group: clk
Path Type: max

Fanout         Cap        Slew       Delay        Time   Description
---------------------------------------------------------------------------------------------
                                  0.000000    0.000000   clock clk (rise edge)
                                  0.000000    0.000000   clock network delay (propagated)
                                  4.000000    4.000000 ^ input external delay
     1    0.004091    0.021238    0.003572    4.003572 ^ done_in (in)
                                                         done_in (net)
                      0.021238    0.000000    4.003572 ^ input2/A (sg13g2_buf_1)
     2    0.048158    0.201566    0.188747    4.192319 ^ input2/X (sg13g2_buf_1)
                                                         net2 (net)
                      0.202847    0.013635    4.205955 ^ fanout24/A (sg13g2_buf_1)
     5    0.056703    0.235931    0.279524    4.485479 ^ fanout24/X (sg13g2_buf_1)
                                                         net24 (net)
                      0.236131    0.005963    4.491442 ^ _072_/S (sg13g2_mux2_1)
     1    0.003035    0.035340    0.222017    4.713459 v _072_/X (sg13g2_mux2_1)
                                                         _026_ (net)
                      0.035340    0.000064    4.713522 v hold28/A (sg13g2_dlygate4sd3_1)
     1    0.003268    0.037690    0.394890    5.108413 v hold28/X (sg13g2_dlygate4sd3_1)
                                                         net28 (net)
                      0.037690    0.000070    5.108482 v _104_/D (sg13g2_dfrbpq_1)
                                              5.108482   data arrival time

                                 20.000000   20.000000   clock clk (rise edge)
                                  0.000000   20.000000   clock source latency
     1    0.075664    0.091454    0.071473   20.071474 ^ clk (in)
                                                         clk (net)
                      0.105206    0.000000   20.071474 ^ clkbuf_0_clk/A (sg13g2_buf_16)
     4    0.101359    0.040687    0.107367   20.178841 ^ clkbuf_0_clk/X (sg13g2_buf_16)
                                                         clknet_0_clk (net)
                      0.043081    0.006837   20.185678 ^ clkbuf_2_2__f_clk/A (sg13g2_buf_16)
     6    0.040949    0.024780    0.071452   20.257130 ^ clkbuf_2_2__f_clk/X (sg13g2_buf_16)
                                                         clknet_2_2__leaf_clk (net)
                      0.024784    0.000579   20.257710 ^ _104_/CLK (sg13g2_dfrbpq_1)
                                 -0.250000   20.007710   clock uncertainty
                                  0.000000   20.007710   clock reconvergence pessimism
                                 -0.117776   19.889935   library setup time
                                             19.889935   data required time
---------------------------------------------------------------------------------------------
                                             19.889935   data required time
                                             -5.108482   data arrival time
---------------------------------------------------------------------------------------------
                                             14.781451   slack (MET)


Startpoint: done_in (input port clocked by clk)
Endpoint: _120_ (rising edge-triggered flip-flop clocked by clk)
Path Group: clk
Path Type: max

Fanout         Cap        Slew       Delay        Time   Description
---------------------------------------------------------------------------------------------
                                  0.000000    0.000000   clock clk (rise edge)
                                  0.000000    0.000000   clock network delay (propagated)
                                  4.000000    4.000000 ^ input external delay
     1    0.004091    0.021238    0.003572    4.003572 ^ done_in (in)
                                                         done_in (net)
                      0.021238    0.000000    4.003572 ^ input2/A (sg13g2_buf_1)
     2    0.048158    0.201566    0.188747    4.192319 ^ input2/X (sg13g2_buf_1)
                                                         net2 (net)
                      0.202842    0.013607    4.205926 ^ fanout23/A (sg13g2_buf_1)
     8    0.107388    0.441254    0.411150    4.617076 ^ fanout23/X (sg13g2_buf_1)
                                                         net23 (net)
                      0.445327    0.036009    4.653086 ^ _055_/S (sg13g2_mux2_1)
     1    0.003691    0.038912    0.260721    4.913807 v _055_/X (sg13g2_mux2_1)
                                                         _042_ (net)
                      0.038912    0.000094    4.913901 v _120_/D (sg13g2_dfrbpq_1)
                                              4.913901   data arrival time

                                 20.000000   20.000000   clock clk (rise edge)
                                  0.000000   20.000000   clock source latency
     1    0.075664    0.091454    0.071473   20.071474 ^ clk (in)
                                                         clk (net)
                      0.105206    0.000000   20.071474 ^ clkbuf_0_clk/A (sg13g2_buf_16)
     4    0.101359    0.040687    0.107367   20.178841 ^ clkbuf_0_clk/X (sg13g2_buf_16)
                                                         clknet_0_clk (net)
                      0.044386    0.008848   20.187689 ^ clkbuf_2_0__f_clk/A (sg13g2_buf_16)
     6    0.041888    0.025048    0.072349   20.260038 ^ clkbuf_2_0__f_clk/X (sg13g2_buf_16)
                                                         clknet_2_0__leaf_clk (net)
                      0.025111    0.002037   20.262075 ^ _120_/CLK (sg13g2_dfrbpq_1)
                                 -0.250000   20.012075   clock uncertainty
                                  0.000000   20.012075   clock reconvergence pessimism
                                 -0.118133   19.893944   library setup time
                                             19.893944   data required time
---------------------------------------------------------------------------------------------
                                             19.893944   data required time
                                             -4.913901   data arrival time
---------------------------------------------------------------------------------------------
                                             14.980042   slack (MET)


Startpoint: reset (input port clocked by clk)
Endpoint: _099_ (recovery check against rising-edge clock clk)
Path Group: asynchronous
Path Type: max

Fanout         Cap        Slew       Delay        Time   Description
---------------------------------------------------------------------------------------------
                                  0.000000    0.000000   clock clk (rise edge)
                                  0.000000    0.000000   clock network delay (propagated)
                                  4.000000    4.000000 v input external delay
     1    0.006333    0.019515    0.004836    4.004836 v reset (in)
                                                         reset (net)
                      0.019516    0.000000    4.004836 v input3/A (sg13g2_buf_1)
     1    0.030396    0.100310    0.127153    4.131988 v input3/X (sg13g2_buf_1)
                                                         net3 (net)
                      0.101006    0.007089    4.139078 v fanout22/A (sg13g2_buf_1)
     4    0.042583    0.137123    0.194082    4.333159 v fanout22/X (sg13g2_buf_1)
                                                         net22 (net)
                      0.137286    0.004102    4.337262 v fanout20/A (sg13g2_buf_1)
     7    0.044907    0.143879    0.209726    4.546988 v fanout20/X (sg13g2_buf_1)
                                                         net20 (net)
                      0.144043    0.003631    4.550619 v fanout19/A (sg13g2_buf_1)
     8    0.049101    0.156617    0.220865    4.771484 v fanout19/X (sg13g2_buf_1)
                                                         net19 (net)
                      0.156762    0.003437    4.774920 v _095_/A (sg13g2_inv_1)
     1    0.010527    0.074082    0.096771    4.871692 ^ _095_/Y (sg13g2_inv_1)
                                                         _021_ (net)
                      0.074085    0.000585    4.872277 ^ _099_/RESET_B (sg13g2_dfrbpq_1)
                                              4.872277   data arrival time

                                 20.000000   20.000000   clock clk (rise edge)
                                  0.000000   20.000000   clock source latency
     1    0.075664    0.091454    0.071473   20.071474 ^ clk (in)
                                                         clk (net)
                      0.105206    0.000000   20.071474 ^ clkbuf_0_clk/A (sg13g2_buf_16)
     4    0.101359    0.040687    0.107367   20.178841 ^ clkbuf_0_clk/X (sg13g2_buf_16)
                                                         clknet_0_clk (net)
                      0.044039    0.008349   20.187189 ^ clkbuf_2_1__f_clk/A (sg13g2_buf_16)
     6    0.038515    0.024292    0.071630   20.258820 ^ clkbuf_2_1__f_clk/X (sg13g2_buf_16)
                                                         clknet_2_1__leaf_clk (net)
                      0.024320    0.001405   20.260223 ^ _099_/CLK (sg13g2_dfrbpq_1)
                                 -0.250000   20.010225   clock uncertainty
                                  0.000000   20.010225   clock reconvergence pessimism
                                 -0.136216   19.874008   library recovery time
                                             19.874008   data required time
---------------------------------------------------------------------------------------------
                                             19.874008   data required time
                                             -4.872277   data arrival time
---------------------------------------------------------------------------------------------
                                             15.001732   slack (MET)


Startpoint: reset (input port clocked by clk)
Endpoint: _109_ (recovery check against rising-edge clock clk)
Path Group: asynchronous
Path Type: max

Fanout         Cap        Slew       Delay        Time   Description
---------------------------------------------------------------------------------------------
                                  0.000000    0.000000   clock clk (rise edge)
                                  0.000000    0.000000   clock network delay (propagated)
                                  4.000000    4.000000 v input external delay
     1    0.006333    0.019515    0.004836    4.004836 v reset (in)
                                                         reset (net)
                      0.019516    0.000000    4.004836 v input3/A (sg13g2_buf_1)
     1    0.030396    0.100310    0.127153    4.131988 v input3/X (sg13g2_buf_1)
                                                         net3 (net)
                      0.101006    0.007089    4.139078 v fanout22/A (sg13g2_buf_1)
     4    0.042583    0.137123    0.194082    4.333159 v fanout22/X (sg13g2_buf_1)
                                                         net22 (net)
                      0.137286    0.004102    4.337262 v fanout20/A (sg13g2_buf_1)
     7    0.044907    0.143879    0.209726    4.546988 v fanout20/X (sg13g2_buf_1)
                                                         net20 (net)
                      0.144043    0.003631    4.550619 v fanout19/A (sg13g2_buf_1)
     8    0.049101    0.156617    0.220865    4.771484 v fanout19/X (sg13g2_buf_1)
                                                         net19 (net)
                      0.156816    0.004265    4.775749 v _081_/A (sg13g2_inv_1)
     1    0.007749    0.062121    0.083185    4.858934 ^ _081_/Y (sg13g2_inv_1)
                                                         _007_ (net)
                      0.062121    0.000218    4.859152 ^ _109_/RESET_B (sg13g2_dfrbpq_1)
                                              4.859152   data arrival time

                                 20.000000   20.000000   clock clk (rise edge)
                                  0.000000   20.000000   clock source latency
     1    0.075664    0.091454    0.071473   20.071474 ^ clk (in)
                                                         clk (net)
                      0.105206    0.000000   20.071474 ^ clkbuf_0_clk/A (sg13g2_buf_16)
     4    0.101359    0.040687    0.107367   20.178841 ^ clkbuf_0_clk/X (sg13g2_buf_16)
                                                         clknet_0_clk (net)
                      0.044386    0.008848   20.187689 ^ clkbuf_2_0__f_clk/A (sg13g2_buf_16)
     6    0.041888    0.025048    0.072349   20.260038 ^ clkbuf_2_0__f_clk/X (sg13g2_buf_16)
                                                         clknet_2_0__leaf_clk (net)
                      0.025102    0.001902   20.261940 ^ _109_/CLK (sg13g2_dfrbpq_1)
                                 -0.250000   20.011942   clock uncertainty
                                  0.000000   20.011942   clock reconvergence pessimism
                                 -0.132395   19.879545   library recovery time
                                             19.879545   data required time
---------------------------------------------------------------------------------------------
                                             19.879545   data required time
                                             -4.859152   data arrival time
---------------------------------------------------------------------------------------------
                                             15.020394   slack (MET)


Startpoint: reset (input port clocked by clk)
Endpoint: _098_ (recovery check against rising-edge clock clk)
Path Group: asynchronous
Path Type: max

Fanout         Cap        Slew       Delay        Time   Description
---------------------------------------------------------------------------------------------
                                  0.000000    0.000000   clock clk (rise edge)
                                  0.000000    0.000000   clock network delay (propagated)
                                  4.000000    4.000000 v input external delay
     1    0.006333    0.019515    0.004836    4.004836 v reset (in)
                                                         reset (net)
                      0.019516    0.000000    4.004836 v input3/A (sg13g2_buf_1)
     1    0.030396    0.100310    0.127153    4.131988 v input3/X (sg13g2_buf_1)
                                                         net3 (net)
                      0.101006    0.007089    4.139078 v fanout22/A (sg13g2_buf_1)
     4    0.042583    0.137123    0.194082    4.333159 v fanout22/X (sg13g2_buf_1)
                                                         net22 (net)
                      0.137286    0.004102    4.337262 v fanout20/A (sg13g2_buf_1)
     7    0.044907    0.143879    0.209726    4.546988 v fanout20/X (sg13g2_buf_1)
                                                         net20 (net)
                      0.144043    0.003631    4.550619 v fanout19/A (sg13g2_buf_1)
     8    0.049101    0.156617    0.220865    4.771484 v fanout19/X (sg13g2_buf_1)
                                                         net19 (net)
                      0.156802    0.004061    4.775545 v _094_/A (sg13g2_inv_1)
     1    0.007480    0.061019    0.081861    4.857405 ^ _094_/Y (sg13g2_inv_1)
                                                         _020_ (net)
                      0.061019    0.000185    4.857591 ^ _098_/RESET_B (sg13g2_dfrbpq_1)
                                              4.857591   data arrival time

                                 20.000000   20.000000   clock clk (rise edge)
                                  0.000000   20.000000   clock source latency
     1    0.075664    0.091454    0.071473   20.071474 ^ clk (in)
                                                         clk (net)
                      0.105206    0.000000   20.071474 ^ clkbuf_0_clk/A (sg13g2_buf_16)
     4    0.101359    0.040687    0.107367   20.178841 ^ clkbuf_0_clk/X (sg13g2_buf_16)
                                                         clknet_0_clk (net)
                      0.044039    0.008349   20.187189 ^ clkbuf_2_1__f_clk/A (sg13g2_buf_16)
     6    0.038515    0.024292    0.071630   20.258820 ^ clkbuf_2_1__f_clk/X (sg13g2_buf_16)
                                                         clknet_2_1__leaf_clk (net)
                      0.024341    0.001792   20.260612 ^ _098_/CLK (sg13g2_dfrbpq_1)
                                 -0.250000   20.010612   clock uncertainty
                                  0.000000   20.010612   clock reconvergence pessimism
                                 -0.132162   19.878450   library recovery time
                                             19.878450   data required time
---------------------------------------------------------------------------------------------
                                             19.878450   data required time
                                             -4.857591   data arrival time
---------------------------------------------------------------------------------------------
                                             15.020860   slack (MET)


Startpoint: reset (input port clocked by clk)
Endpoint: _110_ (recovery check against rising-edge clock clk)
Path Group: asynchronous
Path Type: max

Fanout         Cap        Slew       Delay        Time   Description
---------------------------------------------------------------------------------------------
                                  0.000000    0.000000   clock clk (rise edge)
                                  0.000000    0.000000   clock network delay (propagated)
                                  4.000000    4.000000 v input external delay
     1    0.006333    0.019515    0.004836    4.004836 v reset (in)
                                                         reset (net)
                      0.019516    0.000000    4.004836 v input3/A (sg13g2_buf_1)
     1    0.030396    0.100310    0.127153    4.131988 v input3/X (sg13g2_buf_1)
                                                         net3 (net)
                      0.101006    0.007089    4.139078 v fanout22/A (sg13g2_buf_1)
     4    0.042583    0.137123    0.194082    4.333159 v fanout22/X (sg13g2_buf_1)
                                                         net22 (net)
                      0.137286    0.004102    4.337262 v fanout20/A (sg13g2_buf_1)
     7    0.044907    0.143879    0.209726    4.546988 v fanout20/X (sg13g2_buf_1)
                                                         net20 (net)
                      0.144043    0.003631    4.550619 v fanout19/A (sg13g2_buf_1)
     8    0.049101    0.156617    0.220865    4.771484 v fanout19/X (sg13g2_buf_1)
                                                         net19 (net)
                      0.156780    0.003741    4.775225 v _082_/A (sg13g2_inv_1)
     1    0.007639    0.061664    0.082637    4.857862 ^ _082_/Y (sg13g2_inv_1)
                                                         _008_ (net)
                      0.061664    0.000204    4.858067 ^ _110_/RESET_B (sg13g2_dfrbpq_1)
                                              4.858067   data arrival time

                                 20.000000   20.000000   clock clk (rise edge)
                                  0.000000   20.000000   clock source latency
     1    0.075664    0.091454    0.071473   20.071474 ^ clk (in)
                                                         clk (net)
                      0.105206    0.000000   20.071474 ^ clkbuf_0_clk/A (sg13g2_buf_16)
     4    0.101359    0.040687    0.107367   20.178841 ^ clkbuf_0_clk/X (sg13g2_buf_16)
                                                         clknet_0_clk (net)
                      0.044386    0.008848   20.187689 ^ clkbuf_2_0__f_clk/A (sg13g2_buf_16)
     6    0.041888    0.025048    0.072349   20.260038 ^ clkbuf_2_0__f_clk/X (sg13g2_buf_16)
                                                         clknet_2_0__leaf_clk (net)
                      0.025096    0.001799   20.261837 ^ _110_/CLK (sg13g2_dfrbpq_1)
                                 -0.250000   20.011839   clock uncertainty
                                  0.000000   20.011839   clock reconvergence pessimism
                                 -0.132255   19.879583   library recovery time
                                             19.879583   data required time
---------------------------------------------------------------------------------------------
                                             19.879583   data required time
                                             -4.858067   data arrival time
---------------------------------------------------------------------------------------------
                                             15.021517   slack (MET)


Startpoint: reset (input port clocked by clk)
Endpoint: _121_ (recovery check against rising-edge clock clk)
Path Group: asynchronous
Path Type: max

Fanout         Cap        Slew       Delay        Time   Description
---------------------------------------------------------------------------------------------
                                  0.000000    0.000000   clock clk (rise edge)
                                  0.000000    0.000000   clock network delay (propagated)
                                  4.000000    4.000000 v input external delay
     1    0.006333    0.019515    0.004836    4.004836 v reset (in)
                                                         reset (net)
                      0.019516    0.000000    4.004836 v input3/A (sg13g2_buf_1)
     1    0.030396    0.100310    0.127153    4.131988 v input3/X (sg13g2_buf_1)
                                                         net3 (net)
                      0.101006    0.007089    4.139078 v fanout22/A (sg13g2_buf_1)
     4    0.042583    0.137123    0.194082    4.333159 v fanout22/X (sg13g2_buf_1)
                                                         net22 (net)
                      0.137286    0.004102    4.337262 v fanout20/A (sg13g2_buf_1)
     7    0.044907    0.143879    0.209726    4.546988 v fanout20/X (sg13g2_buf_1)
                                                         net20 (net)
                      0.144043    0.003631    4.550619 v fanout19/A (sg13g2_buf_1)
     8    0.049101    0.156617    0.220865    4.771484 v fanout19/X (sg13g2_buf_1)
                                                         net19 (net)
                      0.156832    0.004476    4.775960 v _093_/A (sg13g2_inv_1)
     1    0.006870    0.058582    0.078865    4.854825 ^ _093_/Y (sg13g2_inv_1)
                                                         _019_ (net)
                      0.058582    0.000115    4.854940 ^ _121_/RESET_B (sg13g2_dfrbpq_1)
                                              4.854940   data arrival time

                                 20.000000   20.000000   clock clk (rise edge)
                                  0.000000   20.000000   clock source latency
     1    0.075664    0.091454    0.071473   20.071474 ^ clk (in)
                                                         clk (net)
                      0.105206    0.000000   20.071474 ^ clkbuf_0_clk/A (sg13g2_buf_16)
     4    0.101359    0.040687    0.107367   20.178841 ^ clkbuf_0_clk/X (sg13g2_buf_16)
                                                         clknet_0_clk (net)
                      0.044039    0.008349   20.187189 ^ clkbuf_2_1__f_clk/A (sg13g2_buf_16)
     6    0.038515    0.024292    0.071630   20.258820 ^ clkbuf_2_1__f_clk/X (sg13g2_buf_16)
                                                         clknet_2_1__leaf_clk (net)
                      0.024348    0.001908   20.260727 ^ _121_/CLK (sg13g2_dfrbpq_1)
                                 -0.250000   20.010727   clock uncertainty
                                  0.000000   20.010727   clock reconvergence pessimism
                                 -0.131405   19.879322   library recovery time
                                             19.879322   data required time
---------------------------------------------------------------------------------------------
                                             19.879322   data required time
                                             -4.854940   data arrival time
---------------------------------------------------------------------------------------------
                                             15.024381   slack (MET)


Startpoint: reset (input port clocked by clk)
Endpoint: _111_ (recovery check against rising-edge clock clk)
Path Group: asynchronous
Path Type: max

Fanout         Cap        Slew       Delay        Time   Description
---------------------------------------------------------------------------------------------
                                  0.000000    0.000000   clock clk (rise edge)
                                  0.000000    0.000000   clock network delay (propagated)
                                  4.000000    4.000000 v input external delay
     1    0.006333    0.019515    0.004836    4.004836 v reset (in)
                                                         reset (net)
                      0.019516    0.000000    4.004836 v input3/A (sg13g2_buf_1)
     1    0.030396    0.100310    0.127153    4.131988 v input3/X (sg13g2_buf_1)
                                                         net3 (net)
                      0.101006    0.007089    4.139078 v fanout22/A (sg13g2_buf_1)
     4    0.042583    0.137123    0.194082    4.333159 v fanout22/X (sg13g2_buf_1)
                                                         net22 (net)
                      0.137286    0.004102    4.337262 v fanout20/A (sg13g2_buf_1)
     7    0.044907    0.143879    0.209726    4.546988 v fanout20/X (sg13g2_buf_1)
                                                         net20 (net)
                      0.144043    0.003631    4.550619 v fanout19/A (sg13g2_buf_1)
     8    0.049101    0.156617    0.220865    4.771484 v fanout19/X (sg13g2_buf_1)
                                                         net19 (net)
                      0.156741    0.003048    4.774531 v _083_/A (sg13g2_inv_1)
     1    0.007180    0.059799    0.080372    4.854904 ^ _083_/Y (sg13g2_inv_1)
                                                         _009_ (net)
                      0.059799    0.000150    4.855053 ^ _111_/RESET_B (sg13g2_dfrbpq_1)
                                              4.855053   data arrival time

                                 20.000000   20.000000   clock clk (rise edge)
                                  0.000000   20.000000   clock source latency
     1    0.075664    0.091454    0.071473   20.071474 ^ clk (in)
                                                         clk (net)
                      0.105206    0.000000   20.071474 ^ clkbuf_0_clk/A (sg13g2_buf_16)
     4    0.101359    0.040687    0.107367   20.178841 ^ clkbuf_0_clk/X (sg13g2_buf_16)
                                                         clknet_0_clk (net)
                      0.044386    0.008848   20.187689 ^ clkbuf_2_0__f_clk/A (sg13g2_buf_16)
     6    0.041888    0.025048    0.072349   20.260038 ^ clkbuf_2_0__f_clk/X (sg13g2_buf_16)
                                                         clknet_2_0__leaf_clk (net)
                      0.025066    0.001281   20.261318 ^ _111_/CLK (sg13g2_dfrbpq_1)
                                 -0.250000   20.011320   clock uncertainty
                                  0.000000   20.011320   clock reconvergence pessimism
                                 -0.131681   19.879639   library recovery time
                                             19.879639   data required time
---------------------------------------------------------------------------------------------
                                             19.879639   data required time
                                             -4.855053   data arrival time
---------------------------------------------------------------------------------------------
                                             15.024585   slack (MET)


Startpoint: reset (input port clocked by clk)
Endpoint: _120_ (recovery check against rising-edge clock clk)
Path Group: asynchronous
Path Type: max

Fanout         Cap        Slew       Delay        Time   Description
---------------------------------------------------------------------------------------------
                                  0.000000    0.000000   clock clk (rise edge)
                                  0.000000    0.000000   clock network delay (propagated)
                                  4.000000    4.000000 v input external delay
     1    0.006333    0.019515    0.004836    4.004836 v reset (in)
                                                         reset (net)
                      0.019516    0.000000    4.004836 v input3/A (sg13g2_buf_1)
     1    0.030396    0.100310    0.127153    4.131988 v input3/X (sg13g2_buf_1)
                                                         net3 (net)
                      0.101006    0.007089    4.139078 v fanout22/A (sg13g2_buf_1)
     4    0.042583    0.137123    0.194082    4.333159 v fanout22/X (sg13g2_buf_1)
                                                         net22 (net)
                      0.137286    0.004102    4.337262 v fanout20/A (sg13g2_buf_1)
     7    0.044907    0.143879    0.209726    4.546988 v fanout20/X (sg13g2_buf_1)
                                                         net20 (net)
                      0.144043    0.003631    4.550619 v fanout19/A (sg13g2_buf_1)
     8    0.049101    0.156617    0.220865    4.771484 v fanout19/X (sg13g2_buf_1)
                                                         net19 (net)
                      0.156826    0.004396    4.775880 v _092_/A (sg13g2_inv_1)
     1    0.007074    0.059391    0.079871    4.855751 ^ _092_/Y (sg13g2_inv_1)
                                                         _018_ (net)
                      0.059391    0.000138    4.855889 ^ _120_/RESET_B (sg13g2_dfrbpq_1)
                                              4.855889   data arrival time

                                 20.000000   20.000000   clock clk (rise edge)
                                  0.000000   20.000000   clock source latency
     1    0.075664    0.091454    0.071473   20.071474 ^ clk (in)
                                                         clk (net)
                      0.105206    0.000000   20.071474 ^ clkbuf_0_clk/A (sg13g2_buf_16)
     4    0.101359    0.040687    0.107367   20.178841 ^ clkbuf_0_clk/X (sg13g2_buf_16)
                                                         clknet_0_clk (net)
                      0.044386    0.008848   20.187689 ^ clkbuf_2_0__f_clk/A (sg13g2_buf_16)
     6    0.041888    0.025048    0.072349   20.260038 ^ clkbuf_2_0__f_clk/X (sg13g2_buf_16)
                                                         clknet_2_0__leaf_clk (net)
                      0.025111    0.002037   20.262075 ^ _120_/CLK (sg13g2_dfrbpq_1)
                                 -0.250000   20.012075   clock uncertainty
                                  0.000000   20.012075   clock reconvergence pessimism
                                 -0.131548   19.880527   library recovery time
                                             19.880527   data required time
---------------------------------------------------------------------------------------------
                                             19.880527   data required time
                                             -4.855889   data arrival time
---------------------------------------------------------------------------------------------
                                             15.024640   slack (MET)


Startpoint: reset (input port clocked by clk)
Endpoint: _112_ (recovery check against rising-edge clock clk)
Path Group: asynchronous
Path Type: max

Fanout         Cap        Slew       Delay        Time   Description
---------------------------------------------------------------------------------------------
                                  0.000000    0.000000   clock clk (rise edge)
                                  0.000000    0.000000   clock network delay (propagated)
                                  4.000000    4.000000 v input external delay
     1    0.006333    0.019515    0.004836    4.004836 v reset (in)
                                                         reset (net)
                      0.019516    0.000000    4.004836 v input3/A (sg13g2_buf_1)
     1    0.030396    0.100310    0.127153    4.131988 v input3/X (sg13g2_buf_1)
                                                         net3 (net)
                      0.101006    0.007089    4.139078 v fanout22/A (sg13g2_buf_1)
     4    0.042583    0.137123    0.194082    4.333159 v fanout22/X (sg13g2_buf_1)
                                                         net22 (net)
                      0.137286    0.004102    4.337262 v fanout20/A (sg13g2_buf_1)
     7    0.044907    0.143879    0.209726    4.546988 v fanout20/X (sg13g2_buf_1)
                                                         net20 (net)
                      0.144043    0.003631    4.550619 v fanout19/A (sg13g2_buf_1)
     8    0.049101    0.156617    0.220865    4.771484 v fanout19/X (sg13g2_buf_1)
                                                         net19 (net)
                      0.156686    0.001615    4.773098 v _084_/A (sg13g2_inv_1)
     1    0.006960    0.058915    0.079279    4.852378 ^ _084_/Y (sg13g2_inv_1)
                                                         _010_ (net)
                      0.058915    0.000124    4.852502 ^ _112_/RESET_B (sg13g2_dfrbpq_1)
                                              4.852502   data arrival time

                                 20.000000   20.000000   clock clk (rise edge)
                                  0.000000   20.000000   clock source latency
     1    0.075664    0.091454    0.071473   20.071474 ^ clk (in)
                                                         clk (net)
                      0.105206    0.000000   20.071474 ^ clkbuf_0_clk/A (sg13g2_buf_16)
     4    0.101359    0.040687    0.107367   20.178841 ^ clkbuf_0_clk/X (sg13g2_buf_16)
                                                         clknet_0_clk (net)
                      0.044386    0.008848   20.187689 ^ clkbuf_2_0__f_clk/A (sg13g2_buf_16)
     6    0.041888    0.025048    0.072349   20.260038 ^ clkbuf_2_0__f_clk/X (sg13g2_buf_16)
                                                         clknet_2_0__leaf_clk (net)
                      0.025059    0.001002   20.261040 ^ _112_/CLK (sg13g2_dfrbpq_1)
                                 -0.250000   20.011040   clock uncertainty
                                  0.000000   20.011040   clock reconvergence pessimism
                                 -0.131408   19.879633   library recovery time
                                             19.879633   data required time
---------------------------------------------------------------------------------------------
                                             19.879633   data required time
                                             -4.852502   data arrival time
---------------------------------------------------------------------------------------------
                                             15.027130   slack (MET)


Startpoint: _120_ (rising edge-triggered flip-flop clocked by clk)
Endpoint: dout[0] (output port clocked by clk)
Path Group: clk
Path Type: max

Fanout         Cap        Slew       Delay        Time   Description
---------------------------------------------------------------------------------------------
                                  0.000000    0.000000   clock clk (rise edge)
                                  0.000000    0.000000   clock source latency
     1    0.078337    0.094262    0.081832    0.081832 ^ clk (in)
                                                         clk (net)
                      0.109343    0.000000    0.081832 ^ clkbuf_0_clk/A (sg13g2_buf_16)
     4    0.112050    0.043548    0.121628    0.203460 ^ clkbuf_0_clk/X (sg13g2_buf_16)
                                                         clknet_0_clk (net)
                      0.047810    0.010903    0.214363 ^ clkbuf_2_0__f_clk/A (sg13g2_buf_16)
     6    0.044573    0.025792    0.082215    0.296578 ^ clkbuf_2_0__f_clk/X (sg13g2_buf_16)
                                                         clknet_2_0__leaf_clk (net)
                      0.025865    0.002421    0.298999 ^ _120_/CLK (sg13g2_dfrbpq_1)
     2    0.032696    0.137575    0.261945    0.560944 ^ _120_/Q (sg13g2_dfrbpq_1)
                                                         net5 (net)
                      0.137746    0.004164    0.565108 ^ output5/A (sg13g2_buf_1)
     1    0.010984    0.055781    0.129628    0.694736 ^ output5/X (sg13g2_buf_1)
                                                         dout[0] (net)
                      0.055788    0.000688    0.695424 ^ dout[0] (out)
                                              0.695424   data arrival time

                                 20.000000   20.000000   clock clk (rise edge)
                                  0.000000   20.000000   clock network delay (propagated)
                                 -0.250000   19.750002   clock uncertainty
                                  0.000000   19.750002   clock reconvergence pessimism
                                 -4.000000   15.750001   output external delay
                                             15.750001   data required time
---------------------------------------------------------------------------------------------
                                             15.750001   data required time
                                             -0.695424   data arrival time
---------------------------------------------------------------------------------------------
                                             15.054577   slack (MET)


Startpoint: _121_ (rising edge-triggered flip-flop clocked by clk)
Endpoint: dout[1] (output port clocked by clk)
Path Group: clk
Path Type: max

Fanout         Cap        Slew       Delay        Time   Description
---------------------------------------------------------------------------------------------
                                  0.000000    0.000000   clock clk (rise edge)
                                  0.000000    0.000000   clock source latency
     1    0.078337    0.094262    0.081832    0.081832 ^ clk (in)
                                                         clk (net)
                      0.109343    0.000000    0.081832 ^ clkbuf_0_clk/A (sg13g2_buf_16)
     4    0.112050    0.043548    0.121628    0.203460 ^ clkbuf_0_clk/X (sg13g2_buf_16)
                                                         clknet_0_clk (net)
                      0.047389    0.010276    0.213736 ^ clkbuf_2_1__f_clk/A (sg13g2_buf_16)
     6    0.041200    0.025038    0.081391    0.295128 ^ clkbuf_2_1__f_clk/X (sg13g2_buf_16)
                                                         clknet_2_1__leaf_clk (net)
                      0.025102    0.002264    0.297391 ^ _121_/CLK (sg13g2_dfrbpq_1)
     2    0.023822    0.102358    0.236456    0.533847 ^ _121_/Q (sg13g2_dfrbpq_1)
                                                         net8 (net)
                      0.102403    0.002161    0.536009 ^ output8/A (sg13g2_buf_1)
     1    0.011309    0.056065    0.120468    0.656477 ^ output8/X (sg13g2_buf_1)
                                                         dout[1] (net)
                      0.056073    0.000745    0.657222 ^ dout[1] (out)
                                              0.657222   data arrival time

                                 20.000000   20.000000   clock clk (rise edge)
                                  0.000000   20.000000   clock network delay (propagated)
                                 -0.250000   19.750002   clock uncertainty
                                  0.000000   19.750002   clock reconvergence pessimism
                                 -4.000000   15.750001   output external delay
                                             15.750001   data required time
---------------------------------------------------------------------------------------------
                                             15.750001   data required time
                                             -0.657222   data arrival time
---------------------------------------------------------------------------------------------
                                             15.092779   slack (MET)


Startpoint: _107_ (rising edge-triggered flip-flop clocked by clk)
Endpoint: dout[11] (output port clocked by clk)
Path Group: clk
Path Type: max

Fanout         Cap        Slew       Delay        Time   Description
---------------------------------------------------------------------------------------------
                                  0.000000    0.000000   clock clk (rise edge)
                                  0.000000    0.000000   clock source latency
     1    0.078337    0.094262    0.081832    0.081832 ^ clk (in)
                                                         clk (net)
                      0.109343    0.000000    0.081832 ^ clkbuf_0_clk/A (sg13g2_buf_16)
     4    0.112050    0.043548    0.121628    0.203460 ^ clkbuf_0_clk/X (sg13g2_buf_16)
                                                         clknet_0_clk (net)
                      0.046940    0.009575    0.213035 ^ clkbuf_2_3__f_clk/A (sg13g2_buf_16)
     6    0.036082    0.023887    0.080109    0.293143 ^ clkbuf_2_3__f_clk/X (sg13g2_buf_16)
                                                         clknet_2_3__leaf_clk (net)
                      0.023941    0.002070    0.295214 ^ _107_/CLK (sg13g2_dfrbpq_1)
     2    0.021981    0.096321    0.230544    0.525757 ^ _107_/Q (sg13g2_dfrbpq_1)
                                                         net7 (net)
                      0.096337    0.001337    0.527094 ^ output7/A (sg13g2_buf_1)
     1    0.011430    0.056371    0.119051    0.646145 ^ output7/X (sg13g2_buf_1)
                                                         dout[11] (net)
                      0.056380    0.000767    0.646912 ^ dout[11] (out)
                                              0.646912   data arrival time

                                 20.000000   20.000000   clock clk (rise edge)
                                  0.000000   20.000000   clock network delay (propagated)
                                 -0.250000   19.750002   clock uncertainty
                                  0.000000   19.750002   clock reconvergence pessimism
                                 -4.000000   15.750001   output external delay
                                             15.750001   data required time
---------------------------------------------------------------------------------------------
                                             15.750001   data required time
                                             -0.646912   data arrival time
---------------------------------------------------------------------------------------------
                                             15.103089   slack (MET)


Startpoint: _098_ (rising edge-triggered flip-flop clocked by clk)
Endpoint: dout[2] (output port clocked by clk)
Path Group: clk
Path Type: max

Fanout         Cap        Slew       Delay        Time   Description
---------------------------------------------------------------------------------------------
                                  0.000000    0.000000   clock clk (rise edge)
                                  0.000000    0.000000   clock source latency
     1    0.078337    0.094262    0.081832    0.081832 ^ clk (in)
                                                         clk (net)
                      0.109343    0.000000    0.081832 ^ clkbuf_0_clk/A (sg13g2_buf_16)
     4    0.112050    0.043548    0.121628    0.203460 ^ clkbuf_0_clk/X (sg13g2_buf_16)
                                                         clknet_0_clk (net)
                      0.047389    0.010276    0.213736 ^ clkbuf_2_1__f_clk/A (sg13g2_buf_16)
     6    0.041200    0.025038    0.081391    0.295128 ^ clkbuf_2_1__f_clk/X (sg13g2_buf_16)
                                                         clknet_2_1__leaf_clk (net)
                      0.025093    0.002124    0.297252 ^ _098_/CLK (sg13g2_dfrbpq_1)
     2    0.018462    0.082692    0.220321    0.517573 ^ _098_/Q (sg13g2_dfrbpq_1)
                                                         net9 (net)
                      0.082709    0.001238    0.518812 ^ output9/A (sg13g2_buf_1)
     1    0.011633    0.056833    0.113503    0.632314 ^ output9/X (sg13g2_buf_1)
                                                         dout[2] (net)
                      0.056843    0.000804    0.633118 ^ dout[2] (out)
                                              0.633118   data arrival time

                                 20.000000   20.000000   clock clk (rise edge)
                                  0.000000   20.000000   clock network delay (propagated)
                                 -0.250000   19.750002   clock uncertainty
                                  0.000000   19.750002   clock reconvergence pessimism
                                 -4.000000   15.750001   output external delay
                                             15.750001   data required time
---------------------------------------------------------------------------------------------
                                             15.750001   data required time
                                             -0.633118   data arrival time
---------------------------------------------------------------------------------------------
                                             15.116882   slack (MET)


Startpoint: _106_ (rising edge-triggered flip-flop clocked by clk)
Endpoint: dout[10] (output port clocked by clk)
Path Group: clk
Path Type: max

Fanout         Cap        Slew       Delay        Time   Description
---------------------------------------------------------------------------------------------
                                  0.000000    0.000000   clock clk (rise edge)
                                  0.000000    0.000000   clock source latency
     1    0.078337    0.094262    0.081832    0.081832 ^ clk (in)
                                                         clk (net)
                      0.109343    0.000000    0.081832 ^ clkbuf_0_clk/A (sg13g2_buf_16)
     4    0.112050    0.043548    0.121628    0.203460 ^ clkbuf_0_clk/X (sg13g2_buf_16)
                                                         clknet_0_clk (net)
                      0.046940    0.009575    0.213035 ^ clkbuf_2_3__f_clk/A (sg13g2_buf_16)
     6    0.036082    0.023887    0.080109    0.293143 ^ clkbuf_2_3__f_clk/X (sg13g2_buf_16)
                                                         clknet_2_3__leaf_clk (net)
                      0.023939    0.002031    0.295175 ^ _106_/CLK (sg13g2_dfrbpq_1)
     2    0.013714    0.064280    0.205499    0.500673 ^ _106_/Q (sg13g2_dfrbpq_1)
                                                         net6 (net)
                      0.064283    0.000557    0.501230 ^ output6/A (sg13g2_buf_1)
     1    0.011755    0.056882    0.105537    0.606768 ^ output6/X (sg13g2_buf_1)
                                                         dout[10] (net)
                      0.056892    0.000827    0.607594 ^ dout[10] (out)
                                              0.607594   data arrival time

                                 20.000000   20.000000   clock clk (rise edge)
                                  0.000000   20.000000   clock network delay (propagated)
                                 -0.250000   19.750002   clock uncertainty
                                  0.000000   19.750002   clock reconvergence pessimism
                                 -4.000000   15.750001   output external delay
                                             15.750001   data required time
---------------------------------------------------------------------------------------------
                                             15.750001   data required time
                                             -0.607594   data arrival time
---------------------------------------------------------------------------------------------
                                             15.142406   slack (MET)


Startpoint: _099_ (rising edge-triggered flip-flop clocked by clk)
Endpoint: dout[3] (output port clocked by clk)
Path Group: clk
Path Type: max

Fanout         Cap        Slew       Delay        Time   Description
---------------------------------------------------------------------------------------------
                                  0.000000    0.000000   clock clk (rise edge)
                                  0.000000    0.000000   clock source latency
     1    0.078337    0.094262    0.081832    0.081832 ^ clk (in)
                                                         clk (net)
                      0.109343    0.000000    0.081832 ^ clkbuf_0_clk/A (sg13g2_buf_16)
     4    0.112050    0.043548    0.121628    0.203460 ^ clkbuf_0_clk/X (sg13g2_buf_16)
                                                         clknet_0_clk (net)
                      0.047389    0.010276    0.213736 ^ clkbuf_2_1__f_clk/A (sg13g2_buf_16)
     6    0.041200    0.025038    0.081391    0.295128 ^ clkbuf_2_1__f_clk/X (sg13g2_buf_16)
                                                         clknet_2_1__leaf_clk (net)
                      0.025070    0.001663    0.296791 ^ _099_/CLK (sg13g2_dfrbpq_1)
     2    0.011378    0.055300    0.199021    0.495812 ^ _099_/Q (sg13g2_dfrbpq_1)
                                                         net10 (net)
                      0.055302    0.000417    0.496228 ^ output10/A (sg13g2_buf_1)
     1    0.011674    0.056362    0.101233    0.597461 ^ output10/X (sg13g2_buf_1)
                                                         dout[3] (net)
                      0.056373    0.000812    0.598272 ^ dout[3] (out)
                                              0.598272   data arrival time

                                 20.000000   20.000000   clock clk (rise edge)
                                  0.000000   20.000000   clock network delay (propagated)
                                 -0.250000   19.750002   clock uncertainty
                                  0.000000   19.750002   clock reconvergence pessimism
                                 -4.000000   15.750001   output external delay
                                             15.750001   data required time
---------------------------------------------------------------------------------------------
                                             15.750001   data required time
                                             -0.598272   data arrival time
---------------------------------------------------------------------------------------------
                                             15.151730   slack (MET)


Startpoint: _103_ (rising edge-triggered flip-flop clocked by clk)
Endpoint: dout[7] (output port clocked by clk)
Path Group: clk
Path Type: max

Fanout         Cap        Slew       Delay        Time   Description
---------------------------------------------------------------------------------------------
                                  0.000000    0.000000   clock clk (rise edge)
                                  0.000000    0.000000   clock source latency
     1    0.078337    0.094262    0.081832    0.081832 ^ clk (in)
                                                         clk (net)
                      0.109343    0.000000    0.081832 ^ clkbuf_0_clk/A (sg13g2_buf_16)
     4    0.112050    0.043548    0.121628    0.203460 ^ clkbuf_0_clk/X (sg13g2_buf_16)
                                                         clknet_0_clk (net)
                      0.046245    0.008404    0.211864 ^ clkbuf_2_2__f_clk/A (sg13g2_buf_16)
     6    0.043634    0.025509    0.081081    0.292944 ^ clkbuf_2_2__f_clk/X (sg13g2_buf_16)
                                                         clknet_2_2__leaf_clk (net)
                      0.025553    0.001972    0.294917 ^ _103_/CLK (sg13g2_dfrbpq_1)
     2    0.009133    0.046754    0.192446    0.487363 ^ _103_/Q (sg13g2_dfrbpq_1)
                                                         net14 (net)
                      0.046754    0.000164    0.487527 ^ output14/A (sg13g2_buf_1)
     1    0.012517    0.059458    0.099912    0.587439 ^ output14/X (sg13g2_buf_1)
                                                         dout[7] (net)
                      0.059503    0.000928    0.588367 ^ dout[7] (out)
                                              0.588367   data arrival time

                                 20.000000   20.000000   clock clk (rise edge)
                                  0.000000   20.000000   clock network delay (propagated)
                                 -0.250000   19.750002   clock uncertainty
                                  0.000000   19.750002   clock reconvergence pessimism
                                 -4.000000   15.750001   output external delay
                                             15.750001   data required time
---------------------------------------------------------------------------------------------
                                             15.750001   data required time
                                             -0.588367   data arrival time
---------------------------------------------------------------------------------------------
                                             15.161634   slack (MET)


Startpoint: _102_ (rising edge-triggered flip-flop clocked by clk)
Endpoint: dout[6] (output port clocked by clk)
Path Group: clk
Path Type: max

Fanout         Cap        Slew       Delay        Time   Description
---------------------------------------------------------------------------------------------
                                  0.000000    0.000000   clock clk (rise edge)
                                  0.000000    0.000000   clock source latency
     1    0.078337    0.094262    0.081832    0.081832 ^ clk (in)
                                                         clk (net)
                      0.109343    0.000000    0.081832 ^ clkbuf_0_clk/A (sg13g2_buf_16)
     4    0.112050    0.043548    0.121628    0.203460 ^ clkbuf_0_clk/X (sg13g2_buf_16)
                                                         clknet_0_clk (net)
                      0.046245    0.008404    0.211864 ^ clkbuf_2_2__f_clk/A (sg13g2_buf_16)
     6    0.043634    0.025509    0.081081    0.292944 ^ clkbuf_2_2__f_clk/X (sg13g2_buf_16)
                                                         clknet_2_2__leaf_clk (net)
                      0.025691    0.003343    0.296287 ^ _102_/CLK (sg13g2_dfrbpq_1)
     2    0.009159    0.046860    0.192528    0.488815 ^ _102_/Q (sg13g2_dfrbpq_1)
                                                         net13 (net)
                      0.046862    0.000406    0.489221 ^ output13/A (sg13g2_buf_1)
     1    0.011803    0.056670    0.097803    0.587023 ^ output13/X (sg13g2_buf_1)
                                                         dout[6] (net)
                      0.056681    0.000836    0.587860 ^ dout[6] (out)
                                              0.587860   data arrival time

                                 20.000000   20.000000   clock clk (rise edge)
                                  0.000000   20.000000   clock network delay (propagated)
                                 -0.250000   19.750002   clock uncertainty
                                  0.000000   19.750002   clock reconvergence pessimism
                                 -4.000000   15.750001   output external delay
                                             15.750001   data required time
---------------------------------------------------------------------------------------------
                                             15.750001   data required time
                                             -0.587860   data arrival time
---------------------------------------------------------------------------------------------
                                             15.162141   slack (MET)


Startpoint: _101_ (rising edge-triggered flip-flop clocked by clk)
Endpoint: dout[5] (output port clocked by clk)
Path Group: clk
Path Type: max

Fanout         Cap        Slew       Delay        Time   Description
---------------------------------------------------------------------------------------------
                                  0.000000    0.000000   clock clk (rise edge)
                                  0.000000    0.000000   clock source latency
     1    0.078337    0.094262    0.081832    0.081832 ^ clk (in)
                                                         clk (net)
                      0.109343    0.000000    0.081832 ^ clkbuf_0_clk/A (sg13g2_buf_16)
     4    0.112050    0.043548    0.121628    0.203460 ^ clkbuf_0_clk/X (sg13g2_buf_16)
                                                         clknet_0_clk (net)
                      0.047389    0.010276    0.213736 ^ clkbuf_2_1__f_clk/A (sg13g2_buf_16)
     6    0.041200    0.025038    0.081391    0.295128 ^ clkbuf_2_1__f_clk/X (sg13g2_buf_16)
                                                         clknet_2_1__leaf_clk (net)
                      0.025047    0.001009    0.296137 ^ _101_/CLK (sg13g2_dfrbpq_1)
     2    0.008822    0.045580    0.191223    0.487359 ^ _101_/Q (sg13g2_dfrbpq_1)
                                                         net12 (net)
                      0.045581    0.000309    0.487669 ^ output12/A (sg13g2_buf_1)
     1    0.012100    0.057803    0.098116    0.585784 ^ output12/X (sg13g2_buf_1)
                                                         dout[5] (net)
                      0.057847    0.000892    0.586677 ^ dout[5] (out)
                                              0.586677   data arrival time

                                 20.000000   20.000000   clock clk (rise edge)
                                  0.000000   20.000000   clock network delay (propagated)
                                 -0.250000   19.750002   clock uncertainty
                                  0.000000   19.750002   clock reconvergence pessimism
                                 -4.000000   15.750001   output external delay
                                             15.750001   data required time
---------------------------------------------------------------------------------------------
                                             15.750001   data required time
                                             -0.586677   data arrival time
---------------------------------------------------------------------------------------------
                                             15.163323   slack (MET)


Startpoint: _100_ (rising edge-triggered flip-flop clocked by clk)
Endpoint: dout[4] (output port clocked by clk)
Path Group: clk
Path Type: max

Fanout         Cap        Slew       Delay        Time   Description
---------------------------------------------------------------------------------------------
                                  0.000000    0.000000   clock clk (rise edge)
                                  0.000000    0.000000   clock source latency
     1    0.078337    0.094262    0.081832    0.081832 ^ clk (in)
                                                         clk (net)
                      0.109343    0.000000    0.081832 ^ clkbuf_0_clk/A (sg13g2_buf_16)
     4    0.112050    0.043548    0.121628    0.203460 ^ clkbuf_0_clk/X (sg13g2_buf_16)
                                                         clknet_0_clk (net)
                      0.047389    0.010276    0.213736 ^ clkbuf_2_1__f_clk/A (sg13g2_buf_16)
     6    0.041200    0.025038    0.081391    0.295128 ^ clkbuf_2_1__f_clk/X (sg13g2_buf_16)
                                                         clknet_2_1__leaf_clk (net)
                      0.025046    0.000968    0.296095 ^ _100_/CLK (sg13g2_dfrbpq_1)
     2    0.007467    0.040461    0.187096    0.483191 ^ _100_/Q (sg13g2_dfrbpq_1)
                                                         net11 (net)
                      0.040461    0.000226    0.483417 ^ output11/A (sg13g2_buf_1)
     1    0.012454    0.059078    0.096879    0.580296 ^ output11/X (sg13g2_buf_1)
                                                         dout[4] (net)
                      0.059122    0.000914    0.581211 ^ dout[4] (out)
                                              0.581211   data arrival time

                                 20.000000   20.000000   clock clk (rise edge)
                                  0.000000   20.000000   clock network delay (propagated)
                                 -0.250000   19.750002   clock uncertainty
                                  0.000000   19.750002   clock reconvergence pessimism
                                 -4.000000   15.750001   output external delay
                                             15.750001   data required time
---------------------------------------------------------------------------------------------
                                             15.750001   data required time
                                             -0.581211   data arrival time
---------------------------------------------------------------------------------------------
                                             15.168791   slack (MET)


Startpoint: _105_ (rising edge-triggered flip-flop clocked by clk)
Endpoint: dout[9] (output port clocked by clk)
Path Group: clk
Path Type: max

Fanout         Cap        Slew       Delay        Time   Description
---------------------------------------------------------------------------------------------
                                  0.000000    0.000000   clock clk (rise edge)
                                  0.000000    0.000000   clock source latency
     1    0.078337    0.094262    0.081832    0.081832 ^ clk (in)
                                                         clk (net)
                      0.109343    0.000000    0.081832 ^ clkbuf_0_clk/A (sg13g2_buf_16)
     4    0.112050    0.043548    0.121628    0.203460 ^ clkbuf_0_clk/X (sg13g2_buf_16)
                                                         clknet_0_clk (net)
                      0.046940    0.009575    0.213035 ^ clkbuf_2_3__f_clk/A (sg13g2_buf_16)
     6    0.036082    0.023887    0.080109    0.293143 ^ clkbuf_2_3__f_clk/X (sg13g2_buf_16)
                                                         clknet_2_3__leaf_clk (net)
                      0.023904    0.001308    0.294451 ^ _105_/CLK (sg13g2_dfrbpq_1)
     2    0.007822    0.041818    0.187614    0.482065 ^ _105_/Q (sg13g2_dfrbpq_1)
                                                         net16 (net)
                      0.041819    0.000231    0.482296 ^ output16/A (sg13g2_buf_1)
     1    0.011471    0.055263    0.094527    0.576824 ^ output16/X (sg13g2_buf_1)
                                                         dout[9] (net)
                      0.055272    0.000774    0.577598 ^ dout[9] (out)
                                              0.577598   data arrival time

                                 20.000000   20.000000   clock clk (rise edge)
                                  0.000000   20.000000   clock network delay (propagated)
                                 -0.250000   19.750002   clock uncertainty
                                  0.000000   19.750002   clock reconvergence pessimism
                                 -4.000000   15.750001   output external delay
                                             15.750001   data required time
---------------------------------------------------------------------------------------------
                                             15.750001   data required time
                                             -0.577598   data arrival time
---------------------------------------------------------------------------------------------
                                             15.172402   slack (MET)


Startpoint: _104_ (rising edge-triggered flip-flop clocked by clk)
Endpoint: dout[8] (output port clocked by clk)
Path Group: clk
Path Type: max

Fanout         Cap        Slew       Delay        Time   Description
---------------------------------------------------------------------------------------------
                                  0.000000    0.000000   clock clk (rise edge)
                                  0.000000    0.000000   clock source latency
     1    0.078337    0.094262    0.081832    0.081832 ^ clk (in)
                                                         clk (net)
                      0.109343    0.000000    0.081832 ^ clkbuf_0_clk/A (sg13g2_buf_16)
     4    0.112050    0.043548    0.121628    0.203460 ^ clkbuf_0_clk/X (sg13g2_buf_16)
                                                         clknet_0_clk (net)
                      0.046245    0.008404    0.211864 ^ clkbuf_2_2__f_clk/A (sg13g2_buf_16)
     6    0.043634    0.025509    0.081081    0.292944 ^ clkbuf_2_2__f_clk/X (sg13g2_buf_16)
                                                         clknet_2_2__leaf_clk (net)
                      0.025513    0.000689    0.293634 ^ _104_/CLK (sg13g2_dfrbpq_1)
     2    0.007296    0.039850    0.186835    0.480469 ^ _104_/Q (sg13g2_dfrbpq_1)
                                                         net15 (net)
                      0.039850    0.000163    0.480631 ^ output15/A (sg13g2_buf_1)
     1    0.010688    0.052163    0.091287    0.571918 ^ output15/X (sg13g2_buf_1)
                                                         dout[8] (net)
                      0.052169    0.000637    0.572555 ^ dout[8] (out)
                                              0.572555   data arrival time

                                 20.000000   20.000000   clock clk (rise edge)
                                  0.000000   20.000000   clock network delay (propagated)
                                 -0.250000   19.750002   clock uncertainty
                                  0.000000   19.750002   clock reconvergence pessimism
                                 -4.000000   15.750001   output external delay
                                             15.750001   data required time
---------------------------------------------------------------------------------------------
                                             15.750001   data required time
                                             -0.572555   data arrival time
---------------------------------------------------------------------------------------------
                                             15.177445   slack (MET)


Startpoint: done_in (input port clocked by clk)
Endpoint: _106_ (rising edge-triggered flip-flop clocked by clk)
Path Group: clk
Path Type: max

Fanout         Cap        Slew       Delay        Time   Description
---------------------------------------------------------------------------------------------
                                  0.000000    0.000000   clock clk (rise edge)
                                  0.000000    0.000000   clock network delay (propagated)
                                  4.000000    4.000000 ^ input external delay
     1    0.004091    0.021238    0.003572    4.003572 ^ done_in (in)
                                                         done_in (net)
                      0.021238    0.000000    4.003572 ^ input2/A (sg13g2_buf_1)
     2    0.048158    0.201566    0.188747    4.192319 ^ input2/X (sg13g2_buf_1)
                                                         net2 (net)
                      0.202847    0.013635    4.205955 ^ fanout24/A (sg13g2_buf_1)
     5    0.056703    0.235931    0.279524    4.485479 ^ fanout24/X (sg13g2_buf_1)
                                                         net24 (net)
                      0.235993    0.003374    4.488853 ^ _070_/S (sg13g2_mux2_1)
     1    0.003494    0.037361    0.223400    4.712254 v _070_/X (sg13g2_mux2_1)
                                                         _028_ (net)
                      0.037361    0.000082    4.712336 v _106_/D (sg13g2_dfrbpq_1)
                                              4.712336   data arrival time

                                 20.000000   20.000000   clock clk (rise edge)
                                  0.000000   20.000000   clock source latency
     1    0.075664    0.091454    0.071473   20.071474 ^ clk (in)
                                                         clk (net)
                      0.105206    0.000000   20.071474 ^ clkbuf_0_clk/A (sg13g2_buf_16)
     4    0.101359    0.040687    0.107367   20.178841 ^ clkbuf_0_clk/X (sg13g2_buf_16)
                                                         clknet_0_clk (net)
                      0.043663    0.007780   20.186621 ^ clkbuf_2_3__f_clk/A (sg13g2_buf_16)
     6    0.033397    0.023139    0.070507   20.257128 ^ clkbuf_2_3__f_clk/X (sg13g2_buf_16)
                                                         clknet_2_3__leaf_clk (net)
                      0.023183    0.001696   20.258825 ^ _106_/CLK (sg13g2_dfrbpq_1)
                                 -0.250000   20.008825   clock uncertainty
                                  0.000000   20.008825   clock reconvergence pessimism
                                 -0.118066   19.890760   library setup time
                                             19.890760   data required time
---------------------------------------------------------------------------------------------
                                             19.890760   data required time
                                             -4.712336   data arrival time
---------------------------------------------------------------------------------------------
                                             15.178424   slack (MET)


Startpoint: reset (input port clocked by clk)
Endpoint: _115_ (recovery check against rising-edge clock clk)
Path Group: asynchronous
Path Type: max

Fanout         Cap        Slew       Delay        Time   Description
---------------------------------------------------------------------------------------------
                                  0.000000    0.000000   clock clk (rise edge)
                                  0.000000    0.000000   clock network delay (propagated)
                                  4.000000    4.000000 v input external delay
     1    0.006333    0.019515    0.004836    4.004836 v reset (in)
                                                         reset (net)
                      0.019516    0.000000    4.004836 v input3/A (sg13g2_buf_1)
     1    0.030396    0.100310    0.127153    4.131988 v input3/X (sg13g2_buf_1)
                                                         net3 (net)
                      0.101006    0.007089    4.139078 v fanout22/A (sg13g2_buf_1)
     4    0.042583    0.137123    0.194082    4.333159 v fanout22/X (sg13g2_buf_1)
                                                         net22 (net)
                      0.137129    0.000778    4.333938 v fanout21/A (sg13g2_buf_1)
     8    0.058615    0.186066    0.241117    4.575055 v fanout21/X (sg13g2_buf_1)
                                                         net21 (net)
                      0.186276    0.005455    4.580510 v _087_/A (sg13g2_inv_1)
     1    0.010252    0.078150    0.102367    4.682877 ^ _087_/Y (sg13g2_inv_1)
                                                         _013_ (net)
                      0.078152    0.000541    4.683418 ^ _115_/RESET_B (sg13g2_dfrbpq_1)
                                              4.683418   data arrival time

                                 20.000000   20.000000   clock clk (rise edge)
                                  0.000000   20.000000   clock source latency
     1    0.075664    0.091454    0.071473   20.071474 ^ clk (in)
                                                         clk (net)
                      0.105206    0.000000   20.071474 ^ clkbuf_0_clk/A (sg13g2_buf_16)
     4    0.101359    0.040687    0.107367   20.178841 ^ clkbuf_0_clk/X (sg13g2_buf_16)
                                                         clknet_0_clk (net)
                      0.043081    0.006837   20.185678 ^ clkbuf_2_2__f_clk/A (sg13g2_buf_16)
     6    0.040949    0.024780    0.071452   20.257130 ^ clkbuf_2_2__f_clk/X (sg13g2_buf_16)
                                                         clknet_2_2__leaf_clk (net)
                      0.024885    0.002531   20.259661 ^ _115_/CLK (sg13g2_dfrbpq_1)
                                 -0.250000   20.009663   clock uncertainty
                                  0.000000   20.009663   clock reconvergence pessimism
                                 -0.137396   19.872267   library recovery time
                                             19.872267   data required time
---------------------------------------------------------------------------------------------
                                             19.872267   data required time
                                             -4.683418   data arrival time
---------------------------------------------------------------------------------------------
                                             15.188848   slack (MET)


Startpoint: reset (input port clocked by clk)
Endpoint: _116_ (recovery check against rising-edge clock clk)
Path Group: asynchronous
Path Type: max

Fanout         Cap        Slew       Delay        Time   Description
---------------------------------------------------------------------------------------------
                                  0.000000    0.000000   clock clk (rise edge)
                                  0.000000    0.000000   clock network delay (propagated)
                                  4.000000    4.000000 v input external delay
     1    0.006333    0.019515    0.004836    4.004836 v reset (in)
                                                         reset (net)
                      0.019516    0.000000    4.004836 v input3/A (sg13g2_buf_1)
     1    0.030396    0.100310    0.127153    4.131988 v input3/X (sg13g2_buf_1)
                                                         net3 (net)
                      0.101006    0.007089    4.139078 v fanout22/A (sg13g2_buf_1)
     4    0.042583    0.137123    0.194082    4.333159 v fanout22/X (sg13g2_buf_1)
                                                         net22 (net)
                      0.137129    0.000778    4.333938 v fanout21/A (sg13g2_buf_1)
     8    0.058615    0.186066    0.241117    4.575055 v fanout21/X (sg13g2_buf_1)
                                                         net21 (net)
                      0.186208    0.004504    4.579559 v _088_/A (sg13g2_inv_1)
     1    0.008845    0.071677    0.094908    4.674466 ^ _088_/Y (sg13g2_inv_1)
                                                         _014_ (net)
                      0.071678    0.000363    4.674829 ^ _116_/RESET_B (sg13g2_dfrbpq_1)
                                              4.674829   data arrival time

                                 20.000000   20.000000   clock clk (rise edge)
                                  0.000000   20.000000   clock source latency
     1    0.075664    0.091454    0.071473   20.071474 ^ clk (in)
                                                         clk (net)
                      0.105206    0.000000   20.071474 ^ clkbuf_0_clk/A (sg13g2_buf_16)
     4    0.101359    0.040687    0.107367   20.178841 ^ clkbuf_0_clk/X (sg13g2_buf_16)
                                                         clknet_0_clk (net)
                      0.043081    0.006837   20.185678 ^ clkbuf_2_2__f_clk/A (sg13g2_buf_16)
     6    0.040949    0.024780    0.071452   20.257130 ^ clkbuf_2_2__f_clk/X (sg13g2_buf_16)
                                                         clknet_2_2__leaf_clk (net)
                      0.024782    0.000391   20.257521 ^ _116_/CLK (sg13g2_dfrbpq_1)
                                 -0.250000   20.007521   clock uncertainty
                                  0.000000   20.007521   clock reconvergence pessimism
                                 -0.135404   19.872118   library recovery time
                                             19.872118   data required time
---------------------------------------------------------------------------------------------
                                             19.872118   data required time
                                             -4.674829   data arrival time
---------------------------------------------------------------------------------------------
                                             15.197289   slack (MET)


Startpoint: reset (input port clocked by clk)
Endpoint: _105_ (recovery check against rising-edge clock clk)
Path Group: asynchronous
Path Type: max

Fanout         Cap        Slew       Delay        Time   Description
---------------------------------------------------------------------------------------------
                                  0.000000    0.000000   clock clk (rise edge)
                                  0.000000    0.000000   clock network delay (propagated)
                                  4.000000    4.000000 v input external delay
     1    0.006333    0.019515    0.004836    4.004836 v reset (in)
                                                         reset (net)
                      0.019516    0.000000    4.004836 v input3/A (sg13g2_buf_1)
     1    0.030396    0.100310    0.127153    4.131988 v input3/X (sg13g2_buf_1)
                                                         net3 (net)
                      0.101006    0.007089    4.139078 v fanout22/A (sg13g2_buf_1)
     4    0.042583    0.137123    0.194082    4.333159 v fanout22/X (sg13g2_buf_1)
                                                         net22 (net)
                      0.137129    0.000778    4.333938 v fanout21/A (sg13g2_buf_1)
     8    0.058615    0.186066    0.241117    4.575055 v fanout21/X (sg13g2_buf_1)
                                                         net21 (net)
                      0.186069    0.000665    4.575720 v _077_/A (sg13g2_inv_1)
     1    0.008592    0.070508    0.093564    4.669285 ^ _077_/Y (sg13g2_inv_1)
                                                         _003_ (net)
                      0.070508    0.000292    4.669577 ^ _105_/RESET_B (sg13g2_dfrbpq_1)
                                              4.669577   data arrival time

                                 20.000000   20.000000   clock clk (rise edge)
                                  0.000000   20.000000   clock source latency
     1    0.075664    0.091454    0.071473   20.071474 ^ clk (in)
                                                         clk (net)
                      0.105206    0.000000   20.071474 ^ clkbuf_0_clk/A (sg13g2_buf_16)
     4    0.101359    0.040687    0.107367   20.178841 ^ clkbuf_0_clk/X (sg13g2_buf_16)
                                                         clknet_0_clk (net)
                      0.043663    0.007780   20.186621 ^ clkbuf_2_3__f_clk/A (sg13g2_buf_16)
     6    0.033397    0.023139    0.070507   20.257128 ^ clkbuf_2_3__f_clk/X (sg13g2_buf_16)
                                                         clknet_2_3__leaf_clk (net)
                      0.023154    0.001092   20.258221 ^ _105_/CLK (sg13g2_dfrbpq_1)
                                 -0.250000   20.008221   clock uncertainty
                                  0.000000   20.008221   clock reconvergence pessimism
                                 -0.135273   19.872948   library recovery time
                                             19.872948   data required time
---------------------------------------------------------------------------------------------
                                             19.872948   data required time
                                             -4.669577   data arrival time
---------------------------------------------------------------------------------------------
                                             15.203371   slack (MET)


Startpoint: reset (input port clocked by clk)
Endpoint: _117_ (recovery check against rising-edge clock clk)
Path Group: asynchronous
Path Type: max

Fanout         Cap        Slew       Delay        Time   Description
---------------------------------------------------------------------------------------------
                                  0.000000    0.000000   clock clk (rise edge)
                                  0.000000    0.000000   clock network delay (propagated)
                                  4.000000    4.000000 v input external delay
     1    0.006333    0.019515    0.004836    4.004836 v reset (in)
                                                         reset (net)
                      0.019516    0.000000    4.004836 v input3/A (sg13g2_buf_1)
     1    0.030396    0.100310    0.127153    4.131988 v input3/X (sg13g2_buf_1)
                                                         net3 (net)
                      0.101006    0.007089    4.139078 v fanout22/A (sg13g2_buf_1)
     4    0.042583    0.137123    0.194082    4.333159 v fanout22/X (sg13g2_buf_1)
                                                         net22 (net)
                      0.137129    0.000778    4.333938 v fanout21/A (sg13g2_buf_1)
     8    0.058615    0.186066    0.241117    4.575055 v fanout21/X (sg13g2_buf_1)
                                                         net21 (net)
                      0.186122    0.002853    4.577909 v _089_/A (sg13g2_inv_1)
     1    0.008110    0.068398    0.090997    4.668906 ^ _089_/Y (sg13g2_inv_1)
                                                         _015_ (net)
                      0.068398    0.000263    4.669169 ^ _117_/RESET_B (sg13g2_dfrbpq_1)
                                              4.669169   data arrival time

                                 20.000000   20.000000   clock clk (rise edge)
                                  0.000000   20.000000   clock source latency
     1    0.075664    0.091454    0.071473   20.071474 ^ clk (in)
                                                         clk (net)
                      0.105206    0.000000   20.071474 ^ clkbuf_0_clk/A (sg13g2_buf_16)
     4    0.101359    0.040687    0.107367   20.178841 ^ clkbuf_0_clk/X (sg13g2_buf_16)
                                                         clknet_0_clk (net)
                      0.043663    0.007780   20.186621 ^ clkbuf_2_3__f_clk/A (sg13g2_buf_16)
     6    0.033397    0.023139    0.070507   20.257128 ^ clkbuf_2_3__f_clk/X (sg13g2_buf_16)
                                                         clknet_2_3__leaf_clk (net)
                      0.023142    0.000405   20.257534 ^ _117_/CLK (sg13g2_dfrbpq_1)
                                 -0.250000   20.007534   clock uncertainty
                                  0.000000   20.007534   clock reconvergence pessimism
                                 -0.134621   19.872913   library recovery time
                                             19.872913   data required time
---------------------------------------------------------------------------------------------
                                             19.872913   data required time
                                             -4.669169   data arrival time
---------------------------------------------------------------------------------------------
                                             15.203745   slack (MET)


Startpoint: reset (input port clocked by clk)
Endpoint: _107_ (recovery check against rising-edge clock clk)
Path Group: asynchronous
Path Type: max

Fanout         Cap        Slew       Delay        Time   Description
---------------------------------------------------------------------------------------------
                                  0.000000    0.000000   clock clk (rise edge)
                                  0.000000    0.000000   clock network delay (propagated)
                                  4.000000    4.000000 v input external delay
     1    0.006333    0.019515    0.004836    4.004836 v reset (in)
                                                         reset (net)
                      0.019516    0.000000    4.004836 v input3/A (sg13g2_buf_1)
     1    0.030396    0.100310    0.127153    4.131988 v input3/X (sg13g2_buf_1)
                                                         net3 (net)
                      0.101006    0.007089    4.139078 v fanout22/A (sg13g2_buf_1)
     4    0.042583    0.137123    0.194082    4.333159 v fanout22/X (sg13g2_buf_1)
                                                         net22 (net)
                      0.137129    0.000778    4.333938 v fanout21/A (sg13g2_buf_1)
     8    0.058615    0.186066    0.241117    4.575055 v fanout21/X (sg13g2_buf_1)
                                                         net21 (net)
                      0.186073    0.001020    4.576075 v _079_/A (sg13g2_inv_1)
     1    0.008282    0.069135    0.091920    4.667994 ^ _079_/Y (sg13g2_inv_1)
                                                         _005_ (net)
                      0.069135    0.000252    4.668246 ^ _107_/RESET_B (sg13g2_dfrbpq_1)
                                              4.668246   data arrival time

                                 20.000000   20.000000   clock clk (rise edge)
                                  0.000000   20.000000   clock source latency
     1    0.075664    0.091454    0.071473   20.071474 ^ clk (in)
                                                         clk (net)
                      0.105206    0.000000   20.071474 ^ clkbuf_0_clk/A (sg13g2_buf_16)
     4    0.101359    0.040687    0.107367   20.178841 ^ clkbuf_0_clk/X (sg13g2_buf_16)
                                                         clknet_0_clk (net)
                      0.043663    0.007780   20.186621 ^ clkbuf_2_3__f_clk/A (sg13g2_buf_16)
     6    0.033397    0.023139    0.070507   20.257128 ^ clkbuf_2_3__f_clk/X (sg13g2_buf_16)
                                                         clknet_2_3__leaf_clk (net)
                      0.023185    0.001728   20.258856 ^ _107_/CLK (sg13g2_dfrbpq_1)
                                 -0.250000   20.008858   clock uncertainty
                                  0.000000   20.008858   clock reconvergence pessimism
                                 -0.134843   19.874014   library recovery time
                                             19.874014   data required time
---------------------------------------------------------------------------------------------
                                             19.874014   data required time
                                             -4.668246   data arrival time
---------------------------------------------------------------------------------------------
                                             15.205768   slack (MET)


Startpoint: reset (input port clocked by clk)
Endpoint: _104_ (recovery check against rising-edge clock clk)
Path Group: asynchronous
Path Type: max

Fanout         Cap        Slew       Delay        Time   Description
---------------------------------------------------------------------------------------------
                                  0.000000    0.000000   clock clk (rise edge)
                                  0.000000    0.000000   clock network delay (propagated)
                                  4.000000    4.000000 v input external delay
     1    0.006333    0.019515    0.004836    4.004836 v reset (in)
                                                         reset (net)
                      0.019516    0.000000    4.004836 v input3/A (sg13g2_buf_1)
     1    0.030396    0.100310    0.127153    4.131988 v input3/X (sg13g2_buf_1)
                                                         net3 (net)
                      0.101006    0.007089    4.139078 v fanout22/A (sg13g2_buf_1)
     4    0.042583    0.137123    0.194082    4.333159 v fanout22/X (sg13g2_buf_1)
                                                         net22 (net)
                      0.137129    0.000778    4.333938 v fanout21/A (sg13g2_buf_1)
     8    0.058615    0.186066    0.241117    4.575055 v fanout21/X (sg13g2_buf_1)
                                                         net21 (net)
                      0.186150    0.003478    4.578533 v _076_/A (sg13g2_inv_1)
     1    0.007724    0.066730    0.088956    4.667489 ^ _076_/Y (sg13g2_inv_1)
                                                         _002_ (net)
                      0.066730    0.000215    4.667705 ^ _104_/RESET_B (sg13g2_dfrbpq_1)
                                              4.667705   data arrival time

                                 20.000000   20.000000   clock clk (rise edge)
                                  0.000000   20.000000   clock source latency
     1    0.075664    0.091454    0.071473   20.071474 ^ clk (in)
                                                         clk (net)
                      0.105206    0.000000   20.071474 ^ clkbuf_0_clk/A (sg13g2_buf_16)
     4    0.101359    0.040687    0.107367   20.178841 ^ clkbuf_0_clk/X (sg13g2_buf_16)
                                                         clknet_0_clk (net)
                      0.043081    0.006837   20.185678 ^ clkbuf_2_2__f_clk/A (sg13g2_buf_16)
     6    0.040949    0.024780    0.071452   20.257130 ^ clkbuf_2_2__f_clk/X (sg13g2_buf_16)
                                                         clknet_2_2__leaf_clk (net)
                      0.024784    0.000579   20.257710 ^ _104_/CLK (sg13g2_dfrbpq_1)
                                 -0.250000   20.007710   clock uncertainty
                                  0.000000   20.007710   clock reconvergence pessimism
                                 -0.133869   19.873840   library recovery time
                                             19.873840   data required time
---------------------------------------------------------------------------------------------
                                             19.873840   data required time
                                             -4.667705   data arrival time
---------------------------------------------------------------------------------------------
                                             15.206136   slack (MET)


Startpoint: reset (input port clocked by clk)
Endpoint: _103_ (recovery check against rising-edge clock clk)
Path Group: asynchronous
Path Type: max

Fanout         Cap        Slew       Delay        Time   Description
---------------------------------------------------------------------------------------------
                                  0.000000    0.000000   clock clk (rise edge)
                                  0.000000    0.000000   clock network delay (propagated)
                                  4.000000    4.000000 v input external delay
     1    0.006333    0.019515    0.004836    4.004836 v reset (in)
                                                         reset (net)
                      0.019516    0.000000    4.004836 v input3/A (sg13g2_buf_1)
     1    0.030396    0.100310    0.127153    4.131988 v input3/X (sg13g2_buf_1)
                                                         net3 (net)
                      0.101006    0.007089    4.139078 v fanout22/A (sg13g2_buf_1)
     4    0.042583    0.137123    0.194082    4.333159 v fanout22/X (sg13g2_buf_1)
                                                         net22 (net)
                      0.137129    0.000778    4.333938 v fanout21/A (sg13g2_buf_1)
     8    0.058615    0.186066    0.241117    4.575055 v fanout21/X (sg13g2_buf_1)
                                                         net21 (net)
                      0.186248    0.005089    4.580144 v _075_/A (sg13g2_inv_1)
     1    0.006960    0.063526    0.084916    4.665061 ^ _075_/Y (sg13g2_inv_1)
                                                         _001_ (net)
                      0.063526    0.000125    4.665185 ^ _103_/RESET_B (sg13g2_dfrbpq_1)
                                              4.665185   data arrival time

                                 20.000000   20.000000   clock clk (rise edge)
                                  0.000000   20.000000   clock source latency
     1    0.075664    0.091454    0.071473   20.071474 ^ clk (in)
                                                         clk (net)
                      0.105206    0.000000   20.071474 ^ clkbuf_0_clk/A (sg13g2_buf_16)
     4    0.101359    0.040687    0.107367   20.178841 ^ clkbuf_0_clk/X (sg13g2_buf_16)
                                                         clknet_0_clk (net)
                      0.043081    0.006837   20.185678 ^ clkbuf_2_2__f_clk/A (sg13g2_buf_16)
     6    0.040949    0.024780    0.071452   20.257130 ^ clkbuf_2_2__f_clk/X (sg13g2_buf_16)
                                                         clknet_2_2__leaf_clk (net)
                      0.024820    0.001677   20.258806 ^ _103_/CLK (sg13g2_dfrbpq_1)
                                 -0.250000   20.008808   clock uncertainty
                                  0.000000   20.008808   clock reconvergence pessimism
                                 -0.132871   19.875937   library recovery time
                                             19.875937   data required time
---------------------------------------------------------------------------------------------
                                             19.875937   data required time
                                             -4.665185   data arrival time
---------------------------------------------------------------------------------------------
                                             15.210751   slack (MET)


Startpoint: reset (input port clocked by clk)
Endpoint: _106_ (recovery check against rising-edge clock clk)
Path Group: asynchronous
Path Type: max

Fanout         Cap        Slew       Delay        Time   Description
---------------------------------------------------------------------------------------------
                                  0.000000    0.000000   clock clk (rise edge)
                                  0.000000    0.000000   clock network delay (propagated)
                                  4.000000    4.000000 v input external delay
     1    0.006333    0.019515    0.004836    4.004836 v reset (in)
                                                         reset (net)
                      0.019516    0.000000    4.004836 v input3/A (sg13g2_buf_1)
     1    0.030396    0.100310    0.127153    4.131988 v input3/X (sg13g2_buf_1)
                                                         net3 (net)
                      0.101006    0.007089    4.139078 v fanout22/A (sg13g2_buf_1)
     4    0.042583    0.137123    0.194082    4.333159 v fanout22/X (sg13g2_buf_1)
                                                         net22 (net)
                      0.137129    0.000778    4.333938 v fanout21/A (sg13g2_buf_1)
     8    0.058615    0.186066    0.241117    4.575055 v fanout21/X (sg13g2_buf_1)
                                                         net21 (net)
                      0.186073    0.001005    4.576060 v _078_/A (sg13g2_inv_1)
     1    0.007066    0.063937    0.085451    4.661510 ^ _078_/Y (sg13g2_inv_1)
                                                         _004_ (net)
                      0.063937    0.000137    4.661647 ^ _106_/RESET_B (sg13g2_dfrbpq_1)
                                              4.661647   data arrival time

                                 20.000000   20.000000   clock clk (rise edge)
                                  0.000000   20.000000   clock source latency
     1    0.075664    0.091454    0.071473   20.071474 ^ clk (in)
                                                         clk (net)
                      0.105206    0.000000   20.071474 ^ clkbuf_0_clk/A (sg13g2_buf_16)
     4    0.101359    0.040687    0.107367   20.178841 ^ clkbuf_0_clk/X (sg13g2_buf_16)
                                                         clknet_0_clk (net)
                      0.043663    0.007780   20.186621 ^ clkbuf_2_3__f_clk/A (sg13g2_buf_16)
     6    0.033397    0.023139    0.070507   20.257128 ^ clkbuf_2_3__f_clk/X (sg13g2_buf_16)
                                                         clknet_2_3__leaf_clk (net)
                      0.023183    0.001696   20.258825 ^ _106_/CLK (sg13g2_dfrbpq_1)
                                 -0.250000   20.008825   clock uncertainty
                                  0.000000   20.008825   clock reconvergence pessimism
                                 -0.133232   19.875593   library recovery time
                                             19.875593   data required time
---------------------------------------------------------------------------------------------
                                             19.875593   data required time
                                             -4.661647   data arrival time
---------------------------------------------------------------------------------------------
                                             15.213946   slack (MET)


Startpoint: reset (input port clocked by clk)
Endpoint: _114_ (recovery check against rising-edge clock clk)
Path Group: asynchronous
Path Type: max

Fanout         Cap        Slew       Delay        Time   Description
---------------------------------------------------------------------------------------------
                                  0.000000    0.000000   clock clk (rise edge)
                                  0.000000    0.000000   clock network delay (propagated)
                                  4.000000    4.000000 v input external delay
     1    0.006333    0.019515    0.004836    4.004836 v reset (in)
                                                         reset (net)
                      0.019516    0.000000    4.004836 v input3/A (sg13g2_buf_1)
     1    0.030396    0.100310    0.127153    4.131988 v input3/X (sg13g2_buf_1)
                                                         net3 (net)
                      0.101006    0.007089    4.139078 v fanout22/A (sg13g2_buf_1)
     4    0.042583    0.137123    0.194082    4.333159 v fanout22/X (sg13g2_buf_1)
                                                         net22 (net)
                      0.137286    0.004102    4.337262 v fanout20/A (sg13g2_buf_1)
     7    0.044907    0.143879    0.209726    4.546988 v fanout20/X (sg13g2_buf_1)
                                                         net20 (net)
                      0.143970    0.002302    4.549290 v _086_/A (sg13g2_inv_1)
     1    0.009720    0.068188    0.089547    4.638836 ^ _086_/Y (sg13g2_inv_1)
                                                         _012_ (net)
                      0.068213    0.000457    4.639294 ^ _114_/RESET_B (sg13g2_dfrbpq_1)
                                              4.639294   data arrival time

                                 20.000000   20.000000   clock clk (rise edge)
                                  0.000000   20.000000   clock source latency
     1    0.075664    0.091454    0.071473   20.071474 ^ clk (in)
                                                         clk (net)
                      0.105206    0.000000   20.071474 ^ clkbuf_0_clk/A (sg13g2_buf_16)
     4    0.101359    0.040687    0.107367   20.178841 ^ clkbuf_0_clk/X (sg13g2_buf_16)
                                                         clknet_0_clk (net)
                      0.043081    0.006837   20.185678 ^ clkbuf_2_2__f_clk/A (sg13g2_buf_16)
     6    0.040949    0.024780    0.071452   20.257130 ^ clkbuf_2_2__f_clk/X (sg13g2_buf_16)
                                                         clknet_2_2__leaf_clk (net)
                      0.024965    0.003059   20.260189 ^ _114_/CLK (sg13g2_dfrbpq_1)
                                 -0.250000   20.010189   clock uncertainty
                                  0.000000   20.010189   clock reconvergence pessimism
                                 -0.134303   19.875887   library recovery time
                                             19.875887   data required time
---------------------------------------------------------------------------------------------
                                             19.875887   data required time
                                             -4.639294   data arrival time
---------------------------------------------------------------------------------------------
                                             15.236593   slack (MET)


Startpoint: reset (input port clocked by clk)
Endpoint: _100_ (recovery check against rising-edge clock clk)
Path Group: asynchronous
Path Type: max

Fanout         Cap        Slew       Delay        Time   Description
---------------------------------------------------------------------------------------------
                                  0.000000    0.000000   clock clk (rise edge)
                                  0.000000    0.000000   clock network delay (propagated)
                                  4.000000    4.000000 v input external delay
     1    0.006333    0.019515    0.004836    4.004836 v reset (in)
                                                         reset (net)
                      0.019516    0.000000    4.004836 v input3/A (sg13g2_buf_1)
     1    0.030396    0.100310    0.127153    4.131988 v input3/X (sg13g2_buf_1)
                                                         net3 (net)
                      0.101006    0.007089    4.139078 v fanout22/A (sg13g2_buf_1)
     4    0.042583    0.137123    0.194082    4.333159 v fanout22/X (sg13g2_buf_1)
                                                         net22 (net)
                      0.137286    0.004102    4.337262 v fanout20/A (sg13g2_buf_1)
     7    0.044907    0.143879    0.209726    4.546988 v fanout20/X (sg13g2_buf_1)
                                                         net20 (net)
                      0.144034    0.003493    4.550480 v _096_/A (sg13g2_inv_1)
     1    0.008977    0.065037    0.086070    4.636550 ^ _096_/Y (sg13g2_inv_1)
                                                         _022_ (net)
                      0.065061    0.000346    4.636896 ^ _100_/RESET_B (sg13g2_dfrbpq_1)
                                              4.636896   data arrival time

                                 20.000000   20.000000   clock clk (rise edge)
                                  0.000000   20.000000   clock source latency
     1    0.075664    0.091454    0.071473   20.071474 ^ clk (in)
                                                         clk (net)
                      0.105206    0.000000   20.071474 ^ clkbuf_0_clk/A (sg13g2_buf_16)
     4    0.101359    0.040687    0.107367   20.178841 ^ clkbuf_0_clk/X (sg13g2_buf_16)
                                                         clknet_0_clk (net)
                      0.044039    0.008349   20.187189 ^ clkbuf_2_1__f_clk/A (sg13g2_buf_16)
     6    0.038515    0.024292    0.071630   20.258820 ^ clkbuf_2_1__f_clk/X (sg13g2_buf_16)
                                                         clknet_2_1__leaf_clk (net)
                      0.024300    0.000815   20.259634 ^ _100_/CLK (sg13g2_dfrbpq_1)
                                 -0.250000   20.009636   clock uncertainty
                                  0.000000   20.009636   clock reconvergence pessimism
                                 -0.133421   19.876215   library recovery time
                                             19.876215   data required time
---------------------------------------------------------------------------------------------
                                             19.876215   data required time
                                             -4.636896   data arrival time
---------------------------------------------------------------------------------------------
                                             15.239320   slack (MET)


Startpoint: reset (input port clocked by clk)
Endpoint: _102_ (recovery check against rising-edge clock clk)
Path Group: asynchronous
Path Type: max

Fanout         Cap        Slew       Delay        Time   Description
---------------------------------------------------------------------------------------------
                                  0.000000    0.000000   clock clk (rise edge)
                                  0.000000    0.000000   clock network delay (propagated)
                                  4.000000    4.000000 v input external delay
     1    0.006333    0.019515    0.004836    4.004836 v reset (in)
                                                         reset (net)
                      0.019516    0.000000    4.004836 v input3/A (sg13g2_buf_1)
     1    0.030396    0.100310    0.127153    4.131988 v input3/X (sg13g2_buf_1)
                                                         net3 (net)
                      0.101006    0.007089    4.139078 v fanout22/A (sg13g2_buf_1)
     4    0.042583    0.137123    0.194082    4.333159 v fanout22/X (sg13g2_buf_1)
                                                         net22 (net)
                      0.137286    0.004102    4.337262 v fanout20/A (sg13g2_buf_1)
     7    0.044907    0.143879    0.209726    4.546988 v fanout20/X (sg13g2_buf_1)
                                                         net20 (net)
                      0.143880    0.000768    4.547756 v _049_/A (sg13g2_inv_1)
     1    0.008672    0.063733    0.084595    4.632350 ^ _049_/Y (sg13g2_inv_1)
                                                         _000_ (net)
                      0.063733    0.000303    4.632654 ^ _102_/RESET_B (sg13g2_dfrbpq_1)
                                              4.632654   data arrival time

                                 20.000000   20.000000   clock clk (rise edge)
                                  0.000000   20.000000   clock source latency
     1    0.075664    0.091454    0.071473   20.071474 ^ clk (in)
                                                         clk (net)
                      0.105206    0.000000   20.071474 ^ clkbuf_0_clk/A (sg13g2_buf_16)
     4    0.101359    0.040687    0.107367   20.178841 ^ clkbuf_0_clk/X (sg13g2_buf_16)
                                                         clknet_0_clk (net)
                      0.043081    0.006837   20.185678 ^ clkbuf_2_2__f_clk/A (sg13g2_buf_16)
     6    0.040949    0.024780    0.071452   20.257130 ^ clkbuf_2_2__f_clk/X (sg13g2_buf_16)
                                                         clknet_2_2__leaf_clk (net)
                      0.024927    0.002840   20.259970 ^ _102_/CLK (sg13g2_dfrbpq_1)
                                 -0.250000   20.009972   clock uncertainty
                                  0.000000   20.009972   clock reconvergence pessimism
                                 -0.132920   19.877052   library recovery time
                                             19.877052   data required time
---------------------------------------------------------------------------------------------
                                             19.877052   data required time
                                             -4.632654   data arrival time
---------------------------------------------------------------------------------------------
                                             15.244398   slack (MET)


Startpoint: reset (input port clocked by clk)
Endpoint: _108_ (recovery check against rising-edge clock clk)
Path Group: asynchronous
Path Type: max

Fanout         Cap        Slew       Delay        Time   Description
---------------------------------------------------------------------------------------------
                                  0.000000    0.000000   clock clk (rise edge)
                                  0.000000    0.000000   clock network delay (propagated)
                                  4.000000    4.000000 v input external delay
     1    0.006333    0.019515    0.004836    4.004836 v reset (in)
                                                         reset (net)
                      0.019516    0.000000    4.004836 v input3/A (sg13g2_buf_1)
     1    0.030396    0.100310    0.127153    4.131988 v input3/X (sg13g2_buf_1)
                                                         net3 (net)
                      0.101006    0.007089    4.139078 v fanout22/A (sg13g2_buf_1)
     4    0.042583    0.137123    0.194082    4.333159 v fanout22/X (sg13g2_buf_1)
                                                         net22 (net)
                      0.137286    0.004102    4.337262 v fanout20/A (sg13g2_buf_1)
     7    0.044907    0.143879    0.209726    4.546988 v fanout20/X (sg13g2_buf_1)
                                                         net20 (net)
                      0.143992    0.002768    4.549756 v _080_/A (sg13g2_inv_1)
     1    0.008033    0.061131    0.081593    4.631349 ^ _080_/Y (sg13g2_inv_1)
                                                         _006_ (net)
                      0.061131    0.000254    4.631603 ^ _108_/RESET_B (sg13g2_dfrbpq_1)
                                              4.631603   data arrival time

                                 20.000000   20.000000   clock clk (rise edge)
                                  0.000000   20.000000   clock source latency
     1    0.075664    0.091454    0.071473   20.071474 ^ clk (in)
                                                         clk (net)
                      0.105206    0.000000   20.071474 ^ clkbuf_0_clk/A (sg13g2_buf_16)
     4    0.101359    0.040687    0.107367   20.178841 ^ clkbuf_0_clk/X (sg13g2_buf_16)
                                                         clknet_0_clk (net)
                      0.044386    0.008848   20.187689 ^ clkbuf_2_0__f_clk/A (sg13g2_buf_16)
     6    0.041888    0.025048    0.072349   20.260038 ^ clkbuf_2_0__f_clk/X (sg13g2_buf_16)
                                                         clknet_2_0__leaf_clk (net)
                      0.025072    0.001309   20.261347 ^ _108_/CLK (sg13g2_dfrbpq_1)
                                 -0.250000   20.011349   clock uncertainty
                                  0.000000   20.011349   clock reconvergence pessimism
                                 -0.132093   19.879255   library recovery time
                                             19.879255   data required time
---------------------------------------------------------------------------------------------
                                             19.879255   data required time
                                             -4.631603   data arrival time
---------------------------------------------------------------------------------------------
                                             15.247651   slack (MET)


Startpoint: reset (input port clocked by clk)
Endpoint: _101_ (recovery check against rising-edge clock clk)
Path Group: asynchronous
Path Type: max

Fanout         Cap        Slew       Delay        Time   Description
---------------------------------------------------------------------------------------------
                                  0.000000    0.000000   clock clk (rise edge)
                                  0.000000    0.000000   clock network delay (propagated)
                                  4.000000    4.000000 v input external delay
     1    0.006333    0.019515    0.004836    4.004836 v reset (in)
                                                         reset (net)
                      0.019516    0.000000    4.004836 v input3/A (sg13g2_buf_1)
     1    0.030396    0.100310    0.127153    4.131988 v input3/X (sg13g2_buf_1)
                                                         net3 (net)
                      0.101006    0.007089    4.139078 v fanout22/A (sg13g2_buf_1)
     4    0.042583    0.137123    0.194082    4.333159 v fanout22/X (sg13g2_buf_1)
                                                         net22 (net)
                      0.137286    0.004102    4.337262 v fanout20/A (sg13g2_buf_1)
     7    0.044907    0.143879    0.209726    4.546988 v fanout20/X (sg13g2_buf_1)
                                                         net20 (net)
                      0.143994    0.002808    4.549796 v _097_/A (sg13g2_inv_1)
     1    0.007391    0.058546    0.078557    4.628353 ^ _097_/Y (sg13g2_inv_1)
                                                         _023_ (net)
                      0.058546    0.000175    4.628528 ^ _101_/RESET_B (sg13g2_dfrbpq_1)
                                              4.628528   data arrival time

                                 20.000000   20.000000   clock clk (rise edge)
                                  0.000000   20.000000   clock source latency
     1    0.075664    0.091454    0.071473   20.071474 ^ clk (in)
                                                         clk (net)
                      0.105206    0.000000   20.071474 ^ clkbuf_0_clk/A (sg13g2_buf_16)
     4    0.101359    0.040687    0.107367   20.178841 ^ clkbuf_0_clk/X (sg13g2_buf_16)
                                                         clknet_0_clk (net)
                      0.044039    0.008349   20.187189 ^ clkbuf_2_1__f_clk/A (sg13g2_buf_16)
     6    0.038515    0.024292    0.071630   20.258820 ^ clkbuf_2_1__f_clk/X (sg13g2_buf_16)
                                                         clknet_2_1__leaf_clk (net)
                      0.024300    0.000846   20.259665 ^ _101_/CLK (sg13g2_dfrbpq_1)
                                 -0.250000   20.009666   clock uncertainty
                                  0.000000   20.009666   clock reconvergence pessimism
                                 -0.131401   19.878265   library recovery time
                                             19.878265   data required time
---------------------------------------------------------------------------------------------
                                             19.878265   data required time
                                             -4.628528   data arrival time
---------------------------------------------------------------------------------------------
                                             15.249738   slack (MET)


Startpoint: reset (input port clocked by clk)
Endpoint: _113_ (recovery check against rising-edge clock clk)
Path Group: asynchronous
Path Type: max

Fanout         Cap        Slew       Delay        Time   Description
---------------------------------------------------------------------------------------------
                                  0.000000    0.000000   clock clk (rise edge)
                                  0.000000    0.000000   clock network delay (propagated)
                                  4.000000    4.000000 v input external delay
     1    0.006333    0.019515    0.004836    4.004836 v reset (in)
                                                         reset (net)
                      0.019516    0.000000    4.004836 v input3/A (sg13g2_buf_1)
     1    0.030396    0.100310    0.127153    4.131988 v input3/X (sg13g2_buf_1)
                                                         net3 (net)
                      0.101006    0.007089    4.139078 v fanout22/A (sg13g2_buf_1)
     4    0.042583    0.137123    0.194082    4.333159 v fanout22/X (sg13g2_buf_1)
                                                         net22 (net)
                      0.137286    0.004102    4.337262 v fanout20/A (sg13g2_buf_1)
     7    0.044907    0.143879    0.209726    4.546988 v fanout20/X (sg13g2_buf_1)
                                                         net20 (net)
                      0.144016    0.003205    4.550193 v _085_/A (sg13g2_inv_1)
     1    0.006960    0.056859    0.076526    4.626719 ^ _085_/Y (sg13g2_inv_1)
                                                         _011_ (net)
                      0.056859    0.000125    4.626843 ^ _113_/RESET_B (sg13g2_dfrbpq_1)
                                              4.626843   data arrival time

                                 20.000000   20.000000   clock clk (rise edge)
                                  0.000000   20.000000   clock source latency
     1    0.075664    0.091454    0.071473   20.071474 ^ clk (in)
                                                         clk (net)
                      0.105206    0.000000   20.071474 ^ clkbuf_0_clk/A (sg13g2_buf_16)
     4    0.101359    0.040687    0.107367   20.178841 ^ clkbuf_0_clk/X (sg13g2_buf_16)
                                                         clknet_0_clk (net)
                      0.044039    0.008349   20.187189 ^ clkbuf_2_1__f_clk/A (sg13g2_buf_16)
     6    0.038515    0.024292    0.071630   20.258820 ^ clkbuf_2_1__f_clk/X (sg13g2_buf_16)
                                                         clknet_2_1__leaf_clk (net)
                      0.024298    0.000732   20.259552 ^ _113_/CLK (sg13g2_dfrbpq_1)
                                 -0.250000   20.009552   clock uncertainty
                                  0.000000   20.009552   clock reconvergence pessimism
                                 -0.130878   19.878674   library recovery time
                                             19.878674   data required time
---------------------------------------------------------------------------------------------
                                             19.878674   data required time
                                             -4.626843   data arrival time
---------------------------------------------------------------------------------------------
                                             15.251830   slack (MET)


Startpoint: reset (input port clocked by clk)
Endpoint: _118_ (recovery check against rising-edge clock clk)
Path Group: asynchronous
Path Type: max

Fanout         Cap        Slew       Delay        Time   Description
---------------------------------------------------------------------------------------------
                                  0.000000    0.000000   clock clk (rise edge)
                                  0.000000    0.000000   clock network delay (propagated)
                                  4.000000    4.000000 v input external delay
     1    0.006333    0.019515    0.004836    4.004836 v reset (in)
                                                         reset (net)
                      0.019516    0.000000    4.004836 v input3/A (sg13g2_buf_1)
     1    0.030396    0.100310    0.127153    4.131988 v input3/X (sg13g2_buf_1)
                                                         net3 (net)
                      0.101006    0.007089    4.139078 v fanout22/A (sg13g2_buf_1)
     4    0.042583    0.137123    0.194082    4.333159 v fanout22/X (sg13g2_buf_1)
                                                         net22 (net)
                      0.137133    0.001016    4.334176 v _090_/A (sg13g2_inv_1)
     1    0.007721    0.058720    0.078550    4.412725 ^ _090_/Y (sg13g2_inv_1)
                                                         _016_ (net)
                      0.058720    0.000214    4.412940 ^ _118_/RESET_B (sg13g2_dfrbpq_1)
                                              4.412940   data arrival time

                                 20.000000   20.000000   clock clk (rise edge)
                                  0.000000   20.000000   clock source latency
     1    0.075664    0.091454    0.071473   20.071474 ^ clk (in)
                                                         clk (net)
                      0.105206    0.000000   20.071474 ^ clkbuf_0_clk/A (sg13g2_buf_16)
     4    0.101359    0.040687    0.107367   20.178841 ^ clkbuf_0_clk/X (sg13g2_buf_16)
                                                         clknet_0_clk (net)
                      0.043663    0.007780   20.186621 ^ clkbuf_2_3__f_clk/A (sg13g2_buf_16)
     6    0.033397    0.023139    0.070507   20.257128 ^ clkbuf_2_3__f_clk/X (sg13g2_buf_16)
                                                         clknet_2_3__leaf_clk (net)
                      0.023156    0.001164   20.258291 ^ _118_/CLK (sg13g2_dfrbpq_1)
                                 -0.250000   20.008293   clock uncertainty
                                  0.000000   20.008293   clock reconvergence pessimism
                                 -0.131618   19.876675   library recovery time
                                             19.876675   data required time
---------------------------------------------------------------------------------------------
                                             19.876675   data required time
                                             -4.412940   data arrival time
---------------------------------------------------------------------------------------------
                                             15.463736   slack (MET)


Startpoint: reset (input port clocked by clk)
Endpoint: _119_ (recovery check against rising-edge clock clk)
Path Group: asynchronous
Path Type: max

Fanout         Cap        Slew       Delay        Time   Description
---------------------------------------------------------------------------------------------
                                  0.000000    0.000000   clock clk (rise edge)
                                  0.000000    0.000000   clock network delay (propagated)
                                  4.000000    4.000000 v input external delay
     1    0.006333    0.019515    0.004836    4.004836 v reset (in)
                                                         reset (net)
                      0.019516    0.000000    4.004836 v input3/A (sg13g2_buf_1)
     1    0.030396    0.100310    0.127153    4.131988 v input3/X (sg13g2_buf_1)
                                                         net3 (net)
                      0.101006    0.007089    4.139078 v fanout22/A (sg13g2_buf_1)
     4    0.042583    0.137123    0.194082    4.333159 v fanout22/X (sg13g2_buf_1)
                                                         net22 (net)
                      0.137129    0.000778    4.333938 v _091_/A (sg13g2_inv_1)
     1    0.007274    0.056958    0.076483    4.410420 ^ _091_/Y (sg13g2_inv_1)
                                                         _017_ (net)
                      0.056958    0.000161    4.410582 ^ _119_/RESET_B (sg13g2_dfrbpq_1)
                                              4.410582   data arrival time

                                 20.000000   20.000000   clock clk (rise edge)
                                  0.000000   20.000000   clock source latency
     1    0.075664    0.091454    0.071473   20.071474 ^ clk (in)
                                                         clk (net)
                      0.105206    0.000000   20.071474 ^ clkbuf_0_clk/A (sg13g2_buf_16)
     4    0.101359    0.040687    0.107367   20.178841 ^ clkbuf_0_clk/X (sg13g2_buf_16)
                                                         clknet_0_clk (net)
                      0.043663    0.007780   20.186621 ^ clkbuf_2_3__f_clk/A (sg13g2_buf_16)
     6    0.033397    0.023139    0.070507   20.257128 ^ clkbuf_2_3__f_clk/X (sg13g2_buf_16)
                                                         clknet_2_3__leaf_clk (net)
                      0.023181    0.001663   20.258791 ^ _119_/CLK (sg13g2_dfrbpq_1)
                                 -0.250000   20.008791   clock uncertainty
                                  0.000000   20.008791   clock reconvergence pessimism
                                 -0.131068   19.877724   library recovery time
                                             19.877724   data required time
---------------------------------------------------------------------------------------------
                                             19.877724   data required time
                                             -4.410582   data arrival time
---------------------------------------------------------------------------------------------
                                             15.467141   slack (MET)



