[WARNING ORD-0032] Invalid thread number specification: None.
Reading timing models for corner nom_typ_1p20V_25C…
Reading timing library for the 'nom_typ_1p20V_25C' corner at '/opt/pdks/ihp-sg13g2/libs.ref/sg13g2_stdcell/lib/sg13g2_stdcell_typ_1p20V_25C.lib'…
Reading timing library for the 'nom_typ_1p20V_25C' corner at '/opt/pdks/ihp-sg13g2/libs.ref/sg13g2_io/lib/sg13g2_io_typ_1p2V_3p3V_25C.lib'…
Reading OpenROAD database at '/home/designer/shared/s2p/runs/RUN_2026-09-12_02-16-42/42-openroad-repairantennas/1-openroad-diodeinsertion/serial2parallel.odb'…
Reading design constraints file at '/nix/store/4lnizdcfpwncfgmyqhj7a0vd92nr2swy-python3.13-librelane-3.1.0.dev3/lib/python3.13/site-packages/librelane/scripts/base.sdc'…
[INFO] Using clock clk…
[INFO] Setting output delay to: 4.0
[INFO] Setting input delay to: 4.0
[INFO] Setting load to: 0.006
[INFO] Setting clock uncertainty to: 0.25
[INFO] Setting clock transition to: 0.15
[INFO] Setting timing derate to: 5.0%
%OL_CREATE_REPORT min.rpt

===========================================================================
report_checks -path_delay min (Hold)
============================================================================
======================= nom_typ_1p20V_25C Corner ===================================

Startpoint: _116_ (rising edge-triggered flip-flop clocked by clk)
Endpoint: _104_ (rising edge-triggered flip-flop clocked by clk)
Path Group: clk
Path Type: min

Fanout         Cap        Slew       Delay        Time   Description
---------------------------------------------------------------------------------------------
                                  0.000000    0.000000   clock clk (rise edge)
                                  0.000000    0.000000   clock source latency
     1    0.075664    0.091454    0.071474    0.071474 ^ clk (in)
                                                         clk (net)
                      0.105206    0.000000    0.071474 ^ clkbuf_0_clk/A (sg13g2_buf_16)
     4    0.101359    0.040687    0.107366    0.178840 ^ clkbuf_0_clk/X (sg13g2_buf_16)
                                                         clknet_0_clk (net)
                      0.043081    0.006838    0.185678 ^ clkbuf_2_2__f_clk/A (sg13g2_buf_16)
     6    0.040949    0.024780    0.071452    0.257130 ^ clkbuf_2_2__f_clk/X (sg13g2_buf_16)
                                                         clknet_2_2__leaf_clk (net)
                      0.024782    0.000391    0.257520 ^ _116_/CLK (sg13g2_dfrbpq_1)
     2    0.007073    0.039019    0.168106    0.425626 ^ _116_/Q (sg13g2_dfrbpq_1)
                                                         internal_data_reg[8] (net)
                      0.039019    0.000095    0.425721 ^ _072_/A1 (sg13g2_mux2_1)
     1    0.002863    0.027610    0.084268    0.509990 ^ _072_/X (sg13g2_mux2_1)
                                                         _026_ (net)
                      0.027610    0.000053    0.510043 ^ hold28/A (sg13g2_dlygate4sd3_1)
     1    0.002821    0.033947    0.338263    0.848305 ^ hold28/X (sg13g2_dlygate4sd3_1)
                                                         net28 (net)
                      0.033947    0.000052    0.848357 ^ _104_/D (sg13g2_dfrbpq_1)
                                              0.848357   data arrival time

                                  0.000000    0.000000   clock clk (rise edge)
                                  0.000000    0.000000   clock source latency
     1    0.078337    0.094262    0.081832    0.081832 ^ clk (in)
                                                         clk (net)
                      0.109343    0.000000    0.081832 ^ clkbuf_0_clk/A (sg13g2_buf_16)
     4    0.112050    0.043548    0.121628    0.203460 ^ clkbuf_0_clk/X (sg13g2_buf_16)
                                                         clknet_0_clk (net)
                      0.046245    0.008404    0.211864 ^ clkbuf_2_2__f_clk/A (sg13g2_buf_16)
     6    0.043634    0.025509    0.081081    0.292944 ^ clkbuf_2_2__f_clk/X (sg13g2_buf_16)
                                                         clknet_2_2__leaf_clk (net)
                      0.025513    0.000689    0.293634 ^ _104_/CLK (sg13g2_dfrbpq_1)
                                  0.250000    0.543634   clock uncertainty
                                 -0.035815    0.507819   clock reconvergence pessimism
                                 -0.062127    0.445692   library hold time
                                              0.445692   data required time
---------------------------------------------------------------------------------------------
                                              0.445692   data required time
                                             -0.848357   data arrival time
---------------------------------------------------------------------------------------------
                                              0.402665   slack (MET)


Startpoint: _099_ (rising edge-triggered flip-flop clocked by clk)
Endpoint: _099_ (rising edge-triggered flip-flop clocked by clk)
Path Group: clk
Path Type: min

Fanout         Cap        Slew       Delay        Time   Description
---------------------------------------------------------------------------------------------
                                  0.000000    0.000000   clock clk (rise edge)
                                  0.000000    0.000000   clock source latency
     1    0.075664    0.091454    0.071474    0.071474 ^ clk (in)
                                                         clk (net)
                      0.105206    0.000000    0.071474 ^ clkbuf_0_clk/A (sg13g2_buf_16)
     4    0.101359    0.040687    0.107366    0.178840 ^ clkbuf_0_clk/X (sg13g2_buf_16)
                                                         clknet_0_clk (net)
                      0.044039    0.008349    0.187189 ^ clkbuf_2_1__f_clk/A (sg13g2_buf_16)
     6    0.038515    0.024292    0.071630    0.258819 ^ clkbuf_2_1__f_clk/X (sg13g2_buf_16)
                                                         clknet_2_1__leaf_clk (net)
                      0.024320    0.001404    0.260223 ^ _099_/CLK (sg13g2_dfrbpq_1)
     2    0.010293    0.040190    0.170570    0.430793 v _099_/Q (sg13g2_dfrbpq_1)
                                                         net10 (net)
                      0.040190    0.000145    0.430939 v _052_/A0 (sg13g2_mux2_1)
     1    0.002838    0.029064    0.106454    0.537392 v _052_/X (sg13g2_mux2_1)
                                                         _045_ (net)
                      0.029064    0.000050    0.537443 v hold49/A (sg13g2_dlygate4sd3_1)
     1    0.003988    0.039645    0.356362    0.893804 v hold49/X (sg13g2_dlygate4sd3_1)
                                                         net49 (net)
                      0.039645    0.000097    0.893901 v _099_/D (sg13g2_dfrbpq_1)
                                              0.893901   data arrival time

                                  0.000000    0.000000   clock clk (rise edge)
                                  0.000000    0.000000   clock source latency
     1    0.078337    0.094262    0.081832    0.081832 ^ clk (in)
                                                         clk (net)
                      0.109343    0.000000    0.081832 ^ clkbuf_0_clk/A (sg13g2_buf_16)
     4    0.112050    0.043548    0.121628    0.203460 ^ clkbuf_0_clk/X (sg13g2_buf_16)
                                                         clknet_0_clk (net)
                      0.047389    0.010276    0.213736 ^ clkbuf_2_1__f_clk/A (sg13g2_buf_16)
     6    0.041200    0.025038    0.081391    0.295128 ^ clkbuf_2_1__f_clk/X (sg13g2_buf_16)
                                                         clknet_2_1__leaf_clk (net)
                      0.025070    0.001663    0.296791 ^ _099_/CLK (sg13g2_dfrbpq_1)
                                  0.250000    0.546791   clock uncertainty
                                 -0.036568    0.510223   clock reconvergence pessimism
                                 -0.039553    0.470670   library hold time
                                              0.470670   data required time
---------------------------------------------------------------------------------------------
                                              0.470670   data required time
                                             -0.893901   data arrival time
---------------------------------------------------------------------------------------------
                                              0.423231   slack (MET)


Startpoint: _115_ (rising edge-triggered flip-flop clocked by clk)
Endpoint: _103_ (rising edge-triggered flip-flop clocked by clk)
Path Group: clk
Path Type: min

Fanout         Cap        Slew       Delay        Time   Description
---------------------------------------------------------------------------------------------
                                  0.000000    0.000000   clock clk (rise edge)
                                  0.000000    0.000000   clock source latency
     1    0.075664    0.091454    0.071474    0.071474 ^ clk (in)
                                                         clk (net)
                      0.105206    0.000000    0.071474 ^ clkbuf_0_clk/A (sg13g2_buf_16)
     4    0.101359    0.040687    0.107366    0.178840 ^ clkbuf_0_clk/X (sg13g2_buf_16)
                                                         clknet_0_clk (net)
                      0.043081    0.006838    0.185678 ^ clkbuf_2_2__f_clk/A (sg13g2_buf_16)
     6    0.040949    0.024780    0.071452    0.257130 ^ clkbuf_2_2__f_clk/X (sg13g2_buf_16)
                                                         clknet_2_2__leaf_clk (net)
                      0.024885    0.002531    0.259660 ^ _115_/CLK (sg13g2_dfrbpq_1)
     2    0.010899    0.053482    0.178618    0.438278 ^ _115_/Q (sg13g2_dfrbpq_1)
                                                         internal_data_reg[7] (net)
                      0.053484    0.000412    0.438690 ^ _073_/A1 (sg13g2_mux2_1)
     1    0.004403    0.033029    0.094898    0.533588 ^ _073_/X (sg13g2_mux2_1)
                                                         _025_ (net)
                      0.033029    0.000135    0.533723 ^ hold35/A (sg13g2_dlygate4sd3_1)
     1    0.002217    0.031835    0.338953    0.872677 ^ hold35/X (sg13g2_dlygate4sd3_1)
                                                         net35 (net)
                      0.031835    0.000029    0.872706 ^ _103_/D (sg13g2_dfrbpq_1)
                                              0.872706   data arrival time

                                  0.000000    0.000000   clock clk (rise edge)
                                  0.000000    0.000000   clock source latency
     1    0.078337    0.094262    0.081832    0.081832 ^ clk (in)
                                                         clk (net)
                      0.109343    0.000000    0.081832 ^ clkbuf_0_clk/A (sg13g2_buf_16)
     4    0.112050    0.043548    0.121628    0.203460 ^ clkbuf_0_clk/X (sg13g2_buf_16)
                                                         clknet_0_clk (net)
                      0.046245    0.008404    0.211864 ^ clkbuf_2_2__f_clk/A (sg13g2_buf_16)
     6    0.043634    0.025509    0.081081    0.292944 ^ clkbuf_2_2__f_clk/X (sg13g2_buf_16)
                                                         clknet_2_2__leaf_clk (net)
                      0.025553    0.001972    0.294917 ^ _103_/CLK (sg13g2_dfrbpq_1)
                                  0.250000    0.544917   clock uncertainty
                                 -0.035815    0.509102   clock reconvergence pessimism
                                 -0.061547    0.447555   library hold time
                                              0.447555   data required time
---------------------------------------------------------------------------------------------
                                              0.447555   data required time
                                             -0.872706   data arrival time
---------------------------------------------------------------------------------------------
                                              0.425151   slack (MET)


Startpoint: _112_ (rising edge-triggered flip-flop clocked by clk)
Endpoint: _100_ (rising edge-triggered flip-flop clocked by clk)
Path Group: clk
Path Type: min

Fanout         Cap        Slew       Delay        Time   Description
---------------------------------------------------------------------------------------------
                                  0.000000    0.000000   clock clk (rise edge)
                                  0.000000    0.000000   clock source latency
     1    0.075664    0.091454    0.071474    0.071474 ^ clk (in)
                                                         clk (net)
                      0.105206    0.000000    0.071474 ^ clkbuf_0_clk/A (sg13g2_buf_16)
     4    0.101359    0.040687    0.107366    0.178840 ^ clkbuf_0_clk/X (sg13g2_buf_16)
                                                         clknet_0_clk (net)
                      0.044386    0.008848    0.187688 ^ clkbuf_2_0__f_clk/A (sg13g2_buf_16)
     6    0.041888    0.025048    0.072349    0.260037 ^ clkbuf_2_0__f_clk/X (sg13g2_buf_16)
                                                         clknet_2_0__leaf_clk (net)
                      0.025059    0.001001    0.261038 ^ _112_/CLK (sg13g2_dfrbpq_1)
     2    0.011571    0.056061    0.180493    0.441531 ^ _112_/Q (sg13g2_dfrbpq_1)
                                                         internal_data_reg[4] (net)
                      0.056066    0.000571    0.442102 ^ _051_/A1 (sg13g2_mux2_1)
     1    0.003757    0.030948    0.093926    0.536028 ^ _051_/X (sg13g2_mux2_1)
                                                         _046_ (net)
                      0.030948    0.000086    0.536114 ^ hold39/A (sg13g2_dlygate4sd3_1)
     1    0.005904    0.044606    0.350046    0.886159 ^ hold39/X (sg13g2_dlygate4sd3_1)
                                                         net39 (net)
                      0.044606    0.000236    0.886395 ^ _100_/D (sg13g2_dfrbpq_1)
                                              0.886395   data arrival time

                                  0.000000    0.000000   clock clk (rise edge)
                                  0.000000    0.000000   clock source latency
     1    0.078337    0.094262    0.081832    0.081832 ^ clk (in)
                                                         clk (net)
                      0.109343    0.000000    0.081832 ^ clkbuf_0_clk/A (sg13g2_buf_16)
     4    0.112050    0.043548    0.121628    0.203460 ^ clkbuf_0_clk/X (sg13g2_buf_16)
                                                         clknet_0_clk (net)
                      0.047389    0.010276    0.213736 ^ clkbuf_2_1__f_clk/A (sg13g2_buf_16)
     6    0.041200    0.025038    0.081391    0.295128 ^ clkbuf_2_1__f_clk/X (sg13g2_buf_16)
                                                         clknet_2_1__leaf_clk (net)
                      0.025046    0.000968    0.296095 ^ _100_/CLK (sg13g2_dfrbpq_1)
                                  0.250000    0.546095   clock uncertainty
                                 -0.024620    0.521476   clock reconvergence pessimism
                                 -0.065084    0.456392   library hold time
                                              0.456392   data required time
---------------------------------------------------------------------------------------------
                                              0.456392   data required time
                                             -0.886395   data arrival time
---------------------------------------------------------------------------------------------
                                              0.430004   slack (MET)


Startpoint: _119_ (rising edge-triggered flip-flop clocked by clk)
Endpoint: _119_ (rising edge-triggered flip-flop clocked by clk)
Path Group: clk
Path Type: min

Fanout         Cap        Slew       Delay        Time   Description
---------------------------------------------------------------------------------------------
                                  0.000000    0.000000   clock clk (rise edge)
                                  0.000000    0.000000   clock source latency
     1    0.075664    0.091454    0.071474    0.071474 ^ clk (in)
                                                         clk (net)
                      0.105206    0.000000    0.071474 ^ clkbuf_0_clk/A (sg13g2_buf_16)
     4    0.101359    0.040687    0.107366    0.178840 ^ clkbuf_0_clk/X (sg13g2_buf_16)
                                                         clknet_0_clk (net)
                      0.043663    0.007781    0.186621 ^ clkbuf_2_3__f_clk/A (sg13g2_buf_16)
     6    0.033397    0.023139    0.070507    0.257128 ^ clkbuf_2_3__f_clk/X (sg13g2_buf_16)
                                                         clknet_2_3__leaf_clk (net)
                      0.023181    0.001662    0.258790 ^ _119_/CLK (sg13g2_dfrbpq_1)
     1    0.003183    0.020318    0.153684    0.412473 v _119_/Q (sg13g2_dfrbpq_1)
                                                         internal_data_reg[11] (net)
                      0.020318    0.000065    0.412539 v hold31/A (sg13g2_dlygate4sd3_1)
     2    0.011223    0.061266    0.375547    0.788086 v hold31/X (sg13g2_dlygate4sd3_1)
                                                         net31 (net)
                      0.061346    0.000377    0.788462 v _057_/A0 (sg13g2_mux2_1)
     1    0.002771    0.028881    0.114404    0.902866 v _057_/X (sg13g2_mux2_1)
                                                         _041_ (net)
                      0.028881    0.000048    0.902914 v _119_/D (sg13g2_dfrbpq_1)
                                              0.902914   data arrival time

                                  0.000000    0.000000   clock clk (rise edge)
                                  0.000000    0.000000   clock source latency
     1    0.078337    0.094262    0.081832    0.081832 ^ clk (in)
                                                         clk (net)
                      0.109343    0.000000    0.081832 ^ clkbuf_0_clk/A (sg13g2_buf_16)
     4    0.112050    0.043548    0.121628    0.203460 ^ clkbuf_0_clk/X (sg13g2_buf_16)
                                                         clknet_0_clk (net)
                      0.046940    0.009575    0.213035 ^ clkbuf_2_3__f_clk/A (sg13g2_buf_16)
     6    0.036082    0.023887    0.080109    0.293143 ^ clkbuf_2_3__f_clk/X (sg13g2_buf_16)
                                                         clknet_2_3__leaf_clk (net)
                      0.023936    0.001989    0.295132 ^ _119_/CLK (sg13g2_dfrbpq_1)
                                  0.250000    0.545132   clock uncertainty
                                 -0.036343    0.508790   clock reconvergence pessimism
                                 -0.036378    0.472412   library hold time
                                              0.472412   data required time
---------------------------------------------------------------------------------------------
                                              0.472412   data required time
                                             -0.902914   data arrival time
---------------------------------------------------------------------------------------------
                                              0.430502   slack (MET)


Startpoint: _113_ (rising edge-triggered flip-flop clocked by clk)
Endpoint: _101_ (rising edge-triggered flip-flop clocked by clk)
Path Group: clk
Path Type: min

Fanout         Cap        Slew       Delay        Time   Description
---------------------------------------------------------------------------------------------
                                  0.000000    0.000000   clock clk (rise edge)
                                  0.000000    0.000000   clock source latency
     1    0.075664    0.091454    0.071474    0.071474 ^ clk (in)
                                                         clk (net)
                      0.105206    0.000000    0.071474 ^ clkbuf_0_clk/A (sg13g2_buf_16)
     4    0.101359    0.040687    0.107366    0.178840 ^ clkbuf_0_clk/X (sg13g2_buf_16)
                                                         clknet_0_clk (net)
                      0.044039    0.008349    0.187189 ^ clkbuf_2_1__f_clk/A (sg13g2_buf_16)
     6    0.038515    0.024292    0.071630    0.258819 ^ clkbuf_2_1__f_clk/X (sg13g2_buf_16)
                                                         clknet_2_1__leaf_clk (net)
                      0.024298    0.000732    0.259551 ^ _113_/CLK (sg13g2_dfrbpq_1)
     3    0.014231    0.051830    0.179641    0.439192 v _113_/Q (sg13g2_dfrbpq_1)
                                                         internal_data_reg[5] (net)
                      0.051830    0.000204    0.439396 v _050_/A1 (sg13g2_mux2_1)
     1    0.002939    0.029323    0.111141    0.550537 v _050_/X (sg13g2_mux2_1)
                                                         _047_ (net)
                      0.029323    0.000055    0.550592 v hold26/A (sg13g2_dlygate4sd3_1)
     1    0.002751    0.036276    0.352413    0.903005 v hold26/X (sg13g2_dlygate4sd3_1)
                                                         net26 (net)
                      0.036276    0.000047    0.903053 v _101_/D (sg13g2_dfrbpq_1)
                                              0.903053   data arrival time

                                  0.000000    0.000000   clock clk (rise edge)
                                  0.000000    0.000000   clock source latency
     1    0.078337    0.094262    0.081832    0.081832 ^ clk (in)
                                                         clk (net)
                      0.109343    0.000000    0.081832 ^ clkbuf_0_clk/A (sg13g2_buf_16)
     4    0.112050    0.043548    0.121628    0.203460 ^ clkbuf_0_clk/X (sg13g2_buf_16)
                                                         clknet_0_clk (net)
                      0.047389    0.010276    0.213736 ^ clkbuf_2_1__f_clk/A (sg13g2_buf_16)
     6    0.041200    0.025038    0.081391    0.295128 ^ clkbuf_2_1__f_clk/X (sg13g2_buf_16)
                                                         clknet_2_1__leaf_clk (net)
                      0.025047    0.001009    0.296137 ^ _101_/CLK (sg13g2_dfrbpq_1)
                                  0.250000    0.546137   clock uncertainty
                                 -0.036309    0.509828   clock reconvergence pessimism
                                 -0.038490    0.471338   library hold time
                                              0.471338   data required time
---------------------------------------------------------------------------------------------
                                              0.471338   data required time
                                             -0.903053   data arrival time
---------------------------------------------------------------------------------------------
                                              0.431715   slack (MET)


Startpoint: _106_ (rising edge-triggered flip-flop clocked by clk)
Endpoint: _106_ (rising edge-triggered flip-flop clocked by clk)
Path Group: clk
Path Type: min

Fanout         Cap        Slew       Delay        Time   Description
---------------------------------------------------------------------------------------------
                                  0.000000    0.000000   clock clk (rise edge)
                                  0.000000    0.000000   clock source latency
     1    0.075664    0.091454    0.071474    0.071474 ^ clk (in)
                                                         clk (net)
                      0.105206    0.000000    0.071474 ^ clkbuf_0_clk/A (sg13g2_buf_16)
     4    0.101359    0.040687    0.107366    0.178840 ^ clkbuf_0_clk/X (sg13g2_buf_16)
                                                         clknet_0_clk (net)
                      0.043663    0.007781    0.186621 ^ clkbuf_2_3__f_clk/A (sg13g2_buf_16)
     6    0.033397    0.023139    0.070507    0.257128 ^ clkbuf_2_3__f_clk/X (sg13g2_buf_16)
                                                         clknet_2_3__leaf_clk (net)
                      0.023183    0.001697    0.258825 ^ _106_/CLK (sg13g2_dfrbpq_1)
     2    0.013188    0.048761    0.176658    0.435483 v _106_/Q (sg13g2_dfrbpq_1)
                                                         net6 (net)
                      0.048764    0.000390    0.435872 v hold52/A (sg13g2_dlygate4sd3_1)
     1    0.003728    0.038941    0.365855    0.801728 v hold52/X (sg13g2_dlygate4sd3_1)
                                                         net52 (net)
                      0.038941    0.000068    0.801796 v _070_/A0 (sg13g2_mux2_1)
     1    0.003143    0.029764    0.106933    0.908729 v _070_/X (sg13g2_mux2_1)
                                                         _028_ (net)
                      0.029764    0.000064    0.908793 v _106_/D (sg13g2_dfrbpq_1)
                                              0.908793   data arrival time

                                  0.000000    0.000000   clock clk (rise edge)
                                  0.000000    0.000000   clock source latency
     1    0.078337    0.094262    0.081832    0.081832 ^ clk (in)
                                                         clk (net)
                      0.109343    0.000000    0.081832 ^ clkbuf_0_clk/A (sg13g2_buf_16)
     4    0.112050    0.043548    0.121628    0.203460 ^ clkbuf_0_clk/X (sg13g2_buf_16)
                                                         clknet_0_clk (net)
                      0.046940    0.009575    0.213035 ^ clkbuf_2_3__f_clk/A (sg13g2_buf_16)
     6    0.036082    0.023887    0.080109    0.293143 ^ clkbuf_2_3__f_clk/X (sg13g2_buf_16)
                                                         clknet_2_3__leaf_clk (net)
                      0.023939    0.002031    0.295175 ^ _106_/CLK (sg13g2_dfrbpq_1)
                                  0.250000    0.545175   clock uncertainty
                                 -0.036350    0.508825   clock reconvergence pessimism
                                 -0.036657    0.472168   library hold time
                                              0.472168   data required time
---------------------------------------------------------------------------------------------
                                              0.472168   data required time
                                             -0.908793   data arrival time
---------------------------------------------------------------------------------------------
                                              0.436626   slack (MET)


Startpoint: _114_ (rising edge-triggered flip-flop clocked by clk)
Endpoint: _102_ (rising edge-triggered flip-flop clocked by clk)
Path Group: clk
Path Type: min

Fanout         Cap        Slew       Delay        Time   Description
---------------------------------------------------------------------------------------------
                                  0.000000    0.000000   clock clk (rise edge)
                                  0.000000    0.000000   clock source latency
     1    0.075664    0.091454    0.071474    0.071474 ^ clk (in)
                                                         clk (net)
                      0.105206    0.000000    0.071474 ^ clkbuf_0_clk/A (sg13g2_buf_16)
     4    0.101359    0.040687    0.107366    0.178840 ^ clkbuf_0_clk/X (sg13g2_buf_16)
                                                         clknet_0_clk (net)
                      0.043081    0.006838    0.185678 ^ clkbuf_2_2__f_clk/A (sg13g2_buf_16)
     6    0.040949    0.024780    0.071452    0.257130 ^ clkbuf_2_2__f_clk/X (sg13g2_buf_16)
                                                         clknet_2_2__leaf_clk (net)
                      0.024965    0.003059    0.260188 ^ _114_/CLK (sg13g2_dfrbpq_1)
     3    0.013349    0.049197    0.177937    0.438125 v _114_/Q (sg13g2_dfrbpq_1)
                                                         internal_data_reg[6] (net)
                      0.049198    0.000291    0.438416 v _074_/A1 (sg13g2_mux2_1)
     1    0.004190    0.032542    0.114094    0.552510 v _074_/X (sg13g2_mux2_1)
                                                         _024_ (net)
                      0.032542    0.000108    0.552618 v hold30/A (sg13g2_dlygate4sd3_1)
     1    0.003233    0.037596    0.355697    0.908315 v hold30/X (sg13g2_dlygate4sd3_1)
                                                         net30 (net)
                      0.037596    0.000069    0.908383 v _102_/D (sg13g2_dfrbpq_1)
                                              0.908383   data arrival time

                                  0.000000    0.000000   clock clk (rise edge)
                                  0.000000    0.000000   clock source latency
     1    0.078337    0.094262    0.081832    0.081832 ^ clk (in)
                                                         clk (net)
                      0.109343    0.000000    0.081832 ^ clkbuf_0_clk/A (sg13g2_buf_16)
     4    0.112050    0.043548    0.121628    0.203460 ^ clkbuf_0_clk/X (sg13g2_buf_16)
                                                         clknet_0_clk (net)
                      0.046245    0.008404    0.211864 ^ clkbuf_2_2__f_clk/A (sg13g2_buf_16)
     6    0.043634    0.025509    0.081081    0.292944 ^ clkbuf_2_2__f_clk/X (sg13g2_buf_16)
                                                         clknet_2_2__leaf_clk (net)
                      0.025691    0.003343    0.296287 ^ _102_/CLK (sg13g2_dfrbpq_1)
                                  0.250000    0.546287   clock uncertainty
                                 -0.035815    0.510472   clock reconvergence pessimism
                                 -0.038775    0.471698   library hold time
                                              0.471698   data required time
---------------------------------------------------------------------------------------------
                                              0.471698   data required time
                                             -0.908383   data arrival time
---------------------------------------------------------------------------------------------
                                              0.436685   slack (MET)


Startpoint: _117_ (rising edge-triggered flip-flop clocked by clk)
Endpoint: _117_ (rising edge-triggered flip-flop clocked by clk)
Path Group: clk
Path Type: min

Fanout         Cap        Slew       Delay        Time   Description
---------------------------------------------------------------------------------------------
                                  0.000000    0.000000   clock clk (rise edge)
                                  0.000000    0.000000   clock source latency
     1    0.075664    0.091454    0.071474    0.071474 ^ clk (in)
                                                         clk (net)
                      0.105206    0.000000    0.071474 ^ clkbuf_0_clk/A (sg13g2_buf_16)
     4    0.101359    0.040687    0.107366    0.178840 ^ clkbuf_0_clk/X (sg13g2_buf_16)
                                                         clknet_0_clk (net)
                      0.043663    0.007781    0.186621 ^ clkbuf_2_3__f_clk/A (sg13g2_buf_16)
     6    0.033397    0.023139    0.070507    0.257128 ^ clkbuf_2_3__f_clk/X (sg13g2_buf_16)
                                                         clknet_2_3__leaf_clk (net)
                      0.023142    0.000405    0.257533 ^ _117_/CLK (sg13g2_dfrbpq_1)
     3    0.012995    0.048158    0.176254    0.433787 v _117_/Q (sg13g2_dfrbpq_1)
                                                         internal_data_reg[9] (net)
                      0.048161    0.000400    0.434187 v _059_/A0 (sg13g2_mux2_1)
     1    0.004107    0.032244    0.113539    0.547726 v _059_/X (sg13g2_mux2_1)
                                                         _039_ (net)
                      0.032244    0.000116    0.547842 v hold45/A (sg13g2_dlygate4sd3_1)
     1    0.003769    0.039053    0.357309    0.905151 v hold45/X (sg13g2_dlygate4sd3_1)
                                                         net45 (net)
                      0.039053    0.000096    0.905247 v _117_/D (sg13g2_dfrbpq_1)
                                              0.905247   data arrival time

                                  0.000000    0.000000   clock clk (rise edge)
                                  0.000000    0.000000   clock source latency
     1    0.078337    0.094262    0.081832    0.081832 ^ clk (in)
                                                         clk (net)
                      0.109343    0.000000    0.081832 ^ clkbuf_0_clk/A (sg13g2_buf_16)
     4    0.112050    0.043548    0.121628    0.203460 ^ clkbuf_0_clk/X (sg13g2_buf_16)
                                                         clknet_0_clk (net)
                      0.046940    0.009575    0.213035 ^ clkbuf_2_3__f_clk/A (sg13g2_buf_16)
     6    0.036082    0.023887    0.080109    0.293143 ^ clkbuf_2_3__f_clk/X (sg13g2_buf_16)
                                                         clknet_2_3__leaf_clk (net)
                      0.023890    0.000487    0.293630 ^ _117_/CLK (sg13g2_dfrbpq_1)
                                  0.250000    0.543630   clock uncertainty
                                 -0.036097    0.507533   clock reconvergence pessimism
                                 -0.039611    0.467922   library hold time
                                              0.467922   data required time
---------------------------------------------------------------------------------------------
                                              0.467922   data required time
                                             -0.905247   data arrival time
---------------------------------------------------------------------------------------------
                                              0.437326   slack (MET)


Startpoint: _117_ (rising edge-triggered flip-flop clocked by clk)
Endpoint: _105_ (rising edge-triggered flip-flop clocked by clk)
Path Group: clk
Path Type: min

Fanout         Cap        Slew       Delay        Time   Description
---------------------------------------------------------------------------------------------
                                  0.000000    0.000000   clock clk (rise edge)
                                  0.000000    0.000000   clock source latency
     1    0.075664    0.091454    0.071474    0.071474 ^ clk (in)
                                                         clk (net)
                      0.105206    0.000000    0.071474 ^ clkbuf_0_clk/A (sg13g2_buf_16)
     4    0.101359    0.040687    0.107366    0.178840 ^ clkbuf_0_clk/X (sg13g2_buf_16)
                                                         clknet_0_clk (net)
                      0.043663    0.007781    0.186621 ^ clkbuf_2_3__f_clk/A (sg13g2_buf_16)
     6    0.033397    0.023139    0.070507    0.257128 ^ clkbuf_2_3__f_clk/X (sg13g2_buf_16)
                                                         clknet_2_3__leaf_clk (net)
                      0.023142    0.000405    0.257533 ^ _117_/CLK (sg13g2_dfrbpq_1)
     3    0.012995    0.048158    0.176254    0.433787 v _117_/Q (sg13g2_dfrbpq_1)
                                                         internal_data_reg[9] (net)
                      0.048158    0.000201    0.433988 v _071_/A1 (sg13g2_mux2_1)
     1    0.003856    0.031602    0.112631    0.546619 v _071_/X (sg13g2_mux2_1)
                                                         _027_ (net)
                      0.031602    0.000090    0.546709 v hold37/A (sg13g2_dlygate4sd3_1)
     1    0.004733    0.041553    0.360150    0.906859 v hold37/X (sg13g2_dlygate4sd3_1)
                                                         net37 (net)
                      0.041553    0.000143    0.907002 v _105_/D (sg13g2_dfrbpq_1)
                                              0.907002   data arrival time

                                  0.000000    0.000000   clock clk (rise edge)
                                  0.000000    0.000000   clock source latency
     1    0.078337    0.094262    0.081832    0.081832 ^ clk (in)
                                                         clk (net)
                      0.109343    0.000000    0.081832 ^ clkbuf_0_clk/A (sg13g2_buf_16)
     4    0.112050    0.043548    0.121628    0.203460 ^ clkbuf_0_clk/X (sg13g2_buf_16)
                                                         clknet_0_clk (net)
                      0.046940    0.009575    0.213035 ^ clkbuf_2_3__f_clk/A (sg13g2_buf_16)
     6    0.036082    0.023887    0.080109    0.293143 ^ clkbuf_2_3__f_clk/X (sg13g2_buf_16)
                                                         clknet_2_3__leaf_clk (net)
                      0.023904    0.001308    0.294451 ^ _105_/CLK (sg13g2_dfrbpq_1)
                                  0.250000    0.544451   clock uncertainty
                                 -0.036016    0.508436   clock reconvergence pessimism
                                 -0.040401    0.468035   library hold time
                                              0.468035   data required time
---------------------------------------------------------------------------------------------
                                              0.468035   data required time
                                             -0.907002   data arrival time
---------------------------------------------------------------------------------------------
                                              0.438967   slack (MET)


Startpoint: _114_ (rising edge-triggered flip-flop clocked by clk)
Endpoint: _115_ (rising edge-triggered flip-flop clocked by clk)
Path Group: clk
Path Type: min

Fanout         Cap        Slew       Delay        Time   Description
---------------------------------------------------------------------------------------------
                                  0.000000    0.000000   clock clk (rise edge)
                                  0.000000    0.000000   clock source latency
     1    0.075664    0.091454    0.071474    0.071474 ^ clk (in)
                                                         clk (net)
                      0.105206    0.000000    0.071474 ^ clkbuf_0_clk/A (sg13g2_buf_16)
     4    0.101359    0.040687    0.107366    0.178840 ^ clkbuf_0_clk/X (sg13g2_buf_16)
                                                         clknet_0_clk (net)
                      0.043081    0.006838    0.185678 ^ clkbuf_2_2__f_clk/A (sg13g2_buf_16)
     6    0.040949    0.024780    0.071452    0.257130 ^ clkbuf_2_2__f_clk/X (sg13g2_buf_16)
                                                         clknet_2_2__leaf_clk (net)
                      0.024965    0.003059    0.260188 ^ _114_/CLK (sg13g2_dfrbpq_1)
     3    0.013349    0.049197    0.177937    0.438125 v _114_/Q (sg13g2_dfrbpq_1)
                                                         internal_data_reg[6] (net)
                      0.049198    0.000292    0.438417 v hold56/A (sg13g2_dlygate4sd3_1)
     1    0.004821    0.041759    0.369691    0.808108 v hold56/X (sg13g2_dlygate4sd3_1)
                                                         net56 (net)
                      0.041759    0.000118    0.808225 v _061_/A1 (sg13g2_mux2_1)
     1    0.002534    0.028177    0.105958    0.914183 v _061_/X (sg13g2_mux2_1)
                                                         _037_ (net)
                      0.028177    0.000039    0.914222 v _115_/D (sg13g2_dfrbpq_1)
                                              0.914222   data arrival time

                                  0.000000    0.000000   clock clk (rise edge)
                                  0.000000    0.000000   clock source latency
     1    0.078337    0.094262    0.081832    0.081832 ^ clk (in)
                                                         clk (net)
                      0.109343    0.000000    0.081832 ^ clkbuf_0_clk/A (sg13g2_buf_16)
     4    0.112050    0.043548    0.121628    0.203460 ^ clkbuf_0_clk/X (sg13g2_buf_16)
                                                         clknet_0_clk (net)
                      0.046245    0.008404    0.211864 ^ clkbuf_2_2__f_clk/A (sg13g2_buf_16)
     6    0.043634    0.025509    0.081081    0.292944 ^ clkbuf_2_2__f_clk/X (sg13g2_buf_16)
                                                         clknet_2_2__leaf_clk (net)
                      0.025635    0.002976    0.295920 ^ _115_/CLK (sg13g2_dfrbpq_1)
                                  0.250000    0.545920   clock uncertainty
                                 -0.035815    0.510105   clock reconvergence pessimism
                                 -0.035800    0.474305   library hold time
                                              0.474305   data required time
---------------------------------------------------------------------------------------------
                                              0.474305   data required time
                                             -0.914222   data arrival time
---------------------------------------------------------------------------------------------
                                              0.439917   slack (MET)


Startpoint: _113_ (rising edge-triggered flip-flop clocked by clk)
Endpoint: _113_ (rising edge-triggered flip-flop clocked by clk)
Path Group: clk
Path Type: min

Fanout         Cap        Slew       Delay        Time   Description
---------------------------------------------------------------------------------------------
                                  0.000000    0.000000   clock clk (rise edge)
                                  0.000000    0.000000   clock source latency
     1    0.075664    0.091454    0.071474    0.071474 ^ clk (in)
                                                         clk (net)
                      0.105206    0.000000    0.071474 ^ clkbuf_0_clk/A (sg13g2_buf_16)
     4    0.101359    0.040687    0.107366    0.178840 ^ clkbuf_0_clk/X (sg13g2_buf_16)
                                                         clknet_0_clk (net)
                      0.044039    0.008349    0.187189 ^ clkbuf_2_1__f_clk/A (sg13g2_buf_16)
     6    0.038515    0.024292    0.071630    0.258819 ^ clkbuf_2_1__f_clk/X (sg13g2_buf_16)
                                                         clknet_2_1__leaf_clk (net)
                      0.024298    0.000732    0.259551 ^ _113_/CLK (sg13g2_dfrbpq_1)
     3    0.014231    0.051830    0.179641    0.439192 v _113_/Q (sg13g2_dfrbpq_1)
                                                         internal_data_reg[5] (net)
                      0.051833    0.000430    0.439622 v _063_/A0 (sg13g2_mux2_1)
     1    0.004447    0.033123    0.116038    0.555659 v _063_/X (sg13g2_mux2_1)
                                                         _035_ (net)
                      0.033123    0.000123    0.555783 v hold41/A (sg13g2_dlygate4sd3_1)
     1    0.003551    0.038461    0.357051    0.912834 v hold41/X (sg13g2_dlygate4sd3_1)
                                                         net41 (net)
                      0.038461    0.000084    0.912918 v _113_/D (sg13g2_dfrbpq_1)
                                              0.912918   data arrival time

                                  0.000000    0.000000   clock clk (rise edge)
                                  0.000000    0.000000   clock source latency
     1    0.078337    0.094262    0.081832    0.081832 ^ clk (in)
                                                         clk (net)
                      0.109343    0.000000    0.081832 ^ clkbuf_0_clk/A (sg13g2_buf_16)
     4    0.112050    0.043548    0.121628    0.203460 ^ clkbuf_0_clk/X (sg13g2_buf_16)
                                                         clknet_0_clk (net)
                      0.047389    0.010276    0.213736 ^ clkbuf_2_1__f_clk/A (sg13g2_buf_16)
     6    0.041200    0.025038    0.081391    0.295128 ^ clkbuf_2_1__f_clk/X (sg13g2_buf_16)
                                                         clknet_2_1__leaf_clk (net)
                      0.025045    0.000873    0.296000 ^ _113_/CLK (sg13g2_dfrbpq_1)
                                  0.250000    0.546000   clock uncertainty
                                 -0.036449    0.509551   clock reconvergence pessimism
                                 -0.039183    0.470368   library hold time
                                              0.470368   data required time
---------------------------------------------------------------------------------------------
                                              0.470368   data required time
                                             -0.912918   data arrival time
---------------------------------------------------------------------------------------------
                                              0.442550   slack (MET)


Startpoint: _117_ (rising edge-triggered flip-flop clocked by clk)
Endpoint: _118_ (rising edge-triggered flip-flop clocked by clk)
Path Group: clk
Path Type: min

Fanout         Cap        Slew       Delay        Time   Description
---------------------------------------------------------------------------------------------
                                  0.000000    0.000000   clock clk (rise edge)
                                  0.000000    0.000000   clock source latency
     1    0.075664    0.091454    0.071474    0.071474 ^ clk (in)
                                                         clk (net)
                      0.105206    0.000000    0.071474 ^ clkbuf_0_clk/A (sg13g2_buf_16)
     4    0.101359    0.040687    0.107366    0.178840 ^ clkbuf_0_clk/X (sg13g2_buf_16)
                                                         clknet_0_clk (net)
                      0.043663    0.007781    0.186621 ^ clkbuf_2_3__f_clk/A (sg13g2_buf_16)
     6    0.033397    0.023139    0.070507    0.257128 ^ clkbuf_2_3__f_clk/X (sg13g2_buf_16)
                                                         clknet_2_3__leaf_clk (net)
                      0.023142    0.000405    0.257533 ^ _117_/CLK (sg13g2_dfrbpq_1)
     3    0.012995    0.048158    0.176254    0.433787 v _117_/Q (sg13g2_dfrbpq_1)
                                                         internal_data_reg[9] (net)
                      0.048158    0.000203    0.433989 v hold53/A (sg13g2_dlygate4sd3_1)
     1    0.005283    0.042806    0.370659    0.804648 v hold53/X (sg13g2_dlygate4sd3_1)
                                                         net53 (net)
                      0.042806    0.000168    0.804816 v _058_/A1 (sg13g2_mux2_1)
     1    0.003505    0.030693    0.109444    0.914260 v _058_/X (sg13g2_mux2_1)
                                                         _040_ (net)
                      0.030693    0.000082    0.914342 v _118_/D (sg13g2_dfrbpq_1)
                                              0.914342   data arrival time

                                  0.000000    0.000000   clock clk (rise edge)
                                  0.000000    0.000000   clock source latency
     1    0.078337    0.094262    0.081832    0.081832 ^ clk (in)
                                                         clk (net)
                      0.109343    0.000000    0.081832 ^ clkbuf_0_clk/A (sg13g2_buf_16)
     4    0.112050    0.043548    0.121628    0.203460 ^ clkbuf_0_clk/X (sg13g2_buf_16)
                                                         clknet_0_clk (net)
                      0.046940    0.009575    0.213035 ^ clkbuf_2_3__f_clk/A (sg13g2_buf_16)
     6    0.036082    0.023887    0.080109    0.293143 ^ clkbuf_2_3__f_clk/X (sg13g2_buf_16)
                                                         clknet_2_3__leaf_clk (net)
                      0.023907    0.001393    0.294536 ^ _118_/CLK (sg13g2_dfrbpq_1)
                                  0.250000    0.544536   clock uncertainty
                                 -0.036016    0.508521   clock reconvergence pessimism
                                 -0.036958    0.471562   library hold time
                                              0.471562   data required time
---------------------------------------------------------------------------------------------
                                              0.471562   data required time
                                             -0.914342   data arrival time
---------------------------------------------------------------------------------------------
                                              0.442780   slack (MET)


Startpoint: _098_ (rising edge-triggered flip-flop clocked by clk)
Endpoint: _098_ (rising edge-triggered flip-flop clocked by clk)
Path Group: clk
Path Type: min

Fanout         Cap        Slew       Delay        Time   Description
---------------------------------------------------------------------------------------------
                                  0.000000    0.000000   clock clk (rise edge)
                                  0.000000    0.000000   clock source latency
     1    0.075664    0.091454    0.071474    0.071474 ^ clk (in)
                                                         clk (net)
                      0.105206    0.000000    0.071474 ^ clkbuf_0_clk/A (sg13g2_buf_16)
     4    0.101359    0.040687    0.107366    0.178840 ^ clkbuf_0_clk/X (sg13g2_buf_16)
                                                         clknet_0_clk (net)
                      0.044039    0.008349    0.187189 ^ clkbuf_2_1__f_clk/A (sg13g2_buf_16)
     6    0.038515    0.024292    0.071630    0.258819 ^ clkbuf_2_1__f_clk/X (sg13g2_buf_16)
                                                         clknet_2_1__leaf_clk (net)
                      0.024341    0.001792    0.260611 ^ _098_/CLK (sg13g2_dfrbpq_1)
     2    0.017377    0.061363    0.186616    0.447227 v _098_/Q (sg13g2_dfrbpq_1)
                                                         net9 (net)
                      0.061369    0.000604    0.447831 v _053_/A0 (sg13g2_mux2_1)
     1    0.002685    0.028666    0.114142    0.561973 v _053_/X (sg13g2_mux2_1)
                                                         _044_ (net)
                      0.028666    0.000044    0.562017 v hold47/A (sg13g2_dlygate4sd3_1)
     1    0.003404    0.038061    0.354224    0.916241 v hold47/X (sg13g2_dlygate4sd3_1)
                                                         net47 (net)
                      0.038061    0.000077    0.916318 v _098_/D (sg13g2_dfrbpq_1)
                                              0.916318   data arrival time

                                  0.000000    0.000000   clock clk (rise edge)
                                  0.000000    0.000000   clock source latency
     1    0.078337    0.094262    0.081832    0.081832 ^ clk (in)
                                                         clk (net)
                      0.109343    0.000000    0.081832 ^ clkbuf_0_clk/A (sg13g2_buf_16)
     4    0.112050    0.043548    0.121628    0.203460 ^ clkbuf_0_clk/X (sg13g2_buf_16)
                                                         clknet_0_clk (net)
                      0.047389    0.010276    0.213736 ^ clkbuf_2_1__f_clk/A (sg13g2_buf_16)
     6    0.041200    0.025038    0.081391    0.295128 ^ clkbuf_2_1__f_clk/X (sg13g2_buf_16)
                                                         clknet_2_1__leaf_clk (net)
                      0.025093    0.002124    0.297252 ^ _098_/CLK (sg13g2_dfrbpq_1)
                                  0.250000    0.547252   clock uncertainty
                                 -0.036641    0.510611   clock reconvergence pessimism
                                 -0.039046    0.471565   library hold time
                                              0.471565   data required time
---------------------------------------------------------------------------------------------
                                              0.471565   data required time
                                             -0.916318   data arrival time
---------------------------------------------------------------------------------------------
                                              0.444754   slack (MET)


Startpoint: _114_ (rising edge-triggered flip-flop clocked by clk)
Endpoint: _114_ (rising edge-triggered flip-flop clocked by clk)
Path Group: clk
Path Type: min

Fanout         Cap        Slew       Delay        Time   Description
---------------------------------------------------------------------------------------------
                                  0.000000    0.000000   clock clk (rise edge)
                                  0.000000    0.000000   clock source latency
     1    0.075664    0.091454    0.071474    0.071474 ^ clk (in)
                                                         clk (net)
                      0.105206    0.000000    0.071474 ^ clkbuf_0_clk/A (sg13g2_buf_16)
     4    0.101359    0.040687    0.107366    0.178840 ^ clkbuf_0_clk/X (sg13g2_buf_16)
                                                         clknet_0_clk (net)
                      0.043081    0.006838    0.185678 ^ clkbuf_2_2__f_clk/A (sg13g2_buf_16)
     6    0.040949    0.024780    0.071452    0.257130 ^ clkbuf_2_2__f_clk/X (sg13g2_buf_16)
                                                         clknet_2_2__leaf_clk (net)
                      0.024965    0.003059    0.260188 ^ _114_/CLK (sg13g2_dfrbpq_1)
     3    0.013349    0.049197    0.177937    0.438125 v _114_/Q (sg13g2_dfrbpq_1)
                                                         internal_data_reg[6] (net)
                      0.049198    0.000227    0.438352 v _062_/A0 (sg13g2_mux2_1)
     1    0.005325    0.035453    0.117783    0.556134 v _062_/X (sg13g2_mux2_1)
                                                         _036_ (net)
                      0.035453    0.000187    0.556322 v hold43/A (sg13g2_dlygate4sd3_1)
     1    0.004444    0.040881    0.361219    0.917541 v hold43/X (sg13g2_dlygate4sd3_1)
                                                         net43 (net)
                      0.040881    0.000137    0.917678 v _114_/D (sg13g2_dfrbpq_1)
                                              0.917678   data arrival time

                                  0.000000    0.000000   clock clk (rise edge)
                                  0.000000    0.000000   clock source latency
     1    0.078337    0.094262    0.081832    0.081832 ^ clk (in)
                                                         clk (net)
                      0.109343    0.000000    0.081832 ^ clkbuf_0_clk/A (sg13g2_buf_16)
     4    0.112050    0.043548    0.121628    0.203460 ^ clkbuf_0_clk/X (sg13g2_buf_16)
                                                         clknet_0_clk (net)
                      0.046245    0.008404    0.211864 ^ clkbuf_2_2__f_clk/A (sg13g2_buf_16)
     6    0.043634    0.025509    0.081081    0.292944 ^ clkbuf_2_2__f_clk/X (sg13g2_buf_16)
                                                         clknet_2_2__leaf_clk (net)
                      0.025739    0.003600    0.296545 ^ _114_/CLK (sg13g2_dfrbpq_1)
                                  0.250000    0.546545   clock uncertainty
                                 -0.036356    0.510188   clock reconvergence pessimism
                                 -0.039806    0.470382   library hold time
                                              0.470382   data required time
---------------------------------------------------------------------------------------------
                                              0.470382   data required time
                                             -0.917678   data arrival time
---------------------------------------------------------------------------------------------
                                              0.447296   slack (MET)


Startpoint: _116_ (rising edge-triggered flip-flop clocked by clk)
Endpoint: _116_ (rising edge-triggered flip-flop clocked by clk)
Path Group: clk
Path Type: min

Fanout         Cap        Slew       Delay        Time   Description
---------------------------------------------------------------------------------------------
                                  0.000000    0.000000   clock clk (rise edge)
                                  0.000000    0.000000   clock source latency
     1    0.075664    0.091454    0.071474    0.071474 ^ clk (in)
                                                         clk (net)
                      0.105206    0.000000    0.071474 ^ clkbuf_0_clk/A (sg13g2_buf_16)
     4    0.101359    0.040687    0.107366    0.178840 ^ clkbuf_0_clk/X (sg13g2_buf_16)
                                                         clknet_0_clk (net)
                      0.043081    0.006838    0.185678 ^ clkbuf_2_2__f_clk/A (sg13g2_buf_16)
     6    0.040949    0.024780    0.071452    0.257130 ^ clkbuf_2_2__f_clk/X (sg13g2_buf_16)
                                                         clknet_2_2__leaf_clk (net)
                      0.024782    0.000391    0.257520 ^ _116_/CLK (sg13g2_dfrbpq_1)
     2    0.007094    0.030903    0.163457    0.420977 v _116_/Q (sg13g2_dfrbpq_1)
                                                         internal_data_reg[8] (net)
                      0.030903    0.000106    0.421084 v hold44/A (sg13g2_dlygate4sd3_1)
     2    0.011967    0.063813    0.383609    0.804693 v hold44/X (sg13g2_dlygate4sd3_1)
                                                         net44 (net)
                      0.063815    0.000397    0.805089 v _060_/A0 (sg13g2_mux2_1)
     1    0.002534    0.028177    0.114604    0.919694 v _060_/X (sg13g2_mux2_1)
                                                         _038_ (net)
                      0.028177    0.000039    0.919732 v _116_/D (sg13g2_dfrbpq_1)
                                              0.919732   data arrival time

                                  0.000000    0.000000   clock clk (rise edge)
                                  0.000000    0.000000   clock source latency
     1    0.078337    0.094262    0.081832    0.081832 ^ clk (in)
                                                         clk (net)
                      0.109343    0.000000    0.081832 ^ clkbuf_0_clk/A (sg13g2_buf_16)
     4    0.112050    0.043548    0.121628    0.203460 ^ clkbuf_0_clk/X (sg13g2_buf_16)
                                                         clknet_0_clk (net)
                      0.046245    0.008404    0.211864 ^ clkbuf_2_2__f_clk/A (sg13g2_buf_16)
     6    0.043634    0.025509    0.081081    0.292944 ^ clkbuf_2_2__f_clk/X (sg13g2_buf_16)
                                                         clknet_2_2__leaf_clk (net)
                      0.025511    0.000462    0.293407 ^ _116_/CLK (sg13g2_dfrbpq_1)
                                  0.250000    0.543407   clock uncertainty
                                 -0.035886    0.507520   clock reconvergence pessimism
                                 -0.035826    0.471694   library hold time
                                              0.471694   data required time
---------------------------------------------------------------------------------------------
                                              0.471694   data required time
                                             -0.919732   data arrival time
---------------------------------------------------------------------------------------------
                                              0.448038   slack (MET)


Startpoint: _109_ (rising edge-triggered flip-flop clocked by clk)
Endpoint: _109_ (rising edge-triggered flip-flop clocked by clk)
Path Group: clk
Path Type: min

Fanout         Cap        Slew       Delay        Time   Description
---------------------------------------------------------------------------------------------
                                  0.000000    0.000000   clock clk (rise edge)
                                  0.000000    0.000000   clock source latency
     1    0.075664    0.091454    0.071474    0.071474 ^ clk (in)
                                                         clk (net)
                      0.105206    0.000000    0.071474 ^ clkbuf_0_clk/A (sg13g2_buf_16)
     4    0.101359    0.040687    0.107366    0.178840 ^ clkbuf_0_clk/X (sg13g2_buf_16)
                                                         clknet_0_clk (net)
                      0.044386    0.008848    0.187688 ^ clkbuf_2_0__f_clk/A (sg13g2_buf_16)
     6    0.041888    0.025048    0.072349    0.260037 ^ clkbuf_2_0__f_clk/X (sg13g2_buf_16)
                                                         clknet_2_0__leaf_clk (net)
                      0.025102    0.001902    0.261939 ^ _109_/CLK (sg13g2_dfrbpq_1)
     1    0.004850    0.024694    0.158399    0.420338 v _109_/Q (sg13g2_dfrbpq_1)
                                                         internal_data_reg[1] (net)
                      0.024694    0.000150    0.420488 v hold50/A (sg13g2_dlygate4sd3_1)
     3    0.013832    0.070191    0.386493    0.806981 v hold50/X (sg13g2_dlygate4sd3_1)
                                                         net50 (net)
                      0.070192    0.000310    0.807291 v _067_/A0 (sg13g2_mux2_1)
     1    0.002733    0.028787    0.117699    0.924990 v _067_/X (sg13g2_mux2_1)
                                                         _031_ (net)
                      0.028787    0.000046    0.925036 v _109_/D (sg13g2_dfrbpq_1)
                                              0.925036   data arrival time

                                  0.000000    0.000000   clock clk (rise edge)
                                  0.000000    0.000000   clock source latency
     1    0.078337    0.094262    0.081832    0.081832 ^ clk (in)
                                                         clk (net)
                      0.109343    0.000000    0.081832 ^ clkbuf_0_clk/A (sg13g2_buf_16)
     4    0.112050    0.043548    0.121628    0.203460 ^ clkbuf_0_clk/X (sg13g2_buf_16)
                                                         clknet_0_clk (net)
                      0.047810    0.010903    0.214363 ^ clkbuf_2_0__f_clk/A (sg13g2_buf_16)
     6    0.044573    0.025792    0.082215    0.296578 ^ clkbuf_2_0__f_clk/X (sg13g2_buf_16)
                                                         clknet_2_0__leaf_clk (net)
                      0.025854    0.002259    0.298837 ^ _109_/CLK (sg13g2_dfrbpq_1)
                                  0.250000    0.548837   clock uncertainty
                                 -0.036897    0.511939   clock reconvergence pessimism
                                 -0.035948    0.475991   library hold time
                                              0.475991   data required time
---------------------------------------------------------------------------------------------
                                              0.475991   data required time
                                             -0.925036   data arrival time
---------------------------------------------------------------------------------------------
                                              0.449045   slack (MET)


Startpoint: _109_ (rising edge-triggered flip-flop clocked by clk)
Endpoint: _110_ (rising edge-triggered flip-flop clocked by clk)
Path Group: clk
Path Type: min

Fanout         Cap        Slew       Delay        Time   Description
---------------------------------------------------------------------------------------------
                                  0.000000    0.000000   clock clk (rise edge)
                                  0.000000    0.000000   clock source latency
     1    0.075664    0.091454    0.071474    0.071474 ^ clk (in)
                                                         clk (net)
                      0.105206    0.000000    0.071474 ^ clkbuf_0_clk/A (sg13g2_buf_16)
     4    0.101359    0.040687    0.107366    0.178840 ^ clkbuf_0_clk/X (sg13g2_buf_16)
                                                         clknet_0_clk (net)
                      0.044386    0.008848    0.187688 ^ clkbuf_2_0__f_clk/A (sg13g2_buf_16)
     6    0.041888    0.025048    0.072349    0.260037 ^ clkbuf_2_0__f_clk/X (sg13g2_buf_16)
                                                         clknet_2_0__leaf_clk (net)
                      0.025102    0.001902    0.261939 ^ _109_/CLK (sg13g2_dfrbpq_1)
     1    0.004784    0.030649    0.161909    0.423849 ^ _109_/Q (sg13g2_dfrbpq_1)
                                                         internal_data_reg[1] (net)
                      0.030649    0.000147    0.423996 ^ hold50/A (sg13g2_dlygate4sd3_1)
     3    0.013966    0.075241    0.376413    0.800409 ^ hold50/X (sg13g2_dlygate4sd3_1)
                                                         net50 (net)
                      0.075241    0.000258    0.800668 ^ _066_/A1 (sg13g2_mux2_1)
     1    0.003165    0.028886    0.099795    0.900463 ^ _066_/X (sg13g2_mux2_1)
                                                         _032_ (net)
                      0.028886    0.000067    0.900530 ^ _110_/D (sg13g2_dfrbpq_1)
                                              0.900530   data arrival time

                                  0.000000    0.000000   clock clk (rise edge)
                                  0.000000    0.000000   clock source latency
     1    0.078337    0.094262    0.081832    0.081832 ^ clk (in)
                                                         clk (net)
                      0.109343    0.000000    0.081832 ^ clkbuf_0_clk/A (sg13g2_buf_16)
     4    0.112050    0.043548    0.121628    0.203460 ^ clkbuf_0_clk/X (sg13g2_buf_16)
                                                         clknet_0_clk (net)
                      0.047810    0.010903    0.214363 ^ clkbuf_2_0__f_clk/A (sg13g2_buf_16)
     6    0.044573    0.025792    0.082215    0.296578 ^ clkbuf_2_0__f_clk/X (sg13g2_buf_16)
                                                         clknet_2_0__leaf_clk (net)
                      0.025846    0.002137    0.298715 ^ _110_/CLK (sg13g2_dfrbpq_1)
                                  0.250000    0.548715   clock uncertainty
                                 -0.036541    0.512174   clock reconvergence pessimism
                                 -0.060711    0.451463   library hold time
                                              0.451463   data required time
---------------------------------------------------------------------------------------------
                                              0.451463   data required time
                                             -0.900530   data arrival time
---------------------------------------------------------------------------------------------
                                              0.449067   slack (MET)


Startpoint: _111_ (rising edge-triggered flip-flop clocked by clk)
Endpoint: _111_ (rising edge-triggered flip-flop clocked by clk)
Path Group: clk
Path Type: min

Fanout         Cap        Slew       Delay        Time   Description
---------------------------------------------------------------------------------------------
                                  0.000000    0.000000   clock clk (rise edge)
                                  0.000000    0.000000   clock source latency
     1    0.075664    0.091454    0.071474    0.071474 ^ clk (in)
                                                         clk (net)
                      0.105206    0.000000    0.071474 ^ clkbuf_0_clk/A (sg13g2_buf_16)
     4    0.101359    0.040687    0.107366    0.178840 ^ clkbuf_0_clk/X (sg13g2_buf_16)
                                                         clknet_0_clk (net)
                      0.044386    0.008848    0.187688 ^ clkbuf_2_0__f_clk/A (sg13g2_buf_16)
     6    0.041888    0.025048    0.072349    0.260037 ^ clkbuf_2_0__f_clk/X (sg13g2_buf_16)
                                                         clknet_2_0__leaf_clk (net)
                      0.025066    0.001281    0.261319 ^ _111_/CLK (sg13g2_dfrbpq_1)
     1    0.005775    0.027204    0.160502    0.421821 v _111_/Q (sg13g2_dfrbpq_1)
                                                         internal_data_reg[3] (net)
                      0.027204    0.000218    0.422039 v hold48/A (sg13g2_dlygate4sd3_1)
     3    0.014449    0.072332    0.389845    0.811884 v hold48/X (sg13g2_dlygate4sd3_1)
                                                         net48 (net)
                      0.072333    0.000364    0.812248 v _065_/A0 (sg13g2_mux2_1)
     1    0.003143    0.029847    0.119826    0.932074 v _065_/X (sg13g2_mux2_1)
                                                         _033_ (net)
                      0.029847    0.000064    0.932139 v _111_/D (sg13g2_dfrbpq_1)
                                              0.932139   data arrival time

                                  0.000000    0.000000   clock clk (rise edge)
                                  0.000000    0.000000   clock source latency
     1    0.078337    0.094262    0.081832    0.081832 ^ clk (in)
                                                         clk (net)
                      0.109343    0.000000    0.081832 ^ clkbuf_0_clk/A (sg13g2_buf_16)
     4    0.112050    0.043548    0.121628    0.203460 ^ clkbuf_0_clk/X (sg13g2_buf_16)
                                                         clknet_0_clk (net)
                      0.047810    0.010903    0.214363 ^ clkbuf_2_0__f_clk/A (sg13g2_buf_16)
     6    0.044573    0.025792    0.082215    0.296578 ^ clkbuf_2_0__f_clk/X (sg13g2_buf_16)
                                                         clknet_2_0__leaf_clk (net)
                      0.025817    0.001518    0.298096 ^ _111_/CLK (sg13g2_dfrbpq_1)
                                  0.250000    0.548096   clock uncertainty
                                 -0.036778    0.511319   clock reconvergence pessimism
                                 -0.036292    0.475027   library hold time
                                              0.475027   data required time
---------------------------------------------------------------------------------------------
                                              0.475027   data required time
                                             -0.932139   data arrival time
---------------------------------------------------------------------------------------------
                                              0.457112   slack (MET)


Startpoint: _111_ (rising edge-triggered flip-flop clocked by clk)
Endpoint: _112_ (rising edge-triggered flip-flop clocked by clk)
Path Group: clk
Path Type: min

Fanout         Cap        Slew       Delay        Time   Description
---------------------------------------------------------------------------------------------
                                  0.000000    0.000000   clock clk (rise edge)
                                  0.000000    0.000000   clock source latency
     1    0.075664    0.091454    0.071474    0.071474 ^ clk (in)
                                                         clk (net)
                      0.105206    0.000000    0.071474 ^ clkbuf_0_clk/A (sg13g2_buf_16)
     4    0.101359    0.040687    0.107366    0.178840 ^ clkbuf_0_clk/X (sg13g2_buf_16)
                                                         clknet_0_clk (net)
                      0.044386    0.008848    0.187688 ^ clkbuf_2_0__f_clk/A (sg13g2_buf_16)
     6    0.041888    0.025048    0.072349    0.260037 ^ clkbuf_2_0__f_clk/X (sg13g2_buf_16)
                                                         clknet_2_0__leaf_clk (net)
                      0.025066    0.001281    0.261319 ^ _111_/CLK (sg13g2_dfrbpq_1)
     1    0.005709    0.033961    0.164433    0.425752 ^ _111_/Q (sg13g2_dfrbpq_1)
                                                         internal_data_reg[3] (net)
                      0.033961    0.000214    0.425966 ^ hold48/A (sg13g2_dlygate4sd3_1)
     3    0.014583    0.077693    0.380084    0.806049 ^ hold48/X (sg13g2_dlygate4sd3_1)
                                                         net48 (net)
                      0.077693    0.000300    0.806349 ^ _064_/A1 (sg13g2_mux2_1)
     1    0.003830    0.031220    0.102876    0.909225 ^ _064_/X (sg13g2_mux2_1)
                                                         _034_ (net)
                      0.031220    0.000091    0.909316 ^ _112_/D (sg13g2_dfrbpq_1)
                                              0.909316   data arrival time

                                  0.000000    0.000000   clock clk (rise edge)
                                  0.000000    0.000000   clock source latency
     1    0.078337    0.094262    0.081832    0.081832 ^ clk (in)
                                                         clk (net)
                      0.109343    0.000000    0.081832 ^ clkbuf_0_clk/A (sg13g2_buf_16)
     4    0.112050    0.043548    0.121628    0.203460 ^ clkbuf_0_clk/X (sg13g2_buf_16)
                                                         clknet_0_clk (net)
                      0.047810    0.010903    0.214363 ^ clkbuf_2_0__f_clk/A (sg13g2_buf_16)
     6    0.044573    0.025792    0.082215    0.296578 ^ clkbuf_2_0__f_clk/X (sg13g2_buf_16)
                                                         clknet_2_0__leaf_clk (net)
                      0.025803    0.001184    0.297762 ^ _112_/CLK (sg13g2_dfrbpq_1)
                                  0.250000    0.547762   clock uncertainty
                                 -0.036541    0.511221   clock reconvergence pessimism
                                 -0.061352    0.449869   library hold time
                                              0.449869   data required time
---------------------------------------------------------------------------------------------
                                              0.449869   data required time
                                             -0.909316   data arrival time
---------------------------------------------------------------------------------------------
                                              0.459447   slack (MET)


Startpoint: _121_ (rising edge-triggered flip-flop clocked by clk)
Endpoint: _121_ (rising edge-triggered flip-flop clocked by clk)
Path Group: clk
Path Type: min

Fanout         Cap        Slew       Delay        Time   Description
---------------------------------------------------------------------------------------------
                                  0.000000    0.000000   clock clk (rise edge)
                                  0.000000    0.000000   clock source latency
     1    0.075664    0.091454    0.071474    0.071474 ^ clk (in)
                                                         clk (net)
                      0.105206    0.000000    0.071474 ^ clkbuf_0_clk/A (sg13g2_buf_16)
     4    0.101359    0.040687    0.107366    0.178840 ^ clkbuf_0_clk/X (sg13g2_buf_16)
                                                         clknet_0_clk (net)
                      0.044039    0.008349    0.187189 ^ clkbuf_2_1__f_clk/A (sg13g2_buf_16)
     6    0.038515    0.024292    0.071630    0.258819 ^ clkbuf_2_1__f_clk/X (sg13g2_buf_16)
                                                         clknet_2_1__leaf_clk (net)
                      0.024348    0.001908    0.260727 ^ _121_/CLK (sg13g2_dfrbpq_1)
     2    0.022738    0.077031    0.198713    0.459440 v _121_/Q (sg13g2_dfrbpq_1)
                                                         net8 (net)
                      0.077031    0.000418    0.459859 v _054_/A0 (sg13g2_mux2_1)
     1    0.002667    0.028618    0.120126    0.579984 v _054_/X (sg13g2_mux2_1)
                                                         _043_ (net)
                      0.028618    0.000043    0.580027 v hold51/A (sg13g2_dlygate4sd3_1)
     1    0.002864    0.036585    0.352414    0.932441 v hold51/X (sg13g2_dlygate4sd3_1)
                                                         net51 (net)
                      0.036585    0.000052    0.932494 v _121_/D (sg13g2_dfrbpq_1)
                                              0.932494   data arrival time

                                  0.000000    0.000000   clock clk (rise edge)
                                  0.000000    0.000000   clock source latency
     1    0.078337    0.094262    0.081832    0.081832 ^ clk (in)
                                                         clk (net)
                      0.109343    0.000000    0.081832 ^ clkbuf_0_clk/A (sg13g2_buf_16)
     4    0.112050    0.043548    0.121628    0.203460 ^ clkbuf_0_clk/X (sg13g2_buf_16)
                                                         clknet_0_clk (net)
                      0.047389    0.010276    0.213736 ^ clkbuf_2_1__f_clk/A (sg13g2_buf_16)
     6    0.041200    0.025038    0.081391    0.295128 ^ clkbuf_2_1__f_clk/X (sg13g2_buf_16)
                                                         clknet_2_1__leaf_clk (net)
                      0.025102    0.002264    0.297391 ^ _121_/CLK (sg13g2_dfrbpq_1)
                                  0.250000    0.547391   clock uncertainty
                                 -0.036665    0.510727   clock reconvergence pessimism
                                 -0.038577    0.472150   library hold time
                                              0.472150   data required time
---------------------------------------------------------------------------------------------
                                              0.472150   data required time
                                             -0.932494   data arrival time
---------------------------------------------------------------------------------------------
                                              0.460344   slack (MET)


Startpoint: _107_ (rising edge-triggered flip-flop clocked by clk)
Endpoint: _107_ (rising edge-triggered flip-flop clocked by clk)
Path Group: clk
Path Type: min

Fanout         Cap        Slew       Delay        Time   Description
---------------------------------------------------------------------------------------------
                                  0.000000    0.000000   clock clk (rise edge)
                                  0.000000    0.000000   clock source latency
     1    0.075664    0.091454    0.071474    0.071474 ^ clk (in)
                                                         clk (net)
                      0.105206    0.000000    0.071474 ^ clkbuf_0_clk/A (sg13g2_buf_16)
     4    0.101359    0.040687    0.107366    0.178840 ^ clkbuf_0_clk/X (sg13g2_buf_16)
                                                         clknet_0_clk (net)
                      0.043663    0.007781    0.186621 ^ clkbuf_2_3__f_clk/A (sg13g2_buf_16)
     6    0.033397    0.023139    0.070507    0.257128 ^ clkbuf_2_3__f_clk/X (sg13g2_buf_16)
                                                         clknet_2_3__leaf_clk (net)
                      0.023185    0.001729    0.258857 ^ _107_/CLK (sg13g2_dfrbpq_1)
     2    0.020896    0.071895    0.194263    0.453119 v _107_/Q (sg13g2_dfrbpq_1)
                                                         net7 (net)
                      0.071896    0.000412    0.453532 v _069_/A0 (sg13g2_mux2_1)
     1    0.003916    0.031758    0.122112    0.575644 v _069_/X (sg13g2_mux2_1)
                                                         _029_ (net)
                      0.031758    0.000104    0.575747 v hold32/A (sg13g2_dlygate4sd3_1)
     1    0.004078    0.039889    0.358071    0.933819 v hold32/X (sg13g2_dlygate4sd3_1)
                                                         net32 (net)
                      0.039889    0.000114    0.933933 v _107_/D (sg13g2_dfrbpq_1)
                                              0.933933   data arrival time

                                  0.000000    0.000000   clock clk (rise edge)
                                  0.000000    0.000000   clock source latency
     1    0.078337    0.094262    0.081832    0.081832 ^ clk (in)
                                                         clk (net)
                      0.109343    0.000000    0.081832 ^ clkbuf_0_clk/A (sg13g2_buf_16)
     4    0.112050    0.043548    0.121628    0.203460 ^ clkbuf_0_clk/X (sg13g2_buf_16)
                                                         clknet_0_clk (net)
                      0.046940    0.009575    0.213035 ^ clkbuf_2_3__f_clk/A (sg13g2_buf_16)
     6    0.036082    0.023887    0.080109    0.293143 ^ clkbuf_2_3__f_clk/X (sg13g2_buf_16)
                                                         clknet_2_3__leaf_clk (net)
                      0.023941    0.002070    0.295214 ^ _107_/CLK (sg13g2_dfrbpq_1)
                                  0.250000    0.545214   clock uncertainty
                                 -0.036357    0.508857   clock reconvergence pessimism
                                 -0.039866    0.468991   library hold time
                                              0.468991   data required time
---------------------------------------------------------------------------------------------
                                              0.468991   data required time
                                             -0.933933   data arrival time
---------------------------------------------------------------------------------------------
                                              0.464942   slack (MET)


Startpoint: _120_ (rising edge-triggered flip-flop clocked by clk)
Endpoint: _120_ (rising edge-triggered flip-flop clocked by clk)
Path Group: clk
Path Type: min

Fanout         Cap        Slew       Delay        Time   Description
---------------------------------------------------------------------------------------------
                                  0.000000    0.000000   clock clk (rise edge)
                                  0.000000    0.000000   clock source latency
     1    0.075664    0.091454    0.071474    0.071474 ^ clk (in)
                                                         clk (net)
                      0.105206    0.000000    0.071474 ^ clkbuf_0_clk/A (sg13g2_buf_16)
     4    0.101359    0.040687    0.107366    0.178840 ^ clkbuf_0_clk/X (sg13g2_buf_16)
                                                         clknet_0_clk (net)
                      0.044386    0.008848    0.187688 ^ clkbuf_2_0__f_clk/A (sg13g2_buf_16)
     6    0.041888    0.025048    0.072349    0.260037 ^ clkbuf_2_0__f_clk/X (sg13g2_buf_16)
                                                         clknet_2_0__leaf_clk (net)
                      0.025111    0.002037    0.262074 ^ _120_/CLK (sg13g2_dfrbpq_1)
     2    0.032171    0.103985    0.218671    0.480745 v _120_/Q (sg13g2_dfrbpq_1)
                                                         net5 (net)
                      0.103985    0.000588    0.481333 v hold57/A (sg13g2_dlygate4sd3_1)
     1    0.004041    0.039796    0.395302    0.876635 v hold57/X (sg13g2_dlygate4sd3_1)
                                                         net57 (net)
                      0.039796    0.000086    0.876721 v _055_/A0 (sg13g2_mux2_1)
     1    0.003340    0.030359    0.107885    0.984606 v _055_/X (sg13g2_mux2_1)
                                                         _042_ (net)
                      0.030359    0.000074    0.984680 v _120_/D (sg13g2_dfrbpq_1)
                                              0.984680   data arrival time

                                  0.000000    0.000000   clock clk (rise edge)
                                  0.000000    0.000000   clock source latency
     1    0.078337    0.094262    0.081832    0.081832 ^ clk (in)
                                                         clk (net)
                      0.109343    0.000000    0.081832 ^ clkbuf_0_clk/A (sg13g2_buf_16)
     4    0.112050    0.043548    0.121628    0.203460 ^ clkbuf_0_clk/X (sg13g2_buf_16)
                                                         clknet_0_clk (net)
                      0.047810    0.010903    0.214363 ^ clkbuf_2_0__f_clk/A (sg13g2_buf_16)
     6    0.044573    0.025792    0.082215    0.296578 ^ clkbuf_2_0__f_clk/X (sg13g2_buf_16)
                                                         clknet_2_0__leaf_clk (net)
                      0.025865    0.002421    0.298999 ^ _120_/CLK (sg13g2_dfrbpq_1)
                                  0.250000    0.548999   clock uncertainty
                                 -0.036925    0.512074   clock reconvergence pessimism
                                 -0.036444    0.475630   library hold time
                                              0.475630   data required time
---------------------------------------------------------------------------------------------
                                              0.475630   data required time
                                             -0.984680   data arrival time
---------------------------------------------------------------------------------------------
                                              0.509050   slack (MET)


Startpoint: _108_ (rising edge-triggered flip-flop clocked by clk)
Endpoint: _108_ (rising edge-triggered flip-flop clocked by clk)
Path Group: clk
Path Type: min

Fanout         Cap        Slew       Delay        Time   Description
---------------------------------------------------------------------------------------------
                                  0.000000    0.000000   clock clk (rise edge)
                                  0.000000    0.000000   clock source latency
     1    0.075664    0.091454    0.071474    0.071474 ^ clk (in)
                                                         clk (net)
                      0.105206    0.000000    0.071474 ^ clkbuf_0_clk/A (sg13g2_buf_16)
     4    0.101359    0.040687    0.107366    0.178840 ^ clkbuf_0_clk/X (sg13g2_buf_16)
                                                         clknet_0_clk (net)
                      0.044386    0.008848    0.187688 ^ clkbuf_2_0__f_clk/A (sg13g2_buf_16)
     6    0.041888    0.025048    0.072349    0.260037 ^ clkbuf_2_0__f_clk/X (sg13g2_buf_16)
                                                         clknet_2_0__leaf_clk (net)
                      0.025072    0.001309    0.261347 ^ _108_/CLK (sg13g2_dfrbpq_1)
     1    0.010522    0.040888    0.171366    0.432713 v _108_/Q (sg13g2_dfrbpq_1)
                                                         internal_data_reg[0] (net)
                      0.040896    0.000529    0.433242 v hold54/A (sg13g2_dlygate4sd3_1)
     3    0.025881    0.104471    0.432317    0.865559 v hold54/X (sg13g2_dlygate4sd3_1)
                                                         net54 (net)
                      0.104474    0.000772    0.866331 v _068_/A0 (sg13g2_mux2_1)
     1    0.003221    0.030047    0.131780    0.998111 v _068_/X (sg13g2_mux2_1)
                                                         _030_ (net)
                      0.030047    0.000068    0.998179 v _108_/D (sg13g2_dfrbpq_1)
                                              0.998179   data arrival time

                                  0.000000    0.000000   clock clk (rise edge)
                                  0.000000    0.000000   clock source latency
     1    0.078337    0.094262    0.081832    0.081832 ^ clk (in)
                                                         clk (net)
                      0.109343    0.000000    0.081832 ^ clkbuf_0_clk/A (sg13g2_buf_16)
     4    0.112050    0.043548    0.121628    0.203460 ^ clkbuf_0_clk/X (sg13g2_buf_16)
                                                         clknet_0_clk (net)
                      0.047810    0.010903    0.214363 ^ clkbuf_2_0__f_clk/A (sg13g2_buf_16)
     6    0.044573    0.025792    0.082215    0.296578 ^ clkbuf_2_0__f_clk/X (sg13g2_buf_16)
                                                         clknet_2_0__leaf_clk (net)
                      0.025818    0.001544    0.298122 ^ _108_/CLK (sg13g2_dfrbpq_1)
                                  0.250000    0.548122   clock uncertainty
                                 -0.036775    0.511347   clock reconvergence pessimism
                                 -0.036355    0.474992   library hold time
                                              0.474992   data required time
---------------------------------------------------------------------------------------------
                                              0.474992   data required time
                                             -0.998179   data arrival time
---------------------------------------------------------------------------------------------
                                              0.523187   slack (MET)


Startpoint: reset (input port clocked by clk)
Endpoint: _119_ (removal check against rising-edge clock clk)
Path Group: asynchronous
Path Type: min

Fanout         Cap        Slew       Delay        Time   Description
---------------------------------------------------------------------------------------------
                                  0.000000    0.000000   clock clk (rise edge)
                                  0.000000    0.000000   clock network delay (propagated)
                                  4.000000    4.000000 v input external delay
     1    0.005962    0.019262    0.004115    4.004116 v reset (in)
                                                         reset (net)
                      0.019263    0.000000    4.004116 v input3/A (sg13g2_buf_1)
     1    0.030026    0.099172    0.114238    4.118353 v input3/X (sg13g2_buf_1)
                                                         net3 (net)
                      0.099844    0.006269    4.124622 v fanout22/A (sg13g2_buf_1)
     4    0.040492    0.130772    0.170905    4.295527 v fanout22/X (sg13g2_buf_1)
                                                         net22 (net)
                      0.130777    0.000654    4.296181 v _091_/A (sg13g2_inv_1)
     1    0.005751    0.050265    0.061612    4.357793 ^ _091_/Y (sg13g2_inv_1)
                                                         _017_ (net)
                      0.050265    0.000112    4.357905 ^ _119_/RESET_B (sg13g2_dfrbpq_1)
                                              4.357905   data arrival time

                                  0.000000    0.000000   clock clk (rise edge)
                                  0.000000    0.000000   clock source latency
     1    0.078337    0.094262    0.081832    0.081832 ^ clk (in)
                                                         clk (net)
                      0.109343    0.000000    0.081832 ^ clkbuf_0_clk/A (sg13g2_buf_16)
     4    0.112050    0.043548    0.121628    0.203460 ^ clkbuf_0_clk/X (sg13g2_buf_16)
                                                         clknet_0_clk (net)
                      0.046940    0.009575    0.213035 ^ clkbuf_2_3__f_clk/A (sg13g2_buf_16)
     6    0.036082    0.023887    0.080109    0.293143 ^ clkbuf_2_3__f_clk/X (sg13g2_buf_16)
                                                         clknet_2_3__leaf_clk (net)
                      0.023936    0.001989    0.295132 ^ _119_/CLK (sg13g2_dfrbpq_1)
                                  0.250000    0.545132   clock uncertainty
                                  0.000000    0.545132   clock reconvergence pessimism
                                 -0.109060    0.436072   library removal time
                                              0.436072   data required time
---------------------------------------------------------------------------------------------
                                              0.436072   data required time
                                             -4.357905   data arrival time
---------------------------------------------------------------------------------------------
                                              3.921833   slack (MET)


Startpoint: reset (input port clocked by clk)
Endpoint: _118_ (removal check against rising-edge clock clk)
Path Group: asynchronous
Path Type: min

Fanout         Cap        Slew       Delay        Time   Description
---------------------------------------------------------------------------------------------
                                  0.000000    0.000000   clock clk (rise edge)
                                  0.000000    0.000000   clock network delay (propagated)
                                  4.000000    4.000000 v input external delay
     1    0.005962    0.019262    0.004115    4.004116 v reset (in)
                                                         reset (net)
                      0.019263    0.000000    4.004116 v input3/A (sg13g2_buf_1)
     1    0.030026    0.099172    0.114238    4.118353 v input3/X (sg13g2_buf_1)
                                                         net3 (net)
                      0.099844    0.006269    4.124622 v fanout22/A (sg13g2_buf_1)
     4    0.040492    0.130772    0.170905    4.295527 v fanout22/X (sg13g2_buf_1)
                                                         net22 (net)
                      0.130781    0.000871    4.296398 v _090_/A (sg13g2_inv_1)
     1    0.006197    0.051885    0.063452    4.359850 ^ _090_/Y (sg13g2_inv_1)
                                                         _016_ (net)
                      0.051885    0.000151    4.360001 ^ _118_/RESET_B (sg13g2_dfrbpq_1)
                                              4.360001   data arrival time

                                  0.000000    0.000000   clock clk (rise edge)
                                  0.000000    0.000000   clock source latency
     1    0.078337    0.094262    0.081832    0.081832 ^ clk (in)
                                                         clk (net)
                      0.109343    0.000000    0.081832 ^ clkbuf_0_clk/A (sg13g2_buf_16)
     4    0.112050    0.043548    0.121628    0.203460 ^ clkbuf_0_clk/X (sg13g2_buf_16)
                                                         clknet_0_clk (net)
                      0.046940    0.009575    0.213035 ^ clkbuf_2_3__f_clk/A (sg13g2_buf_16)
     6    0.036082    0.023887    0.080109    0.293143 ^ clkbuf_2_3__f_clk/X (sg13g2_buf_16)
                                                         clknet_2_3__leaf_clk (net)
                      0.023907    0.001393    0.294536 ^ _118_/CLK (sg13g2_dfrbpq_1)
                                  0.250000    0.544536   clock uncertainty
                                  0.000000    0.544536   clock reconvergence pessimism
                                 -0.109549    0.434987   library removal time
                                              0.434987   data required time
---------------------------------------------------------------------------------------------
                                              0.434987   data required time
                                             -4.360001   data arrival time
---------------------------------------------------------------------------------------------
                                              3.925014   slack (MET)


Startpoint: reset (input port clocked by clk)
Endpoint: _113_ (removal check against rising-edge clock clk)
Path Group: asynchronous
Path Type: min

Fanout         Cap        Slew       Delay        Time   Description
---------------------------------------------------------------------------------------------
                                  0.000000    0.000000   clock clk (rise edge)
                                  0.000000    0.000000   clock network delay (propagated)
                                  4.000000    4.000000 v input external delay
     1    0.005962    0.019262    0.004115    4.004116 v reset (in)
                                                         reset (net)
                      0.019263    0.000000    4.004116 v input3/A (sg13g2_buf_1)
     1    0.030026    0.099172    0.114238    4.118353 v input3/X (sg13g2_buf_1)
                                                         net3 (net)
                      0.099844    0.006269    4.124622 v fanout22/A (sg13g2_buf_1)
     4    0.040492    0.130772    0.170905    4.295527 v fanout22/X (sg13g2_buf_1)
                                                         net22 (net)
                      0.130933    0.003598    4.299124 v fanout20/A (sg13g2_buf_1)
     7    0.040486    0.130476    0.178902    4.478026 v fanout20/X (sg13g2_buf_1)
                                                         net20 (net)
                      0.130600    0.002608    4.480635 v _085_/A (sg13g2_inv_1)
     1    0.005437    0.049143    0.060286    4.540920 ^ _085_/Y (sg13g2_inv_1)
                                                         _011_ (net)
                      0.049143    0.000086    4.541007 ^ _113_/RESET_B (sg13g2_dfrbpq_1)
                                              4.541007   data arrival time

                                  0.000000    0.000000   clock clk (rise edge)
                                  0.000000    0.000000   clock source latency
     1    0.078337    0.094262    0.081832    0.081832 ^ clk (in)
                                                         clk (net)
                      0.109343    0.000000    0.081832 ^ clkbuf_0_clk/A (sg13g2_buf_16)
     4    0.112050    0.043548    0.121628    0.203460 ^ clkbuf_0_clk/X (sg13g2_buf_16)
                                                         clknet_0_clk (net)
                      0.047389    0.010276    0.213736 ^ clkbuf_2_1__f_clk/A (sg13g2_buf_16)
     6    0.041200    0.025038    0.081391    0.295128 ^ clkbuf_2_1__f_clk/X (sg13g2_buf_16)
                                                         clknet_2_1__leaf_clk (net)
                      0.025045    0.000873    0.296000 ^ _113_/CLK (sg13g2_dfrbpq_1)
                                  0.250000    0.546000   clock uncertainty
                                  0.000000    0.546000   clock reconvergence pessimism
                                 -0.108584    0.437416   library removal time
                                              0.437416   data required time
---------------------------------------------------------------------------------------------
                                              0.437416   data required time
                                             -4.541007   data arrival time
---------------------------------------------------------------------------------------------
                                              4.103590   slack (MET)


Startpoint: reset (input port clocked by clk)
Endpoint: _101_ (removal check against rising-edge clock clk)
Path Group: asynchronous
Path Type: min

Fanout         Cap        Slew       Delay        Time   Description
---------------------------------------------------------------------------------------------
                                  0.000000    0.000000   clock clk (rise edge)
                                  0.000000    0.000000   clock network delay (propagated)
                                  4.000000    4.000000 v input external delay
     1    0.005962    0.019262    0.004115    4.004116 v reset (in)
                                                         reset (net)
                      0.019263    0.000000    4.004116 v input3/A (sg13g2_buf_1)
     1    0.030026    0.099172    0.114238    4.118353 v input3/X (sg13g2_buf_1)
                                                         net3 (net)
                      0.099844    0.006269    4.124622 v fanout22/A (sg13g2_buf_1)
     4    0.040492    0.130772    0.170905    4.295527 v fanout22/X (sg13g2_buf_1)
                                                         net22 (net)
                      0.130933    0.003598    4.299124 v fanout20/A (sg13g2_buf_1)
     7    0.040486    0.130476    0.178902    4.478026 v fanout20/X (sg13g2_buf_1)
                                                         net20 (net)
                      0.130581    0.002285    4.480312 v _097_/A (sg13g2_inv_1)
     1    0.005868    0.050648    0.062057    4.542369 ^ _097_/Y (sg13g2_inv_1)
                                                         _023_ (net)
                      0.050648    0.000122    4.542491 ^ _101_/RESET_B (sg13g2_dfrbpq_1)
                                              4.542491   data arrival time

                                  0.000000    0.000000   clock clk (rise edge)
                                  0.000000    0.000000   clock source latency
     1    0.078337    0.094262    0.081832    0.081832 ^ clk (in)
                                                         clk (net)
                      0.109343    0.000000    0.081832 ^ clkbuf_0_clk/A (sg13g2_buf_16)
     4    0.112050    0.043548    0.121628    0.203460 ^ clkbuf_0_clk/X (sg13g2_buf_16)
                                                         clknet_0_clk (net)
                      0.047389    0.010276    0.213736 ^ clkbuf_2_1__f_clk/A (sg13g2_buf_16)
     6    0.041200    0.025038    0.081391    0.295128 ^ clkbuf_2_1__f_clk/X (sg13g2_buf_16)
                                                         clknet_2_1__leaf_clk (net)
                      0.025047    0.001009    0.296137 ^ _101_/CLK (sg13g2_dfrbpq_1)
                                  0.250000    0.546137   clock uncertainty
                                  0.000000    0.546137   clock reconvergence pessimism
                                 -0.109034    0.437103   library removal time
                                              0.437103   data required time
---------------------------------------------------------------------------------------------
                                              0.437103   data required time
                                             -4.542491   data arrival time
---------------------------------------------------------------------------------------------
                                              4.105389   slack (MET)


Startpoint: reset (input port clocked by clk)
Endpoint: _108_ (removal check against rising-edge clock clk)
Path Group: asynchronous
Path Type: min

Fanout         Cap        Slew       Delay        Time   Description
---------------------------------------------------------------------------------------------
                                  0.000000    0.000000   clock clk (rise edge)
                                  0.000000    0.000000   clock network delay (propagated)
                                  4.000000    4.000000 v input external delay
     1    0.005962    0.019262    0.004115    4.004116 v reset (in)
                                                         reset (net)
                      0.019263    0.000000    4.004116 v input3/A (sg13g2_buf_1)
     1    0.030026    0.099172    0.114238    4.118353 v input3/X (sg13g2_buf_1)
                                                         net3 (net)
                      0.099844    0.006269    4.124622 v fanout22/A (sg13g2_buf_1)
     4    0.040492    0.130772    0.170905    4.295527 v fanout22/X (sg13g2_buf_1)
                                                         net22 (net)
                      0.130933    0.003598    4.299124 v fanout20/A (sg13g2_buf_1)
     7    0.040486    0.130476    0.178902    4.478026 v fanout20/X (sg13g2_buf_1)
                                                         net20 (net)
                      0.130579    0.002248    4.480275 v _080_/A (sg13g2_inv_1)
     1    0.006510    0.053007    0.064702    4.544977 ^ _080_/Y (sg13g2_inv_1)
                                                         _006_ (net)
                      0.053007    0.000179    4.545156 ^ _108_/RESET_B (sg13g2_dfrbpq_1)
                                              4.545156   data arrival time

                                  0.000000    0.000000   clock clk (rise edge)
                                  0.000000    0.000000   clock source latency
     1    0.078337    0.094262    0.081832    0.081832 ^ clk (in)
                                                         clk (net)
                      0.109343    0.000000    0.081832 ^ clkbuf_0_clk/A (sg13g2_buf_16)
     4    0.112050    0.043548    0.121628    0.203460 ^ clkbuf_0_clk/X (sg13g2_buf_16)
                                                         clknet_0_clk (net)
                      0.047810    0.010903    0.214363 ^ clkbuf_2_0__f_clk/A (sg13g2_buf_16)
     6    0.044573    0.025792    0.082215    0.296578 ^ clkbuf_2_0__f_clk/X (sg13g2_buf_16)
                                                         clknet_2_0__leaf_clk (net)
                      0.025818    0.001544    0.298122 ^ _108_/CLK (sg13g2_dfrbpq_1)
                                  0.250000    0.548122   clock uncertainty
                                  0.000000    0.548122   clock reconvergence pessimism
                                 -0.109642    0.438480   library removal time
                                              0.438480   data required time
---------------------------------------------------------------------------------------------
                                              0.438480   data required time
                                             -4.545156   data arrival time
---------------------------------------------------------------------------------------------
                                              4.106677   slack (MET)


Startpoint: reset (input port clocked by clk)
Endpoint: _102_ (removal check against rising-edge clock clk)
Path Group: asynchronous
Path Type: min

Fanout         Cap        Slew       Delay        Time   Description
---------------------------------------------------------------------------------------------
                                  0.000000    0.000000   clock clk (rise edge)
                                  0.000000    0.000000   clock network delay (propagated)
                                  4.000000    4.000000 v input external delay
     1    0.005962    0.019262    0.004115    4.004116 v reset (in)
                                                         reset (net)
                      0.019263    0.000000    4.004116 v input3/A (sg13g2_buf_1)
     1    0.030026    0.099172    0.114238    4.118353 v input3/X (sg13g2_buf_1)
                                                         net3 (net)
                      0.099844    0.006269    4.124622 v fanout22/A (sg13g2_buf_1)
     4    0.040492    0.130772    0.170905    4.295527 v fanout22/X (sg13g2_buf_1)
                                                         net22 (net)
                      0.130933    0.003598    4.299124 v fanout20/A (sg13g2_buf_1)
     7    0.040486    0.130476    0.178902    4.478026 v fanout20/X (sg13g2_buf_1)
                                                         net20 (net)
                      0.130477    0.000623    4.478650 v _049_/A (sg13g2_inv_1)
     1    0.007148    0.055401    0.067316    4.545966 ^ _049_/Y (sg13g2_inv_1)
                                                         _000_ (net)
                      0.055401    0.000218    4.546184 ^ _102_/RESET_B (sg13g2_dfrbpq_1)
                                              4.546184   data arrival time

                                  0.000000    0.000000   clock clk (rise edge)
                                  0.000000    0.000000   clock source latency
     1    0.078337    0.094262    0.081832    0.081832 ^ clk (in)
                                                         clk (net)
                      0.109343    0.000000    0.081832 ^ clkbuf_0_clk/A (sg13g2_buf_16)
     4    0.112050    0.043548    0.121628    0.203460 ^ clkbuf_0_clk/X (sg13g2_buf_16)
                                                         clknet_0_clk (net)
                      0.046245    0.008404    0.211864 ^ clkbuf_2_2__f_clk/A (sg13g2_buf_16)
     6    0.043634    0.025509    0.081081    0.292944 ^ clkbuf_2_2__f_clk/X (sg13g2_buf_16)
                                                         clknet_2_2__leaf_clk (net)
                      0.025691    0.003343    0.296287 ^ _102_/CLK (sg13g2_dfrbpq_1)
                                  0.250000    0.546287   clock uncertainty
                                  0.000000    0.546287   clock reconvergence pessimism
                                 -0.110375    0.435912   library removal time
                                              0.435912   data required time
---------------------------------------------------------------------------------------------
                                              0.435912   data required time
                                             -4.546184   data arrival time
---------------------------------------------------------------------------------------------
                                              4.110271   slack (MET)


Startpoint: reset (input port clocked by clk)
Endpoint: _100_ (removal check against rising-edge clock clk)
Path Group: asynchronous
Path Type: min

Fanout         Cap        Slew       Delay        Time   Description
---------------------------------------------------------------------------------------------
                                  0.000000    0.000000   clock clk (rise edge)
                                  0.000000    0.000000   clock network delay (propagated)
                                  4.000000    4.000000 v input external delay
     1    0.005962    0.019262    0.004115    4.004116 v reset (in)
                                                         reset (net)
                      0.019263    0.000000    4.004116 v input3/A (sg13g2_buf_1)
     1    0.030026    0.099172    0.114238    4.118353 v input3/X (sg13g2_buf_1)
                                                         net3 (net)
                      0.099844    0.006269    4.124622 v fanout22/A (sg13g2_buf_1)
     4    0.040492    0.130772    0.170905    4.295527 v fanout22/X (sg13g2_buf_1)
                                                         net22 (net)
                      0.130933    0.003598    4.299124 v fanout20/A (sg13g2_buf_1)
     7    0.040486    0.130476    0.178902    4.478026 v fanout20/X (sg13g2_buf_1)
                                                         net20 (net)
                      0.130616    0.002842    4.480869 v _096_/A (sg13g2_inv_1)
     1    0.007454    0.056606    0.068598    4.549467 ^ _096_/Y (sg13g2_inv_1)
                                                         _022_ (net)
                      0.056606    0.000249    4.549716 ^ _100_/RESET_B (sg13g2_dfrbpq_1)
                                              4.549716   data arrival time

                                  0.000000    0.000000   clock clk (rise edge)
                                  0.000000    0.000000   clock source latency
     1    0.078337    0.094262    0.081832    0.081832 ^ clk (in)
                                                         clk (net)
                      0.109343    0.000000    0.081832 ^ clkbuf_0_clk/A (sg13g2_buf_16)
     4    0.112050    0.043548    0.121628    0.203460 ^ clkbuf_0_clk/X (sg13g2_buf_16)
                                                         clknet_0_clk (net)
                      0.047389    0.010276    0.213736 ^ clkbuf_2_1__f_clk/A (sg13g2_buf_16)
     6    0.041200    0.025038    0.081391    0.295128 ^ clkbuf_2_1__f_clk/X (sg13g2_buf_16)
                                                         clknet_2_1__leaf_clk (net)
                      0.025046    0.000968    0.296095 ^ _100_/CLK (sg13g2_dfrbpq_1)
                                  0.250000    0.546095   clock uncertainty
                                  0.000000    0.546095   clock reconvergence pessimism
                                 -0.110817    0.435278   library removal time
                                              0.435278   data required time
---------------------------------------------------------------------------------------------
                                              0.435278   data required time
                                             -4.549716   data arrival time
---------------------------------------------------------------------------------------------
                                              4.114438   slack (MET)


Startpoint: reset (input port clocked by clk)
Endpoint: _114_ (removal check against rising-edge clock clk)
Path Group: asynchronous
Path Type: min

Fanout         Cap        Slew       Delay        Time   Description
---------------------------------------------------------------------------------------------
                                  0.000000    0.000000   clock clk (rise edge)
                                  0.000000    0.000000   clock network delay (propagated)
                                  4.000000    4.000000 v input external delay
     1    0.005962    0.019262    0.004115    4.004116 v reset (in)
                                                         reset (net)
                      0.019263    0.000000    4.004116 v input3/A (sg13g2_buf_1)
     1    0.030026    0.099172    0.114238    4.118353 v input3/X (sg13g2_buf_1)
                                                         net3 (net)
                      0.099844    0.006269    4.124622 v fanout22/A (sg13g2_buf_1)
     4    0.040492    0.130772    0.170905    4.295527 v fanout22/X (sg13g2_buf_1)
                                                         net22 (net)
                      0.130933    0.003598    4.299124 v fanout20/A (sg13g2_buf_1)
     7    0.040486    0.130476    0.178902    4.478026 v fanout20/X (sg13g2_buf_1)
                                                         net20 (net)
                      0.130559    0.001870    4.479896 v _086_/A (sg13g2_inv_1)
     1    0.008197    0.059539    0.071631    4.551528 ^ _086_/Y (sg13g2_inv_1)
                                                         _012_ (net)
                      0.059563    0.000334    4.551862 ^ _114_/RESET_B (sg13g2_dfrbpq_1)
                                              4.551862   data arrival time

                                  0.000000    0.000000   clock clk (rise edge)
                                  0.000000    0.000000   clock source latency
     1    0.078337    0.094262    0.081832    0.081832 ^ clk (in)
                                                         clk (net)
                      0.109343    0.000000    0.081832 ^ clkbuf_0_clk/A (sg13g2_buf_16)
     4    0.112050    0.043548    0.121628    0.203460 ^ clkbuf_0_clk/X (sg13g2_buf_16)
                                                         clknet_0_clk (net)
                      0.046245    0.008404    0.211864 ^ clkbuf_2_2__f_clk/A (sg13g2_buf_16)
     6    0.043634    0.025509    0.081081    0.292944 ^ clkbuf_2_2__f_clk/X (sg13g2_buf_16)
                                                         clknet_2_2__leaf_clk (net)
                      0.025739    0.003600    0.296545 ^ _114_/CLK (sg13g2_dfrbpq_1)
                                  0.250000    0.546545   clock uncertainty
                                  0.000000    0.546545   clock reconvergence pessimism
                                 -0.111614    0.434930   library removal time
                                              0.434930   data required time
---------------------------------------------------------------------------------------------
                                              0.434930   data required time
                                             -4.551862   data arrival time
---------------------------------------------------------------------------------------------
                                              4.116931   slack (MET)


Startpoint: reset (input port clocked by clk)
Endpoint: _106_ (removal check against rising-edge clock clk)
Path Group: asynchronous
Path Type: min

Fanout         Cap        Slew       Delay        Time   Description
---------------------------------------------------------------------------------------------
                                  0.000000    0.000000   clock clk (rise edge)
                                  0.000000    0.000000   clock network delay (propagated)
                                  4.000000    4.000000 v input external delay
     1    0.005962    0.019262    0.004115    4.004116 v reset (in)
                                                         reset (net)
                      0.019263    0.000000    4.004116 v input3/A (sg13g2_buf_1)
     1    0.030026    0.099172    0.114238    4.118353 v input3/X (sg13g2_buf_1)
                                                         net3 (net)
                      0.099844    0.006269    4.124622 v fanout22/A (sg13g2_buf_1)
     4    0.040492    0.130772    0.170905    4.295527 v fanout22/X (sg13g2_buf_1)
                                                         net22 (net)
                      0.130777    0.000659    4.296185 v fanout21/A (sg13g2_buf_1)
     8    0.053214    0.169751    0.205250    4.501435 v fanout21/X (sg13g2_buf_1)
                                                         net21 (net)
                      0.169756    0.000810    4.502245 v _078_/A (sg13g2_inv_1)
     1    0.005543    0.055610    0.067689    4.569935 ^ _078_/Y (sg13g2_inv_1)
                                                         _004_ (net)
                      0.055610    0.000095    4.570030 ^ _106_/RESET_B (sg13g2_dfrbpq_1)
                                              4.570030   data arrival time

                                  0.000000    0.000000   clock clk (rise edge)
                                  0.000000    0.000000   clock source latency
     1    0.078337    0.094262    0.081832    0.081832 ^ clk (in)
                                                         clk (net)
                      0.109343    0.000000    0.081832 ^ clkbuf_0_clk/A (sg13g2_buf_16)
     4    0.112050    0.043548    0.121628    0.203460 ^ clkbuf_0_clk/X (sg13g2_buf_16)
                                                         clknet_0_clk (net)
                      0.046940    0.009575    0.213035 ^ clkbuf_2_3__f_clk/A (sg13g2_buf_16)
     6    0.036082    0.023887    0.080109    0.293143 ^ clkbuf_2_3__f_clk/X (sg13g2_buf_16)
                                                         clknet_2_3__leaf_clk (net)
                      0.023939    0.002031    0.295175 ^ _106_/CLK (sg13g2_dfrbpq_1)
                                  0.250000    0.545175   clock uncertainty
                                  0.000000    0.545175   clock reconvergence pessimism
                                 -0.110660    0.434515   library removal time
                                              0.434515   data required time
---------------------------------------------------------------------------------------------
                                              0.434515   data required time
                                             -4.570030   data arrival time
---------------------------------------------------------------------------------------------
                                              4.135515   slack (MET)


Startpoint: reset (input port clocked by clk)
Endpoint: _103_ (removal check against rising-edge clock clk)
Path Group: asynchronous
Path Type: min

Fanout         Cap        Slew       Delay        Time   Description
---------------------------------------------------------------------------------------------
                                  0.000000    0.000000   clock clk (rise edge)
                                  0.000000    0.000000   clock network delay (propagated)
                                  4.000000    4.000000 v input external delay
     1    0.005962    0.019262    0.004115    4.004116 v reset (in)
                                                         reset (net)
                      0.019263    0.000000    4.004116 v input3/A (sg13g2_buf_1)
     1    0.030026    0.099172    0.114238    4.118353 v input3/X (sg13g2_buf_1)
                                                         net3 (net)
                      0.099844    0.006269    4.124622 v fanout22/A (sg13g2_buf_1)
     4    0.040492    0.130772    0.170905    4.295527 v fanout22/X (sg13g2_buf_1)
                                                         net22 (net)
                      0.130777    0.000659    4.296185 v fanout21/A (sg13g2_buf_1)
     8    0.053214    0.169751    0.205250    4.501435 v fanout21/X (sg13g2_buf_1)
                                                         net21 (net)
                      0.169918    0.004216    4.505651 v _075_/A (sg13g2_inv_1)
     1    0.005437    0.055255    0.067228    4.572879 ^ _075_/Y (sg13g2_inv_1)
                                                         _001_ (net)
                      0.055255    0.000086    4.572965 ^ _103_/RESET_B (sg13g2_dfrbpq_1)
                                              4.572965   data arrival time

                                  0.000000    0.000000   clock clk (rise edge)
                                  0.000000    0.000000   clock source latency
     1    0.078337    0.094262    0.081832    0.081832 ^ clk (in)
                                                         clk (net)
                      0.109343    0.000000    0.081832 ^ clkbuf_0_clk/A (sg13g2_buf_16)
     4    0.112050    0.043548    0.121628    0.203460 ^ clkbuf_0_clk/X (sg13g2_buf_16)
                                                         clknet_0_clk (net)
                      0.046245    0.008404    0.211864 ^ clkbuf_2_2__f_clk/A (sg13g2_buf_16)
     6    0.043634    0.025509    0.081081    0.292944 ^ clkbuf_2_2__f_clk/X (sg13g2_buf_16)
                                                         clknet_2_2__leaf_clk (net)
                      0.025553    0.001972    0.294917 ^ _103_/CLK (sg13g2_dfrbpq_1)
                                  0.250000    0.544917   clock uncertainty
                                  0.000000    0.544917   clock reconvergence pessimism
                                 -0.110349    0.434568   library removal time
                                              0.434568   data required time
---------------------------------------------------------------------------------------------
                                              0.434568   data required time
                                             -4.572965   data arrival time
---------------------------------------------------------------------------------------------
                                              4.138397   slack (MET)


Startpoint: reset (input port clocked by clk)
Endpoint: _107_ (removal check against rising-edge clock clk)
Path Group: asynchronous
Path Type: min

Fanout         Cap        Slew       Delay        Time   Description
---------------------------------------------------------------------------------------------
                                  0.000000    0.000000   clock clk (rise edge)
                                  0.000000    0.000000   clock network delay (propagated)
                                  4.000000    4.000000 v input external delay
     1    0.005962    0.019262    0.004115    4.004116 v reset (in)
                                                         reset (net)
                      0.019263    0.000000    4.004116 v input3/A (sg13g2_buf_1)
     1    0.030026    0.099172    0.114238    4.118353 v input3/X (sg13g2_buf_1)
                                                         net3 (net)
                      0.099844    0.006269    4.124622 v fanout22/A (sg13g2_buf_1)
     4    0.040492    0.130772    0.170905    4.295527 v fanout22/X (sg13g2_buf_1)
                                                         net22 (net)
                      0.130777    0.000659    4.296185 v fanout21/A (sg13g2_buf_1)
     8    0.053214    0.169751    0.205250    4.501435 v fanout21/X (sg13g2_buf_1)
                                                         net21 (net)
                      0.169757    0.000821    4.502256 v _079_/A (sg13g2_inv_1)
     1    0.006759    0.060250    0.073332    4.575588 ^ _079_/Y (sg13g2_inv_1)
                                                         _005_ (net)
                      0.060250    0.000179    4.575768 ^ _107_/RESET_B (sg13g2_dfrbpq_1)
                                              4.575768   data arrival time

                                  0.000000    0.000000   clock clk (rise edge)
                                  0.000000    0.000000   clock source latency
     1    0.078337    0.094262    0.081832    0.081832 ^ clk (in)
                                                         clk (net)
                      0.109343    0.000000    0.081832 ^ clkbuf_0_clk/A (sg13g2_buf_16)
     4    0.112050    0.043548    0.121628    0.203460 ^ clkbuf_0_clk/X (sg13g2_buf_16)
                                                         clknet_0_clk (net)
                      0.046940    0.009575    0.213035 ^ clkbuf_2_3__f_clk/A (sg13g2_buf_16)
     6    0.036082    0.023887    0.080109    0.293143 ^ clkbuf_2_3__f_clk/X (sg13g2_buf_16)
                                                         clknet_2_3__leaf_clk (net)
                      0.023941    0.002070    0.295214 ^ _107_/CLK (sg13g2_dfrbpq_1)
                                  0.250000    0.545214   clock uncertainty
                                  0.000000    0.545214   clock reconvergence pessimism
                                 -0.112048    0.433165   library removal time
                                              0.433165   data required time
---------------------------------------------------------------------------------------------
                                              0.433165   data required time
                                             -4.575768   data arrival time
---------------------------------------------------------------------------------------------
                                              4.142602   slack (MET)


Startpoint: reset (input port clocked by clk)
Endpoint: _104_ (removal check against rising-edge clock clk)
Path Group: asynchronous
Path Type: min

Fanout         Cap        Slew       Delay        Time   Description
---------------------------------------------------------------------------------------------
                                  0.000000    0.000000   clock clk (rise edge)
                                  0.000000    0.000000   clock network delay (propagated)
                                  4.000000    4.000000 v input external delay
     1    0.005962    0.019262    0.004115    4.004116 v reset (in)
                                                         reset (net)
                      0.019263    0.000000    4.004116 v input3/A (sg13g2_buf_1)
     1    0.030026    0.099172    0.114238    4.118353 v input3/X (sg13g2_buf_1)
                                                         net3 (net)
                      0.099844    0.006269    4.124622 v fanout22/A (sg13g2_buf_1)
     4    0.040492    0.130772    0.170905    4.295527 v fanout22/X (sg13g2_buf_1)
                                                         net22 (net)
                      0.130777    0.000659    4.296185 v fanout21/A (sg13g2_buf_1)
     8    0.053214    0.169751    0.205250    4.501435 v fanout21/X (sg13g2_buf_1)
                                                         net21 (net)
                      0.169827    0.002879    4.504314 v _076_/A (sg13g2_inv_1)
     1    0.006201    0.058087    0.070752    4.575066 ^ _076_/Y (sg13g2_inv_1)
                                                         _002_ (net)
                      0.058087    0.000151    4.575218 ^ _104_/RESET_B (sg13g2_dfrbpq_1)
                                              4.575218   data arrival time

                                  0.000000    0.000000   clock clk (rise edge)
                                  0.000000    0.000000   clock source latency
     1    0.078337    0.094262    0.081832    0.081832 ^ clk (in)
                                                         clk (net)
                      0.109343    0.000000    0.081832 ^ clkbuf_0_clk/A (sg13g2_buf_16)
     4    0.112050    0.043548    0.121628    0.203460 ^ clkbuf_0_clk/X (sg13g2_buf_16)
                                                         clknet_0_clk (net)
                      0.046245    0.008404    0.211864 ^ clkbuf_2_2__f_clk/A (sg13g2_buf_16)
     6    0.043634    0.025509    0.081081    0.292944 ^ clkbuf_2_2__f_clk/X (sg13g2_buf_16)
                                                         clknet_2_2__leaf_clk (net)
                      0.025513    0.000689    0.293634 ^ _104_/CLK (sg13g2_dfrbpq_1)
                                  0.250000    0.543634   clock uncertainty
                                  0.000000    0.543634   clock reconvergence pessimism
                                 -0.111201    0.432432   library removal time
                                              0.432432   data required time
---------------------------------------------------------------------------------------------
                                              0.432432   data required time
                                             -4.575218   data arrival time
---------------------------------------------------------------------------------------------
                                              4.142786   slack (MET)


Startpoint: reset (input port clocked by clk)
Endpoint: _117_ (removal check against rising-edge clock clk)
Path Group: asynchronous
Path Type: min

Fanout         Cap        Slew       Delay        Time   Description
---------------------------------------------------------------------------------------------
                                  0.000000    0.000000   clock clk (rise edge)
                                  0.000000    0.000000   clock network delay (propagated)
                                  4.000000    4.000000 v input external delay
     1    0.005962    0.019262    0.004115    4.004116 v reset (in)
                                                         reset (net)
                      0.019263    0.000000    4.004116 v input3/A (sg13g2_buf_1)
     1    0.030026    0.099172    0.114238    4.118353 v input3/X (sg13g2_buf_1)
                                                         net3 (net)
                      0.099844    0.006269    4.124622 v fanout22/A (sg13g2_buf_1)
     4    0.040492    0.130772    0.170905    4.295527 v fanout22/X (sg13g2_buf_1)
                                                         net22 (net)
                      0.130777    0.000659    4.296185 v fanout21/A (sg13g2_buf_1)
     8    0.053214    0.169751    0.205250    4.501435 v fanout21/X (sg13g2_buf_1)
                                                         net21 (net)
                      0.169802    0.002354    4.503789 v _089_/A (sg13g2_inv_1)
     1    0.006586    0.059581    0.072533    4.576322 ^ _089_/Y (sg13g2_inv_1)
                                                         _015_ (net)
                      0.059581    0.000187    4.576509 ^ _117_/RESET_B (sg13g2_dfrbpq_1)
                                              4.576509   data arrival time

                                  0.000000    0.000000   clock clk (rise edge)
                                  0.000000    0.000000   clock source latency
     1    0.078337    0.094262    0.081832    0.081832 ^ clk (in)
                                                         clk (net)
                      0.109343    0.000000    0.081832 ^ clkbuf_0_clk/A (sg13g2_buf_16)
     4    0.112050    0.043548    0.121628    0.203460 ^ clkbuf_0_clk/X (sg13g2_buf_16)
                                                         clknet_0_clk (net)
                      0.046940    0.009575    0.213035 ^ clkbuf_2_3__f_clk/A (sg13g2_buf_16)
     6    0.036082    0.023887    0.080109    0.293143 ^ clkbuf_2_3__f_clk/X (sg13g2_buf_16)
                                                         clknet_2_3__leaf_clk (net)
                      0.023890    0.000487    0.293630 ^ _117_/CLK (sg13g2_dfrbpq_1)
                                  0.250000    0.543630   clock uncertainty
                                  0.000000    0.543630   clock reconvergence pessimism
                                 -0.111855    0.431775   library removal time
                                              0.431775   data required time
---------------------------------------------------------------------------------------------
                                              0.431775   data required time
                                             -4.576509   data arrival time
---------------------------------------------------------------------------------------------
                                              4.144733   slack (MET)


Startpoint: reset (input port clocked by clk)
Endpoint: _105_ (removal check against rising-edge clock clk)
Path Group: asynchronous
Path Type: min

Fanout         Cap        Slew       Delay        Time   Description
---------------------------------------------------------------------------------------------
                                  0.000000    0.000000   clock clk (rise edge)
                                  0.000000    0.000000   clock network delay (propagated)
                                  4.000000    4.000000 v input external delay
     1    0.005962    0.019262    0.004115    4.004116 v reset (in)
                                                         reset (net)
                      0.019263    0.000000    4.004116 v input3/A (sg13g2_buf_1)
     1    0.030026    0.099172    0.114238    4.118353 v input3/X (sg13g2_buf_1)
                                                         net3 (net)
                      0.099844    0.006269    4.124622 v fanout22/A (sg13g2_buf_1)
     4    0.040492    0.130772    0.170905    4.295527 v fanout22/X (sg13g2_buf_1)
                                                         net22 (net)
                      0.130777    0.000659    4.296185 v fanout21/A (sg13g2_buf_1)
     8    0.053214    0.169751    0.205250    4.501435 v fanout21/X (sg13g2_buf_1)
                                                         net21 (net)
                      0.169753    0.000544    4.501978 v _077_/A (sg13g2_inv_1)
     1    0.007069    0.061495    0.074768    4.576746 ^ _077_/Y (sg13g2_inv_1)
                                                         _003_ (net)
                      0.061495    0.000209    4.576955 ^ _105_/RESET_B (sg13g2_dfrbpq_1)
                                              4.576955   data arrival time

                                  0.000000    0.000000   clock clk (rise edge)
                                  0.000000    0.000000   clock source latency
     1    0.078337    0.094262    0.081832    0.081832 ^ clk (in)
                                                         clk (net)
                      0.109343    0.000000    0.081832 ^ clkbuf_0_clk/A (sg13g2_buf_16)
     4    0.112050    0.043548    0.121628    0.203460 ^ clkbuf_0_clk/X (sg13g2_buf_16)
                                                         clknet_0_clk (net)
                      0.046940    0.009575    0.213035 ^ clkbuf_2_3__f_clk/A (sg13g2_buf_16)
     6    0.036082    0.023887    0.080109    0.293143 ^ clkbuf_2_3__f_clk/X (sg13g2_buf_16)
                                                         clknet_2_3__leaf_clk (net)
                      0.023904    0.001308    0.294451 ^ _105_/CLK (sg13g2_dfrbpq_1)
                                  0.250000    0.544451   clock uncertainty
                                  0.000000    0.544451   clock reconvergence pessimism
                                 -0.112426    0.432025   library removal time
                                              0.432025   data required time
---------------------------------------------------------------------------------------------
                                              0.432025   data required time
                                             -4.576955   data arrival time
---------------------------------------------------------------------------------------------
                                              4.144929   slack (MET)


Startpoint: reset (input port clocked by clk)
Endpoint: _116_ (removal check against rising-edge clock clk)
Path Group: asynchronous
Path Type: min

Fanout         Cap        Slew       Delay        Time   Description
---------------------------------------------------------------------------------------------
                                  0.000000    0.000000   clock clk (rise edge)
                                  0.000000    0.000000   clock network delay (propagated)
                                  4.000000    4.000000 v input external delay
     1    0.005962    0.019262    0.004115    4.004116 v reset (in)
                                                         reset (net)
                      0.019263    0.000000    4.004116 v input3/A (sg13g2_buf_1)
     1    0.030026    0.099172    0.114238    4.118353 v input3/X (sg13g2_buf_1)
                                                         net3 (net)
                      0.099844    0.006269    4.124622 v fanout22/A (sg13g2_buf_1)
     4    0.040492    0.130772    0.170905    4.295527 v fanout22/X (sg13g2_buf_1)
                                                         net22 (net)
                      0.130777    0.000659    4.296185 v fanout21/A (sg13g2_buf_1)
     8    0.053214    0.169751    0.205250    4.501435 v fanout21/X (sg13g2_buf_1)
                                                         net21 (net)
                      0.169881    0.003726    4.505161 v _088_/A (sg13g2_inv_1)
     1    0.007322    0.062556    0.075951    4.581111 ^ _088_/Y (sg13g2_inv_1)
                                                         _014_ (net)
                      0.062557    0.000261    4.581373 ^ _116_/RESET_B (sg13g2_dfrbpq_1)
                                              4.581373   data arrival time

                                  0.000000    0.000000   clock clk (rise edge)
                                  0.000000    0.000000   clock source latency
     1    0.078337    0.094262    0.081832    0.081832 ^ clk (in)
                                                         clk (net)
                      0.109343    0.000000    0.081832 ^ clkbuf_0_clk/A (sg13g2_buf_16)
     4    0.112050    0.043548    0.121628    0.203460 ^ clkbuf_0_clk/X (sg13g2_buf_16)
                                                         clknet_0_clk (net)
                      0.046245    0.008404    0.211864 ^ clkbuf_2_2__f_clk/A (sg13g2_buf_16)
     6    0.043634    0.025509    0.081081    0.292944 ^ clkbuf_2_2__f_clk/X (sg13g2_buf_16)
                                                         clknet_2_2__leaf_clk (net)
                      0.025511    0.000462    0.293407 ^ _116_/CLK (sg13g2_dfrbpq_1)
                                  0.250000    0.543407   clock uncertainty
                                  0.000000    0.543407   clock reconvergence pessimism
                                 -0.112539    0.430868   library removal time
                                              0.430868   data required time
---------------------------------------------------------------------------------------------
                                              0.430868   data required time
                                             -4.581373   data arrival time
---------------------------------------------------------------------------------------------
                                              4.150505   slack (MET)


Startpoint: reset (input port clocked by clk)
Endpoint: _115_ (removal check against rising-edge clock clk)
Path Group: asynchronous
Path Type: min

Fanout         Cap        Slew       Delay        Time   Description
---------------------------------------------------------------------------------------------
                                  0.000000    0.000000   clock clk (rise edge)
                                  0.000000    0.000000   clock network delay (propagated)
                                  4.000000    4.000000 v input external delay
     1    0.005962    0.019262    0.004115    4.004116 v reset (in)
                                                         reset (net)
                      0.019263    0.000000    4.004116 v input3/A (sg13g2_buf_1)
     1    0.030026    0.099172    0.114238    4.118353 v input3/X (sg13g2_buf_1)
                                                         net3 (net)
                      0.099844    0.006269    4.124622 v fanout22/A (sg13g2_buf_1)
     4    0.040492    0.130772    0.170905    4.295527 v fanout22/X (sg13g2_buf_1)
                                                         net22 (net)
                      0.130777    0.000659    4.296185 v fanout21/A (sg13g2_buf_1)
     8    0.053214    0.169751    0.205250    4.501435 v fanout21/X (sg13g2_buf_1)
                                                         net21 (net)
                      0.169943    0.004511    4.505946 v _087_/A (sg13g2_inv_1)
     1    0.008729    0.068530    0.082463    4.588409 ^ _087_/Y (sg13g2_inv_1)
                                                         _013_ (net)
                      0.068557    0.000398    4.588808 ^ _115_/RESET_B (sg13g2_dfrbpq_1)
                                              4.588808   data arrival time

                                  0.000000    0.000000   clock clk (rise edge)
                                  0.000000    0.000000   clock source latency
     1    0.078337    0.094262    0.081832    0.081832 ^ clk (in)
                                                         clk (net)
                      0.109343    0.000000    0.081832 ^ clkbuf_0_clk/A (sg13g2_buf_16)
     4    0.112050    0.043548    0.121628    0.203460 ^ clkbuf_0_clk/X (sg13g2_buf_16)
                                                         clknet_0_clk (net)
                      0.046245    0.008404    0.211864 ^ clkbuf_2_2__f_clk/A (sg13g2_buf_16)
     6    0.043634    0.025509    0.081081    0.292944 ^ clkbuf_2_2__f_clk/X (sg13g2_buf_16)
                                                         clknet_2_2__leaf_clk (net)
                      0.025635    0.002976    0.295920 ^ _115_/CLK (sg13g2_dfrbpq_1)
                                  0.250000    0.545920   clock uncertainty
                                  0.000000    0.545920   clock reconvergence pessimism
                                 -0.114319    0.431601   library removal time
                                              0.431601   data required time
---------------------------------------------------------------------------------------------
                                              0.431601   data required time
                                             -4.588808   data arrival time
---------------------------------------------------------------------------------------------
                                              4.157207   slack (MET)


Startpoint: _104_ (rising edge-triggered flip-flop clocked by clk)
Endpoint: dout[8] (output port clocked by clk)
Path Group: clk
Path Type: min

Fanout         Cap        Slew       Delay        Time   Description
---------------------------------------------------------------------------------------------
                                  0.000000    0.000000   clock clk (rise edge)
                                  0.000000    0.000000   clock source latency
     1    0.075664    0.091454    0.071474    0.071474 ^ clk (in)
                                                         clk (net)
                      0.105206    0.000000    0.071474 ^ clkbuf_0_clk/A (sg13g2_buf_16)
     4    0.101359    0.040687    0.107366    0.178840 ^ clkbuf_0_clk/X (sg13g2_buf_16)
                                                         clknet_0_clk (net)
                      0.043081    0.006838    0.185678 ^ clkbuf_2_2__f_clk/A (sg13g2_buf_16)
     6    0.040949    0.024780    0.071452    0.257130 ^ clkbuf_2_2__f_clk/X (sg13g2_buf_16)
                                                         clknet_2_2__leaf_clk (net)
                      0.024784    0.000580    0.257709 ^ _104_/CLK (sg13g2_dfrbpq_1)
     2    0.006770    0.029994    0.162696    0.420405 v _104_/Q (sg13g2_dfrbpq_1)
                                                         net15 (net)
                      0.029994    0.000133    0.420538 v output15/A (sg13g2_buf_1)
     1    0.010688    0.041969    0.077079    0.497617 v output15/X (sg13g2_buf_1)
                                                         dout[8] (net)
                      0.041978    0.000576    0.498193 v dout[8] (out)
                                              0.498193   data arrival time

                                  0.000000    0.000000   clock clk (rise edge)
                                  0.000000    0.000000   clock network delay (propagated)
                                  0.250000    0.250000   clock uncertainty
                                  0.000000    0.250000   clock reconvergence pessimism
                                 -4.000000   -3.750000   output external delay
                                             -3.750000   data required time
---------------------------------------------------------------------------------------------
                                             -3.750000   data required time
                                             -0.498193   data arrival time
---------------------------------------------------------------------------------------------
                                              4.248193   slack (MET)


Startpoint: _105_ (rising edge-triggered flip-flop clocked by clk)
Endpoint: dout[9] (output port clocked by clk)
Path Group: clk
Path Type: min

Fanout         Cap        Slew       Delay        Time   Description
---------------------------------------------------------------------------------------------
                                  0.000000    0.000000   clock clk (rise edge)
                                  0.000000    0.000000   clock source latency
     1    0.075664    0.091454    0.071474    0.071474 ^ clk (in)
                                                         clk (net)
                      0.105206    0.000000    0.071474 ^ clkbuf_0_clk/A (sg13g2_buf_16)
     4    0.101359    0.040687    0.107366    0.178840 ^ clkbuf_0_clk/X (sg13g2_buf_16)
                                                         clknet_0_clk (net)
                      0.043663    0.007781    0.186621 ^ clkbuf_2_3__f_clk/A (sg13g2_buf_16)
     6    0.033397    0.023139    0.070507    0.257128 ^ clkbuf_2_3__f_clk/X (sg13g2_buf_16)
                                                         clknet_2_3__leaf_clk (net)
                      0.023154    0.001093    0.258221 ^ _105_/CLK (sg13g2_dfrbpq_1)
     2    0.007297    0.031485    0.163155    0.421375 v _105_/Q (sg13g2_dfrbpq_1)
                                                         net16 (net)
                      0.031512    0.000189    0.421565 v output16/A (sg13g2_buf_1)
     1    0.011471    0.044364    0.079471    0.501036 v output16/X (sg13g2_buf_1)
                                                         dout[9] (net)
                      0.044377    0.000700    0.501736 v dout[9] (out)
                                              0.501736   data arrival time

                                  0.000000    0.000000   clock clk (rise edge)
                                  0.000000    0.000000   clock network delay (propagated)
                                  0.250000    0.250000   clock uncertainty
                                  0.000000    0.250000   clock reconvergence pessimism
                                 -4.000000   -3.750000   output external delay
                                             -3.750000   data required time
---------------------------------------------------------------------------------------------
                                             -3.750000   data required time
                                             -0.501736   data arrival time
---------------------------------------------------------------------------------------------
                                              4.251736   slack (MET)


Startpoint: _100_ (rising edge-triggered flip-flop clocked by clk)
Endpoint: dout[4] (output port clocked by clk)
Path Group: clk
Path Type: min

Fanout         Cap        Slew       Delay        Time   Description
---------------------------------------------------------------------------------------------
                                  0.000000    0.000000   clock clk (rise edge)
                                  0.000000    0.000000   clock source latency
     1    0.075664    0.091454    0.071474    0.071474 ^ clk (in)
                                                         clk (net)
                      0.105206    0.000000    0.071474 ^ clkbuf_0_clk/A (sg13g2_buf_16)
     4    0.101359    0.040687    0.107366    0.178840 ^ clkbuf_0_clk/X (sg13g2_buf_16)
                                                         clknet_0_clk (net)
                      0.044039    0.008349    0.187189 ^ clkbuf_2_1__f_clk/A (sg13g2_buf_16)
     6    0.038515    0.024292    0.071630    0.258819 ^ clkbuf_2_1__f_clk/X (sg13g2_buf_16)
                                                         clknet_2_1__leaf_clk (net)
                      0.024300    0.000815    0.259633 ^ _100_/CLK (sg13g2_dfrbpq_1)
     2    0.006942    0.030484    0.162845    0.422479 v _100_/Q (sg13g2_dfrbpq_1)
                                                         net11 (net)
                      0.030484    0.000186    0.422665 v output11/A (sg13g2_buf_1)
     1    0.012454    0.047318    0.081291    0.503956 v output11/X (sg13g2_buf_1)
                                                         dout[4] (net)
                      0.047335    0.000827    0.504783 v dout[4] (out)
                                              0.504783   data arrival time

                                  0.000000    0.000000   clock clk (rise edge)
                                  0.000000    0.000000   clock network delay (propagated)
                                  0.250000    0.250000   clock uncertainty
                                  0.000000    0.250000   clock reconvergence pessimism
                                 -4.000000   -3.750000   output external delay
                                             -3.750000   data required time
---------------------------------------------------------------------------------------------
                                             -3.750000   data required time
                                             -0.504783   data arrival time
---------------------------------------------------------------------------------------------
                                              4.254783   slack (MET)


Startpoint: _101_ (rising edge-triggered flip-flop clocked by clk)
Endpoint: dout[5] (output port clocked by clk)
Path Group: clk
Path Type: min

Fanout         Cap        Slew       Delay        Time   Description
---------------------------------------------------------------------------------------------
                                  0.000000    0.000000   clock clk (rise edge)
                                  0.000000    0.000000   clock source latency
     1    0.075664    0.091454    0.071474    0.071474 ^ clk (in)
                                                         clk (net)
                      0.105206    0.000000    0.071474 ^ clkbuf_0_clk/A (sg13g2_buf_16)
     4    0.101359    0.040687    0.107366    0.178840 ^ clkbuf_0_clk/X (sg13g2_buf_16)
                                                         clknet_0_clk (net)
                      0.044039    0.008349    0.187189 ^ clkbuf_2_1__f_clk/A (sg13g2_buf_16)
     6    0.038515    0.024292    0.071630    0.258819 ^ clkbuf_2_1__f_clk/X (sg13g2_buf_16)
                                                         clknet_2_1__leaf_clk (net)
                      0.024300    0.000845    0.259664 ^ _101_/CLK (sg13g2_dfrbpq_1)
     2    0.008297    0.034380    0.165968    0.425632 v _101_/Q (sg13g2_dfrbpq_1)
                                                         net12 (net)
                      0.034382    0.000256    0.425887 v output12/A (sg13g2_buf_1)
     1    0.012100    0.046328    0.082065    0.507952 v output12/X (sg13g2_buf_1)
                                                         dout[5] (net)
                      0.046345    0.000807    0.508759 v dout[5] (out)
                                              0.508759   data arrival time

                                  0.000000    0.000000   clock clk (rise edge)
                                  0.000000    0.000000   clock network delay (propagated)
                                  0.250000    0.250000   clock uncertainty
                                  0.000000    0.250000   clock reconvergence pessimism
                                 -4.000000   -3.750000   output external delay
                                             -3.750000   data required time
---------------------------------------------------------------------------------------------
                                             -3.750000   data required time
                                             -0.508759   data arrival time
---------------------------------------------------------------------------------------------
                                              4.258759   slack (MET)


Startpoint: _102_ (rising edge-triggered flip-flop clocked by clk)
Endpoint: dout[6] (output port clocked by clk)
Path Group: clk
Path Type: min

Fanout         Cap        Slew       Delay        Time   Description
---------------------------------------------------------------------------------------------
                                  0.000000    0.000000   clock clk (rise edge)
                                  0.000000    0.000000   clock source latency
     1    0.075664    0.091454    0.071474    0.071474 ^ clk (in)
                                                         clk (net)
                      0.105206    0.000000    0.071474 ^ clkbuf_0_clk/A (sg13g2_buf_16)
     4    0.101359    0.040687    0.107366    0.178840 ^ clkbuf_0_clk/X (sg13g2_buf_16)
                                                         clknet_0_clk (net)
                      0.043081    0.006838    0.185678 ^ clkbuf_2_2__f_clk/A (sg13g2_buf_16)
     6    0.040949    0.024780    0.071452    0.257130 ^ clkbuf_2_2__f_clk/X (sg13g2_buf_16)
                                                         clknet_2_2__leaf_clk (net)
                      0.024927    0.002841    0.259970 ^ _102_/CLK (sg13g2_dfrbpq_1)
     2    0.008633    0.035367    0.166989    0.426959 v _102_/Q (sg13g2_dfrbpq_1)
                                                         net13 (net)
                      0.035370    0.000338    0.427297 v output13/A (sg13g2_buf_1)
     1    0.011803    0.045447    0.081795    0.509092 v output13/X (sg13g2_buf_1)
                                                         dout[6] (net)
                      0.045462    0.000756    0.509848 v dout[6] (out)
                                              0.509848   data arrival time

                                  0.000000    0.000000   clock clk (rise edge)
                                  0.000000    0.000000   clock network delay (propagated)
                                  0.250000    0.250000   clock uncertainty
                                  0.000000    0.250000   clock reconvergence pessimism
                                 -4.000000   -3.750000   output external delay
                                             -3.750000   data required time
---------------------------------------------------------------------------------------------
                                             -3.750000   data required time
                                             -0.509848   data arrival time
---------------------------------------------------------------------------------------------
                                              4.259848   slack (MET)


Startpoint: _103_ (rising edge-triggered flip-flop clocked by clk)
Endpoint: dout[7] (output port clocked by clk)
Path Group: clk
Path Type: min

Fanout         Cap        Slew       Delay        Time   Description
---------------------------------------------------------------------------------------------
                                  0.000000    0.000000   clock clk (rise edge)
                                  0.000000    0.000000   clock source latency
     1    0.075664    0.091454    0.071474    0.071474 ^ clk (in)
                                                         clk (net)
                      0.105206    0.000000    0.071474 ^ clkbuf_0_clk/A (sg13g2_buf_16)
     4    0.101359    0.040687    0.107366    0.178840 ^ clkbuf_0_clk/X (sg13g2_buf_16)
                                                         clknet_0_clk (net)
                      0.043081    0.006838    0.185678 ^ clkbuf_2_2__f_clk/A (sg13g2_buf_16)
     6    0.040949    0.024780    0.071452    0.257130 ^ clkbuf_2_2__f_clk/X (sg13g2_buf_16)
                                                         clknet_2_2__leaf_clk (net)
                      0.024820    0.001677    0.258807 ^ _103_/CLK (sg13g2_dfrbpq_1)
     2    0.008608    0.035275    0.166936    0.425743 v _103_/Q (sg13g2_dfrbpq_1)
                                                         net14 (net)
                      0.035275    0.000136    0.425879 v output14/A (sg13g2_buf_1)
     1    0.012517    0.047605    0.083388    0.509267 v output14/X (sg13g2_buf_1)
                                                         dout[7] (net)
                      0.047623    0.000839    0.510106 v dout[7] (out)
                                              0.510106   data arrival time

                                  0.000000    0.000000   clock clk (rise edge)
                                  0.000000    0.000000   clock network delay (propagated)
                                  0.250000    0.250000   clock uncertainty
                                  0.000000    0.250000   clock reconvergence pessimism
                                 -4.000000   -3.750000   output external delay
                                             -3.750000   data required time
---------------------------------------------------------------------------------------------
                                             -3.750000   data required time
                                             -0.510106   data arrival time
---------------------------------------------------------------------------------------------
                                              4.260106   slack (MET)


Startpoint: _099_ (rising edge-triggered flip-flop clocked by clk)
Endpoint: dout[3] (output port clocked by clk)
Path Group: clk
Path Type: min

Fanout         Cap        Slew       Delay        Time   Description
---------------------------------------------------------------------------------------------
                                  0.000000    0.000000   clock clk (rise edge)
                                  0.000000    0.000000   clock source latency
     1    0.075664    0.091454    0.071474    0.071474 ^ clk (in)
                                                         clk (net)
                      0.105206    0.000000    0.071474 ^ clkbuf_0_clk/A (sg13g2_buf_16)
     4    0.101359    0.040687    0.107366    0.178840 ^ clkbuf_0_clk/X (sg13g2_buf_16)
                                                         clknet_0_clk (net)
                      0.044039    0.008349    0.187189 ^ clkbuf_2_1__f_clk/A (sg13g2_buf_16)
     6    0.038515    0.024292    0.071630    0.258819 ^ clkbuf_2_1__f_clk/X (sg13g2_buf_16)
                                                         clknet_2_1__leaf_clk (net)
                      0.024320    0.001404    0.260223 ^ _099_/CLK (sg13g2_dfrbpq_1)
     2    0.010293    0.040190    0.170570    0.430793 v _099_/Q (sg13g2_dfrbpq_1)
                                                         net10 (net)
                      0.040192    0.000342    0.431135 v output10/A (sg13g2_buf_1)
     1    0.011674    0.045161    0.083470    0.514605 v output10/X (sg13g2_buf_1)
                                                         dout[3] (net)
                      0.045175    0.000734    0.515339 v dout[3] (out)
                                              0.515339   data arrival time

                                  0.000000    0.000000   clock clk (rise edge)
                                  0.000000    0.000000   clock network delay (propagated)
                                  0.250000    0.250000   clock uncertainty
                                  0.000000    0.250000   clock reconvergence pessimism
                                 -4.000000   -3.750000   output external delay
                                             -3.750000   data required time
---------------------------------------------------------------------------------------------
                                             -3.750000   data required time
                                             -0.515339   data arrival time
---------------------------------------------------------------------------------------------
                                              4.265339   slack (MET)


Startpoint: _106_ (rising edge-triggered flip-flop clocked by clk)
Endpoint: dout[10] (output port clocked by clk)
Path Group: clk
Path Type: min

Fanout         Cap        Slew       Delay        Time   Description
---------------------------------------------------------------------------------------------
                                  0.000000    0.000000   clock clk (rise edge)
                                  0.000000    0.000000   clock source latency
     1    0.075664    0.091454    0.071474    0.071474 ^ clk (in)
                                                         clk (net)
                      0.105206    0.000000    0.071474 ^ clkbuf_0_clk/A (sg13g2_buf_16)
     4    0.101359    0.040687    0.107366    0.178840 ^ clkbuf_0_clk/X (sg13g2_buf_16)
                                                         clknet_0_clk (net)
                      0.043663    0.007781    0.186621 ^ clkbuf_2_3__f_clk/A (sg13g2_buf_16)
     6    0.033397    0.023139    0.070507    0.257128 ^ clkbuf_2_3__f_clk/X (sg13g2_buf_16)
                                                         clknet_2_3__leaf_clk (net)
                      0.023183    0.001697    0.258825 ^ _106_/CLK (sg13g2_dfrbpq_1)
     2    0.013188    0.048761    0.176658    0.435483 v _106_/Q (sg13g2_dfrbpq_1)
                                                         net6 (net)
                      0.048766    0.000473    0.435955 v output6/A (sg13g2_buf_1)
     1    0.011755    0.045585    0.087151    0.523106 v output6/X (sg13g2_buf_1)
                                                         dout[10] (net)
                      0.045600    0.000748    0.523854 v dout[10] (out)
                                              0.523854   data arrival time

                                  0.000000    0.000000   clock clk (rise edge)
                                  0.000000    0.000000   clock network delay (propagated)
                                  0.250000    0.250000   clock uncertainty
                                  0.000000    0.250000   clock reconvergence pessimism
                                 -4.000000   -3.750000   output external delay
                                             -3.750000   data required time
---------------------------------------------------------------------------------------------
                                             -3.750000   data required time
                                             -0.523854   data arrival time
---------------------------------------------------------------------------------------------
                                              4.273854   slack (MET)


Startpoint: reset (input port clocked by clk)
Endpoint: _112_ (removal check against rising-edge clock clk)
Path Group: asynchronous
Path Type: min

Fanout         Cap        Slew       Delay        Time   Description
---------------------------------------------------------------------------------------------
                                  0.000000    0.000000   clock clk (rise edge)
                                  0.000000    0.000000   clock network delay (propagated)
                                  4.000000    4.000000 v input external delay
     1    0.005962    0.019262    0.004115    4.004116 v reset (in)
                                                         reset (net)
                      0.019263    0.000000    4.004116 v input3/A (sg13g2_buf_1)
     1    0.030026    0.099172    0.114238    4.118353 v input3/X (sg13g2_buf_1)
                                                         net3 (net)
                      0.099844    0.006269    4.124622 v fanout22/A (sg13g2_buf_1)
     4    0.040492    0.130772    0.170905    4.295527 v fanout22/X (sg13g2_buf_1)
                                                         net22 (net)
                      0.130933    0.003598    4.299124 v fanout20/A (sg13g2_buf_1)
     7    0.040486    0.130476    0.178902    4.478026 v fanout20/X (sg13g2_buf_1)
                                                         net20 (net)
                      0.130625    0.002960    4.480987 v fanout19/A (sg13g2_buf_1)
     8    0.043700    0.140189    0.185158    4.666144 v fanout19/X (sg13g2_buf_1)
                                                         net19 (net)
                      0.140200    0.001291    4.667436 v _084_/A (sg13g2_inv_1)
     1    0.005437    0.050635    0.061981    4.729416 ^ _084_/Y (sg13g2_inv_1)
                                                         _010_ (net)
                      0.050635    0.000086    4.729502 ^ _112_/RESET_B (sg13g2_dfrbpq_1)
                                              4.729502   data arrival time

                                  0.000000    0.000000   clock clk (rise edge)
                                  0.000000    0.000000   clock source latency
     1    0.078337    0.094262    0.081832    0.081832 ^ clk (in)
                                                         clk (net)
                      0.109343    0.000000    0.081832 ^ clkbuf_0_clk/A (sg13g2_buf_16)
     4    0.112050    0.043548    0.121628    0.203460 ^ clkbuf_0_clk/X (sg13g2_buf_16)
                                                         clknet_0_clk (net)
                      0.047810    0.010903    0.214363 ^ clkbuf_2_0__f_clk/A (sg13g2_buf_16)
     6    0.044573    0.025792    0.082215    0.296578 ^ clkbuf_2_0__f_clk/X (sg13g2_buf_16)
                                                         clknet_2_0__leaf_clk (net)
                      0.025803    0.001184    0.297762 ^ _112_/CLK (sg13g2_dfrbpq_1)
                                  0.250000    0.547762   clock uncertainty
                                  0.000000    0.547762   clock reconvergence pessimism
                                 -0.108934    0.438828   library removal time
                                              0.438828   data required time
---------------------------------------------------------------------------------------------
                                              0.438828   data required time
                                             -4.729502   data arrival time
---------------------------------------------------------------------------------------------
                                              4.290675   slack (MET)


Startpoint: _098_ (rising edge-triggered flip-flop clocked by clk)
Endpoint: dout[2] (output port clocked by clk)
Path Group: clk
Path Type: min

Fanout         Cap        Slew       Delay        Time   Description
---------------------------------------------------------------------------------------------
                                  0.000000    0.000000   clock clk (rise edge)
                                  0.000000    0.000000   clock source latency
     1    0.075664    0.091454    0.071474    0.071474 ^ clk (in)
                                                         clk (net)
                      0.105206    0.000000    0.071474 ^ clkbuf_0_clk/A (sg13g2_buf_16)
     4    0.101359    0.040687    0.107366    0.178840 ^ clkbuf_0_clk/X (sg13g2_buf_16)
                                                         clknet_0_clk (net)
                      0.044039    0.008349    0.187189 ^ clkbuf_2_1__f_clk/A (sg13g2_buf_16)
     6    0.038515    0.024292    0.071630    0.258819 ^ clkbuf_2_1__f_clk/X (sg13g2_buf_16)
                                                         clknet_2_1__leaf_clk (net)
                      0.024341    0.001792    0.260611 ^ _098_/CLK (sg13g2_dfrbpq_1)
     2    0.017377    0.061363    0.186616    0.447227 v _098_/Q (sg13g2_dfrbpq_1)
                                                         net9 (net)
                      0.061386    0.001048    0.448275 v output9/A (sg13g2_buf_1)
     1    0.011633    0.045484    0.092021    0.540296 v output9/X (sg13g2_buf_1)
                                                         dout[2] (net)
                      0.045498    0.000727    0.541023 v dout[2] (out)
                                              0.541023   data arrival time

                                  0.000000    0.000000   clock clk (rise edge)
                                  0.000000    0.000000   clock network delay (propagated)
                                  0.250000    0.250000   clock uncertainty
                                  0.000000    0.250000   clock reconvergence pessimism
                                 -4.000000   -3.750000   output external delay
                                             -3.750000   data required time
---------------------------------------------------------------------------------------------
                                             -3.750000   data required time
                                             -0.541023   data arrival time
---------------------------------------------------------------------------------------------
                                              4.291023   slack (MET)


Startpoint: reset (input port clocked by clk)
Endpoint: _120_ (removal check against rising-edge clock clk)
Path Group: asynchronous
Path Type: min

Fanout         Cap        Slew       Delay        Time   Description
---------------------------------------------------------------------------------------------
                                  0.000000    0.000000   clock clk (rise edge)
                                  0.000000    0.000000   clock network delay (propagated)
                                  4.000000    4.000000 v input external delay
     1    0.005962    0.019262    0.004115    4.004116 v reset (in)
                                                         reset (net)
                      0.019263    0.000000    4.004116 v input3/A (sg13g2_buf_1)
     1    0.030026    0.099172    0.114238    4.118353 v input3/X (sg13g2_buf_1)
                                                         net3 (net)
                      0.099844    0.006269    4.124622 v fanout22/A (sg13g2_buf_1)
     4    0.040492    0.130772    0.170905    4.295527 v fanout22/X (sg13g2_buf_1)
                                                         net22 (net)
                      0.130933    0.003598    4.299124 v fanout20/A (sg13g2_buf_1)
     7    0.040486    0.130476    0.178902    4.478026 v fanout20/X (sg13g2_buf_1)
                                                         net20 (net)
                      0.130625    0.002960    4.480987 v fanout19/A (sg13g2_buf_1)
     8    0.043700    0.140189    0.185158    4.666144 v fanout19/X (sg13g2_buf_1)
                                                         net19 (net)
                      0.140373    0.003507    4.669652 v _092_/A (sg13g2_inv_1)
     1    0.005551    0.051061    0.062497    4.732148 ^ _092_/Y (sg13g2_inv_1)
                                                         _018_ (net)
                      0.051061    0.000095    4.732244 ^ _120_/RESET_B (sg13g2_dfrbpq_1)
                                              4.732244   data arrival time

                                  0.000000    0.000000   clock clk (rise edge)
                                  0.000000    0.000000   clock source latency
     1    0.078337    0.094262    0.081832    0.081832 ^ clk (in)
                                                         clk (net)
                      0.109343    0.000000    0.081832 ^ clkbuf_0_clk/A (sg13g2_buf_16)
     4    0.112050    0.043548    0.121628    0.203460 ^ clkbuf_0_clk/X (sg13g2_buf_16)
                                                         clknet_0_clk (net)
                      0.047810    0.010903    0.214363 ^ clkbuf_2_0__f_clk/A (sg13g2_buf_16)
     6    0.044573    0.025792    0.082215    0.296578 ^ clkbuf_2_0__f_clk/X (sg13g2_buf_16)
                                                         clknet_2_0__leaf_clk (net)
                      0.025865    0.002421    0.298999 ^ _120_/CLK (sg13g2_dfrbpq_1)
                                  0.250000    0.548999   clock uncertainty
                                  0.000000    0.548999   clock reconvergence pessimism
                                 -0.109054    0.439945   library removal time
                                              0.439945   data required time
---------------------------------------------------------------------------------------------
                                              0.439945   data required time
                                             -4.732244   data arrival time
---------------------------------------------------------------------------------------------
                                              4.292298   slack (MET)


Startpoint: reset (input port clocked by clk)
Endpoint: _111_ (removal check against rising-edge clock clk)
Path Group: asynchronous
Path Type: min

Fanout         Cap        Slew       Delay        Time   Description
---------------------------------------------------------------------------------------------
                                  0.000000    0.000000   clock clk (rise edge)
                                  0.000000    0.000000   clock network delay (propagated)
                                  4.000000    4.000000 v input external delay
     1    0.005962    0.019262    0.004115    4.004116 v reset (in)
                                                         reset (net)
                      0.019263    0.000000    4.004116 v input3/A (sg13g2_buf_1)
     1    0.030026    0.099172    0.114238    4.118353 v input3/X (sg13g2_buf_1)
                                                         net3 (net)
                      0.099844    0.006269    4.124622 v fanout22/A (sg13g2_buf_1)
     4    0.040492    0.130772    0.170905    4.295527 v fanout22/X (sg13g2_buf_1)
                                                         net22 (net)
                      0.130933    0.003598    4.299124 v fanout20/A (sg13g2_buf_1)
     7    0.040486    0.130476    0.178902    4.478026 v fanout20/X (sg13g2_buf_1)
                                                         net20 (net)
                      0.130625    0.002960    4.480987 v fanout19/A (sg13g2_buf_1)
     8    0.043700    0.140189    0.185158    4.666144 v fanout19/X (sg13g2_buf_1)
                                                         net19 (net)
                      0.140299    0.002437    4.668581 v _083_/A (sg13g2_inv_1)
     1    0.005657    0.051422    0.062934    4.731515 ^ _083_/Y (sg13g2_inv_1)
                                                         _009_ (net)
                      0.051422    0.000104    4.731619 ^ _111_/RESET_B (sg13g2_dfrbpq_1)
                                              4.731619   data arrival time

                                  0.000000    0.000000   clock clk (rise edge)
                                  0.000000    0.000000   clock source latency
     1    0.078337    0.094262    0.081832    0.081832 ^ clk (in)
                                                         clk (net)
                      0.109343    0.000000    0.081832 ^ clkbuf_0_clk/A (sg13g2_buf_16)
     4    0.112050    0.043548    0.121628    0.203460 ^ clkbuf_0_clk/X (sg13g2_buf_16)
                                                         clknet_0_clk (net)
                      0.047810    0.010903    0.214363 ^ clkbuf_2_0__f_clk/A (sg13g2_buf_16)
     6    0.044573    0.025792    0.082215    0.296578 ^ clkbuf_2_0__f_clk/X (sg13g2_buf_16)
                                                         clknet_2_0__leaf_clk (net)
                      0.025817    0.001518    0.298096 ^ _111_/CLK (sg13g2_dfrbpq_1)
                                  0.250000    0.548096   clock uncertainty
                                  0.000000    0.548096   clock reconvergence pessimism
                                 -0.109168    0.438928   library removal time
                                              0.438928   data required time
---------------------------------------------------------------------------------------------
                                              0.438928   data required time
                                             -4.731619   data arrival time
---------------------------------------------------------------------------------------------
                                              4.292691   slack (MET)


Startpoint: reset (input port clocked by clk)
Endpoint: _121_ (removal check against rising-edge clock clk)
Path Group: asynchronous
Path Type: min

Fanout         Cap        Slew       Delay        Time   Description
---------------------------------------------------------------------------------------------
                                  0.000000    0.000000   clock clk (rise edge)
                                  0.000000    0.000000   clock network delay (propagated)
                                  4.000000    4.000000 v input external delay
     1    0.005962    0.019262    0.004115    4.004116 v reset (in)
                                                         reset (net)
                      0.019263    0.000000    4.004116 v input3/A (sg13g2_buf_1)
     1    0.030026    0.099172    0.114238    4.118353 v input3/X (sg13g2_buf_1)
                                                         net3 (net)
                      0.099844    0.006269    4.124622 v fanout22/A (sg13g2_buf_1)
     4    0.040492    0.130772    0.170905    4.295527 v fanout22/X (sg13g2_buf_1)
                                                         net22 (net)
                      0.130933    0.003598    4.299124 v fanout20/A (sg13g2_buf_1)
     7    0.040486    0.130476    0.178902    4.478026 v fanout20/X (sg13g2_buf_1)
                                                         net20 (net)
                      0.130625    0.002960    4.480987 v fanout19/A (sg13g2_buf_1)
     8    0.043700    0.140189    0.185158    4.666144 v fanout19/X (sg13g2_buf_1)
                                                         net19 (net)
                      0.140378    0.003568    4.669712 v _093_/A (sg13g2_inv_1)
     1    0.005347    0.050349    0.061627    4.731339 ^ _093_/Y (sg13g2_inv_1)
                                                         _019_ (net)
                      0.050349    0.000079    4.731418 ^ _121_/RESET_B (sg13g2_dfrbpq_1)
                                              4.731418   data arrival time

                                  0.000000    0.000000   clock clk (rise edge)
                                  0.000000    0.000000   clock source latency
     1    0.078337    0.094262    0.081832    0.081832 ^ clk (in)
                                                         clk (net)
                      0.109343    0.000000    0.081832 ^ clkbuf_0_clk/A (sg13g2_buf_16)
     4    0.112050    0.043548    0.121628    0.203460 ^ clkbuf_0_clk/X (sg13g2_buf_16)
                                                         clknet_0_clk (net)
                      0.047389    0.010276    0.213736 ^ clkbuf_2_1__f_clk/A (sg13g2_buf_16)
     6    0.041200    0.025038    0.081391    0.295128 ^ clkbuf_2_1__f_clk/X (sg13g2_buf_16)
                                                         clknet_2_1__leaf_clk (net)
                      0.025102    0.002264    0.297391 ^ _121_/CLK (sg13g2_dfrbpq_1)
                                  0.250000    0.547391   clock uncertainty
                                  0.000000    0.547391   clock reconvergence pessimism
                                 -0.108938    0.438453   library removal time
                                              0.438453   data required time
---------------------------------------------------------------------------------------------
                                              0.438453   data required time
                                             -4.731418   data arrival time
---------------------------------------------------------------------------------------------
                                              4.292965   slack (MET)


Startpoint: reset (input port clocked by clk)
Endpoint: _110_ (removal check against rising-edge clock clk)
Path Group: asynchronous
Path Type: min

Fanout         Cap        Slew       Delay        Time   Description
---------------------------------------------------------------------------------------------
                                  0.000000    0.000000   clock clk (rise edge)
                                  0.000000    0.000000   clock network delay (propagated)
                                  4.000000    4.000000 v input external delay
     1    0.005962    0.019262    0.004115    4.004116 v reset (in)
                                                         reset (net)
                      0.019263    0.000000    4.004116 v input3/A (sg13g2_buf_1)
     1    0.030026    0.099172    0.114238    4.118353 v input3/X (sg13g2_buf_1)
                                                         net3 (net)
                      0.099844    0.006269    4.124622 v fanout22/A (sg13g2_buf_1)
     4    0.040492    0.130772    0.170905    4.295527 v fanout22/X (sg13g2_buf_1)
                                                         net22 (net)
                      0.130933    0.003598    4.299124 v fanout20/A (sg13g2_buf_1)
     7    0.040486    0.130476    0.178902    4.478026 v fanout20/X (sg13g2_buf_1)
                                                         net20 (net)
                      0.130625    0.002960    4.480987 v fanout19/A (sg13g2_buf_1)
     8    0.043700    0.140189    0.185158    4.666144 v fanout19/X (sg13g2_buf_1)
                                                         net19 (net)
                      0.140334    0.002989    4.669133 v _082_/A (sg13g2_inv_1)
     1    0.006116    0.053100    0.064889    4.734023 ^ _082_/Y (sg13g2_inv_1)
                                                         _008_ (net)
                      0.053100    0.000143    4.734166 ^ _110_/RESET_B (sg13g2_dfrbpq_1)
                                              4.734166   data arrival time

                                  0.000000    0.000000   clock clk (rise edge)
                                  0.000000    0.000000   clock source latency
     1    0.078337    0.094262    0.081832    0.081832 ^ clk (in)
                                                         clk (net)
                      0.109343    0.000000    0.081832 ^ clkbuf_0_clk/A (sg13g2_buf_16)
     4    0.112050    0.043548    0.121628    0.203460 ^ clkbuf_0_clk/X (sg13g2_buf_16)
                                                         clknet_0_clk (net)
                      0.047810    0.010903    0.214363 ^ clkbuf_2_0__f_clk/A (sg13g2_buf_16)
     6    0.044573    0.025792    0.082215    0.296578 ^ clkbuf_2_0__f_clk/X (sg13g2_buf_16)
                                                         clknet_2_0__leaf_clk (net)
                      0.025846    0.002137    0.298715 ^ _110_/CLK (sg13g2_dfrbpq_1)
                                  0.250000    0.548715   clock uncertainty
                                  0.000000    0.548715   clock reconvergence pessimism
                                 -0.109666    0.439049   library removal time
                                              0.439049   data required time
---------------------------------------------------------------------------------------------
                                              0.439049   data required time
                                             -4.734166   data arrival time
---------------------------------------------------------------------------------------------
                                              4.295117   slack (MET)


Startpoint: reset (input port clocked by clk)
Endpoint: _109_ (removal check against rising-edge clock clk)
Path Group: asynchronous
Path Type: min

Fanout         Cap        Slew       Delay        Time   Description
---------------------------------------------------------------------------------------------
                                  0.000000    0.000000   clock clk (rise edge)
                                  0.000000    0.000000   clock network delay (propagated)
                                  4.000000    4.000000 v input external delay
     1    0.005962    0.019262    0.004115    4.004116 v reset (in)
                                                         reset (net)
                      0.019263    0.000000    4.004116 v input3/A (sg13g2_buf_1)
     1    0.030026    0.099172    0.114238    4.118353 v input3/X (sg13g2_buf_1)
                                                         net3 (net)
                      0.099844    0.006269    4.124622 v fanout22/A (sg13g2_buf_1)
     4    0.040492    0.130772    0.170905    4.295527 v fanout22/X (sg13g2_buf_1)
                                                         net22 (net)
                      0.130933    0.003598    4.299124 v fanout20/A (sg13g2_buf_1)
     7    0.040486    0.130476    0.178902    4.478026 v fanout20/X (sg13g2_buf_1)
                                                         net20 (net)
                      0.130625    0.002960    4.480987 v fanout19/A (sg13g2_buf_1)
     8    0.043700    0.140189    0.185158    4.666144 v fanout19/X (sg13g2_buf_1)
                                                         net19 (net)
                      0.140365    0.003404    4.669549 v _081_/A (sg13g2_inv_1)
     1    0.006226    0.053510    0.065362    4.734910 ^ _081_/Y (sg13g2_inv_1)
                                                         _007_ (net)
                      0.053510    0.000153    4.735064 ^ _109_/RESET_B (sg13g2_dfrbpq_1)
                                              4.735064   data arrival time

                                  0.000000    0.000000   clock clk (rise edge)
                                  0.000000    0.000000   clock source latency
     1    0.078337    0.094262    0.081832    0.081832 ^ clk (in)
                                                         clk (net)
                      0.109343    0.000000    0.081832 ^ clkbuf_0_clk/A (sg13g2_buf_16)
     4    0.112050    0.043548    0.121628    0.203460 ^ clkbuf_0_clk/X (sg13g2_buf_16)
                                                         clknet_0_clk (net)
                      0.047810    0.010903    0.214363 ^ clkbuf_2_0__f_clk/A (sg13g2_buf_16)
     6    0.044573    0.025792    0.082215    0.296578 ^ clkbuf_2_0__f_clk/X (sg13g2_buf_16)
                                                         clknet_2_0__leaf_clk (net)
                      0.025854    0.002259    0.298837 ^ _109_/CLK (sg13g2_dfrbpq_1)
                                  0.250000    0.548837   clock uncertainty
                                  0.000000    0.548837   clock reconvergence pessimism
                                 -0.109788    0.439048   library removal time
                                              0.439048   data required time
---------------------------------------------------------------------------------------------
                                              0.439048   data required time
                                             -4.735064   data arrival time
---------------------------------------------------------------------------------------------
                                              4.296015   slack (MET)


Startpoint: reset (input port clocked by clk)
Endpoint: _098_ (removal check against rising-edge clock clk)
Path Group: asynchronous
Path Type: min

Fanout         Cap        Slew       Delay        Time   Description
---------------------------------------------------------------------------------------------
                                  0.000000    0.000000   clock clk (rise edge)
                                  0.000000    0.000000   clock network delay (propagated)
                                  4.000000    4.000000 v input external delay
     1    0.005962    0.019262    0.004115    4.004116 v reset (in)
                                                         reset (net)
                      0.019263    0.000000    4.004116 v input3/A (sg13g2_buf_1)
     1    0.030026    0.099172    0.114238    4.118353 v input3/X (sg13g2_buf_1)
                                                         net3 (net)
                      0.099844    0.006269    4.124622 v fanout22/A (sg13g2_buf_1)
     4    0.040492    0.130772    0.170905    4.295527 v fanout22/X (sg13g2_buf_1)
                                                         net22 (net)
                      0.130933    0.003598    4.299124 v fanout20/A (sg13g2_buf_1)
     7    0.040486    0.130476    0.178902    4.478026 v fanout20/X (sg13g2_buf_1)
                                                         net20 (net)
                      0.130625    0.002960    4.480987 v fanout19/A (sg13g2_buf_1)
     8    0.043700    0.140189    0.185158    4.666144 v fanout19/X (sg13g2_buf_1)
                                                         net19 (net)
                      0.140352    0.003242    4.669386 v _094_/A (sg13g2_inv_1)
     1    0.005957    0.052506    0.064219    4.733605 ^ _094_/Y (sg13g2_inv_1)
                                                         _020_ (net)
                      0.052506    0.000130    4.733735 ^ _098_/RESET_B (sg13g2_dfrbpq_1)
                                              4.733735   data arrival time

                                  0.000000    0.000000   clock clk (rise edge)
                                  0.000000    0.000000   clock source latency
     1    0.078337    0.094262    0.081832    0.081832 ^ clk (in)
                                                         clk (net)
                      0.109343    0.000000    0.081832 ^ clkbuf_0_clk/A (sg13g2_buf_16)
     4    0.112050    0.043548    0.121628    0.203460 ^ clkbuf_0_clk/X (sg13g2_buf_16)
                                                         clknet_0_clk (net)
                      0.047389    0.010276    0.213736 ^ clkbuf_2_1__f_clk/A (sg13g2_buf_16)
     6    0.041200    0.025038    0.081391    0.295128 ^ clkbuf_2_1__f_clk/X (sg13g2_buf_16)
                                                         clknet_2_1__leaf_clk (net)
                      0.025093    0.002124    0.297252 ^ _098_/CLK (sg13g2_dfrbpq_1)
                                  0.250000    0.547252   clock uncertainty
                                  0.000000    0.547252   clock reconvergence pessimism
                                 -0.109584    0.437668   library removal time
                                              0.437668   data required time
---------------------------------------------------------------------------------------------
                                              0.437668   data required time
                                             -4.733735   data arrival time
---------------------------------------------------------------------------------------------
                                              4.296067   slack (MET)


Startpoint: _107_ (rising edge-triggered flip-flop clocked by clk)
Endpoint: dout[11] (output port clocked by clk)
Path Group: clk
Path Type: min

Fanout         Cap        Slew       Delay        Time   Description
---------------------------------------------------------------------------------------------
                                  0.000000    0.000000   clock clk (rise edge)
                                  0.000000    0.000000   clock source latency
     1    0.075664    0.091454    0.071474    0.071474 ^ clk (in)
                                                         clk (net)
                      0.105206    0.000000    0.071474 ^ clkbuf_0_clk/A (sg13g2_buf_16)
     4    0.101359    0.040687    0.107366    0.178840 ^ clkbuf_0_clk/X (sg13g2_buf_16)
                                                         clknet_0_clk (net)
                      0.043663    0.007781    0.186621 ^ clkbuf_2_3__f_clk/A (sg13g2_buf_16)
     6    0.033397    0.023139    0.070507    0.257128 ^ clkbuf_2_3__f_clk/X (sg13g2_buf_16)
                                                         clknet_2_3__leaf_clk (net)
                      0.023185    0.001729    0.258857 ^ _107_/CLK (sg13g2_dfrbpq_1)
     2    0.020896    0.071895    0.194263    0.453119 v _107_/Q (sg13g2_dfrbpq_1)
                                                         net7 (net)
                      0.071917    0.001149    0.454268 v output7/A (sg13g2_buf_1)
     1    0.011430    0.045100    0.095850    0.550118 v output7/X (sg13g2_buf_1)
                                                         dout[11] (net)
                      0.045112    0.000694    0.550812 v dout[11] (out)
                                              0.550812   data arrival time

                                  0.000000    0.000000   clock clk (rise edge)
                                  0.000000    0.000000   clock network delay (propagated)
                                  0.250000    0.250000   clock uncertainty
                                  0.000000    0.250000   clock reconvergence pessimism
                                 -4.000000   -3.750000   output external delay
                                             -3.750000   data required time
---------------------------------------------------------------------------------------------
                                             -3.750000   data required time
                                             -0.550812   data arrival time
---------------------------------------------------------------------------------------------
                                              4.300812   slack (MET)


Startpoint: _121_ (rising edge-triggered flip-flop clocked by clk)
Endpoint: dout[1] (output port clocked by clk)
Path Group: clk
Path Type: min

Fanout         Cap        Slew       Delay        Time   Description
---------------------------------------------------------------------------------------------
                                  0.000000    0.000000   clock clk (rise edge)
                                  0.000000    0.000000   clock source latency
     1    0.075664    0.091454    0.071474    0.071474 ^ clk (in)
                                                         clk (net)
                      0.105206    0.000000    0.071474 ^ clkbuf_0_clk/A (sg13g2_buf_16)
     4    0.101359    0.040687    0.107366    0.178840 ^ clkbuf_0_clk/X (sg13g2_buf_16)
                                                         clknet_0_clk (net)
                      0.044039    0.008349    0.187189 ^ clkbuf_2_1__f_clk/A (sg13g2_buf_16)
     6    0.038515    0.024292    0.071630    0.258819 ^ clkbuf_2_1__f_clk/X (sg13g2_buf_16)
                                                         clknet_2_1__leaf_clk (net)
                      0.024348    0.001908    0.260727 ^ _121_/CLK (sg13g2_dfrbpq_1)
     2    0.022738    0.077031    0.198713    0.459440 v _121_/Q (sg13g2_dfrbpq_1)
                                                         net8 (net)
                      0.077090    0.001874    0.461314 v output8/A (sg13g2_buf_1)
     1    0.011309    0.044847    0.097679    0.558993 v output8/X (sg13g2_buf_1)
                                                         dout[1] (net)
                      0.044859    0.000674    0.559667 v dout[1] (out)
                                              0.559667   data arrival time

                                  0.000000    0.000000   clock clk (rise edge)
                                  0.000000    0.000000   clock network delay (propagated)
                                  0.250000    0.250000   clock uncertainty
                                  0.000000    0.250000   clock reconvergence pessimism
                                 -4.000000   -3.750000   output external delay
                                             -3.750000   data required time
---------------------------------------------------------------------------------------------
                                             -3.750000   data required time
                                             -0.559667   data arrival time
---------------------------------------------------------------------------------------------
                                              4.309667   slack (MET)


Startpoint: reset (input port clocked by clk)
Endpoint: _099_ (removal check against rising-edge clock clk)
Path Group: asynchronous
Path Type: min

Fanout         Cap        Slew       Delay        Time   Description
---------------------------------------------------------------------------------------------
                                  0.000000    0.000000   clock clk (rise edge)
                                  0.000000    0.000000   clock network delay (propagated)
                                  4.000000    4.000000 v input external delay
     1    0.005962    0.019262    0.004115    4.004116 v reset (in)
                                                         reset (net)
                      0.019263    0.000000    4.004116 v input3/A (sg13g2_buf_1)
     1    0.030026    0.099172    0.114238    4.118353 v input3/X (sg13g2_buf_1)
                                                         net3 (net)
                      0.099844    0.006269    4.124622 v fanout22/A (sg13g2_buf_1)
     4    0.040492    0.130772    0.170905    4.295527 v fanout22/X (sg13g2_buf_1)
                                                         net22 (net)
                      0.130933    0.003598    4.299124 v fanout20/A (sg13g2_buf_1)
     7    0.040486    0.130476    0.178902    4.478026 v fanout20/X (sg13g2_buf_1)
                                                         net20 (net)
                      0.130625    0.002960    4.480987 v fanout19/A (sg13g2_buf_1)
     8    0.043700    0.140189    0.185158    4.666144 v fanout19/X (sg13g2_buf_1)
                                                         net19 (net)
                      0.140318    0.002747    4.668891 v _095_/A (sg13g2_inv_1)
     1    0.009004    0.064530    0.077111    4.746002 ^ _095_/Y (sg13g2_inv_1)
                                                         _021_ (net)
                      0.064557    0.000433    4.746434 ^ _099_/RESET_B (sg13g2_dfrbpq_1)
                                              4.746434   data arrival time

                                  0.000000    0.000000   clock clk (rise edge)
                                  0.000000    0.000000   clock source latency
     1    0.078337    0.094262    0.081832    0.081832 ^ clk (in)
                                                         clk (net)
                      0.109343    0.000000    0.081832 ^ clkbuf_0_clk/A (sg13g2_buf_16)
     4    0.112050    0.043548    0.121628    0.203460 ^ clkbuf_0_clk/X (sg13g2_buf_16)
                                                         clknet_0_clk (net)
                      0.047389    0.010276    0.213736 ^ clkbuf_2_1__f_clk/A (sg13g2_buf_16)
     6    0.041200    0.025038    0.081391    0.295128 ^ clkbuf_2_1__f_clk/X (sg13g2_buf_16)
                                                         clknet_2_1__leaf_clk (net)
                      0.025070    0.001663    0.296791 ^ _099_/CLK (sg13g2_dfrbpq_1)
                                  0.250000    0.546791   clock uncertainty
                                  0.000000    0.546791   clock reconvergence pessimism
                                 -0.113194    0.433597   library removal time
                                              0.433597   data required time
---------------------------------------------------------------------------------------------
                                              0.433597   data required time
                                             -4.746434   data arrival time
---------------------------------------------------------------------------------------------
                                              4.312837   slack (MET)


Startpoint: _120_ (rising edge-triggered flip-flop clocked by clk)
Endpoint: dout[0] (output port clocked by clk)
Path Group: clk
Path Type: min

Fanout         Cap        Slew       Delay        Time   Description
---------------------------------------------------------------------------------------------
                                  0.000000    0.000000   clock clk (rise edge)
                                  0.000000    0.000000   clock source latency
     1    0.075664    0.091454    0.071474    0.071474 ^ clk (in)
                                                         clk (net)
                      0.105206    0.000000    0.071474 ^ clkbuf_0_clk/A (sg13g2_buf_16)
     4    0.101359    0.040687    0.107366    0.178840 ^ clkbuf_0_clk/X (sg13g2_buf_16)
                                                         clknet_0_clk (net)
                      0.044386    0.008848    0.187688 ^ clkbuf_2_0__f_clk/A (sg13g2_buf_16)
     6    0.041888    0.025048    0.072349    0.260037 ^ clkbuf_2_0__f_clk/X (sg13g2_buf_16)
                                                         clknet_2_0__leaf_clk (net)
                      0.025111    0.002037    0.262074 ^ _120_/CLK (sg13g2_dfrbpq_1)
     2    0.032171    0.103985    0.218671    0.480745 v _120_/Q (sg13g2_dfrbpq_1)
                                                         net5 (net)
                      0.104266    0.003662    0.484407 v output5/A (sg13g2_buf_1)
     1    0.010984    0.044529    0.106814    0.591221 v output5/X (sg13g2_buf_1)
                                                         dout[0] (net)
                      0.044539    0.000622    0.591843 v dout[0] (out)
                                              0.591843   data arrival time

                                  0.000000    0.000000   clock clk (rise edge)
                                  0.000000    0.000000   clock network delay (propagated)
                                  0.250000    0.250000   clock uncertainty
                                  0.000000    0.250000   clock reconvergence pessimism
                                 -4.000000   -3.750000   output external delay
                                             -3.750000   data required time
---------------------------------------------------------------------------------------------
                                             -3.750000   data required time
                                             -0.591843   data arrival time
---------------------------------------------------------------------------------------------
                                              4.341844   slack (MET)



%OL_END_REPORT
%OL_CREATE_REPORT max.rpt

===========================================================================
report_checks -path_delay max (Setup)
============================================================================
======================= nom_typ_1p20V_25C Corner ===================================

Startpoint: done_in (input port clocked by clk)
Endpoint: _114_ (rising edge-triggered flip-flop clocked by clk)
Path Group: clk
Path Type: max

Fanout         Cap        Slew       Delay        Time   Description
---------------------------------------------------------------------------------------------
                                  0.000000    0.000000   clock clk (rise edge)
                                  0.000000    0.000000   clock network delay (propagated)
                                  4.000000    4.000000 v input external delay
     1    0.004052    0.017940    0.003016    4.003016 v done_in (in)
                                                         done_in (net)
                      0.017940    0.000000    4.003016 v input2/A (sg13g2_buf_1)
     2    0.048081    0.154421    0.164201    4.167217 v input2/X (sg13g2_buf_1)
                                                         net2 (net)
                      0.156062    0.013511    4.180728 v fanout23/A (sg13g2_buf_1)
     8    0.106788    0.336565    0.339846    4.520575 v fanout23/X (sg13g2_buf_1)
                                                         net23 (net)
                      0.336609    0.003503    4.524078 v _056_/A (sg13g2_nor2b_1)
     2    0.013449    0.177492    0.213871    4.737949 ^ _056_/Y (sg13g2_nor2b_1)
                                                         _048_ (net)
                      0.177492    0.000646    4.738595 ^ fanout17/A (sg13g2_buf_1)
     8    0.107196    0.440156    0.408146    5.146741 ^ fanout17/X (sg13g2_buf_1)
                                                         net17 (net)
                      0.442119    0.025317    5.172058 ^ _062_/S (sg13g2_mux2_1)
     1    0.005431    0.043071    0.265583    5.437640 v _062_/X (sg13g2_mux2_1)
                                                         _036_ (net)
                      0.043071    0.000214    5.437854 v hold43/A (sg13g2_dlygate4sd3_1)
     1    0.004795    0.041687    0.404944    5.842798 v hold43/X (sg13g2_dlygate4sd3_1)
                                                         net43 (net)
                      0.041687    0.000170    5.842967 v _114_/D (sg13g2_dfrbpq_1)
                                              5.842967   data arrival time

                                 20.000000   20.000000   clock clk (rise edge)
                                  0.000000   20.000000   clock source latency
     1    0.075664    0.091454    0.071473   20.071474 ^ clk (in)
                                                         clk (net)
                      0.105206    0.000000   20.071474 ^ clkbuf_0_clk/A (sg13g2_buf_16)
     4    0.101359    0.040687    0.107367   20.178841 ^ clkbuf_0_clk/X (sg13g2_buf_16)
                                                         clknet_0_clk (net)
                      0.043081    0.006837   20.185678 ^ clkbuf_2_2__f_clk/A (sg13g2_buf_16)
     6    0.040949    0.024780    0.071452   20.257130 ^ clkbuf_2_2__f_clk/X (sg13g2_buf_16)
                                                         clknet_2_2__leaf_clk (net)
                      0.024965    0.003059   20.260189 ^ _114_/CLK (sg13g2_dfrbpq_1)
                                 -0.250000   20.010189   clock uncertainty
                                  0.000000   20.010189   clock reconvergence pessimism
                                 -0.119170   19.891020   library setup time
                                             19.891020   data required time
---------------------------------------------------------------------------------------------
                                             19.891020   data required time
                                             -5.842967   data arrival time
---------------------------------------------------------------------------------------------
                                             14.048052   slack (MET)


Startpoint: done_in (input port clocked by clk)
Endpoint: _113_ (rising edge-triggered flip-flop clocked by clk)
Path Group: clk
Path Type: max

Fanout         Cap        Slew       Delay        Time   Description
---------------------------------------------------------------------------------------------
                                  0.000000    0.000000   clock clk (rise edge)
                                  0.000000    0.000000   clock network delay (propagated)
                                  4.000000    4.000000 v input external delay
     1    0.004052    0.017940    0.003016    4.003016 v done_in (in)
                                                         done_in (net)
                      0.017940    0.000000    4.003016 v input2/A (sg13g2_buf_1)
     2    0.048081    0.154421    0.164201    4.167217 v input2/X (sg13g2_buf_1)
                                                         net2 (net)
                      0.156062    0.013511    4.180728 v fanout23/A (sg13g2_buf_1)
     8    0.106788    0.336565    0.339846    4.520575 v fanout23/X (sg13g2_buf_1)
                                                         net23 (net)
                      0.336609    0.003503    4.524078 v _056_/A (sg13g2_nor2b_1)
     2    0.013449    0.177492    0.213871    4.737949 ^ _056_/Y (sg13g2_nor2b_1)
                                                         _048_ (net)
                      0.177492    0.000646    4.738595 ^ fanout17/A (sg13g2_buf_1)
     8    0.107196    0.440156    0.408146    5.146741 ^ fanout17/X (sg13g2_buf_1)
                                                         net17 (net)
                      0.442881    0.029608    5.176349 ^ _063_/S (sg13g2_mux2_1)
     1    0.004553    0.040957    0.263007    5.439356 v _063_/X (sg13g2_mux2_1)
                                                         _035_ (net)
                      0.040957    0.000141    5.439497 v hold41/A (sg13g2_dlygate4sd3_1)
     1    0.003902    0.039414    0.400465    5.839963 v hold41/X (sg13g2_dlygate4sd3_1)
                                                         net41 (net)
                      0.039414    0.000107    5.840069 v _113_/D (sg13g2_dfrbpq_1)
                                              5.840069   data arrival time

                                 20.000000   20.000000   clock clk (rise edge)
                                  0.000000   20.000000   clock source latency
     1    0.075664    0.091454    0.071473   20.071474 ^ clk (in)
                                                         clk (net)
                      0.105206    0.000000   20.071474 ^ clkbuf_0_clk/A (sg13g2_buf_16)
     4    0.101359    0.040687    0.107367   20.178841 ^ clkbuf_0_clk/X (sg13g2_buf_16)
                                                         clknet_0_clk (net)
                      0.044039    0.008349   20.187189 ^ clkbuf_2_1__f_clk/A (sg13g2_buf_16)
     6    0.038515    0.024292    0.071630   20.258820 ^ clkbuf_2_1__f_clk/X (sg13g2_buf_16)
                                                         clknet_2_1__leaf_clk (net)
                      0.024298    0.000732   20.259552 ^ _113_/CLK (sg13g2_dfrbpq_1)
                                 -0.250000   20.009552   clock uncertainty
                                  0.000000   20.009552   clock reconvergence pessimism
                                 -0.118521   19.891029   library setup time
                                             19.891029   data required time
---------------------------------------------------------------------------------------------
                                             19.891029   data required time
                                             -5.840069   data arrival time
---------------------------------------------------------------------------------------------
                                             14.050960   slack (MET)


Startpoint: done_in (input port clocked by clk)
Endpoint: _117_ (rising edge-triggered flip-flop clocked by clk)
Path Group: clk
Path Type: max

Fanout         Cap        Slew       Delay        Time   Description
---------------------------------------------------------------------------------------------
                                  0.000000    0.000000   clock clk (rise edge)
                                  0.000000    0.000000   clock network delay (propagated)
                                  4.000000    4.000000 v input external delay
     1    0.004052    0.017940    0.003016    4.003016 v done_in (in)
                                                         done_in (net)
                      0.017940    0.000000    4.003016 v input2/A (sg13g2_buf_1)
     2    0.048081    0.154421    0.164201    4.167217 v input2/X (sg13g2_buf_1)
                                                         net2 (net)
                      0.156062    0.013511    4.180728 v fanout23/A (sg13g2_buf_1)
     8    0.106788    0.336565    0.339846    4.520575 v fanout23/X (sg13g2_buf_1)
                                                         net23 (net)
                      0.336609    0.003503    4.524078 v _056_/A (sg13g2_nor2b_1)
     2    0.013449    0.177492    0.213871    4.737949 ^ _056_/Y (sg13g2_nor2b_1)
                                                         _048_ (net)
                      0.177494    0.000854    4.738803 ^ fanout18/A (sg13g2_buf_1)
     4    0.048374    0.201626    0.251227    4.990029 ^ fanout18/X (sg13g2_buf_1)
                                                         net18 (net)
                      0.201663    0.002398    4.992427 ^ _059_/S (sg13g2_mux2_1)
     1    0.004213    0.038809    0.218527    5.210955 v _059_/X (sg13g2_mux2_1)
                                                         _039_ (net)
                      0.038809    0.000133    5.211088 v hold45/A (sg13g2_dlygate4sd3_1)
     1    0.004120    0.040004    0.400012    5.611100 v hold45/X (sg13g2_dlygate4sd3_1)
                                                         net45 (net)
                      0.040004    0.000121    5.611221 v _117_/D (sg13g2_dfrbpq_1)
                                              5.611221   data arrival time

                                 20.000000   20.000000   clock clk (rise edge)
                                  0.000000   20.000000   clock source latency
     1    0.075664    0.091454    0.071473   20.071474 ^ clk (in)
                                                         clk (net)
                      0.105206    0.000000   20.071474 ^ clkbuf_0_clk/A (sg13g2_buf_16)
     4    0.101359    0.040687    0.107367   20.178841 ^ clkbuf_0_clk/X (sg13g2_buf_16)
                                                         clknet_0_clk (net)
                      0.043663    0.007780   20.186621 ^ clkbuf_2_3__f_clk/A (sg13g2_buf_16)
     6    0.033397    0.023139    0.070507   20.257128 ^ clkbuf_2_3__f_clk/X (sg13g2_buf_16)
                                                         clknet_2_3__leaf_clk (net)
                      0.023142    0.000405   20.257534 ^ _117_/CLK (sg13g2_dfrbpq_1)
                                 -0.250000   20.007534   clock uncertainty
                                  0.000000   20.007534   clock reconvergence pessimism
                                 -0.119029   19.888504   library setup time
                                             19.888504   data required time
---------------------------------------------------------------------------------------------
                                             19.888504   data required time
                                             -5.611221   data arrival time
---------------------------------------------------------------------------------------------
                                             14.277283   slack (MET)


Startpoint: done_in (input port clocked by clk)
Endpoint: _112_ (rising edge-triggered flip-flop clocked by clk)
Path Group: clk
Path Type: max

Fanout         Cap        Slew       Delay        Time   Description
---------------------------------------------------------------------------------------------
                                  0.000000    0.000000   clock clk (rise edge)
                                  0.000000    0.000000   clock network delay (propagated)
                                  4.000000    4.000000 v input external delay
     1    0.004052    0.017940    0.003016    4.003016 v done_in (in)
                                                         done_in (net)
                      0.017940    0.000000    4.003016 v input2/A (sg13g2_buf_1)
     2    0.048081    0.154421    0.164201    4.167217 v input2/X (sg13g2_buf_1)
                                                         net2 (net)
                      0.156062    0.013511    4.180728 v fanout23/A (sg13g2_buf_1)
     8    0.106788    0.336565    0.339846    4.520575 v fanout23/X (sg13g2_buf_1)
                                                         net23 (net)
                      0.336609    0.003503    4.524078 v _056_/A (sg13g2_nor2b_1)
     2    0.013449    0.177492    0.213871    4.737949 ^ _056_/Y (sg13g2_nor2b_1)
                                                         _048_ (net)
                      0.177492    0.000646    4.738595 ^ fanout17/A (sg13g2_buf_1)
     8    0.107196    0.440156    0.408146    5.146741 ^ fanout17/X (sg13g2_buf_1)
                                                         net17 (net)
                      0.443064    0.030542    5.177283 ^ _064_/S (sg13g2_mux2_1)
     1    0.004277    0.040290    0.262187    5.439470 v _064_/X (sg13g2_mux2_1)
                                                         _034_ (net)
                      0.040290    0.000117    5.439587 v _112_/D (sg13g2_dfrbpq_1)
                                              5.439587   data arrival time

                                 20.000000   20.000000   clock clk (rise edge)
                                  0.000000   20.000000   clock source latency
     1    0.075664    0.091454    0.071473   20.071474 ^ clk (in)
                                                         clk (net)
                      0.105206    0.000000   20.071474 ^ clkbuf_0_clk/A (sg13g2_buf_16)
     4    0.101359    0.040687    0.107367   20.178841 ^ clkbuf_0_clk/X (sg13g2_buf_16)
                                                         clknet_0_clk (net)
                      0.044386    0.008848   20.187689 ^ clkbuf_2_0__f_clk/A (sg13g2_buf_16)
     6    0.041888    0.025048    0.072349   20.260038 ^ clkbuf_2_0__f_clk/X (sg13g2_buf_16)
                                                         clknet_2_0__leaf_clk (net)
                      0.025059    0.001002   20.261040 ^ _112_/CLK (sg13g2_dfrbpq_1)
                                 -0.250000   20.011040   clock uncertainty
                                  0.000000   20.011040   clock reconvergence pessimism
                                 -0.118643   19.892397   library setup time
                                             19.892397   data required time
---------------------------------------------------------------------------------------------
                                             19.892397   data required time
                                             -5.439587   data arrival time
---------------------------------------------------------------------------------------------
                                             14.452811   slack (MET)


Startpoint: done_in (input port clocked by clk)
Endpoint: _110_ (rising edge-triggered flip-flop clocked by clk)
Path Group: clk
Path Type: max

Fanout         Cap        Slew       Delay        Time   Description
---------------------------------------------------------------------------------------------
                                  0.000000    0.000000   clock clk (rise edge)
                                  0.000000    0.000000   clock network delay (propagated)
                                  4.000000    4.000000 v input external delay
     1    0.004052    0.017940    0.003016    4.003016 v done_in (in)
                                                         done_in (net)
                      0.017940    0.000000    4.003016 v input2/A (sg13g2_buf_1)
     2    0.048081    0.154421    0.164201    4.167217 v input2/X (sg13g2_buf_1)
                                                         net2 (net)
                      0.156062    0.013511    4.180728 v fanout23/A (sg13g2_buf_1)
     8    0.106788    0.336565    0.339846    4.520575 v fanout23/X (sg13g2_buf_1)
                                                         net23 (net)
                      0.336609    0.003503    4.524078 v _056_/A (sg13g2_nor2b_1)
     2    0.013449    0.177492    0.213871    4.737949 ^ _056_/Y (sg13g2_nor2b_1)
                                                         _048_ (net)
                      0.177492    0.000646    4.738595 ^ fanout17/A (sg13g2_buf_1)
     8    0.107196    0.440156    0.408146    5.146741 ^ fanout17/X (sg13g2_buf_1)
                                                         net17 (net)
                      0.443312    0.031759    5.178501 ^ _066_/S (sg13g2_mux2_1)
     1    0.003612    0.038674    0.260176    5.438677 v _066_/X (sg13g2_mux2_1)
                                                         _032_ (net)
                      0.038674    0.000089    5.438766 v _110_/D (sg13g2_dfrbpq_1)
                                              5.438766   data arrival time

                                 20.000000   20.000000   clock clk (rise edge)
                                  0.000000   20.000000   clock source latency
     1    0.075664    0.091454    0.071473   20.071474 ^ clk (in)
                                                         clk (net)
                      0.105206    0.000000   20.071474 ^ clkbuf_0_clk/A (sg13g2_buf_16)
     4    0.101359    0.040687    0.107367   20.178841 ^ clkbuf_0_clk/X (sg13g2_buf_16)
                                                         clknet_0_clk (net)
                      0.044386    0.008848   20.187689 ^ clkbuf_2_0__f_clk/A (sg13g2_buf_16)
     6    0.041888    0.025048    0.072349   20.260038 ^ clkbuf_2_0__f_clk/X (sg13g2_buf_16)
                                                         clknet_2_0__leaf_clk (net)
                      0.025096    0.001799   20.261837 ^ _110_/CLK (sg13g2_dfrbpq_1)
                                 -0.250000   20.011839   clock uncertainty
                                  0.000000   20.011839   clock reconvergence pessimism
                                 -0.118051   19.893787   library setup time
                                             19.893787   data required time
---------------------------------------------------------------------------------------------
                                             19.893787   data required time
                                             -5.438766   data arrival time
---------------------------------------------------------------------------------------------
                                             14.455021   slack (MET)


Startpoint: done_in (input port clocked by clk)
Endpoint: _111_ (rising edge-triggered flip-flop clocked by clk)
Path Group: clk
Path Type: max

Fanout         Cap        Slew       Delay        Time   Description
---------------------------------------------------------------------------------------------
                                  0.000000    0.000000   clock clk (rise edge)
                                  0.000000    0.000000   clock network delay (propagated)
                                  4.000000    4.000000 v input external delay
     1    0.004052    0.017940    0.003016    4.003016 v done_in (in)
                                                         done_in (net)
                      0.017940    0.000000    4.003016 v input2/A (sg13g2_buf_1)
     2    0.048081    0.154421    0.164201    4.167217 v input2/X (sg13g2_buf_1)
                                                         net2 (net)
                      0.156062    0.013511    4.180728 v fanout23/A (sg13g2_buf_1)
     8    0.106788    0.336565    0.339846    4.520575 v fanout23/X (sg13g2_buf_1)
                                                         net23 (net)
                      0.336609    0.003503    4.524078 v _056_/A (sg13g2_nor2b_1)
     2    0.013449    0.177492    0.213871    4.737949 ^ _056_/Y (sg13g2_nor2b_1)
                                                         _048_ (net)
                      0.177492    0.000646    4.738595 ^ fanout17/A (sg13g2_buf_1)
     8    0.107196    0.440156    0.408146    5.146741 ^ fanout17/X (sg13g2_buf_1)
                                                         net17 (net)
                      0.443218    0.031307    5.178048 ^ _065_/S (sg13g2_mux2_1)
     1    0.003494    0.038383    0.259798    5.437846 v _065_/X (sg13g2_mux2_1)
                                                         _033_ (net)
                      0.038383    0.000082    5.437928 v _111_/D (sg13g2_dfrbpq_1)
                                              5.437928   data arrival time

                                 20.000000   20.000000   clock clk (rise edge)
                                  0.000000   20.000000   clock source latency
     1    0.075664    0.091454    0.071473   20.071474 ^ clk (in)
                                                         clk (net)
                      0.105206    0.000000   20.071474 ^ clkbuf_0_clk/A (sg13g2_buf_16)
     4    0.101359    0.040687    0.107367   20.178841 ^ clkbuf_0_clk/X (sg13g2_buf_16)
                                                         clknet_0_clk (net)
                      0.044386    0.008848   20.187689 ^ clkbuf_2_0__f_clk/A (sg13g2_buf_16)
     6    0.041888    0.025048    0.072349   20.260038 ^ clkbuf_2_0__f_clk/X (sg13g2_buf_16)
                                                         clknet_2_0__leaf_clk (net)
                      0.025066    0.001281   20.261318 ^ _111_/CLK (sg13g2_dfrbpq_1)
                                 -0.250000   20.011320   clock uncertainty
                                  0.000000   20.011320   clock reconvergence pessimism
                                 -0.117954   19.893366   library setup time
                                             19.893366   data required time
---------------------------------------------------------------------------------------------
                                             19.893366   data required time
                                             -5.437928   data arrival time
---------------------------------------------------------------------------------------------
                                             14.455439   slack (MET)


Startpoint: done_in (input port clocked by clk)
Endpoint: _109_ (rising edge-triggered flip-flop clocked by clk)
Path Group: clk
Path Type: max

Fanout         Cap        Slew       Delay        Time   Description
---------------------------------------------------------------------------------------------
                                  0.000000    0.000000   clock clk (rise edge)
                                  0.000000    0.000000   clock network delay (propagated)
                                  4.000000    4.000000 v input external delay
     1    0.004052    0.017940    0.003016    4.003016 v done_in (in)
                                                         done_in (net)
                      0.017940    0.000000    4.003016 v input2/A (sg13g2_buf_1)
     2    0.048081    0.154421    0.164201    4.167217 v input2/X (sg13g2_buf_1)
                                                         net2 (net)
                      0.156062    0.013511    4.180728 v fanout23/A (sg13g2_buf_1)
     8    0.106788    0.336565    0.339846    4.520575 v fanout23/X (sg13g2_buf_1)
                                                         net23 (net)
                      0.336609    0.003503    4.524078 v _056_/A (sg13g2_nor2b_1)
     2    0.013449    0.177492    0.213871    4.737949 ^ _056_/Y (sg13g2_nor2b_1)
                                                         _048_ (net)
                      0.177492    0.000646    4.738595 ^ fanout17/A (sg13g2_buf_1)
     8    0.107196    0.440156    0.408146    5.146741 ^ fanout17/X (sg13g2_buf_1)
                                                         net17 (net)
                      0.443341    0.031900    5.178641 ^ _067_/S (sg13g2_mux2_1)
     1    0.003084    0.037380    0.258556    5.437197 v _067_/X (sg13g2_mux2_1)
                                                         _031_ (net)
                      0.037380    0.000060    5.437257 v _109_/D (sg13g2_dfrbpq_1)
                                              5.437257   data arrival time

                                 20.000000   20.000000   clock clk (rise edge)
                                  0.000000   20.000000   clock source latency
     1    0.075664    0.091454    0.071473   20.071474 ^ clk (in)
                                                         clk (net)
                      0.105206    0.000000   20.071474 ^ clkbuf_0_clk/A (sg13g2_buf_16)
     4    0.101359    0.040687    0.107367   20.178841 ^ clkbuf_0_clk/X (sg13g2_buf_16)
                                                         clknet_0_clk (net)
                      0.044386    0.008848   20.187689 ^ clkbuf_2_0__f_clk/A (sg13g2_buf_16)
     6    0.041888    0.025048    0.072349   20.260038 ^ clkbuf_2_0__f_clk/X (sg13g2_buf_16)
                                                         clknet_2_0__leaf_clk (net)
                      0.025102    0.001902   20.261940 ^ _109_/CLK (sg13g2_dfrbpq_1)
                                 -0.250000   20.011942   clock uncertainty
                                  0.000000   20.011942   clock reconvergence pessimism
                                 -0.117583   19.894358   library setup time
                                             19.894358   data required time
---------------------------------------------------------------------------------------------
                                             19.894358   data required time
                                             -5.437257   data arrival time
---------------------------------------------------------------------------------------------
                                             14.457100   slack (MET)


Startpoint: done_in (input port clocked by clk)
Endpoint: _108_ (rising edge-triggered flip-flop clocked by clk)
Path Group: clk
Path Type: max

Fanout         Cap        Slew       Delay        Time   Description
---------------------------------------------------------------------------------------------
                                  0.000000    0.000000   clock clk (rise edge)
                                  0.000000    0.000000   clock network delay (propagated)
                                  4.000000    4.000000 v input external delay
     1    0.004052    0.017940    0.003016    4.003016 v done_in (in)
                                                         done_in (net)
                      0.017940    0.000000    4.003016 v input2/A (sg13g2_buf_1)
     2    0.048081    0.154421    0.164201    4.167217 v input2/X (sg13g2_buf_1)
                                                         net2 (net)
                      0.156062    0.013511    4.180728 v fanout23/A (sg13g2_buf_1)
     8    0.106788    0.336565    0.339846    4.520575 v fanout23/X (sg13g2_buf_1)
                                                         net23 (net)
                      0.336609    0.003503    4.524078 v _056_/A (sg13g2_nor2b_1)
     2    0.013449    0.177492    0.213871    4.737949 ^ _056_/Y (sg13g2_nor2b_1)
                                                         _048_ (net)
                      0.177492    0.000646    4.738595 ^ fanout17/A (sg13g2_buf_1)
     8    0.107196    0.440156    0.408146    5.146741 ^ fanout17/X (sg13g2_buf_1)
                                                         net17 (net)
                      0.442558    0.027875    5.174616 ^ _068_/S (sg13g2_mux2_1)
     1    0.003572    0.041798    0.259938    5.434554 v _068_/X (sg13g2_mux2_1)
                                                         _030_ (net)
                      0.041798    0.000087    5.434640 v _108_/D (sg13g2_dfrbpq_1)
                                              5.434640   data arrival time

                                 20.000000   20.000000   clock clk (rise edge)
                                  0.000000   20.000000   clock source latency
     1    0.075664    0.091454    0.071473   20.071474 ^ clk (in)
                                                         clk (net)
                      0.105206    0.000000   20.071474 ^ clkbuf_0_clk/A (sg13g2_buf_16)
     4    0.101359    0.040687    0.107367   20.178841 ^ clkbuf_0_clk/X (sg13g2_buf_16)
                                                         clknet_0_clk (net)
                      0.044386    0.008848   20.187689 ^ clkbuf_2_0__f_clk/A (sg13g2_buf_16)
     6    0.041888    0.025048    0.072349   20.260038 ^ clkbuf_2_0__f_clk/X (sg13g2_buf_16)
                                                         clknet_2_0__leaf_clk (net)
                      0.025072    0.001309   20.261347 ^ _108_/CLK (sg13g2_dfrbpq_1)
                                 -0.250000   20.011349   clock uncertainty
                                  0.000000   20.011349   clock reconvergence pessimism
                                 -0.119183   19.892164   library setup time
                                             19.892164   data required time
---------------------------------------------------------------------------------------------
                                             19.892164   data required time
                                             -5.434640   data arrival time
---------------------------------------------------------------------------------------------
                                             14.457524   slack (MET)


Startpoint: done_in (input port clocked by clk)
Endpoint: _119_ (rising edge-triggered flip-flop clocked by clk)
Path Group: clk
Path Type: max

Fanout         Cap        Slew       Delay        Time   Description
---------------------------------------------------------------------------------------------
                                  0.000000    0.000000   clock clk (rise edge)
                                  0.000000    0.000000   clock network delay (propagated)
                                  4.000000    4.000000 v input external delay
     1    0.004052    0.017940    0.003016    4.003016 v done_in (in)
                                                         done_in (net)
                      0.017940    0.000000    4.003016 v input2/A (sg13g2_buf_1)
     2    0.048081    0.154421    0.164201    4.167217 v input2/X (sg13g2_buf_1)
                                                         net2 (net)
                      0.156062    0.013511    4.180728 v fanout23/A (sg13g2_buf_1)
     8    0.106788    0.336565    0.339846    4.520575 v fanout23/X (sg13g2_buf_1)
                                                         net23 (net)
                      0.336609    0.003503    4.524078 v _056_/A (sg13g2_nor2b_1)
     2    0.013449    0.177492    0.213871    4.737949 ^ _056_/Y (sg13g2_nor2b_1)
                                                         _048_ (net)
                      0.177492    0.000646    4.738595 ^ fanout17/A (sg13g2_buf_1)
     8    0.107196    0.440156    0.408146    5.146741 ^ fanout17/X (sg13g2_buf_1)
                                                         net17 (net)
                      0.440194    0.003660    5.150401 ^ _057_/S (sg13g2_mux2_1)
     1    0.003122    0.037400    0.258197    5.408597 v _057_/X (sg13g2_mux2_1)
                                                         _041_ (net)
                      0.037400    0.000062    5.408659 v _119_/D (sg13g2_dfrbpq_1)
                                              5.408659   data arrival time

                                 20.000000   20.000000   clock clk (rise edge)
                                  0.000000   20.000000   clock source latency
     1    0.075664    0.091454    0.071473   20.071474 ^ clk (in)
                                                         clk (net)
                      0.105206    0.000000   20.071474 ^ clkbuf_0_clk/A (sg13g2_buf_16)
     4    0.101359    0.040687    0.107367   20.178841 ^ clkbuf_0_clk/X (sg13g2_buf_16)
                                                         clknet_0_clk (net)
                      0.043663    0.007780   20.186621 ^ clkbuf_2_3__f_clk/A (sg13g2_buf_16)
     6    0.033397    0.023139    0.070507   20.257128 ^ clkbuf_2_3__f_clk/X (sg13g2_buf_16)
                                                         clknet_2_3__leaf_clk (net)
                      0.023181    0.001663   20.258791 ^ _119_/CLK (sg13g2_dfrbpq_1)
                                 -0.250000   20.008791   clock uncertainty
                                  0.000000   20.008791   clock reconvergence pessimism
                                 -0.118081   19.890711   library setup time
                                             19.890711   data required time
---------------------------------------------------------------------------------------------
                                             19.890711   data required time
                                             -5.408659   data arrival time
---------------------------------------------------------------------------------------------
                                             14.482052   slack (MET)


Startpoint: done_in (input port clocked by clk)
Endpoint: _100_ (rising edge-triggered flip-flop clocked by clk)
Path Group: clk
Path Type: max

Fanout         Cap        Slew       Delay        Time   Description
---------------------------------------------------------------------------------------------
                                  0.000000    0.000000   clock clk (rise edge)
                                  0.000000    0.000000   clock network delay (propagated)
                                  4.000000    4.000000 ^ input external delay
     1    0.004091    0.021238    0.003572    4.003572 ^ done_in (in)
                                                         done_in (net)
                      0.021238    0.000000    4.003572 ^ input2/A (sg13g2_buf_1)
     2    0.048158    0.201566    0.188747    4.192319 ^ input2/X (sg13g2_buf_1)
                                                         net2 (net)
                      0.202842    0.013607    4.205926 ^ fanout23/A (sg13g2_buf_1)
     8    0.107388    0.441254    0.411150    4.617076 ^ fanout23/X (sg13g2_buf_1)
                                                         net23 (net)
                      0.444861    0.033985    4.651062 ^ _051_/S (sg13g2_mux2_1)
     1    0.003929    0.039483    0.261387    4.912448 v _051_/X (sg13g2_mux2_1)
                                                         _046_ (net)
                      0.039483    0.000101    4.912549 v hold39/A (sg13g2_dlygate4sd3_1)
     1    0.006352    0.046054    0.408512    5.321062 v hold39/X (sg13g2_dlygate4sd3_1)
                                                         net39 (net)
                      0.046054    0.000293    5.321354 v _100_/D (sg13g2_dfrbpq_1)
                                              5.321354   data arrival time

                                 20.000000   20.000000   clock clk (rise edge)
                                  0.000000   20.000000   clock source latency
     1    0.075664    0.091454    0.071473   20.071474 ^ clk (in)
                                                         clk (net)
                      0.105206    0.000000   20.071474 ^ clkbuf_0_clk/A (sg13g2_buf_16)
     4    0.101359    0.040687    0.107367   20.178841 ^ clkbuf_0_clk/X (sg13g2_buf_16)
                                                         clknet_0_clk (net)
                      0.044039    0.008349   20.187189 ^ clkbuf_2_1__f_clk/A (sg13g2_buf_16)
     6    0.038515    0.024292    0.071630   20.258820 ^ clkbuf_2_1__f_clk/X (sg13g2_buf_16)
                                                         clknet_2_1__leaf_clk (net)
                      0.024300    0.000815   20.259634 ^ _100_/CLK (sg13g2_dfrbpq_1)
                                 -0.250000   20.009636   clock uncertainty
                                  0.000000   20.009636   clock reconvergence pessimism
                                 -0.120913   19.888721   library setup time
                                             19.888721   data required time
---------------------------------------------------------------------------------------------
                                             19.888721   data required time
                                             -5.321354   data arrival time
---------------------------------------------------------------------------------------------
                                             14.567369   slack (MET)


Startpoint: done_in (input port clocked by clk)
Endpoint: _099_ (rising edge-triggered flip-flop clocked by clk)
Path Group: clk
Path Type: max

Fanout         Cap        Slew       Delay        Time   Description
---------------------------------------------------------------------------------------------
                                  0.000000    0.000000   clock clk (rise edge)
                                  0.000000    0.000000   clock network delay (propagated)
                                  4.000000    4.000000 ^ input external delay
     1    0.004091    0.021238    0.003572    4.003572 ^ done_in (in)
                                                         done_in (net)
                      0.021238    0.000000    4.003572 ^ input2/A (sg13g2_buf_1)
     2    0.048158    0.201566    0.188747    4.192319 ^ input2/X (sg13g2_buf_1)
                                                         net2 (net)
                      0.202842    0.013607    4.205926 ^ fanout23/A (sg13g2_buf_1)
     8    0.107388    0.441254    0.411150    4.617076 ^ fanout23/X (sg13g2_buf_1)
                                                         net23 (net)
                      0.445084    0.034967    4.652044 ^ _052_/S (sg13g2_mux2_1)
     1    0.002944    0.037073    0.258386    4.910429 v _052_/X (sg13g2_mux2_1)
                                                         _045_ (net)
                      0.037073    0.000058    4.910488 v hold49/A (sg13g2_dlygate4sd3_1)
     1    0.004339    0.040596    0.399805    5.310292 v hold49/X (sg13g2_dlygate4sd3_1)
                                                         net49 (net)
                      0.040596    0.000121    5.310413 v _099_/D (sg13g2_dfrbpq_1)
                                              5.310413   data arrival time

                                 20.000000   20.000000   clock clk (rise edge)
                                  0.000000   20.000000   clock source latency
     1    0.075664    0.091454    0.071473   20.071474 ^ clk (in)
                                                         clk (net)
                      0.105206    0.000000   20.071474 ^ clkbuf_0_clk/A (sg13g2_buf_16)
     4    0.101359    0.040687    0.107367   20.178841 ^ clkbuf_0_clk/X (sg13g2_buf_16)
                                                         clknet_0_clk (net)
                      0.044039    0.008349   20.187189 ^ clkbuf_2_1__f_clk/A (sg13g2_buf_16)
     6    0.038515    0.024292    0.071630   20.258820 ^ clkbuf_2_1__f_clk/X (sg13g2_buf_16)
                                                         clknet_2_1__leaf_clk (net)
                      0.024320    0.001405   20.260223 ^ _099_/CLK (sg13g2_dfrbpq_1)
                                 -0.250000   20.010225   clock uncertainty
                                  0.000000   20.010225   clock reconvergence pessimism
                                 -0.118942   19.891283   library setup time
                                             19.891283   data required time
---------------------------------------------------------------------------------------------
                                             19.891283   data required time
                                             -5.310413   data arrival time
---------------------------------------------------------------------------------------------
                                             14.580871   slack (MET)


Startpoint: done_in (input port clocked by clk)
Endpoint: _098_ (rising edge-triggered flip-flop clocked by clk)
Path Group: clk
Path Type: max

Fanout         Cap        Slew       Delay        Time   Description
---------------------------------------------------------------------------------------------
                                  0.000000    0.000000   clock clk (rise edge)
                                  0.000000    0.000000   clock network delay (propagated)
                                  4.000000    4.000000 ^ input external delay
     1    0.004091    0.021238    0.003572    4.003572 ^ done_in (in)
                                                         done_in (net)
                      0.021238    0.000000    4.003572 ^ input2/A (sg13g2_buf_1)
     2    0.048158    0.201566    0.188747    4.192319 ^ input2/X (sg13g2_buf_1)
                                                         net2 (net)
                      0.202842    0.013607    4.205926 ^ fanout23/A (sg13g2_buf_1)
     8    0.107388    0.441254    0.411150    4.617076 ^ fanout23/X (sg13g2_buf_1)
                                                         net23 (net)
                      0.445219    0.035550    4.652627 ^ _053_/S (sg13g2_mux2_1)
     1    0.002791    0.036697    0.257935    4.910562 v _053_/X (sg13g2_mux2_1)
                                                         _044_ (net)
                      0.036697    0.000052    4.910613 v hold47/A (sg13g2_dlygate4sd3_1)
     1    0.003755    0.039014    0.397455    5.308068 v hold47/X (sg13g2_dlygate4sd3_1)
                                                         net47 (net)
                      0.039014    0.000098    5.308166 v _098_/D (sg13g2_dfrbpq_1)
                                              5.308166   data arrival time

                                 20.000000   20.000000   clock clk (rise edge)
                                  0.000000   20.000000   clock source latency
     1    0.075664    0.091454    0.071473   20.071474 ^ clk (in)
                                                         clk (net)
                      0.105206    0.000000   20.071474 ^ clkbuf_0_clk/A (sg13g2_buf_16)
     4    0.101359    0.040687    0.107367   20.178841 ^ clkbuf_0_clk/X (sg13g2_buf_16)
                                                         clknet_0_clk (net)
                      0.044039    0.008349   20.187189 ^ clkbuf_2_1__f_clk/A (sg13g2_buf_16)
     6    0.038515    0.024292    0.071630   20.258820 ^ clkbuf_2_1__f_clk/X (sg13g2_buf_16)
                                                         clknet_2_1__leaf_clk (net)
                      0.024341    0.001792   20.260612 ^ _098_/CLK (sg13g2_dfrbpq_1)
                                 -0.250000   20.010612   clock uncertainty
                                  0.000000   20.010612   clock reconvergence pessimism
                                 -0.118367   19.892246   library setup time
                                             19.892246   data required time
---------------------------------------------------------------------------------------------
                                             19.892246   data required time
                                             -5.308166   data arrival time
---------------------------------------------------------------------------------------------
                                             14.584081   slack (MET)


Startpoint: done_in (input port clocked by clk)
Endpoint: _121_ (rising edge-triggered flip-flop clocked by clk)
Path Group: clk
Path Type: max

Fanout         Cap        Slew       Delay        Time   Description
---------------------------------------------------------------------------------------------
                                  0.000000    0.000000   clock clk (rise edge)
                                  0.000000    0.000000   clock network delay (propagated)
                                  4.000000    4.000000 ^ input external delay
     1    0.004091    0.021238    0.003572    4.003572 ^ done_in (in)
                                                         done_in (net)
                      0.021238    0.000000    4.003572 ^ input2/A (sg13g2_buf_1)
     2    0.048158    0.201566    0.188747    4.192319 ^ input2/X (sg13g2_buf_1)
                                                         net2 (net)
                      0.202842    0.013607    4.205926 ^ fanout23/A (sg13g2_buf_1)
     8    0.107388    0.441254    0.411150    4.617076 ^ fanout23/X (sg13g2_buf_1)
                                                         net23 (net)
                      0.445301    0.035902    4.652978 ^ _054_/S (sg13g2_mux2_1)
     1    0.002773    0.036653    0.257890    4.910868 v _054_/X (sg13g2_mux2_1)
                                                         _043_ (net)
                      0.036653    0.000050    4.910918 v hold51/A (sg13g2_dlygate4sd3_1)
     1    0.003215    0.037545    0.395458    5.306376 v hold51/X (sg13g2_dlygate4sd3_1)
                                                         net51 (net)
                      0.037545    0.000067    5.306443 v _121_/D (sg13g2_dfrbpq_1)
                                              5.306443   data arrival time

                                 20.000000   20.000000   clock clk (rise edge)
                                  0.000000   20.000000   clock source latency
     1    0.075664    0.091454    0.071473   20.071474 ^ clk (in)
                                                         clk (net)
                      0.105206    0.000000   20.071474 ^ clkbuf_0_clk/A (sg13g2_buf_16)
     4    0.101359    0.040687    0.107367   20.178841 ^ clkbuf_0_clk/X (sg13g2_buf_16)
                                                         clknet_0_clk (net)
                      0.044039    0.008349   20.187189 ^ clkbuf_2_1__f_clk/A (sg13g2_buf_16)
     6    0.038515    0.024292    0.071630   20.258820 ^ clkbuf_2_1__f_clk/X (sg13g2_buf_16)
                                                         clknet_2_1__leaf_clk (net)
                      0.024348    0.001908   20.260727 ^ _121_/CLK (sg13g2_dfrbpq_1)
                                 -0.250000   20.010727   clock uncertainty
                                  0.000000   20.010727   clock reconvergence pessimism
                                 -0.117835   19.892893   library setup time
                                             19.892893   data required time
---------------------------------------------------------------------------------------------
                                             19.892893   data required time
                                             -5.306443   data arrival time
---------------------------------------------------------------------------------------------
                                             14.586450   slack (MET)


Startpoint: done_in (input port clocked by clk)
Endpoint: _102_ (rising edge-triggered flip-flop clocked by clk)
Path Group: clk
Path Type: max

Fanout         Cap        Slew       Delay        Time   Description
---------------------------------------------------------------------------------------------
                                  0.000000    0.000000   clock clk (rise edge)
                                  0.000000    0.000000   clock network delay (propagated)
                                  4.000000    4.000000 ^ input external delay
     1    0.004091    0.021238    0.003572    4.003572 ^ done_in (in)
                                                         done_in (net)
                      0.021238    0.000000    4.003572 ^ input2/A (sg13g2_buf_1)
     2    0.048158    0.201566    0.188747    4.192319 ^ input2/X (sg13g2_buf_1)
                                                         net2 (net)
                      0.202842    0.013607    4.205926 ^ fanout23/A (sg13g2_buf_1)
     8    0.107388    0.441254    0.411150    4.617076 ^ fanout23/X (sg13g2_buf_1)
                                                         net23 (net)
                      0.443437    0.026754    4.643830 ^ _074_/S (sg13g2_mux2_1)
     1    0.004295    0.040342    0.262299    4.906129 v _074_/X (sg13g2_mux2_1)
                                                         _024_ (net)
                      0.040342    0.000124    4.906253 v hold30/A (sg13g2_dlygate4sd3_1)
     1    0.003584    0.038551    0.398949    5.305202 v hold30/X (sg13g2_dlygate4sd3_1)
                                                         net30 (net)
                      0.038551    0.000087    5.305289 v _102_/D (sg13g2_dfrbpq_1)
                                              5.305289   data arrival time

                                 20.000000   20.000000   clock clk (rise edge)
                                  0.000000   20.000000   clock source latency
     1    0.075664    0.091454    0.071473   20.071474 ^ clk (in)
                                                         clk (net)
                      0.105206    0.000000   20.071474 ^ clkbuf_0_clk/A (sg13g2_buf_16)
     4    0.101359    0.040687    0.107367   20.178841 ^ clkbuf_0_clk/X (sg13g2_buf_16)
                                                         clknet_0_clk (net)
                      0.043081    0.006837   20.185678 ^ clkbuf_2_2__f_clk/A (sg13g2_buf_16)
     6    0.040949    0.024780    0.071452   20.257130 ^ clkbuf_2_2__f_clk/X (sg13g2_buf_16)
                                                         clknet_2_2__leaf_clk (net)
                      0.024927    0.002840   20.259970 ^ _102_/CLK (sg13g2_dfrbpq_1)
                                 -0.250000   20.009972   clock uncertainty
                                  0.000000   20.009972   clock reconvergence pessimism
                                 -0.118050   19.891922   library setup time
                                             19.891922   data required time
---------------------------------------------------------------------------------------------
                                             19.891922   data required time
                                             -5.305289   data arrival time
---------------------------------------------------------------------------------------------
                                             14.586633   slack (MET)


Startpoint: done_in (input port clocked by clk)
Endpoint: _101_ (rising edge-triggered flip-flop clocked by clk)
Path Group: clk
Path Type: max

Fanout         Cap        Slew       Delay        Time   Description
---------------------------------------------------------------------------------------------
                                  0.000000    0.000000   clock clk (rise edge)
                                  0.000000    0.000000   clock network delay (propagated)
                                  4.000000    4.000000 ^ input external delay
     1    0.004091    0.021238    0.003572    4.003572 ^ done_in (in)
                                                         done_in (net)
                      0.021238    0.000000    4.003572 ^ input2/A (sg13g2_buf_1)
     2    0.048158    0.201566    0.188747    4.192319 ^ input2/X (sg13g2_buf_1)
                                                         net2 (net)
                      0.202842    0.013607    4.205926 ^ fanout23/A (sg13g2_buf_1)
     8    0.107388    0.441254    0.411150    4.617076 ^ fanout23/X (sg13g2_buf_1)
                                                         net23 (net)
                      0.444132    0.030516    4.647593 ^ _050_/S (sg13g2_mux2_1)
     1    0.003045    0.037301    0.258553    4.906146 v _050_/X (sg13g2_mux2_1)
                                                         _047_ (net)
                      0.037301    0.000064    4.906210 v hold26/A (sg13g2_dlygate4sd3_1)
     1    0.003102    0.037238    0.395425    5.301634 v hold26/X (sg13g2_dlygate4sd3_1)
                                                         net26 (net)
                      0.037238    0.000061    5.301695 v _101_/D (sg13g2_dfrbpq_1)
                                              5.301695   data arrival time

                                 20.000000   20.000000   clock clk (rise edge)
                                  0.000000   20.000000   clock source latency
     1    0.075664    0.091454    0.071473   20.071474 ^ clk (in)
                                                         clk (net)
                      0.105206    0.000000   20.071474 ^ clkbuf_0_clk/A (sg13g2_buf_16)
     4    0.101359    0.040687    0.107367   20.178841 ^ clkbuf_0_clk/X (sg13g2_buf_16)
                                                         clknet_0_clk (net)
                      0.044039    0.008349   20.187189 ^ clkbuf_2_1__f_clk/A (sg13g2_buf_16)
     6    0.038515    0.024292    0.071630   20.258820 ^ clkbuf_2_1__f_clk/X (sg13g2_buf_16)
                                                         clknet_2_1__leaf_clk (net)
                      0.024300    0.000846   20.259665 ^ _101_/CLK (sg13g2_dfrbpq_1)
                                 -0.250000   20.009666   clock uncertainty
                                  0.000000   20.009666   clock reconvergence pessimism
                                 -0.117737   19.891928   library setup time
                                             19.891928   data required time
---------------------------------------------------------------------------------------------
                                             19.891928   data required time
                                             -5.301695   data arrival time
---------------------------------------------------------------------------------------------
                                             14.590234   slack (MET)


Startpoint: done_in (input port clocked by clk)
Endpoint: _118_ (rising edge-triggered flip-flop clocked by clk)
Path Group: clk
Path Type: max

Fanout         Cap        Slew       Delay        Time   Description
---------------------------------------------------------------------------------------------
                                  0.000000    0.000000   clock clk (rise edge)
                                  0.000000    0.000000   clock network delay (propagated)
                                  4.000000    4.000000 v input external delay
     1    0.004052    0.017940    0.003016    4.003016 v done_in (in)
                                                         done_in (net)
                      0.017940    0.000000    4.003016 v input2/A (sg13g2_buf_1)
     2    0.048081    0.154421    0.164201    4.167217 v input2/X (sg13g2_buf_1)
                                                         net2 (net)
                      0.156062    0.013511    4.180728 v fanout23/A (sg13g2_buf_1)
     8    0.106788    0.336565    0.339846    4.520575 v fanout23/X (sg13g2_buf_1)
                                                         net23 (net)
                      0.336609    0.003503    4.524078 v _056_/A (sg13g2_nor2b_1)
     2    0.013449    0.177492    0.213871    4.737949 ^ _056_/Y (sg13g2_nor2b_1)
                                                         _048_ (net)
                      0.177494    0.000854    4.738803 ^ fanout18/A (sg13g2_buf_1)
     4    0.048374    0.201626    0.251227    4.990029 ^ fanout18/X (sg13g2_buf_1)
                                                         net18 (net)
                      0.201634    0.001151    4.991180 ^ _058_/S (sg13g2_mux2_1)
     1    0.003856    0.038096    0.217426    5.208606 v _058_/X (sg13g2_mux2_1)
                                                         _040_ (net)
                      0.038096    0.000104    5.208710 v _118_/D (sg13g2_dfrbpq_1)
                                              5.208710   data arrival time

                                 20.000000   20.000000   clock clk (rise edge)
                                  0.000000   20.000000   clock source latency
     1    0.075664    0.091454    0.071473   20.071474 ^ clk (in)
                                                         clk (net)
                      0.105206    0.000000   20.071474 ^ clkbuf_0_clk/A (sg13g2_buf_16)
     4    0.101359    0.040687    0.107367   20.178841 ^ clkbuf_0_clk/X (sg13g2_buf_16)
                                                         clknet_0_clk (net)
                      0.043663    0.007780   20.186621 ^ clkbuf_2_3__f_clk/A (sg13g2_buf_16)
     6    0.033397    0.023139    0.070507   20.257128 ^ clkbuf_2_3__f_clk/X (sg13g2_buf_16)
                                                         clknet_2_3__leaf_clk (net)
                      0.023156    0.001164   20.258291 ^ _118_/CLK (sg13g2_dfrbpq_1)
                                 -0.250000   20.008293   clock uncertainty
                                  0.000000   20.008293   clock reconvergence pessimism
                                 -0.118338   19.889956   library setup time
                                             19.889956   data required time
---------------------------------------------------------------------------------------------
                                             19.889956   data required time
                                             -5.208710   data arrival time
---------------------------------------------------------------------------------------------
                                             14.681245   slack (MET)


Startpoint: done_in (input port clocked by clk)
Endpoint: _116_ (rising edge-triggered flip-flop clocked by clk)
Path Group: clk
Path Type: max

Fanout         Cap        Slew       Delay        Time   Description
---------------------------------------------------------------------------------------------
                                  0.000000    0.000000   clock clk (rise edge)
                                  0.000000    0.000000   clock network delay (propagated)
                                  4.000000    4.000000 v input external delay
     1    0.004052    0.017940    0.003016    4.003016 v done_in (in)
                                                         done_in (net)
                      0.017940    0.000000    4.003016 v input2/A (sg13g2_buf_1)
     2    0.048081    0.154421    0.164201    4.167217 v input2/X (sg13g2_buf_1)
                                                         net2 (net)
                      0.156062    0.013511    4.180728 v fanout23/A (sg13g2_buf_1)
     8    0.106788    0.336565    0.339846    4.520575 v fanout23/X (sg13g2_buf_1)
                                                         net23 (net)
                      0.336609    0.003503    4.524078 v _056_/A (sg13g2_nor2b_1)
     2    0.013449    0.177492    0.213871    4.737949 ^ _056_/Y (sg13g2_nor2b_1)
                                                         _048_ (net)
                      0.177494    0.000854    4.738803 ^ fanout18/A (sg13g2_buf_1)
     4    0.048374    0.201626    0.251227    4.990029 ^ fanout18/X (sg13g2_buf_1)
                                                         net18 (net)
                      0.201712    0.003635    4.993665 ^ _060_/S (sg13g2_mux2_1)
     1    0.002885    0.036007    0.214457    5.208122 v _060_/X (sg13g2_mux2_1)
                                                         _038_ (net)
                      0.036007    0.000050    5.208172 v _116_/D (sg13g2_dfrbpq_1)
                                              5.208172   data arrival time

                                 20.000000   20.000000   clock clk (rise edge)
                                  0.000000   20.000000   clock source latency
     1    0.075664    0.091454    0.071473   20.071474 ^ clk (in)
                                                         clk (net)
                      0.105206    0.000000   20.071474 ^ clkbuf_0_clk/A (sg13g2_buf_16)
     4    0.101359    0.040687    0.107367   20.178841 ^ clkbuf_0_clk/X (sg13g2_buf_16)
                                                         clknet_0_clk (net)
                      0.043081    0.006837   20.185678 ^ clkbuf_2_2__f_clk/A (sg13g2_buf_16)
     6    0.040949    0.024780    0.071452   20.257130 ^ clkbuf_2_2__f_clk/X (sg13g2_buf_16)
                                                         clknet_2_2__leaf_clk (net)
                      0.024782    0.000391   20.257521 ^ _116_/CLK (sg13g2_dfrbpq_1)
                                 -0.250000   20.007521   clock uncertainty
                                  0.000000   20.007521   clock reconvergence pessimism
                                 -0.117170   19.890350   library setup time
                                             19.890350   data required time
---------------------------------------------------------------------------------------------
                                             19.890350   data required time
                                             -5.208172   data arrival time
---------------------------------------------------------------------------------------------
                                             14.682179   slack (MET)


Startpoint: done_in (input port clocked by clk)
Endpoint: _115_ (rising edge-triggered flip-flop clocked by clk)
Path Group: clk
Path Type: max

Fanout         Cap        Slew       Delay        Time   Description
---------------------------------------------------------------------------------------------
                                  0.000000    0.000000   clock clk (rise edge)
                                  0.000000    0.000000   clock network delay (propagated)
                                  4.000000    4.000000 v input external delay
     1    0.004052    0.017940    0.003016    4.003016 v done_in (in)
                                                         done_in (net)
                      0.017940    0.000000    4.003016 v input2/A (sg13g2_buf_1)
     2    0.048081    0.154421    0.164201    4.167217 v input2/X (sg13g2_buf_1)
                                                         net2 (net)
                      0.156062    0.013511    4.180728 v fanout23/A (sg13g2_buf_1)
     8    0.106788    0.336565    0.339846    4.520575 v fanout23/X (sg13g2_buf_1)
                                                         net23 (net)
                      0.336609    0.003503    4.524078 v _056_/A (sg13g2_nor2b_1)
     2    0.013449    0.177492    0.213871    4.737949 ^ _056_/Y (sg13g2_nor2b_1)
                                                         _048_ (net)
                      0.177494    0.000854    4.738803 ^ fanout18/A (sg13g2_buf_1)
     4    0.048374    0.201626    0.251227    4.990029 ^ fanout18/X (sg13g2_buf_1)
                                                         net18 (net)
                      0.201774    0.004737    4.994767 ^ _061_/S (sg13g2_mux2_1)
     1    0.002885    0.035864    0.214469    5.209236 v _061_/X (sg13g2_mux2_1)
                                                         _037_ (net)
                      0.035864    0.000050    5.209286 v _115_/D (sg13g2_dfrbpq_1)
                                              5.209286   data arrival time

                                 20.000000   20.000000   clock clk (rise edge)
                                  0.000000   20.000000   clock source latency
     1    0.075664    0.091454    0.071473   20.071474 ^ clk (in)
                                                         clk (net)
                      0.105206    0.000000   20.071474 ^ clkbuf_0_clk/A (sg13g2_buf_16)
     4    0.101359    0.040687    0.107367   20.178841 ^ clkbuf_0_clk/X (sg13g2_buf_16)
                                                         clknet_0_clk (net)
                      0.043081    0.006837   20.185678 ^ clkbuf_2_2__f_clk/A (sg13g2_buf_16)
     6    0.040949    0.024780    0.071452   20.257130 ^ clkbuf_2_2__f_clk/X (sg13g2_buf_16)
                                                         clknet_2_2__leaf_clk (net)
                      0.024885    0.002531   20.259661 ^ _115_/CLK (sg13g2_dfrbpq_1)
                                 -0.250000   20.009663   clock uncertainty
                                  0.000000   20.009663   clock reconvergence pessimism
                                 -0.117093   19.892570   library setup time
                                             19.892570   data required time
---------------------------------------------------------------------------------------------
                                             19.892570   data required time
                                             -5.209286   data arrival time
---------------------------------------------------------------------------------------------
                                             14.683285   slack (MET)


Startpoint: done_in (input port clocked by clk)
Endpoint: _105_ (rising edge-triggered flip-flop clocked by clk)
Path Group: clk
Path Type: max

Fanout         Cap        Slew       Delay        Time   Description
---------------------------------------------------------------------------------------------
                                  0.000000    0.000000   clock clk (rise edge)
                                  0.000000    0.000000   clock network delay (propagated)
                                  4.000000    4.000000 ^ input external delay
     1    0.004091    0.021238    0.003572    4.003572 ^ done_in (in)
                                                         done_in (net)
                      0.021238    0.000000    4.003572 ^ input2/A (sg13g2_buf_1)
     2    0.048158    0.201566    0.188747    4.192319 ^ input2/X (sg13g2_buf_1)
                                                         net2 (net)
                      0.202847    0.013635    4.205955 ^ fanout24/A (sg13g2_buf_1)
     5    0.056703    0.235931    0.279524    4.485479 ^ fanout24/X (sg13g2_buf_1)
                                                         net24 (net)
                      0.236053    0.004689    4.490168 ^ _071_/S (sg13g2_mux2_1)
     1    0.003961    0.037850    0.224852    4.715020 v _071_/X (sg13g2_mux2_1)
                                                         _027_ (net)
                      0.037850    0.000103    4.715123 v hold37/A (sg13g2_dlygate4sd3_1)
     1    0.005084    0.042344    0.402966    5.118089 v hold37/X (sg13g2_dlygate4sd3_1)
                                                         net37 (net)
                      0.042344    0.000176    5.118265 v _105_/D (sg13g2_dfrbpq_1)
                                              5.118265   data arrival time

                                 20.000000   20.000000   clock clk (rise edge)
                                  0.000000   20.000000   clock source latency
     1    0.075664    0.091454    0.071473   20.071474 ^ clk (in)
                                                         clk (net)
                      0.105206    0.000000   20.071474 ^ clkbuf_0_clk/A (sg13g2_buf_16)
     4    0.101359    0.040687    0.107367   20.178841 ^ clkbuf_0_clk/X (sg13g2_buf_16)
                                                         clknet_0_clk (net)
                      0.043663    0.007780   20.186621 ^ clkbuf_2_3__f_clk/A (sg13g2_buf_16)
     6    0.033397    0.023139    0.070507   20.257128 ^ clkbuf_2_3__f_clk/X (sg13g2_buf_16)
                                                         clknet_2_3__leaf_clk (net)
                      0.023154    0.001092   20.258221 ^ _105_/CLK (sg13g2_dfrbpq_1)
                                 -0.250000   20.008221   clock uncertainty
                                  0.000000   20.008221   clock reconvergence pessimism
                                 -0.119869   19.888353   library setup time
                                             19.888353   data required time
---------------------------------------------------------------------------------------------
                                             19.888353   data required time
                                             -5.118265   data arrival time
---------------------------------------------------------------------------------------------
                                             14.770088   slack (MET)


Startpoint: done_in (input port clocked by clk)
Endpoint: _107_ (rising edge-triggered flip-flop clocked by clk)
Path Group: clk
Path Type: max

Fanout         Cap        Slew       Delay        Time   Description
---------------------------------------------------------------------------------------------
                                  0.000000    0.000000   clock clk (rise edge)
                                  0.000000    0.000000   clock network delay (propagated)
                                  4.000000    4.000000 ^ input external delay
     1    0.004091    0.021238    0.003572    4.003572 ^ done_in (in)
                                                         done_in (net)
                      0.021238    0.000000    4.003572 ^ input2/A (sg13g2_buf_1)
     2    0.048158    0.201566    0.188747    4.192319 ^ input2/X (sg13g2_buf_1)
                                                         net2 (net)
                      0.202847    0.013635    4.205955 ^ fanout24/A (sg13g2_buf_1)
     5    0.056703    0.235931    0.279524    4.485479 ^ fanout24/X (sg13g2_buf_1)
                                                         net24 (net)
                      0.235975    0.002840    4.488319 ^ _069_/S (sg13g2_mux2_1)
     1    0.004022    0.038359    0.225019    4.713339 v _069_/X (sg13g2_mux2_1)
                                                         _029_ (net)
                      0.038359    0.000119    4.713458 v hold32/A (sg13g2_dlygate4sd3_1)
     1    0.004429    0.040840    0.400875    5.114333 v hold32/X (sg13g2_dlygate4sd3_1)
                                                         net32 (net)
                      0.040840    0.000142    5.114475 v _107_/D (sg13g2_dfrbpq_1)
                                              5.114475   data arrival time

                                 20.000000   20.000000   clock clk (rise edge)
                                  0.000000   20.000000   clock source latency
     1    0.075664    0.091454    0.071473   20.071474 ^ clk (in)
                                                         clk (net)
                      0.105206    0.000000   20.071474 ^ clkbuf_0_clk/A (sg13g2_buf_16)
     4    0.101359    0.040687    0.107367   20.178841 ^ clkbuf_0_clk/X (sg13g2_buf_16)
                                                         clknet_0_clk (net)
                      0.043663    0.007780   20.186621 ^ clkbuf_2_3__f_clk/A (sg13g2_buf_16)
     6    0.033397    0.023139    0.070507   20.257128 ^ clkbuf_2_3__f_clk/X (sg13g2_buf_16)
                                                         clknet_2_3__leaf_clk (net)
                      0.023185    0.001728   20.258856 ^ _107_/CLK (sg13g2_dfrbpq_1)
                                 -0.250000   20.008858   clock uncertainty
                                  0.000000   20.008858   clock reconvergence pessimism
                                 -0.119319   19.889538   library setup time
                                             19.889538   data required time
---------------------------------------------------------------------------------------------
                                             19.889538   data required time
                                             -5.114475   data arrival time
---------------------------------------------------------------------------------------------
                                             14.775063   slack (MET)


Startpoint: done_in (input port clocked by clk)
Endpoint: _103_ (rising edge-triggered flip-flop clocked by clk)
Path Group: clk
Path Type: max

Fanout         Cap        Slew       Delay        Time   Description
---------------------------------------------------------------------------------------------
                                  0.000000    0.000000   clock clk (rise edge)
                                  0.000000    0.000000   clock network delay (propagated)
                                  4.000000    4.000000 ^ input external delay
     1    0.004091    0.021238    0.003572    4.003572 ^ done_in (in)
                                                         done_in (net)
                      0.021238    0.000000    4.003572 ^ input2/A (sg13g2_buf_1)
     2    0.048158    0.201566    0.188747    4.192319 ^ input2/X (sg13g2_buf_1)
                                                         net2 (net)
                      0.202847    0.013635    4.205955 ^ fanout24/A (sg13g2_buf_1)
     5    0.056703    0.235931    0.279524    4.485479 ^ fanout24/X (sg13g2_buf_1)
                                                         net24 (net)
                      0.236223    0.007168    4.492647 ^ _073_/S (sg13g2_mux2_1)
     1    0.004576    0.039183    0.226769    4.719417 v _073_/X (sg13g2_mux2_1)
                                                         _025_ (net)
                      0.039183    0.000159    4.719575 v hold35/A (sg13g2_dlygate4sd3_1)
     1    0.002664    0.036037    0.394918    5.114493 v hold35/X (sg13g2_dlygate4sd3_1)
                                                         net35 (net)
                      0.036037    0.000040    5.114533 v _103_/D (sg13g2_dfrbpq_1)
                                              5.114533   data arrival time

                                 20.000000   20.000000   clock clk (rise edge)
                                  0.000000   20.000000   clock source latency
     1    0.075664    0.091454    0.071473   20.071474 ^ clk (in)
                                                         clk (net)
                      0.105206    0.000000   20.071474 ^ clkbuf_0_clk/A (sg13g2_buf_16)
     4    0.101359    0.040687    0.107367   20.178841 ^ clkbuf_0_clk/X (sg13g2_buf_16)
                                                         clknet_0_clk (net)
                      0.043081    0.006837   20.185678 ^ clkbuf_2_2__f_clk/A (sg13g2_buf_16)
     6    0.040949    0.024780    0.071452   20.257130 ^ clkbuf_2_2__f_clk/X (sg13g2_buf_16)
                                                         clknet_2_2__leaf_clk (net)
                      0.024820    0.001677   20.258806 ^ _103_/CLK (sg13g2_dfrbpq_1)
                                 -0.250000   20.008808   clock uncertainty
                                  0.000000   20.008808   clock reconvergence pessimism
                                 -0.117171   19.891636   library setup time
                                             19.891636   data required time
---------------------------------------------------------------------------------------------
                                             19.891636   data required time
                                             -5.114533   data arrival time
---------------------------------------------------------------------------------------------
                                             14.777102   slack (MET)


Startpoint: done_in (input port clocked by clk)
Endpoint: _104_ (rising edge-triggered flip-flop clocked by clk)
Path Group: clk
Path Type: max

Fanout         Cap        Slew       Delay        Time   Description
---------------------------------------------------------------------------------------------
                                  0.000000    0.000000   clock clk (rise edge)
                                  0.000000    0.000000   clock network delay (propagated)
                                  4.000000    4.000000 ^ input external delay
     1    0.004091    0.021238    0.003572    4.003572 ^ done_in (in)
                                                         done_in (net)
                      0.021238    0.000000    4.003572 ^ input2/A (sg13g2_buf_1)
     2    0.048158    0.201566    0.188747    4.192319 ^ input2/X (sg13g2_buf_1)
                                                         net2 (net)
                      0.202847    0.013635    4.205955 ^ fanout24/A (sg13g2_buf_1)
     5    0.056703    0.235931    0.279524    4.485479 ^ fanout24/X (sg13g2_buf_1)
                                                         net24 (net)
                      0.236131    0.005963    4.491442 ^ _072_/S (sg13g2_mux2_1)
     1    0.003035    0.035340    0.222017    4.713459 v _072_/X (sg13g2_mux2_1)
                                                         _026_ (net)
                      0.035340    0.000064    4.713522 v hold28/A (sg13g2_dlygate4sd3_1)
     1    0.003268    0.037690    0.394890    5.108413 v hold28/X (sg13g2_dlygate4sd3_1)
                                                         net28 (net)
                      0.037690    0.000070    5.108482 v _104_/D (sg13g2_dfrbpq_1)
                                              5.108482   data arrival time

                                 20.000000   20.000000   clock clk (rise edge)
                                  0.000000   20.000000   clock source latency
     1    0.075664    0.091454    0.071473   20.071474 ^ clk (in)
                                                         clk (net)
                      0.105206    0.000000   20.071474 ^ clkbuf_0_clk/A (sg13g2_buf_16)
     4    0.101359    0.040687    0.107367   20.178841 ^ clkbuf_0_clk/X (sg13g2_buf_16)
                                                         clknet_0_clk (net)
                      0.043081    0.006837   20.185678 ^ clkbuf_2_2__f_clk/A (sg13g2_buf_16)
     6    0.040949    0.024780    0.071452   20.257130 ^ clkbuf_2_2__f_clk/X (sg13g2_buf_16)
                                                         clknet_2_2__leaf_clk (net)
                      0.024784    0.000579   20.257710 ^ _104_/CLK (sg13g2_dfrbpq_1)
                                 -0.250000   20.007710   clock uncertainty
                                  0.000000   20.007710   clock reconvergence pessimism
                                 -0.117776   19.889935   library setup time
                                             19.889935   data required time
---------------------------------------------------------------------------------------------
                                             19.889935   data required time
                                             -5.108482   data arrival time
---------------------------------------------------------------------------------------------
                                             14.781451   slack (MET)


Startpoint: done_in (input port clocked by clk)
Endpoint: _120_ (rising edge-triggered flip-flop clocked by clk)
Path Group: clk
Path Type: max

Fanout         Cap        Slew       Delay        Time   Description
---------------------------------------------------------------------------------------------
                                  0.000000    0.000000   clock clk (rise edge)
                                  0.000000    0.000000   clock network delay (propagated)
                                  4.000000    4.000000 ^ input external delay
     1    0.004091    0.021238    0.003572    4.003572 ^ done_in (in)
                                                         done_in (net)
                      0.021238    0.000000    4.003572 ^ input2/A (sg13g2_buf_1)
     2    0.048158    0.201566    0.188747    4.192319 ^ input2/X (sg13g2_buf_1)
                                                         net2 (net)
                      0.202842    0.013607    4.205926 ^ fanout23/A (sg13g2_buf_1)
     8    0.107388    0.441254    0.411150    4.617076 ^ fanout23/X (sg13g2_buf_1)
                                                         net23 (net)
                      0.445327    0.036009    4.653086 ^ _055_/S (sg13g2_mux2_1)
     1    0.003691    0.038912    0.260721    4.913807 v _055_/X (sg13g2_mux2_1)
                                                         _042_ (net)
                      0.038912    0.000094    4.913901 v _120_/D (sg13g2_dfrbpq_1)
                                              4.913901   data arrival time

                                 20.000000   20.000000   clock clk (rise edge)
                                  0.000000   20.000000   clock source latency
     1    0.075664    0.091454    0.071473   20.071474 ^ clk (in)
                                                         clk (net)
                      0.105206    0.000000   20.071474 ^ clkbuf_0_clk/A (sg13g2_buf_16)
     4    0.101359    0.040687    0.107367   20.178841 ^ clkbuf_0_clk/X (sg13g2_buf_16)
                                                         clknet_0_clk (net)
                      0.044386    0.008848   20.187689 ^ clkbuf_2_0__f_clk/A (sg13g2_buf_16)
     6    0.041888    0.025048    0.072349   20.260038 ^ clkbuf_2_0__f_clk/X (sg13g2_buf_16)
                                                         clknet_2_0__leaf_clk (net)
                      0.025111    0.002037   20.262075 ^ _120_/CLK (sg13g2_dfrbpq_1)
                                 -0.250000   20.012075   clock uncertainty
                                  0.000000   20.012075   clock reconvergence pessimism
                                 -0.118133   19.893944   library setup time
                                             19.893944   data required time
---------------------------------------------------------------------------------------------
                                             19.893944   data required time
                                             -4.913901   data arrival time
---------------------------------------------------------------------------------------------
                                             14.980042   slack (MET)


Startpoint: reset (input port clocked by clk)
Endpoint: _099_ (recovery check against rising-edge clock clk)
Path Group: asynchronous
Path Type: max

Fanout         Cap        Slew       Delay        Time   Description
---------------------------------------------------------------------------------------------
                                  0.000000    0.000000   clock clk (rise edge)
                                  0.000000    0.000000   clock network delay (propagated)
                                  4.000000    4.000000 v input external delay
     1    0.006333    0.019515    0.004836    4.004836 v reset (in)
                                                         reset (net)
                      0.019516    0.000000    4.004836 v input3/A (sg13g2_buf_1)
     1    0.030396    0.100310    0.127153    4.131988 v input3/X (sg13g2_buf_1)
                                                         net3 (net)
                      0.101006    0.007089    4.139078 v fanout22/A (sg13g2_buf_1)
     4    0.042583    0.137123    0.194082    4.333159 v fanout22/X (sg13g2_buf_1)
                                                         net22 (net)
                      0.137286    0.004102    4.337262 v fanout20/A (sg13g2_buf_1)
     7    0.044907    0.143879    0.209726    4.546988 v fanout20/X (sg13g2_buf_1)
                                                         net20 (net)
                      0.144043    0.003631    4.550619 v fanout19/A (sg13g2_buf_1)
     8    0.049101    0.156617    0.220865    4.771484 v fanout19/X (sg13g2_buf_1)
                                                         net19 (net)
                      0.156762    0.003437    4.774920 v _095_/A (sg13g2_inv_1)
     1    0.010527    0.074082    0.096771    4.871692 ^ _095_/Y (sg13g2_inv_1)
                                                         _021_ (net)
                      0.074085    0.000585    4.872277 ^ _099_/RESET_B (sg13g2_dfrbpq_1)
                                              4.872277   data arrival time

                                 20.000000   20.000000   clock clk (rise edge)
                                  0.000000   20.000000   clock source latency
     1    0.075664    0.091454    0.071473   20.071474 ^ clk (in)
                                                         clk (net)
                      0.105206    0.000000   20.071474 ^ clkbuf_0_clk/A (sg13g2_buf_16)
     4    0.101359    0.040687    0.107367   20.178841 ^ clkbuf_0_clk/X (sg13g2_buf_16)
                                                         clknet_0_clk (net)
                      0.044039    0.008349   20.187189 ^ clkbuf_2_1__f_clk/A (sg13g2_buf_16)
     6    0.038515    0.024292    0.071630   20.258820 ^ clkbuf_2_1__f_clk/X (sg13g2_buf_16)
                                                         clknet_2_1__leaf_clk (net)
                      0.024320    0.001405   20.260223 ^ _099_/CLK (sg13g2_dfrbpq_1)
                                 -0.250000   20.010225   clock uncertainty
                                  0.000000   20.010225   clock reconvergence pessimism
                                 -0.136216   19.874008   library recovery time
                                             19.874008   data required time
---------------------------------------------------------------------------------------------
                                             19.874008   data required time
                                             -4.872277   data arrival time
---------------------------------------------------------------------------------------------
                                             15.001732   slack (MET)


Startpoint: reset (input port clocked by clk)
Endpoint: _109_ (recovery check against rising-edge clock clk)
Path Group: asynchronous
Path Type: max

Fanout         Cap        Slew       Delay        Time   Description
---------------------------------------------------------------------------------------------
                                  0.000000    0.000000   clock clk (rise edge)
                                  0.000000    0.000000   clock network delay (propagated)
                                  4.000000    4.000000 v input external delay
     1    0.006333    0.019515    0.004836    4.004836 v reset (in)
                                                         reset (net)
                      0.019516    0.000000    4.004836 v input3/A (sg13g2_buf_1)
     1    0.030396    0.100310    0.127153    4.131988 v input3/X (sg13g2_buf_1)
                                                         net3 (net)
                      0.101006    0.007089    4.139078 v fanout22/A (sg13g2_buf_1)
     4    0.042583    0.137123    0.194082    4.333159 v fanout22/X (sg13g2_buf_1)
                                                         net22 (net)
                      0.137286    0.004102    4.337262 v fanout20/A (sg13g2_buf_1)
     7    0.044907    0.143879    0.209726    4.546988 v fanout20/X (sg13g2_buf_1)
                                                         net20 (net)
                      0.144043    0.003631    4.550619 v fanout19/A (sg13g2_buf_1)
     8    0.049101    0.156617    0.220865    4.771484 v fanout19/X (sg13g2_buf_1)
                                                         net19 (net)
                      0.156816    0.004265    4.775749 v _081_/A (sg13g2_inv_1)
     1    0.007749    0.062121    0.083185    4.858934 ^ _081_/Y (sg13g2_inv_1)
                                                         _007_ (net)
                      0.062121    0.000218    4.859152 ^ _109_/RESET_B (sg13g2_dfrbpq_1)
                                              4.859152   data arrival time

                                 20.000000   20.000000   clock clk (rise edge)
                                  0.000000   20.000000   clock source latency
     1    0.075664    0.091454    0.071473   20.071474 ^ clk (in)
                                                         clk (net)
                      0.105206    0.000000   20.071474 ^ clkbuf_0_clk/A (sg13g2_buf_16)
     4    0.101359    0.040687    0.107367   20.178841 ^ clkbuf_0_clk/X (sg13g2_buf_16)
                                                         clknet_0_clk (net)
                      0.044386    0.008848   20.187689 ^ clkbuf_2_0__f_clk/A (sg13g2_buf_16)
     6    0.041888    0.025048    0.072349   20.260038 ^ clkbuf_2_0__f_clk/X (sg13g2_buf_16)
                                                         clknet_2_0__leaf_clk (net)
                      0.025102    0.001902   20.261940 ^ _109_/CLK (sg13g2_dfrbpq_1)
                                 -0.250000   20.011942   clock uncertainty
                                  0.000000   20.011942   clock reconvergence pessimism
                                 -0.132395   19.879545   library recovery time
                                             19.879545   data required time
---------------------------------------------------------------------------------------------
                                             19.879545   data required time
                                             -4.859152   data arrival time
---------------------------------------------------------------------------------------------
                                             15.020394   slack (MET)


Startpoint: reset (input port clocked by clk)
Endpoint: _098_ (recovery check against rising-edge clock clk)
Path Group: asynchronous
Path Type: max

Fanout         Cap        Slew       Delay        Time   Description
---------------------------------------------------------------------------------------------
                                  0.000000    0.000000   clock clk (rise edge)
                                  0.000000    0.000000   clock network delay (propagated)
                                  4.000000    4.000000 v input external delay
     1    0.006333    0.019515    0.004836    4.004836 v reset (in)
                                                         reset (net)
                      0.019516    0.000000    4.004836 v input3/A (sg13g2_buf_1)
     1    0.030396    0.100310    0.127153    4.131988 v input3/X (sg13g2_buf_1)
                                                         net3 (net)
                      0.101006    0.007089    4.139078 v fanout22/A (sg13g2_buf_1)
     4    0.042583    0.137123    0.194082    4.333159 v fanout22/X (sg13g2_buf_1)
                                                         net22 (net)
                      0.137286    0.004102    4.337262 v fanout20/A (sg13g2_buf_1)
     7    0.044907    0.143879    0.209726    4.546988 v fanout20/X (sg13g2_buf_1)
                                                         net20 (net)
                      0.144043    0.003631    4.550619 v fanout19/A (sg13g2_buf_1)
     8    0.049101    0.156617    0.220865    4.771484 v fanout19/X (sg13g2_buf_1)
                                                         net19 (net)
                      0.156802    0.004061    4.775545 v _094_/A (sg13g2_inv_1)
     1    0.007480    0.061019    0.081861    4.857405 ^ _094_/Y (sg13g2_inv_1)
                                                         _020_ (net)
                      0.061019    0.000185    4.857591 ^ _098_/RESET_B (sg13g2_dfrbpq_1)
                                              4.857591   data arrival time

                                 20.000000   20.000000   clock clk (rise edge)
                                  0.000000   20.000000   clock source latency
     1    0.075664    0.091454    0.071473   20.071474 ^ clk (in)
                                                         clk (net)
                      0.105206    0.000000   20.071474 ^ clkbuf_0_clk/A (sg13g2_buf_16)
     4    0.101359    0.040687    0.107367   20.178841 ^ clkbuf_0_clk/X (sg13g2_buf_16)
                                                         clknet_0_clk (net)
                      0.044039    0.008349   20.187189 ^ clkbuf_2_1__f_clk/A (sg13g2_buf_16)
     6    0.038515    0.024292    0.071630   20.258820 ^ clkbuf_2_1__f_clk/X (sg13g2_buf_16)
                                                         clknet_2_1__leaf_clk (net)
                      0.024341    0.001792   20.260612 ^ _098_/CLK (sg13g2_dfrbpq_1)
                                 -0.250000   20.010612   clock uncertainty
                                  0.000000   20.010612   clock reconvergence pessimism
                                 -0.132162   19.878450   library recovery time
                                             19.878450   data required time
---------------------------------------------------------------------------------------------
                                             19.878450   data required time
                                             -4.857591   data arrival time
---------------------------------------------------------------------------------------------
                                             15.020860   slack (MET)


Startpoint: reset (input port clocked by clk)
Endpoint: _110_ (recovery check against rising-edge clock clk)
Path Group: asynchronous
Path Type: max

Fanout         Cap        Slew       Delay        Time   Description
---------------------------------------------------------------------------------------------
                                  0.000000    0.000000   clock clk (rise edge)
                                  0.000000    0.000000   clock network delay (propagated)
                                  4.000000    4.000000 v input external delay
     1    0.006333    0.019515    0.004836    4.004836 v reset (in)
                                                         reset (net)
                      0.019516    0.000000    4.004836 v input3/A (sg13g2_buf_1)
     1    0.030396    0.100310    0.127153    4.131988 v input3/X (sg13g2_buf_1)
                                                         net3 (net)
                      0.101006    0.007089    4.139078 v fanout22/A (sg13g2_buf_1)
     4    0.042583    0.137123    0.194082    4.333159 v fanout22/X (sg13g2_buf_1)
                                                         net22 (net)
                      0.137286    0.004102    4.337262 v fanout20/A (sg13g2_buf_1)
     7    0.044907    0.143879    0.209726    4.546988 v fanout20/X (sg13g2_buf_1)
                                                         net20 (net)
                      0.144043    0.003631    4.550619 v fanout19/A (sg13g2_buf_1)
     8    0.049101    0.156617    0.220865    4.771484 v fanout19/X (sg13g2_buf_1)
                                                         net19 (net)
                      0.156780    0.003741    4.775225 v _082_/A (sg13g2_inv_1)
     1    0.007639    0.061664    0.082637    4.857862 ^ _082_/Y (sg13g2_inv_1)
                                                         _008_ (net)
                      0.061664    0.000204    4.858067 ^ _110_/RESET_B (sg13g2_dfrbpq_1)
                                              4.858067   data arrival time

                                 20.000000   20.000000   clock clk (rise edge)
                                  0.000000   20.000000   clock source latency
     1    0.075664    0.091454    0.071473   20.071474 ^ clk (in)
                                                         clk (net)
                      0.105206    0.000000   20.071474 ^ clkbuf_0_clk/A (sg13g2_buf_16)
     4    0.101359    0.040687    0.107367   20.178841 ^ clkbuf_0_clk/X (sg13g2_buf_16)
                                                         clknet_0_clk (net)
                      0.044386    0.008848   20.187689 ^ clkbuf_2_0__f_clk/A (sg13g2_buf_16)
     6    0.041888    0.025048    0.072349   20.260038 ^ clkbuf_2_0__f_clk/X (sg13g2_buf_16)
                                                         clknet_2_0__leaf_clk (net)
                      0.025096    0.001799   20.261837 ^ _110_/CLK (sg13g2_dfrbpq_1)
                                 -0.250000   20.011839   clock uncertainty
                                  0.000000   20.011839   clock reconvergence pessimism
                                 -0.132255   19.879583   library recovery time
                                             19.879583   data required time
---------------------------------------------------------------------------------------------
                                             19.879583   data required time
                                             -4.858067   data arrival time
---------------------------------------------------------------------------------------------
                                             15.021517   slack (MET)


Startpoint: reset (input port clocked by clk)
Endpoint: _121_ (recovery check against rising-edge clock clk)
Path Group: asynchronous
Path Type: max

Fanout         Cap        Slew       Delay        Time   Description
---------------------------------------------------------------------------------------------
                                  0.000000    0.000000   clock clk (rise edge)
                                  0.000000    0.000000   clock network delay (propagated)
                                  4.000000    4.000000 v input external delay
     1    0.006333    0.019515    0.004836    4.004836 v reset (in)
                                                         reset (net)
                      0.019516    0.000000    4.004836 v input3/A (sg13g2_buf_1)
     1    0.030396    0.100310    0.127153    4.131988 v input3/X (sg13g2_buf_1)
                                                         net3 (net)
                      0.101006    0.007089    4.139078 v fanout22/A (sg13g2_buf_1)
     4    0.042583    0.137123    0.194082    4.333159 v fanout22/X (sg13g2_buf_1)
                                                         net22 (net)
                      0.137286    0.004102    4.337262 v fanout20/A (sg13g2_buf_1)
     7    0.044907    0.143879    0.209726    4.546988 v fanout20/X (sg13g2_buf_1)
                                                         net20 (net)
                      0.144043    0.003631    4.550619 v fanout19/A (sg13g2_buf_1)
     8    0.049101    0.156617    0.220865    4.771484 v fanout19/X (sg13g2_buf_1)
                                                         net19 (net)
                      0.156832    0.004476    4.775960 v _093_/A (sg13g2_inv_1)
     1    0.006870    0.058582    0.078865    4.854825 ^ _093_/Y (sg13g2_inv_1)
                                                         _019_ (net)
                      0.058582    0.000115    4.854940 ^ _121_/RESET_B (sg13g2_dfrbpq_1)
                                              4.854940   data arrival time

                                 20.000000   20.000000   clock clk (rise edge)
                                  0.000000   20.000000   clock source latency
     1    0.075664    0.091454    0.071473   20.071474 ^ clk (in)
                                                         clk (net)
                      0.105206    0.000000   20.071474 ^ clkbuf_0_clk/A (sg13g2_buf_16)
     4    0.101359    0.040687    0.107367   20.178841 ^ clkbuf_0_clk/X (sg13g2_buf_16)
                                                         clknet_0_clk (net)
                      0.044039    0.008349   20.187189 ^ clkbuf_2_1__f_clk/A (sg13g2_buf_16)
     6    0.038515    0.024292    0.071630   20.258820 ^ clkbuf_2_1__f_clk/X (sg13g2_buf_16)
                                                         clknet_2_1__leaf_clk (net)
                      0.024348    0.001908   20.260727 ^ _121_/CLK (sg13g2_dfrbpq_1)
                                 -0.250000   20.010727   clock uncertainty
                                  0.000000   20.010727   clock reconvergence pessimism
                                 -0.131405   19.879322   library recovery time
                                             19.879322   data required time
---------------------------------------------------------------------------------------------
                                             19.879322   data required time
                                             -4.854940   data arrival time
---------------------------------------------------------------------------------------------
                                             15.024381   slack (MET)


Startpoint: reset (input port clocked by clk)
Endpoint: _111_ (recovery check against rising-edge clock clk)
Path Group: asynchronous
Path Type: max

Fanout         Cap        Slew       Delay        Time   Description
---------------------------------------------------------------------------------------------
                                  0.000000    0.000000   clock clk (rise edge)
                                  0.000000    0.000000   clock network delay (propagated)
                                  4.000000    4.000000 v input external delay
     1    0.006333    0.019515    0.004836    4.004836 v reset (in)
                                                         reset (net)
                      0.019516    0.000000    4.004836 v input3/A (sg13g2_buf_1)
     1    0.030396    0.100310    0.127153    4.131988 v input3/X (sg13g2_buf_1)
                                                         net3 (net)
                      0.101006    0.007089    4.139078 v fanout22/A (sg13g2_buf_1)
     4    0.042583    0.137123    0.194082    4.333159 v fanout22/X (sg13g2_buf_1)
                                                         net22 (net)
                      0.137286    0.004102    4.337262 v fanout20/A (sg13g2_buf_1)
     7    0.044907    0.143879    0.209726    4.546988 v fanout20/X (sg13g2_buf_1)
                                                         net20 (net)
                      0.144043    0.003631    4.550619 v fanout19/A (sg13g2_buf_1)
     8    0.049101    0.156617    0.220865    4.771484 v fanout19/X (sg13g2_buf_1)
                                                         net19 (net)
                      0.156741    0.003048    4.774531 v _083_/A (sg13g2_inv_1)
     1    0.007180    0.059799    0.080372    4.854904 ^ _083_/Y (sg13g2_inv_1)
                                                         _009_ (net)
                      0.059799    0.000150    4.855053 ^ _111_/RESET_B (sg13g2_dfrbpq_1)
                                              4.855053   data arrival time

                                 20.000000   20.000000   clock clk (rise edge)
                                  0.000000   20.000000   clock source latency
     1    0.075664    0.091454    0.071473   20.071474 ^ clk (in)
                                                         clk (net)
                      0.105206    0.000000   20.071474 ^ clkbuf_0_clk/A (sg13g2_buf_16)
     4    0.101359    0.040687    0.107367   20.178841 ^ clkbuf_0_clk/X (sg13g2_buf_16)
                                                         clknet_0_clk (net)
                      0.044386    0.008848   20.187689 ^ clkbuf_2_0__f_clk/A (sg13g2_buf_16)
     6    0.041888    0.025048    0.072349   20.260038 ^ clkbuf_2_0__f_clk/X (sg13g2_buf_16)
                                                         clknet_2_0__leaf_clk (net)
                      0.025066    0.001281   20.261318 ^ _111_/CLK (sg13g2_dfrbpq_1)
                                 -0.250000   20.011320   clock uncertainty
                                  0.000000   20.011320   clock reconvergence pessimism
                                 -0.131681   19.879639   library recovery time
                                             19.879639   data required time
---------------------------------------------------------------------------------------------
                                             19.879639   data required time
                                             -4.855053   data arrival time
---------------------------------------------------------------------------------------------
                                             15.024585   slack (MET)


Startpoint: reset (input port clocked by clk)
Endpoint: _120_ (recovery check against rising-edge clock clk)
Path Group: asynchronous
Path Type: max

Fanout         Cap        Slew       Delay        Time   Description
---------------------------------------------------------------------------------------------
                                  0.000000    0.000000   clock clk (rise edge)
                                  0.000000    0.000000   clock network delay (propagated)
                                  4.000000    4.000000 v input external delay
     1    0.006333    0.019515    0.004836    4.004836 v reset (in)
                                                         reset (net)
                      0.019516    0.000000    4.004836 v input3/A (sg13g2_buf_1)
     1    0.030396    0.100310    0.127153    4.131988 v input3/X (sg13g2_buf_1)
                                                         net3 (net)
                      0.101006    0.007089    4.139078 v fanout22/A (sg13g2_buf_1)
     4    0.042583    0.137123    0.194082    4.333159 v fanout22/X (sg13g2_buf_1)
                                                         net22 (net)
                      0.137286    0.004102    4.337262 v fanout20/A (sg13g2_buf_1)
     7    0.044907    0.143879    0.209726    4.546988 v fanout20/X (sg13g2_buf_1)
                                                         net20 (net)
                      0.144043    0.003631    4.550619 v fanout19/A (sg13g2_buf_1)
     8    0.049101    0.156617    0.220865    4.771484 v fanout19/X (sg13g2_buf_1)
                                                         net19 (net)
                      0.156826    0.004396    4.775880 v _092_/A (sg13g2_inv_1)
     1    0.007074    0.059391    0.079871    4.855751 ^ _092_/Y (sg13g2_inv_1)
                                                         _018_ (net)
                      0.059391    0.000138    4.855889 ^ _120_/RESET_B (sg13g2_dfrbpq_1)
                                              4.855889   data arrival time

                                 20.000000   20.000000   clock clk (rise edge)
                                  0.000000   20.000000   clock source latency
     1    0.075664    0.091454    0.071473   20.071474 ^ clk (in)
                                                         clk (net)
                      0.105206    0.000000   20.071474 ^ clkbuf_0_clk/A (sg13g2_buf_16)
     4    0.101359    0.040687    0.107367   20.178841 ^ clkbuf_0_clk/X (sg13g2_buf_16)
                                                         clknet_0_clk (net)
                      0.044386    0.008848   20.187689 ^ clkbuf_2_0__f_clk/A (sg13g2_buf_16)
     6    0.041888    0.025048    0.072349   20.260038 ^ clkbuf_2_0__f_clk/X (sg13g2_buf_16)
                                                         clknet_2_0__leaf_clk (net)
                      0.025111    0.002037   20.262075 ^ _120_/CLK (sg13g2_dfrbpq_1)
                                 -0.250000   20.012075   clock uncertainty
                                  0.000000   20.012075   clock reconvergence pessimism
                                 -0.131548   19.880527   library recovery time
                                             19.880527   data required time
---------------------------------------------------------------------------------------------
                                             19.880527   data required time
                                             -4.855889   data arrival time
---------------------------------------------------------------------------------------------
                                             15.024640   slack (MET)


Startpoint: reset (input port clocked by clk)
Endpoint: _112_ (recovery check against rising-edge clock clk)
Path Group: asynchronous
Path Type: max

Fanout         Cap        Slew       Delay        Time   Description
---------------------------------------------------------------------------------------------
                                  0.000000    0.000000   clock clk (rise edge)
                                  0.000000    0.000000   clock network delay (propagated)
                                  4.000000    4.000000 v input external delay
     1    0.006333    0.019515    0.004836    4.004836 v reset (in)
                                                         reset (net)
                      0.019516    0.000000    4.004836 v input3/A (sg13g2_buf_1)
     1    0.030396    0.100310    0.127153    4.131988 v input3/X (sg13g2_buf_1)
                                                         net3 (net)
                      0.101006    0.007089    4.139078 v fanout22/A (sg13g2_buf_1)
     4    0.042583    0.137123    0.194082    4.333159 v fanout22/X (sg13g2_buf_1)
                                                         net22 (net)
                      0.137286    0.004102    4.337262 v fanout20/A (sg13g2_buf_1)
     7    0.044907    0.143879    0.209726    4.546988 v fanout20/X (sg13g2_buf_1)
                                                         net20 (net)
                      0.144043    0.003631    4.550619 v fanout19/A (sg13g2_buf_1)
     8    0.049101    0.156617    0.220865    4.771484 v fanout19/X (sg13g2_buf_1)
                                                         net19 (net)
                      0.156686    0.001615    4.773098 v _084_/A (sg13g2_inv_1)
     1    0.006960    0.058915    0.079279    4.852378 ^ _084_/Y (sg13g2_inv_1)
                                                         _010_ (net)
                      0.058915    0.000124    4.852502 ^ _112_/RESET_B (sg13g2_dfrbpq_1)
                                              4.852502   data arrival time

                                 20.000000   20.000000   clock clk (rise edge)
                                  0.000000   20.000000   clock source latency
     1    0.075664    0.091454    0.071473   20.071474 ^ clk (in)
                                                         clk (net)
                      0.105206    0.000000   20.071474 ^ clkbuf_0_clk/A (sg13g2_buf_16)
     4    0.101359    0.040687    0.107367   20.178841 ^ clkbuf_0_clk/X (sg13g2_buf_16)
                                                         clknet_0_clk (net)
                      0.044386    0.008848   20.187689 ^ clkbuf_2_0__f_clk/A (sg13g2_buf_16)
     6    0.041888    0.025048    0.072349   20.260038 ^ clkbuf_2_0__f_clk/X (sg13g2_buf_16)
                                                         clknet_2_0__leaf_clk (net)
                      0.025059    0.001002   20.261040 ^ _112_/CLK (sg13g2_dfrbpq_1)
                                 -0.250000   20.011040   clock uncertainty
                                  0.000000   20.011040   clock reconvergence pessimism
                                 -0.131408   19.879633   library recovery time
                                             19.879633   data required time
---------------------------------------------------------------------------------------------
                                             19.879633   data required time
                                             -4.852502   data arrival time
---------------------------------------------------------------------------------------------
                                             15.027130   slack (MET)


Startpoint: _120_ (rising edge-triggered flip-flop clocked by clk)
Endpoint: dout[0] (output port clocked by clk)
Path Group: clk
Path Type: max

Fanout         Cap        Slew       Delay        Time   Description
---------------------------------------------------------------------------------------------
                                  0.000000    0.000000   clock clk (rise edge)
                                  0.000000    0.000000   clock source latency
     1    0.078337    0.094262    0.081832    0.081832 ^ clk (in)
                                                         clk (net)
                      0.109343    0.000000    0.081832 ^ clkbuf_0_clk/A (sg13g2_buf_16)
     4    0.112050    0.043548    0.121628    0.203460 ^ clkbuf_0_clk/X (sg13g2_buf_16)
                                                         clknet_0_clk (net)
                      0.047810    0.010903    0.214363 ^ clkbuf_2_0__f_clk/A (sg13g2_buf_16)
     6    0.044573    0.025792    0.082215    0.296578 ^ clkbuf_2_0__f_clk/X (sg13g2_buf_16)
                                                         clknet_2_0__leaf_clk (net)
                      0.025865    0.002421    0.298999 ^ _120_/CLK (sg13g2_dfrbpq_1)
     2    0.032696    0.137575    0.261945    0.560944 ^ _120_/Q (sg13g2_dfrbpq_1)
                                                         net5 (net)
                      0.137746    0.004164    0.565108 ^ output5/A (sg13g2_buf_1)
     1    0.010984    0.055781    0.129628    0.694736 ^ output5/X (sg13g2_buf_1)
                                                         dout[0] (net)
                      0.055788    0.000688    0.695424 ^ dout[0] (out)
                                              0.695424   data arrival time

                                 20.000000   20.000000   clock clk (rise edge)
                                  0.000000   20.000000   clock network delay (propagated)
                                 -0.250000   19.750002   clock uncertainty
                                  0.000000   19.750002   clock reconvergence pessimism
                                 -4.000000   15.750001   output external delay
                                             15.750001   data required time
---------------------------------------------------------------------------------------------
                                             15.750001   data required time
                                             -0.695424   data arrival time
---------------------------------------------------------------------------------------------
                                             15.054577   slack (MET)


Startpoint: _121_ (rising edge-triggered flip-flop clocked by clk)
Endpoint: dout[1] (output port clocked by clk)
Path Group: clk
Path Type: max

Fanout         Cap        Slew       Delay        Time   Description
---------------------------------------------------------------------------------------------
                                  0.000000    0.000000   clock clk (rise edge)
                                  0.000000    0.000000   clock source latency
     1    0.078337    0.094262    0.081832    0.081832 ^ clk (in)
                                                         clk (net)
                      0.109343    0.000000    0.081832 ^ clkbuf_0_clk/A (sg13g2_buf_16)
     4    0.112050    0.043548    0.121628    0.203460 ^ clkbuf_0_clk/X (sg13g2_buf_16)
                                                         clknet_0_clk (net)
                      0.047389    0.010276    0.213736 ^ clkbuf_2_1__f_clk/A (sg13g2_buf_16)
     6    0.041200    0.025038    0.081391    0.295128 ^ clkbuf_2_1__f_clk/X (sg13g2_buf_16)
                                                         clknet_2_1__leaf_clk (net)
                      0.025102    0.002264    0.297391 ^ _121_/CLK (sg13g2_dfrbpq_1)
     2    0.023822    0.102358    0.236456    0.533847 ^ _121_/Q (sg13g2_dfrbpq_1)
                                                         net8 (net)
                      0.102403    0.002161    0.536009 ^ output8/A (sg13g2_buf_1)
     1    0.011309    0.056065    0.120468    0.656477 ^ output8/X (sg13g2_buf_1)
                                                         dout[1] (net)
                      0.056073    0.000745    0.657222 ^ dout[1] (out)
                                              0.657222   data arrival time

                                 20.000000   20.000000   clock clk (rise edge)
                                  0.000000   20.000000   clock network delay (propagated)
                                 -0.250000   19.750002   clock uncertainty
                                  0.000000   19.750002   clock reconvergence pessimism
                                 -4.000000   15.750001   output external delay
                                             15.750001   data required time
---------------------------------------------------------------------------------------------
                                             15.750001   data required time
                                             -0.657222   data arrival time
---------------------------------------------------------------------------------------------
                                             15.092779   slack (MET)


Startpoint: _107_ (rising edge-triggered flip-flop clocked by clk)
Endpoint: dout[11] (output port clocked by clk)
Path Group: clk
Path Type: max

Fanout         Cap        Slew       Delay        Time   Description
---------------------------------------------------------------------------------------------
                                  0.000000    0.000000   clock clk (rise edge)
                                  0.000000    0.000000   clock source latency
     1    0.078337    0.094262    0.081832    0.081832 ^ clk (in)
                                                         clk (net)
                      0.109343    0.000000    0.081832 ^ clkbuf_0_clk/A (sg13g2_buf_16)
     4    0.112050    0.043548    0.121628    0.203460 ^ clkbuf_0_clk/X (sg13g2_buf_16)
                                                         clknet_0_clk (net)
                      0.046940    0.009575    0.213035 ^ clkbuf_2_3__f_clk/A (sg13g2_buf_16)
     6    0.036082    0.023887    0.080109    0.293143 ^ clkbuf_2_3__f_clk/X (sg13g2_buf_16)
                                                         clknet_2_3__leaf_clk (net)
                      0.023941    0.002070    0.295214 ^ _107_/CLK (sg13g2_dfrbpq_1)
     2    0.021981    0.096321    0.230544    0.525757 ^ _107_/Q (sg13g2_dfrbpq_1)
                                                         net7 (net)
                      0.096337    0.001337    0.527094 ^ output7/A (sg13g2_buf_1)
     1    0.011430    0.056371    0.119051    0.646145 ^ output7/X (sg13g2_buf_1)
                                                         dout[11] (net)
                      0.056380    0.000767    0.646912 ^ dout[11] (out)
                                              0.646912   data arrival time

                                 20.000000   20.000000   clock clk (rise edge)
                                  0.000000   20.000000   clock network delay (propagated)
                                 -0.250000   19.750002   clock uncertainty
                                  0.000000   19.750002   clock reconvergence pessimism
                                 -4.000000   15.750001   output external delay
                                             15.750001   data required time
---------------------------------------------------------------------------------------------
                                             15.750001   data required time
                                             -0.646912   data arrival time
---------------------------------------------------------------------------------------------
                                             15.103089   slack (MET)


Startpoint: _098_ (rising edge-triggered flip-flop clocked by clk)
Endpoint: dout[2] (output port clocked by clk)
Path Group: clk
Path Type: max

Fanout         Cap        Slew       Delay        Time   Description
---------------------------------------------------------------------------------------------
                                  0.000000    0.000000   clock clk (rise edge)
                                  0.000000    0.000000   clock source latency
     1    0.078337    0.094262    0.081832    0.081832 ^ clk (in)
                                                         clk (net)
                      0.109343    0.000000    0.081832 ^ clkbuf_0_clk/A (sg13g2_buf_16)
     4    0.112050    0.043548    0.121628    0.203460 ^ clkbuf_0_clk/X (sg13g2_buf_16)
                                                         clknet_0_clk (net)
                      0.047389    0.010276    0.213736 ^ clkbuf_2_1__f_clk/A (sg13g2_buf_16)
     6    0.041200    0.025038    0.081391    0.295128 ^ clkbuf_2_1__f_clk/X (sg13g2_buf_16)
                                                         clknet_2_1__leaf_clk (net)
                      0.025093    0.002124    0.297252 ^ _098_/CLK (sg13g2_dfrbpq_1)
     2    0.018462    0.082692    0.220321    0.517573 ^ _098_/Q (sg13g2_dfrbpq_1)
                                                         net9 (net)
                      0.082709    0.001238    0.518812 ^ output9/A (sg13g2_buf_1)
     1    0.011633    0.056833    0.113503    0.632314 ^ output9/X (sg13g2_buf_1)
                                                         dout[2] (net)
                      0.056843    0.000804    0.633118 ^ dout[2] (out)
                                              0.633118   data arrival time

                                 20.000000   20.000000   clock clk (rise edge)
                                  0.000000   20.000000   clock network delay (propagated)
                                 -0.250000   19.750002   clock uncertainty
                                  0.000000   19.750002   clock reconvergence pessimism
                                 -4.000000   15.750001   output external delay
                                             15.750001   data required time
---------------------------------------------------------------------------------------------
                                             15.750001   data required time
                                             -0.633118   data arrival time
---------------------------------------------------------------------------------------------
                                             15.116882   slack (MET)


Startpoint: _106_ (rising edge-triggered flip-flop clocked by clk)
Endpoint: dout[10] (output port clocked by clk)
Path Group: clk
Path Type: max

Fanout         Cap        Slew       Delay        Time   Description
---------------------------------------------------------------------------------------------
                                  0.000000    0.000000   clock clk (rise edge)
                                  0.000000    0.000000   clock source latency
     1    0.078337    0.094262    0.081832    0.081832 ^ clk (in)
                                                         clk (net)
                      0.109343    0.000000    0.081832 ^ clkbuf_0_clk/A (sg13g2_buf_16)
     4    0.112050    0.043548    0.121628    0.203460 ^ clkbuf_0_clk/X (sg13g2_buf_16)
                                                         clknet_0_clk (net)
                      0.046940    0.009575    0.213035 ^ clkbuf_2_3__f_clk/A (sg13g2_buf_16)
     6    0.036082    0.023887    0.080109    0.293143 ^ clkbuf_2_3__f_clk/X (sg13g2_buf_16)
                                                         clknet_2_3__leaf_clk (net)
                      0.023939    0.002031    0.295175 ^ _106_/CLK (sg13g2_dfrbpq_1)
     2    0.013714    0.064280    0.205499    0.500673 ^ _106_/Q (sg13g2_dfrbpq_1)
                                                         net6 (net)
                      0.064283    0.000557    0.501230 ^ output6/A (sg13g2_buf_1)
     1    0.011755    0.056882    0.105537    0.606768 ^ output6/X (sg13g2_buf_1)
                                                         dout[10] (net)
                      0.056892    0.000827    0.607594 ^ dout[10] (out)
                                              0.607594   data arrival time

                                 20.000000   20.000000   clock clk (rise edge)
                                  0.000000   20.000000   clock network delay (propagated)
                                 -0.250000   19.750002   clock uncertainty
                                  0.000000   19.750002   clock reconvergence pessimism
                                 -4.000000   15.750001   output external delay
                                             15.750001   data required time
---------------------------------------------------------------------------------------------
                                             15.750001   data required time
                                             -0.607594   data arrival time
---------------------------------------------------------------------------------------------
                                             15.142406   slack (MET)


Startpoint: _099_ (rising edge-triggered flip-flop clocked by clk)
Endpoint: dout[3] (output port clocked by clk)
Path Group: clk
Path Type: max

Fanout         Cap        Slew       Delay        Time   Description
---------------------------------------------------------------------------------------------
                                  0.000000    0.000000   clock clk (rise edge)
                                  0.000000    0.000000   clock source latency
     1    0.078337    0.094262    0.081832    0.081832 ^ clk (in)
                                                         clk (net)
                      0.109343    0.000000    0.081832 ^ clkbuf_0_clk/A (sg13g2_buf_16)
     4    0.112050    0.043548    0.121628    0.203460 ^ clkbuf_0_clk/X (sg13g2_buf_16)
                                                         clknet_0_clk (net)
                      0.047389    0.010276    0.213736 ^ clkbuf_2_1__f_clk/A (sg13g2_buf_16)
     6    0.041200    0.025038    0.081391    0.295128 ^ clkbuf_2_1__f_clk/X (sg13g2_buf_16)
                                                         clknet_2_1__leaf_clk (net)
                      0.025070    0.001663    0.296791 ^ _099_/CLK (sg13g2_dfrbpq_1)
     2    0.011378    0.055300    0.199021    0.495812 ^ _099_/Q (sg13g2_dfrbpq_1)
                                                         net10 (net)
                      0.055302    0.000417    0.496228 ^ output10/A (sg13g2_buf_1)
     1    0.011674    0.056362    0.101233    0.597461 ^ output10/X (sg13g2_buf_1)
                                                         dout[3] (net)
                      0.056373    0.000812    0.598272 ^ dout[3] (out)
                                              0.598272   data arrival time

                                 20.000000   20.000000   clock clk (rise edge)
                                  0.000000   20.000000   clock network delay (propagated)
                                 -0.250000   19.750002   clock uncertainty
                                  0.000000   19.750002   clock reconvergence pessimism
                                 -4.000000   15.750001   output external delay
                                             15.750001   data required time
---------------------------------------------------------------------------------------------
                                             15.750001   data required time
                                             -0.598272   data arrival time
---------------------------------------------------------------------------------------------
                                             15.151730   slack (MET)


Startpoint: _103_ (rising edge-triggered flip-flop clocked by clk)
Endpoint: dout[7] (output port clocked by clk)
Path Group: clk
Path Type: max

Fanout         Cap        Slew       Delay        Time   Description
---------------------------------------------------------------------------------------------
                                  0.000000    0.000000   clock clk (rise edge)
                                  0.000000    0.000000   clock source latency
     1    0.078337    0.094262    0.081832    0.081832 ^ clk (in)
                                                         clk (net)
                      0.109343    0.000000    0.081832 ^ clkbuf_0_clk/A (sg13g2_buf_16)
     4    0.112050    0.043548    0.121628    0.203460 ^ clkbuf_0_clk/X (sg13g2_buf_16)
                                                         clknet_0_clk (net)
                      0.046245    0.008404    0.211864 ^ clkbuf_2_2__f_clk/A (sg13g2_buf_16)
     6    0.043634    0.025509    0.081081    0.292944 ^ clkbuf_2_2__f_clk/X (sg13g2_buf_16)
                                                         clknet_2_2__leaf_clk (net)
                      0.025553    0.001972    0.294917 ^ _103_/CLK (sg13g2_dfrbpq_1)
     2    0.009133    0.046754    0.192446    0.487363 ^ _103_/Q (sg13g2_dfrbpq_1)
                                                         net14 (net)
                      0.046754    0.000164    0.487527 ^ output14/A (sg13g2_buf_1)
     1    0.012517    0.059458    0.099912    0.587439 ^ output14/X (sg13g2_buf_1)
                                                         dout[7] (net)
                      0.059503    0.000928    0.588367 ^ dout[7] (out)
                                              0.588367   data arrival time

                                 20.000000   20.000000   clock clk (rise edge)
                                  0.000000   20.000000   clock network delay (propagated)
                                 -0.250000   19.750002   clock uncertainty
                                  0.000000   19.750002   clock reconvergence pessimism
                                 -4.000000   15.750001   output external delay
                                             15.750001   data required time
---------------------------------------------------------------------------------------------
                                             15.750001   data required time
                                             -0.588367   data arrival time
---------------------------------------------------------------------------------------------
                                             15.161634   slack (MET)


Startpoint: _102_ (rising edge-triggered flip-flop clocked by clk)
Endpoint: dout[6] (output port clocked by clk)
Path Group: clk
Path Type: max

Fanout         Cap        Slew       Delay        Time   Description
---------------------------------------------------------------------------------------------
                                  0.000000    0.000000   clock clk (rise edge)
                                  0.000000    0.000000   clock source latency
     1    0.078337    0.094262    0.081832    0.081832 ^ clk (in)
                                                         clk (net)
                      0.109343    0.000000    0.081832 ^ clkbuf_0_clk/A (sg13g2_buf_16)
     4    0.112050    0.043548    0.121628    0.203460 ^ clkbuf_0_clk/X (sg13g2_buf_16)
                                                         clknet_0_clk (net)
                      0.046245    0.008404    0.211864 ^ clkbuf_2_2__f_clk/A (sg13g2_buf_16)
     6    0.043634    0.025509    0.081081    0.292944 ^ clkbuf_2_2__f_clk/X (sg13g2_buf_16)
                                                         clknet_2_2__leaf_clk (net)
                      0.025691    0.003343    0.296287 ^ _102_/CLK (sg13g2_dfrbpq_1)
     2    0.009159    0.046860    0.192528    0.488815 ^ _102_/Q (sg13g2_dfrbpq_1)
                                                         net13 (net)
                      0.046862    0.000406    0.489221 ^ output13/A (sg13g2_buf_1)
     1    0.011803    0.056670    0.097803    0.587023 ^ output13/X (sg13g2_buf_1)
                                                         dout[6] (net)
                      0.056681    0.000836    0.587860 ^ dout[6] (out)
                                              0.587860   data arrival time

                                 20.000000   20.000000   clock clk (rise edge)
                                  0.000000   20.000000   clock network delay (propagated)
                                 -0.250000   19.750002   clock uncertainty
                                  0.000000   19.750002   clock reconvergence pessimism
                                 -4.000000   15.750001   output external delay
                                             15.750001   data required time
---------------------------------------------------------------------------------------------
                                             15.750001   data required time
                                             -0.587860   data arrival time
---------------------------------------------------------------------------------------------
                                             15.162141   slack (MET)


Startpoint: _101_ (rising edge-triggered flip-flop clocked by clk)
Endpoint: dout[5] (output port clocked by clk)
Path Group: clk
Path Type: max

Fanout         Cap        Slew       Delay        Time   Description
---------------------------------------------------------------------------------------------
                                  0.000000    0.000000   clock clk (rise edge)
                                  0.000000    0.000000   clock source latency
     1    0.078337    0.094262    0.081832    0.081832 ^ clk (in)
                                                         clk (net)
                      0.109343    0.000000    0.081832 ^ clkbuf_0_clk/A (sg13g2_buf_16)
     4    0.112050    0.043548    0.121628    0.203460 ^ clkbuf_0_clk/X (sg13g2_buf_16)
                                                         clknet_0_clk (net)
                      0.047389    0.010276    0.213736 ^ clkbuf_2_1__f_clk/A (sg13g2_buf_16)
     6    0.041200    0.025038    0.081391    0.295128 ^ clkbuf_2_1__f_clk/X (sg13g2_buf_16)
                                                         clknet_2_1__leaf_clk (net)
                      0.025047    0.001009    0.296137 ^ _101_/CLK (sg13g2_dfrbpq_1)
     2    0.008822    0.045580    0.191223    0.487359 ^ _101_/Q (sg13g2_dfrbpq_1)
                                                         net12 (net)
                      0.045581    0.000309    0.487669 ^ output12/A (sg13g2_buf_1)
     1    0.012100    0.057803    0.098116    0.585784 ^ output12/X (sg13g2_buf_1)
                                                         dout[5] (net)
                      0.057847    0.000892    0.586677 ^ dout[5] (out)
                                              0.586677   data arrival time

                                 20.000000   20.000000   clock clk (rise edge)
                                  0.000000   20.000000   clock network delay (propagated)
                                 -0.250000   19.750002   clock uncertainty
                                  0.000000   19.750002   clock reconvergence pessimism
                                 -4.000000   15.750001   output external delay
                                             15.750001   data required time
---------------------------------------------------------------------------------------------
                                             15.750001   data required time
                                             -0.586677   data arrival time
---------------------------------------------------------------------------------------------
                                             15.163323   slack (MET)


Startpoint: _100_ (rising edge-triggered flip-flop clocked by clk)
Endpoint: dout[4] (output port clocked by clk)
Path Group: clk
Path Type: max

Fanout         Cap        Slew       Delay        Time   Description
---------------------------------------------------------------------------------------------
                                  0.000000    0.000000   clock clk (rise edge)
                                  0.000000    0.000000   clock source latency
     1    0.078337    0.094262    0.081832    0.081832 ^ clk (in)
                                                         clk (net)
                      0.109343    0.000000    0.081832 ^ clkbuf_0_clk/A (sg13g2_buf_16)
     4    0.112050    0.043548    0.121628    0.203460 ^ clkbuf_0_clk/X (sg13g2_buf_16)
                                                         clknet_0_clk (net)
                      0.047389    0.010276    0.213736 ^ clkbuf_2_1__f_clk/A (sg13g2_buf_16)
     6    0.041200    0.025038    0.081391    0.295128 ^ clkbuf_2_1__f_clk/X (sg13g2_buf_16)
                                                         clknet_2_1__leaf_clk (net)
                      0.025046    0.000968    0.296095 ^ _100_/CLK (sg13g2_dfrbpq_1)
     2    0.007467    0.040461    0.187096    0.483191 ^ _100_/Q (sg13g2_dfrbpq_1)
                                                         net11 (net)
                      0.040461    0.000226    0.483417 ^ output11/A (sg13g2_buf_1)
     1    0.012454    0.059078    0.096879    0.580296 ^ output11/X (sg13g2_buf_1)
                                                         dout[4] (net)
                      0.059122    0.000914    0.581211 ^ dout[4] (out)
                                              0.581211   data arrival time

                                 20.000000   20.000000   clock clk (rise edge)
                                  0.000000   20.000000   clock network delay (propagated)
                                 -0.250000   19.750002   clock uncertainty
                                  0.000000   19.750002   clock reconvergence pessimism
                                 -4.000000   15.750001   output external delay
                                             15.750001   data required time
---------------------------------------------------------------------------------------------
                                             15.750001   data required time
                                             -0.581211   data arrival time
---------------------------------------------------------------------------------------------
                                             15.168791   slack (MET)


Startpoint: _105_ (rising edge-triggered flip-flop clocked by clk)
Endpoint: dout[9] (output port clocked by clk)
Path Group: clk
Path Type: max

Fanout         Cap        Slew       Delay        Time   Description
---------------------------------------------------------------------------------------------
                                  0.000000    0.000000   clock clk (rise edge)
                                  0.000000    0.000000   clock source latency
     1    0.078337    0.094262    0.081832    0.081832 ^ clk (in)
                                                         clk (net)
                      0.109343    0.000000    0.081832 ^ clkbuf_0_clk/A (sg13g2_buf_16)
     4    0.112050    0.043548    0.121628    0.203460 ^ clkbuf_0_clk/X (sg13g2_buf_16)
                                                         clknet_0_clk (net)
                      0.046940    0.009575    0.213035 ^ clkbuf_2_3__f_clk/A (sg13g2_buf_16)
     6    0.036082    0.023887    0.080109    0.293143 ^ clkbuf_2_3__f_clk/X (sg13g2_buf_16)
                                                         clknet_2_3__leaf_clk (net)
                      0.023904    0.001308    0.294451 ^ _105_/CLK (sg13g2_dfrbpq_1)
     2    0.007822    0.041818    0.187614    0.482065 ^ _105_/Q (sg13g2_dfrbpq_1)
                                                         net16 (net)
                      0.041819    0.000231    0.482296 ^ output16/A (sg13g2_buf_1)
     1    0.011471    0.055263    0.094527    0.576824 ^ output16/X (sg13g2_buf_1)
                                                         dout[9] (net)
                      0.055272    0.000774    0.577598 ^ dout[9] (out)
                                              0.577598   data arrival time

                                 20.000000   20.000000   clock clk (rise edge)
                                  0.000000   20.000000   clock network delay (propagated)
                                 -0.250000   19.750002   clock uncertainty
                                  0.000000   19.750002   clock reconvergence pessimism
                                 -4.000000   15.750001   output external delay
                                             15.750001   data required time
---------------------------------------------------------------------------------------------
                                             15.750001   data required time
                                             -0.577598   data arrival time
---------------------------------------------------------------------------------------------
                                             15.172402   slack (MET)


Startpoint: _104_ (rising edge-triggered flip-flop clocked by clk)
Endpoint: dout[8] (output port clocked by clk)
Path Group: clk
Path Type: max

Fanout         Cap        Slew       Delay        Time   Description
---------------------------------------------------------------------------------------------
                                  0.000000    0.000000   clock clk (rise edge)
                                  0.000000    0.000000   clock source latency
     1    0.078337    0.094262    0.081832    0.081832 ^ clk (in)
                                                         clk (net)
                      0.109343    0.000000    0.081832 ^ clkbuf_0_clk/A (sg13g2_buf_16)
     4    0.112050    0.043548    0.121628    0.203460 ^ clkbuf_0_clk/X (sg13g2_buf_16)
                                                         clknet_0_clk (net)
                      0.046245    0.008404    0.211864 ^ clkbuf_2_2__f_clk/A (sg13g2_buf_16)
     6    0.043634    0.025509    0.081081    0.292944 ^ clkbuf_2_2__f_clk/X (sg13g2_buf_16)
                                                         clknet_2_2__leaf_clk (net)
                      0.025513    0.000689    0.293634 ^ _104_/CLK (sg13g2_dfrbpq_1)
     2    0.007296    0.039850    0.186835    0.480469 ^ _104_/Q (sg13g2_dfrbpq_1)
                                                         net15 (net)
                      0.039850    0.000163    0.480631 ^ output15/A (sg13g2_buf_1)
     1    0.010688    0.052163    0.091287    0.571918 ^ output15/X (sg13g2_buf_1)
                                                         dout[8] (net)
                      0.052169    0.000637    0.572555 ^ dout[8] (out)
                                              0.572555   data arrival time

                                 20.000000   20.000000   clock clk (rise edge)
                                  0.000000   20.000000   clock network delay (propagated)
                                 -0.250000   19.750002   clock uncertainty
                                  0.000000   19.750002   clock reconvergence pessimism
                                 -4.000000   15.750001   output external delay
                                             15.750001   data required time
---------------------------------------------------------------------------------------------
                                             15.750001   data required time
                                             -0.572555   data arrival time
---------------------------------------------------------------------------------------------
                                             15.177445   slack (MET)


Startpoint: done_in (input port clocked by clk)
Endpoint: _106_ (rising edge-triggered flip-flop clocked by clk)
Path Group: clk
Path Type: max

Fanout         Cap        Slew       Delay        Time   Description
---------------------------------------------------------------------------------------------
                                  0.000000    0.000000   clock clk (rise edge)
                                  0.000000    0.000000   clock network delay (propagated)
                                  4.000000    4.000000 ^ input external delay
     1    0.004091    0.021238    0.003572    4.003572 ^ done_in (in)
                                                         done_in (net)
                      0.021238    0.000000    4.003572 ^ input2/A (sg13g2_buf_1)
     2    0.048158    0.201566    0.188747    4.192319 ^ input2/X (sg13g2_buf_1)
                                                         net2 (net)
                      0.202847    0.013635    4.205955 ^ fanout24/A (sg13g2_buf_1)
     5    0.056703    0.235931    0.279524    4.485479 ^ fanout24/X (sg13g2_buf_1)
                                                         net24 (net)
                      0.235993    0.003374    4.488853 ^ _070_/S (sg13g2_mux2_1)
     1    0.003494    0.037361    0.223400    4.712254 v _070_/X (sg13g2_mux2_1)
                                                         _028_ (net)
                      0.037361    0.000082    4.712336 v _106_/D (sg13g2_dfrbpq_1)
                                              4.712336   data arrival time

                                 20.000000   20.000000   clock clk (rise edge)
                                  0.000000   20.000000   clock source latency
     1    0.075664    0.091454    0.071473   20.071474 ^ clk (in)
                                                         clk (net)
                      0.105206    0.000000   20.071474 ^ clkbuf_0_clk/A (sg13g2_buf_16)
     4    0.101359    0.040687    0.107367   20.178841 ^ clkbuf_0_clk/X (sg13g2_buf_16)
                                                         clknet_0_clk (net)
                      0.043663    0.007780   20.186621 ^ clkbuf_2_3__f_clk/A (sg13g2_buf_16)
     6    0.033397    0.023139    0.070507   20.257128 ^ clkbuf_2_3__f_clk/X (sg13g2_buf_16)
                                                         clknet_2_3__leaf_clk (net)
                      0.023183    0.001696   20.258825 ^ _106_/CLK (sg13g2_dfrbpq_1)
                                 -0.250000   20.008825   clock uncertainty
                                  0.000000   20.008825   clock reconvergence pessimism
                                 -0.118066   19.890760   library setup time
                                             19.890760   data required time
---------------------------------------------------------------------------------------------
                                             19.890760   data required time
                                             -4.712336   data arrival time
---------------------------------------------------------------------------------------------
                                             15.178424   slack (MET)


Startpoint: reset (input port clocked by clk)
Endpoint: _115_ (recovery check against rising-edge clock clk)
Path Group: asynchronous
Path Type: max

Fanout         Cap        Slew       Delay        Time   Description
---------------------------------------------------------------------------------------------
                                  0.000000    0.000000   clock clk (rise edge)
                                  0.000000    0.000000   clock network delay (propagated)
                                  4.000000    4.000000 v input external delay
     1    0.006333    0.019515    0.004836    4.004836 v reset (in)
                                                         reset (net)
                      0.019516    0.000000    4.004836 v input3/A (sg13g2_buf_1)
     1    0.030396    0.100310    0.127153    4.131988 v input3/X (sg13g2_buf_1)
                                                         net3 (net)
                      0.101006    0.007089    4.139078 v fanout22/A (sg13g2_buf_1)
     4    0.042583    0.137123    0.194082    4.333159 v fanout22/X (sg13g2_buf_1)
                                                         net22 (net)
                      0.137129    0.000778    4.333938 v fanout21/A (sg13g2_buf_1)
     8    0.058615    0.186066    0.241117    4.575055 v fanout21/X (sg13g2_buf_1)
                                                         net21 (net)
                      0.186276    0.005455    4.580510 v _087_/A (sg13g2_inv_1)
     1    0.010252    0.078150    0.102367    4.682877 ^ _087_/Y (sg13g2_inv_1)
                                                         _013_ (net)
                      0.078152    0.000541    4.683418 ^ _115_/RESET_B (sg13g2_dfrbpq_1)
                                              4.683418   data arrival time

                                 20.000000   20.000000   clock clk (rise edge)
                                  0.000000   20.000000   clock source latency
     1    0.075664    0.091454    0.071473   20.071474 ^ clk (in)
                                                         clk (net)
                      0.105206    0.000000   20.071474 ^ clkbuf_0_clk/A (sg13g2_buf_16)
     4    0.101359    0.040687    0.107367   20.178841 ^ clkbuf_0_clk/X (sg13g2_buf_16)
                                                         clknet_0_clk (net)
                      0.043081    0.006837   20.185678 ^ clkbuf_2_2__f_clk/A (sg13g2_buf_16)
     6    0.040949    0.024780    0.071452   20.257130 ^ clkbuf_2_2__f_clk/X (sg13g2_buf_16)
                                                         clknet_2_2__leaf_clk (net)
                      0.024885    0.002531   20.259661 ^ _115_/CLK (sg13g2_dfrbpq_1)
                                 -0.250000   20.009663   clock uncertainty
                                  0.000000   20.009663   clock reconvergence pessimism
                                 -0.137396   19.872267   library recovery time
                                             19.872267   data required time
---------------------------------------------------------------------------------------------
                                             19.872267   data required time
                                             -4.683418   data arrival time
---------------------------------------------------------------------------------------------
                                             15.188848   slack (MET)


Startpoint: reset (input port clocked by clk)
Endpoint: _116_ (recovery check against rising-edge clock clk)
Path Group: asynchronous
Path Type: max

Fanout         Cap        Slew       Delay        Time   Description
---------------------------------------------------------------------------------------------
                                  0.000000    0.000000   clock clk (rise edge)
                                  0.000000    0.000000   clock network delay (propagated)
                                  4.000000    4.000000 v input external delay
     1    0.006333    0.019515    0.004836    4.004836 v reset (in)
                                                         reset (net)
                      0.019516    0.000000    4.004836 v input3/A (sg13g2_buf_1)
     1    0.030396    0.100310    0.127153    4.131988 v input3/X (sg13g2_buf_1)
                                                         net3 (net)
                      0.101006    0.007089    4.139078 v fanout22/A (sg13g2_buf_1)
     4    0.042583    0.137123    0.194082    4.333159 v fanout22/X (sg13g2_buf_1)
                                                         net22 (net)
                      0.137129    0.000778    4.333938 v fanout21/A (sg13g2_buf_1)
     8    0.058615    0.186066    0.241117    4.575055 v fanout21/X (sg13g2_buf_1)
                                                         net21 (net)
                      0.186208    0.004504    4.579559 v _088_/A (sg13g2_inv_1)
     1    0.008845    0.071677    0.094908    4.674466 ^ _088_/Y (sg13g2_inv_1)
                                                         _014_ (net)
                      0.071678    0.000363    4.674829 ^ _116_/RESET_B (sg13g2_dfrbpq_1)
                                              4.674829   data arrival time

                                 20.000000   20.000000   clock clk (rise edge)
                                  0.000000   20.000000   clock source latency
     1    0.075664    0.091454    0.071473   20.071474 ^ clk (in)
                                                         clk (net)
                      0.105206    0.000000   20.071474 ^ clkbuf_0_clk/A (sg13g2_buf_16)
     4    0.101359    0.040687    0.107367   20.178841 ^ clkbuf_0_clk/X (sg13g2_buf_16)
                                                         clknet_0_clk (net)
                      0.043081    0.006837   20.185678 ^ clkbuf_2_2__f_clk/A (sg13g2_buf_16)
     6    0.040949    0.024780    0.071452   20.257130 ^ clkbuf_2_2__f_clk/X (sg13g2_buf_16)
                                                         clknet_2_2__leaf_clk (net)
                      0.024782    0.000391   20.257521 ^ _116_/CLK (sg13g2_dfrbpq_1)
                                 -0.250000   20.007521   clock uncertainty
                                  0.000000   20.007521   clock reconvergence pessimism
                                 -0.135404   19.872118   library recovery time
                                             19.872118   data required time
---------------------------------------------------------------------------------------------
                                             19.872118   data required time
                                             -4.674829   data arrival time
---------------------------------------------------------------------------------------------
                                             15.197289   slack (MET)


Startpoint: reset (input port clocked by clk)
Endpoint: _105_ (recovery check against rising-edge clock clk)
Path Group: asynchronous
Path Type: max

Fanout         Cap        Slew       Delay        Time   Description
---------------------------------------------------------------------------------------------
                                  0.000000    0.000000   clock clk (rise edge)
                                  0.000000    0.000000   clock network delay (propagated)
                                  4.000000    4.000000 v input external delay
     1    0.006333    0.019515    0.004836    4.004836 v reset (in)
                                                         reset (net)
                      0.019516    0.000000    4.004836 v input3/A (sg13g2_buf_1)
     1    0.030396    0.100310    0.127153    4.131988 v input3/X (sg13g2_buf_1)
                                                         net3 (net)
                      0.101006    0.007089    4.139078 v fanout22/A (sg13g2_buf_1)
     4    0.042583    0.137123    0.194082    4.333159 v fanout22/X (sg13g2_buf_1)
                                                         net22 (net)
                      0.137129    0.000778    4.333938 v fanout21/A (sg13g2_buf_1)
     8    0.058615    0.186066    0.241117    4.575055 v fanout21/X (sg13g2_buf_1)
                                                         net21 (net)
                      0.186069    0.000665    4.575720 v _077_/A (sg13g2_inv_1)
     1    0.008592    0.070508    0.093564    4.669285 ^ _077_/Y (sg13g2_inv_1)
                                                         _003_ (net)
                      0.070508    0.000292    4.669577 ^ _105_/RESET_B (sg13g2_dfrbpq_1)
                                              4.669577   data arrival time

                                 20.000000   20.000000   clock clk (rise edge)
                                  0.000000   20.000000   clock source latency
     1    0.075664    0.091454    0.071473   20.071474 ^ clk (in)
                                                         clk (net)
                      0.105206    0.000000   20.071474 ^ clkbuf_0_clk/A (sg13g2_buf_16)
     4    0.101359    0.040687    0.107367   20.178841 ^ clkbuf_0_clk/X (sg13g2_buf_16)
                                                         clknet_0_clk (net)
                      0.043663    0.007780   20.186621 ^ clkbuf_2_3__f_clk/A (sg13g2_buf_16)
     6    0.033397    0.023139    0.070507   20.257128 ^ clkbuf_2_3__f_clk/X (sg13g2_buf_16)
                                                         clknet_2_3__leaf_clk (net)
                      0.023154    0.001092   20.258221 ^ _105_/CLK (sg13g2_dfrbpq_1)
                                 -0.250000   20.008221   clock uncertainty
                                  0.000000   20.008221   clock reconvergence pessimism
                                 -0.135273   19.872948   library recovery time
                                             19.872948   data required time
---------------------------------------------------------------------------------------------
                                             19.872948   data required time
                                             -4.669577   data arrival time
---------------------------------------------------------------------------------------------
                                             15.203371   slack (MET)


Startpoint: reset (input port clocked by clk)
Endpoint: _117_ (recovery check against rising-edge clock clk)
Path Group: asynchronous
Path Type: max

Fanout         Cap        Slew       Delay        Time   Description
---------------------------------------------------------------------------------------------
                                  0.000000    0.000000   clock clk (rise edge)
                                  0.000000    0.000000   clock network delay (propagated)
                                  4.000000    4.000000 v input external delay
     1    0.006333    0.019515    0.004836    4.004836 v reset (in)
                                                         reset (net)
                      0.019516    0.000000    4.004836 v input3/A (sg13g2_buf_1)
     1    0.030396    0.100310    0.127153    4.131988 v input3/X (sg13g2_buf_1)
                                                         net3 (net)
                      0.101006    0.007089    4.139078 v fanout22/A (sg13g2_buf_1)
     4    0.042583    0.137123    0.194082    4.333159 v fanout22/X (sg13g2_buf_1)
                                                         net22 (net)
                      0.137129    0.000778    4.333938 v fanout21/A (sg13g2_buf_1)
     8    0.058615    0.186066    0.241117    4.575055 v fanout21/X (sg13g2_buf_1)
                                                         net21 (net)
                      0.186122    0.002853    4.577909 v _089_/A (sg13g2_inv_1)
     1    0.008110    0.068398    0.090997    4.668906 ^ _089_/Y (sg13g2_inv_1)
                                                         _015_ (net)
                      0.068398    0.000263    4.669169 ^ _117_/RESET_B (sg13g2_dfrbpq_1)
                                              4.669169   data arrival time

                                 20.000000   20.000000   clock clk (rise edge)
                                  0.000000   20.000000   clock source latency
     1    0.075664    0.091454    0.071473   20.071474 ^ clk (in)
                                                         clk (net)
                      0.105206    0.000000   20.071474 ^ clkbuf_0_clk/A (sg13g2_buf_16)
     4    0.101359    0.040687    0.107367   20.178841 ^ clkbuf_0_clk/X (sg13g2_buf_16)
                                                         clknet_0_clk (net)
                      0.043663    0.007780   20.186621 ^ clkbuf_2_3__f_clk/A (sg13g2_buf_16)
     6    0.033397    0.023139    0.070507   20.257128 ^ clkbuf_2_3__f_clk/X (sg13g2_buf_16)
                                                         clknet_2_3__leaf_clk (net)
                      0.023142    0.000405   20.257534 ^ _117_/CLK (sg13g2_dfrbpq_1)
                                 -0.250000   20.007534   clock uncertainty
                                  0.000000   20.007534   clock reconvergence pessimism
                                 -0.134621   19.872913   library recovery time
                                             19.872913   data required time
---------------------------------------------------------------------------------------------
                                             19.872913   data required time
                                             -4.669169   data arrival time
---------------------------------------------------------------------------------------------
                                             15.203745   slack (MET)


Startpoint: reset (input port clocked by clk)
Endpoint: _107_ (recovery check against rising-edge clock clk)
Path Group: asynchronous
Path Type: max

Fanout         Cap        Slew       Delay        Time   Description
---------------------------------------------------------------------------------------------
                                  0.000000    0.000000   clock clk (rise edge)
                                  0.000000    0.000000   clock network delay (propagated)
                                  4.000000    4.000000 v input external delay
     1    0.006333    0.019515    0.004836    4.004836 v reset (in)
                                                         reset (net)
                      0.019516    0.000000    4.004836 v input3/A (sg13g2_buf_1)
     1    0.030396    0.100310    0.127153    4.131988 v input3/X (sg13g2_buf_1)
                                                         net3 (net)
                      0.101006    0.007089    4.139078 v fanout22/A (sg13g2_buf_1)
     4    0.042583    0.137123    0.194082    4.333159 v fanout22/X (sg13g2_buf_1)
                                                         net22 (net)
                      0.137129    0.000778    4.333938 v fanout21/A (sg13g2_buf_1)
     8    0.058615    0.186066    0.241117    4.575055 v fanout21/X (sg13g2_buf_1)
                                                         net21 (net)
                      0.186073    0.001020    4.576075 v _079_/A (sg13g2_inv_1)
     1    0.008282    0.069135    0.091920    4.667994 ^ _079_/Y (sg13g2_inv_1)
                                                         _005_ (net)
                      0.069135    0.000252    4.668246 ^ _107_/RESET_B (sg13g2_dfrbpq_1)
                                              4.668246   data arrival time

                                 20.000000   20.000000   clock clk (rise edge)
                                  0.000000   20.000000   clock source latency
     1    0.075664    0.091454    0.071473   20.071474 ^ clk (in)
                                                         clk (net)
                      0.105206    0.000000   20.071474 ^ clkbuf_0_clk/A (sg13g2_buf_16)
     4    0.101359    0.040687    0.107367   20.178841 ^ clkbuf_0_clk/X (sg13g2_buf_16)
                                                         clknet_0_clk (net)
                      0.043663    0.007780   20.186621 ^ clkbuf_2_3__f_clk/A (sg13g2_buf_16)
     6    0.033397    0.023139    0.070507   20.257128 ^ clkbuf_2_3__f_clk/X (sg13g2_buf_16)
                                                         clknet_2_3__leaf_clk (net)
                      0.023185    0.001728   20.258856 ^ _107_/CLK (sg13g2_dfrbpq_1)
                                 -0.250000   20.008858   clock uncertainty
                                  0.000000   20.008858   clock reconvergence pessimism
                                 -0.134843   19.874014   library recovery time
                                             19.874014   data required time
---------------------------------------------------------------------------------------------
                                             19.874014   data required time
                                             -4.668246   data arrival time
---------------------------------------------------------------------------------------------
                                             15.205768   slack (MET)


Startpoint: reset (input port clocked by clk)
Endpoint: _104_ (recovery check against rising-edge clock clk)
Path Group: asynchronous
Path Type: max

Fanout         Cap        Slew       Delay        Time   Description
---------------------------------------------------------------------------------------------
                                  0.000000    0.000000   clock clk (rise edge)
                                  0.000000    0.000000   clock network delay (propagated)
                                  4.000000    4.000000 v input external delay
     1    0.006333    0.019515    0.004836    4.004836 v reset (in)
                                                         reset (net)
                      0.019516    0.000000    4.004836 v input3/A (sg13g2_buf_1)
     1    0.030396    0.100310    0.127153    4.131988 v input3/X (sg13g2_buf_1)
                                                         net3 (net)
                      0.101006    0.007089    4.139078 v fanout22/A (sg13g2_buf_1)
     4    0.042583    0.137123    0.194082    4.333159 v fanout22/X (sg13g2_buf_1)
                                                         net22 (net)
                      0.137129    0.000778    4.333938 v fanout21/A (sg13g2_buf_1)
     8    0.058615    0.186066    0.241117    4.575055 v fanout21/X (sg13g2_buf_1)
                                                         net21 (net)
                      0.186150    0.003478    4.578533 v _076_/A (sg13g2_inv_1)
     1    0.007724    0.066730    0.088956    4.667489 ^ _076_/Y (sg13g2_inv_1)
                                                         _002_ (net)
                      0.066730    0.000215    4.667705 ^ _104_/RESET_B (sg13g2_dfrbpq_1)
                                              4.667705   data arrival time

                                 20.000000   20.000000   clock clk (rise edge)
                                  0.000000   20.000000   clock source latency
     1    0.075664    0.091454    0.071473   20.071474 ^ clk (in)
                                                         clk (net)
                      0.105206    0.000000   20.071474 ^ clkbuf_0_clk/A (sg13g2_buf_16)
     4    0.101359    0.040687    0.107367   20.178841 ^ clkbuf_0_clk/X (sg13g2_buf_16)
                                                         clknet_0_clk (net)
                      0.043081    0.006837   20.185678 ^ clkbuf_2_2__f_clk/A (sg13g2_buf_16)
     6    0.040949    0.024780    0.071452   20.257130 ^ clkbuf_2_2__f_clk/X (sg13g2_buf_16)
                                                         clknet_2_2__leaf_clk (net)
                      0.024784    0.000579   20.257710 ^ _104_/CLK (sg13g2_dfrbpq_1)
                                 -0.250000   20.007710   clock uncertainty
                                  0.000000   20.007710   clock reconvergence pessimism
                                 -0.133869   19.873840   library recovery time
                                             19.873840   data required time
---------------------------------------------------------------------------------------------
                                             19.873840   data required time
                                             -4.667705   data arrival time
---------------------------------------------------------------------------------------------
                                             15.206136   slack (MET)


Startpoint: reset (input port clocked by clk)
Endpoint: _103_ (recovery check against rising-edge clock clk)
Path Group: asynchronous
Path Type: max

Fanout         Cap        Slew       Delay        Time   Description
---------------------------------------------------------------------------------------------
                                  0.000000    0.000000   clock clk (rise edge)
                                  0.000000    0.000000   clock network delay (propagated)
                                  4.000000    4.000000 v input external delay
     1    0.006333    0.019515    0.004836    4.004836 v reset (in)
                                                         reset (net)
                      0.019516    0.000000    4.004836 v input3/A (sg13g2_buf_1)
     1    0.030396    0.100310    0.127153    4.131988 v input3/X (sg13g2_buf_1)
                                                         net3 (net)
                      0.101006    0.007089    4.139078 v fanout22/A (sg13g2_buf_1)
     4    0.042583    0.137123    0.194082    4.333159 v fanout22/X (sg13g2_buf_1)
                                                         net22 (net)
                      0.137129    0.000778    4.333938 v fanout21/A (sg13g2_buf_1)
     8    0.058615    0.186066    0.241117    4.575055 v fanout21/X (sg13g2_buf_1)
                                                         net21 (net)
                      0.186248    0.005089    4.580144 v _075_/A (sg13g2_inv_1)
     1    0.006960    0.063526    0.084916    4.665061 ^ _075_/Y (sg13g2_inv_1)
                                                         _001_ (net)
                      0.063526    0.000125    4.665185 ^ _103_/RESET_B (sg13g2_dfrbpq_1)
                                              4.665185   data arrival time

                                 20.000000   20.000000   clock clk (rise edge)
                                  0.000000   20.000000   clock source latency
     1    0.075664    0.091454    0.071473   20.071474 ^ clk (in)
                                                         clk (net)
                      0.105206    0.000000   20.071474 ^ clkbuf_0_clk/A (sg13g2_buf_16)
     4    0.101359    0.040687    0.107367   20.178841 ^ clkbuf_0_clk/X (sg13g2_buf_16)
                                                         clknet_0_clk (net)
                      0.043081    0.006837   20.185678 ^ clkbuf_2_2__f_clk/A (sg13g2_buf_16)
     6    0.040949    0.024780    0.071452   20.257130 ^ clkbuf_2_2__f_clk/X (sg13g2_buf_16)
                                                         clknet_2_2__leaf_clk (net)
                      0.024820    0.001677   20.258806 ^ _103_/CLK (sg13g2_dfrbpq_1)
                                 -0.250000   20.008808   clock uncertainty
                                  0.000000   20.008808   clock reconvergence pessimism
                                 -0.132871   19.875937   library recovery time
                                             19.875937   data required time
---------------------------------------------------------------------------------------------
                                             19.875937   data required time
                                             -4.665185   data arrival time
---------------------------------------------------------------------------------------------
                                             15.210751   slack (MET)


Startpoint: reset (input port clocked by clk)
Endpoint: _106_ (recovery check against rising-edge clock clk)
Path Group: asynchronous
Path Type: max

Fanout         Cap        Slew       Delay        Time   Description
---------------------------------------------------------------------------------------------
                                  0.000000    0.000000   clock clk (rise edge)
                                  0.000000    0.000000   clock network delay (propagated)
                                  4.000000    4.000000 v input external delay
     1    0.006333    0.019515    0.004836    4.004836 v reset (in)
                                                         reset (net)
                      0.019516    0.000000    4.004836 v input3/A (sg13g2_buf_1)
     1    0.030396    0.100310    0.127153    4.131988 v input3/X (sg13g2_buf_1)
                                                         net3 (net)
                      0.101006    0.007089    4.139078 v fanout22/A (sg13g2_buf_1)
     4    0.042583    0.137123    0.194082    4.333159 v fanout22/X (sg13g2_buf_1)
                                                         net22 (net)
                      0.137129    0.000778    4.333938 v fanout21/A (sg13g2_buf_1)
     8    0.058615    0.186066    0.241117    4.575055 v fanout21/X (sg13g2_buf_1)
                                                         net21 (net)
                      0.186073    0.001005    4.576060 v _078_/A (sg13g2_inv_1)
     1    0.007066    0.063937    0.085451    4.661510 ^ _078_/Y (sg13g2_inv_1)
                                                         _004_ (net)
                      0.063937    0.000137    4.661647 ^ _106_/RESET_B (sg13g2_dfrbpq_1)
                                              4.661647   data arrival time

                                 20.000000   20.000000   clock clk (rise edge)
                                  0.000000   20.000000   clock source latency
     1    0.075664    0.091454    0.071473   20.071474 ^ clk (in)
                                                         clk (net)
                      0.105206    0.000000   20.071474 ^ clkbuf_0_clk/A (sg13g2_buf_16)
     4    0.101359    0.040687    0.107367   20.178841 ^ clkbuf_0_clk/X (sg13g2_buf_16)
                                                         clknet_0_clk (net)
                      0.043663    0.007780   20.186621 ^ clkbuf_2_3__f_clk/A (sg13g2_buf_16)
     6    0.033397    0.023139    0.070507   20.257128 ^ clkbuf_2_3__f_clk/X (sg13g2_buf_16)
                                                         clknet_2_3__leaf_clk (net)
                      0.023183    0.001696   20.258825 ^ _106_/CLK (sg13g2_dfrbpq_1)
                                 -0.250000   20.008825   clock uncertainty
                                  0.000000   20.008825   clock reconvergence pessimism
                                 -0.133232   19.875593   library recovery time
                                             19.875593   data required time
---------------------------------------------------------------------------------------------
                                             19.875593   data required time
                                             -4.661647   data arrival time
---------------------------------------------------------------------------------------------
                                             15.213946   slack (MET)


Startpoint: reset (input port clocked by clk)
Endpoint: _114_ (recovery check against rising-edge clock clk)
Path Group: asynchronous
Path Type: max

Fanout         Cap        Slew       Delay        Time   Description
---------------------------------------------------------------------------------------------
                                  0.000000    0.000000   clock clk (rise edge)
                                  0.000000    0.000000   clock network delay (propagated)
                                  4.000000    4.000000 v input external delay
     1    0.006333    0.019515    0.004836    4.004836 v reset (in)
                                                         reset (net)
                      0.019516    0.000000    4.004836 v input3/A (sg13g2_buf_1)
     1    0.030396    0.100310    0.127153    4.131988 v input3/X (sg13g2_buf_1)
                                                         net3 (net)
                      0.101006    0.007089    4.139078 v fanout22/A (sg13g2_buf_1)
     4    0.042583    0.137123    0.194082    4.333159 v fanout22/X (sg13g2_buf_1)
                                                         net22 (net)
                      0.137286    0.004102    4.337262 v fanout20/A (sg13g2_buf_1)
     7    0.044907    0.143879    0.209726    4.546988 v fanout20/X (sg13g2_buf_1)
                                                         net20 (net)
                      0.143970    0.002302    4.549290 v _086_/A (sg13g2_inv_1)
     1    0.009720    0.068188    0.089547    4.638836 ^ _086_/Y (sg13g2_inv_1)
                                                         _012_ (net)
                      0.068213    0.000457    4.639294 ^ _114_/RESET_B (sg13g2_dfrbpq_1)
                                              4.639294   data arrival time

                                 20.000000   20.000000   clock clk (rise edge)
                                  0.000000   20.000000   clock source latency
     1    0.075664    0.091454    0.071473   20.071474 ^ clk (in)
                                                         clk (net)
                      0.105206    0.000000   20.071474 ^ clkbuf_0_clk/A (sg13g2_buf_16)
     4    0.101359    0.040687    0.107367   20.178841 ^ clkbuf_0_clk/X (sg13g2_buf_16)
                                                         clknet_0_clk (net)
                      0.043081    0.006837   20.185678 ^ clkbuf_2_2__f_clk/A (sg13g2_buf_16)
     6    0.040949    0.024780    0.071452   20.257130 ^ clkbuf_2_2__f_clk/X (sg13g2_buf_16)
                                                         clknet_2_2__leaf_clk (net)
                      0.024965    0.003059   20.260189 ^ _114_/CLK (sg13g2_dfrbpq_1)
                                 -0.250000   20.010189   clock uncertainty
                                  0.000000   20.010189   clock reconvergence pessimism
                                 -0.134303   19.875887   library recovery time
                                             19.875887   data required time
---------------------------------------------------------------------------------------------
                                             19.875887   data required time
                                             -4.639294   data arrival time
---------------------------------------------------------------------------------------------
                                             15.236593   slack (MET)


Startpoint: reset (input port clocked by clk)
Endpoint: _100_ (recovery check against rising-edge clock clk)
Path Group: asynchronous
Path Type: max

Fanout         Cap        Slew       Delay        Time   Description
---------------------------------------------------------------------------------------------
                                  0.000000    0.000000   clock clk (rise edge)
                                  0.000000    0.000000   clock network delay (propagated)
                                  4.000000    4.000000 v input external delay
     1    0.006333    0.019515    0.004836    4.004836 v reset (in)
                                                         reset (net)
                      0.019516    0.000000    4.004836 v input3/A (sg13g2_buf_1)
     1    0.030396    0.100310    0.127153    4.131988 v input3/X (sg13g2_buf_1)
                                                         net3 (net)
                      0.101006    0.007089    4.139078 v fanout22/A (sg13g2_buf_1)
     4    0.042583    0.137123    0.194082    4.333159 v fanout22/X (sg13g2_buf_1)
                                                         net22 (net)
                      0.137286    0.004102    4.337262 v fanout20/A (sg13g2_buf_1)
     7    0.044907    0.143879    0.209726    4.546988 v fanout20/X (sg13g2_buf_1)
                                                         net20 (net)
                      0.144034    0.003493    4.550480 v _096_/A (sg13g2_inv_1)
     1    0.008977    0.065037    0.086070    4.636550 ^ _096_/Y (sg13g2_inv_1)
                                                         _022_ (net)
                      0.065061    0.000346    4.636896 ^ _100_/RESET_B (sg13g2_dfrbpq_1)
                                              4.636896   data arrival time

                                 20.000000   20.000000   clock clk (rise edge)
                                  0.000000   20.000000   clock source latency
     1    0.075664    0.091454    0.071473   20.071474 ^ clk (in)
                                                         clk (net)
                      0.105206    0.000000   20.071474 ^ clkbuf_0_clk/A (sg13g2_buf_16)
     4    0.101359    0.040687    0.107367   20.178841 ^ clkbuf_0_clk/X (sg13g2_buf_16)
                                                         clknet_0_clk (net)
                      0.044039    0.008349   20.187189 ^ clkbuf_2_1__f_clk/A (sg13g2_buf_16)
     6    0.038515    0.024292    0.071630   20.258820 ^ clkbuf_2_1__f_clk/X (sg13g2_buf_16)
                                                         clknet_2_1__leaf_clk (net)
                      0.024300    0.000815   20.259634 ^ _100_/CLK (sg13g2_dfrbpq_1)
                                 -0.250000   20.009636   clock uncertainty
                                  0.000000   20.009636   clock reconvergence pessimism
                                 -0.133421   19.876215   library recovery time
                                             19.876215   data required time
---------------------------------------------------------------------------------------------
                                             19.876215   data required time
                                             -4.636896   data arrival time
---------------------------------------------------------------------------------------------
                                             15.239320   slack (MET)


Startpoint: reset (input port clocked by clk)
Endpoint: _102_ (recovery check against rising-edge clock clk)
Path Group: asynchronous
Path Type: max

Fanout         Cap        Slew       Delay        Time   Description
---------------------------------------------------------------------------------------------
                                  0.000000    0.000000   clock clk (rise edge)
                                  0.000000    0.000000   clock network delay (propagated)
                                  4.000000    4.000000 v input external delay
     1    0.006333    0.019515    0.004836    4.004836 v reset (in)
                                                         reset (net)
                      0.019516    0.000000    4.004836 v input3/A (sg13g2_buf_1)
     1    0.030396    0.100310    0.127153    4.131988 v input3/X (sg13g2_buf_1)
                                                         net3 (net)
                      0.101006    0.007089    4.139078 v fanout22/A (sg13g2_buf_1)
     4    0.042583    0.137123    0.194082    4.333159 v fanout22/X (sg13g2_buf_1)
                                                         net22 (net)
                      0.137286    0.004102    4.337262 v fanout20/A (sg13g2_buf_1)
     7    0.044907    0.143879    0.209726    4.546988 v fanout20/X (sg13g2_buf_1)
                                                         net20 (net)
                      0.143880    0.000768    4.547756 v _049_/A (sg13g2_inv_1)
     1    0.008672    0.063733    0.084595    4.632350 ^ _049_/Y (sg13g2_inv_1)
                                                         _000_ (net)
                      0.063733    0.000303    4.632654 ^ _102_/RESET_B (sg13g2_dfrbpq_1)
                                              4.632654   data arrival time

                                 20.000000   20.000000   clock clk (rise edge)
                                  0.000000   20.000000   clock source latency
     1    0.075664    0.091454    0.071473   20.071474 ^ clk (in)
                                                         clk (net)
                      0.105206    0.000000   20.071474 ^ clkbuf_0_clk/A (sg13g2_buf_16)
     4    0.101359    0.040687    0.107367   20.178841 ^ clkbuf_0_clk/X (sg13g2_buf_16)
                                                         clknet_0_clk (net)
                      0.043081    0.006837   20.185678 ^ clkbuf_2_2__f_clk/A (sg13g2_buf_16)
     6    0.040949    0.024780    0.071452   20.257130 ^ clkbuf_2_2__f_clk/X (sg13g2_buf_16)
                                                         clknet_2_2__leaf_clk (net)
                      0.024927    0.002840   20.259970 ^ _102_/CLK (sg13g2_dfrbpq_1)
                                 -0.250000   20.009972   clock uncertainty
                                  0.000000   20.009972   clock reconvergence pessimism
                                 -0.132920   19.877052   library recovery time
                                             19.877052   data required time
---------------------------------------------------------------------------------------------
                                             19.877052   data required time
                                             -4.632654   data arrival time
---------------------------------------------------------------------------------------------
                                             15.244398   slack (MET)


Startpoint: reset (input port clocked by clk)
Endpoint: _108_ (recovery check against rising-edge clock clk)
Path Group: asynchronous
Path Type: max

Fanout         Cap        Slew       Delay        Time   Description
---------------------------------------------------------------------------------------------
                                  0.000000    0.000000   clock clk (rise edge)
                                  0.000000    0.000000   clock network delay (propagated)
                                  4.000000    4.000000 v input external delay
     1    0.006333    0.019515    0.004836    4.004836 v reset (in)
                                                         reset (net)
                      0.019516    0.000000    4.004836 v input3/A (sg13g2_buf_1)
     1    0.030396    0.100310    0.127153    4.131988 v input3/X (sg13g2_buf_1)
                                                         net3 (net)
                      0.101006    0.007089    4.139078 v fanout22/A (sg13g2_buf_1)
     4    0.042583    0.137123    0.194082    4.333159 v fanout22/X (sg13g2_buf_1)
                                                         net22 (net)
                      0.137286    0.004102    4.337262 v fanout20/A (sg13g2_buf_1)
     7    0.044907    0.143879    0.209726    4.546988 v fanout20/X (sg13g2_buf_1)
                                                         net20 (net)
                      0.143992    0.002768    4.549756 v _080_/A (sg13g2_inv_1)
     1    0.008033    0.061131    0.081593    4.631349 ^ _080_/Y (sg13g2_inv_1)
                                                         _006_ (net)
                      0.061131    0.000254    4.631603 ^ _108_/RESET_B (sg13g2_dfrbpq_1)
                                              4.631603   data arrival time

                                 20.000000   20.000000   clock clk (rise edge)
                                  0.000000   20.000000   clock source latency
     1    0.075664    0.091454    0.071473   20.071474 ^ clk (in)
                                                         clk (net)
                      0.105206    0.000000   20.071474 ^ clkbuf_0_clk/A (sg13g2_buf_16)
     4    0.101359    0.040687    0.107367   20.178841 ^ clkbuf_0_clk/X (sg13g2_buf_16)
                                                         clknet_0_clk (net)
                      0.044386    0.008848   20.187689 ^ clkbuf_2_0__f_clk/A (sg13g2_buf_16)
     6    0.041888    0.025048    0.072349   20.260038 ^ clkbuf_2_0__f_clk/X (sg13g2_buf_16)
                                                         clknet_2_0__leaf_clk (net)
                      0.025072    0.001309   20.261347 ^ _108_/CLK (sg13g2_dfrbpq_1)
                                 -0.250000   20.011349   clock uncertainty
                                  0.000000   20.011349   clock reconvergence pessimism
                                 -0.132093   19.879255   library recovery time
                                             19.879255   data required time
---------------------------------------------------------------------------------------------
                                             19.879255   data required time
                                             -4.631603   data arrival time
---------------------------------------------------------------------------------------------
                                             15.247651   slack (MET)


Startpoint: reset (input port clocked by clk)
Endpoint: _101_ (recovery check against rising-edge clock clk)
Path Group: asynchronous
Path Type: max

Fanout         Cap        Slew       Delay        Time   Description
---------------------------------------------------------------------------------------------
                                  0.000000    0.000000   clock clk (rise edge)
                                  0.000000    0.000000   clock network delay (propagated)
                                  4.000000    4.000000 v input external delay
     1    0.006333    0.019515    0.004836    4.004836 v reset (in)
                                                         reset (net)
                      0.019516    0.000000    4.004836 v input3/A (sg13g2_buf_1)
     1    0.030396    0.100310    0.127153    4.131988 v input3/X (sg13g2_buf_1)
                                                         net3 (net)
                      0.101006    0.007089    4.139078 v fanout22/A (sg13g2_buf_1)
     4    0.042583    0.137123    0.194082    4.333159 v fanout22/X (sg13g2_buf_1)
                                                         net22 (net)
                      0.137286    0.004102    4.337262 v fanout20/A (sg13g2_buf_1)
     7    0.044907    0.143879    0.209726    4.546988 v fanout20/X (sg13g2_buf_1)
                                                         net20 (net)
                      0.143994    0.002808    4.549796 v _097_/A (sg13g2_inv_1)
     1    0.007391    0.058546    0.078557    4.628353 ^ _097_/Y (sg13g2_inv_1)
                                                         _023_ (net)
                      0.058546    0.000175    4.628528 ^ _101_/RESET_B (sg13g2_dfrbpq_1)
                                              4.628528   data arrival time

                                 20.000000   20.000000   clock clk (rise edge)
                                  0.000000   20.000000   clock source latency
     1    0.075664    0.091454    0.071473   20.071474 ^ clk (in)
                                                         clk (net)
                      0.105206    0.000000   20.071474 ^ clkbuf_0_clk/A (sg13g2_buf_16)
     4    0.101359    0.040687    0.107367   20.178841 ^ clkbuf_0_clk/X (sg13g2_buf_16)
                                                         clknet_0_clk (net)
                      0.044039    0.008349   20.187189 ^ clkbuf_2_1__f_clk/A (sg13g2_buf_16)
     6    0.038515    0.024292    0.071630   20.258820 ^ clkbuf_2_1__f_clk/X (sg13g2_buf_16)
                                                         clknet_2_1__leaf_clk (net)
                      0.024300    0.000846   20.259665 ^ _101_/CLK (sg13g2_dfrbpq_1)
                                 -0.250000   20.009666   clock uncertainty
                                  0.000000   20.009666   clock reconvergence pessimism
                                 -0.131401   19.878265   library recovery time
                                             19.878265   data required time
---------------------------------------------------------------------------------------------
                                             19.878265   data required time
                                             -4.628528   data arrival time
---------------------------------------------------------------------------------------------
                                             15.249738   slack (MET)


Startpoint: reset (input port clocked by clk)
Endpoint: _113_ (recovery check against rising-edge clock clk)
Path Group: asynchronous
Path Type: max

Fanout         Cap        Slew       Delay        Time   Description
---------------------------------------------------------------------------------------------
                                  0.000000    0.000000   clock clk (rise edge)
                                  0.000000    0.000000   clock network delay (propagated)
                                  4.000000    4.000000 v input external delay
     1    0.006333    0.019515    0.004836    4.004836 v reset (in)
                                                         reset (net)
                      0.019516    0.000000    4.004836 v input3/A (sg13g2_buf_1)
     1    0.030396    0.100310    0.127153    4.131988 v input3/X (sg13g2_buf_1)
                                                         net3 (net)
                      0.101006    0.007089    4.139078 v fanout22/A (sg13g2_buf_1)
     4    0.042583    0.137123    0.194082    4.333159 v fanout22/X (sg13g2_buf_1)
                                                         net22 (net)
                      0.137286    0.004102    4.337262 v fanout20/A (sg13g2_buf_1)
     7    0.044907    0.143879    0.209726    4.546988 v fanout20/X (sg13g2_buf_1)
                                                         net20 (net)
                      0.144016    0.003205    4.550193 v _085_/A (sg13g2_inv_1)
     1    0.006960    0.056859    0.076526    4.626719 ^ _085_/Y (sg13g2_inv_1)
                                                         _011_ (net)
                      0.056859    0.000125    4.626843 ^ _113_/RESET_B (sg13g2_dfrbpq_1)
                                              4.626843   data arrival time

                                 20.000000   20.000000   clock clk (rise edge)
                                  0.000000   20.000000   clock source latency
     1    0.075664    0.091454    0.071473   20.071474 ^ clk (in)
                                                         clk (net)
                      0.105206    0.000000   20.071474 ^ clkbuf_0_clk/A (sg13g2_buf_16)
     4    0.101359    0.040687    0.107367   20.178841 ^ clkbuf_0_clk/X (sg13g2_buf_16)
                                                         clknet_0_clk (net)
                      0.044039    0.008349   20.187189 ^ clkbuf_2_1__f_clk/A (sg13g2_buf_16)
     6    0.038515    0.024292    0.071630   20.258820 ^ clkbuf_2_1__f_clk/X (sg13g2_buf_16)
                                                         clknet_2_1__leaf_clk (net)
                      0.024298    0.000732   20.259552 ^ _113_/CLK (sg13g2_dfrbpq_1)
                                 -0.250000   20.009552   clock uncertainty
                                  0.000000   20.009552   clock reconvergence pessimism
                                 -0.130878   19.878674   library recovery time
                                             19.878674   data required time
---------------------------------------------------------------------------------------------
                                             19.878674   data required time
                                             -4.626843   data arrival time
---------------------------------------------------------------------------------------------
                                             15.251830   slack (MET)


Startpoint: reset (input port clocked by clk)
Endpoint: _118_ (recovery check against rising-edge clock clk)
Path Group: asynchronous
Path Type: max

Fanout         Cap        Slew       Delay        Time   Description
---------------------------------------------------------------------------------------------
                                  0.000000    0.000000   clock clk (rise edge)
                                  0.000000    0.000000   clock network delay (propagated)
                                  4.000000    4.000000 v input external delay
     1    0.006333    0.019515    0.004836    4.004836 v reset (in)
                                                         reset (net)
                      0.019516    0.000000    4.004836 v input3/A (sg13g2_buf_1)
     1    0.030396    0.100310    0.127153    4.131988 v input3/X (sg13g2_buf_1)
                                                         net3 (net)
                      0.101006    0.007089    4.139078 v fanout22/A (sg13g2_buf_1)
     4    0.042583    0.137123    0.194082    4.333159 v fanout22/X (sg13g2_buf_1)
                                                         net22 (net)
                      0.137133    0.001016    4.334176 v _090_/A (sg13g2_inv_1)
     1    0.007721    0.058720    0.078550    4.412725 ^ _090_/Y (sg13g2_inv_1)
                                                         _016_ (net)
                      0.058720    0.000214    4.412940 ^ _118_/RESET_B (sg13g2_dfrbpq_1)
                                              4.412940   data arrival time

                                 20.000000   20.000000   clock clk (rise edge)
                                  0.000000   20.000000   clock source latency
     1    0.075664    0.091454    0.071473   20.071474 ^ clk (in)
                                                         clk (net)
                      0.105206    0.000000   20.071474 ^ clkbuf_0_clk/A (sg13g2_buf_16)
     4    0.101359    0.040687    0.107367   20.178841 ^ clkbuf_0_clk/X (sg13g2_buf_16)
                                                         clknet_0_clk (net)
                      0.043663    0.007780   20.186621 ^ clkbuf_2_3__f_clk/A (sg13g2_buf_16)
     6    0.033397    0.023139    0.070507   20.257128 ^ clkbuf_2_3__f_clk/X (sg13g2_buf_16)
                                                         clknet_2_3__leaf_clk (net)
                      0.023156    0.001164   20.258291 ^ _118_/CLK (sg13g2_dfrbpq_1)
                                 -0.250000   20.008293   clock uncertainty
                                  0.000000   20.008293   clock reconvergence pessimism
                                 -0.131618   19.876675   library recovery time
                                             19.876675   data required time
---------------------------------------------------------------------------------------------
                                             19.876675   data required time
                                             -4.412940   data arrival time
---------------------------------------------------------------------------------------------
                                             15.463736   slack (MET)


Startpoint: reset (input port clocked by clk)
Endpoint: _119_ (recovery check against rising-edge clock clk)
Path Group: asynchronous
Path Type: max

Fanout         Cap        Slew       Delay        Time   Description
---------------------------------------------------------------------------------------------
                                  0.000000    0.000000   clock clk (rise edge)
                                  0.000000    0.000000   clock network delay (propagated)
                                  4.000000    4.000000 v input external delay
     1    0.006333    0.019515    0.004836    4.004836 v reset (in)
                                                         reset (net)
                      0.019516    0.000000    4.004836 v input3/A (sg13g2_buf_1)
     1    0.030396    0.100310    0.127153    4.131988 v input3/X (sg13g2_buf_1)
                                                         net3 (net)
                      0.101006    0.007089    4.139078 v fanout22/A (sg13g2_buf_1)
     4    0.042583    0.137123    0.194082    4.333159 v fanout22/X (sg13g2_buf_1)
                                                         net22 (net)
                      0.137129    0.000778    4.333938 v _091_/A (sg13g2_inv_1)
     1    0.007274    0.056958    0.076483    4.410420 ^ _091_/Y (sg13g2_inv_1)
                                                         _017_ (net)
                      0.056958    0.000161    4.410582 ^ _119_/RESET_B (sg13g2_dfrbpq_1)
                                              4.410582   data arrival time

                                 20.000000   20.000000   clock clk (rise edge)
                                  0.000000   20.000000   clock source latency
     1    0.075664    0.091454    0.071473   20.071474 ^ clk (in)
                                                         clk (net)
                      0.105206    0.000000   20.071474 ^ clkbuf_0_clk/A (sg13g2_buf_16)
     4    0.101359    0.040687    0.107367   20.178841 ^ clkbuf_0_clk/X (sg13g2_buf_16)
                                                         clknet_0_clk (net)
                      0.043663    0.007780   20.186621 ^ clkbuf_2_3__f_clk/A (sg13g2_buf_16)
     6    0.033397    0.023139    0.070507   20.257128 ^ clkbuf_2_3__f_clk/X (sg13g2_buf_16)
                                                         clknet_2_3__leaf_clk (net)
                      0.023181    0.001663   20.258791 ^ _119_/CLK (sg13g2_dfrbpq_1)
                                 -0.250000   20.008791   clock uncertainty
                                  0.000000   20.008791   clock reconvergence pessimism
                                 -0.131068   19.877724   library recovery time
                                             19.877724   data required time
---------------------------------------------------------------------------------------------
                                             19.877724   data required time
                                             -4.410582   data arrival time
---------------------------------------------------------------------------------------------
                                             15.467141   slack (MET)



%OL_END_REPORT
%OL_CREATE_REPORT checks.rpt

===========================================================================
report_checks -unconstrained
===========================================================================
======================= nom_typ_1p20V_25C Corner ===================================

Startpoint: reset (input port clocked by clk)
Endpoint: _099_ (recovery check against rising-edge clock clk)
Path Group: asynchronous
Path Type: max

Fanout         Cap        Slew       Delay        Time   Description
---------------------------------------------------------------------------------------------
                                  0.000000    0.000000   clock clk (rise edge)
                                  0.000000    0.000000   clock network delay (propagated)
                                  4.000000    4.000000 v input external delay
     1    0.006333    0.019515    0.004836    4.004836 v reset (in)
                                                         reset (net)
                      0.019516    0.000000    4.004836 v input3/A (sg13g2_buf_1)
     1    0.030396    0.100310    0.127153    4.131988 v input3/X (sg13g2_buf_1)
                                                         net3 (net)
                      0.101006    0.007089    4.139078 v fanout22/A (sg13g2_buf_1)
     4    0.042583    0.137123    0.194082    4.333159 v fanout22/X (sg13g2_buf_1)
                                                         net22 (net)
                      0.137286    0.004102    4.337262 v fanout20/A (sg13g2_buf_1)
     7    0.044907    0.143879    0.209726    4.546988 v fanout20/X (sg13g2_buf_1)
                                                         net20 (net)
                      0.144043    0.003631    4.550619 v fanout19/A (sg13g2_buf_1)
     8    0.049101    0.156617    0.220865    4.771484 v fanout19/X (sg13g2_buf_1)
                                                         net19 (net)
                      0.156762    0.003437    4.774920 v _095_/A (sg13g2_inv_1)
     1    0.010527    0.074082    0.096771    4.871692 ^ _095_/Y (sg13g2_inv_1)
                                                         _021_ (net)
                      0.074085    0.000585    4.872277 ^ _099_/RESET_B (sg13g2_dfrbpq_1)
                                              4.872277   data arrival time

                                 20.000000   20.000000   clock clk (rise edge)
                                  0.000000   20.000000   clock source latency
     1    0.075664    0.091454    0.071473   20.071474 ^ clk (in)
                                                         clk (net)
                      0.105206    0.000000   20.071474 ^ clkbuf_0_clk/A (sg13g2_buf_16)
     4    0.101359    0.040687    0.107367   20.178841 ^ clkbuf_0_clk/X (sg13g2_buf_16)
                                                         clknet_0_clk (net)
                      0.044039    0.008349   20.187189 ^ clkbuf_2_1__f_clk/A (sg13g2_buf_16)
     6    0.038515    0.024292    0.071630   20.258820 ^ clkbuf_2_1__f_clk/X (sg13g2_buf_16)
                                                         clknet_2_1__leaf_clk (net)
                      0.024320    0.001405   20.260223 ^ _099_/CLK (sg13g2_dfrbpq_1)
                                 -0.250000   20.010225   clock uncertainty
                                  0.000000   20.010225   clock reconvergence pessimism
                                 -0.136216   19.874008   library recovery time
                                             19.874008   data required time
---------------------------------------------------------------------------------------------
                                             19.874008   data required time
                                             -4.872277   data arrival time
---------------------------------------------------------------------------------------------
                                             15.001732   slack (MET)


Startpoint: done_in (input port clocked by clk)
Endpoint: _114_ (rising edge-triggered flip-flop clocked by clk)
Path Group: clk
Path Type: max

Fanout         Cap        Slew       Delay        Time   Description
---------------------------------------------------------------------------------------------
                                  0.000000    0.000000   clock clk (rise edge)
                                  0.000000    0.000000   clock network delay (propagated)
                                  4.000000    4.000000 v input external delay
     1    0.004052    0.017940    0.003016    4.003016 v done_in (in)
                                                         done_in (net)
                      0.017940    0.000000    4.003016 v input2/A (sg13g2_buf_1)
     2    0.048081    0.154421    0.164201    4.167217 v input2/X (sg13g2_buf_1)
                                                         net2 (net)
                      0.156062    0.013511    4.180728 v fanout23/A (sg13g2_buf_1)
     8    0.106788    0.336565    0.339846    4.520575 v fanout23/X (sg13g2_buf_1)
                                                         net23 (net)
                      0.336609    0.003503    4.524078 v _056_/A (sg13g2_nor2b_1)
     2    0.013449    0.177492    0.213871    4.737949 ^ _056_/Y (sg13g2_nor2b_1)
                                                         _048_ (net)
                      0.177492    0.000646    4.738595 ^ fanout17/A (sg13g2_buf_1)
     8    0.107196    0.440156    0.408146    5.146741 ^ fanout17/X (sg13g2_buf_1)
                                                         net17 (net)
                      0.442119    0.025317    5.172058 ^ _062_/S (sg13g2_mux2_1)
     1    0.005431    0.043071    0.265583    5.437640 v _062_/X (sg13g2_mux2_1)
                                                         _036_ (net)
                      0.043071    0.000214    5.437854 v hold43/A (sg13g2_dlygate4sd3_1)
     1    0.004795    0.041687    0.404944    5.842798 v hold43/X (sg13g2_dlygate4sd3_1)
                                                         net43 (net)
                      0.041687    0.000170    5.842967 v _114_/D (sg13g2_dfrbpq_1)
                                              5.842967   data arrival time

                                 20.000000   20.000000   clock clk (rise edge)
                                  0.000000   20.000000   clock source latency
     1    0.075664    0.091454    0.071473   20.071474 ^ clk (in)
                                                         clk (net)
                      0.105206    0.000000   20.071474 ^ clkbuf_0_clk/A (sg13g2_buf_16)
     4    0.101359    0.040687    0.107367   20.178841 ^ clkbuf_0_clk/X (sg13g2_buf_16)
                                                         clknet_0_clk (net)
                      0.043081    0.006837   20.185678 ^ clkbuf_2_2__f_clk/A (sg13g2_buf_16)
     6    0.040949    0.024780    0.071452   20.257130 ^ clkbuf_2_2__f_clk/X (sg13g2_buf_16)
                                                         clknet_2_2__leaf_clk (net)
                      0.024965    0.003059   20.260189 ^ _114_/CLK (sg13g2_dfrbpq_1)
                                 -0.250000   20.010189   clock uncertainty
                                  0.000000   20.010189   clock reconvergence pessimism
                                 -0.119170   19.891020   library setup time
                                             19.891020   data required time
---------------------------------------------------------------------------------------------
                                             19.891020   data required time
                                             -5.842967   data arrival time
---------------------------------------------------------------------------------------------
                                             14.048052   slack (MET)




===========================================================================
report_checks --slack_max -0.01
============================================================================
======================= nom_typ_1p20V_25C Corner ===================================

No paths found.


===========================================================================
 report_check_types -max_slew -max_cap -max_fanout -violators
============================================================================
======================= nom_typ_1p20V_25C Corner ===================================



===========================================================================
report_parasitic_annotation -report_unannotated
============================================================================
Found 0 unannotated drivers.
Found 0 partially unannotated drivers.

===========================================================================
max slew violation count 0
Writing metric design__max_slew_violation__count__corner:nom_typ_1p20V_25C: 0
max fanout violation count 0
Writing metric design__max_fanout_violation__count__corner:nom_typ_1p20V_25C: 0
max cap violation count 0
Writing metric design__max_cap_violation__count__corner:nom_typ_1p20V_25C: 0
============================================================================

===========================================================================
check_setup -verbose -unconstrained_endpoints -multiple_clock -no_clock -no_input_delay -loops -generated_clocks
===========================================================================
%OL_END_REPORT
%OL_CREATE_REPORT power.rpt

===========================================================================
 report_power
============================================================================
======================= nom_typ_1p20V_25C Corner ===================================

Group                    Internal    Switching      Leakage        Total
                            Power        Power        Power        Power (Watts)
------------------------------------------------------------------------
Sequential           9.357266e-05 8.566894e-06 1.225185e-08 1.021518e-04  45.7%
Combinational        4.605671e-05 1.899660e-05 2.330663e-08 6.507661e-05  29.1%
Clock                3.626833e-05 1.998271e-05 6.926938e-09 5.625797e-05  25.2%
Macro                0.000000e+00 0.000000e+00 0.000000e+00 0.000000e+00   0.0%
Pad                  0.000000e+00 0.000000e+00 0.000000e+00 0.000000e+00   0.0%
------------------------------------------------------------------------
Total                1.758977e-04 4.754619e-05 4.248541e-08 2.234864e-04 100.0%
                            78.7%        21.3%         0.0%
Writing metric power__internal__total: 0.00017589768685866147
Writing metric power__switching__total: 4.754618930746801e-5
Writing metric power__leakage__total: 4.248541429774377e-8
Writing metric power__total: 0.0002234863641206175

%OL_END_REPORT
%OL_CREATE_REPORT skew.min.rpt

===========================================================================
Clock Skew (Hold)
============================================================================
Writing metric clock__skew__worst_hold__corner:nom_typ_1p20V_25C: -0.324193486787624
======================= nom_typ_1p20V_25C Corner ===================================

Clock clk
0.261347 source latency _108_/CLK ^
-0.298999 target latency _120_/CLK ^
-0.250000 clock uncertainty
-0.036541 CRPR
--------------
-0.324193 hold skew

%OL_END_REPORT
%OL_CREATE_REPORT skew.max.rpt

===========================================================================
Clock Skew (Setup)
============================================================================
Writing metric clock__skew__worst_setup__corner:nom_typ_1p20V_25C: 0.2635908232958992
======================= nom_typ_1p20V_25C Corner ===================================

Clock clk
0.297762 source latency _112_/CLK ^
-0.259551 target latency _113_/CLK ^
0.250000 clock uncertainty
-0.024620 CRPR
--------------
0.263591 setup skew

%OL_END_REPORT
%OL_CREATE_REPORT ws.min.rpt

===========================================================================
Worst Slack (Hold)
============================================================================
Writing metric timing__hold__ws__corner:nom_typ_1p20V_25C: 0.4026654679218256
nom_typ_1p20V_25C: 0.4026654679218256
%OL_END_REPORT
%OL_CREATE_REPORT ws.max.rpt

===========================================================================
Worst Slack (Setup)
============================================================================
Writing metric timing__setup__ws__corner:nom_typ_1p20V_25C: 14.048052008177015
nom_typ_1p20V_25C: 14.048052008177015
%OL_END_REPORT
%OL_CREATE_REPORT tns.min.rpt

===========================================================================
Total Negative Slack (Hold)
============================================================================
Writing metric timing__hold__tns__corner:nom_typ_1p20V_25C: 0.0
nom_typ_1p20V_25C: 0.0
%OL_END_REPORT
%OL_CREATE_REPORT tns.max.rpt

===========================================================================
Total Negative Slack (Setup)
============================================================================
Writing metric timing__setup__tns__corner:nom_typ_1p20V_25C: 0.0
nom_typ_1p20V_25C: 0.0
%OL_END_REPORT
%OL_CREATE_REPORT wns.min.rpt

===========================================================================
Worst Negative Slack (Hold)
============================================================================
Writing metric timing__hold__wns__corner:nom_typ_1p20V_25C: 0
nom_typ_1p20V_25C: 0
%OL_END_REPORT
%OL_CREATE_REPORT wns.max.rpt

===========================================================================
Worst Negative Slack (Setup)
============================================================================
Writing metric timing__setup__wns__corner:nom_typ_1p20V_25C: 0.0
nom_typ_1p20V_25C: 0.0
%OL_END_REPORT
%OL_CREATE_REPORT violator_list.rpt

===========================================================================
Violator List
============================================================================
Writing metric timing__hold_vio__count__corner:nom_typ_1p20V_25C: 0
Writing metric timing__hold_r2r__ws__corner:nom_typ_1p20V_25C: 0.402665
Writing metric timing__hold_r2r_vio__count__corner:nom_typ_1p20V_25C: 0
Writing metric timing__setup_vio__count__corner:nom_typ_1p20V_25C: 0
Writing metric timing__setup_r2r__ws__corner:nom_typ_1p20V_25C: 1e30
Writing metric timing__setup_r2r_vio__count__corner:nom_typ_1p20V_25C: 0
%OL_END_REPORT
%OL_CREATE_REPORT unpropagated.rpt
%OL_END_REPORT
%OL_CREATE_REPORT clock.rpt
Clock: clk
Sources: clk 
Generated: no
Virtual: yes
Propagated: no
Period: 20.000000

===========================================================================
report_clock_properties
============================================================================
Clock                   Period          Waveform
----------------------------------------------------
clk                  20.000000    0.000000 10.000000

===========================================================================
report_clock_latency
============================================================================
Clock clk
rise -> rise
    min     max
0.000000 0.000000 source latency
0.257520         network latency _116_/CLK
        0.298999 network latency _120_/CLK
---------------
0.257520 0.298999 latency
        0.041479 skew

fall -> fall
    min     max
0.000000 0.000000 source latency
0.249277         network latency _116_/CLK
        0.288862 network latency _120_/CLK
---------------
0.249277 0.288862 latency
        0.039585 skew



===========================================================================
report_clock_min_period
============================================================================
clk period_min = 1.55 fmax = 646.03
%OL_END_REPORT
