
===========================================================================
report_checks -path_delay max (Setup)
============================================================================
======================= nom_slow_1p08V_125C Corner ===================================

Startpoint: done_in (input port clocked by clk)
Endpoint: _108_ (rising edge-triggered flip-flop clocked by clk)
Path Group: clk
Path Type: max

Fanout         Cap        Slew       Delay        Time   Description
---------------------------------------------------------------------------------------------
                      0.150000    0.000000    0.000000   clock clk (rise edge)
                                  0.000000    0.000000   clock network delay (ideal)
                                  4.000000    4.000000 v input external delay
    13    0.068143    0.105721    0.079839    4.079839 v done_in (in)
                                                         done_in (net)
                      0.105721    0.000000    4.079839 v _056_/A (sg13g2_nor2b_1)
    12    0.067043    0.865593    0.730357    4.810196 ^ _056_/Y (sg13g2_nor2b_1)
                                                         _048_ (net)
                      0.865593    0.000000    4.810196 ^ _068_/S (sg13g2_mux2_1)
     1    0.001692    0.057353    0.451976    5.262173 v _068_/X (sg13g2_mux2_1)
                                                         _030_ (net)
                      0.057353    0.000000    5.262173 v _108_/D (sg13g2_dfrbpq_1)
                                              5.262173   data arrival time

                      0.150000   20.000000   20.000000   clock clk (rise edge)
                                  0.000000   20.000000   clock network delay (ideal)
                                 -0.250000   19.750002   clock uncertainty
                                  0.000000   19.750002   clock reconvergence pessimism
                                             19.750002 ^ _108_/CLK (sg13g2_dfrbpq_1)
                                 -0.151002   19.598999   library setup time
                                             19.598999   data required time
---------------------------------------------------------------------------------------------
                                             19.598999   data required time
                                             -5.262173   data arrival time
---------------------------------------------------------------------------------------------
                                             14.336825   slack (MET)


Startpoint: done_in (input port clocked by clk)
Endpoint: _109_ (rising edge-triggered flip-flop clocked by clk)
Path Group: clk
Path Type: max

Fanout         Cap        Slew       Delay        Time   Description
---------------------------------------------------------------------------------------------
                      0.150000    0.000000    0.000000   clock clk (rise edge)
                                  0.000000    0.000000   clock network delay (ideal)
                                  4.000000    4.000000 v input external delay
    13    0.068143    0.105721    0.079839    4.079839 v done_in (in)
                                                         done_in (net)
                      0.105721    0.000000    4.079839 v _056_/A (sg13g2_nor2b_1)
    12    0.067043    0.865593    0.730357    4.810196 ^ _056_/Y (sg13g2_nor2b_1)
                                                         _048_ (net)
                      0.865593    0.000000    4.810196 ^ _067_/S (sg13g2_mux2_1)
     1    0.001692    0.057353    0.451976    5.262173 v _067_/X (sg13g2_mux2_1)
                                                         _031_ (net)
                      0.057353    0.000000    5.262173 v _109_/D (sg13g2_dfrbpq_1)
                                              5.262173   data arrival time

                      0.150000   20.000000   20.000000   clock clk (rise edge)
                                  0.000000   20.000000   clock network delay (ideal)
                                 -0.250000   19.750002   clock uncertainty
                                  0.000000   19.750002   clock reconvergence pessimism
                                             19.750002 ^ _109_/CLK (sg13g2_dfrbpq_1)
                                 -0.151002   19.598999   library setup time
                                             19.598999   data required time
---------------------------------------------------------------------------------------------
                                             19.598999   data required time
                                             -5.262173   data arrival time
---------------------------------------------------------------------------------------------
                                             14.336825   slack (MET)


Startpoint: done_in (input port clocked by clk)
Endpoint: _110_ (rising edge-triggered flip-flop clocked by clk)
Path Group: clk
Path Type: max

Fanout         Cap        Slew       Delay        Time   Description
---------------------------------------------------------------------------------------------
                      0.150000    0.000000    0.000000   clock clk (rise edge)
                                  0.000000    0.000000   clock network delay (ideal)
                                  4.000000    4.000000 v input external delay
    13    0.068143    0.105721    0.079839    4.079839 v done_in (in)
                                                         done_in (net)
                      0.105721    0.000000    4.079839 v _056_/A (sg13g2_nor2b_1)
    12    0.067043    0.865593    0.730357    4.810196 ^ _056_/Y (sg13g2_nor2b_1)
                                                         _048_ (net)
                      0.865593    0.000000    4.810196 ^ _066_/S (sg13g2_mux2_1)
     1    0.001692    0.057353    0.451976    5.262173 v _066_/X (sg13g2_mux2_1)
                                                         _032_ (net)
                      0.057353    0.000000    5.262173 v _110_/D (sg13g2_dfrbpq_1)
                                              5.262173   data arrival time

                      0.150000   20.000000   20.000000   clock clk (rise edge)
                                  0.000000   20.000000   clock network delay (ideal)
                                 -0.250000   19.750002   clock uncertainty
                                  0.000000   19.750002   clock reconvergence pessimism
                                             19.750002 ^ _110_/CLK (sg13g2_dfrbpq_1)
                                 -0.151002   19.598999   library setup time
                                             19.598999   data required time
---------------------------------------------------------------------------------------------
                                             19.598999   data required time
                                             -5.262173   data arrival time
---------------------------------------------------------------------------------------------
                                             14.336825   slack (MET)


Startpoint: done_in (input port clocked by clk)
Endpoint: _111_ (rising edge-triggered flip-flop clocked by clk)
Path Group: clk
Path Type: max

Fanout         Cap        Slew       Delay        Time   Description
---------------------------------------------------------------------------------------------
                      0.150000    0.000000    0.000000   clock clk (rise edge)
                                  0.000000    0.000000   clock network delay (ideal)
                                  4.000000    4.000000 v input external delay
    13    0.068143    0.105721    0.079839    4.079839 v done_in (in)
                                                         done_in (net)
                      0.105721    0.000000    4.079839 v _056_/A (sg13g2_nor2b_1)
    12    0.067043    0.865593    0.730357    4.810196 ^ _056_/Y (sg13g2_nor2b_1)
                                                         _048_ (net)
                      0.865593    0.000000    4.810196 ^ _065_/S (sg13g2_mux2_1)
     1    0.001692    0.057353    0.451976    5.262173 v _065_/X (sg13g2_mux2_1)
                                                         _033_ (net)
                      0.057353    0.000000    5.262173 v _111_/D (sg13g2_dfrbpq_1)
                                              5.262173   data arrival time

                      0.150000   20.000000   20.000000   clock clk (rise edge)
                                  0.000000   20.000000   clock network delay (ideal)
                                 -0.250000   19.750002   clock uncertainty
                                  0.000000   19.750002   clock reconvergence pessimism
                                             19.750002 ^ _111_/CLK (sg13g2_dfrbpq_1)
                                 -0.151002   19.598999   library setup time
                                             19.598999   data required time
---------------------------------------------------------------------------------------------
                                             19.598999   data required time
                                             -5.262173   data arrival time
---------------------------------------------------------------------------------------------
                                             14.336825   slack (MET)


Startpoint: done_in (input port clocked by clk)
Endpoint: _112_ (rising edge-triggered flip-flop clocked by clk)
Path Group: clk
Path Type: max

Fanout         Cap        Slew       Delay        Time   Description
---------------------------------------------------------------------------------------------
                      0.150000    0.000000    0.000000   clock clk (rise edge)
                                  0.000000    0.000000   clock network delay (ideal)
                                  4.000000    4.000000 v input external delay
    13    0.068143    0.105721    0.079839    4.079839 v done_in (in)
                                                         done_in (net)
                      0.105721    0.000000    4.079839 v _056_/A (sg13g2_nor2b_1)
    12    0.067043    0.865593    0.730357    4.810196 ^ _056_/Y (sg13g2_nor2b_1)
                                                         _048_ (net)
                      0.865593    0.000000    4.810196 ^ _064_/S (sg13g2_mux2_1)
     1    0.001692    0.057353    0.451976    5.262173 v _064_/X (sg13g2_mux2_1)
                                                         _034_ (net)
                      0.057353    0.000000    5.262173 v _112_/D (sg13g2_dfrbpq_1)
                                              5.262173   data arrival time

                      0.150000   20.000000   20.000000   clock clk (rise edge)
                                  0.000000   20.000000   clock network delay (ideal)
                                 -0.250000   19.750002   clock uncertainty
                                  0.000000   19.750002   clock reconvergence pessimism
                                             19.750002 ^ _112_/CLK (sg13g2_dfrbpq_1)
                                 -0.151002   19.598999   library setup time
                                             19.598999   data required time
---------------------------------------------------------------------------------------------
                                             19.598999   data required time
                                             -5.262173   data arrival time
---------------------------------------------------------------------------------------------
                                             14.336825   slack (MET)


Startpoint: done_in (input port clocked by clk)
Endpoint: _113_ (rising edge-triggered flip-flop clocked by clk)
Path Group: clk
Path Type: max

Fanout         Cap        Slew       Delay        Time   Description
---------------------------------------------------------------------------------------------
                      0.150000    0.000000    0.000000   clock clk (rise edge)
                                  0.000000    0.000000   clock network delay (ideal)
                                  4.000000    4.000000 v input external delay
    13    0.068143    0.105721    0.079839    4.079839 v done_in (in)
                                                         done_in (net)
                      0.105721    0.000000    4.079839 v _056_/A (sg13g2_nor2b_1)
    12    0.067043    0.865593    0.730357    4.810196 ^ _056_/Y (sg13g2_nor2b_1)
                                                         _048_ (net)
                      0.865593    0.000000    4.810196 ^ _063_/S (sg13g2_mux2_1)
     1    0.001692    0.057353    0.451976    5.262173 v _063_/X (sg13g2_mux2_1)
                                                         _035_ (net)
                      0.057353    0.000000    5.262173 v _113_/D (sg13g2_dfrbpq_1)
                                              5.262173   data arrival time

                      0.150000   20.000000   20.000000   clock clk (rise edge)
                                  0.000000   20.000000   clock network delay (ideal)
                                 -0.250000   19.750002   clock uncertainty
                                  0.000000   19.750002   clock reconvergence pessimism
                                             19.750002 ^ _113_/CLK (sg13g2_dfrbpq_1)
                                 -0.151002   19.598999   library setup time
                                             19.598999   data required time
---------------------------------------------------------------------------------------------
                                             19.598999   data required time
                                             -5.262173   data arrival time
---------------------------------------------------------------------------------------------
                                             14.336825   slack (MET)


Startpoint: done_in (input port clocked by clk)
Endpoint: _114_ (rising edge-triggered flip-flop clocked by clk)
Path Group: clk
Path Type: max

Fanout         Cap        Slew       Delay        Time   Description
---------------------------------------------------------------------------------------------
                      0.150000    0.000000    0.000000   clock clk (rise edge)
                                  0.000000    0.000000   clock network delay (ideal)
                                  4.000000    4.000000 v input external delay
    13    0.068143    0.105721    0.079839    4.079839 v done_in (in)
                                                         done_in (net)
                      0.105721    0.000000    4.079839 v _056_/A (sg13g2_nor2b_1)
    12    0.067043    0.865593    0.730357    4.810196 ^ _056_/Y (sg13g2_nor2b_1)
                                                         _048_ (net)
                      0.865593    0.000000    4.810196 ^ _062_/S (sg13g2_mux2_1)
     1    0.001692    0.057353    0.451976    5.262173 v _062_/X (sg13g2_mux2_1)
                                                         _036_ (net)
                      0.057353    0.000000    5.262173 v _114_/D (sg13g2_dfrbpq_1)
                                              5.262173   data arrival time

                      0.150000   20.000000   20.000000   clock clk (rise edge)
                                  0.000000   20.000000   clock network delay (ideal)
                                 -0.250000   19.750002   clock uncertainty
                                  0.000000   19.750002   clock reconvergence pessimism
                                             19.750002 ^ _114_/CLK (sg13g2_dfrbpq_1)
                                 -0.151002   19.598999   library setup time
                                             19.598999   data required time
---------------------------------------------------------------------------------------------
                                             19.598999   data required time
                                             -5.262173   data arrival time
---------------------------------------------------------------------------------------------
                                             14.336825   slack (MET)


Startpoint: done_in (input port clocked by clk)
Endpoint: _115_ (rising edge-triggered flip-flop clocked by clk)
Path Group: clk
Path Type: max

Fanout         Cap        Slew       Delay        Time   Description
---------------------------------------------------------------------------------------------
                      0.150000    0.000000    0.000000   clock clk (rise edge)
                                  0.000000    0.000000   clock network delay (ideal)
                                  4.000000    4.000000 v input external delay
    13    0.068143    0.105721    0.079839    4.079839 v done_in (in)
                                                         done_in (net)
                      0.105721    0.000000    4.079839 v _056_/A (sg13g2_nor2b_1)
    12    0.067043    0.865593    0.730357    4.810196 ^ _056_/Y (sg13g2_nor2b_1)
                                                         _048_ (net)
                      0.865593    0.000000    4.810196 ^ _061_/S (sg13g2_mux2_1)
     1    0.001692    0.057353    0.451976    5.262173 v _061_/X (sg13g2_mux2_1)
                                                         _037_ (net)
                      0.057353    0.000000    5.262173 v _115_/D (sg13g2_dfrbpq_1)
                                              5.262173   data arrival time

                      0.150000   20.000000   20.000000   clock clk (rise edge)
                                  0.000000   20.000000   clock network delay (ideal)
                                 -0.250000   19.750002   clock uncertainty
                                  0.000000   19.750002   clock reconvergence pessimism
                                             19.750002 ^ _115_/CLK (sg13g2_dfrbpq_1)
                                 -0.151002   19.598999   library setup time
                                             19.598999   data required time
---------------------------------------------------------------------------------------------
                                             19.598999   data required time
                                             -5.262173   data arrival time
---------------------------------------------------------------------------------------------
                                             14.336825   slack (MET)


Startpoint: done_in (input port clocked by clk)
Endpoint: _116_ (rising edge-triggered flip-flop clocked by clk)
Path Group: clk
Path Type: max

Fanout         Cap        Slew       Delay        Time   Description
---------------------------------------------------------------------------------------------
                      0.150000    0.000000    0.000000   clock clk (rise edge)
                                  0.000000    0.000000   clock network delay (ideal)
                                  4.000000    4.000000 v input external delay
    13    0.068143    0.105721    0.079839    4.079839 v done_in (in)
                                                         done_in (net)
                      0.105721    0.000000    4.079839 v _056_/A (sg13g2_nor2b_1)
    12    0.067043    0.865593    0.730357    4.810196 ^ _056_/Y (sg13g2_nor2b_1)
                                                         _048_ (net)
                      0.865593    0.000000    4.810196 ^ _060_/S (sg13g2_mux2_1)
     1    0.001692    0.057353    0.451976    5.262173 v _060_/X (sg13g2_mux2_1)
                                                         _038_ (net)
                      0.057353    0.000000    5.262173 v _116_/D (sg13g2_dfrbpq_1)
                                              5.262173   data arrival time

                      0.150000   20.000000   20.000000   clock clk (rise edge)
                                  0.000000   20.000000   clock network delay (ideal)
                                 -0.250000   19.750002   clock uncertainty
                                  0.000000   19.750002   clock reconvergence pessimism
                                             19.750002 ^ _116_/CLK (sg13g2_dfrbpq_1)
                                 -0.151002   19.598999   library setup time
                                             19.598999   data required time
---------------------------------------------------------------------------------------------
                                             19.598999   data required time
                                             -5.262173   data arrival time
---------------------------------------------------------------------------------------------
                                             14.336825   slack (MET)


Startpoint: done_in (input port clocked by clk)
Endpoint: _117_ (rising edge-triggered flip-flop clocked by clk)
Path Group: clk
Path Type: max

Fanout         Cap        Slew       Delay        Time   Description
---------------------------------------------------------------------------------------------
                      0.150000    0.000000    0.000000   clock clk (rise edge)
                                  0.000000    0.000000   clock network delay (ideal)
                                  4.000000    4.000000 v input external delay
    13    0.068143    0.105721    0.079839    4.079839 v done_in (in)
                                                         done_in (net)
                      0.105721    0.000000    4.079839 v _056_/A (sg13g2_nor2b_1)
    12    0.067043    0.865593    0.730357    4.810196 ^ _056_/Y (sg13g2_nor2b_1)
                                                         _048_ (net)
                      0.865593    0.000000    4.810196 ^ _059_/S (sg13g2_mux2_1)
     1    0.001692    0.057353    0.451976    5.262173 v _059_/X (sg13g2_mux2_1)
                                                         _039_ (net)
                      0.057353    0.000000    5.262173 v _117_/D (sg13g2_dfrbpq_1)
                                              5.262173   data arrival time

                      0.150000   20.000000   20.000000   clock clk (rise edge)
                                  0.000000   20.000000   clock network delay (ideal)
                                 -0.250000   19.750002   clock uncertainty
                                  0.000000   19.750002   clock reconvergence pessimism
                                             19.750002 ^ _117_/CLK (sg13g2_dfrbpq_1)
                                 -0.151002   19.598999   library setup time
                                             19.598999   data required time
---------------------------------------------------------------------------------------------
                                             19.598999   data required time
                                             -5.262173   data arrival time
---------------------------------------------------------------------------------------------
                                             14.336825   slack (MET)


Startpoint: done_in (input port clocked by clk)
Endpoint: _118_ (rising edge-triggered flip-flop clocked by clk)
Path Group: clk
Path Type: max

Fanout         Cap        Slew       Delay        Time   Description
---------------------------------------------------------------------------------------------
                      0.150000    0.000000    0.000000   clock clk (rise edge)
                                  0.000000    0.000000   clock network delay (ideal)
                                  4.000000    4.000000 v input external delay
    13    0.068143    0.105721    0.079839    4.079839 v done_in (in)
                                                         done_in (net)
                      0.105721    0.000000    4.079839 v _056_/A (sg13g2_nor2b_1)
    12    0.067043    0.865593    0.730357    4.810196 ^ _056_/Y (sg13g2_nor2b_1)
                                                         _048_ (net)
                      0.865593    0.000000    4.810196 ^ _058_/S (sg13g2_mux2_1)
     1    0.001692    0.057353    0.451976    5.262173 v _058_/X (sg13g2_mux2_1)
                                                         _040_ (net)
                      0.057353    0.000000    5.262173 v _118_/D (sg13g2_dfrbpq_1)
                                              5.262173   data arrival time

                      0.150000   20.000000   20.000000   clock clk (rise edge)
                                  0.000000   20.000000   clock network delay (ideal)
                                 -0.250000   19.750002   clock uncertainty
                                  0.000000   19.750002   clock reconvergence pessimism
                                             19.750002 ^ _118_/CLK (sg13g2_dfrbpq_1)
                                 -0.151002   19.598999   library setup time
                                             19.598999   data required time
---------------------------------------------------------------------------------------------
                                             19.598999   data required time
                                             -5.262173   data arrival time
---------------------------------------------------------------------------------------------
                                             14.336825   slack (MET)


Startpoint: done_in (input port clocked by clk)
Endpoint: _119_ (rising edge-triggered flip-flop clocked by clk)
Path Group: clk
Path Type: max

Fanout         Cap        Slew       Delay        Time   Description
---------------------------------------------------------------------------------------------
                      0.150000    0.000000    0.000000   clock clk (rise edge)
                                  0.000000    0.000000   clock network delay (ideal)
                                  4.000000    4.000000 v input external delay
    13    0.068143    0.105721    0.079839    4.079839 v done_in (in)
                                                         done_in (net)
                      0.105721    0.000000    4.079839 v _056_/A (sg13g2_nor2b_1)
    12    0.067043    0.865593    0.730357    4.810196 ^ _056_/Y (sg13g2_nor2b_1)
                                                         _048_ (net)
                      0.865593    0.000000    4.810196 ^ _057_/S (sg13g2_mux2_1)
     1    0.001692    0.057353    0.451976    5.262173 v _057_/X (sg13g2_mux2_1)
                                                         _041_ (net)
                      0.057353    0.000000    5.262173 v _119_/D (sg13g2_dfrbpq_1)
                                              5.262173   data arrival time

                      0.150000   20.000000   20.000000   clock clk (rise edge)
                                  0.000000   20.000000   clock network delay (ideal)
                                 -0.250000   19.750002   clock uncertainty
                                  0.000000   19.750002   clock reconvergence pessimism
                                             19.750002 ^ _119_/CLK (sg13g2_dfrbpq_1)
                                 -0.151002   19.598999   library setup time
                                             19.598999   data required time
---------------------------------------------------------------------------------------------
                                             19.598999   data required time
                                             -5.262173   data arrival time
---------------------------------------------------------------------------------------------
                                             14.336825   slack (MET)


Startpoint: done_in (input port clocked by clk)
Endpoint: _098_ (rising edge-triggered flip-flop clocked by clk)
Path Group: clk
Path Type: max

Fanout         Cap        Slew       Delay        Time   Description
---------------------------------------------------------------------------------------------
                      0.150000    0.000000    0.000000   clock clk (rise edge)
                                  0.000000    0.000000   clock network delay (ideal)
                                  4.000000    4.000000 ^ input external delay
    13    0.070212    0.131041    0.093629    4.093629 ^ done_in (in)
                                                         done_in (net)
                      0.131041    0.000000    4.093629 ^ _053_/S (sg13g2_mux2_1)
     1    0.001692    0.050948    0.285056    4.378685 v _053_/X (sg13g2_mux2_1)
                                                         _044_ (net)
                      0.050948    0.000000    4.378685 v _098_/D (sg13g2_dfrbpq_1)
                                              4.378685   data arrival time

                      0.150000   20.000000   20.000000   clock clk (rise edge)
                                  0.000000   20.000000   clock network delay (ideal)
                                 -0.250000   19.750002   clock uncertainty
                                  0.000000   19.750002   clock reconvergence pessimism
                                             19.750002 ^ _098_/CLK (sg13g2_dfrbpq_1)
                                 -0.148096   19.601904   library setup time
                                             19.601904   data required time
---------------------------------------------------------------------------------------------
                                             19.601904   data required time
                                             -4.378685   data arrival time
---------------------------------------------------------------------------------------------
                                             15.223219   slack (MET)


Startpoint: done_in (input port clocked by clk)
Endpoint: _099_ (rising edge-triggered flip-flop clocked by clk)
Path Group: clk
Path Type: max

Fanout         Cap        Slew       Delay        Time   Description
---------------------------------------------------------------------------------------------
                      0.150000    0.000000    0.000000   clock clk (rise edge)
                                  0.000000    0.000000   clock network delay (ideal)
                                  4.000000    4.000000 ^ input external delay
    13    0.070212    0.131041    0.093629    4.093629 ^ done_in (in)
                                                         done_in (net)
                      0.131041    0.000000    4.093629 ^ _052_/S (sg13g2_mux2_1)
     1    0.001692    0.050948    0.285056    4.378685 v _052_/X (sg13g2_mux2_1)
                                                         _045_ (net)
                      0.050948    0.000000    4.378685 v _099_/D (sg13g2_dfrbpq_1)
                                              4.378685   data arrival time

                      0.150000   20.000000   20.000000   clock clk (rise edge)
                                  0.000000   20.000000   clock network delay (ideal)
                                 -0.250000   19.750002   clock uncertainty
                                  0.000000   19.750002   clock reconvergence pessimism
                                             19.750002 ^ _099_/CLK (sg13g2_dfrbpq_1)
                                 -0.148096   19.601904   library setup time
                                             19.601904   data required time
---------------------------------------------------------------------------------------------
                                             19.601904   data required time
                                             -4.378685   data arrival time
---------------------------------------------------------------------------------------------
                                             15.223219   slack (MET)


Startpoint: done_in (input port clocked by clk)
Endpoint: _100_ (rising edge-triggered flip-flop clocked by clk)
Path Group: clk
Path Type: max

Fanout         Cap        Slew       Delay        Time   Description
---------------------------------------------------------------------------------------------
                      0.150000    0.000000    0.000000   clock clk (rise edge)
                                  0.000000    0.000000   clock network delay (ideal)
                                  4.000000    4.000000 ^ input external delay
    13    0.070212    0.131041    0.093629    4.093629 ^ done_in (in)
                                                         done_in (net)
                      0.131041    0.000000    4.093629 ^ _051_/S (sg13g2_mux2_1)
     1    0.001692    0.050948    0.285056    4.378685 v _051_/X (sg13g2_mux2_1)
                                                         _046_ (net)
                      0.050948    0.000000    4.378685 v _100_/D (sg13g2_dfrbpq_1)
                                              4.378685   data arrival time

                      0.150000   20.000000   20.000000   clock clk (rise edge)
                                  0.000000   20.000000   clock network delay (ideal)
                                 -0.250000   19.750002   clock uncertainty
                                  0.000000   19.750002   clock reconvergence pessimism
                                             19.750002 ^ _100_/CLK (sg13g2_dfrbpq_1)
                                 -0.148096   19.601904   library setup time
                                             19.601904   data required time
---------------------------------------------------------------------------------------------
                                             19.601904   data required time
                                             -4.378685   data arrival time
---------------------------------------------------------------------------------------------
                                             15.223219   slack (MET)


Startpoint: done_in (input port clocked by clk)
Endpoint: _101_ (rising edge-triggered flip-flop clocked by clk)
Path Group: clk
Path Type: max

Fanout         Cap        Slew       Delay        Time   Description
---------------------------------------------------------------------------------------------
                      0.150000    0.000000    0.000000   clock clk (rise edge)
                                  0.000000    0.000000   clock network delay (ideal)
                                  4.000000    4.000000 ^ input external delay
    13    0.070212    0.131041    0.093629    4.093629 ^ done_in (in)
                                                         done_in (net)
                      0.131041    0.000000    4.093629 ^ _050_/S (sg13g2_mux2_1)
     1    0.001692    0.050948    0.285056    4.378685 v _050_/X (sg13g2_mux2_1)
                                                         _047_ (net)
                      0.050948    0.000000    4.378685 v _101_/D (sg13g2_dfrbpq_1)
                                              4.378685   data arrival time

                      0.150000   20.000000   20.000000   clock clk (rise edge)
                                  0.000000   20.000000   clock network delay (ideal)
                                 -0.250000   19.750002   clock uncertainty
                                  0.000000   19.750002   clock reconvergence pessimism
                                             19.750002 ^ _101_/CLK (sg13g2_dfrbpq_1)
                                 -0.148096   19.601904   library setup time
                                             19.601904   data required time
---------------------------------------------------------------------------------------------
                                             19.601904   data required time
                                             -4.378685   data arrival time
---------------------------------------------------------------------------------------------
                                             15.223219   slack (MET)


Startpoint: done_in (input port clocked by clk)
Endpoint: _102_ (rising edge-triggered flip-flop clocked by clk)
Path Group: clk
Path Type: max

Fanout         Cap        Slew       Delay        Time   Description
---------------------------------------------------------------------------------------------
                      0.150000    0.000000    0.000000   clock clk (rise edge)
                                  0.000000    0.000000   clock network delay (ideal)
                                  4.000000    4.000000 ^ input external delay
    13    0.070212    0.131041    0.093629    4.093629 ^ done_in (in)
                                                         done_in (net)
                      0.131041    0.000000    4.093629 ^ _074_/S (sg13g2_mux2_1)
     1    0.001692    0.050948    0.285056    4.378685 v _074_/X (sg13g2_mux2_1)
                                                         _024_ (net)
                      0.050948    0.000000    4.378685 v _102_/D (sg13g2_dfrbpq_1)
                                              4.378685   data arrival time

                      0.150000   20.000000   20.000000   clock clk (rise edge)
                                  0.000000   20.000000   clock network delay (ideal)
                                 -0.250000   19.750002   clock uncertainty
                                  0.000000   19.750002   clock reconvergence pessimism
                                             19.750002 ^ _102_/CLK (sg13g2_dfrbpq_1)
                                 -0.148096   19.601904   library setup time
                                             19.601904   data required time
---------------------------------------------------------------------------------------------
                                             19.601904   data required time
                                             -4.378685   data arrival time
---------------------------------------------------------------------------------------------
                                             15.223219   slack (MET)


Startpoint: done_in (input port clocked by clk)
Endpoint: _103_ (rising edge-triggered flip-flop clocked by clk)
Path Group: clk
Path Type: max

Fanout         Cap        Slew       Delay        Time   Description
---------------------------------------------------------------------------------------------
                      0.150000    0.000000    0.000000   clock clk (rise edge)
                                  0.000000    0.000000   clock network delay (ideal)
                                  4.000000    4.000000 ^ input external delay
    13    0.070212    0.131041    0.093629    4.093629 ^ done_in (in)
                                                         done_in (net)
                      0.131041    0.000000    4.093629 ^ _073_/S (sg13g2_mux2_1)
     1    0.001692    0.050948    0.285056    4.378685 v _073_/X (sg13g2_mux2_1)
                                                         _025_ (net)
                      0.050948    0.000000    4.378685 v _103_/D (sg13g2_dfrbpq_1)
                                              4.378685   data arrival time

                      0.150000   20.000000   20.000000   clock clk (rise edge)
                                  0.000000   20.000000   clock network delay (ideal)
                                 -0.250000   19.750002   clock uncertainty
                                  0.000000   19.750002   clock reconvergence pessimism
                                             19.750002 ^ _103_/CLK (sg13g2_dfrbpq_1)
                                 -0.148096   19.601904   library setup time
                                             19.601904   data required time
---------------------------------------------------------------------------------------------
                                             19.601904   data required time
                                             -4.378685   data arrival time
---------------------------------------------------------------------------------------------
                                             15.223219   slack (MET)


Startpoint: done_in (input port clocked by clk)
Endpoint: _104_ (rising edge-triggered flip-flop clocked by clk)
Path Group: clk
Path Type: max

Fanout         Cap        Slew       Delay        Time   Description
---------------------------------------------------------------------------------------------
                      0.150000    0.000000    0.000000   clock clk (rise edge)
                                  0.000000    0.000000   clock network delay (ideal)
                                  4.000000    4.000000 ^ input external delay
    13    0.070212    0.131041    0.093629    4.093629 ^ done_in (in)
                                                         done_in (net)
                      0.131041    0.000000    4.093629 ^ _072_/S (sg13g2_mux2_1)
     1    0.001692    0.050948    0.285056    4.378685 v _072_/X (sg13g2_mux2_1)
                                                         _026_ (net)
                      0.050948    0.000000    4.378685 v _104_/D (sg13g2_dfrbpq_1)
                                              4.378685   data arrival time

                      0.150000   20.000000   20.000000   clock clk (rise edge)
                                  0.000000   20.000000   clock network delay (ideal)
                                 -0.250000   19.750002   clock uncertainty
                                  0.000000   19.750002   clock reconvergence pessimism
                                             19.750002 ^ _104_/CLK (sg13g2_dfrbpq_1)
                                 -0.148096   19.601904   library setup time
                                             19.601904   data required time
---------------------------------------------------------------------------------------------
                                             19.601904   data required time
                                             -4.378685   data arrival time
---------------------------------------------------------------------------------------------
                                             15.223219   slack (MET)


Startpoint: done_in (input port clocked by clk)
Endpoint: _105_ (rising edge-triggered flip-flop clocked by clk)
Path Group: clk
Path Type: max

Fanout         Cap        Slew       Delay        Time   Description
---------------------------------------------------------------------------------------------
                      0.150000    0.000000    0.000000   clock clk (rise edge)
                                  0.000000    0.000000   clock network delay (ideal)
                                  4.000000    4.000000 ^ input external delay
    13    0.070212    0.131041    0.093629    4.093629 ^ done_in (in)
                                                         done_in (net)
                      0.131041    0.000000    4.093629 ^ _071_/S (sg13g2_mux2_1)
     1    0.001692    0.050948    0.285056    4.378685 v _071_/X (sg13g2_mux2_1)
                                                         _027_ (net)
                      0.050948    0.000000    4.378685 v _105_/D (sg13g2_dfrbpq_1)
                                              4.378685   data arrival time

                      0.150000   20.000000   20.000000   clock clk (rise edge)
                                  0.000000   20.000000   clock network delay (ideal)
                                 -0.250000   19.750002   clock uncertainty
                                  0.000000   19.750002   clock reconvergence pessimism
                                             19.750002 ^ _105_/CLK (sg13g2_dfrbpq_1)
                                 -0.148096   19.601904   library setup time
                                             19.601904   data required time
---------------------------------------------------------------------------------------------
                                             19.601904   data required time
                                             -4.378685   data arrival time
---------------------------------------------------------------------------------------------
                                             15.223219   slack (MET)


Startpoint: done_in (input port clocked by clk)
Endpoint: _106_ (rising edge-triggered flip-flop clocked by clk)
Path Group: clk
Path Type: max

Fanout         Cap        Slew       Delay        Time   Description
---------------------------------------------------------------------------------------------
                      0.150000    0.000000    0.000000   clock clk (rise edge)
                                  0.000000    0.000000   clock network delay (ideal)
                                  4.000000    4.000000 ^ input external delay
    13    0.070212    0.131041    0.093629    4.093629 ^ done_in (in)
                                                         done_in (net)
                      0.131041    0.000000    4.093629 ^ _070_/S (sg13g2_mux2_1)
     1    0.001692    0.050948    0.285056    4.378685 v _070_/X (sg13g2_mux2_1)
                                                         _028_ (net)
                      0.050948    0.000000    4.378685 v _106_/D (sg13g2_dfrbpq_1)
                                              4.378685   data arrival time

                      0.150000   20.000000   20.000000   clock clk (rise edge)
                                  0.000000   20.000000   clock network delay (ideal)
                                 -0.250000   19.750002   clock uncertainty
                                  0.000000   19.750002   clock reconvergence pessimism
                                             19.750002 ^ _106_/CLK (sg13g2_dfrbpq_1)
                                 -0.148096   19.601904   library setup time
                                             19.601904   data required time
---------------------------------------------------------------------------------------------
                                             19.601904   data required time
                                             -4.378685   data arrival time
---------------------------------------------------------------------------------------------
                                             15.223219   slack (MET)


Startpoint: done_in (input port clocked by clk)
Endpoint: _120_ (rising edge-triggered flip-flop clocked by clk)
Path Group: clk
Path Type: max

Fanout         Cap        Slew       Delay        Time   Description
---------------------------------------------------------------------------------------------
                      0.150000    0.000000    0.000000   clock clk (rise edge)
                                  0.000000    0.000000   clock network delay (ideal)
                                  4.000000    4.000000 ^ input external delay
    13    0.070212    0.131041    0.093629    4.093629 ^ done_in (in)
                                                         done_in (net)
                      0.131041    0.000000    4.093629 ^ _055_/S (sg13g2_mux2_1)
     1    0.001692    0.050948    0.285056    4.378685 v _055_/X (sg13g2_mux2_1)
                                                         _042_ (net)
                      0.050948    0.000000    4.378685 v _120_/D (sg13g2_dfrbpq_1)
                                              4.378685   data arrival time

                      0.150000   20.000000   20.000000   clock clk (rise edge)
                                  0.000000   20.000000   clock network delay (ideal)
                                 -0.250000   19.750002   clock uncertainty
                                  0.000000   19.750002   clock reconvergence pessimism
                                             19.750002 ^ _120_/CLK (sg13g2_dfrbpq_1)
                                 -0.148096   19.601904   library setup time
                                             19.601904   data required time
---------------------------------------------------------------------------------------------
                                             19.601904   data required time
                                             -4.378685   data arrival time
---------------------------------------------------------------------------------------------
                                             15.223219   slack (MET)


Startpoint: done_in (input port clocked by clk)
Endpoint: _121_ (rising edge-triggered flip-flop clocked by clk)
Path Group: clk
Path Type: max

Fanout         Cap        Slew       Delay        Time   Description
---------------------------------------------------------------------------------------------
                      0.150000    0.000000    0.000000   clock clk (rise edge)
                                  0.000000    0.000000   clock network delay (ideal)
                                  4.000000    4.000000 ^ input external delay
    13    0.070212    0.131041    0.093629    4.093629 ^ done_in (in)
                                                         done_in (net)
                      0.131041    0.000000    4.093629 ^ _054_/S (sg13g2_mux2_1)
     1    0.001692    0.050948    0.285056    4.378685 v _054_/X (sg13g2_mux2_1)
                                                         _043_ (net)
                      0.050948    0.000000    4.378685 v _121_/D (sg13g2_dfrbpq_1)
                                              4.378685   data arrival time

                      0.150000   20.000000   20.000000   clock clk (rise edge)
                                  0.000000   20.000000   clock network delay (ideal)
                                 -0.250000   19.750002   clock uncertainty
                                  0.000000   19.750002   clock reconvergence pessimism
                                             19.750002 ^ _121_/CLK (sg13g2_dfrbpq_1)
                                 -0.148096   19.601904   library setup time
                                             19.601904   data required time
---------------------------------------------------------------------------------------------
                                             19.601904   data required time
                                             -4.378685   data arrival time
---------------------------------------------------------------------------------------------
                                             15.223219   slack (MET)


Startpoint: done_in (input port clocked by clk)
Endpoint: _107_ (rising edge-triggered flip-flop clocked by clk)
Path Group: clk
Path Type: max

Fanout         Cap        Slew       Delay        Time   Description
---------------------------------------------------------------------------------------------
                      0.150000    0.000000    0.000000   clock clk (rise edge)
                                  0.000000    0.000000   clock network delay (ideal)
                                  4.000000    4.000000 ^ input external delay
    13    0.070212    0.131041    0.093629    4.093629 ^ done_in (in)
                                                         done_in (net)
                      0.131041    0.000000    4.093629 ^ _069_/S (sg13g2_mux2_1)
     1    0.001692    0.050826    0.285056    4.378685 v _069_/X (sg13g2_mux2_1)
                                                         _029_ (net)
                      0.050826    0.000000    4.378685 v _107_/D (sg13g2_dfrbpq_1)
                                              4.378685   data arrival time

                      0.150000   20.000000   20.000000   clock clk (rise edge)
                                  0.000000   20.000000   clock network delay (ideal)
                                 -0.250000   19.750002   clock uncertainty
                                  0.000000   19.750002   clock reconvergence pessimism
                                             19.750002 ^ _107_/CLK (sg13g2_dfrbpq_1)
                                 -0.148041   19.601959   library setup time
                                             19.601959   data required time
---------------------------------------------------------------------------------------------
                                             19.601959   data required time
                                             -4.378685   data arrival time
---------------------------------------------------------------------------------------------
                                             15.223275   slack (MET)


Startpoint: reset (input port clocked by clk)
Endpoint: _098_ (recovery check against rising-edge clock clk)
Path Group: asynchronous
Path Type: max

Fanout         Cap        Slew       Delay        Time   Description
---------------------------------------------------------------------------------------------
                      0.150000    0.000000    0.000000   clock clk (rise edge)
                                  0.000000    0.000000   clock network delay (ideal)
                                  4.000000    4.000000 v input external delay
    24    0.071298    0.109507    0.083536    4.083536 v reset (in)
                                                         reset (net)
                      0.109507    0.000000    4.083536 v _094_/A (sg13g2_inv_1)
     1    0.005312    0.061660    0.085609    4.169146 ^ _094_/Y (sg13g2_inv_1)
                                                         _020_ (net)
                      0.061660    0.000000    4.169146 ^ _098_/RESET_B (sg13g2_dfrbpq_1)
                                              4.169146   data arrival time

                      0.150000   20.000000   20.000000   clock clk (rise edge)
                                  0.000000   20.000000   clock network delay (ideal)
                                 -0.250000   19.750002   clock uncertainty
                                  0.000000   19.750002   clock reconvergence pessimism
                                             19.750002 ^ _098_/CLK (sg13g2_dfrbpq_1)
                                 -0.193889   19.556112   library recovery time
                                             19.556112   data required time
---------------------------------------------------------------------------------------------
                                             19.556112   data required time
                                             -4.169146   data arrival time
---------------------------------------------------------------------------------------------
                                             15.386967   slack (MET)


Startpoint: reset (input port clocked by clk)
Endpoint: _099_ (recovery check against rising-edge clock clk)
Path Group: asynchronous
Path Type: max

Fanout         Cap        Slew       Delay        Time   Description
---------------------------------------------------------------------------------------------
                      0.150000    0.000000    0.000000   clock clk (rise edge)
                                  0.000000    0.000000   clock network delay (ideal)
                                  4.000000    4.000000 v input external delay
    24    0.071298    0.109507    0.083536    4.083536 v reset (in)
                                                         reset (net)
                      0.109507    0.000000    4.083536 v _095_/A (sg13g2_inv_1)
     1    0.005312    0.061660    0.085609    4.169146 ^ _095_/Y (sg13g2_inv_1)
                                                         _021_ (net)
                      0.061660    0.000000    4.169146 ^ _099_/RESET_B (sg13g2_dfrbpq_1)
                                              4.169146   data arrival time

                      0.150000   20.000000   20.000000   clock clk (rise edge)
                                  0.000000   20.000000   clock network delay (ideal)
                                 -0.250000   19.750002   clock uncertainty
                                  0.000000   19.750002   clock reconvergence pessimism
                                             19.750002 ^ _099_/CLK (sg13g2_dfrbpq_1)
                                 -0.193889   19.556112   library recovery time
                                             19.556112   data required time
---------------------------------------------------------------------------------------------
                                             19.556112   data required time
                                             -4.169146   data arrival time
---------------------------------------------------------------------------------------------
                                             15.386967   slack (MET)


Startpoint: reset (input port clocked by clk)
Endpoint: _100_ (recovery check against rising-edge clock clk)
Path Group: asynchronous
Path Type: max

Fanout         Cap        Slew       Delay        Time   Description
---------------------------------------------------------------------------------------------
                      0.150000    0.000000    0.000000   clock clk (rise edge)
                                  0.000000    0.000000   clock network delay (ideal)
                                  4.000000    4.000000 v input external delay
    24    0.071298    0.109507    0.083536    4.083536 v reset (in)
                                                         reset (net)
                      0.109507    0.000000    4.083536 v _096_/A (sg13g2_inv_1)
     1    0.005312    0.061660    0.085609    4.169146 ^ _096_/Y (sg13g2_inv_1)
                                                         _022_ (net)
                      0.061660    0.000000    4.169146 ^ _100_/RESET_B (sg13g2_dfrbpq_1)
                                              4.169146   data arrival time

                      0.150000   20.000000   20.000000   clock clk (rise edge)
                                  0.000000   20.000000   clock network delay (ideal)
                                 -0.250000   19.750002   clock uncertainty
                                  0.000000   19.750002   clock reconvergence pessimism
                                             19.750002 ^ _100_/CLK (sg13g2_dfrbpq_1)
                                 -0.193889   19.556112   library recovery time
                                             19.556112   data required time
---------------------------------------------------------------------------------------------
                                             19.556112   data required time
                                             -4.169146   data arrival time
---------------------------------------------------------------------------------------------
                                             15.386967   slack (MET)


Startpoint: reset (input port clocked by clk)
Endpoint: _101_ (recovery check against rising-edge clock clk)
Path Group: asynchronous
Path Type: max

Fanout         Cap        Slew       Delay        Time   Description
---------------------------------------------------------------------------------------------
                      0.150000    0.000000    0.000000   clock clk (rise edge)
                                  0.000000    0.000000   clock network delay (ideal)
                                  4.000000    4.000000 v input external delay
    24    0.071298    0.109507    0.083536    4.083536 v reset (in)
                                                         reset (net)
                      0.109507    0.000000    4.083536 v _097_/A (sg13g2_inv_1)
     1    0.005312    0.061660    0.085609    4.169146 ^ _097_/Y (sg13g2_inv_1)
                                                         _023_ (net)
                      0.061660    0.000000    4.169146 ^ _101_/RESET_B (sg13g2_dfrbpq_1)
                                              4.169146   data arrival time

                      0.150000   20.000000   20.000000   clock clk (rise edge)
                                  0.000000   20.000000   clock network delay (ideal)
                                 -0.250000   19.750002   clock uncertainty
                                  0.000000   19.750002   clock reconvergence pessimism
                                             19.750002 ^ _101_/CLK (sg13g2_dfrbpq_1)
                                 -0.193889   19.556112   library recovery time
                                             19.556112   data required time
---------------------------------------------------------------------------------------------
                                             19.556112   data required time
                                             -4.169146   data arrival time
---------------------------------------------------------------------------------------------
                                             15.386967   slack (MET)


Startpoint: reset (input port clocked by clk)
Endpoint: _102_ (recovery check against rising-edge clock clk)
Path Group: asynchronous
Path Type: max

Fanout         Cap        Slew       Delay        Time   Description
---------------------------------------------------------------------------------------------
                      0.150000    0.000000    0.000000   clock clk (rise edge)
                                  0.000000    0.000000   clock network delay (ideal)
                                  4.000000    4.000000 v input external delay
    24    0.071298    0.109507    0.083536    4.083536 v reset (in)
                                                         reset (net)
                      0.109507    0.000000    4.083536 v _049_/A (sg13g2_inv_1)
     1    0.005312    0.061660    0.085609    4.169146 ^ _049_/Y (sg13g2_inv_1)
                                                         _000_ (net)
                      0.061660    0.000000    4.169146 ^ _102_/RESET_B (sg13g2_dfrbpq_1)
                                              4.169146   data arrival time

                      0.150000   20.000000   20.000000   clock clk (rise edge)
                                  0.000000   20.000000   clock network delay (ideal)
                                 -0.250000   19.750002   clock uncertainty
                                  0.000000   19.750002   clock reconvergence pessimism
                                             19.750002 ^ _102_/CLK (sg13g2_dfrbpq_1)
                                 -0.193889   19.556112   library recovery time
                                             19.556112   data required time
---------------------------------------------------------------------------------------------
                                             19.556112   data required time
                                             -4.169146   data arrival time
---------------------------------------------------------------------------------------------
                                             15.386967   slack (MET)


Startpoint: reset (input port clocked by clk)
Endpoint: _103_ (recovery check against rising-edge clock clk)
Path Group: asynchronous
Path Type: max

Fanout         Cap        Slew       Delay        Time   Description
---------------------------------------------------------------------------------------------
                      0.150000    0.000000    0.000000   clock clk (rise edge)
                                  0.000000    0.000000   clock network delay (ideal)
                                  4.000000    4.000000 v input external delay
    24    0.071298    0.109507    0.083536    4.083536 v reset (in)
                                                         reset (net)
                      0.109507    0.000000    4.083536 v _075_/A (sg13g2_inv_1)
     1    0.005312    0.061660    0.085609    4.169146 ^ _075_/Y (sg13g2_inv_1)
                                                         _001_ (net)
                      0.061660    0.000000    4.169146 ^ _103_/RESET_B (sg13g2_dfrbpq_1)
                                              4.169146   data arrival time

                      0.150000   20.000000   20.000000   clock clk (rise edge)
                                  0.000000   20.000000   clock network delay (ideal)
                                 -0.250000   19.750002   clock uncertainty
                                  0.000000   19.750002   clock reconvergence pessimism
                                             19.750002 ^ _103_/CLK (sg13g2_dfrbpq_1)
                                 -0.193889   19.556112   library recovery time
                                             19.556112   data required time
---------------------------------------------------------------------------------------------
                                             19.556112   data required time
                                             -4.169146   data arrival time
---------------------------------------------------------------------------------------------
                                             15.386967   slack (MET)


Startpoint: reset (input port clocked by clk)
Endpoint: _104_ (recovery check against rising-edge clock clk)
Path Group: asynchronous
Path Type: max

Fanout         Cap        Slew       Delay        Time   Description
---------------------------------------------------------------------------------------------
                      0.150000    0.000000    0.000000   clock clk (rise edge)
                                  0.000000    0.000000   clock network delay (ideal)
                                  4.000000    4.000000 v input external delay
    24    0.071298    0.109507    0.083536    4.083536 v reset (in)
                                                         reset (net)
                      0.109507    0.000000    4.083536 v _076_/A (sg13g2_inv_1)
     1    0.005312    0.061660    0.085609    4.169146 ^ _076_/Y (sg13g2_inv_1)
                                                         _002_ (net)
                      0.061660    0.000000    4.169146 ^ _104_/RESET_B (sg13g2_dfrbpq_1)
                                              4.169146   data arrival time

                      0.150000   20.000000   20.000000   clock clk (rise edge)
                                  0.000000   20.000000   clock network delay (ideal)
                                 -0.250000   19.750002   clock uncertainty
                                  0.000000   19.750002   clock reconvergence pessimism
                                             19.750002 ^ _104_/CLK (sg13g2_dfrbpq_1)
                                 -0.193889   19.556112   library recovery time
                                             19.556112   data required time
---------------------------------------------------------------------------------------------
                                             19.556112   data required time
                                             -4.169146   data arrival time
---------------------------------------------------------------------------------------------
                                             15.386967   slack (MET)


Startpoint: reset (input port clocked by clk)
Endpoint: _105_ (recovery check against rising-edge clock clk)
Path Group: asynchronous
Path Type: max

Fanout         Cap        Slew       Delay        Time   Description
---------------------------------------------------------------------------------------------
                      0.150000    0.000000    0.000000   clock clk (rise edge)
                                  0.000000    0.000000   clock network delay (ideal)
                                  4.000000    4.000000 v input external delay
    24    0.071298    0.109507    0.083536    4.083536 v reset (in)
                                                         reset (net)
                      0.109507    0.000000    4.083536 v _077_/A (sg13g2_inv_1)
     1    0.005312    0.061660    0.085609    4.169146 ^ _077_/Y (sg13g2_inv_1)
                                                         _003_ (net)
                      0.061660    0.000000    4.169146 ^ _105_/RESET_B (sg13g2_dfrbpq_1)
                                              4.169146   data arrival time

                      0.150000   20.000000   20.000000   clock clk (rise edge)
                                  0.000000   20.000000   clock network delay (ideal)
                                 -0.250000   19.750002   clock uncertainty
                                  0.000000   19.750002   clock reconvergence pessimism
                                             19.750002 ^ _105_/CLK (sg13g2_dfrbpq_1)
                                 -0.193889   19.556112   library recovery time
                                             19.556112   data required time
---------------------------------------------------------------------------------------------
                                             19.556112   data required time
                                             -4.169146   data arrival time
---------------------------------------------------------------------------------------------
                                             15.386967   slack (MET)


Startpoint: reset (input port clocked by clk)
Endpoint: _106_ (recovery check against rising-edge clock clk)
Path Group: asynchronous
Path Type: max

Fanout         Cap        Slew       Delay        Time   Description
---------------------------------------------------------------------------------------------
                      0.150000    0.000000    0.000000   clock clk (rise edge)
                                  0.000000    0.000000   clock network delay (ideal)
                                  4.000000    4.000000 v input external delay
    24    0.071298    0.109507    0.083536    4.083536 v reset (in)
                                                         reset (net)
                      0.109507    0.000000    4.083536 v _078_/A (sg13g2_inv_1)
     1    0.005312    0.061660    0.085609    4.169146 ^ _078_/Y (sg13g2_inv_1)
                                                         _004_ (net)
                      0.061660    0.000000    4.169146 ^ _106_/RESET_B (sg13g2_dfrbpq_1)
                                              4.169146   data arrival time

                      0.150000   20.000000   20.000000   clock clk (rise edge)
                                  0.000000   20.000000   clock network delay (ideal)
                                 -0.250000   19.750002   clock uncertainty
                                  0.000000   19.750002   clock reconvergence pessimism
                                             19.750002 ^ _106_/CLK (sg13g2_dfrbpq_1)
                                 -0.193889   19.556112   library recovery time
                                             19.556112   data required time
---------------------------------------------------------------------------------------------
                                             19.556112   data required time
                                             -4.169146   data arrival time
---------------------------------------------------------------------------------------------
                                             15.386967   slack (MET)


Startpoint: reset (input port clocked by clk)
Endpoint: _107_ (recovery check against rising-edge clock clk)
Path Group: asynchronous
Path Type: max

Fanout         Cap        Slew       Delay        Time   Description
---------------------------------------------------------------------------------------------
                      0.150000    0.000000    0.000000   clock clk (rise edge)
                                  0.000000    0.000000   clock network delay (ideal)
                                  4.000000    4.000000 v input external delay
    24    0.071298    0.109507    0.083536    4.083536 v reset (in)
                                                         reset (net)
                      0.109507    0.000000    4.083536 v _079_/A (sg13g2_inv_1)
     1    0.005312    0.061660    0.085609    4.169146 ^ _079_/Y (sg13g2_inv_1)
                                                         _005_ (net)
                      0.061660    0.000000    4.169146 ^ _107_/RESET_B (sg13g2_dfrbpq_1)
                                              4.169146   data arrival time

                      0.150000   20.000000   20.000000   clock clk (rise edge)
                                  0.000000   20.000000   clock network delay (ideal)
                                 -0.250000   19.750002   clock uncertainty
                                  0.000000   19.750002   clock reconvergence pessimism
                                             19.750002 ^ _107_/CLK (sg13g2_dfrbpq_1)
                                 -0.193889   19.556112   library recovery time
                                             19.556112   data required time
---------------------------------------------------------------------------------------------
                                             19.556112   data required time
                                             -4.169146   data arrival time
---------------------------------------------------------------------------------------------
                                             15.386967   slack (MET)


Startpoint: reset (input port clocked by clk)
Endpoint: _108_ (recovery check against rising-edge clock clk)
Path Group: asynchronous
Path Type: max

Fanout         Cap        Slew       Delay        Time   Description
---------------------------------------------------------------------------------------------
                      0.150000    0.000000    0.000000   clock clk (rise edge)
                                  0.000000    0.000000   clock network delay (ideal)
                                  4.000000    4.000000 v input external delay
    24    0.071298    0.109507    0.083536    4.083536 v reset (in)
                                                         reset (net)
                      0.109507    0.000000    4.083536 v _080_/A (sg13g2_inv_1)
     1    0.005312    0.061660    0.085609    4.169146 ^ _080_/Y (sg13g2_inv_1)
                                                         _006_ (net)
                      0.061660    0.000000    4.169146 ^ _108_/RESET_B (sg13g2_dfrbpq_1)
                                              4.169146   data arrival time

                      0.150000   20.000000   20.000000   clock clk (rise edge)
                                  0.000000   20.000000   clock network delay (ideal)
                                 -0.250000   19.750002   clock uncertainty
                                  0.000000   19.750002   clock reconvergence pessimism
                                             19.750002 ^ _108_/CLK (sg13g2_dfrbpq_1)
                                 -0.193889   19.556112   library recovery time
                                             19.556112   data required time
---------------------------------------------------------------------------------------------
                                             19.556112   data required time
                                             -4.169146   data arrival time
---------------------------------------------------------------------------------------------
                                             15.386967   slack (MET)


Startpoint: reset (input port clocked by clk)
Endpoint: _109_ (recovery check against rising-edge clock clk)
Path Group: asynchronous
Path Type: max

Fanout         Cap        Slew       Delay        Time   Description
---------------------------------------------------------------------------------------------
                      0.150000    0.000000    0.000000   clock clk (rise edge)
                                  0.000000    0.000000   clock network delay (ideal)
                                  4.000000    4.000000 v input external delay
    24    0.071298    0.109507    0.083536    4.083536 v reset (in)
                                                         reset (net)
                      0.109507    0.000000    4.083536 v _081_/A (sg13g2_inv_1)
     1    0.005312    0.061660    0.085609    4.169146 ^ _081_/Y (sg13g2_inv_1)
                                                         _007_ (net)
                      0.061660    0.000000    4.169146 ^ _109_/RESET_B (sg13g2_dfrbpq_1)
                                              4.169146   data arrival time

                      0.150000   20.000000   20.000000   clock clk (rise edge)
                                  0.000000   20.000000   clock network delay (ideal)
                                 -0.250000   19.750002   clock uncertainty
                                  0.000000   19.750002   clock reconvergence pessimism
                                             19.750002 ^ _109_/CLK (sg13g2_dfrbpq_1)
                                 -0.193889   19.556112   library recovery time
                                             19.556112   data required time
---------------------------------------------------------------------------------------------
                                             19.556112   data required time
                                             -4.169146   data arrival time
---------------------------------------------------------------------------------------------
                                             15.386967   slack (MET)


Startpoint: reset (input port clocked by clk)
Endpoint: _110_ (recovery check against rising-edge clock clk)
Path Group: asynchronous
Path Type: max

Fanout         Cap        Slew       Delay        Time   Description
---------------------------------------------------------------------------------------------
                      0.150000    0.000000    0.000000   clock clk (rise edge)
                                  0.000000    0.000000   clock network delay (ideal)
                                  4.000000    4.000000 v input external delay
    24    0.071298    0.109507    0.083536    4.083536 v reset (in)
                                                         reset (net)
                      0.109507    0.000000    4.083536 v _082_/A (sg13g2_inv_1)
     1    0.005312    0.061660    0.085609    4.169146 ^ _082_/Y (sg13g2_inv_1)
                                                         _008_ (net)
                      0.061660    0.000000    4.169146 ^ _110_/RESET_B (sg13g2_dfrbpq_1)
                                              4.169146   data arrival time

                      0.150000   20.000000   20.000000   clock clk (rise edge)
                                  0.000000   20.000000   clock network delay (ideal)
                                 -0.250000   19.750002   clock uncertainty
                                  0.000000   19.750002   clock reconvergence pessimism
                                             19.750002 ^ _110_/CLK (sg13g2_dfrbpq_1)
                                 -0.193889   19.556112   library recovery time
                                             19.556112   data required time
---------------------------------------------------------------------------------------------
                                             19.556112   data required time
                                             -4.169146   data arrival time
---------------------------------------------------------------------------------------------
                                             15.386967   slack (MET)


Startpoint: reset (input port clocked by clk)
Endpoint: _111_ (recovery check against rising-edge clock clk)
Path Group: asynchronous
Path Type: max

Fanout         Cap        Slew       Delay        Time   Description
---------------------------------------------------------------------------------------------
                      0.150000    0.000000    0.000000   clock clk (rise edge)
                                  0.000000    0.000000   clock network delay (ideal)
                                  4.000000    4.000000 v input external delay
    24    0.071298    0.109507    0.083536    4.083536 v reset (in)
                                                         reset (net)
                      0.109507    0.000000    4.083536 v _083_/A (sg13g2_inv_1)
     1    0.005312    0.061660    0.085609    4.169146 ^ _083_/Y (sg13g2_inv_1)
                                                         _009_ (net)
                      0.061660    0.000000    4.169146 ^ _111_/RESET_B (sg13g2_dfrbpq_1)
                                              4.169146   data arrival time

                      0.150000   20.000000   20.000000   clock clk (rise edge)
                                  0.000000   20.000000   clock network delay (ideal)
                                 -0.250000   19.750002   clock uncertainty
                                  0.000000   19.750002   clock reconvergence pessimism
                                             19.750002 ^ _111_/CLK (sg13g2_dfrbpq_1)
                                 -0.193889   19.556112   library recovery time
                                             19.556112   data required time
---------------------------------------------------------------------------------------------
                                             19.556112   data required time
                                             -4.169146   data arrival time
---------------------------------------------------------------------------------------------
                                             15.386967   slack (MET)


Startpoint: reset (input port clocked by clk)
Endpoint: _112_ (recovery check against rising-edge clock clk)
Path Group: asynchronous
Path Type: max

Fanout         Cap        Slew       Delay        Time   Description
---------------------------------------------------------------------------------------------
                      0.150000    0.000000    0.000000   clock clk (rise edge)
                                  0.000000    0.000000   clock network delay (ideal)
                                  4.000000    4.000000 v input external delay
    24    0.071298    0.109507    0.083536    4.083536 v reset (in)
                                                         reset (net)
                      0.109507    0.000000    4.083536 v _084_/A (sg13g2_inv_1)
     1    0.005312    0.061660    0.085609    4.169146 ^ _084_/Y (sg13g2_inv_1)
                                                         _010_ (net)
                      0.061660    0.000000    4.169146 ^ _112_/RESET_B (sg13g2_dfrbpq_1)
                                              4.169146   data arrival time

                      0.150000   20.000000   20.000000   clock clk (rise edge)
                                  0.000000   20.000000   clock network delay (ideal)
                                 -0.250000   19.750002   clock uncertainty
                                  0.000000   19.750002   clock reconvergence pessimism
                                             19.750002 ^ _112_/CLK (sg13g2_dfrbpq_1)
                                 -0.193889   19.556112   library recovery time
                                             19.556112   data required time
---------------------------------------------------------------------------------------------
                                             19.556112   data required time
                                             -4.169146   data arrival time
---------------------------------------------------------------------------------------------
                                             15.386967   slack (MET)


Startpoint: reset (input port clocked by clk)
Endpoint: _113_ (recovery check against rising-edge clock clk)
Path Group: asynchronous
Path Type: max

Fanout         Cap        Slew       Delay        Time   Description
---------------------------------------------------------------------------------------------
                      0.150000    0.000000    0.000000   clock clk (rise edge)
                                  0.000000    0.000000   clock network delay (ideal)
                                  4.000000    4.000000 v input external delay
    24    0.071298    0.109507    0.083536    4.083536 v reset (in)
                                                         reset (net)
                      0.109507    0.000000    4.083536 v _085_/A (sg13g2_inv_1)
     1    0.005312    0.061660    0.085609    4.169146 ^ _085_/Y (sg13g2_inv_1)
                                                         _011_ (net)
                      0.061660    0.000000    4.169146 ^ _113_/RESET_B (sg13g2_dfrbpq_1)
                                              4.169146   data arrival time

                      0.150000   20.000000   20.000000   clock clk (rise edge)
                                  0.000000   20.000000   clock network delay (ideal)
                                 -0.250000   19.750002   clock uncertainty
                                  0.000000   19.750002   clock reconvergence pessimism
                                             19.750002 ^ _113_/CLK (sg13g2_dfrbpq_1)
                                 -0.193889   19.556112   library recovery time
                                             19.556112   data required time
---------------------------------------------------------------------------------------------
                                             19.556112   data required time
                                             -4.169146   data arrival time
---------------------------------------------------------------------------------------------
                                             15.386967   slack (MET)


Startpoint: reset (input port clocked by clk)
Endpoint: _114_ (recovery check against rising-edge clock clk)
Path Group: asynchronous
Path Type: max

Fanout         Cap        Slew       Delay        Time   Description
---------------------------------------------------------------------------------------------
                      0.150000    0.000000    0.000000   clock clk (rise edge)
                                  0.000000    0.000000   clock network delay (ideal)
                                  4.000000    4.000000 v input external delay
    24    0.071298    0.109507    0.083536    4.083536 v reset (in)
                                                         reset (net)
                      0.109507    0.000000    4.083536 v _086_/A (sg13g2_inv_1)
     1    0.005312    0.061660    0.085609    4.169146 ^ _086_/Y (sg13g2_inv_1)
                                                         _012_ (net)
                      0.061660    0.000000    4.169146 ^ _114_/RESET_B (sg13g2_dfrbpq_1)
                                              4.169146   data arrival time

                      0.150000   20.000000   20.000000   clock clk (rise edge)
                                  0.000000   20.000000   clock network delay (ideal)
                                 -0.250000   19.750002   clock uncertainty
                                  0.000000   19.750002   clock reconvergence pessimism
                                             19.750002 ^ _114_/CLK (sg13g2_dfrbpq_1)
                                 -0.193889   19.556112   library recovery time
                                             19.556112   data required time
---------------------------------------------------------------------------------------------
                                             19.556112   data required time
                                             -4.169146   data arrival time
---------------------------------------------------------------------------------------------
                                             15.386967   slack (MET)


Startpoint: reset (input port clocked by clk)
Endpoint: _115_ (recovery check against rising-edge clock clk)
Path Group: asynchronous
Path Type: max

Fanout         Cap        Slew       Delay        Time   Description
---------------------------------------------------------------------------------------------
                      0.150000    0.000000    0.000000   clock clk (rise edge)
                                  0.000000    0.000000   clock network delay (ideal)
                                  4.000000    4.000000 v input external delay
    24    0.071298    0.109507    0.083536    4.083536 v reset (in)
                                                         reset (net)
                      0.109507    0.000000    4.083536 v _087_/A (sg13g2_inv_1)
     1    0.005312    0.061660    0.085609    4.169146 ^ _087_/Y (sg13g2_inv_1)
                                                         _013_ (net)
                      0.061660    0.000000    4.169146 ^ _115_/RESET_B (sg13g2_dfrbpq_1)
                                              4.169146   data arrival time

                      0.150000   20.000000   20.000000   clock clk (rise edge)
                                  0.000000   20.000000   clock network delay (ideal)
                                 -0.250000   19.750002   clock uncertainty
                                  0.000000   19.750002   clock reconvergence pessimism
                                             19.750002 ^ _115_/CLK (sg13g2_dfrbpq_1)
                                 -0.193889   19.556112   library recovery time
                                             19.556112   data required time
---------------------------------------------------------------------------------------------
                                             19.556112   data required time
                                             -4.169146   data arrival time
---------------------------------------------------------------------------------------------
                                             15.386967   slack (MET)


Startpoint: reset (input port clocked by clk)
Endpoint: _116_ (recovery check against rising-edge clock clk)
Path Group: asynchronous
Path Type: max

Fanout         Cap        Slew       Delay        Time   Description
---------------------------------------------------------------------------------------------
                      0.150000    0.000000    0.000000   clock clk (rise edge)
                                  0.000000    0.000000   clock network delay (ideal)
                                  4.000000    4.000000 v input external delay
    24    0.071298    0.109507    0.083536    4.083536 v reset (in)
                                                         reset (net)
                      0.109507    0.000000    4.083536 v _088_/A (sg13g2_inv_1)
     1    0.005312    0.061660    0.085609    4.169146 ^ _088_/Y (sg13g2_inv_1)
                                                         _014_ (net)
                      0.061660    0.000000    4.169146 ^ _116_/RESET_B (sg13g2_dfrbpq_1)
                                              4.169146   data arrival time

                      0.150000   20.000000   20.000000   clock clk (rise edge)
                                  0.000000   20.000000   clock network delay (ideal)
                                 -0.250000   19.750002   clock uncertainty
                                  0.000000   19.750002   clock reconvergence pessimism
                                             19.750002 ^ _116_/CLK (sg13g2_dfrbpq_1)
                                 -0.193889   19.556112   library recovery time
                                             19.556112   data required time
---------------------------------------------------------------------------------------------
                                             19.556112   data required time
                                             -4.169146   data arrival time
---------------------------------------------------------------------------------------------
                                             15.386967   slack (MET)


Startpoint: reset (input port clocked by clk)
Endpoint: _117_ (recovery check against rising-edge clock clk)
Path Group: asynchronous
Path Type: max

Fanout         Cap        Slew       Delay        Time   Description
---------------------------------------------------------------------------------------------
                      0.150000    0.000000    0.000000   clock clk (rise edge)
                                  0.000000    0.000000   clock network delay (ideal)
                                  4.000000    4.000000 v input external delay
    24    0.071298    0.109507    0.083536    4.083536 v reset (in)
                                                         reset (net)
                      0.109507    0.000000    4.083536 v _089_/A (sg13g2_inv_1)
     1    0.005312    0.061660    0.085609    4.169146 ^ _089_/Y (sg13g2_inv_1)
                                                         _015_ (net)
                      0.061660    0.000000    4.169146 ^ _117_/RESET_B (sg13g2_dfrbpq_1)
                                              4.169146   data arrival time

                      0.150000   20.000000   20.000000   clock clk (rise edge)
                                  0.000000   20.000000   clock network delay (ideal)
                                 -0.250000   19.750002   clock uncertainty
                                  0.000000   19.750002   clock reconvergence pessimism
                                             19.750002 ^ _117_/CLK (sg13g2_dfrbpq_1)
                                 -0.193889   19.556112   library recovery time
                                             19.556112   data required time
---------------------------------------------------------------------------------------------
                                             19.556112   data required time
                                             -4.169146   data arrival time
---------------------------------------------------------------------------------------------
                                             15.386967   slack (MET)


Startpoint: reset (input port clocked by clk)
Endpoint: _118_ (recovery check against rising-edge clock clk)
Path Group: asynchronous
Path Type: max

Fanout         Cap        Slew       Delay        Time   Description
---------------------------------------------------------------------------------------------
                      0.150000    0.000000    0.000000   clock clk (rise edge)
                                  0.000000    0.000000   clock network delay (ideal)
                                  4.000000    4.000000 v input external delay
    24    0.071298    0.109507    0.083536    4.083536 v reset (in)
                                                         reset (net)
                      0.109507    0.000000    4.083536 v _090_/A (sg13g2_inv_1)
     1    0.005312    0.061660    0.085609    4.169146 ^ _090_/Y (sg13g2_inv_1)
                                                         _016_ (net)
                      0.061660    0.000000    4.169146 ^ _118_/RESET_B (sg13g2_dfrbpq_1)
                                              4.169146   data arrival time

                      0.150000   20.000000   20.000000   clock clk (rise edge)
                                  0.000000   20.000000   clock network delay (ideal)
                                 -0.250000   19.750002   clock uncertainty
                                  0.000000   19.750002   clock reconvergence pessimism
                                             19.750002 ^ _118_/CLK (sg13g2_dfrbpq_1)
                                 -0.193889   19.556112   library recovery time
                                             19.556112   data required time
---------------------------------------------------------------------------------------------
                                             19.556112   data required time
                                             -4.169146   data arrival time
---------------------------------------------------------------------------------------------
                                             15.386967   slack (MET)


Startpoint: reset (input port clocked by clk)
Endpoint: _119_ (recovery check against rising-edge clock clk)
Path Group: asynchronous
Path Type: max

Fanout         Cap        Slew       Delay        Time   Description
---------------------------------------------------------------------------------------------
                      0.150000    0.000000    0.000000   clock clk (rise edge)
                                  0.000000    0.000000   clock network delay (ideal)
                                  4.000000    4.000000 v input external delay
    24    0.071298    0.109507    0.083536    4.083536 v reset (in)
                                                         reset (net)
                      0.109507    0.000000    4.083536 v _091_/A (sg13g2_inv_1)
     1    0.005312    0.061660    0.085609    4.169146 ^ _091_/Y (sg13g2_inv_1)
                                                         _017_ (net)
                      0.061660    0.000000    4.169146 ^ _119_/RESET_B (sg13g2_dfrbpq_1)
                                              4.169146   data arrival time

                      0.150000   20.000000   20.000000   clock clk (rise edge)
                                  0.000000   20.000000   clock network delay (ideal)
                                 -0.250000   19.750002   clock uncertainty
                                  0.000000   19.750002   clock reconvergence pessimism
                                             19.750002 ^ _119_/CLK (sg13g2_dfrbpq_1)
                                 -0.193889   19.556112   library recovery time
                                             19.556112   data required time
---------------------------------------------------------------------------------------------
                                             19.556112   data required time
                                             -4.169146   data arrival time
---------------------------------------------------------------------------------------------
                                             15.386967   slack (MET)


Startpoint: reset (input port clocked by clk)
Endpoint: _120_ (recovery check against rising-edge clock clk)
Path Group: asynchronous
Path Type: max

Fanout         Cap        Slew       Delay        Time   Description
---------------------------------------------------------------------------------------------
                      0.150000    0.000000    0.000000   clock clk (rise edge)
                                  0.000000    0.000000   clock network delay (ideal)
                                  4.000000    4.000000 v input external delay
    24    0.071298    0.109507    0.083536    4.083536 v reset (in)
                                                         reset (net)
                      0.109507    0.000000    4.083536 v _092_/A (sg13g2_inv_1)
     1    0.005312    0.061660    0.085609    4.169146 ^ _092_/Y (sg13g2_inv_1)
                                                         _018_ (net)
                      0.061660    0.000000    4.169146 ^ _120_/RESET_B (sg13g2_dfrbpq_1)
                                              4.169146   data arrival time

                      0.150000   20.000000   20.000000   clock clk (rise edge)
                                  0.000000   20.000000   clock network delay (ideal)
                                 -0.250000   19.750002   clock uncertainty
                                  0.000000   19.750002   clock reconvergence pessimism
                                             19.750002 ^ _120_/CLK (sg13g2_dfrbpq_1)
                                 -0.193889   19.556112   library recovery time
                                             19.556112   data required time
---------------------------------------------------------------------------------------------
                                             19.556112   data required time
                                             -4.169146   data arrival time
---------------------------------------------------------------------------------------------
                                             15.386967   slack (MET)


Startpoint: reset (input port clocked by clk)
Endpoint: _121_ (recovery check against rising-edge clock clk)
Path Group: asynchronous
Path Type: max

Fanout         Cap        Slew       Delay        Time   Description
---------------------------------------------------------------------------------------------
                      0.150000    0.000000    0.000000   clock clk (rise edge)
                                  0.000000    0.000000   clock network delay (ideal)
                                  4.000000    4.000000 v input external delay
    24    0.071298    0.109507    0.083536    4.083536 v reset (in)
                                                         reset (net)
                      0.109507    0.000000    4.083536 v _093_/A (sg13g2_inv_1)
     1    0.005312    0.061660    0.085609    4.169146 ^ _093_/Y (sg13g2_inv_1)
                                                         _019_ (net)
                      0.061660    0.000000    4.169146 ^ _121_/RESET_B (sg13g2_dfrbpq_1)
                                              4.169146   data arrival time

                      0.150000   20.000000   20.000000   clock clk (rise edge)
                                  0.000000   20.000000   clock network delay (ideal)
                                 -0.250000   19.750002   clock uncertainty
                                  0.000000   19.750002   clock reconvergence pessimism
                                             19.750002 ^ _121_/CLK (sg13g2_dfrbpq_1)
                                 -0.193889   19.556112   library recovery time
                                             19.556112   data required time
---------------------------------------------------------------------------------------------
                                             19.556112   data required time
                                             -4.169146   data arrival time
---------------------------------------------------------------------------------------------
                                             15.386967   slack (MET)


Startpoint: _120_ (rising edge-triggered flip-flop clocked by clk)
Endpoint: dout[0] (output port clocked by clk)
Path Group: clk
Path Type: max

Fanout         Cap        Slew       Delay        Time   Description
---------------------------------------------------------------------------------------------
                      0.150000    0.000000    0.000000   clock clk (rise edge)
                                  0.000000    0.000000   clock network delay (ideal)
                      0.150000    0.000000    0.000000 ^ _120_/CLK (sg13g2_dfrbpq_1)
     2    0.008848    0.073093    0.362273    0.362273 ^ _120_/Q (sg13g2_dfrbpq_1)
                                                         dout[0] (net)
                      0.073093    0.000000    0.362273 ^ dout[0] (out)
                                              0.362273   data arrival time

                      0.150000   20.000000   20.000000   clock clk (rise edge)
                                  0.000000   20.000000   clock network delay (ideal)
                                 -0.250000   19.750002   clock uncertainty
                                  0.000000   19.750002   clock reconvergence pessimism
                                 -4.000000   15.750001   output external delay
                                             15.750001   data required time
---------------------------------------------------------------------------------------------
                                             15.750001   data required time
                                             -0.362273   data arrival time
---------------------------------------------------------------------------------------------
                                             15.387729   slack (MET)


Startpoint: _106_ (rising edge-triggered flip-flop clocked by clk)
Endpoint: dout[10] (output port clocked by clk)
Path Group: clk
Path Type: max

Fanout         Cap        Slew       Delay        Time   Description
---------------------------------------------------------------------------------------------
                      0.150000    0.000000    0.000000   clock clk (rise edge)
                                  0.000000    0.000000   clock network delay (ideal)
                      0.150000    0.000000    0.000000 ^ _106_/CLK (sg13g2_dfrbpq_1)
     2    0.008848    0.073093    0.362273    0.362273 ^ _106_/Q (sg13g2_dfrbpq_1)
                                                         dout[10] (net)
                      0.073093    0.000000    0.362273 ^ dout[10] (out)
                                              0.362273   data arrival time

                      0.150000   20.000000   20.000000   clock clk (rise edge)
                                  0.000000   20.000000   clock network delay (ideal)
                                 -0.250000   19.750002   clock uncertainty
                                  0.000000   19.750002   clock reconvergence pessimism
                                 -4.000000   15.750001   output external delay
                                             15.750001   data required time
---------------------------------------------------------------------------------------------
                                             15.750001   data required time
                                             -0.362273   data arrival time
---------------------------------------------------------------------------------------------
                                             15.387729   slack (MET)


Startpoint: _107_ (rising edge-triggered flip-flop clocked by clk)
Endpoint: dout[11] (output port clocked by clk)
Path Group: clk
Path Type: max

Fanout         Cap        Slew       Delay        Time   Description
---------------------------------------------------------------------------------------------
                      0.150000    0.000000    0.000000   clock clk (rise edge)
                                  0.000000    0.000000   clock network delay (ideal)
                      0.150000    0.000000    0.000000 ^ _107_/CLK (sg13g2_dfrbpq_1)
     2    0.008848    0.073093    0.362273    0.362273 ^ _107_/Q (sg13g2_dfrbpq_1)
                                                         dout[11] (net)
                      0.073093    0.000000    0.362273 ^ dout[11] (out)
                                              0.362273   data arrival time

                      0.150000   20.000000   20.000000   clock clk (rise edge)
                                  0.000000   20.000000   clock network delay (ideal)
                                 -0.250000   19.750002   clock uncertainty
                                  0.000000   19.750002   clock reconvergence pessimism
                                 -4.000000   15.750001   output external delay
                                             15.750001   data required time
---------------------------------------------------------------------------------------------
                                             15.750001   data required time
                                             -0.362273   data arrival time
---------------------------------------------------------------------------------------------
                                             15.387729   slack (MET)


Startpoint: _121_ (rising edge-triggered flip-flop clocked by clk)
Endpoint: dout[1] (output port clocked by clk)
Path Group: clk
Path Type: max

Fanout         Cap        Slew       Delay        Time   Description
---------------------------------------------------------------------------------------------
                      0.150000    0.000000    0.000000   clock clk (rise edge)
                                  0.000000    0.000000   clock network delay (ideal)
                      0.150000    0.000000    0.000000 ^ _121_/CLK (sg13g2_dfrbpq_1)
     2    0.008848    0.073093    0.362273    0.362273 ^ _121_/Q (sg13g2_dfrbpq_1)
                                                         dout[1] (net)
                      0.073093    0.000000    0.362273 ^ dout[1] (out)
                                              0.362273   data arrival time

                      0.150000   20.000000   20.000000   clock clk (rise edge)
                                  0.000000   20.000000   clock network delay (ideal)
                                 -0.250000   19.750002   clock uncertainty
                                  0.000000   19.750002   clock reconvergence pessimism
                                 -4.000000   15.750001   output external delay
                                             15.750001   data required time
---------------------------------------------------------------------------------------------
                                             15.750001   data required time
                                             -0.362273   data arrival time
---------------------------------------------------------------------------------------------
                                             15.387729   slack (MET)


Startpoint: _098_ (rising edge-triggered flip-flop clocked by clk)
Endpoint: dout[2] (output port clocked by clk)
Path Group: clk
Path Type: max

Fanout         Cap        Slew       Delay        Time   Description
---------------------------------------------------------------------------------------------
                      0.150000    0.000000    0.000000   clock clk (rise edge)
                                  0.000000    0.000000   clock network delay (ideal)
                      0.150000    0.000000    0.000000 ^ _098_/CLK (sg13g2_dfrbpq_1)
     2    0.008848    0.073093    0.362273    0.362273 ^ _098_/Q (sg13g2_dfrbpq_1)
                                                         dout[2] (net)
                      0.073093    0.000000    0.362273 ^ dout[2] (out)
                                              0.362273   data arrival time

                      0.150000   20.000000   20.000000   clock clk (rise edge)
                                  0.000000   20.000000   clock network delay (ideal)
                                 -0.250000   19.750002   clock uncertainty
                                  0.000000   19.750002   clock reconvergence pessimism
                                 -4.000000   15.750001   output external delay
                                             15.750001   data required time
---------------------------------------------------------------------------------------------
                                             15.750001   data required time
                                             -0.362273   data arrival time
---------------------------------------------------------------------------------------------
                                             15.387729   slack (MET)


Startpoint: _099_ (rising edge-triggered flip-flop clocked by clk)
Endpoint: dout[3] (output port clocked by clk)
Path Group: clk
Path Type: max

Fanout         Cap        Slew       Delay        Time   Description
---------------------------------------------------------------------------------------------
                      0.150000    0.000000    0.000000   clock clk (rise edge)
                                  0.000000    0.000000   clock network delay (ideal)
                      0.150000    0.000000    0.000000 ^ _099_/CLK (sg13g2_dfrbpq_1)
     2    0.008848    0.073093    0.362273    0.362273 ^ _099_/Q (sg13g2_dfrbpq_1)
                                                         dout[3] (net)
                      0.073093    0.000000    0.362273 ^ dout[3] (out)
                                              0.362273   data arrival time

                      0.150000   20.000000   20.000000   clock clk (rise edge)
                                  0.000000   20.000000   clock network delay (ideal)
                                 -0.250000   19.750002   clock uncertainty
                                  0.000000   19.750002   clock reconvergence pessimism
                                 -4.000000   15.750001   output external delay
                                             15.750001   data required time
---------------------------------------------------------------------------------------------
                                             15.750001   data required time
                                             -0.362273   data arrival time
---------------------------------------------------------------------------------------------
                                             15.387729   slack (MET)


Startpoint: _100_ (rising edge-triggered flip-flop clocked by clk)
Endpoint: dout[4] (output port clocked by clk)
Path Group: clk
Path Type: max

Fanout         Cap        Slew       Delay        Time   Description
---------------------------------------------------------------------------------------------
                      0.150000    0.000000    0.000000   clock clk (rise edge)
                                  0.000000    0.000000   clock network delay (ideal)
                      0.150000    0.000000    0.000000 ^ _100_/CLK (sg13g2_dfrbpq_1)
     2    0.008848    0.073093    0.362273    0.362273 ^ _100_/Q (sg13g2_dfrbpq_1)
                                                         dout[4] (net)
                      0.073093    0.000000    0.362273 ^ dout[4] (out)
                                              0.362273   data arrival time

                      0.150000   20.000000   20.000000   clock clk (rise edge)
                                  0.000000   20.000000   clock network delay (ideal)
                                 -0.250000   19.750002   clock uncertainty
                                  0.000000   19.750002   clock reconvergence pessimism
                                 -4.000000   15.750001   output external delay
                                             15.750001   data required time
---------------------------------------------------------------------------------------------
                                             15.750001   data required time
                                             -0.362273   data arrival time
---------------------------------------------------------------------------------------------
                                             15.387729   slack (MET)


Startpoint: _101_ (rising edge-triggered flip-flop clocked by clk)
Endpoint: dout[5] (output port clocked by clk)
Path Group: clk
Path Type: max

Fanout         Cap        Slew       Delay        Time   Description
---------------------------------------------------------------------------------------------
                      0.150000    0.000000    0.000000   clock clk (rise edge)
                                  0.000000    0.000000   clock network delay (ideal)
                      0.150000    0.000000    0.000000 ^ _101_/CLK (sg13g2_dfrbpq_1)
     2    0.008848    0.073093    0.362273    0.362273 ^ _101_/Q (sg13g2_dfrbpq_1)
                                                         dout[5] (net)
                      0.073093    0.000000    0.362273 ^ dout[5] (out)
                                              0.362273   data arrival time

                      0.150000   20.000000   20.000000   clock clk (rise edge)
                                  0.000000   20.000000   clock network delay (ideal)
                                 -0.250000   19.750002   clock uncertainty
                                  0.000000   19.750002   clock reconvergence pessimism
                                 -4.000000   15.750001   output external delay
                                             15.750001   data required time
---------------------------------------------------------------------------------------------
                                             15.750001   data required time
                                             -0.362273   data arrival time
---------------------------------------------------------------------------------------------
                                             15.387729   slack (MET)


Startpoint: _102_ (rising edge-triggered flip-flop clocked by clk)
Endpoint: dout[6] (output port clocked by clk)
Path Group: clk
Path Type: max

Fanout         Cap        Slew       Delay        Time   Description
---------------------------------------------------------------------------------------------
                      0.150000    0.000000    0.000000   clock clk (rise edge)
                                  0.000000    0.000000   clock network delay (ideal)
                      0.150000    0.000000    0.000000 ^ _102_/CLK (sg13g2_dfrbpq_1)
     2    0.008848    0.073093    0.362273    0.362273 ^ _102_/Q (sg13g2_dfrbpq_1)
                                                         dout[6] (net)
                      0.073093    0.000000    0.362273 ^ dout[6] (out)
                                              0.362273   data arrival time

                      0.150000   20.000000   20.000000   clock clk (rise edge)
                                  0.000000   20.000000   clock network delay (ideal)
                                 -0.250000   19.750002   clock uncertainty
                                  0.000000   19.750002   clock reconvergence pessimism
                                 -4.000000   15.750001   output external delay
                                             15.750001   data required time
---------------------------------------------------------------------------------------------
                                             15.750001   data required time
                                             -0.362273   data arrival time
---------------------------------------------------------------------------------------------
                                             15.387729   slack (MET)


Startpoint: _103_ (rising edge-triggered flip-flop clocked by clk)
Endpoint: dout[7] (output port clocked by clk)
Path Group: clk
Path Type: max

Fanout         Cap        Slew       Delay        Time   Description
---------------------------------------------------------------------------------------------
                      0.150000    0.000000    0.000000   clock clk (rise edge)
                                  0.000000    0.000000   clock network delay (ideal)
                      0.150000    0.000000    0.000000 ^ _103_/CLK (sg13g2_dfrbpq_1)
     2    0.008848    0.073093    0.362273    0.362273 ^ _103_/Q (sg13g2_dfrbpq_1)
                                                         dout[7] (net)
                      0.073093    0.000000    0.362273 ^ dout[7] (out)
                                              0.362273   data arrival time

                      0.150000   20.000000   20.000000   clock clk (rise edge)
                                  0.000000   20.000000   clock network delay (ideal)
                                 -0.250000   19.750002   clock uncertainty
                                  0.000000   19.750002   clock reconvergence pessimism
                                 -4.000000   15.750001   output external delay
                                             15.750001   data required time
---------------------------------------------------------------------------------------------
                                             15.750001   data required time
                                             -0.362273   data arrival time
---------------------------------------------------------------------------------------------
                                             15.387729   slack (MET)


Startpoint: _104_ (rising edge-triggered flip-flop clocked by clk)
Endpoint: dout[8] (output port clocked by clk)
Path Group: clk
Path Type: max

Fanout         Cap        Slew       Delay        Time   Description
---------------------------------------------------------------------------------------------
                      0.150000    0.000000    0.000000   clock clk (rise edge)
                                  0.000000    0.000000   clock network delay (ideal)
                      0.150000    0.000000    0.000000 ^ _104_/CLK (sg13g2_dfrbpq_1)
     2    0.008848    0.073093    0.362273    0.362273 ^ _104_/Q (sg13g2_dfrbpq_1)
                                                         dout[8] (net)
                      0.073093    0.000000    0.362273 ^ dout[8] (out)
                                              0.362273   data arrival time

                      0.150000   20.000000   20.000000   clock clk (rise edge)
                                  0.000000   20.000000   clock network delay (ideal)
                                 -0.250000   19.750002   clock uncertainty
                                  0.000000   19.750002   clock reconvergence pessimism
                                 -4.000000   15.750001   output external delay
                                             15.750001   data required time
---------------------------------------------------------------------------------------------
                                             15.750001   data required time
                                             -0.362273   data arrival time
---------------------------------------------------------------------------------------------
                                             15.387729   slack (MET)


Startpoint: _105_ (rising edge-triggered flip-flop clocked by clk)
Endpoint: dout[9] (output port clocked by clk)
Path Group: clk
Path Type: max

Fanout         Cap        Slew       Delay        Time   Description
---------------------------------------------------------------------------------------------
                      0.150000    0.000000    0.000000   clock clk (rise edge)
                                  0.000000    0.000000   clock network delay (ideal)
                      0.150000    0.000000    0.000000 ^ _105_/CLK (sg13g2_dfrbpq_1)
     2    0.008848    0.073093    0.362273    0.362273 ^ _105_/Q (sg13g2_dfrbpq_1)
                                                         dout[9] (net)
                      0.073093    0.000000    0.362273 ^ dout[9] (out)
                                              0.362273   data arrival time

                      0.150000   20.000000   20.000000   clock clk (rise edge)
                                  0.000000   20.000000   clock network delay (ideal)
                                 -0.250000   19.750002   clock uncertainty
                                  0.000000   19.750002   clock reconvergence pessimism
                                 -4.000000   15.750001   output external delay
                                             15.750001   data required time
---------------------------------------------------------------------------------------------
                                             15.750001   data required time
                                             -0.362273   data arrival time
---------------------------------------------------------------------------------------------
                                             15.387729   slack (MET)



