+ define_corners nom_slow_1p08V_125C
Reading timing models for corner nom_slow_1p08V_125C…
Reading cell library for the 'nom_slow_1p08V_125C' corner at '/opt/pdks/ihp-sg13g2/libs.ref/sg13g2_stdcell/lib/sg13g2_stdcell_slow_1p08V_125C.lib'…
Reading cell library for the 'nom_slow_1p08V_125C' corner at '/opt/pdks/ihp-sg13g2/libs.ref/sg13g2_io/lib/sg13g2_io_slow_1p08V_3p0V_125C.lib'…
Reading top-level netlist at '/home/designer/shared/s2p/runs/RUN_2026-09-12_02-16-42/06-yosys-synthesis/serial2parallel.nl.v'…
Linking design 'serial2parallel' from netlist…
Reading design constraints file at '/nix/store/4lnizdcfpwncfgmyqhj7a0vd92nr2swy-python3.13-librelane-3.1.0.dev3/lib/python3.13/site-packages/librelane/scripts/base.sdc'…
[INFO] Using clock clk…
[INFO] Setting output delay to: 4.0
[INFO] Setting input delay to: 4.0
[INFO] Setting load to: 0.006
[INFO] Setting clock uncertainty to: 0.25
[INFO] Setting clock transition to: 0.15
[INFO] Setting timing derate to: 5.0%
%OL_CREATE_REPORT min.rpt

===========================================================================
report_checks -path_delay min (Hold)
============================================================================
======================= nom_slow_1p08V_125C Corner ===================================

Startpoint: _119_ (rising edge-triggered flip-flop clocked by clk)
Endpoint: _107_ (rising edge-triggered flip-flop clocked by clk)
Path Group: clk
Path Type: min

Fanout         Cap        Slew       Delay        Time   Description
---------------------------------------------------------------------------------------------
                      0.150000    0.000000    0.000000   clock clk (rise edge)
                                  0.000000    0.000000   clock network delay (ideal)
                      0.150000    0.000000    0.000000 ^ _119_/CLK (sg13g2_dfrbpq_1)
     2    0.004683    0.040831    0.306984    0.306984 v _119_/Q (sg13g2_dfrbpq_1)
                                                         internal_data_reg[11] (net)
                      0.040831    0.000000    0.306984 v _069_/A1 (sg13g2_mux2_1)
     1    0.001355    0.039275    0.153376    0.460360 v _069_/X (sg13g2_mux2_1)
                                                         _029_ (net)
                      0.039275    0.000000    0.460360 v _107_/D (sg13g2_dfrbpq_1)
                                              0.460360   data arrival time

                      0.150000    0.000000    0.000000   clock clk (rise edge)
                                  0.000000    0.000000   clock network delay (ideal)
                                  0.250000    0.250000   clock uncertainty
                                  0.000000    0.250000   clock reconvergence pessimism
                                              0.250000 ^ _107_/CLK (sg13g2_dfrbpq_1)
                                 -0.019360    0.230640   library hold time
                                              0.230640   data required time
---------------------------------------------------------------------------------------------
                                              0.230640   data required time
                                             -0.460360   data arrival time
---------------------------------------------------------------------------------------------
                                              0.229720   slack (MET)


Startpoint: _119_ (rising edge-triggered flip-flop clocked by clk)
Endpoint: _119_ (rising edge-triggered flip-flop clocked by clk)
Path Group: clk
Path Type: min

Fanout         Cap        Slew       Delay        Time   Description
---------------------------------------------------------------------------------------------
                      0.150000    0.000000    0.000000   clock clk (rise edge)
                                  0.000000    0.000000   clock network delay (ideal)
                      0.150000    0.000000    0.000000 ^ _119_/CLK (sg13g2_dfrbpq_1)
     2    0.004683    0.040831    0.306984    0.306984 v _119_/Q (sg13g2_dfrbpq_1)
                                                         internal_data_reg[11] (net)
                      0.040831    0.000000    0.306984 v _057_/A0 (sg13g2_mux2_1)
     1    0.001355    0.040312    0.153474    0.460458 v _057_/X (sg13g2_mux2_1)
                                                         _041_ (net)
                      0.040312    0.000000    0.460458 v _119_/D (sg13g2_dfrbpq_1)
                                              0.460458   data arrival time

                      0.150000    0.000000    0.000000   clock clk (rise edge)
                                  0.000000    0.000000   clock network delay (ideal)
                                  0.250000    0.250000   clock uncertainty
                                  0.000000    0.250000   clock reconvergence pessimism
                                              0.250000 ^ _119_/CLK (sg13g2_dfrbpq_1)
                                 -0.019778    0.230222   library hold time
                                              0.230222   data required time
---------------------------------------------------------------------------------------------
                                              0.230222   data required time
                                             -0.460458   data arrival time
---------------------------------------------------------------------------------------------
                                              0.230236   slack (MET)


Startpoint: _110_ (rising edge-triggered flip-flop clocked by clk)
Endpoint: _098_ (rising edge-triggered flip-flop clocked by clk)
Path Group: clk
Path Type: min

Fanout         Cap        Slew       Delay        Time   Description
---------------------------------------------------------------------------------------------
                      0.150000    0.000000    0.000000   clock clk (rise edge)
                                  0.000000    0.000000   clock network delay (ideal)
                      0.150000    0.000000    0.000000 ^ _110_/CLK (sg13g2_dfrbpq_1)
     3    0.007100    0.052304    0.316220    0.316220 v _110_/Q (sg13g2_dfrbpq_1)
                                                         internal_data_reg[2] (net)
                      0.052304    0.000000    0.316220 v _053_/A1 (sg13g2_mux2_1)
     1    0.001355    0.039275    0.157891    0.474112 v _053_/X (sg13g2_mux2_1)
                                                         _044_ (net)
                      0.039275    0.000000    0.474112 v _098_/D (sg13g2_dfrbpq_1)
                                              0.474112   data arrival time

                      0.150000    0.000000    0.000000   clock clk (rise edge)
                                  0.000000    0.000000   clock network delay (ideal)
                                  0.250000    0.250000   clock uncertainty
                                  0.000000    0.250000   clock reconvergence pessimism
                                              0.250000 ^ _098_/CLK (sg13g2_dfrbpq_1)
                                 -0.019360    0.230640   library hold time
                                              0.230640   data required time
---------------------------------------------------------------------------------------------
                                              0.230640   data required time
                                             -0.474112   data arrival time
---------------------------------------------------------------------------------------------
                                              0.243472   slack (MET)


Startpoint: _111_ (rising edge-triggered flip-flop clocked by clk)
Endpoint: _099_ (rising edge-triggered flip-flop clocked by clk)
Path Group: clk
Path Type: min

Fanout         Cap        Slew       Delay        Time   Description
---------------------------------------------------------------------------------------------
                      0.150000    0.000000    0.000000   clock clk (rise edge)
                                  0.000000    0.000000   clock network delay (ideal)
                      0.150000    0.000000    0.000000 ^ _111_/CLK (sg13g2_dfrbpq_1)
     3    0.007100    0.052304    0.316220    0.316220 v _111_/Q (sg13g2_dfrbpq_1)
                                                         internal_data_reg[3] (net)
                      0.052304    0.000000    0.316220 v _052_/A1 (sg13g2_mux2_1)
     1    0.001355    0.039275    0.157891    0.474112 v _052_/X (sg13g2_mux2_1)
                                                         _045_ (net)
                      0.039275    0.000000    0.474112 v _099_/D (sg13g2_dfrbpq_1)
                                              0.474112   data arrival time

                      0.150000    0.000000    0.000000   clock clk (rise edge)
                                  0.000000    0.000000   clock network delay (ideal)
                                  0.250000    0.250000   clock uncertainty
                                  0.000000    0.250000   clock reconvergence pessimism
                                              0.250000 ^ _099_/CLK (sg13g2_dfrbpq_1)
                                 -0.019360    0.230640   library hold time
                                              0.230640   data required time
---------------------------------------------------------------------------------------------
                                              0.230640   data required time
                                             -0.474112   data arrival time
---------------------------------------------------------------------------------------------
                                              0.243472   slack (MET)


Startpoint: _112_ (rising edge-triggered flip-flop clocked by clk)
Endpoint: _100_ (rising edge-triggered flip-flop clocked by clk)
Path Group: clk
Path Type: min

Fanout         Cap        Slew       Delay        Time   Description
---------------------------------------------------------------------------------------------
                      0.150000    0.000000    0.000000   clock clk (rise edge)
                                  0.000000    0.000000   clock network delay (ideal)
                      0.150000    0.000000    0.000000 ^ _112_/CLK (sg13g2_dfrbpq_1)
     3    0.007100    0.052304    0.316220    0.316220 v _112_/Q (sg13g2_dfrbpq_1)
                                                         internal_data_reg[4] (net)
                      0.052304    0.000000    0.316220 v _051_/A1 (sg13g2_mux2_1)
     1    0.001355    0.039275    0.157891    0.474112 v _051_/X (sg13g2_mux2_1)
                                                         _046_ (net)
                      0.039275    0.000000    0.474112 v _100_/D (sg13g2_dfrbpq_1)
                                              0.474112   data arrival time

                      0.150000    0.000000    0.000000   clock clk (rise edge)
                                  0.000000    0.000000   clock network delay (ideal)
                                  0.250000    0.250000   clock uncertainty
                                  0.000000    0.250000   clock reconvergence pessimism
                                              0.250000 ^ _100_/CLK (sg13g2_dfrbpq_1)
                                 -0.019360    0.230640   library hold time
                                              0.230640   data required time
---------------------------------------------------------------------------------------------
                                              0.230640   data required time
                                             -0.474112   data arrival time
---------------------------------------------------------------------------------------------
                                              0.243472   slack (MET)


Startpoint: _113_ (rising edge-triggered flip-flop clocked by clk)
Endpoint: _101_ (rising edge-triggered flip-flop clocked by clk)
Path Group: clk
Path Type: min

Fanout         Cap        Slew       Delay        Time   Description
---------------------------------------------------------------------------------------------
                      0.150000    0.000000    0.000000   clock clk (rise edge)
                                  0.000000    0.000000   clock network delay (ideal)
                      0.150000    0.000000    0.000000 ^ _113_/CLK (sg13g2_dfrbpq_1)
     3    0.007100    0.052304    0.316220    0.316220 v _113_/Q (sg13g2_dfrbpq_1)
                                                         internal_data_reg[5] (net)
                      0.052304    0.000000    0.316220 v _050_/A1 (sg13g2_mux2_1)
     1    0.001355    0.039275    0.157891    0.474112 v _050_/X (sg13g2_mux2_1)
                                                         _047_ (net)
                      0.039275    0.000000    0.474112 v _101_/D (sg13g2_dfrbpq_1)
                                              0.474112   data arrival time

                      0.150000    0.000000    0.000000   clock clk (rise edge)
                                  0.000000    0.000000   clock network delay (ideal)
                                  0.250000    0.250000   clock uncertainty
                                  0.000000    0.250000   clock reconvergence pessimism
                                              0.250000 ^ _101_/CLK (sg13g2_dfrbpq_1)
                                 -0.019360    0.230640   library hold time
                                              0.230640   data required time
---------------------------------------------------------------------------------------------
                                              0.230640   data required time
                                             -0.474112   data arrival time
---------------------------------------------------------------------------------------------
                                              0.243472   slack (MET)


Startpoint: _114_ (rising edge-triggered flip-flop clocked by clk)
Endpoint: _102_ (rising edge-triggered flip-flop clocked by clk)
Path Group: clk
Path Type: min

Fanout         Cap        Slew       Delay        Time   Description
---------------------------------------------------------------------------------------------
                      0.150000    0.000000    0.000000   clock clk (rise edge)
                                  0.000000    0.000000   clock network delay (ideal)
                      0.150000    0.000000    0.000000 ^ _114_/CLK (sg13g2_dfrbpq_1)
     3    0.007100    0.052304    0.316220    0.316220 v _114_/Q (sg13g2_dfrbpq_1)
                                                         internal_data_reg[6] (net)
                      0.052304    0.000000    0.316220 v _074_/A1 (sg13g2_mux2_1)
     1    0.001355    0.039275    0.157891    0.474112 v _074_/X (sg13g2_mux2_1)
                                                         _024_ (net)
                      0.039275    0.000000    0.474112 v _102_/D (sg13g2_dfrbpq_1)
                                              0.474112   data arrival time

                      0.150000    0.000000    0.000000   clock clk (rise edge)
                                  0.000000    0.000000   clock network delay (ideal)
                                  0.250000    0.250000   clock uncertainty
                                  0.000000    0.250000   clock reconvergence pessimism
                                              0.250000 ^ _102_/CLK (sg13g2_dfrbpq_1)
                                 -0.019360    0.230640   library hold time
                                              0.230640   data required time
---------------------------------------------------------------------------------------------
                                              0.230640   data required time
                                             -0.474112   data arrival time
---------------------------------------------------------------------------------------------
                                              0.243472   slack (MET)


Startpoint: _115_ (rising edge-triggered flip-flop clocked by clk)
Endpoint: _103_ (rising edge-triggered flip-flop clocked by clk)
Path Group: clk
Path Type: min

Fanout         Cap        Slew       Delay        Time   Description
---------------------------------------------------------------------------------------------
                      0.150000    0.000000    0.000000   clock clk (rise edge)
                                  0.000000    0.000000   clock network delay (ideal)
                      0.150000    0.000000    0.000000 ^ _115_/CLK (sg13g2_dfrbpq_1)
     3    0.007100    0.052304    0.316220    0.316220 v _115_/Q (sg13g2_dfrbpq_1)
                                                         internal_data_reg[7] (net)
                      0.052304    0.000000    0.316220 v _073_/A1 (sg13g2_mux2_1)
     1    0.001355    0.039275    0.157891    0.474112 v _073_/X (sg13g2_mux2_1)
                                                         _025_ (net)
                      0.039275    0.000000    0.474112 v _103_/D (sg13g2_dfrbpq_1)
                                              0.474112   data arrival time

                      0.150000    0.000000    0.000000   clock clk (rise edge)
                                  0.000000    0.000000   clock network delay (ideal)
                                  0.250000    0.250000   clock uncertainty
                                  0.000000    0.250000   clock reconvergence pessimism
                                              0.250000 ^ _103_/CLK (sg13g2_dfrbpq_1)
                                 -0.019360    0.230640   library hold time
                                              0.230640   data required time
---------------------------------------------------------------------------------------------
                                              0.230640   data required time
                                             -0.474112   data arrival time
---------------------------------------------------------------------------------------------
                                              0.243472   slack (MET)


Startpoint: _116_ (rising edge-triggered flip-flop clocked by clk)
Endpoint: _104_ (rising edge-triggered flip-flop clocked by clk)
Path Group: clk
Path Type: min

Fanout         Cap        Slew       Delay        Time   Description
---------------------------------------------------------------------------------------------
                      0.150000    0.000000    0.000000   clock clk (rise edge)
                                  0.000000    0.000000   clock network delay (ideal)
                      0.150000    0.000000    0.000000 ^ _116_/CLK (sg13g2_dfrbpq_1)
     3    0.007100    0.052304    0.316220    0.316220 v _116_/Q (sg13g2_dfrbpq_1)
                                                         internal_data_reg[8] (net)
                      0.052304    0.000000    0.316220 v _072_/A1 (sg13g2_mux2_1)
     1    0.001355    0.039275    0.157891    0.474112 v _072_/X (sg13g2_mux2_1)
                                                         _026_ (net)
                      0.039275    0.000000    0.474112 v _104_/D (sg13g2_dfrbpq_1)
                                              0.474112   data arrival time

                      0.150000    0.000000    0.000000   clock clk (rise edge)
                                  0.000000    0.000000   clock network delay (ideal)
                                  0.250000    0.250000   clock uncertainty
                                  0.000000    0.250000   clock reconvergence pessimism
                                              0.250000 ^ _104_/CLK (sg13g2_dfrbpq_1)
                                 -0.019360    0.230640   library hold time
                                              0.230640   data required time
---------------------------------------------------------------------------------------------
                                              0.230640   data required time
                                             -0.474112   data arrival time
---------------------------------------------------------------------------------------------
                                              0.243472   slack (MET)


Startpoint: _117_ (rising edge-triggered flip-flop clocked by clk)
Endpoint: _105_ (rising edge-triggered flip-flop clocked by clk)
Path Group: clk
Path Type: min

Fanout         Cap        Slew       Delay        Time   Description
---------------------------------------------------------------------------------------------
                      0.150000    0.000000    0.000000   clock clk (rise edge)
                                  0.000000    0.000000   clock network delay (ideal)
                      0.150000    0.000000    0.000000 ^ _117_/CLK (sg13g2_dfrbpq_1)
     3    0.007100    0.052304    0.316220    0.316220 v _117_/Q (sg13g2_dfrbpq_1)
                                                         internal_data_reg[9] (net)
                      0.052304    0.000000    0.316220 v _071_/A1 (sg13g2_mux2_1)
     1    0.001355    0.039275    0.157891    0.474112 v _071_/X (sg13g2_mux2_1)
                                                         _027_ (net)
                      0.039275    0.000000    0.474112 v _105_/D (sg13g2_dfrbpq_1)
                                              0.474112   data arrival time

                      0.150000    0.000000    0.000000   clock clk (rise edge)
                                  0.000000    0.000000   clock network delay (ideal)
                                  0.250000    0.250000   clock uncertainty
                                  0.000000    0.250000   clock reconvergence pessimism
                                              0.250000 ^ _105_/CLK (sg13g2_dfrbpq_1)
                                 -0.019360    0.230640   library hold time
                                              0.230640   data required time
---------------------------------------------------------------------------------------------
                                              0.230640   data required time
                                             -0.474112   data arrival time
---------------------------------------------------------------------------------------------
                                              0.243472   slack (MET)


Startpoint: _118_ (rising edge-triggered flip-flop clocked by clk)
Endpoint: _106_ (rising edge-triggered flip-flop clocked by clk)
Path Group: clk
Path Type: min

Fanout         Cap        Slew       Delay        Time   Description
---------------------------------------------------------------------------------------------
                      0.150000    0.000000    0.000000   clock clk (rise edge)
                                  0.000000    0.000000   clock network delay (ideal)
                      0.150000    0.000000    0.000000 ^ _118_/CLK (sg13g2_dfrbpq_1)
     3    0.007100    0.052304    0.316220    0.316220 v _118_/Q (sg13g2_dfrbpq_1)
                                                         internal_data_reg[10] (net)
                      0.052304    0.000000    0.316220 v _070_/A1 (sg13g2_mux2_1)
     1    0.001355    0.039275    0.157891    0.474112 v _070_/X (sg13g2_mux2_1)
                                                         _028_ (net)
                      0.039275    0.000000    0.474112 v _106_/D (sg13g2_dfrbpq_1)
                                              0.474112   data arrival time

                      0.150000    0.000000    0.000000   clock clk (rise edge)
                                  0.000000    0.000000   clock network delay (ideal)
                                  0.250000    0.250000   clock uncertainty
                                  0.000000    0.250000   clock reconvergence pessimism
                                              0.250000 ^ _106_/CLK (sg13g2_dfrbpq_1)
                                 -0.019360    0.230640   library hold time
                                              0.230640   data required time
---------------------------------------------------------------------------------------------
                                              0.230640   data required time
                                             -0.474112   data arrival time
---------------------------------------------------------------------------------------------
                                              0.243472   slack (MET)


Startpoint: _108_ (rising edge-triggered flip-flop clocked by clk)
Endpoint: _120_ (rising edge-triggered flip-flop clocked by clk)
Path Group: clk
Path Type: min

Fanout         Cap        Slew       Delay        Time   Description
---------------------------------------------------------------------------------------------
                      0.150000    0.000000    0.000000   clock clk (rise edge)
                                  0.000000    0.000000   clock network delay (ideal)
                      0.150000    0.000000    0.000000 ^ _108_/CLK (sg13g2_dfrbpq_1)
     3    0.007100    0.052304    0.316220    0.316220 v _108_/Q (sg13g2_dfrbpq_1)
                                                         internal_data_reg[0] (net)
                      0.052304    0.000000    0.316220 v _055_/A1 (sg13g2_mux2_1)
     1    0.001355    0.039275    0.157891    0.474112 v _055_/X (sg13g2_mux2_1)
                                                         _042_ (net)
                      0.039275    0.000000    0.474112 v _120_/D (sg13g2_dfrbpq_1)
                                              0.474112   data arrival time

                      0.150000    0.000000    0.000000   clock clk (rise edge)
                                  0.000000    0.000000   clock network delay (ideal)
                                  0.250000    0.250000   clock uncertainty
                                  0.000000    0.250000   clock reconvergence pessimism
                                              0.250000 ^ _120_/CLK (sg13g2_dfrbpq_1)
                                 -0.019360    0.230640   library hold time
                                              0.230640   data required time
---------------------------------------------------------------------------------------------
                                              0.230640   data required time
                                             -0.474112   data arrival time
---------------------------------------------------------------------------------------------
                                              0.243472   slack (MET)


Startpoint: _109_ (rising edge-triggered flip-flop clocked by clk)
Endpoint: _121_ (rising edge-triggered flip-flop clocked by clk)
Path Group: clk
Path Type: min

Fanout         Cap        Slew       Delay        Time   Description
---------------------------------------------------------------------------------------------
                      0.150000    0.000000    0.000000   clock clk (rise edge)
                                  0.000000    0.000000   clock network delay (ideal)
                      0.150000    0.000000    0.000000 ^ _109_/CLK (sg13g2_dfrbpq_1)
     3    0.007100    0.052304    0.316220    0.316220 v _109_/Q (sg13g2_dfrbpq_1)
                                                         internal_data_reg[1] (net)
                      0.052304    0.000000    0.316220 v _054_/A1 (sg13g2_mux2_1)
     1    0.001355    0.039275    0.157891    0.474112 v _054_/X (sg13g2_mux2_1)
                                                         _043_ (net)
                      0.039275    0.000000    0.474112 v _121_/D (sg13g2_dfrbpq_1)
                                              0.474112   data arrival time

                      0.150000    0.000000    0.000000   clock clk (rise edge)
                                  0.000000    0.000000   clock network delay (ideal)
                                  0.250000    0.250000   clock uncertainty
                                  0.000000    0.250000   clock reconvergence pessimism
                                              0.250000 ^ _121_/CLK (sg13g2_dfrbpq_1)
                                 -0.019360    0.230640   library hold time
                                              0.230640   data required time
---------------------------------------------------------------------------------------------
                                              0.230640   data required time
                                             -0.474112   data arrival time
---------------------------------------------------------------------------------------------
                                              0.243472   slack (MET)


Startpoint: _108_ (rising edge-triggered flip-flop clocked by clk)
Endpoint: _109_ (rising edge-triggered flip-flop clocked by clk)
Path Group: clk
Path Type: min

Fanout         Cap        Slew       Delay        Time   Description
---------------------------------------------------------------------------------------------
                      0.150000    0.000000    0.000000   clock clk (rise edge)
                                  0.000000    0.000000   clock network delay (ideal)
                      0.150000    0.000000    0.000000 ^ _108_/CLK (sg13g2_dfrbpq_1)
     3    0.007100    0.052304    0.316220    0.316220 v _108_/Q (sg13g2_dfrbpq_1)
                                                         internal_data_reg[0] (net)
                      0.052304    0.000000    0.316220 v _067_/A1 (sg13g2_mux2_1)
     1    0.001355    0.040312    0.157891    0.474112 v _067_/X (sg13g2_mux2_1)
                                                         _031_ (net)
                      0.040312    0.000000    0.474112 v _109_/D (sg13g2_dfrbpq_1)
                                              0.474112   data arrival time

                      0.150000    0.000000    0.000000   clock clk (rise edge)
                                  0.000000    0.000000   clock network delay (ideal)
                                  0.250000    0.250000   clock uncertainty
                                  0.000000    0.250000   clock reconvergence pessimism
                                              0.250000 ^ _109_/CLK (sg13g2_dfrbpq_1)
                                 -0.019778    0.230222   library hold time
                                              0.230222   data required time
---------------------------------------------------------------------------------------------
                                              0.230222   data required time
                                             -0.474112   data arrival time
---------------------------------------------------------------------------------------------
                                              0.243890   slack (MET)


Startpoint: _109_ (rising edge-triggered flip-flop clocked by clk)
Endpoint: _110_ (rising edge-triggered flip-flop clocked by clk)
Path Group: clk
Path Type: min

Fanout         Cap        Slew       Delay        Time   Description
---------------------------------------------------------------------------------------------
                      0.150000    0.000000    0.000000   clock clk (rise edge)
                                  0.000000    0.000000   clock network delay (ideal)
                      0.150000    0.000000    0.000000 ^ _109_/CLK (sg13g2_dfrbpq_1)
     3    0.007100    0.052304    0.316220    0.316220 v _109_/Q (sg13g2_dfrbpq_1)
                                                         internal_data_reg[1] (net)
                      0.052304    0.000000    0.316220 v _066_/A1 (sg13g2_mux2_1)
     1    0.001355    0.040312    0.157891    0.474112 v _066_/X (sg13g2_mux2_1)
                                                         _032_ (net)
                      0.040312    0.000000    0.474112 v _110_/D (sg13g2_dfrbpq_1)
                                              0.474112   data arrival time

                      0.150000    0.000000    0.000000   clock clk (rise edge)
                                  0.000000    0.000000   clock network delay (ideal)
                                  0.250000    0.250000   clock uncertainty
                                  0.000000    0.250000   clock reconvergence pessimism
                                              0.250000 ^ _110_/CLK (sg13g2_dfrbpq_1)
                                 -0.019778    0.230222   library hold time
                                              0.230222   data required time
---------------------------------------------------------------------------------------------
                                              0.230222   data required time
                                             -0.474112   data arrival time
---------------------------------------------------------------------------------------------
                                              0.243890   slack (MET)


Startpoint: _110_ (rising edge-triggered flip-flop clocked by clk)
Endpoint: _111_ (rising edge-triggered flip-flop clocked by clk)
Path Group: clk
Path Type: min

Fanout         Cap        Slew       Delay        Time   Description
---------------------------------------------------------------------------------------------
                      0.150000    0.000000    0.000000   clock clk (rise edge)
                                  0.000000    0.000000   clock network delay (ideal)
                      0.150000    0.000000    0.000000 ^ _110_/CLK (sg13g2_dfrbpq_1)
     3    0.007100    0.052304    0.316220    0.316220 v _110_/Q (sg13g2_dfrbpq_1)
                                                         internal_data_reg[2] (net)
                      0.052304    0.000000    0.316220 v _065_/A1 (sg13g2_mux2_1)
     1    0.001355    0.040312    0.157891    0.474112 v _065_/X (sg13g2_mux2_1)
                                                         _033_ (net)
                      0.040312    0.000000    0.474112 v _111_/D (sg13g2_dfrbpq_1)
                                              0.474112   data arrival time

                      0.150000    0.000000    0.000000   clock clk (rise edge)
                                  0.000000    0.000000   clock network delay (ideal)
                                  0.250000    0.250000   clock uncertainty
                                  0.000000    0.250000   clock reconvergence pessimism
                                              0.250000 ^ _111_/CLK (sg13g2_dfrbpq_1)
                                 -0.019778    0.230222   library hold time
                                              0.230222   data required time
---------------------------------------------------------------------------------------------
                                              0.230222   data required time
                                             -0.474112   data arrival time
---------------------------------------------------------------------------------------------
                                              0.243890   slack (MET)


Startpoint: _111_ (rising edge-triggered flip-flop clocked by clk)
Endpoint: _112_ (rising edge-triggered flip-flop clocked by clk)
Path Group: clk
Path Type: min

Fanout         Cap        Slew       Delay        Time   Description
---------------------------------------------------------------------------------------------
                      0.150000    0.000000    0.000000   clock clk (rise edge)
                                  0.000000    0.000000   clock network delay (ideal)
                      0.150000    0.000000    0.000000 ^ _111_/CLK (sg13g2_dfrbpq_1)
     3    0.007100    0.052304    0.316220    0.316220 v _111_/Q (sg13g2_dfrbpq_1)
                                                         internal_data_reg[3] (net)
                      0.052304    0.000000    0.316220 v _064_/A1 (sg13g2_mux2_1)
     1    0.001355    0.040312    0.157891    0.474112 v _064_/X (sg13g2_mux2_1)
                                                         _034_ (net)
                      0.040312    0.000000    0.474112 v _112_/D (sg13g2_dfrbpq_1)
                                              0.474112   data arrival time

                      0.150000    0.000000    0.000000   clock clk (rise edge)
                                  0.000000    0.000000   clock network delay (ideal)
                                  0.250000    0.250000   clock uncertainty
                                  0.000000    0.250000   clock reconvergence pessimism
                                              0.250000 ^ _112_/CLK (sg13g2_dfrbpq_1)
                                 -0.019778    0.230222   library hold time
                                              0.230222   data required time
---------------------------------------------------------------------------------------------
                                              0.230222   data required time
                                             -0.474112   data arrival time
---------------------------------------------------------------------------------------------
                                              0.243890   slack (MET)


Startpoint: _112_ (rising edge-triggered flip-flop clocked by clk)
Endpoint: _113_ (rising edge-triggered flip-flop clocked by clk)
Path Group: clk
Path Type: min

Fanout         Cap        Slew       Delay        Time   Description
---------------------------------------------------------------------------------------------
                      0.150000    0.000000    0.000000   clock clk (rise edge)
                                  0.000000    0.000000   clock network delay (ideal)
                      0.150000    0.000000    0.000000 ^ _112_/CLK (sg13g2_dfrbpq_1)
     3    0.007100    0.052304    0.316220    0.316220 v _112_/Q (sg13g2_dfrbpq_1)
                                                         internal_data_reg[4] (net)
                      0.052304    0.000000    0.316220 v _063_/A1 (sg13g2_mux2_1)
     1    0.001355    0.040312    0.157891    0.474112 v _063_/X (sg13g2_mux2_1)
                                                         _035_ (net)
                      0.040312    0.000000    0.474112 v _113_/D (sg13g2_dfrbpq_1)
                                              0.474112   data arrival time

                      0.150000    0.000000    0.000000   clock clk (rise edge)
                                  0.000000    0.000000   clock network delay (ideal)
                                  0.250000    0.250000   clock uncertainty
                                  0.000000    0.250000   clock reconvergence pessimism
                                              0.250000 ^ _113_/CLK (sg13g2_dfrbpq_1)
                                 -0.019778    0.230222   library hold time
                                              0.230222   data required time
---------------------------------------------------------------------------------------------
                                              0.230222   data required time
                                             -0.474112   data arrival time
---------------------------------------------------------------------------------------------
                                              0.243890   slack (MET)


Startpoint: _113_ (rising edge-triggered flip-flop clocked by clk)
Endpoint: _114_ (rising edge-triggered flip-flop clocked by clk)
Path Group: clk
Path Type: min

Fanout         Cap        Slew       Delay        Time   Description
---------------------------------------------------------------------------------------------
                      0.150000    0.000000    0.000000   clock clk (rise edge)
                                  0.000000    0.000000   clock network delay (ideal)
                      0.150000    0.000000    0.000000 ^ _113_/CLK (sg13g2_dfrbpq_1)
     3    0.007100    0.052304    0.316220    0.316220 v _113_/Q (sg13g2_dfrbpq_1)
                                                         internal_data_reg[5] (net)
                      0.052304    0.000000    0.316220 v _062_/A1 (sg13g2_mux2_1)
     1    0.001355    0.040312    0.157891    0.474112 v _062_/X (sg13g2_mux2_1)
                                                         _036_ (net)
                      0.040312    0.000000    0.474112 v _114_/D (sg13g2_dfrbpq_1)
                                              0.474112   data arrival time

                      0.150000    0.000000    0.000000   clock clk (rise edge)
                                  0.000000    0.000000   clock network delay (ideal)
                                  0.250000    0.250000   clock uncertainty
                                  0.000000    0.250000   clock reconvergence pessimism
                                              0.250000 ^ _114_/CLK (sg13g2_dfrbpq_1)
                                 -0.019778    0.230222   library hold time
                                              0.230222   data required time
---------------------------------------------------------------------------------------------
                                              0.230222   data required time
                                             -0.474112   data arrival time
---------------------------------------------------------------------------------------------
                                              0.243890   slack (MET)


Startpoint: _114_ (rising edge-triggered flip-flop clocked by clk)
Endpoint: _115_ (rising edge-triggered flip-flop clocked by clk)
Path Group: clk
Path Type: min

Fanout         Cap        Slew       Delay        Time   Description
---------------------------------------------------------------------------------------------
                      0.150000    0.000000    0.000000   clock clk (rise edge)
                                  0.000000    0.000000   clock network delay (ideal)
                      0.150000    0.000000    0.000000 ^ _114_/CLK (sg13g2_dfrbpq_1)
     3    0.007100    0.052304    0.316220    0.316220 v _114_/Q (sg13g2_dfrbpq_1)
                                                         internal_data_reg[6] (net)
                      0.052304    0.000000    0.316220 v _061_/A1 (sg13g2_mux2_1)
     1    0.001355    0.040312    0.157891    0.474112 v _061_/X (sg13g2_mux2_1)
                                                         _037_ (net)
                      0.040312    0.000000    0.474112 v _115_/D (sg13g2_dfrbpq_1)
                                              0.474112   data arrival time

                      0.150000    0.000000    0.000000   clock clk (rise edge)
                                  0.000000    0.000000   clock network delay (ideal)
                                  0.250000    0.250000   clock uncertainty
                                  0.000000    0.250000   clock reconvergence pessimism
                                              0.250000 ^ _115_/CLK (sg13g2_dfrbpq_1)
                                 -0.019778    0.230222   library hold time
                                              0.230222   data required time
---------------------------------------------------------------------------------------------
                                              0.230222   data required time
                                             -0.474112   data arrival time
---------------------------------------------------------------------------------------------
                                              0.243890   slack (MET)


Startpoint: _115_ (rising edge-triggered flip-flop clocked by clk)
Endpoint: _116_ (rising edge-triggered flip-flop clocked by clk)
Path Group: clk
Path Type: min

Fanout         Cap        Slew       Delay        Time   Description
---------------------------------------------------------------------------------------------
                      0.150000    0.000000    0.000000   clock clk (rise edge)
                                  0.000000    0.000000   clock network delay (ideal)
                      0.150000    0.000000    0.000000 ^ _115_/CLK (sg13g2_dfrbpq_1)
     3    0.007100    0.052304    0.316220    0.316220 v _115_/Q (sg13g2_dfrbpq_1)
                                                         internal_data_reg[7] (net)
                      0.052304    0.000000    0.316220 v _060_/A1 (sg13g2_mux2_1)
     1    0.001355    0.040312    0.157891    0.474112 v _060_/X (sg13g2_mux2_1)
                                                         _038_ (net)
                      0.040312    0.000000    0.474112 v _116_/D (sg13g2_dfrbpq_1)
                                              0.474112   data arrival time

                      0.150000    0.000000    0.000000   clock clk (rise edge)
                                  0.000000    0.000000   clock network delay (ideal)
                                  0.250000    0.250000   clock uncertainty
                                  0.000000    0.250000   clock reconvergence pessimism
                                              0.250000 ^ _116_/CLK (sg13g2_dfrbpq_1)
                                 -0.019778    0.230222   library hold time
                                              0.230222   data required time
---------------------------------------------------------------------------------------------
                                              0.230222   data required time
                                             -0.474112   data arrival time
---------------------------------------------------------------------------------------------
                                              0.243890   slack (MET)


Startpoint: _116_ (rising edge-triggered flip-flop clocked by clk)
Endpoint: _117_ (rising edge-triggered flip-flop clocked by clk)
Path Group: clk
Path Type: min

Fanout         Cap        Slew       Delay        Time   Description
---------------------------------------------------------------------------------------------
                      0.150000    0.000000    0.000000   clock clk (rise edge)
                                  0.000000    0.000000   clock network delay (ideal)
                      0.150000    0.000000    0.000000 ^ _116_/CLK (sg13g2_dfrbpq_1)
     3    0.007100    0.052304    0.316220    0.316220 v _116_/Q (sg13g2_dfrbpq_1)
                                                         internal_data_reg[8] (net)
                      0.052304    0.000000    0.316220 v _059_/A1 (sg13g2_mux2_1)
     1    0.001355    0.040312    0.157891    0.474112 v _059_/X (sg13g2_mux2_1)
                                                         _039_ (net)
                      0.040312    0.000000    0.474112 v _117_/D (sg13g2_dfrbpq_1)
                                              0.474112   data arrival time

                      0.150000    0.000000    0.000000   clock clk (rise edge)
                                  0.000000    0.000000   clock network delay (ideal)
                                  0.250000    0.250000   clock uncertainty
                                  0.000000    0.250000   clock reconvergence pessimism
                                              0.250000 ^ _117_/CLK (sg13g2_dfrbpq_1)
                                 -0.019778    0.230222   library hold time
                                              0.230222   data required time
---------------------------------------------------------------------------------------------
                                              0.230222   data required time
                                             -0.474112   data arrival time
---------------------------------------------------------------------------------------------
                                              0.243890   slack (MET)


Startpoint: _117_ (rising edge-triggered flip-flop clocked by clk)
Endpoint: _118_ (rising edge-triggered flip-flop clocked by clk)
Path Group: clk
Path Type: min

Fanout         Cap        Slew       Delay        Time   Description
---------------------------------------------------------------------------------------------
                      0.150000    0.000000    0.000000   clock clk (rise edge)
                                  0.000000    0.000000   clock network delay (ideal)
                      0.150000    0.000000    0.000000 ^ _117_/CLK (sg13g2_dfrbpq_1)
     3    0.007100    0.052304    0.316220    0.316220 v _117_/Q (sg13g2_dfrbpq_1)
                                                         internal_data_reg[9] (net)
                      0.052304    0.000000    0.316220 v _058_/A1 (sg13g2_mux2_1)
     1    0.001355    0.040312    0.157891    0.474112 v _058_/X (sg13g2_mux2_1)
                                                         _040_ (net)
                      0.040312    0.000000    0.474112 v _118_/D (sg13g2_dfrbpq_1)
                                              0.474112   data arrival time

                      0.150000    0.000000    0.000000   clock clk (rise edge)
                                  0.000000    0.000000   clock network delay (ideal)
                                  0.250000    0.250000   clock uncertainty
                                  0.000000    0.250000   clock reconvergence pessimism
                                              0.250000 ^ _118_/CLK (sg13g2_dfrbpq_1)
                                 -0.019778    0.230222   library hold time
                                              0.230222   data required time
---------------------------------------------------------------------------------------------
                                              0.230222   data required time
                                             -0.474112   data arrival time
---------------------------------------------------------------------------------------------
                                              0.243890   slack (MET)


Startpoint: _108_ (rising edge-triggered flip-flop clocked by clk)
Endpoint: _108_ (rising edge-triggered flip-flop clocked by clk)
Path Group: clk
Path Type: min

Fanout         Cap        Slew       Delay        Time   Description
---------------------------------------------------------------------------------------------
                      0.150000    0.000000    0.000000   clock clk (rise edge)
                                  0.000000    0.000000   clock network delay (ideal)
                      0.150000    0.000000    0.000000 ^ _108_/CLK (sg13g2_dfrbpq_1)
     3    0.007100    0.052304    0.316220    0.316220 v _108_/Q (sg13g2_dfrbpq_1)
                                                         internal_data_reg[0] (net)
                      0.052304    0.000000    0.316220 v _068_/A0 (sg13g2_mux2_1)
     1    0.001355    0.040312    0.157997    0.474218 v _068_/X (sg13g2_mux2_1)
                                                         _030_ (net)
                      0.040312    0.000000    0.474218 v _108_/D (sg13g2_dfrbpq_1)
                                              0.474218   data arrival time

                      0.150000    0.000000    0.000000   clock clk (rise edge)
                                  0.000000    0.000000   clock network delay (ideal)
                                  0.250000    0.250000   clock uncertainty
                                  0.000000    0.250000   clock reconvergence pessimism
                                              0.250000 ^ _108_/CLK (sg13g2_dfrbpq_1)
                                 -0.019778    0.230222   library hold time
                                              0.230222   data required time
---------------------------------------------------------------------------------------------
                                              0.230222   data required time
                                             -0.474218   data arrival time
---------------------------------------------------------------------------------------------
                                              0.243996   slack (MET)


Startpoint: reset (input port clocked by clk)
Endpoint: _098_ (removal check against rising-edge clock clk)
Path Group: asynchronous
Path Type: min

Fanout         Cap        Slew       Delay        Time   Description
---------------------------------------------------------------------------------------------
                      0.150000    0.000000    0.000000   clock clk (rise edge)
                                  0.000000    0.000000   clock network delay (ideal)
                                  4.000000    4.000000 v input external delay
    24    0.057199    0.092591    0.060634    4.060634 v reset (in)
                                                         reset (net)
                      0.092591    0.000000    4.060634 v _094_/A (sg13g2_inv_1)
     1    0.004305    0.052616    0.067649    4.128284 ^ _094_/Y (sg13g2_inv_1)
                                                         _020_ (net)
                      0.052616    0.000000    4.128284 ^ _098_/RESET_B (sg13g2_dfrbpq_1)
                                              4.128284   data arrival time

                      0.150000    0.000000    0.000000   clock clk (rise edge)
                                  0.000000    0.000000   clock network delay (ideal)
                                  0.250000    0.250000   clock uncertainty
                                  0.000000    0.250000   clock reconvergence pessimism
                                              0.250000 ^ _098_/CLK (sg13g2_dfrbpq_1)
                                 -0.157176    0.092824   library removal time
                                              0.092824   data required time
---------------------------------------------------------------------------------------------
                                              0.092824   data required time
                                             -4.128284   data arrival time
---------------------------------------------------------------------------------------------
                                              4.035459   slack (MET)


Startpoint: reset (input port clocked by clk)
Endpoint: _099_ (removal check against rising-edge clock clk)
Path Group: asynchronous
Path Type: min

Fanout         Cap        Slew       Delay        Time   Description
---------------------------------------------------------------------------------------------
                      0.150000    0.000000    0.000000   clock clk (rise edge)
                                  0.000000    0.000000   clock network delay (ideal)
                                  4.000000    4.000000 v input external delay
    24    0.057199    0.092591    0.060634    4.060634 v reset (in)
                                                         reset (net)
                      0.092591    0.000000    4.060634 v _095_/A (sg13g2_inv_1)
     1    0.004305    0.052616    0.067649    4.128284 ^ _095_/Y (sg13g2_inv_1)
                                                         _021_ (net)
                      0.052616    0.000000    4.128284 ^ _099_/RESET_B (sg13g2_dfrbpq_1)
                                              4.128284   data arrival time

                      0.150000    0.000000    0.000000   clock clk (rise edge)
                                  0.000000    0.000000   clock network delay (ideal)
                                  0.250000    0.250000   clock uncertainty
                                  0.000000    0.250000   clock reconvergence pessimism
                                              0.250000 ^ _099_/CLK (sg13g2_dfrbpq_1)
                                 -0.157176    0.092824   library removal time
                                              0.092824   data required time
---------------------------------------------------------------------------------------------
                                              0.092824   data required time
                                             -4.128284   data arrival time
---------------------------------------------------------------------------------------------
                                              4.035459   slack (MET)


Startpoint: reset (input port clocked by clk)
Endpoint: _100_ (removal check against rising-edge clock clk)
Path Group: asynchronous
Path Type: min

Fanout         Cap        Slew       Delay        Time   Description
---------------------------------------------------------------------------------------------
                      0.150000    0.000000    0.000000   clock clk (rise edge)
                                  0.000000    0.000000   clock network delay (ideal)
                                  4.000000    4.000000 v input external delay
    24    0.057199    0.092591    0.060634    4.060634 v reset (in)
                                                         reset (net)
                      0.092591    0.000000    4.060634 v _096_/A (sg13g2_inv_1)
     1    0.004305    0.052616    0.067649    4.128284 ^ _096_/Y (sg13g2_inv_1)
                                                         _022_ (net)
                      0.052616    0.000000    4.128284 ^ _100_/RESET_B (sg13g2_dfrbpq_1)
                                              4.128284   data arrival time

                      0.150000    0.000000    0.000000   clock clk (rise edge)
                                  0.000000    0.000000   clock network delay (ideal)
                                  0.250000    0.250000   clock uncertainty
                                  0.000000    0.250000   clock reconvergence pessimism
                                              0.250000 ^ _100_/CLK (sg13g2_dfrbpq_1)
                                 -0.157176    0.092824   library removal time
                                              0.092824   data required time
---------------------------------------------------------------------------------------------
                                              0.092824   data required time
                                             -4.128284   data arrival time
---------------------------------------------------------------------------------------------
                                              4.035459   slack (MET)


Startpoint: reset (input port clocked by clk)
Endpoint: _101_ (removal check against rising-edge clock clk)
Path Group: asynchronous
Path Type: min

Fanout         Cap        Slew       Delay        Time   Description
---------------------------------------------------------------------------------------------
                      0.150000    0.000000    0.000000   clock clk (rise edge)
                                  0.000000    0.000000   clock network delay (ideal)
                                  4.000000    4.000000 v input external delay
    24    0.057199    0.092591    0.060634    4.060634 v reset (in)
                                                         reset (net)
                      0.092591    0.000000    4.060634 v _097_/A (sg13g2_inv_1)
     1    0.004305    0.052616    0.067649    4.128284 ^ _097_/Y (sg13g2_inv_1)
                                                         _023_ (net)
                      0.052616    0.000000    4.128284 ^ _101_/RESET_B (sg13g2_dfrbpq_1)
                                              4.128284   data arrival time

                      0.150000    0.000000    0.000000   clock clk (rise edge)
                                  0.000000    0.000000   clock network delay (ideal)
                                  0.250000    0.250000   clock uncertainty
                                  0.000000    0.250000   clock reconvergence pessimism
                                              0.250000 ^ _101_/CLK (sg13g2_dfrbpq_1)
                                 -0.157176    0.092824   library removal time
                                              0.092824   data required time
---------------------------------------------------------------------------------------------
                                              0.092824   data required time
                                             -4.128284   data arrival time
---------------------------------------------------------------------------------------------
                                              4.035459   slack (MET)


Startpoint: reset (input port clocked by clk)
Endpoint: _102_ (removal check against rising-edge clock clk)
Path Group: asynchronous
Path Type: min

Fanout         Cap        Slew       Delay        Time   Description
---------------------------------------------------------------------------------------------
                      0.150000    0.000000    0.000000   clock clk (rise edge)
                                  0.000000    0.000000   clock network delay (ideal)
                                  4.000000    4.000000 v input external delay
    24    0.057199    0.092591    0.060634    4.060634 v reset (in)
                                                         reset (net)
                      0.092591    0.000000    4.060634 v _049_/A (sg13g2_inv_1)
     1    0.004305    0.052616    0.067649    4.128284 ^ _049_/Y (sg13g2_inv_1)
                                                         _000_ (net)
                      0.052616    0.000000    4.128284 ^ _102_/RESET_B (sg13g2_dfrbpq_1)
                                              4.128284   data arrival time

                      0.150000    0.000000    0.000000   clock clk (rise edge)
                                  0.000000    0.000000   clock network delay (ideal)
                                  0.250000    0.250000   clock uncertainty
                                  0.000000    0.250000   clock reconvergence pessimism
                                              0.250000 ^ _102_/CLK (sg13g2_dfrbpq_1)
                                 -0.157176    0.092824   library removal time
                                              0.092824   data required time
---------------------------------------------------------------------------------------------
                                              0.092824   data required time
                                             -4.128284   data arrival time
---------------------------------------------------------------------------------------------
                                              4.035459   slack (MET)


Startpoint: reset (input port clocked by clk)
Endpoint: _103_ (removal check against rising-edge clock clk)
Path Group: asynchronous
Path Type: min

Fanout         Cap        Slew       Delay        Time   Description
---------------------------------------------------------------------------------------------
                      0.150000    0.000000    0.000000   clock clk (rise edge)
                                  0.000000    0.000000   clock network delay (ideal)
                                  4.000000    4.000000 v input external delay
    24    0.057199    0.092591    0.060634    4.060634 v reset (in)
                                                         reset (net)
                      0.092591    0.000000    4.060634 v _075_/A (sg13g2_inv_1)
     1    0.004305    0.052616    0.067649    4.128284 ^ _075_/Y (sg13g2_inv_1)
                                                         _001_ (net)
                      0.052616    0.000000    4.128284 ^ _103_/RESET_B (sg13g2_dfrbpq_1)
                                              4.128284   data arrival time

                      0.150000    0.000000    0.000000   clock clk (rise edge)
                                  0.000000    0.000000   clock network delay (ideal)
                                  0.250000    0.250000   clock uncertainty
                                  0.000000    0.250000   clock reconvergence pessimism
                                              0.250000 ^ _103_/CLK (sg13g2_dfrbpq_1)
                                 -0.157176    0.092824   library removal time
                                              0.092824   data required time
---------------------------------------------------------------------------------------------
                                              0.092824   data required time
                                             -4.128284   data arrival time
---------------------------------------------------------------------------------------------
                                              4.035459   slack (MET)


Startpoint: reset (input port clocked by clk)
Endpoint: _104_ (removal check against rising-edge clock clk)
Path Group: asynchronous
Path Type: min

Fanout         Cap        Slew       Delay        Time   Description
---------------------------------------------------------------------------------------------
                      0.150000    0.000000    0.000000   clock clk (rise edge)
                                  0.000000    0.000000   clock network delay (ideal)
                                  4.000000    4.000000 v input external delay
    24    0.057199    0.092591    0.060634    4.060634 v reset (in)
                                                         reset (net)
                      0.092591    0.000000    4.060634 v _076_/A (sg13g2_inv_1)
     1    0.004305    0.052616    0.067649    4.128284 ^ _076_/Y (sg13g2_inv_1)
                                                         _002_ (net)
                      0.052616    0.000000    4.128284 ^ _104_/RESET_B (sg13g2_dfrbpq_1)
                                              4.128284   data arrival time

                      0.150000    0.000000    0.000000   clock clk (rise edge)
                                  0.000000    0.000000   clock network delay (ideal)
                                  0.250000    0.250000   clock uncertainty
                                  0.000000    0.250000   clock reconvergence pessimism
                                              0.250000 ^ _104_/CLK (sg13g2_dfrbpq_1)
                                 -0.157176    0.092824   library removal time
                                              0.092824   data required time
---------------------------------------------------------------------------------------------
                                              0.092824   data required time
                                             -4.128284   data arrival time
---------------------------------------------------------------------------------------------
                                              4.035459   slack (MET)


Startpoint: reset (input port clocked by clk)
Endpoint: _105_ (removal check against rising-edge clock clk)
Path Group: asynchronous
Path Type: min

Fanout         Cap        Slew       Delay        Time   Description
---------------------------------------------------------------------------------------------
                      0.150000    0.000000    0.000000   clock clk (rise edge)
                                  0.000000    0.000000   clock network delay (ideal)
                                  4.000000    4.000000 v input external delay
    24    0.057199    0.092591    0.060634    4.060634 v reset (in)
                                                         reset (net)
                      0.092591    0.000000    4.060634 v _077_/A (sg13g2_inv_1)
     1    0.004305    0.052616    0.067649    4.128284 ^ _077_/Y (sg13g2_inv_1)
                                                         _003_ (net)
                      0.052616    0.000000    4.128284 ^ _105_/RESET_B (sg13g2_dfrbpq_1)
                                              4.128284   data arrival time

                      0.150000    0.000000    0.000000   clock clk (rise edge)
                                  0.000000    0.000000   clock network delay (ideal)
                                  0.250000    0.250000   clock uncertainty
                                  0.000000    0.250000   clock reconvergence pessimism
                                              0.250000 ^ _105_/CLK (sg13g2_dfrbpq_1)
                                 -0.157176    0.092824   library removal time
                                              0.092824   data required time
---------------------------------------------------------------------------------------------
                                              0.092824   data required time
                                             -4.128284   data arrival time
---------------------------------------------------------------------------------------------
                                              4.035459   slack (MET)


Startpoint: reset (input port clocked by clk)
Endpoint: _106_ (removal check against rising-edge clock clk)
Path Group: asynchronous
Path Type: min

Fanout         Cap        Slew       Delay        Time   Description
---------------------------------------------------------------------------------------------
                      0.150000    0.000000    0.000000   clock clk (rise edge)
                                  0.000000    0.000000   clock network delay (ideal)
                                  4.000000    4.000000 v input external delay
    24    0.057199    0.092591    0.060634    4.060634 v reset (in)
                                                         reset (net)
                      0.092591    0.000000    4.060634 v _078_/A (sg13g2_inv_1)
     1    0.004305    0.052616    0.067649    4.128284 ^ _078_/Y (sg13g2_inv_1)
                                                         _004_ (net)
                      0.052616    0.000000    4.128284 ^ _106_/RESET_B (sg13g2_dfrbpq_1)
                                              4.128284   data arrival time

                      0.150000    0.000000    0.000000   clock clk (rise edge)
                                  0.000000    0.000000   clock network delay (ideal)
                                  0.250000    0.250000   clock uncertainty
                                  0.000000    0.250000   clock reconvergence pessimism
                                              0.250000 ^ _106_/CLK (sg13g2_dfrbpq_1)
                                 -0.157176    0.092824   library removal time
                                              0.092824   data required time
---------------------------------------------------------------------------------------------
                                              0.092824   data required time
                                             -4.128284   data arrival time
---------------------------------------------------------------------------------------------
                                              4.035459   slack (MET)


Startpoint: reset (input port clocked by clk)
Endpoint: _107_ (removal check against rising-edge clock clk)
Path Group: asynchronous
Path Type: min

Fanout         Cap        Slew       Delay        Time   Description
---------------------------------------------------------------------------------------------
                      0.150000    0.000000    0.000000   clock clk (rise edge)
                                  0.000000    0.000000   clock network delay (ideal)
                                  4.000000    4.000000 v input external delay
    24    0.057199    0.092591    0.060634    4.060634 v reset (in)
                                                         reset (net)
                      0.092591    0.000000    4.060634 v _079_/A (sg13g2_inv_1)
     1    0.004305    0.052616    0.067649    4.128284 ^ _079_/Y (sg13g2_inv_1)
                                                         _005_ (net)
                      0.052616    0.000000    4.128284 ^ _107_/RESET_B (sg13g2_dfrbpq_1)
                                              4.128284   data arrival time

                      0.150000    0.000000    0.000000   clock clk (rise edge)
                                  0.000000    0.000000   clock network delay (ideal)
                                  0.250000    0.250000   clock uncertainty
                                  0.000000    0.250000   clock reconvergence pessimism
                                              0.250000 ^ _107_/CLK (sg13g2_dfrbpq_1)
                                 -0.157176    0.092824   library removal time
                                              0.092824   data required time
---------------------------------------------------------------------------------------------
                                              0.092824   data required time
                                             -4.128284   data arrival time
---------------------------------------------------------------------------------------------
                                              4.035459   slack (MET)


Startpoint: reset (input port clocked by clk)
Endpoint: _108_ (removal check against rising-edge clock clk)
Path Group: asynchronous
Path Type: min

Fanout         Cap        Slew       Delay        Time   Description
---------------------------------------------------------------------------------------------
                      0.150000    0.000000    0.000000   clock clk (rise edge)
                                  0.000000    0.000000   clock network delay (ideal)
                                  4.000000    4.000000 v input external delay
    24    0.057199    0.092591    0.060634    4.060634 v reset (in)
                                                         reset (net)
                      0.092591    0.000000    4.060634 v _080_/A (sg13g2_inv_1)
     1    0.004305    0.052616    0.067649    4.128284 ^ _080_/Y (sg13g2_inv_1)
                                                         _006_ (net)
                      0.052616    0.000000    4.128284 ^ _108_/RESET_B (sg13g2_dfrbpq_1)
                                              4.128284   data arrival time

                      0.150000    0.000000    0.000000   clock clk (rise edge)
                                  0.000000    0.000000   clock network delay (ideal)
                                  0.250000    0.250000   clock uncertainty
                                  0.000000    0.250000   clock reconvergence pessimism
                                              0.250000 ^ _108_/CLK (sg13g2_dfrbpq_1)
                                 -0.157176    0.092824   library removal time
                                              0.092824   data required time
---------------------------------------------------------------------------------------------
                                              0.092824   data required time
                                             -4.128284   data arrival time
---------------------------------------------------------------------------------------------
                                              4.035459   slack (MET)


Startpoint: reset (input port clocked by clk)
Endpoint: _109_ (removal check against rising-edge clock clk)
Path Group: asynchronous
Path Type: min

Fanout         Cap        Slew       Delay        Time   Description
---------------------------------------------------------------------------------------------
                      0.150000    0.000000    0.000000   clock clk (rise edge)
                                  0.000000    0.000000   clock network delay (ideal)
                                  4.000000    4.000000 v input external delay
    24    0.057199    0.092591    0.060634    4.060634 v reset (in)
                                                         reset (net)
                      0.092591    0.000000    4.060634 v _081_/A (sg13g2_inv_1)
     1    0.004305    0.052616    0.067649    4.128284 ^ _081_/Y (sg13g2_inv_1)
                                                         _007_ (net)
                      0.052616    0.000000    4.128284 ^ _109_/RESET_B (sg13g2_dfrbpq_1)
                                              4.128284   data arrival time

                      0.150000    0.000000    0.000000   clock clk (rise edge)
                                  0.000000    0.000000   clock network delay (ideal)
                                  0.250000    0.250000   clock uncertainty
                                  0.000000    0.250000   clock reconvergence pessimism
                                              0.250000 ^ _109_/CLK (sg13g2_dfrbpq_1)
                                 -0.157176    0.092824   library removal time
                                              0.092824   data required time
---------------------------------------------------------------------------------------------
                                              0.092824   data required time
                                             -4.128284   data arrival time
---------------------------------------------------------------------------------------------
                                              4.035459   slack (MET)


Startpoint: reset (input port clocked by clk)
Endpoint: _110_ (removal check against rising-edge clock clk)
Path Group: asynchronous
Path Type: min

Fanout         Cap        Slew       Delay        Time   Description
---------------------------------------------------------------------------------------------
                      0.150000    0.000000    0.000000   clock clk (rise edge)
                                  0.000000    0.000000   clock network delay (ideal)
                                  4.000000    4.000000 v input external delay
    24    0.057199    0.092591    0.060634    4.060634 v reset (in)
                                                         reset (net)
                      0.092591    0.000000    4.060634 v _082_/A (sg13g2_inv_1)
     1    0.004305    0.052616    0.067649    4.128284 ^ _082_/Y (sg13g2_inv_1)
                                                         _008_ (net)
                      0.052616    0.000000    4.128284 ^ _110_/RESET_B (sg13g2_dfrbpq_1)
                                              4.128284   data arrival time

                      0.150000    0.000000    0.000000   clock clk (rise edge)
                                  0.000000    0.000000   clock network delay (ideal)
                                  0.250000    0.250000   clock uncertainty
                                  0.000000    0.250000   clock reconvergence pessimism
                                              0.250000 ^ _110_/CLK (sg13g2_dfrbpq_1)
                                 -0.157176    0.092824   library removal time
                                              0.092824   data required time
---------------------------------------------------------------------------------------------
                                              0.092824   data required time
                                             -4.128284   data arrival time
---------------------------------------------------------------------------------------------
                                              4.035459   slack (MET)


Startpoint: reset (input port clocked by clk)
Endpoint: _111_ (removal check against rising-edge clock clk)
Path Group: asynchronous
Path Type: min

Fanout         Cap        Slew       Delay        Time   Description
---------------------------------------------------------------------------------------------
                      0.150000    0.000000    0.000000   clock clk (rise edge)
                                  0.000000    0.000000   clock network delay (ideal)
                                  4.000000    4.000000 v input external delay
    24    0.057199    0.092591    0.060634    4.060634 v reset (in)
                                                         reset (net)
                      0.092591    0.000000    4.060634 v _083_/A (sg13g2_inv_1)
     1    0.004305    0.052616    0.067649    4.128284 ^ _083_/Y (sg13g2_inv_1)
                                                         _009_ (net)
                      0.052616    0.000000    4.128284 ^ _111_/RESET_B (sg13g2_dfrbpq_1)
                                              4.128284   data arrival time

                      0.150000    0.000000    0.000000   clock clk (rise edge)
                                  0.000000    0.000000   clock network delay (ideal)
                                  0.250000    0.250000   clock uncertainty
                                  0.000000    0.250000   clock reconvergence pessimism
                                              0.250000 ^ _111_/CLK (sg13g2_dfrbpq_1)
                                 -0.157176    0.092824   library removal time
                                              0.092824   data required time
---------------------------------------------------------------------------------------------
                                              0.092824   data required time
                                             -4.128284   data arrival time
---------------------------------------------------------------------------------------------
                                              4.035459   slack (MET)


Startpoint: reset (input port clocked by clk)
Endpoint: _112_ (removal check against rising-edge clock clk)
Path Group: asynchronous
Path Type: min

Fanout         Cap        Slew       Delay        Time   Description
---------------------------------------------------------------------------------------------
                      0.150000    0.000000    0.000000   clock clk (rise edge)
                                  0.000000    0.000000   clock network delay (ideal)
                                  4.000000    4.000000 v input external delay
    24    0.057199    0.092591    0.060634    4.060634 v reset (in)
                                                         reset (net)
                      0.092591    0.000000    4.060634 v _084_/A (sg13g2_inv_1)
     1    0.004305    0.052616    0.067649    4.128284 ^ _084_/Y (sg13g2_inv_1)
                                                         _010_ (net)
                      0.052616    0.000000    4.128284 ^ _112_/RESET_B (sg13g2_dfrbpq_1)
                                              4.128284   data arrival time

                      0.150000    0.000000    0.000000   clock clk (rise edge)
                                  0.000000    0.000000   clock network delay (ideal)
                                  0.250000    0.250000   clock uncertainty
                                  0.000000    0.250000   clock reconvergence pessimism
                                              0.250000 ^ _112_/CLK (sg13g2_dfrbpq_1)
                                 -0.157176    0.092824   library removal time
                                              0.092824   data required time
---------------------------------------------------------------------------------------------
                                              0.092824   data required time
                                             -4.128284   data arrival time
---------------------------------------------------------------------------------------------
                                              4.035459   slack (MET)


Startpoint: reset (input port clocked by clk)
Endpoint: _113_ (removal check against rising-edge clock clk)
Path Group: asynchronous
Path Type: min

Fanout         Cap        Slew       Delay        Time   Description
---------------------------------------------------------------------------------------------
                      0.150000    0.000000    0.000000   clock clk (rise edge)
                                  0.000000    0.000000   clock network delay (ideal)
                                  4.000000    4.000000 v input external delay
    24    0.057199    0.092591    0.060634    4.060634 v reset (in)
                                                         reset (net)
                      0.092591    0.000000    4.060634 v _085_/A (sg13g2_inv_1)
     1    0.004305    0.052616    0.067649    4.128284 ^ _085_/Y (sg13g2_inv_1)
                                                         _011_ (net)
                      0.052616    0.000000    4.128284 ^ _113_/RESET_B (sg13g2_dfrbpq_1)
                                              4.128284   data arrival time

                      0.150000    0.000000    0.000000   clock clk (rise edge)
                                  0.000000    0.000000   clock network delay (ideal)
                                  0.250000    0.250000   clock uncertainty
                                  0.000000    0.250000   clock reconvergence pessimism
                                              0.250000 ^ _113_/CLK (sg13g2_dfrbpq_1)
                                 -0.157176    0.092824   library removal time
                                              0.092824   data required time
---------------------------------------------------------------------------------------------
                                              0.092824   data required time
                                             -4.128284   data arrival time
---------------------------------------------------------------------------------------------
                                              4.035459   slack (MET)


Startpoint: reset (input port clocked by clk)
Endpoint: _114_ (removal check against rising-edge clock clk)
Path Group: asynchronous
Path Type: min

Fanout         Cap        Slew       Delay        Time   Description
---------------------------------------------------------------------------------------------
                      0.150000    0.000000    0.000000   clock clk (rise edge)
                                  0.000000    0.000000   clock network delay (ideal)
                                  4.000000    4.000000 v input external delay
    24    0.057199    0.092591    0.060634    4.060634 v reset (in)
                                                         reset (net)
                      0.092591    0.000000    4.060634 v _086_/A (sg13g2_inv_1)
     1    0.004305    0.052616    0.067649    4.128284 ^ _086_/Y (sg13g2_inv_1)
                                                         _012_ (net)
                      0.052616    0.000000    4.128284 ^ _114_/RESET_B (sg13g2_dfrbpq_1)
                                              4.128284   data arrival time

                      0.150000    0.000000    0.000000   clock clk (rise edge)
                                  0.000000    0.000000   clock network delay (ideal)
                                  0.250000    0.250000   clock uncertainty
                                  0.000000    0.250000   clock reconvergence pessimism
                                              0.250000 ^ _114_/CLK (sg13g2_dfrbpq_1)
                                 -0.157176    0.092824   library removal time
                                              0.092824   data required time
---------------------------------------------------------------------------------------------
                                              0.092824   data required time
                                             -4.128284   data arrival time
---------------------------------------------------------------------------------------------
                                              4.035459   slack (MET)


Startpoint: reset (input port clocked by clk)
Endpoint: _115_ (removal check against rising-edge clock clk)
Path Group: asynchronous
Path Type: min

Fanout         Cap        Slew       Delay        Time   Description
---------------------------------------------------------------------------------------------
                      0.150000    0.000000    0.000000   clock clk (rise edge)
                                  0.000000    0.000000   clock network delay (ideal)
                                  4.000000    4.000000 v input external delay
    24    0.057199    0.092591    0.060634    4.060634 v reset (in)
                                                         reset (net)
                      0.092591    0.000000    4.060634 v _087_/A (sg13g2_inv_1)
     1    0.004305    0.052616    0.067649    4.128284 ^ _087_/Y (sg13g2_inv_1)
                                                         _013_ (net)
                      0.052616    0.000000    4.128284 ^ _115_/RESET_B (sg13g2_dfrbpq_1)
                                              4.128284   data arrival time

                      0.150000    0.000000    0.000000   clock clk (rise edge)
                                  0.000000    0.000000   clock network delay (ideal)
                                  0.250000    0.250000   clock uncertainty
                                  0.000000    0.250000   clock reconvergence pessimism
                                              0.250000 ^ _115_/CLK (sg13g2_dfrbpq_1)
                                 -0.157176    0.092824   library removal time
                                              0.092824   data required time
---------------------------------------------------------------------------------------------
                                              0.092824   data required time
                                             -4.128284   data arrival time
---------------------------------------------------------------------------------------------
                                              4.035459   slack (MET)


Startpoint: reset (input port clocked by clk)
Endpoint: _116_ (removal check against rising-edge clock clk)
Path Group: asynchronous
Path Type: min

Fanout         Cap        Slew       Delay        Time   Description
---------------------------------------------------------------------------------------------
                      0.150000    0.000000    0.000000   clock clk (rise edge)
                                  0.000000    0.000000   clock network delay (ideal)
                                  4.000000    4.000000 v input external delay
    24    0.057199    0.092591    0.060634    4.060634 v reset (in)
                                                         reset (net)
                      0.092591    0.000000    4.060634 v _088_/A (sg13g2_inv_1)
     1    0.004305    0.052616    0.067649    4.128284 ^ _088_/Y (sg13g2_inv_1)
                                                         _014_ (net)
                      0.052616    0.000000    4.128284 ^ _116_/RESET_B (sg13g2_dfrbpq_1)
                                              4.128284   data arrival time

                      0.150000    0.000000    0.000000   clock clk (rise edge)
                                  0.000000    0.000000   clock network delay (ideal)
                                  0.250000    0.250000   clock uncertainty
                                  0.000000    0.250000   clock reconvergence pessimism
                                              0.250000 ^ _116_/CLK (sg13g2_dfrbpq_1)
                                 -0.157176    0.092824   library removal time
                                              0.092824   data required time
---------------------------------------------------------------------------------------------
                                              0.092824   data required time
                                             -4.128284   data arrival time
---------------------------------------------------------------------------------------------
                                              4.035459   slack (MET)


Startpoint: reset (input port clocked by clk)
Endpoint: _117_ (removal check against rising-edge clock clk)
Path Group: asynchronous
Path Type: min

Fanout         Cap        Slew       Delay        Time   Description
---------------------------------------------------------------------------------------------
                      0.150000    0.000000    0.000000   clock clk (rise edge)
                                  0.000000    0.000000   clock network delay (ideal)
                                  4.000000    4.000000 v input external delay
    24    0.057199    0.092591    0.060634    4.060634 v reset (in)
                                                         reset (net)
                      0.092591    0.000000    4.060634 v _089_/A (sg13g2_inv_1)
     1    0.004305    0.052616    0.067649    4.128284 ^ _089_/Y (sg13g2_inv_1)
                                                         _015_ (net)
                      0.052616    0.000000    4.128284 ^ _117_/RESET_B (sg13g2_dfrbpq_1)
                                              4.128284   data arrival time

                      0.150000    0.000000    0.000000   clock clk (rise edge)
                                  0.000000    0.000000   clock network delay (ideal)
                                  0.250000    0.250000   clock uncertainty
                                  0.000000    0.250000   clock reconvergence pessimism
                                              0.250000 ^ _117_/CLK (sg13g2_dfrbpq_1)
                                 -0.157176    0.092824   library removal time
                                              0.092824   data required time
---------------------------------------------------------------------------------------------
                                              0.092824   data required time
                                             -4.128284   data arrival time
---------------------------------------------------------------------------------------------
                                              4.035459   slack (MET)


Startpoint: reset (input port clocked by clk)
Endpoint: _118_ (removal check against rising-edge clock clk)
Path Group: asynchronous
Path Type: min

Fanout         Cap        Slew       Delay        Time   Description
---------------------------------------------------------------------------------------------
                      0.150000    0.000000    0.000000   clock clk (rise edge)
                                  0.000000    0.000000   clock network delay (ideal)
                                  4.000000    4.000000 v input external delay
    24    0.057199    0.092591    0.060634    4.060634 v reset (in)
                                                         reset (net)
                      0.092591    0.000000    4.060634 v _090_/A (sg13g2_inv_1)
     1    0.004305    0.052616    0.067649    4.128284 ^ _090_/Y (sg13g2_inv_1)
                                                         _016_ (net)
                      0.052616    0.000000    4.128284 ^ _118_/RESET_B (sg13g2_dfrbpq_1)
                                              4.128284   data arrival time

                      0.150000    0.000000    0.000000   clock clk (rise edge)
                                  0.000000    0.000000   clock network delay (ideal)
                                  0.250000    0.250000   clock uncertainty
                                  0.000000    0.250000   clock reconvergence pessimism
                                              0.250000 ^ _118_/CLK (sg13g2_dfrbpq_1)
                                 -0.157176    0.092824   library removal time
                                              0.092824   data required time
---------------------------------------------------------------------------------------------
                                              0.092824   data required time
                                             -4.128284   data arrival time
---------------------------------------------------------------------------------------------
                                              4.035459   slack (MET)


Startpoint: reset (input port clocked by clk)
Endpoint: _119_ (removal check against rising-edge clock clk)
Path Group: asynchronous
Path Type: min

Fanout         Cap        Slew       Delay        Time   Description
---------------------------------------------------------------------------------------------
                      0.150000    0.000000    0.000000   clock clk (rise edge)
                                  0.000000    0.000000   clock network delay (ideal)
                                  4.000000    4.000000 v input external delay
    24    0.057199    0.092591    0.060634    4.060634 v reset (in)
                                                         reset (net)
                      0.092591    0.000000    4.060634 v _091_/A (sg13g2_inv_1)
     1    0.004305    0.052616    0.067649    4.128284 ^ _091_/Y (sg13g2_inv_1)
                                                         _017_ (net)
                      0.052616    0.000000    4.128284 ^ _119_/RESET_B (sg13g2_dfrbpq_1)
                                              4.128284   data arrival time

                      0.150000    0.000000    0.000000   clock clk (rise edge)
                                  0.000000    0.000000   clock network delay (ideal)
                                  0.250000    0.250000   clock uncertainty
                                  0.000000    0.250000   clock reconvergence pessimism
                                              0.250000 ^ _119_/CLK (sg13g2_dfrbpq_1)
                                 -0.157176    0.092824   library removal time
                                              0.092824   data required time
---------------------------------------------------------------------------------------------
                                              0.092824   data required time
                                             -4.128284   data arrival time
---------------------------------------------------------------------------------------------
                                              4.035459   slack (MET)


Startpoint: reset (input port clocked by clk)
Endpoint: _120_ (removal check against rising-edge clock clk)
Path Group: asynchronous
Path Type: min

Fanout         Cap        Slew       Delay        Time   Description
---------------------------------------------------------------------------------------------
                      0.150000    0.000000    0.000000   clock clk (rise edge)
                                  0.000000    0.000000   clock network delay (ideal)
                                  4.000000    4.000000 v input external delay
    24    0.057199    0.092591    0.060634    4.060634 v reset (in)
                                                         reset (net)
                      0.092591    0.000000    4.060634 v _092_/A (sg13g2_inv_1)
     1    0.004305    0.052616    0.067649    4.128284 ^ _092_/Y (sg13g2_inv_1)
                                                         _018_ (net)
                      0.052616    0.000000    4.128284 ^ _120_/RESET_B (sg13g2_dfrbpq_1)
                                              4.128284   data arrival time

                      0.150000    0.000000    0.000000   clock clk (rise edge)
                                  0.000000    0.000000   clock network delay (ideal)
                                  0.250000    0.250000   clock uncertainty
                                  0.000000    0.250000   clock reconvergence pessimism
                                              0.250000 ^ _120_/CLK (sg13g2_dfrbpq_1)
                                 -0.157176    0.092824   library removal time
                                              0.092824   data required time
---------------------------------------------------------------------------------------------
                                              0.092824   data required time
                                             -4.128284   data arrival time
---------------------------------------------------------------------------------------------
                                              4.035459   slack (MET)


Startpoint: reset (input port clocked by clk)
Endpoint: _121_ (removal check against rising-edge clock clk)
Path Group: asynchronous
Path Type: min

Fanout         Cap        Slew       Delay        Time   Description
---------------------------------------------------------------------------------------------
                      0.150000    0.000000    0.000000   clock clk (rise edge)
                                  0.000000    0.000000   clock network delay (ideal)
                                  4.000000    4.000000 v input external delay
    24    0.057199    0.092591    0.060634    4.060634 v reset (in)
                                                         reset (net)
                      0.092591    0.000000    4.060634 v _093_/A (sg13g2_inv_1)
     1    0.004305    0.052616    0.067649    4.128284 ^ _093_/Y (sg13g2_inv_1)
                                                         _019_ (net)
                      0.052616    0.000000    4.128284 ^ _121_/RESET_B (sg13g2_dfrbpq_1)
                                              4.128284   data arrival time

                      0.150000    0.000000    0.000000   clock clk (rise edge)
                                  0.000000    0.000000   clock network delay (ideal)
                                  0.250000    0.250000   clock uncertainty
                                  0.000000    0.250000   clock reconvergence pessimism
                                              0.250000 ^ _121_/CLK (sg13g2_dfrbpq_1)
                                 -0.157176    0.092824   library removal time
                                              0.092824   data required time
---------------------------------------------------------------------------------------------
                                              0.092824   data required time
                                             -4.128284   data arrival time
---------------------------------------------------------------------------------------------
                                              4.035459   slack (MET)


Startpoint: _120_ (rising edge-triggered flip-flop clocked by clk)
Endpoint: dout[0] (output port clocked by clk)
Path Group: clk
Path Type: min

Fanout         Cap        Slew       Delay        Time   Description
---------------------------------------------------------------------------------------------
                      0.150000    0.000000    0.000000   clock clk (rise edge)
                                  0.000000    0.000000   clock network delay (ideal)
                      0.150000    0.000000    0.000000 ^ _120_/CLK (sg13g2_dfrbpq_1)
     2    0.008267    0.057845    0.320681    0.320681 v _120_/Q (sg13g2_dfrbpq_1)
                                                         dout[0] (net)
                      0.057845    0.000000    0.320681 v dout[0] (out)
                                              0.320681   data arrival time

                      0.150000    0.000000    0.000000   clock clk (rise edge)
                                  0.000000    0.000000   clock network delay (ideal)
                                  0.250000    0.250000   clock uncertainty
                                  0.000000    0.250000   clock reconvergence pessimism
                                 -4.000000   -3.750000   output external delay
                                             -3.750000   data required time
---------------------------------------------------------------------------------------------
                                             -3.750000   data required time
                                             -0.320681   data arrival time
---------------------------------------------------------------------------------------------
                                              4.070681   slack (MET)


Startpoint: _106_ (rising edge-triggered flip-flop clocked by clk)
Endpoint: dout[10] (output port clocked by clk)
Path Group: clk
Path Type: min

Fanout         Cap        Slew       Delay        Time   Description
---------------------------------------------------------------------------------------------
                      0.150000    0.000000    0.000000   clock clk (rise edge)
                                  0.000000    0.000000   clock network delay (ideal)
                      0.150000    0.000000    0.000000 ^ _106_/CLK (sg13g2_dfrbpq_1)
     2    0.008267    0.057845    0.320681    0.320681 v _106_/Q (sg13g2_dfrbpq_1)
                                                         dout[10] (net)
                      0.057845    0.000000    0.320681 v dout[10] (out)
                                              0.320681   data arrival time

                      0.150000    0.000000    0.000000   clock clk (rise edge)
                                  0.000000    0.000000   clock network delay (ideal)
                                  0.250000    0.250000   clock uncertainty
                                  0.000000    0.250000   clock reconvergence pessimism
                                 -4.000000   -3.750000   output external delay
                                             -3.750000   data required time
---------------------------------------------------------------------------------------------
                                             -3.750000   data required time
                                             -0.320681   data arrival time
---------------------------------------------------------------------------------------------
                                              4.070681   slack (MET)


Startpoint: _107_ (rising edge-triggered flip-flop clocked by clk)
Endpoint: dout[11] (output port clocked by clk)
Path Group: clk
Path Type: min

Fanout         Cap        Slew       Delay        Time   Description
---------------------------------------------------------------------------------------------
                      0.150000    0.000000    0.000000   clock clk (rise edge)
                                  0.000000    0.000000   clock network delay (ideal)
                      0.150000    0.000000    0.000000 ^ _107_/CLK (sg13g2_dfrbpq_1)
     2    0.008267    0.057845    0.320681    0.320681 v _107_/Q (sg13g2_dfrbpq_1)
                                                         dout[11] (net)
                      0.057845    0.000000    0.320681 v dout[11] (out)
                                              0.320681   data arrival time

                      0.150000    0.000000    0.000000   clock clk (rise edge)
                                  0.000000    0.000000   clock network delay (ideal)
                                  0.250000    0.250000   clock uncertainty
                                  0.000000    0.250000   clock reconvergence pessimism
                                 -4.000000   -3.750000   output external delay
                                             -3.750000   data required time
---------------------------------------------------------------------------------------------
                                             -3.750000   data required time
                                             -0.320681   data arrival time
---------------------------------------------------------------------------------------------
                                              4.070681   slack (MET)


Startpoint: _121_ (rising edge-triggered flip-flop clocked by clk)
Endpoint: dout[1] (output port clocked by clk)
Path Group: clk
Path Type: min

Fanout         Cap        Slew       Delay        Time   Description
---------------------------------------------------------------------------------------------
                      0.150000    0.000000    0.000000   clock clk (rise edge)
                                  0.000000    0.000000   clock network delay (ideal)
                      0.150000    0.000000    0.000000 ^ _121_/CLK (sg13g2_dfrbpq_1)
     2    0.008267    0.057845    0.320681    0.320681 v _121_/Q (sg13g2_dfrbpq_1)
                                                         dout[1] (net)
                      0.057845    0.000000    0.320681 v dout[1] (out)
                                              0.320681   data arrival time

                      0.150000    0.000000    0.000000   clock clk (rise edge)
                                  0.000000    0.000000   clock network delay (ideal)
                                  0.250000    0.250000   clock uncertainty
                                  0.000000    0.250000   clock reconvergence pessimism
                                 -4.000000   -3.750000   output external delay
                                             -3.750000   data required time
---------------------------------------------------------------------------------------------
                                             -3.750000   data required time
                                             -0.320681   data arrival time
---------------------------------------------------------------------------------------------
                                              4.070681   slack (MET)


Startpoint: _098_ (rising edge-triggered flip-flop clocked by clk)
Endpoint: dout[2] (output port clocked by clk)
Path Group: clk
Path Type: min

Fanout         Cap        Slew       Delay        Time   Description
---------------------------------------------------------------------------------------------
                      0.150000    0.000000    0.000000   clock clk (rise edge)
                                  0.000000    0.000000   clock network delay (ideal)
                      0.150000    0.000000    0.000000 ^ _098_/CLK (sg13g2_dfrbpq_1)
     2    0.008267    0.057845    0.320681    0.320681 v _098_/Q (sg13g2_dfrbpq_1)
                                                         dout[2] (net)
                      0.057845    0.000000    0.320681 v dout[2] (out)
                                              0.320681   data arrival time

                      0.150000    0.000000    0.000000   clock clk (rise edge)
                                  0.000000    0.000000   clock network delay (ideal)
                                  0.250000    0.250000   clock uncertainty
                                  0.000000    0.250000   clock reconvergence pessimism
                                 -4.000000   -3.750000   output external delay
                                             -3.750000   data required time
---------------------------------------------------------------------------------------------
                                             -3.750000   data required time
                                             -0.320681   data arrival time
---------------------------------------------------------------------------------------------
                                              4.070681   slack (MET)


Startpoint: _099_ (rising edge-triggered flip-flop clocked by clk)
Endpoint: dout[3] (output port clocked by clk)
Path Group: clk
Path Type: min

Fanout         Cap        Slew       Delay        Time   Description
---------------------------------------------------------------------------------------------
                      0.150000    0.000000    0.000000   clock clk (rise edge)
                                  0.000000    0.000000   clock network delay (ideal)
                      0.150000    0.000000    0.000000 ^ _099_/CLK (sg13g2_dfrbpq_1)
     2    0.008267    0.057845    0.320681    0.320681 v _099_/Q (sg13g2_dfrbpq_1)
                                                         dout[3] (net)
                      0.057845    0.000000    0.320681 v dout[3] (out)
                                              0.320681   data arrival time

                      0.150000    0.000000    0.000000   clock clk (rise edge)
                                  0.000000    0.000000   clock network delay (ideal)
                                  0.250000    0.250000   clock uncertainty
                                  0.000000    0.250000   clock reconvergence pessimism
                                 -4.000000   -3.750000   output external delay
                                             -3.750000   data required time
---------------------------------------------------------------------------------------------
                                             -3.750000   data required time
                                             -0.320681   data arrival time
---------------------------------------------------------------------------------------------
                                              4.070681   slack (MET)


Startpoint: _100_ (rising edge-triggered flip-flop clocked by clk)
Endpoint: dout[4] (output port clocked by clk)
Path Group: clk
Path Type: min

Fanout         Cap        Slew       Delay        Time   Description
---------------------------------------------------------------------------------------------
                      0.150000    0.000000    0.000000   clock clk (rise edge)
                                  0.000000    0.000000   clock network delay (ideal)
                      0.150000    0.000000    0.000000 ^ _100_/CLK (sg13g2_dfrbpq_1)
     2    0.008267    0.057845    0.320681    0.320681 v _100_/Q (sg13g2_dfrbpq_1)
                                                         dout[4] (net)
                      0.057845    0.000000    0.320681 v dout[4] (out)
                                              0.320681   data arrival time

                      0.150000    0.000000    0.000000   clock clk (rise edge)
                                  0.000000    0.000000   clock network delay (ideal)
                                  0.250000    0.250000   clock uncertainty
                                  0.000000    0.250000   clock reconvergence pessimism
                                 -4.000000   -3.750000   output external delay
                                             -3.750000   data required time
---------------------------------------------------------------------------------------------
                                             -3.750000   data required time
                                             -0.320681   data arrival time
---------------------------------------------------------------------------------------------
                                              4.070681   slack (MET)


Startpoint: _101_ (rising edge-triggered flip-flop clocked by clk)
Endpoint: dout[5] (output port clocked by clk)
Path Group: clk
Path Type: min

Fanout         Cap        Slew       Delay        Time   Description
---------------------------------------------------------------------------------------------
                      0.150000    0.000000    0.000000   clock clk (rise edge)
                                  0.000000    0.000000   clock network delay (ideal)
                      0.150000    0.000000    0.000000 ^ _101_/CLK (sg13g2_dfrbpq_1)
     2    0.008267    0.057845    0.320681    0.320681 v _101_/Q (sg13g2_dfrbpq_1)
                                                         dout[5] (net)
                      0.057845    0.000000    0.320681 v dout[5] (out)
                                              0.320681   data arrival time

                      0.150000    0.000000    0.000000   clock clk (rise edge)
                                  0.000000    0.000000   clock network delay (ideal)
                                  0.250000    0.250000   clock uncertainty
                                  0.000000    0.250000   clock reconvergence pessimism
                                 -4.000000   -3.750000   output external delay
                                             -3.750000   data required time
---------------------------------------------------------------------------------------------
                                             -3.750000   data required time
                                             -0.320681   data arrival time
---------------------------------------------------------------------------------------------
                                              4.070681   slack (MET)


Startpoint: _102_ (rising edge-triggered flip-flop clocked by clk)
Endpoint: dout[6] (output port clocked by clk)
Path Group: clk
Path Type: min

Fanout         Cap        Slew       Delay        Time   Description
---------------------------------------------------------------------------------------------
                      0.150000    0.000000    0.000000   clock clk (rise edge)
                                  0.000000    0.000000   clock network delay (ideal)
                      0.150000    0.000000    0.000000 ^ _102_/CLK (sg13g2_dfrbpq_1)
     2    0.008267    0.057845    0.320681    0.320681 v _102_/Q (sg13g2_dfrbpq_1)
                                                         dout[6] (net)
                      0.057845    0.000000    0.320681 v dout[6] (out)
                                              0.320681   data arrival time

                      0.150000    0.000000    0.000000   clock clk (rise edge)
                                  0.000000    0.000000   clock network delay (ideal)
                                  0.250000    0.250000   clock uncertainty
                                  0.000000    0.250000   clock reconvergence pessimism
                                 -4.000000   -3.750000   output external delay
                                             -3.750000   data required time
---------------------------------------------------------------------------------------------
                                             -3.750000   data required time
                                             -0.320681   data arrival time
---------------------------------------------------------------------------------------------
                                              4.070681   slack (MET)


Startpoint: _103_ (rising edge-triggered flip-flop clocked by clk)
Endpoint: dout[7] (output port clocked by clk)
Path Group: clk
Path Type: min

Fanout         Cap        Slew       Delay        Time   Description
---------------------------------------------------------------------------------------------
                      0.150000    0.000000    0.000000   clock clk (rise edge)
                                  0.000000    0.000000   clock network delay (ideal)
                      0.150000    0.000000    0.000000 ^ _103_/CLK (sg13g2_dfrbpq_1)
     2    0.008267    0.057845    0.320681    0.320681 v _103_/Q (sg13g2_dfrbpq_1)
                                                         dout[7] (net)
                      0.057845    0.000000    0.320681 v dout[7] (out)
                                              0.320681   data arrival time

                      0.150000    0.000000    0.000000   clock clk (rise edge)
                                  0.000000    0.000000   clock network delay (ideal)
                                  0.250000    0.250000   clock uncertainty
                                  0.000000    0.250000   clock reconvergence pessimism
                                 -4.000000   -3.750000   output external delay
                                             -3.750000   data required time
---------------------------------------------------------------------------------------------
                                             -3.750000   data required time
                                             -0.320681   data arrival time
---------------------------------------------------------------------------------------------
                                              4.070681   slack (MET)


Startpoint: _104_ (rising edge-triggered flip-flop clocked by clk)
Endpoint: dout[8] (output port clocked by clk)
Path Group: clk
Path Type: min

Fanout         Cap        Slew       Delay        Time   Description
---------------------------------------------------------------------------------------------
                      0.150000    0.000000    0.000000   clock clk (rise edge)
                                  0.000000    0.000000   clock network delay (ideal)
                      0.150000    0.000000    0.000000 ^ _104_/CLK (sg13g2_dfrbpq_1)
     2    0.008267    0.057845    0.320681    0.320681 v _104_/Q (sg13g2_dfrbpq_1)
                                                         dout[8] (net)
                      0.057845    0.000000    0.320681 v dout[8] (out)
                                              0.320681   data arrival time

                      0.150000    0.000000    0.000000   clock clk (rise edge)
                                  0.000000    0.000000   clock network delay (ideal)
                                  0.250000    0.250000   clock uncertainty
                                  0.000000    0.250000   clock reconvergence pessimism
                                 -4.000000   -3.750000   output external delay
                                             -3.750000   data required time
---------------------------------------------------------------------------------------------
                                             -3.750000   data required time
                                             -0.320681   data arrival time
---------------------------------------------------------------------------------------------
                                              4.070681   slack (MET)


Startpoint: _105_ (rising edge-triggered flip-flop clocked by clk)
Endpoint: dout[9] (output port clocked by clk)
Path Group: clk
Path Type: min

Fanout         Cap        Slew       Delay        Time   Description
---------------------------------------------------------------------------------------------
                      0.150000    0.000000    0.000000   clock clk (rise edge)
                                  0.000000    0.000000   clock network delay (ideal)
                      0.150000    0.000000    0.000000 ^ _105_/CLK (sg13g2_dfrbpq_1)
     2    0.008267    0.057845    0.320681    0.320681 v _105_/Q (sg13g2_dfrbpq_1)
                                                         dout[9] (net)
                      0.057845    0.000000    0.320681 v dout[9] (out)
                                              0.320681   data arrival time

                      0.150000    0.000000    0.000000   clock clk (rise edge)
                                  0.000000    0.000000   clock network delay (ideal)
                                  0.250000    0.250000   clock uncertainty
                                  0.000000    0.250000   clock reconvergence pessimism
                                 -4.000000   -3.750000   output external delay
                                             -3.750000   data required time
---------------------------------------------------------------------------------------------
                                             -3.750000   data required time
                                             -0.320681   data arrival time
---------------------------------------------------------------------------------------------
                                              4.070681   slack (MET)



%OL_END_REPORT
%OL_CREATE_REPORT max.rpt

===========================================================================
report_checks -path_delay max (Setup)
============================================================================
======================= nom_slow_1p08V_125C Corner ===================================

Startpoint: done_in (input port clocked by clk)
Endpoint: _108_ (rising edge-triggered flip-flop clocked by clk)
Path Group: clk
Path Type: max

Fanout         Cap        Slew       Delay        Time   Description
---------------------------------------------------------------------------------------------
                      0.150000    0.000000    0.000000   clock clk (rise edge)
                                  0.000000    0.000000   clock network delay (ideal)
                                  4.000000    4.000000 v input external delay
    13    0.068143    0.105721    0.079839    4.079839 v done_in (in)
                                                         done_in (net)
                      0.105721    0.000000    4.079839 v _056_/A (sg13g2_nor2b_1)
    12    0.067043    0.865593    0.730357    4.810196 ^ _056_/Y (sg13g2_nor2b_1)
                                                         _048_ (net)
                      0.865593    0.000000    4.810196 ^ _068_/S (sg13g2_mux2_1)
     1    0.001692    0.057353    0.451976    5.262173 v _068_/X (sg13g2_mux2_1)
                                                         _030_ (net)
                      0.057353    0.000000    5.262173 v _108_/D (sg13g2_dfrbpq_1)
                                              5.262173   data arrival time

                      0.150000   20.000000   20.000000   clock clk (rise edge)
                                  0.000000   20.000000   clock network delay (ideal)
                                 -0.250000   19.750002   clock uncertainty
                                  0.000000   19.750002   clock reconvergence pessimism
                                             19.750002 ^ _108_/CLK (sg13g2_dfrbpq_1)
                                 -0.151002   19.598999   library setup time
                                             19.598999   data required time
---------------------------------------------------------------------------------------------
                                             19.598999   data required time
                                             -5.262173   data arrival time
---------------------------------------------------------------------------------------------
                                             14.336825   slack (MET)


Startpoint: done_in (input port clocked by clk)
Endpoint: _109_ (rising edge-triggered flip-flop clocked by clk)
Path Group: clk
Path Type: max

Fanout         Cap        Slew       Delay        Time   Description
---------------------------------------------------------------------------------------------
                      0.150000    0.000000    0.000000   clock clk (rise edge)
                                  0.000000    0.000000   clock network delay (ideal)
                                  4.000000    4.000000 v input external delay
    13    0.068143    0.105721    0.079839    4.079839 v done_in (in)
                                                         done_in (net)
                      0.105721    0.000000    4.079839 v _056_/A (sg13g2_nor2b_1)
    12    0.067043    0.865593    0.730357    4.810196 ^ _056_/Y (sg13g2_nor2b_1)
                                                         _048_ (net)
                      0.865593    0.000000    4.810196 ^ _067_/S (sg13g2_mux2_1)
     1    0.001692    0.057353    0.451976    5.262173 v _067_/X (sg13g2_mux2_1)
                                                         _031_ (net)
                      0.057353    0.000000    5.262173 v _109_/D (sg13g2_dfrbpq_1)
                                              5.262173   data arrival time

                      0.150000   20.000000   20.000000   clock clk (rise edge)
                                  0.000000   20.000000   clock network delay (ideal)
                                 -0.250000   19.750002   clock uncertainty
                                  0.000000   19.750002   clock reconvergence pessimism
                                             19.750002 ^ _109_/CLK (sg13g2_dfrbpq_1)
                                 -0.151002   19.598999   library setup time
                                             19.598999   data required time
---------------------------------------------------------------------------------------------
                                             19.598999   data required time
                                             -5.262173   data arrival time
---------------------------------------------------------------------------------------------
                                             14.336825   slack (MET)


Startpoint: done_in (input port clocked by clk)
Endpoint: _110_ (rising edge-triggered flip-flop clocked by clk)
Path Group: clk
Path Type: max

Fanout         Cap        Slew       Delay        Time   Description
---------------------------------------------------------------------------------------------
                      0.150000    0.000000    0.000000   clock clk (rise edge)
                                  0.000000    0.000000   clock network delay (ideal)
                                  4.000000    4.000000 v input external delay
    13    0.068143    0.105721    0.079839    4.079839 v done_in (in)
                                                         done_in (net)
                      0.105721    0.000000    4.079839 v _056_/A (sg13g2_nor2b_1)
    12    0.067043    0.865593    0.730357    4.810196 ^ _056_/Y (sg13g2_nor2b_1)
                                                         _048_ (net)
                      0.865593    0.000000    4.810196 ^ _066_/S (sg13g2_mux2_1)
     1    0.001692    0.057353    0.451976    5.262173 v _066_/X (sg13g2_mux2_1)
                                                         _032_ (net)
                      0.057353    0.000000    5.262173 v _110_/D (sg13g2_dfrbpq_1)
                                              5.262173   data arrival time

                      0.150000   20.000000   20.000000   clock clk (rise edge)
                                  0.000000   20.000000   clock network delay (ideal)
                                 -0.250000   19.750002   clock uncertainty
                                  0.000000   19.750002   clock reconvergence pessimism
                                             19.750002 ^ _110_/CLK (sg13g2_dfrbpq_1)
                                 -0.151002   19.598999   library setup time
                                             19.598999   data required time
---------------------------------------------------------------------------------------------
                                             19.598999   data required time
                                             -5.262173   data arrival time
---------------------------------------------------------------------------------------------
                                             14.336825   slack (MET)


Startpoint: done_in (input port clocked by clk)
Endpoint: _111_ (rising edge-triggered flip-flop clocked by clk)
Path Group: clk
Path Type: max

Fanout         Cap        Slew       Delay        Time   Description
---------------------------------------------------------------------------------------------
                      0.150000    0.000000    0.000000   clock clk (rise edge)
                                  0.000000    0.000000   clock network delay (ideal)
                                  4.000000    4.000000 v input external delay
    13    0.068143    0.105721    0.079839    4.079839 v done_in (in)
                                                         done_in (net)
                      0.105721    0.000000    4.079839 v _056_/A (sg13g2_nor2b_1)
    12    0.067043    0.865593    0.730357    4.810196 ^ _056_/Y (sg13g2_nor2b_1)
                                                         _048_ (net)
                      0.865593    0.000000    4.810196 ^ _065_/S (sg13g2_mux2_1)
     1    0.001692    0.057353    0.451976    5.262173 v _065_/X (sg13g2_mux2_1)
                                                         _033_ (net)
                      0.057353    0.000000    5.262173 v _111_/D (sg13g2_dfrbpq_1)
                                              5.262173   data arrival time

                      0.150000   20.000000   20.000000   clock clk (rise edge)
                                  0.000000   20.000000   clock network delay (ideal)
                                 -0.250000   19.750002   clock uncertainty
                                  0.000000   19.750002   clock reconvergence pessimism
                                             19.750002 ^ _111_/CLK (sg13g2_dfrbpq_1)
                                 -0.151002   19.598999   library setup time
                                             19.598999   data required time
---------------------------------------------------------------------------------------------
                                             19.598999   data required time
                                             -5.262173   data arrival time
---------------------------------------------------------------------------------------------
                                             14.336825   slack (MET)


Startpoint: done_in (input port clocked by clk)
Endpoint: _112_ (rising edge-triggered flip-flop clocked by clk)
Path Group: clk
Path Type: max

Fanout         Cap        Slew       Delay        Time   Description
---------------------------------------------------------------------------------------------
                      0.150000    0.000000    0.000000   clock clk (rise edge)
                                  0.000000    0.000000   clock network delay (ideal)
                                  4.000000    4.000000 v input external delay
    13    0.068143    0.105721    0.079839    4.079839 v done_in (in)
                                                         done_in (net)
                      0.105721    0.000000    4.079839 v _056_/A (sg13g2_nor2b_1)
    12    0.067043    0.865593    0.730357    4.810196 ^ _056_/Y (sg13g2_nor2b_1)
                                                         _048_ (net)
                      0.865593    0.000000    4.810196 ^ _064_/S (sg13g2_mux2_1)
     1    0.001692    0.057353    0.451976    5.262173 v _064_/X (sg13g2_mux2_1)
                                                         _034_ (net)
                      0.057353    0.000000    5.262173 v _112_/D (sg13g2_dfrbpq_1)
                                              5.262173   data arrival time

                      0.150000   20.000000   20.000000   clock clk (rise edge)
                                  0.000000   20.000000   clock network delay (ideal)
                                 -0.250000   19.750002   clock uncertainty
                                  0.000000   19.750002   clock reconvergence pessimism
                                             19.750002 ^ _112_/CLK (sg13g2_dfrbpq_1)
                                 -0.151002   19.598999   library setup time
                                             19.598999   data required time
---------------------------------------------------------------------------------------------
                                             19.598999   data required time
                                             -5.262173   data arrival time
---------------------------------------------------------------------------------------------
                                             14.336825   slack (MET)


Startpoint: done_in (input port clocked by clk)
Endpoint: _113_ (rising edge-triggered flip-flop clocked by clk)
Path Group: clk
Path Type: max

Fanout         Cap        Slew       Delay        Time   Description
---------------------------------------------------------------------------------------------
                      0.150000    0.000000    0.000000   clock clk (rise edge)
                                  0.000000    0.000000   clock network delay (ideal)
                                  4.000000    4.000000 v input external delay
    13    0.068143    0.105721    0.079839    4.079839 v done_in (in)
                                                         done_in (net)
                      0.105721    0.000000    4.079839 v _056_/A (sg13g2_nor2b_1)
    12    0.067043    0.865593    0.730357    4.810196 ^ _056_/Y (sg13g2_nor2b_1)
                                                         _048_ (net)
                      0.865593    0.000000    4.810196 ^ _063_/S (sg13g2_mux2_1)
     1    0.001692    0.057353    0.451976    5.262173 v _063_/X (sg13g2_mux2_1)
                                                         _035_ (net)
                      0.057353    0.000000    5.262173 v _113_/D (sg13g2_dfrbpq_1)
                                              5.262173   data arrival time

                      0.150000   20.000000   20.000000   clock clk (rise edge)
                                  0.000000   20.000000   clock network delay (ideal)
                                 -0.250000   19.750002   clock uncertainty
                                  0.000000   19.750002   clock reconvergence pessimism
                                             19.750002 ^ _113_/CLK (sg13g2_dfrbpq_1)
                                 -0.151002   19.598999   library setup time
                                             19.598999   data required time
---------------------------------------------------------------------------------------------
                                             19.598999   data required time
                                             -5.262173   data arrival time
---------------------------------------------------------------------------------------------
                                             14.336825   slack (MET)


Startpoint: done_in (input port clocked by clk)
Endpoint: _114_ (rising edge-triggered flip-flop clocked by clk)
Path Group: clk
Path Type: max

Fanout         Cap        Slew       Delay        Time   Description
---------------------------------------------------------------------------------------------
                      0.150000    0.000000    0.000000   clock clk (rise edge)
                                  0.000000    0.000000   clock network delay (ideal)
                                  4.000000    4.000000 v input external delay
    13    0.068143    0.105721    0.079839    4.079839 v done_in (in)
                                                         done_in (net)
                      0.105721    0.000000    4.079839 v _056_/A (sg13g2_nor2b_1)
    12    0.067043    0.865593    0.730357    4.810196 ^ _056_/Y (sg13g2_nor2b_1)
                                                         _048_ (net)
                      0.865593    0.000000    4.810196 ^ _062_/S (sg13g2_mux2_1)
     1    0.001692    0.057353    0.451976    5.262173 v _062_/X (sg13g2_mux2_1)
                                                         _036_ (net)
                      0.057353    0.000000    5.262173 v _114_/D (sg13g2_dfrbpq_1)
                                              5.262173   data arrival time

                      0.150000   20.000000   20.000000   clock clk (rise edge)
                                  0.000000   20.000000   clock network delay (ideal)
                                 -0.250000   19.750002   clock uncertainty
                                  0.000000   19.750002   clock reconvergence pessimism
                                             19.750002 ^ _114_/CLK (sg13g2_dfrbpq_1)
                                 -0.151002   19.598999   library setup time
                                             19.598999   data required time
---------------------------------------------------------------------------------------------
                                             19.598999   data required time
                                             -5.262173   data arrival time
---------------------------------------------------------------------------------------------
                                             14.336825   slack (MET)


Startpoint: done_in (input port clocked by clk)
Endpoint: _115_ (rising edge-triggered flip-flop clocked by clk)
Path Group: clk
Path Type: max

Fanout         Cap        Slew       Delay        Time   Description
---------------------------------------------------------------------------------------------
                      0.150000    0.000000    0.000000   clock clk (rise edge)
                                  0.000000    0.000000   clock network delay (ideal)
                                  4.000000    4.000000 v input external delay
    13    0.068143    0.105721    0.079839    4.079839 v done_in (in)
                                                         done_in (net)
                      0.105721    0.000000    4.079839 v _056_/A (sg13g2_nor2b_1)
    12    0.067043    0.865593    0.730357    4.810196 ^ _056_/Y (sg13g2_nor2b_1)
                                                         _048_ (net)
                      0.865593    0.000000    4.810196 ^ _061_/S (sg13g2_mux2_1)
     1    0.001692    0.057353    0.451976    5.262173 v _061_/X (sg13g2_mux2_1)
                                                         _037_ (net)
                      0.057353    0.000000    5.262173 v _115_/D (sg13g2_dfrbpq_1)
                                              5.262173   data arrival time

                      0.150000   20.000000   20.000000   clock clk (rise edge)
                                  0.000000   20.000000   clock network delay (ideal)
                                 -0.250000   19.750002   clock uncertainty
                                  0.000000   19.750002   clock reconvergence pessimism
                                             19.750002 ^ _115_/CLK (sg13g2_dfrbpq_1)
                                 -0.151002   19.598999   library setup time
                                             19.598999   data required time
---------------------------------------------------------------------------------------------
                                             19.598999   data required time
                                             -5.262173   data arrival time
---------------------------------------------------------------------------------------------
                                             14.336825   slack (MET)


Startpoint: done_in (input port clocked by clk)
Endpoint: _116_ (rising edge-triggered flip-flop clocked by clk)
Path Group: clk
Path Type: max

Fanout         Cap        Slew       Delay        Time   Description
---------------------------------------------------------------------------------------------
                      0.150000    0.000000    0.000000   clock clk (rise edge)
                                  0.000000    0.000000   clock network delay (ideal)
                                  4.000000    4.000000 v input external delay
    13    0.068143    0.105721    0.079839    4.079839 v done_in (in)
                                                         done_in (net)
                      0.105721    0.000000    4.079839 v _056_/A (sg13g2_nor2b_1)
    12    0.067043    0.865593    0.730357    4.810196 ^ _056_/Y (sg13g2_nor2b_1)
                                                         _048_ (net)
                      0.865593    0.000000    4.810196 ^ _060_/S (sg13g2_mux2_1)
     1    0.001692    0.057353    0.451976    5.262173 v _060_/X (sg13g2_mux2_1)
                                                         _038_ (net)
                      0.057353    0.000000    5.262173 v _116_/D (sg13g2_dfrbpq_1)
                                              5.262173   data arrival time

                      0.150000   20.000000   20.000000   clock clk (rise edge)
                                  0.000000   20.000000   clock network delay (ideal)
                                 -0.250000   19.750002   clock uncertainty
                                  0.000000   19.750002   clock reconvergence pessimism
                                             19.750002 ^ _116_/CLK (sg13g2_dfrbpq_1)
                                 -0.151002   19.598999   library setup time
                                             19.598999   data required time
---------------------------------------------------------------------------------------------
                                             19.598999   data required time
                                             -5.262173   data arrival time
---------------------------------------------------------------------------------------------
                                             14.336825   slack (MET)


Startpoint: done_in (input port clocked by clk)
Endpoint: _117_ (rising edge-triggered flip-flop clocked by clk)
Path Group: clk
Path Type: max

Fanout         Cap        Slew       Delay        Time   Description
---------------------------------------------------------------------------------------------
                      0.150000    0.000000    0.000000   clock clk (rise edge)
                                  0.000000    0.000000   clock network delay (ideal)
                                  4.000000    4.000000 v input external delay
    13    0.068143    0.105721    0.079839    4.079839 v done_in (in)
                                                         done_in (net)
                      0.105721    0.000000    4.079839 v _056_/A (sg13g2_nor2b_1)
    12    0.067043    0.865593    0.730357    4.810196 ^ _056_/Y (sg13g2_nor2b_1)
                                                         _048_ (net)
                      0.865593    0.000000    4.810196 ^ _059_/S (sg13g2_mux2_1)
     1    0.001692    0.057353    0.451976    5.262173 v _059_/X (sg13g2_mux2_1)
                                                         _039_ (net)
                      0.057353    0.000000    5.262173 v _117_/D (sg13g2_dfrbpq_1)
                                              5.262173   data arrival time

                      0.150000   20.000000   20.000000   clock clk (rise edge)
                                  0.000000   20.000000   clock network delay (ideal)
                                 -0.250000   19.750002   clock uncertainty
                                  0.000000   19.750002   clock reconvergence pessimism
                                             19.750002 ^ _117_/CLK (sg13g2_dfrbpq_1)
                                 -0.151002   19.598999   library setup time
                                             19.598999   data required time
---------------------------------------------------------------------------------------------
                                             19.598999   data required time
                                             -5.262173   data arrival time
---------------------------------------------------------------------------------------------
                                             14.336825   slack (MET)


Startpoint: done_in (input port clocked by clk)
Endpoint: _118_ (rising edge-triggered flip-flop clocked by clk)
Path Group: clk
Path Type: max

Fanout         Cap        Slew       Delay        Time   Description
---------------------------------------------------------------------------------------------
                      0.150000    0.000000    0.000000   clock clk (rise edge)
                                  0.000000    0.000000   clock network delay (ideal)
                                  4.000000    4.000000 v input external delay
    13    0.068143    0.105721    0.079839    4.079839 v done_in (in)
                                                         done_in (net)
                      0.105721    0.000000    4.079839 v _056_/A (sg13g2_nor2b_1)
    12    0.067043    0.865593    0.730357    4.810196 ^ _056_/Y (sg13g2_nor2b_1)
                                                         _048_ (net)
                      0.865593    0.000000    4.810196 ^ _058_/S (sg13g2_mux2_1)
     1    0.001692    0.057353    0.451976    5.262173 v _058_/X (sg13g2_mux2_1)
                                                         _040_ (net)
                      0.057353    0.000000    5.262173 v _118_/D (sg13g2_dfrbpq_1)
                                              5.262173   data arrival time

                      0.150000   20.000000   20.000000   clock clk (rise edge)
                                  0.000000   20.000000   clock network delay (ideal)
                                 -0.250000   19.750002   clock uncertainty
                                  0.000000   19.750002   clock reconvergence pessimism
                                             19.750002 ^ _118_/CLK (sg13g2_dfrbpq_1)
                                 -0.151002   19.598999   library setup time
                                             19.598999   data required time
---------------------------------------------------------------------------------------------
                                             19.598999   data required time
                                             -5.262173   data arrival time
---------------------------------------------------------------------------------------------
                                             14.336825   slack (MET)


Startpoint: done_in (input port clocked by clk)
Endpoint: _119_ (rising edge-triggered flip-flop clocked by clk)
Path Group: clk
Path Type: max

Fanout         Cap        Slew       Delay        Time   Description
---------------------------------------------------------------------------------------------
                      0.150000    0.000000    0.000000   clock clk (rise edge)
                                  0.000000    0.000000   clock network delay (ideal)
                                  4.000000    4.000000 v input external delay
    13    0.068143    0.105721    0.079839    4.079839 v done_in (in)
                                                         done_in (net)
                      0.105721    0.000000    4.079839 v _056_/A (sg13g2_nor2b_1)
    12    0.067043    0.865593    0.730357    4.810196 ^ _056_/Y (sg13g2_nor2b_1)
                                                         _048_ (net)
                      0.865593    0.000000    4.810196 ^ _057_/S (sg13g2_mux2_1)
     1    0.001692    0.057353    0.451976    5.262173 v _057_/X (sg13g2_mux2_1)
                                                         _041_ (net)
                      0.057353    0.000000    5.262173 v _119_/D (sg13g2_dfrbpq_1)
                                              5.262173   data arrival time

                      0.150000   20.000000   20.000000   clock clk (rise edge)
                                  0.000000   20.000000   clock network delay (ideal)
                                 -0.250000   19.750002   clock uncertainty
                                  0.000000   19.750002   clock reconvergence pessimism
                                             19.750002 ^ _119_/CLK (sg13g2_dfrbpq_1)
                                 -0.151002   19.598999   library setup time
                                             19.598999   data required time
---------------------------------------------------------------------------------------------
                                             19.598999   data required time
                                             -5.262173   data arrival time
---------------------------------------------------------------------------------------------
                                             14.336825   slack (MET)


Startpoint: done_in (input port clocked by clk)
Endpoint: _098_ (rising edge-triggered flip-flop clocked by clk)
Path Group: clk
Path Type: max

Fanout         Cap        Slew       Delay        Time   Description
---------------------------------------------------------------------------------------------
                      0.150000    0.000000    0.000000   clock clk (rise edge)
                                  0.000000    0.000000   clock network delay (ideal)
                                  4.000000    4.000000 ^ input external delay
    13    0.070212    0.131041    0.093629    4.093629 ^ done_in (in)
                                                         done_in (net)
                      0.131041    0.000000    4.093629 ^ _053_/S (sg13g2_mux2_1)
     1    0.001692    0.050948    0.285056    4.378685 v _053_/X (sg13g2_mux2_1)
                                                         _044_ (net)
                      0.050948    0.000000    4.378685 v _098_/D (sg13g2_dfrbpq_1)
                                              4.378685   data arrival time

                      0.150000   20.000000   20.000000   clock clk (rise edge)
                                  0.000000   20.000000   clock network delay (ideal)
                                 -0.250000   19.750002   clock uncertainty
                                  0.000000   19.750002   clock reconvergence pessimism
                                             19.750002 ^ _098_/CLK (sg13g2_dfrbpq_1)
                                 -0.148096   19.601904   library setup time
                                             19.601904   data required time
---------------------------------------------------------------------------------------------
                                             19.601904   data required time
                                             -4.378685   data arrival time
---------------------------------------------------------------------------------------------
                                             15.223219   slack (MET)


Startpoint: done_in (input port clocked by clk)
Endpoint: _099_ (rising edge-triggered flip-flop clocked by clk)
Path Group: clk
Path Type: max

Fanout         Cap        Slew       Delay        Time   Description
---------------------------------------------------------------------------------------------
                      0.150000    0.000000    0.000000   clock clk (rise edge)
                                  0.000000    0.000000   clock network delay (ideal)
                                  4.000000    4.000000 ^ input external delay
    13    0.070212    0.131041    0.093629    4.093629 ^ done_in (in)
                                                         done_in (net)
                      0.131041    0.000000    4.093629 ^ _052_/S (sg13g2_mux2_1)
     1    0.001692    0.050948    0.285056    4.378685 v _052_/X (sg13g2_mux2_1)
                                                         _045_ (net)
                      0.050948    0.000000    4.378685 v _099_/D (sg13g2_dfrbpq_1)
                                              4.378685   data arrival time

                      0.150000   20.000000   20.000000   clock clk (rise edge)
                                  0.000000   20.000000   clock network delay (ideal)
                                 -0.250000   19.750002   clock uncertainty
                                  0.000000   19.750002   clock reconvergence pessimism
                                             19.750002 ^ _099_/CLK (sg13g2_dfrbpq_1)
                                 -0.148096   19.601904   library setup time
                                             19.601904   data required time
---------------------------------------------------------------------------------------------
                                             19.601904   data required time
                                             -4.378685   data arrival time
---------------------------------------------------------------------------------------------
                                             15.223219   slack (MET)


Startpoint: done_in (input port clocked by clk)
Endpoint: _100_ (rising edge-triggered flip-flop clocked by clk)
Path Group: clk
Path Type: max

Fanout         Cap        Slew       Delay        Time   Description
---------------------------------------------------------------------------------------------
                      0.150000    0.000000    0.000000   clock clk (rise edge)
                                  0.000000    0.000000   clock network delay (ideal)
                                  4.000000    4.000000 ^ input external delay
    13    0.070212    0.131041    0.093629    4.093629 ^ done_in (in)
                                                         done_in (net)
                      0.131041    0.000000    4.093629 ^ _051_/S (sg13g2_mux2_1)
     1    0.001692    0.050948    0.285056    4.378685 v _051_/X (sg13g2_mux2_1)
                                                         _046_ (net)
                      0.050948    0.000000    4.378685 v _100_/D (sg13g2_dfrbpq_1)
                                              4.378685   data arrival time

                      0.150000   20.000000   20.000000   clock clk (rise edge)
                                  0.000000   20.000000   clock network delay (ideal)
                                 -0.250000   19.750002   clock uncertainty
                                  0.000000   19.750002   clock reconvergence pessimism
                                             19.750002 ^ _100_/CLK (sg13g2_dfrbpq_1)
                                 -0.148096   19.601904   library setup time
                                             19.601904   data required time
---------------------------------------------------------------------------------------------
                                             19.601904   data required time
                                             -4.378685   data arrival time
---------------------------------------------------------------------------------------------
                                             15.223219   slack (MET)


Startpoint: done_in (input port clocked by clk)
Endpoint: _101_ (rising edge-triggered flip-flop clocked by clk)
Path Group: clk
Path Type: max

Fanout         Cap        Slew       Delay        Time   Description
---------------------------------------------------------------------------------------------
                      0.150000    0.000000    0.000000   clock clk (rise edge)
                                  0.000000    0.000000   clock network delay (ideal)
                                  4.000000    4.000000 ^ input external delay
    13    0.070212    0.131041    0.093629    4.093629 ^ done_in (in)
                                                         done_in (net)
                      0.131041    0.000000    4.093629 ^ _050_/S (sg13g2_mux2_1)
     1    0.001692    0.050948    0.285056    4.378685 v _050_/X (sg13g2_mux2_1)
                                                         _047_ (net)
                      0.050948    0.000000    4.378685 v _101_/D (sg13g2_dfrbpq_1)
                                              4.378685   data arrival time

                      0.150000   20.000000   20.000000   clock clk (rise edge)
                                  0.000000   20.000000   clock network delay (ideal)
                                 -0.250000   19.750002   clock uncertainty
                                  0.000000   19.750002   clock reconvergence pessimism
                                             19.750002 ^ _101_/CLK (sg13g2_dfrbpq_1)
                                 -0.148096   19.601904   library setup time
                                             19.601904   data required time
---------------------------------------------------------------------------------------------
                                             19.601904   data required time
                                             -4.378685   data arrival time
---------------------------------------------------------------------------------------------
                                             15.223219   slack (MET)


Startpoint: done_in (input port clocked by clk)
Endpoint: _102_ (rising edge-triggered flip-flop clocked by clk)
Path Group: clk
Path Type: max

Fanout         Cap        Slew       Delay        Time   Description
---------------------------------------------------------------------------------------------
                      0.150000    0.000000    0.000000   clock clk (rise edge)
                                  0.000000    0.000000   clock network delay (ideal)
                                  4.000000    4.000000 ^ input external delay
    13    0.070212    0.131041    0.093629    4.093629 ^ done_in (in)
                                                         done_in (net)
                      0.131041    0.000000    4.093629 ^ _074_/S (sg13g2_mux2_1)
     1    0.001692    0.050948    0.285056    4.378685 v _074_/X (sg13g2_mux2_1)
                                                         _024_ (net)
                      0.050948    0.000000    4.378685 v _102_/D (sg13g2_dfrbpq_1)
                                              4.378685   data arrival time

                      0.150000   20.000000   20.000000   clock clk (rise edge)
                                  0.000000   20.000000   clock network delay (ideal)
                                 -0.250000   19.750002   clock uncertainty
                                  0.000000   19.750002   clock reconvergence pessimism
                                             19.750002 ^ _102_/CLK (sg13g2_dfrbpq_1)
                                 -0.148096   19.601904   library setup time
                                             19.601904   data required time
---------------------------------------------------------------------------------------------
                                             19.601904   data required time
                                             -4.378685   data arrival time
---------------------------------------------------------------------------------------------
                                             15.223219   slack (MET)


Startpoint: done_in (input port clocked by clk)
Endpoint: _103_ (rising edge-triggered flip-flop clocked by clk)
Path Group: clk
Path Type: max

Fanout         Cap        Slew       Delay        Time   Description
---------------------------------------------------------------------------------------------
                      0.150000    0.000000    0.000000   clock clk (rise edge)
                                  0.000000    0.000000   clock network delay (ideal)
                                  4.000000    4.000000 ^ input external delay
    13    0.070212    0.131041    0.093629    4.093629 ^ done_in (in)
                                                         done_in (net)
                      0.131041    0.000000    4.093629 ^ _073_/S (sg13g2_mux2_1)
     1    0.001692    0.050948    0.285056    4.378685 v _073_/X (sg13g2_mux2_1)
                                                         _025_ (net)
                      0.050948    0.000000    4.378685 v _103_/D (sg13g2_dfrbpq_1)
                                              4.378685   data arrival time

                      0.150000   20.000000   20.000000   clock clk (rise edge)
                                  0.000000   20.000000   clock network delay (ideal)
                                 -0.250000   19.750002   clock uncertainty
                                  0.000000   19.750002   clock reconvergence pessimism
                                             19.750002 ^ _103_/CLK (sg13g2_dfrbpq_1)
                                 -0.148096   19.601904   library setup time
                                             19.601904   data required time
---------------------------------------------------------------------------------------------
                                             19.601904   data required time
                                             -4.378685   data arrival time
---------------------------------------------------------------------------------------------
                                             15.223219   slack (MET)


Startpoint: done_in (input port clocked by clk)
Endpoint: _104_ (rising edge-triggered flip-flop clocked by clk)
Path Group: clk
Path Type: max

Fanout         Cap        Slew       Delay        Time   Description
---------------------------------------------------------------------------------------------
                      0.150000    0.000000    0.000000   clock clk (rise edge)
                                  0.000000    0.000000   clock network delay (ideal)
                                  4.000000    4.000000 ^ input external delay
    13    0.070212    0.131041    0.093629    4.093629 ^ done_in (in)
                                                         done_in (net)
                      0.131041    0.000000    4.093629 ^ _072_/S (sg13g2_mux2_1)
     1    0.001692    0.050948    0.285056    4.378685 v _072_/X (sg13g2_mux2_1)
                                                         _026_ (net)
                      0.050948    0.000000    4.378685 v _104_/D (sg13g2_dfrbpq_1)
                                              4.378685   data arrival time

                      0.150000   20.000000   20.000000   clock clk (rise edge)
                                  0.000000   20.000000   clock network delay (ideal)
                                 -0.250000   19.750002   clock uncertainty
                                  0.000000   19.750002   clock reconvergence pessimism
                                             19.750002 ^ _104_/CLK (sg13g2_dfrbpq_1)
                                 -0.148096   19.601904   library setup time
                                             19.601904   data required time
---------------------------------------------------------------------------------------------
                                             19.601904   data required time
                                             -4.378685   data arrival time
---------------------------------------------------------------------------------------------
                                             15.223219   slack (MET)


Startpoint: done_in (input port clocked by clk)
Endpoint: _105_ (rising edge-triggered flip-flop clocked by clk)
Path Group: clk
Path Type: max

Fanout         Cap        Slew       Delay        Time   Description
---------------------------------------------------------------------------------------------
                      0.150000    0.000000    0.000000   clock clk (rise edge)
                                  0.000000    0.000000   clock network delay (ideal)
                                  4.000000    4.000000 ^ input external delay
    13    0.070212    0.131041    0.093629    4.093629 ^ done_in (in)
                                                         done_in (net)
                      0.131041    0.000000    4.093629 ^ _071_/S (sg13g2_mux2_1)
     1    0.001692    0.050948    0.285056    4.378685 v _071_/X (sg13g2_mux2_1)
                                                         _027_ (net)
                      0.050948    0.000000    4.378685 v _105_/D (sg13g2_dfrbpq_1)
                                              4.378685   data arrival time

                      0.150000   20.000000   20.000000   clock clk (rise edge)
                                  0.000000   20.000000   clock network delay (ideal)
                                 -0.250000   19.750002   clock uncertainty
                                  0.000000   19.750002   clock reconvergence pessimism
                                             19.750002 ^ _105_/CLK (sg13g2_dfrbpq_1)
                                 -0.148096   19.601904   library setup time
                                             19.601904   data required time
---------------------------------------------------------------------------------------------
                                             19.601904   data required time
                                             -4.378685   data arrival time
---------------------------------------------------------------------------------------------
                                             15.223219   slack (MET)


Startpoint: done_in (input port clocked by clk)
Endpoint: _106_ (rising edge-triggered flip-flop clocked by clk)
Path Group: clk
Path Type: max

Fanout         Cap        Slew       Delay        Time   Description
---------------------------------------------------------------------------------------------
                      0.150000    0.000000    0.000000   clock clk (rise edge)
                                  0.000000    0.000000   clock network delay (ideal)
                                  4.000000    4.000000 ^ input external delay
    13    0.070212    0.131041    0.093629    4.093629 ^ done_in (in)
                                                         done_in (net)
                      0.131041    0.000000    4.093629 ^ _070_/S (sg13g2_mux2_1)
     1    0.001692    0.050948    0.285056    4.378685 v _070_/X (sg13g2_mux2_1)
                                                         _028_ (net)
                      0.050948    0.000000    4.378685 v _106_/D (sg13g2_dfrbpq_1)
                                              4.378685   data arrival time

                      0.150000   20.000000   20.000000   clock clk (rise edge)
                                  0.000000   20.000000   clock network delay (ideal)
                                 -0.250000   19.750002   clock uncertainty
                                  0.000000   19.750002   clock reconvergence pessimism
                                             19.750002 ^ _106_/CLK (sg13g2_dfrbpq_1)
                                 -0.148096   19.601904   library setup time
                                             19.601904   data required time
---------------------------------------------------------------------------------------------
                                             19.601904   data required time
                                             -4.378685   data arrival time
---------------------------------------------------------------------------------------------
                                             15.223219   slack (MET)


Startpoint: done_in (input port clocked by clk)
Endpoint: _120_ (rising edge-triggered flip-flop clocked by clk)
Path Group: clk
Path Type: max

Fanout         Cap        Slew       Delay        Time   Description
---------------------------------------------------------------------------------------------
                      0.150000    0.000000    0.000000   clock clk (rise edge)
                                  0.000000    0.000000   clock network delay (ideal)
                                  4.000000    4.000000 ^ input external delay
    13    0.070212    0.131041    0.093629    4.093629 ^ done_in (in)
                                                         done_in (net)
                      0.131041    0.000000    4.093629 ^ _055_/S (sg13g2_mux2_1)
     1    0.001692    0.050948    0.285056    4.378685 v _055_/X (sg13g2_mux2_1)
                                                         _042_ (net)
                      0.050948    0.000000    4.378685 v _120_/D (sg13g2_dfrbpq_1)
                                              4.378685   data arrival time

                      0.150000   20.000000   20.000000   clock clk (rise edge)
                                  0.000000   20.000000   clock network delay (ideal)
                                 -0.250000   19.750002   clock uncertainty
                                  0.000000   19.750002   clock reconvergence pessimism
                                             19.750002 ^ _120_/CLK (sg13g2_dfrbpq_1)
                                 -0.148096   19.601904   library setup time
                                             19.601904   data required time
---------------------------------------------------------------------------------------------
                                             19.601904   data required time
                                             -4.378685   data arrival time
---------------------------------------------------------------------------------------------
                                             15.223219   slack (MET)


Startpoint: done_in (input port clocked by clk)
Endpoint: _121_ (rising edge-triggered flip-flop clocked by clk)
Path Group: clk
Path Type: max

Fanout         Cap        Slew       Delay        Time   Description
---------------------------------------------------------------------------------------------
                      0.150000    0.000000    0.000000   clock clk (rise edge)
                                  0.000000    0.000000   clock network delay (ideal)
                                  4.000000    4.000000 ^ input external delay
    13    0.070212    0.131041    0.093629    4.093629 ^ done_in (in)
                                                         done_in (net)
                      0.131041    0.000000    4.093629 ^ _054_/S (sg13g2_mux2_1)
     1    0.001692    0.050948    0.285056    4.378685 v _054_/X (sg13g2_mux2_1)
                                                         _043_ (net)
                      0.050948    0.000000    4.378685 v _121_/D (sg13g2_dfrbpq_1)
                                              4.378685   data arrival time

                      0.150000   20.000000   20.000000   clock clk (rise edge)
                                  0.000000   20.000000   clock network delay (ideal)
                                 -0.250000   19.750002   clock uncertainty
                                  0.000000   19.750002   clock reconvergence pessimism
                                             19.750002 ^ _121_/CLK (sg13g2_dfrbpq_1)
                                 -0.148096   19.601904   library setup time
                                             19.601904   data required time
---------------------------------------------------------------------------------------------
                                             19.601904   data required time
                                             -4.378685   data arrival time
---------------------------------------------------------------------------------------------
                                             15.223219   slack (MET)


Startpoint: done_in (input port clocked by clk)
Endpoint: _107_ (rising edge-triggered flip-flop clocked by clk)
Path Group: clk
Path Type: max

Fanout         Cap        Slew       Delay        Time   Description
---------------------------------------------------------------------------------------------
                      0.150000    0.000000    0.000000   clock clk (rise edge)
                                  0.000000    0.000000   clock network delay (ideal)
                                  4.000000    4.000000 ^ input external delay
    13    0.070212    0.131041    0.093629    4.093629 ^ done_in (in)
                                                         done_in (net)
                      0.131041    0.000000    4.093629 ^ _069_/S (sg13g2_mux2_1)
     1    0.001692    0.050826    0.285056    4.378685 v _069_/X (sg13g2_mux2_1)
                                                         _029_ (net)
                      0.050826    0.000000    4.378685 v _107_/D (sg13g2_dfrbpq_1)
                                              4.378685   data arrival time

                      0.150000   20.000000   20.000000   clock clk (rise edge)
                                  0.000000   20.000000   clock network delay (ideal)
                                 -0.250000   19.750002   clock uncertainty
                                  0.000000   19.750002   clock reconvergence pessimism
                                             19.750002 ^ _107_/CLK (sg13g2_dfrbpq_1)
                                 -0.148041   19.601959   library setup time
                                             19.601959   data required time
---------------------------------------------------------------------------------------------
                                             19.601959   data required time
                                             -4.378685   data arrival time
---------------------------------------------------------------------------------------------
                                             15.223275   slack (MET)


Startpoint: reset (input port clocked by clk)
Endpoint: _098_ (recovery check against rising-edge clock clk)
Path Group: asynchronous
Path Type: max

Fanout         Cap        Slew       Delay        Time   Description
---------------------------------------------------------------------------------------------
                      0.150000    0.000000    0.000000   clock clk (rise edge)
                                  0.000000    0.000000   clock network delay (ideal)
                                  4.000000    4.000000 v input external delay
    24    0.071298    0.109507    0.083536    4.083536 v reset (in)
                                                         reset (net)
                      0.109507    0.000000    4.083536 v _094_/A (sg13g2_inv_1)
     1    0.005312    0.061660    0.085609    4.169146 ^ _094_/Y (sg13g2_inv_1)
                                                         _020_ (net)
                      0.061660    0.000000    4.169146 ^ _098_/RESET_B (sg13g2_dfrbpq_1)
                                              4.169146   data arrival time

                      0.150000   20.000000   20.000000   clock clk (rise edge)
                                  0.000000   20.000000   clock network delay (ideal)
                                 -0.250000   19.750002   clock uncertainty
                                  0.000000   19.750002   clock reconvergence pessimism
                                             19.750002 ^ _098_/CLK (sg13g2_dfrbpq_1)
                                 -0.193889   19.556112   library recovery time
                                             19.556112   data required time
---------------------------------------------------------------------------------------------
                                             19.556112   data required time
                                             -4.169146   data arrival time
---------------------------------------------------------------------------------------------
                                             15.386967   slack (MET)


Startpoint: reset (input port clocked by clk)
Endpoint: _099_ (recovery check against rising-edge clock clk)
Path Group: asynchronous
Path Type: max

Fanout         Cap        Slew       Delay        Time   Description
---------------------------------------------------------------------------------------------
                      0.150000    0.000000    0.000000   clock clk (rise edge)
                                  0.000000    0.000000   clock network delay (ideal)
                                  4.000000    4.000000 v input external delay
    24    0.071298    0.109507    0.083536    4.083536 v reset (in)
                                                         reset (net)
                      0.109507    0.000000    4.083536 v _095_/A (sg13g2_inv_1)
     1    0.005312    0.061660    0.085609    4.169146 ^ _095_/Y (sg13g2_inv_1)
                                                         _021_ (net)
                      0.061660    0.000000    4.169146 ^ _099_/RESET_B (sg13g2_dfrbpq_1)
                                              4.169146   data arrival time

                      0.150000   20.000000   20.000000   clock clk (rise edge)
                                  0.000000   20.000000   clock network delay (ideal)
                                 -0.250000   19.750002   clock uncertainty
                                  0.000000   19.750002   clock reconvergence pessimism
                                             19.750002 ^ _099_/CLK (sg13g2_dfrbpq_1)
                                 -0.193889   19.556112   library recovery time
                                             19.556112   data required time
---------------------------------------------------------------------------------------------
                                             19.556112   data required time
                                             -4.169146   data arrival time
---------------------------------------------------------------------------------------------
                                             15.386967   slack (MET)


Startpoint: reset (input port clocked by clk)
Endpoint: _100_ (recovery check against rising-edge clock clk)
Path Group: asynchronous
Path Type: max

Fanout         Cap        Slew       Delay        Time   Description
---------------------------------------------------------------------------------------------
                      0.150000    0.000000    0.000000   clock clk (rise edge)
                                  0.000000    0.000000   clock network delay (ideal)
                                  4.000000    4.000000 v input external delay
    24    0.071298    0.109507    0.083536    4.083536 v reset (in)
                                                         reset (net)
                      0.109507    0.000000    4.083536 v _096_/A (sg13g2_inv_1)
     1    0.005312    0.061660    0.085609    4.169146 ^ _096_/Y (sg13g2_inv_1)
                                                         _022_ (net)
                      0.061660    0.000000    4.169146 ^ _100_/RESET_B (sg13g2_dfrbpq_1)
                                              4.169146   data arrival time

                      0.150000   20.000000   20.000000   clock clk (rise edge)
                                  0.000000   20.000000   clock network delay (ideal)
                                 -0.250000   19.750002   clock uncertainty
                                  0.000000   19.750002   clock reconvergence pessimism
                                             19.750002 ^ _100_/CLK (sg13g2_dfrbpq_1)
                                 -0.193889   19.556112   library recovery time
                                             19.556112   data required time
---------------------------------------------------------------------------------------------
                                             19.556112   data required time
                                             -4.169146   data arrival time
---------------------------------------------------------------------------------------------
                                             15.386967   slack (MET)


Startpoint: reset (input port clocked by clk)
Endpoint: _101_ (recovery check against rising-edge clock clk)
Path Group: asynchronous
Path Type: max

Fanout         Cap        Slew       Delay        Time   Description
---------------------------------------------------------------------------------------------
                      0.150000    0.000000    0.000000   clock clk (rise edge)
                                  0.000000    0.000000   clock network delay (ideal)
                                  4.000000    4.000000 v input external delay
    24    0.071298    0.109507    0.083536    4.083536 v reset (in)
                                                         reset (net)
                      0.109507    0.000000    4.083536 v _097_/A (sg13g2_inv_1)
     1    0.005312    0.061660    0.085609    4.169146 ^ _097_/Y (sg13g2_inv_1)
                                                         _023_ (net)
                      0.061660    0.000000    4.169146 ^ _101_/RESET_B (sg13g2_dfrbpq_1)
                                              4.169146   data arrival time

                      0.150000   20.000000   20.000000   clock clk (rise edge)
                                  0.000000   20.000000   clock network delay (ideal)
                                 -0.250000   19.750002   clock uncertainty
                                  0.000000   19.750002   clock reconvergence pessimism
                                             19.750002 ^ _101_/CLK (sg13g2_dfrbpq_1)
                                 -0.193889   19.556112   library recovery time
                                             19.556112   data required time
---------------------------------------------------------------------------------------------
                                             19.556112   data required time
                                             -4.169146   data arrival time
---------------------------------------------------------------------------------------------
                                             15.386967   slack (MET)


Startpoint: reset (input port clocked by clk)
Endpoint: _102_ (recovery check against rising-edge clock clk)
Path Group: asynchronous
Path Type: max

Fanout         Cap        Slew       Delay        Time   Description
---------------------------------------------------------------------------------------------
                      0.150000    0.000000    0.000000   clock clk (rise edge)
                                  0.000000    0.000000   clock network delay (ideal)
                                  4.000000    4.000000 v input external delay
    24    0.071298    0.109507    0.083536    4.083536 v reset (in)
                                                         reset (net)
                      0.109507    0.000000    4.083536 v _049_/A (sg13g2_inv_1)
     1    0.005312    0.061660    0.085609    4.169146 ^ _049_/Y (sg13g2_inv_1)
                                                         _000_ (net)
                      0.061660    0.000000    4.169146 ^ _102_/RESET_B (sg13g2_dfrbpq_1)
                                              4.169146   data arrival time

                      0.150000   20.000000   20.000000   clock clk (rise edge)
                                  0.000000   20.000000   clock network delay (ideal)
                                 -0.250000   19.750002   clock uncertainty
                                  0.000000   19.750002   clock reconvergence pessimism
                                             19.750002 ^ _102_/CLK (sg13g2_dfrbpq_1)
                                 -0.193889   19.556112   library recovery time
                                             19.556112   data required time
---------------------------------------------------------------------------------------------
                                             19.556112   data required time
                                             -4.169146   data arrival time
---------------------------------------------------------------------------------------------
                                             15.386967   slack (MET)


Startpoint: reset (input port clocked by clk)
Endpoint: _103_ (recovery check against rising-edge clock clk)
Path Group: asynchronous
Path Type: max

Fanout         Cap        Slew       Delay        Time   Description
---------------------------------------------------------------------------------------------
                      0.150000    0.000000    0.000000   clock clk (rise edge)
                                  0.000000    0.000000   clock network delay (ideal)
                                  4.000000    4.000000 v input external delay
    24    0.071298    0.109507    0.083536    4.083536 v reset (in)
                                                         reset (net)
                      0.109507    0.000000    4.083536 v _075_/A (sg13g2_inv_1)
     1    0.005312    0.061660    0.085609    4.169146 ^ _075_/Y (sg13g2_inv_1)
                                                         _001_ (net)
                      0.061660    0.000000    4.169146 ^ _103_/RESET_B (sg13g2_dfrbpq_1)
                                              4.169146   data arrival time

                      0.150000   20.000000   20.000000   clock clk (rise edge)
                                  0.000000   20.000000   clock network delay (ideal)
                                 -0.250000   19.750002   clock uncertainty
                                  0.000000   19.750002   clock reconvergence pessimism
                                             19.750002 ^ _103_/CLK (sg13g2_dfrbpq_1)
                                 -0.193889   19.556112   library recovery time
                                             19.556112   data required time
---------------------------------------------------------------------------------------------
                                             19.556112   data required time
                                             -4.169146   data arrival time
---------------------------------------------------------------------------------------------
                                             15.386967   slack (MET)


Startpoint: reset (input port clocked by clk)
Endpoint: _104_ (recovery check against rising-edge clock clk)
Path Group: asynchronous
Path Type: max

Fanout         Cap        Slew       Delay        Time   Description
---------------------------------------------------------------------------------------------
                      0.150000    0.000000    0.000000   clock clk (rise edge)
                                  0.000000    0.000000   clock network delay (ideal)
                                  4.000000    4.000000 v input external delay
    24    0.071298    0.109507    0.083536    4.083536 v reset (in)
                                                         reset (net)
                      0.109507    0.000000    4.083536 v _076_/A (sg13g2_inv_1)
     1    0.005312    0.061660    0.085609    4.169146 ^ _076_/Y (sg13g2_inv_1)
                                                         _002_ (net)
                      0.061660    0.000000    4.169146 ^ _104_/RESET_B (sg13g2_dfrbpq_1)
                                              4.169146   data arrival time

                      0.150000   20.000000   20.000000   clock clk (rise edge)
                                  0.000000   20.000000   clock network delay (ideal)
                                 -0.250000   19.750002   clock uncertainty
                                  0.000000   19.750002   clock reconvergence pessimism
                                             19.750002 ^ _104_/CLK (sg13g2_dfrbpq_1)
                                 -0.193889   19.556112   library recovery time
                                             19.556112   data required time
---------------------------------------------------------------------------------------------
                                             19.556112   data required time
                                             -4.169146   data arrival time
---------------------------------------------------------------------------------------------
                                             15.386967   slack (MET)


Startpoint: reset (input port clocked by clk)
Endpoint: _105_ (recovery check against rising-edge clock clk)
Path Group: asynchronous
Path Type: max

Fanout         Cap        Slew       Delay        Time   Description
---------------------------------------------------------------------------------------------
                      0.150000    0.000000    0.000000   clock clk (rise edge)
                                  0.000000    0.000000   clock network delay (ideal)
                                  4.000000    4.000000 v input external delay
    24    0.071298    0.109507    0.083536    4.083536 v reset (in)
                                                         reset (net)
                      0.109507    0.000000    4.083536 v _077_/A (sg13g2_inv_1)
     1    0.005312    0.061660    0.085609    4.169146 ^ _077_/Y (sg13g2_inv_1)
                                                         _003_ (net)
                      0.061660    0.000000    4.169146 ^ _105_/RESET_B (sg13g2_dfrbpq_1)
                                              4.169146   data arrival time

                      0.150000   20.000000   20.000000   clock clk (rise edge)
                                  0.000000   20.000000   clock network delay (ideal)
                                 -0.250000   19.750002   clock uncertainty
                                  0.000000   19.750002   clock reconvergence pessimism
                                             19.750002 ^ _105_/CLK (sg13g2_dfrbpq_1)
                                 -0.193889   19.556112   library recovery time
                                             19.556112   data required time
---------------------------------------------------------------------------------------------
                                             19.556112   data required time
                                             -4.169146   data arrival time
---------------------------------------------------------------------------------------------
                                             15.386967   slack (MET)


Startpoint: reset (input port clocked by clk)
Endpoint: _106_ (recovery check against rising-edge clock clk)
Path Group: asynchronous
Path Type: max

Fanout         Cap        Slew       Delay        Time   Description
---------------------------------------------------------------------------------------------
                      0.150000    0.000000    0.000000   clock clk (rise edge)
                                  0.000000    0.000000   clock network delay (ideal)
                                  4.000000    4.000000 v input external delay
    24    0.071298    0.109507    0.083536    4.083536 v reset (in)
                                                         reset (net)
                      0.109507    0.000000    4.083536 v _078_/A (sg13g2_inv_1)
     1    0.005312    0.061660    0.085609    4.169146 ^ _078_/Y (sg13g2_inv_1)
                                                         _004_ (net)
                      0.061660    0.000000    4.169146 ^ _106_/RESET_B (sg13g2_dfrbpq_1)
                                              4.169146   data arrival time

                      0.150000   20.000000   20.000000   clock clk (rise edge)
                                  0.000000   20.000000   clock network delay (ideal)
                                 -0.250000   19.750002   clock uncertainty
                                  0.000000   19.750002   clock reconvergence pessimism
                                             19.750002 ^ _106_/CLK (sg13g2_dfrbpq_1)
                                 -0.193889   19.556112   library recovery time
                                             19.556112   data required time
---------------------------------------------------------------------------------------------
                                             19.556112   data required time
                                             -4.169146   data arrival time
---------------------------------------------------------------------------------------------
                                             15.386967   slack (MET)


Startpoint: reset (input port clocked by clk)
Endpoint: _107_ (recovery check against rising-edge clock clk)
Path Group: asynchronous
Path Type: max

Fanout         Cap        Slew       Delay        Time   Description
---------------------------------------------------------------------------------------------
                      0.150000    0.000000    0.000000   clock clk (rise edge)
                                  0.000000    0.000000   clock network delay (ideal)
                                  4.000000    4.000000 v input external delay
    24    0.071298    0.109507    0.083536    4.083536 v reset (in)
                                                         reset (net)
                      0.109507    0.000000    4.083536 v _079_/A (sg13g2_inv_1)
     1    0.005312    0.061660    0.085609    4.169146 ^ _079_/Y (sg13g2_inv_1)
                                                         _005_ (net)
                      0.061660    0.000000    4.169146 ^ _107_/RESET_B (sg13g2_dfrbpq_1)
                                              4.169146   data arrival time

                      0.150000   20.000000   20.000000   clock clk (rise edge)
                                  0.000000   20.000000   clock network delay (ideal)
                                 -0.250000   19.750002   clock uncertainty
                                  0.000000   19.750002   clock reconvergence pessimism
                                             19.750002 ^ _107_/CLK (sg13g2_dfrbpq_1)
                                 -0.193889   19.556112   library recovery time
                                             19.556112   data required time
---------------------------------------------------------------------------------------------
                                             19.556112   data required time
                                             -4.169146   data arrival time
---------------------------------------------------------------------------------------------
                                             15.386967   slack (MET)


Startpoint: reset (input port clocked by clk)
Endpoint: _108_ (recovery check against rising-edge clock clk)
Path Group: asynchronous
Path Type: max

Fanout         Cap        Slew       Delay        Time   Description
---------------------------------------------------------------------------------------------
                      0.150000    0.000000    0.000000   clock clk (rise edge)
                                  0.000000    0.000000   clock network delay (ideal)
                                  4.000000    4.000000 v input external delay
    24    0.071298    0.109507    0.083536    4.083536 v reset (in)
                                                         reset (net)
                      0.109507    0.000000    4.083536 v _080_/A (sg13g2_inv_1)
     1    0.005312    0.061660    0.085609    4.169146 ^ _080_/Y (sg13g2_inv_1)
                                                         _006_ (net)
                      0.061660    0.000000    4.169146 ^ _108_/RESET_B (sg13g2_dfrbpq_1)
                                              4.169146   data arrival time

                      0.150000   20.000000   20.000000   clock clk (rise edge)
                                  0.000000   20.000000   clock network delay (ideal)
                                 -0.250000   19.750002   clock uncertainty
                                  0.000000   19.750002   clock reconvergence pessimism
                                             19.750002 ^ _108_/CLK (sg13g2_dfrbpq_1)
                                 -0.193889   19.556112   library recovery time
                                             19.556112   data required time
---------------------------------------------------------------------------------------------
                                             19.556112   data required time
                                             -4.169146   data arrival time
---------------------------------------------------------------------------------------------
                                             15.386967   slack (MET)


Startpoint: reset (input port clocked by clk)
Endpoint: _109_ (recovery check against rising-edge clock clk)
Path Group: asynchronous
Path Type: max

Fanout         Cap        Slew       Delay        Time   Description
---------------------------------------------------------------------------------------------
                      0.150000    0.000000    0.000000   clock clk (rise edge)
                                  0.000000    0.000000   clock network delay (ideal)
                                  4.000000    4.000000 v input external delay
    24    0.071298    0.109507    0.083536    4.083536 v reset (in)
                                                         reset (net)
                      0.109507    0.000000    4.083536 v _081_/A (sg13g2_inv_1)
     1    0.005312    0.061660    0.085609    4.169146 ^ _081_/Y (sg13g2_inv_1)
                                                         _007_ (net)
                      0.061660    0.000000    4.169146 ^ _109_/RESET_B (sg13g2_dfrbpq_1)
                                              4.169146   data arrival time

                      0.150000   20.000000   20.000000   clock clk (rise edge)
                                  0.000000   20.000000   clock network delay (ideal)
                                 -0.250000   19.750002   clock uncertainty
                                  0.000000   19.750002   clock reconvergence pessimism
                                             19.750002 ^ _109_/CLK (sg13g2_dfrbpq_1)
                                 -0.193889   19.556112   library recovery time
                                             19.556112   data required time
---------------------------------------------------------------------------------------------
                                             19.556112   data required time
                                             -4.169146   data arrival time
---------------------------------------------------------------------------------------------
                                             15.386967   slack (MET)


Startpoint: reset (input port clocked by clk)
Endpoint: _110_ (recovery check against rising-edge clock clk)
Path Group: asynchronous
Path Type: max

Fanout         Cap        Slew       Delay        Time   Description
---------------------------------------------------------------------------------------------
                      0.150000    0.000000    0.000000   clock clk (rise edge)
                                  0.000000    0.000000   clock network delay (ideal)
                                  4.000000    4.000000 v input external delay
    24    0.071298    0.109507    0.083536    4.083536 v reset (in)
                                                         reset (net)
                      0.109507    0.000000    4.083536 v _082_/A (sg13g2_inv_1)
     1    0.005312    0.061660    0.085609    4.169146 ^ _082_/Y (sg13g2_inv_1)
                                                         _008_ (net)
                      0.061660    0.000000    4.169146 ^ _110_/RESET_B (sg13g2_dfrbpq_1)
                                              4.169146   data arrival time

                      0.150000   20.000000   20.000000   clock clk (rise edge)
                                  0.000000   20.000000   clock network delay (ideal)
                                 -0.250000   19.750002   clock uncertainty
                                  0.000000   19.750002   clock reconvergence pessimism
                                             19.750002 ^ _110_/CLK (sg13g2_dfrbpq_1)
                                 -0.193889   19.556112   library recovery time
                                             19.556112   data required time
---------------------------------------------------------------------------------------------
                                             19.556112   data required time
                                             -4.169146   data arrival time
---------------------------------------------------------------------------------------------
                                             15.386967   slack (MET)


Startpoint: reset (input port clocked by clk)
Endpoint: _111_ (recovery check against rising-edge clock clk)
Path Group: asynchronous
Path Type: max

Fanout         Cap        Slew       Delay        Time   Description
---------------------------------------------------------------------------------------------
                      0.150000    0.000000    0.000000   clock clk (rise edge)
                                  0.000000    0.000000   clock network delay (ideal)
                                  4.000000    4.000000 v input external delay
    24    0.071298    0.109507    0.083536    4.083536 v reset (in)
                                                         reset (net)
                      0.109507    0.000000    4.083536 v _083_/A (sg13g2_inv_1)
     1    0.005312    0.061660    0.085609    4.169146 ^ _083_/Y (sg13g2_inv_1)
                                                         _009_ (net)
                      0.061660    0.000000    4.169146 ^ _111_/RESET_B (sg13g2_dfrbpq_1)
                                              4.169146   data arrival time

                      0.150000   20.000000   20.000000   clock clk (rise edge)
                                  0.000000   20.000000   clock network delay (ideal)
                                 -0.250000   19.750002   clock uncertainty
                                  0.000000   19.750002   clock reconvergence pessimism
                                             19.750002 ^ _111_/CLK (sg13g2_dfrbpq_1)
                                 -0.193889   19.556112   library recovery time
                                             19.556112   data required time
---------------------------------------------------------------------------------------------
                                             19.556112   data required time
                                             -4.169146   data arrival time
---------------------------------------------------------------------------------------------
                                             15.386967   slack (MET)


Startpoint: reset (input port clocked by clk)
Endpoint: _112_ (recovery check against rising-edge clock clk)
Path Group: asynchronous
Path Type: max

Fanout         Cap        Slew       Delay        Time   Description
---------------------------------------------------------------------------------------------
                      0.150000    0.000000    0.000000   clock clk (rise edge)
                                  0.000000    0.000000   clock network delay (ideal)
                                  4.000000    4.000000 v input external delay
    24    0.071298    0.109507    0.083536    4.083536 v reset (in)
                                                         reset (net)
                      0.109507    0.000000    4.083536 v _084_/A (sg13g2_inv_1)
     1    0.005312    0.061660    0.085609    4.169146 ^ _084_/Y (sg13g2_inv_1)
                                                         _010_ (net)
                      0.061660    0.000000    4.169146 ^ _112_/RESET_B (sg13g2_dfrbpq_1)
                                              4.169146   data arrival time

                      0.150000   20.000000   20.000000   clock clk (rise edge)
                                  0.000000   20.000000   clock network delay (ideal)
                                 -0.250000   19.750002   clock uncertainty
                                  0.000000   19.750002   clock reconvergence pessimism
                                             19.750002 ^ _112_/CLK (sg13g2_dfrbpq_1)
                                 -0.193889   19.556112   library recovery time
                                             19.556112   data required time
---------------------------------------------------------------------------------------------
                                             19.556112   data required time
                                             -4.169146   data arrival time
---------------------------------------------------------------------------------------------
                                             15.386967   slack (MET)


Startpoint: reset (input port clocked by clk)
Endpoint: _113_ (recovery check against rising-edge clock clk)
Path Group: asynchronous
Path Type: max

Fanout         Cap        Slew       Delay        Time   Description
---------------------------------------------------------------------------------------------
                      0.150000    0.000000    0.000000   clock clk (rise edge)
                                  0.000000    0.000000   clock network delay (ideal)
                                  4.000000    4.000000 v input external delay
    24    0.071298    0.109507    0.083536    4.083536 v reset (in)
                                                         reset (net)
                      0.109507    0.000000    4.083536 v _085_/A (sg13g2_inv_1)
     1    0.005312    0.061660    0.085609    4.169146 ^ _085_/Y (sg13g2_inv_1)
                                                         _011_ (net)
                      0.061660    0.000000    4.169146 ^ _113_/RESET_B (sg13g2_dfrbpq_1)
                                              4.169146   data arrival time

                      0.150000   20.000000   20.000000   clock clk (rise edge)
                                  0.000000   20.000000   clock network delay (ideal)
                                 -0.250000   19.750002   clock uncertainty
                                  0.000000   19.750002   clock reconvergence pessimism
                                             19.750002 ^ _113_/CLK (sg13g2_dfrbpq_1)
                                 -0.193889   19.556112   library recovery time
                                             19.556112   data required time
---------------------------------------------------------------------------------------------
                                             19.556112   data required time
                                             -4.169146   data arrival time
---------------------------------------------------------------------------------------------
                                             15.386967   slack (MET)


Startpoint: reset (input port clocked by clk)
Endpoint: _114_ (recovery check against rising-edge clock clk)
Path Group: asynchronous
Path Type: max

Fanout         Cap        Slew       Delay        Time   Description
---------------------------------------------------------------------------------------------
                      0.150000    0.000000    0.000000   clock clk (rise edge)
                                  0.000000    0.000000   clock network delay (ideal)
                                  4.000000    4.000000 v input external delay
    24    0.071298    0.109507    0.083536    4.083536 v reset (in)
                                                         reset (net)
                      0.109507    0.000000    4.083536 v _086_/A (sg13g2_inv_1)
     1    0.005312    0.061660    0.085609    4.169146 ^ _086_/Y (sg13g2_inv_1)
                                                         _012_ (net)
                      0.061660    0.000000    4.169146 ^ _114_/RESET_B (sg13g2_dfrbpq_1)
                                              4.169146   data arrival time

                      0.150000   20.000000   20.000000   clock clk (rise edge)
                                  0.000000   20.000000   clock network delay (ideal)
                                 -0.250000   19.750002   clock uncertainty
                                  0.000000   19.750002   clock reconvergence pessimism
                                             19.750002 ^ _114_/CLK (sg13g2_dfrbpq_1)
                                 -0.193889   19.556112   library recovery time
                                             19.556112   data required time
---------------------------------------------------------------------------------------------
                                             19.556112   data required time
                                             -4.169146   data arrival time
---------------------------------------------------------------------------------------------
                                             15.386967   slack (MET)


Startpoint: reset (input port clocked by clk)
Endpoint: _115_ (recovery check against rising-edge clock clk)
Path Group: asynchronous
Path Type: max

Fanout         Cap        Slew       Delay        Time   Description
---------------------------------------------------------------------------------------------
                      0.150000    0.000000    0.000000   clock clk (rise edge)
                                  0.000000    0.000000   clock network delay (ideal)
                                  4.000000    4.000000 v input external delay
    24    0.071298    0.109507    0.083536    4.083536 v reset (in)
                                                         reset (net)
                      0.109507    0.000000    4.083536 v _087_/A (sg13g2_inv_1)
     1    0.005312    0.061660    0.085609    4.169146 ^ _087_/Y (sg13g2_inv_1)
                                                         _013_ (net)
                      0.061660    0.000000    4.169146 ^ _115_/RESET_B (sg13g2_dfrbpq_1)
                                              4.169146   data arrival time

                      0.150000   20.000000   20.000000   clock clk (rise edge)
                                  0.000000   20.000000   clock network delay (ideal)
                                 -0.250000   19.750002   clock uncertainty
                                  0.000000   19.750002   clock reconvergence pessimism
                                             19.750002 ^ _115_/CLK (sg13g2_dfrbpq_1)
                                 -0.193889   19.556112   library recovery time
                                             19.556112   data required time
---------------------------------------------------------------------------------------------
                                             19.556112   data required time
                                             -4.169146   data arrival time
---------------------------------------------------------------------------------------------
                                             15.386967   slack (MET)


Startpoint: reset (input port clocked by clk)
Endpoint: _116_ (recovery check against rising-edge clock clk)
Path Group: asynchronous
Path Type: max

Fanout         Cap        Slew       Delay        Time   Description
---------------------------------------------------------------------------------------------
                      0.150000    0.000000    0.000000   clock clk (rise edge)
                                  0.000000    0.000000   clock network delay (ideal)
                                  4.000000    4.000000 v input external delay
    24    0.071298    0.109507    0.083536    4.083536 v reset (in)
                                                         reset (net)
                      0.109507    0.000000    4.083536 v _088_/A (sg13g2_inv_1)
     1    0.005312    0.061660    0.085609    4.169146 ^ _088_/Y (sg13g2_inv_1)
                                                         _014_ (net)
                      0.061660    0.000000    4.169146 ^ _116_/RESET_B (sg13g2_dfrbpq_1)
                                              4.169146   data arrival time

                      0.150000   20.000000   20.000000   clock clk (rise edge)
                                  0.000000   20.000000   clock network delay (ideal)
                                 -0.250000   19.750002   clock uncertainty
                                  0.000000   19.750002   clock reconvergence pessimism
                                             19.750002 ^ _116_/CLK (sg13g2_dfrbpq_1)
                                 -0.193889   19.556112   library recovery time
                                             19.556112   data required time
---------------------------------------------------------------------------------------------
                                             19.556112   data required time
                                             -4.169146   data arrival time
---------------------------------------------------------------------------------------------
                                             15.386967   slack (MET)


Startpoint: reset (input port clocked by clk)
Endpoint: _117_ (recovery check against rising-edge clock clk)
Path Group: asynchronous
Path Type: max

Fanout         Cap        Slew       Delay        Time   Description
---------------------------------------------------------------------------------------------
                      0.150000    0.000000    0.000000   clock clk (rise edge)
                                  0.000000    0.000000   clock network delay (ideal)
                                  4.000000    4.000000 v input external delay
    24    0.071298    0.109507    0.083536    4.083536 v reset (in)
                                                         reset (net)
                      0.109507    0.000000    4.083536 v _089_/A (sg13g2_inv_1)
     1    0.005312    0.061660    0.085609    4.169146 ^ _089_/Y (sg13g2_inv_1)
                                                         _015_ (net)
                      0.061660    0.000000    4.169146 ^ _117_/RESET_B (sg13g2_dfrbpq_1)
                                              4.169146   data arrival time

                      0.150000   20.000000   20.000000   clock clk (rise edge)
                                  0.000000   20.000000   clock network delay (ideal)
                                 -0.250000   19.750002   clock uncertainty
                                  0.000000   19.750002   clock reconvergence pessimism
                                             19.750002 ^ _117_/CLK (sg13g2_dfrbpq_1)
                                 -0.193889   19.556112   library recovery time
                                             19.556112   data required time
---------------------------------------------------------------------------------------------
                                             19.556112   data required time
                                             -4.169146   data arrival time
---------------------------------------------------------------------------------------------
                                             15.386967   slack (MET)


Startpoint: reset (input port clocked by clk)
Endpoint: _118_ (recovery check against rising-edge clock clk)
Path Group: asynchronous
Path Type: max

Fanout         Cap        Slew       Delay        Time   Description
---------------------------------------------------------------------------------------------
                      0.150000    0.000000    0.000000   clock clk (rise edge)
                                  0.000000    0.000000   clock network delay (ideal)
                                  4.000000    4.000000 v input external delay
    24    0.071298    0.109507    0.083536    4.083536 v reset (in)
                                                         reset (net)
                      0.109507    0.000000    4.083536 v _090_/A (sg13g2_inv_1)
     1    0.005312    0.061660    0.085609    4.169146 ^ _090_/Y (sg13g2_inv_1)
                                                         _016_ (net)
                      0.061660    0.000000    4.169146 ^ _118_/RESET_B (sg13g2_dfrbpq_1)
                                              4.169146   data arrival time

                      0.150000   20.000000   20.000000   clock clk (rise edge)
                                  0.000000   20.000000   clock network delay (ideal)
                                 -0.250000   19.750002   clock uncertainty
                                  0.000000   19.750002   clock reconvergence pessimism
                                             19.750002 ^ _118_/CLK (sg13g2_dfrbpq_1)
                                 -0.193889   19.556112   library recovery time
                                             19.556112   data required time
---------------------------------------------------------------------------------------------
                                             19.556112   data required time
                                             -4.169146   data arrival time
---------------------------------------------------------------------------------------------
                                             15.386967   slack (MET)


Startpoint: reset (input port clocked by clk)
Endpoint: _119_ (recovery check against rising-edge clock clk)
Path Group: asynchronous
Path Type: max

Fanout         Cap        Slew       Delay        Time   Description
---------------------------------------------------------------------------------------------
                      0.150000    0.000000    0.000000   clock clk (rise edge)
                                  0.000000    0.000000   clock network delay (ideal)
                                  4.000000    4.000000 v input external delay
    24    0.071298    0.109507    0.083536    4.083536 v reset (in)
                                                         reset (net)
                      0.109507    0.000000    4.083536 v _091_/A (sg13g2_inv_1)
     1    0.005312    0.061660    0.085609    4.169146 ^ _091_/Y (sg13g2_inv_1)
                                                         _017_ (net)
                      0.061660    0.000000    4.169146 ^ _119_/RESET_B (sg13g2_dfrbpq_1)
                                              4.169146   data arrival time

                      0.150000   20.000000   20.000000   clock clk (rise edge)
                                  0.000000   20.000000   clock network delay (ideal)
                                 -0.250000   19.750002   clock uncertainty
                                  0.000000   19.750002   clock reconvergence pessimism
                                             19.750002 ^ _119_/CLK (sg13g2_dfrbpq_1)
                                 -0.193889   19.556112   library recovery time
                                             19.556112   data required time
---------------------------------------------------------------------------------------------
                                             19.556112   data required time
                                             -4.169146   data arrival time
---------------------------------------------------------------------------------------------
                                             15.386967   slack (MET)


Startpoint: reset (input port clocked by clk)
Endpoint: _120_ (recovery check against rising-edge clock clk)
Path Group: asynchronous
Path Type: max

Fanout         Cap        Slew       Delay        Time   Description
---------------------------------------------------------------------------------------------
                      0.150000    0.000000    0.000000   clock clk (rise edge)
                                  0.000000    0.000000   clock network delay (ideal)
                                  4.000000    4.000000 v input external delay
    24    0.071298    0.109507    0.083536    4.083536 v reset (in)
                                                         reset (net)
                      0.109507    0.000000    4.083536 v _092_/A (sg13g2_inv_1)
     1    0.005312    0.061660    0.085609    4.169146 ^ _092_/Y (sg13g2_inv_1)
                                                         _018_ (net)
                      0.061660    0.000000    4.169146 ^ _120_/RESET_B (sg13g2_dfrbpq_1)
                                              4.169146   data arrival time

                      0.150000   20.000000   20.000000   clock clk (rise edge)
                                  0.000000   20.000000   clock network delay (ideal)
                                 -0.250000   19.750002   clock uncertainty
                                  0.000000   19.750002   clock reconvergence pessimism
                                             19.750002 ^ _120_/CLK (sg13g2_dfrbpq_1)
                                 -0.193889   19.556112   library recovery time
                                             19.556112   data required time
---------------------------------------------------------------------------------------------
                                             19.556112   data required time
                                             -4.169146   data arrival time
---------------------------------------------------------------------------------------------
                                             15.386967   slack (MET)


Startpoint: reset (input port clocked by clk)
Endpoint: _121_ (recovery check against rising-edge clock clk)
Path Group: asynchronous
Path Type: max

Fanout         Cap        Slew       Delay        Time   Description
---------------------------------------------------------------------------------------------
                      0.150000    0.000000    0.000000   clock clk (rise edge)
                                  0.000000    0.000000   clock network delay (ideal)
                                  4.000000    4.000000 v input external delay
    24    0.071298    0.109507    0.083536    4.083536 v reset (in)
                                                         reset (net)
                      0.109507    0.000000    4.083536 v _093_/A (sg13g2_inv_1)
     1    0.005312    0.061660    0.085609    4.169146 ^ _093_/Y (sg13g2_inv_1)
                                                         _019_ (net)
                      0.061660    0.000000    4.169146 ^ _121_/RESET_B (sg13g2_dfrbpq_1)
                                              4.169146   data arrival time

                      0.150000   20.000000   20.000000   clock clk (rise edge)
                                  0.000000   20.000000   clock network delay (ideal)
                                 -0.250000   19.750002   clock uncertainty
                                  0.000000   19.750002   clock reconvergence pessimism
                                             19.750002 ^ _121_/CLK (sg13g2_dfrbpq_1)
                                 -0.193889   19.556112   library recovery time
                                             19.556112   data required time
---------------------------------------------------------------------------------------------
                                             19.556112   data required time
                                             -4.169146   data arrival time
---------------------------------------------------------------------------------------------
                                             15.386967   slack (MET)


Startpoint: _120_ (rising edge-triggered flip-flop clocked by clk)
Endpoint: dout[0] (output port clocked by clk)
Path Group: clk
Path Type: max

Fanout         Cap        Slew       Delay        Time   Description
---------------------------------------------------------------------------------------------
                      0.150000    0.000000    0.000000   clock clk (rise edge)
                                  0.000000    0.000000   clock network delay (ideal)
                      0.150000    0.000000    0.000000 ^ _120_/CLK (sg13g2_dfrbpq_1)
     2    0.008848    0.073093    0.362273    0.362273 ^ _120_/Q (sg13g2_dfrbpq_1)
                                                         dout[0] (net)
                      0.073093    0.000000    0.362273 ^ dout[0] (out)
                                              0.362273   data arrival time

                      0.150000   20.000000   20.000000   clock clk (rise edge)
                                  0.000000   20.000000   clock network delay (ideal)
                                 -0.250000   19.750002   clock uncertainty
                                  0.000000   19.750002   clock reconvergence pessimism
                                 -4.000000   15.750001   output external delay
                                             15.750001   data required time
---------------------------------------------------------------------------------------------
                                             15.750001   data required time
                                             -0.362273   data arrival time
---------------------------------------------------------------------------------------------
                                             15.387729   slack (MET)


Startpoint: _106_ (rising edge-triggered flip-flop clocked by clk)
Endpoint: dout[10] (output port clocked by clk)
Path Group: clk
Path Type: max

Fanout         Cap        Slew       Delay        Time   Description
---------------------------------------------------------------------------------------------
                      0.150000    0.000000    0.000000   clock clk (rise edge)
                                  0.000000    0.000000   clock network delay (ideal)
                      0.150000    0.000000    0.000000 ^ _106_/CLK (sg13g2_dfrbpq_1)
     2    0.008848    0.073093    0.362273    0.362273 ^ _106_/Q (sg13g2_dfrbpq_1)
                                                         dout[10] (net)
                      0.073093    0.000000    0.362273 ^ dout[10] (out)
                                              0.362273   data arrival time

                      0.150000   20.000000   20.000000   clock clk (rise edge)
                                  0.000000   20.000000   clock network delay (ideal)
                                 -0.250000   19.750002   clock uncertainty
                                  0.000000   19.750002   clock reconvergence pessimism
                                 -4.000000   15.750001   output external delay
                                             15.750001   data required time
---------------------------------------------------------------------------------------------
                                             15.750001   data required time
                                             -0.362273   data arrival time
---------------------------------------------------------------------------------------------
                                             15.387729   slack (MET)


Startpoint: _107_ (rising edge-triggered flip-flop clocked by clk)
Endpoint: dout[11] (output port clocked by clk)
Path Group: clk
Path Type: max

Fanout         Cap        Slew       Delay        Time   Description
---------------------------------------------------------------------------------------------
                      0.150000    0.000000    0.000000   clock clk (rise edge)
                                  0.000000    0.000000   clock network delay (ideal)
                      0.150000    0.000000    0.000000 ^ _107_/CLK (sg13g2_dfrbpq_1)
     2    0.008848    0.073093    0.362273    0.362273 ^ _107_/Q (sg13g2_dfrbpq_1)
                                                         dout[11] (net)
                      0.073093    0.000000    0.362273 ^ dout[11] (out)
                                              0.362273   data arrival time

                      0.150000   20.000000   20.000000   clock clk (rise edge)
                                  0.000000   20.000000   clock network delay (ideal)
                                 -0.250000   19.750002   clock uncertainty
                                  0.000000   19.750002   clock reconvergence pessimism
                                 -4.000000   15.750001   output external delay
                                             15.750001   data required time
---------------------------------------------------------------------------------------------
                                             15.750001   data required time
                                             -0.362273   data arrival time
---------------------------------------------------------------------------------------------
                                             15.387729   slack (MET)


Startpoint: _121_ (rising edge-triggered flip-flop clocked by clk)
Endpoint: dout[1] (output port clocked by clk)
Path Group: clk
Path Type: max

Fanout         Cap        Slew       Delay        Time   Description
---------------------------------------------------------------------------------------------
                      0.150000    0.000000    0.000000   clock clk (rise edge)
                                  0.000000    0.000000   clock network delay (ideal)
                      0.150000    0.000000    0.000000 ^ _121_/CLK (sg13g2_dfrbpq_1)
     2    0.008848    0.073093    0.362273    0.362273 ^ _121_/Q (sg13g2_dfrbpq_1)
                                                         dout[1] (net)
                      0.073093    0.000000    0.362273 ^ dout[1] (out)
                                              0.362273   data arrival time

                      0.150000   20.000000   20.000000   clock clk (rise edge)
                                  0.000000   20.000000   clock network delay (ideal)
                                 -0.250000   19.750002   clock uncertainty
                                  0.000000   19.750002   clock reconvergence pessimism
                                 -4.000000   15.750001   output external delay
                                             15.750001   data required time
---------------------------------------------------------------------------------------------
                                             15.750001   data required time
                                             -0.362273   data arrival time
---------------------------------------------------------------------------------------------
                                             15.387729   slack (MET)


Startpoint: _098_ (rising edge-triggered flip-flop clocked by clk)
Endpoint: dout[2] (output port clocked by clk)
Path Group: clk
Path Type: max

Fanout         Cap        Slew       Delay        Time   Description
---------------------------------------------------------------------------------------------
                      0.150000    0.000000    0.000000   clock clk (rise edge)
                                  0.000000    0.000000   clock network delay (ideal)
                      0.150000    0.000000    0.000000 ^ _098_/CLK (sg13g2_dfrbpq_1)
     2    0.008848    0.073093    0.362273    0.362273 ^ _098_/Q (sg13g2_dfrbpq_1)
                                                         dout[2] (net)
                      0.073093    0.000000    0.362273 ^ dout[2] (out)
                                              0.362273   data arrival time

                      0.150000   20.000000   20.000000   clock clk (rise edge)
                                  0.000000   20.000000   clock network delay (ideal)
                                 -0.250000   19.750002   clock uncertainty
                                  0.000000   19.750002   clock reconvergence pessimism
                                 -4.000000   15.750001   output external delay
                                             15.750001   data required time
---------------------------------------------------------------------------------------------
                                             15.750001   data required time
                                             -0.362273   data arrival time
---------------------------------------------------------------------------------------------
                                             15.387729   slack (MET)


Startpoint: _099_ (rising edge-triggered flip-flop clocked by clk)
Endpoint: dout[3] (output port clocked by clk)
Path Group: clk
Path Type: max

Fanout         Cap        Slew       Delay        Time   Description
---------------------------------------------------------------------------------------------
                      0.150000    0.000000    0.000000   clock clk (rise edge)
                                  0.000000    0.000000   clock network delay (ideal)
                      0.150000    0.000000    0.000000 ^ _099_/CLK (sg13g2_dfrbpq_1)
     2    0.008848    0.073093    0.362273    0.362273 ^ _099_/Q (sg13g2_dfrbpq_1)
                                                         dout[3] (net)
                      0.073093    0.000000    0.362273 ^ dout[3] (out)
                                              0.362273   data arrival time

                      0.150000   20.000000   20.000000   clock clk (rise edge)
                                  0.000000   20.000000   clock network delay (ideal)
                                 -0.250000   19.750002   clock uncertainty
                                  0.000000   19.750002   clock reconvergence pessimism
                                 -4.000000   15.750001   output external delay
                                             15.750001   data required time
---------------------------------------------------------------------------------------------
                                             15.750001   data required time
                                             -0.362273   data arrival time
---------------------------------------------------------------------------------------------
                                             15.387729   slack (MET)


Startpoint: _100_ (rising edge-triggered flip-flop clocked by clk)
Endpoint: dout[4] (output port clocked by clk)
Path Group: clk
Path Type: max

Fanout         Cap        Slew       Delay        Time   Description
---------------------------------------------------------------------------------------------
                      0.150000    0.000000    0.000000   clock clk (rise edge)
                                  0.000000    0.000000   clock network delay (ideal)
                      0.150000    0.000000    0.000000 ^ _100_/CLK (sg13g2_dfrbpq_1)
     2    0.008848    0.073093    0.362273    0.362273 ^ _100_/Q (sg13g2_dfrbpq_1)
                                                         dout[4] (net)
                      0.073093    0.000000    0.362273 ^ dout[4] (out)
                                              0.362273   data arrival time

                      0.150000   20.000000   20.000000   clock clk (rise edge)
                                  0.000000   20.000000   clock network delay (ideal)
                                 -0.250000   19.750002   clock uncertainty
                                  0.000000   19.750002   clock reconvergence pessimism
                                 -4.000000   15.750001   output external delay
                                             15.750001   data required time
---------------------------------------------------------------------------------------------
                                             15.750001   data required time
                                             -0.362273   data arrival time
---------------------------------------------------------------------------------------------
                                             15.387729   slack (MET)


Startpoint: _101_ (rising edge-triggered flip-flop clocked by clk)
Endpoint: dout[5] (output port clocked by clk)
Path Group: clk
Path Type: max

Fanout         Cap        Slew       Delay        Time   Description
---------------------------------------------------------------------------------------------
                      0.150000    0.000000    0.000000   clock clk (rise edge)
                                  0.000000    0.000000   clock network delay (ideal)
                      0.150000    0.000000    0.000000 ^ _101_/CLK (sg13g2_dfrbpq_1)
     2    0.008848    0.073093    0.362273    0.362273 ^ _101_/Q (sg13g2_dfrbpq_1)
                                                         dout[5] (net)
                      0.073093    0.000000    0.362273 ^ dout[5] (out)
                                              0.362273   data arrival time

                      0.150000   20.000000   20.000000   clock clk (rise edge)
                                  0.000000   20.000000   clock network delay (ideal)
                                 -0.250000   19.750002   clock uncertainty
                                  0.000000   19.750002   clock reconvergence pessimism
                                 -4.000000   15.750001   output external delay
                                             15.750001   data required time
---------------------------------------------------------------------------------------------
                                             15.750001   data required time
                                             -0.362273   data arrival time
---------------------------------------------------------------------------------------------
                                             15.387729   slack (MET)


Startpoint: _102_ (rising edge-triggered flip-flop clocked by clk)
Endpoint: dout[6] (output port clocked by clk)
Path Group: clk
Path Type: max

Fanout         Cap        Slew       Delay        Time   Description
---------------------------------------------------------------------------------------------
                      0.150000    0.000000    0.000000   clock clk (rise edge)
                                  0.000000    0.000000   clock network delay (ideal)
                      0.150000    0.000000    0.000000 ^ _102_/CLK (sg13g2_dfrbpq_1)
     2    0.008848    0.073093    0.362273    0.362273 ^ _102_/Q (sg13g2_dfrbpq_1)
                                                         dout[6] (net)
                      0.073093    0.000000    0.362273 ^ dout[6] (out)
                                              0.362273   data arrival time

                      0.150000   20.000000   20.000000   clock clk (rise edge)
                                  0.000000   20.000000   clock network delay (ideal)
                                 -0.250000   19.750002   clock uncertainty
                                  0.000000   19.750002   clock reconvergence pessimism
                                 -4.000000   15.750001   output external delay
                                             15.750001   data required time
---------------------------------------------------------------------------------------------
                                             15.750001   data required time
                                             -0.362273   data arrival time
---------------------------------------------------------------------------------------------
                                             15.387729   slack (MET)


Startpoint: _103_ (rising edge-triggered flip-flop clocked by clk)
Endpoint: dout[7] (output port clocked by clk)
Path Group: clk
Path Type: max

Fanout         Cap        Slew       Delay        Time   Description
---------------------------------------------------------------------------------------------
                      0.150000    0.000000    0.000000   clock clk (rise edge)
                                  0.000000    0.000000   clock network delay (ideal)
                      0.150000    0.000000    0.000000 ^ _103_/CLK (sg13g2_dfrbpq_1)
     2    0.008848    0.073093    0.362273    0.362273 ^ _103_/Q (sg13g2_dfrbpq_1)
                                                         dout[7] (net)
                      0.073093    0.000000    0.362273 ^ dout[7] (out)
                                              0.362273   data arrival time

                      0.150000   20.000000   20.000000   clock clk (rise edge)
                                  0.000000   20.000000   clock network delay (ideal)
                                 -0.250000   19.750002   clock uncertainty
                                  0.000000   19.750002   clock reconvergence pessimism
                                 -4.000000   15.750001   output external delay
                                             15.750001   data required time
---------------------------------------------------------------------------------------------
                                             15.750001   data required time
                                             -0.362273   data arrival time
---------------------------------------------------------------------------------------------
                                             15.387729   slack (MET)


Startpoint: _104_ (rising edge-triggered flip-flop clocked by clk)
Endpoint: dout[8] (output port clocked by clk)
Path Group: clk
Path Type: max

Fanout         Cap        Slew       Delay        Time   Description
---------------------------------------------------------------------------------------------
                      0.150000    0.000000    0.000000   clock clk (rise edge)
                                  0.000000    0.000000   clock network delay (ideal)
                      0.150000    0.000000    0.000000 ^ _104_/CLK (sg13g2_dfrbpq_1)
     2    0.008848    0.073093    0.362273    0.362273 ^ _104_/Q (sg13g2_dfrbpq_1)
                                                         dout[8] (net)
                      0.073093    0.000000    0.362273 ^ dout[8] (out)
                                              0.362273   data arrival time

                      0.150000   20.000000   20.000000   clock clk (rise edge)
                                  0.000000   20.000000   clock network delay (ideal)
                                 -0.250000   19.750002   clock uncertainty
                                  0.000000   19.750002   clock reconvergence pessimism
                                 -4.000000   15.750001   output external delay
                                             15.750001   data required time
---------------------------------------------------------------------------------------------
                                             15.750001   data required time
                                             -0.362273   data arrival time
---------------------------------------------------------------------------------------------
                                             15.387729   slack (MET)


Startpoint: _105_ (rising edge-triggered flip-flop clocked by clk)
Endpoint: dout[9] (output port clocked by clk)
Path Group: clk
Path Type: max

Fanout         Cap        Slew       Delay        Time   Description
---------------------------------------------------------------------------------------------
                      0.150000    0.000000    0.000000   clock clk (rise edge)
                                  0.000000    0.000000   clock network delay (ideal)
                      0.150000    0.000000    0.000000 ^ _105_/CLK (sg13g2_dfrbpq_1)
     2    0.008848    0.073093    0.362273    0.362273 ^ _105_/Q (sg13g2_dfrbpq_1)
                                                         dout[9] (net)
                      0.073093    0.000000    0.362273 ^ dout[9] (out)
                                              0.362273   data arrival time

                      0.150000   20.000000   20.000000   clock clk (rise edge)
                                  0.000000   20.000000   clock network delay (ideal)
                                 -0.250000   19.750002   clock uncertainty
                                  0.000000   19.750002   clock reconvergence pessimism
                                 -4.000000   15.750001   output external delay
                                             15.750001   data required time
---------------------------------------------------------------------------------------------
                                             15.750001   data required time
                                             -0.362273   data arrival time
---------------------------------------------------------------------------------------------
                                             15.387729   slack (MET)



%OL_END_REPORT
%OL_CREATE_REPORT checks.rpt

===========================================================================
report_checks -unconstrained
===========================================================================
======================= nom_slow_1p08V_125C Corner ===================================

Startpoint: reset (input port clocked by clk)
Endpoint: _098_ (recovery check against rising-edge clock clk)
Path Group: asynchronous
Path Type: max

Fanout         Cap        Slew       Delay        Time   Description
---------------------------------------------------------------------------------------------
                      0.150000    0.000000    0.000000   clock clk (rise edge)
                                  0.000000    0.000000   clock network delay (ideal)
                                  4.000000    4.000000 v input external delay
    24    0.071298    0.109507    0.083536    4.083536 v reset (in)
                                                         reset (net)
                      0.109507    0.000000    4.083536 v _094_/A (sg13g2_inv_1)
     1    0.005312    0.061660    0.085609    4.169146 ^ _094_/Y (sg13g2_inv_1)
                                                         _020_ (net)
                      0.061660    0.000000    4.169146 ^ _098_/RESET_B (sg13g2_dfrbpq_1)
                                              4.169146   data arrival time

                      0.150000   20.000000   20.000000   clock clk (rise edge)
                                  0.000000   20.000000   clock network delay (ideal)
                                 -0.250000   19.750002   clock uncertainty
                                  0.000000   19.750002   clock reconvergence pessimism
                                             19.750002 ^ _098_/CLK (sg13g2_dfrbpq_1)
                                 -0.193889   19.556112   library recovery time
                                             19.556112   data required time
---------------------------------------------------------------------------------------------
                                             19.556112   data required time
                                             -4.169146   data arrival time
---------------------------------------------------------------------------------------------
                                             15.386967   slack (MET)


Startpoint: done_in (input port clocked by clk)
Endpoint: _108_ (rising edge-triggered flip-flop clocked by clk)
Path Group: clk
Path Type: max

Fanout         Cap        Slew       Delay        Time   Description
---------------------------------------------------------------------------------------------
                      0.150000    0.000000    0.000000   clock clk (rise edge)
                                  0.000000    0.000000   clock network delay (ideal)
                                  4.000000    4.000000 v input external delay
    13    0.068143    0.105721    0.079839    4.079839 v done_in (in)
                                                         done_in (net)
                      0.105721    0.000000    4.079839 v _056_/A (sg13g2_nor2b_1)
    12    0.067043    0.865593    0.730357    4.810196 ^ _056_/Y (sg13g2_nor2b_1)
                                                         _048_ (net)
                      0.865593    0.000000    4.810196 ^ _068_/S (sg13g2_mux2_1)
     1    0.001692    0.057353    0.451976    5.262173 v _068_/X (sg13g2_mux2_1)
                                                         _030_ (net)
                      0.057353    0.000000    5.262173 v _108_/D (sg13g2_dfrbpq_1)
                                              5.262173   data arrival time

                      0.150000   20.000000   20.000000   clock clk (rise edge)
                                  0.000000   20.000000   clock network delay (ideal)
                                 -0.250000   19.750002   clock uncertainty
                                  0.000000   19.750002   clock reconvergence pessimism
                                             19.750002 ^ _108_/CLK (sg13g2_dfrbpq_1)
                                 -0.151002   19.598999   library setup time
                                             19.598999   data required time
---------------------------------------------------------------------------------------------
                                             19.598999   data required time
                                             -5.262173   data arrival time
---------------------------------------------------------------------------------------------
                                             14.336825   slack (MET)




===========================================================================
report_checks --slack_max -0.01
============================================================================
======================= nom_slow_1p08V_125C Corner ===================================

No paths found.


===========================================================================
 report_check_types -max_slew -max_cap -max_fanout -violators
============================================================================
======================= nom_slow_1p08V_125C Corner ===================================

max fanout

Pin                                   Limit Fanout  Slack
---------------------------------------------------------
reset                                     8     24    -16 (VIOLATED)
done_in                                   8     13     -5 (VIOLATED)
_056_/Y                                   8     12     -4 (VIOLATED)



===========================================================================
report_parasitic_annotation -report_unannotated
============================================================================
Found 80 unannotated drivers.
 VDD
 VSS
 clk
 data_in
 done_in
 reset
 shift_in
 _049_/Y
 _050_/X
 _051_/X
 _052_/X
 _053_/X
 _054_/X
 _055_/X
 _056_/Y
 _057_/X
 _058_/X
 _059_/X
 _060_/X
 _061_/X
 _062_/X
 _063_/X
 _064_/X
 _065_/X
 _066_/X
 _067_/X
 _068_/X
 _069_/X
 _070_/X
 _071_/X
 _072_/X
 _073_/X
 _074_/X
 _075_/Y
 _076_/Y
 _077_/Y
 _078_/Y
 _079_/Y
 _080_/Y
 _081_/Y
 _082_/Y
 _083_/Y
 _084_/Y
 _085_/Y
 _086_/Y
 _087_/Y
 _088_/Y
 _089_/Y
 _090_/Y
 _091_/Y
 _092_/Y
 _093_/Y
 _094_/Y
 _095_/Y
 _096_/Y
 _097_/Y
 _098_/Q
 _099_/Q
 _100_/Q
 _101_/Q
 _102_/Q
 _103_/Q
 _104_/Q
 _105_/Q
 _106_/Q
 _107_/Q
 _108_/Q
 _109_/Q
 _110_/Q
 _111_/Q
 _112_/Q
 _113_/Q
 _114_/Q
 _115_/Q
 _116_/Q
 _117_/Q
 _118_/Q
 _119_/Q
 _120_/Q
 _121_/Q
Found 0 partially unannotated drivers.

===========================================================================
max slew violation count 0
%OL_METRIC_I design__max_slew_violation__count__corner:nom_slow_1p08V_125C 0
max fanout violation count 3
%OL_METRIC_I design__max_fanout_violation__count__corner:nom_slow_1p08V_125C 3
max cap violation count 0
%OL_METRIC_I design__max_cap_violation__count__corner:nom_slow_1p08V_125C 0
============================================================================

===========================================================================
check_setup -verbose -unconstrained_endpoints -multiple_clock -no_clock -no_input_delay -loops -generated_clocks
===========================================================================
%OL_END_REPORT
%OL_CREATE_REPORT power.rpt

===========================================================================
 report_power
============================================================================
======================= nom_slow_1p08V_125C Corner ===================================

Group                    Internal    Switching      Leakage        Total
                            Power        Power        Power        Power (Watts)
------------------------------------------------------------------------
Sequential           7.373218e-05 5.353269e-06 5.722013e-08 7.914266e-05  89.1%
Combinational        8.018206e-06 1.651272e-06 3.255373e-08 9.702032e-06  10.9%
Clock                0.000000e+00 0.000000e+00 0.000000e+00 0.000000e+00   0.0%
Macro                0.000000e+00 0.000000e+00 0.000000e+00 0.000000e+00   0.0%
Pad                  0.000000e+00 0.000000e+00 0.000000e+00 0.000000e+00   0.0%
------------------------------------------------------------------------
Total                8.175038e-05 7.004540e-06 8.977385e-08 8.884470e-05 100.0%
                            92.0%         7.9%         0.1%
%OL_METRIC_F power__internal__total 8.175038237823173e-5
%OL_METRIC_F power__switching__total 7.004539838817436e-6
%OL_METRIC_F power__leakage__total 8.977384879926831e-8
%OL_METRIC_F power__total 8.884469571057707e-5

%OL_END_REPORT
%OL_CREATE_REPORT skew.min.rpt

===========================================================================
Clock Skew (Hold)
============================================================================
%OL_METRIC_F clock__skew__worst_hold__corner:nom_slow_1p08V_125C -0.2702312339274396
======================= nom_slow_1p08V_125C Corner ===================================

Clock clk
0.074529 source latency _098_/CLK ^
-0.094760 target latency _098_/CLK ^
-0.250000 clock uncertainty
0.000000 CRPR
--------------
-0.270231 hold skew

%OL_END_REPORT
%OL_CREATE_REPORT skew.max.rpt

===========================================================================
Clock Skew (Setup)
============================================================================
%OL_METRIC_F clock__skew__worst_setup__corner:nom_slow_1p08V_125C 0.2702312339274396
======================= nom_slow_1p08V_125C Corner ===================================

Clock clk
0.094760 source latency _098_/CLK ^
-0.074529 target latency _098_/CLK ^
0.250000 clock uncertainty
0.000000 CRPR
--------------
0.270231 setup skew

%OL_END_REPORT
%OL_CREATE_REPORT ws.min.rpt

===========================================================================
Worst Slack (Hold)
============================================================================
%OL_METRIC_F timing__hold__ws__corner:nom_slow_1p08V_125C 0.22972029095837673
nom_slow_1p08V_125C: 0.22972029095837673
%OL_END_REPORT
%OL_CREATE_REPORT ws.max.rpt

===========================================================================
Worst Slack (Setup)
============================================================================
%OL_METRIC_F timing__setup__ws__corner:nom_slow_1p08V_125C 14.336825465941187
nom_slow_1p08V_125C: 14.336825465941187
%OL_END_REPORT
%OL_CREATE_REPORT tns.min.rpt

===========================================================================
Total Negative Slack (Hold)
============================================================================
%OL_METRIC_F timing__hold__tns__corner:nom_slow_1p08V_125C 0.0
nom_slow_1p08V_125C: 0.0
%OL_END_REPORT
%OL_CREATE_REPORT tns.max.rpt

===========================================================================
Total Negative Slack (Setup)
============================================================================
%OL_METRIC_F timing__setup__tns__corner:nom_slow_1p08V_125C 0.0
nom_slow_1p08V_125C: 0.0
%OL_END_REPORT
%OL_CREATE_REPORT wns.min.rpt

===========================================================================
Worst Negative Slack (Hold)
============================================================================
%OL_METRIC_F timing__hold__wns__corner:nom_slow_1p08V_125C 0
nom_slow_1p08V_125C: 0
%OL_END_REPORT
%OL_CREATE_REPORT wns.max.rpt

===========================================================================
Worst Negative Slack (Setup)
============================================================================
%OL_METRIC_F timing__setup__wns__corner:nom_slow_1p08V_125C 0.0
nom_slow_1p08V_125C: 0.0
%OL_END_REPORT
%OL_CREATE_REPORT violator_list.rpt

===========================================================================
Violator List
============================================================================
%OL_METRIC_I timing__hold_vio__count__corner:nom_slow_1p08V_125C 0
%OL_METRIC_F timing__hold_r2r__ws__corner:nom_slow_1p08V_125C 0.229720
%OL_METRIC_I timing__hold_r2r_vio__count__corner:nom_slow_1p08V_125C 0
%OL_METRIC_I timing__setup_vio__count__corner:nom_slow_1p08V_125C 0
%OL_METRIC_F timing__setup_r2r__ws__corner:nom_slow_1p08V_125C inf
%OL_METRIC_I timing__setup_r2r_vio__count__corner:nom_slow_1p08V_125C 0
%OL_END_REPORT
%OL_CREATE_REPORT unpropagated.rpt
clk
%OL_END_REPORT
%OL_CREATE_REPORT clock.rpt
Clock: clk
Sources: clk 
Generated: no
Virtual: no
Propagated: no
Period: 20.000000

===========================================================================
report_clock_properties
============================================================================
Clock                   Period          Waveform
----------------------------------------------------
clk                  20.000000    0.000000 10.000000

===========================================================================
report_clock_latency
============================================================================
Clock clk
rise -> rise
    min     max
0.000000 0.000000 source latency
0.074529         network latency _098_/CLK
        0.094760 network latency _098_/CLK
---------------
0.074529 0.094760 latency
        0.020231 skew

fall -> fall
    min     max
0.000000 0.000000 source latency
0.059921         network latency _098_/CLK
        0.080131 network latency _098_/CLK
---------------
0.059921 0.080131 latency
        0.020211 skew



===========================================================================
report_clock_min_period
============================================================================
clk period_min = 0.00 fmax = inf
%OL_END_REPORT
Writing SDF files for all corners…
