
===========================================================================
report_checks -path_delay min (Hold)
============================================================================
======================= nom_fast_1p32V_m40C Corner ===================================

Startpoint: _119_ (rising edge-triggered flip-flop clocked by clk)
Endpoint: _107_ (rising edge-triggered flip-flop clocked by clk)
Path Group: clk
Path Type: min

Fanout         Cap        Slew       Delay        Time   Description
---------------------------------------------------------------------------------------------
                      0.150000    0.000000    0.000000   clock clk (rise edge)
                                  0.000000    0.000000   clock network delay (ideal)
                      0.150000    0.000000    0.000000 ^ _119_/CLK (sg13g2_dfrbpq_1)
     2    0.005272    0.018430    0.147462    0.147462 v _119_/Q (sg13g2_dfrbpq_1)
                                                         internal_data_reg[11] (net)
                      0.018430    0.000000    0.147462 v _069_/A1 (sg13g2_mux2_1)
     1    0.001523    0.016942    0.062140    0.209602 v _069_/X (sg13g2_mux2_1)
                                                         _029_ (net)
                      0.016942    0.000000    0.209602 v _107_/D (sg13g2_dfrbpq_1)
                                              0.209602   data arrival time

                      0.150000    0.000000    0.000000   clock clk (rise edge)
                                  0.000000    0.000000   clock network delay (ideal)
                                  0.250000    0.250000   clock uncertainty
                                  0.000000    0.250000   clock reconvergence pessimism
                                              0.250000 ^ _107_/CLK (sg13g2_dfrbpq_1)
                                 -0.000721    0.249279   library hold time
                                              0.249279   data required time
---------------------------------------------------------------------------------------------
                                              0.249279   data required time
                                             -0.209602   data arrival time
---------------------------------------------------------------------------------------------
                                             -0.039677   slack (VIOLATED)


Startpoint: _119_ (rising edge-triggered flip-flop clocked by clk)
Endpoint: _119_ (rising edge-triggered flip-flop clocked by clk)
Path Group: clk
Path Type: min

Fanout         Cap        Slew       Delay        Time   Description
---------------------------------------------------------------------------------------------
                      0.150000    0.000000    0.000000   clock clk (rise edge)
                                  0.000000    0.000000   clock network delay (ideal)
                      0.150000    0.000000    0.000000 ^ _119_/CLK (sg13g2_dfrbpq_1)
     2    0.005272    0.018430    0.147462    0.147462 v _119_/Q (sg13g2_dfrbpq_1)
                                                         internal_data_reg[11] (net)
                      0.018430    0.000000    0.147462 v _057_/A0 (sg13g2_mux2_1)
     1    0.001523    0.017097    0.062334    0.209796 v _057_/X (sg13g2_mux2_1)
                                                         _041_ (net)
                      0.017097    0.000000    0.209796 v _119_/D (sg13g2_dfrbpq_1)
                                              0.209796   data arrival time

                      0.150000    0.000000    0.000000   clock clk (rise edge)
                                  0.000000    0.000000   clock network delay (ideal)
                                  0.250000    0.250000   clock uncertainty
                                  0.000000    0.250000   clock reconvergence pessimism
                                              0.250000 ^ _119_/CLK (sg13g2_dfrbpq_1)
                                 -0.000757    0.249243   library hold time
                                              0.249243   data required time
---------------------------------------------------------------------------------------------
                                              0.249243   data required time
                                             -0.209796   data arrival time
---------------------------------------------------------------------------------------------
                                             -0.039447   slack (VIOLATED)


Startpoint: _110_ (rising edge-triggered flip-flop clocked by clk)
Endpoint: _098_ (rising edge-triggered flip-flop clocked by clk)
Path Group: clk
Path Type: min

Fanout         Cap        Slew       Delay        Time   Description
---------------------------------------------------------------------------------------------
                      0.150000    0.000000    0.000000   clock clk (rise edge)
                                  0.000000    0.000000   clock network delay (ideal)
                      0.150000    0.000000    0.000000 ^ _110_/CLK (sg13g2_dfrbpq_1)
     3    0.007961    0.023701    0.151685    0.151685 v _110_/Q (sg13g2_dfrbpq_1)
                                                         internal_data_reg[2] (net)
                      0.023701    0.000000    0.151685 v _053_/A1 (sg13g2_mux2_1)
     1    0.001523    0.016942    0.063849    0.215534 v _053_/X (sg13g2_mux2_1)
                                                         _044_ (net)
                      0.016942    0.000000    0.215534 v _098_/D (sg13g2_dfrbpq_1)
                                              0.215534   data arrival time

                      0.150000    0.000000    0.000000   clock clk (rise edge)
                                  0.000000    0.000000   clock network delay (ideal)
                                  0.250000    0.250000   clock uncertainty
                                  0.000000    0.250000   clock reconvergence pessimism
                                              0.250000 ^ _098_/CLK (sg13g2_dfrbpq_1)
                                 -0.000721    0.249279   library hold time
                                              0.249279   data required time
---------------------------------------------------------------------------------------------
                                              0.249279   data required time
                                             -0.215534   data arrival time
---------------------------------------------------------------------------------------------
                                             -0.033745   slack (VIOLATED)


Startpoint: _111_ (rising edge-triggered flip-flop clocked by clk)
Endpoint: _099_ (rising edge-triggered flip-flop clocked by clk)
Path Group: clk
Path Type: min

Fanout         Cap        Slew       Delay        Time   Description
---------------------------------------------------------------------------------------------
                      0.150000    0.000000    0.000000   clock clk (rise edge)
                                  0.000000    0.000000   clock network delay (ideal)
                      0.150000    0.000000    0.000000 ^ _111_/CLK (sg13g2_dfrbpq_1)
     3    0.007961    0.023701    0.151685    0.151685 v _111_/Q (sg13g2_dfrbpq_1)
                                                         internal_data_reg[3] (net)
                      0.023701    0.000000    0.151685 v _052_/A1 (sg13g2_mux2_1)
     1    0.001523    0.016942    0.063849    0.215534 v _052_/X (sg13g2_mux2_1)
                                                         _045_ (net)
                      0.016942    0.000000    0.215534 v _099_/D (sg13g2_dfrbpq_1)
                                              0.215534   data arrival time

                      0.150000    0.000000    0.000000   clock clk (rise edge)
                                  0.000000    0.000000   clock network delay (ideal)
                                  0.250000    0.250000   clock uncertainty
                                  0.000000    0.250000   clock reconvergence pessimism
                                              0.250000 ^ _099_/CLK (sg13g2_dfrbpq_1)
                                 -0.000721    0.249279   library hold time
                                              0.249279   data required time
---------------------------------------------------------------------------------------------
                                              0.249279   data required time
                                             -0.215534   data arrival time
---------------------------------------------------------------------------------------------
                                             -0.033745   slack (VIOLATED)


Startpoint: _112_ (rising edge-triggered flip-flop clocked by clk)
Endpoint: _100_ (rising edge-triggered flip-flop clocked by clk)
Path Group: clk
Path Type: min

Fanout         Cap        Slew       Delay        Time   Description
---------------------------------------------------------------------------------------------
                      0.150000    0.000000    0.000000   clock clk (rise edge)
                                  0.000000    0.000000   clock network delay (ideal)
                      0.150000    0.000000    0.000000 ^ _112_/CLK (sg13g2_dfrbpq_1)
     3    0.007961    0.023701    0.151685    0.151685 v _112_/Q (sg13g2_dfrbpq_1)
                                                         internal_data_reg[4] (net)
                      0.023701    0.000000    0.151685 v _051_/A1 (sg13g2_mux2_1)
     1    0.001523    0.016942    0.063849    0.215534 v _051_/X (sg13g2_mux2_1)
                                                         _046_ (net)
                      0.016942    0.000000    0.215534 v _100_/D (sg13g2_dfrbpq_1)
                                              0.215534   data arrival time

                      0.150000    0.000000    0.000000   clock clk (rise edge)
                                  0.000000    0.000000   clock network delay (ideal)
                                  0.250000    0.250000   clock uncertainty
                                  0.000000    0.250000   clock reconvergence pessimism
                                              0.250000 ^ _100_/CLK (sg13g2_dfrbpq_1)
                                 -0.000721    0.249279   library hold time
                                              0.249279   data required time
---------------------------------------------------------------------------------------------
                                              0.249279   data required time
                                             -0.215534   data arrival time
---------------------------------------------------------------------------------------------
                                             -0.033745   slack (VIOLATED)


Startpoint: _113_ (rising edge-triggered flip-flop clocked by clk)
Endpoint: _101_ (rising edge-triggered flip-flop clocked by clk)
Path Group: clk
Path Type: min

Fanout         Cap        Slew       Delay        Time   Description
---------------------------------------------------------------------------------------------
                      0.150000    0.000000    0.000000   clock clk (rise edge)
                                  0.000000    0.000000   clock network delay (ideal)
                      0.150000    0.000000    0.000000 ^ _113_/CLK (sg13g2_dfrbpq_1)
     3    0.007961    0.023701    0.151685    0.151685 v _113_/Q (sg13g2_dfrbpq_1)
                                                         internal_data_reg[5] (net)
                      0.023701    0.000000    0.151685 v _050_/A1 (sg13g2_mux2_1)
     1    0.001523    0.016942    0.063849    0.215534 v _050_/X (sg13g2_mux2_1)
                                                         _047_ (net)
                      0.016942    0.000000    0.215534 v _101_/D (sg13g2_dfrbpq_1)
                                              0.215534   data arrival time

                      0.150000    0.000000    0.000000   clock clk (rise edge)
                                  0.000000    0.000000   clock network delay (ideal)
                                  0.250000    0.250000   clock uncertainty
                                  0.000000    0.250000   clock reconvergence pessimism
                                              0.250000 ^ _101_/CLK (sg13g2_dfrbpq_1)
                                 -0.000721    0.249279   library hold time
                                              0.249279   data required time
---------------------------------------------------------------------------------------------
                                              0.249279   data required time
                                             -0.215534   data arrival time
---------------------------------------------------------------------------------------------
                                             -0.033745   slack (VIOLATED)


Startpoint: _114_ (rising edge-triggered flip-flop clocked by clk)
Endpoint: _102_ (rising edge-triggered flip-flop clocked by clk)
Path Group: clk
Path Type: min

Fanout         Cap        Slew       Delay        Time   Description
---------------------------------------------------------------------------------------------
                      0.150000    0.000000    0.000000   clock clk (rise edge)
                                  0.000000    0.000000   clock network delay (ideal)
                      0.150000    0.000000    0.000000 ^ _114_/CLK (sg13g2_dfrbpq_1)
     3    0.007961    0.023701    0.151685    0.151685 v _114_/Q (sg13g2_dfrbpq_1)
                                                         internal_data_reg[6] (net)
                      0.023701    0.000000    0.151685 v _074_/A1 (sg13g2_mux2_1)
     1    0.001523    0.016942    0.063849    0.215534 v _074_/X (sg13g2_mux2_1)
                                                         _024_ (net)
                      0.016942    0.000000    0.215534 v _102_/D (sg13g2_dfrbpq_1)
                                              0.215534   data arrival time

                      0.150000    0.000000    0.000000   clock clk (rise edge)
                                  0.000000    0.000000   clock network delay (ideal)
                                  0.250000    0.250000   clock uncertainty
                                  0.000000    0.250000   clock reconvergence pessimism
                                              0.250000 ^ _102_/CLK (sg13g2_dfrbpq_1)
                                 -0.000721    0.249279   library hold time
                                              0.249279   data required time
---------------------------------------------------------------------------------------------
                                              0.249279   data required time
                                             -0.215534   data arrival time
---------------------------------------------------------------------------------------------
                                             -0.033745   slack (VIOLATED)


Startpoint: _115_ (rising edge-triggered flip-flop clocked by clk)
Endpoint: _103_ (rising edge-triggered flip-flop clocked by clk)
Path Group: clk
Path Type: min

Fanout         Cap        Slew       Delay        Time   Description
---------------------------------------------------------------------------------------------
                      0.150000    0.000000    0.000000   clock clk (rise edge)
                                  0.000000    0.000000   clock network delay (ideal)
                      0.150000    0.000000    0.000000 ^ _115_/CLK (sg13g2_dfrbpq_1)
     3    0.007961    0.023701    0.151685    0.151685 v _115_/Q (sg13g2_dfrbpq_1)
                                                         internal_data_reg[7] (net)
                      0.023701    0.000000    0.151685 v _073_/A1 (sg13g2_mux2_1)
     1    0.001523    0.016942    0.063849    0.215534 v _073_/X (sg13g2_mux2_1)
                                                         _025_ (net)
                      0.016942    0.000000    0.215534 v _103_/D (sg13g2_dfrbpq_1)
                                              0.215534   data arrival time

                      0.150000    0.000000    0.000000   clock clk (rise edge)
                                  0.000000    0.000000   clock network delay (ideal)
                                  0.250000    0.250000   clock uncertainty
                                  0.000000    0.250000   clock reconvergence pessimism
                                              0.250000 ^ _103_/CLK (sg13g2_dfrbpq_1)
                                 -0.000721    0.249279   library hold time
                                              0.249279   data required time
---------------------------------------------------------------------------------------------
                                              0.249279   data required time
                                             -0.215534   data arrival time
---------------------------------------------------------------------------------------------
                                             -0.033745   slack (VIOLATED)


Startpoint: _116_ (rising edge-triggered flip-flop clocked by clk)
Endpoint: _104_ (rising edge-triggered flip-flop clocked by clk)
Path Group: clk
Path Type: min

Fanout         Cap        Slew       Delay        Time   Description
---------------------------------------------------------------------------------------------
                      0.150000    0.000000    0.000000   clock clk (rise edge)
                                  0.000000    0.000000   clock network delay (ideal)
                      0.150000    0.000000    0.000000 ^ _116_/CLK (sg13g2_dfrbpq_1)
     3    0.007961    0.023701    0.151685    0.151685 v _116_/Q (sg13g2_dfrbpq_1)
                                                         internal_data_reg[8] (net)
                      0.023701    0.000000    0.151685 v _072_/A1 (sg13g2_mux2_1)
     1    0.001523    0.016942    0.063849    0.215534 v _072_/X (sg13g2_mux2_1)
                                                         _026_ (net)
                      0.016942    0.000000    0.215534 v _104_/D (sg13g2_dfrbpq_1)
                                              0.215534   data arrival time

                      0.150000    0.000000    0.000000   clock clk (rise edge)
                                  0.000000    0.000000   clock network delay (ideal)
                                  0.250000    0.250000   clock uncertainty
                                  0.000000    0.250000   clock reconvergence pessimism
                                              0.250000 ^ _104_/CLK (sg13g2_dfrbpq_1)
                                 -0.000721    0.249279   library hold time
                                              0.249279   data required time
---------------------------------------------------------------------------------------------
                                              0.249279   data required time
                                             -0.215534   data arrival time
---------------------------------------------------------------------------------------------
                                             -0.033745   slack (VIOLATED)


Startpoint: _117_ (rising edge-triggered flip-flop clocked by clk)
Endpoint: _105_ (rising edge-triggered flip-flop clocked by clk)
Path Group: clk
Path Type: min

Fanout         Cap        Slew       Delay        Time   Description
---------------------------------------------------------------------------------------------
                      0.150000    0.000000    0.000000   clock clk (rise edge)
                                  0.000000    0.000000   clock network delay (ideal)
                      0.150000    0.000000    0.000000 ^ _117_/CLK (sg13g2_dfrbpq_1)
     3    0.007961    0.023701    0.151685    0.151685 v _117_/Q (sg13g2_dfrbpq_1)
                                                         internal_data_reg[9] (net)
                      0.023701    0.000000    0.151685 v _071_/A1 (sg13g2_mux2_1)
     1    0.001523    0.016942    0.063849    0.215534 v _071_/X (sg13g2_mux2_1)
                                                         _027_ (net)
                      0.016942    0.000000    0.215534 v _105_/D (sg13g2_dfrbpq_1)
                                              0.215534   data arrival time

                      0.150000    0.000000    0.000000   clock clk (rise edge)
                                  0.000000    0.000000   clock network delay (ideal)
                                  0.250000    0.250000   clock uncertainty
                                  0.000000    0.250000   clock reconvergence pessimism
                                              0.250000 ^ _105_/CLK (sg13g2_dfrbpq_1)
                                 -0.000721    0.249279   library hold time
                                              0.249279   data required time
---------------------------------------------------------------------------------------------
                                              0.249279   data required time
                                             -0.215534   data arrival time
---------------------------------------------------------------------------------------------
                                             -0.033745   slack (VIOLATED)


Startpoint: _118_ (rising edge-triggered flip-flop clocked by clk)
Endpoint: _106_ (rising edge-triggered flip-flop clocked by clk)
Path Group: clk
Path Type: min

Fanout         Cap        Slew       Delay        Time   Description
---------------------------------------------------------------------------------------------
                      0.150000    0.000000    0.000000   clock clk (rise edge)
                                  0.000000    0.000000   clock network delay (ideal)
                      0.150000    0.000000    0.000000 ^ _118_/CLK (sg13g2_dfrbpq_1)
     3    0.007961    0.023701    0.151685    0.151685 v _118_/Q (sg13g2_dfrbpq_1)
                                                         internal_data_reg[10] (net)
                      0.023701    0.000000    0.151685 v _070_/A1 (sg13g2_mux2_1)
     1    0.001523    0.016942    0.063849    0.215534 v _070_/X (sg13g2_mux2_1)
                                                         _028_ (net)
                      0.016942    0.000000    0.215534 v _106_/D (sg13g2_dfrbpq_1)
                                              0.215534   data arrival time

                      0.150000    0.000000    0.000000   clock clk (rise edge)
                                  0.000000    0.000000   clock network delay (ideal)
                                  0.250000    0.250000   clock uncertainty
                                  0.000000    0.250000   clock reconvergence pessimism
                                              0.250000 ^ _106_/CLK (sg13g2_dfrbpq_1)
                                 -0.000721    0.249279   library hold time
                                              0.249279   data required time
---------------------------------------------------------------------------------------------
                                              0.249279   data required time
                                             -0.215534   data arrival time
---------------------------------------------------------------------------------------------
                                             -0.033745   slack (VIOLATED)


Startpoint: _108_ (rising edge-triggered flip-flop clocked by clk)
Endpoint: _120_ (rising edge-triggered flip-flop clocked by clk)
Path Group: clk
Path Type: min

Fanout         Cap        Slew       Delay        Time   Description
---------------------------------------------------------------------------------------------
                      0.150000    0.000000    0.000000   clock clk (rise edge)
                                  0.000000    0.000000   clock network delay (ideal)
                      0.150000    0.000000    0.000000 ^ _108_/CLK (sg13g2_dfrbpq_1)
     3    0.007961    0.023701    0.151685    0.151685 v _108_/Q (sg13g2_dfrbpq_1)
                                                         internal_data_reg[0] (net)
                      0.023701    0.000000    0.151685 v _055_/A1 (sg13g2_mux2_1)
     1    0.001523    0.016942    0.063849    0.215534 v _055_/X (sg13g2_mux2_1)
                                                         _042_ (net)
                      0.016942    0.000000    0.215534 v _120_/D (sg13g2_dfrbpq_1)
                                              0.215534   data arrival time

                      0.150000    0.000000    0.000000   clock clk (rise edge)
                                  0.000000    0.000000   clock network delay (ideal)
                                  0.250000    0.250000   clock uncertainty
                                  0.000000    0.250000   clock reconvergence pessimism
                                              0.250000 ^ _120_/CLK (sg13g2_dfrbpq_1)
                                 -0.000721    0.249279   library hold time
                                              0.249279   data required time
---------------------------------------------------------------------------------------------
                                              0.249279   data required time
                                             -0.215534   data arrival time
---------------------------------------------------------------------------------------------
                                             -0.033745   slack (VIOLATED)


Startpoint: _109_ (rising edge-triggered flip-flop clocked by clk)
Endpoint: _121_ (rising edge-triggered flip-flop clocked by clk)
Path Group: clk
Path Type: min

Fanout         Cap        Slew       Delay        Time   Description
---------------------------------------------------------------------------------------------
                      0.150000    0.000000    0.000000   clock clk (rise edge)
                                  0.000000    0.000000   clock network delay (ideal)
                      0.150000    0.000000    0.000000 ^ _109_/CLK (sg13g2_dfrbpq_1)
     3    0.007961    0.023701    0.151685    0.151685 v _109_/Q (sg13g2_dfrbpq_1)
                                                         internal_data_reg[1] (net)
                      0.023701    0.000000    0.151685 v _054_/A1 (sg13g2_mux2_1)
     1    0.001523    0.016942    0.063849    0.215534 v _054_/X (sg13g2_mux2_1)
                                                         _043_ (net)
                      0.016942    0.000000    0.215534 v _121_/D (sg13g2_dfrbpq_1)
                                              0.215534   data arrival time

                      0.150000    0.000000    0.000000   clock clk (rise edge)
                                  0.000000    0.000000   clock network delay (ideal)
                                  0.250000    0.250000   clock uncertainty
                                  0.000000    0.250000   clock reconvergence pessimism
                                              0.250000 ^ _121_/CLK (sg13g2_dfrbpq_1)
                                 -0.000721    0.249279   library hold time
                                              0.249279   data required time
---------------------------------------------------------------------------------------------
                                              0.249279   data required time
                                             -0.215534   data arrival time
---------------------------------------------------------------------------------------------
                                             -0.033745   slack (VIOLATED)


Startpoint: _108_ (rising edge-triggered flip-flop clocked by clk)
Endpoint: _109_ (rising edge-triggered flip-flop clocked by clk)
Path Group: clk
Path Type: min

Fanout         Cap        Slew       Delay        Time   Description
---------------------------------------------------------------------------------------------
                      0.150000    0.000000    0.000000   clock clk (rise edge)
                                  0.000000    0.000000   clock network delay (ideal)
                      0.150000    0.000000    0.000000 ^ _108_/CLK (sg13g2_dfrbpq_1)
     3    0.007961    0.023701    0.151685    0.151685 v _108_/Q (sg13g2_dfrbpq_1)
                                                         internal_data_reg[0] (net)
                      0.023701    0.000000    0.151685 v _067_/A1 (sg13g2_mux2_1)
     1    0.001523    0.017097    0.063849    0.215534 v _067_/X (sg13g2_mux2_1)
                                                         _031_ (net)
                      0.017097    0.000000    0.215534 v _109_/D (sg13g2_dfrbpq_1)
                                              0.215534   data arrival time

                      0.150000    0.000000    0.000000   clock clk (rise edge)
                                  0.000000    0.000000   clock network delay (ideal)
                                  0.250000    0.250000   clock uncertainty
                                  0.000000    0.250000   clock reconvergence pessimism
                                              0.250000 ^ _109_/CLK (sg13g2_dfrbpq_1)
                                 -0.000757    0.249243   library hold time
                                              0.249243   data required time
---------------------------------------------------------------------------------------------
                                              0.249243   data required time
                                             -0.215534   data arrival time
---------------------------------------------------------------------------------------------
                                             -0.033709   slack (VIOLATED)


Startpoint: _109_ (rising edge-triggered flip-flop clocked by clk)
Endpoint: _110_ (rising edge-triggered flip-flop clocked by clk)
Path Group: clk
Path Type: min

Fanout         Cap        Slew       Delay        Time   Description
---------------------------------------------------------------------------------------------
                      0.150000    0.000000    0.000000   clock clk (rise edge)
                                  0.000000    0.000000   clock network delay (ideal)
                      0.150000    0.000000    0.000000 ^ _109_/CLK (sg13g2_dfrbpq_1)
     3    0.007961    0.023701    0.151685    0.151685 v _109_/Q (sg13g2_dfrbpq_1)
                                                         internal_data_reg[1] (net)
                      0.023701    0.000000    0.151685 v _066_/A1 (sg13g2_mux2_1)
     1    0.001523    0.017097    0.063849    0.215534 v _066_/X (sg13g2_mux2_1)
                                                         _032_ (net)
                      0.017097    0.000000    0.215534 v _110_/D (sg13g2_dfrbpq_1)
                                              0.215534   data arrival time

                      0.150000    0.000000    0.000000   clock clk (rise edge)
                                  0.000000    0.000000   clock network delay (ideal)
                                  0.250000    0.250000   clock uncertainty
                                  0.000000    0.250000   clock reconvergence pessimism
                                              0.250000 ^ _110_/CLK (sg13g2_dfrbpq_1)
                                 -0.000757    0.249243   library hold time
                                              0.249243   data required time
---------------------------------------------------------------------------------------------
                                              0.249243   data required time
                                             -0.215534   data arrival time
---------------------------------------------------------------------------------------------
                                             -0.033709   slack (VIOLATED)


Startpoint: _110_ (rising edge-triggered flip-flop clocked by clk)
Endpoint: _111_ (rising edge-triggered flip-flop clocked by clk)
Path Group: clk
Path Type: min

Fanout         Cap        Slew       Delay        Time   Description
---------------------------------------------------------------------------------------------
                      0.150000    0.000000    0.000000   clock clk (rise edge)
                                  0.000000    0.000000   clock network delay (ideal)
                      0.150000    0.000000    0.000000 ^ _110_/CLK (sg13g2_dfrbpq_1)
     3    0.007961    0.023701    0.151685    0.151685 v _110_/Q (sg13g2_dfrbpq_1)
                                                         internal_data_reg[2] (net)
                      0.023701    0.000000    0.151685 v _065_/A1 (sg13g2_mux2_1)
     1    0.001523    0.017097    0.063849    0.215534 v _065_/X (sg13g2_mux2_1)
                                                         _033_ (net)
                      0.017097    0.000000    0.215534 v _111_/D (sg13g2_dfrbpq_1)
                                              0.215534   data arrival time

                      0.150000    0.000000    0.000000   clock clk (rise edge)
                                  0.000000    0.000000   clock network delay (ideal)
                                  0.250000    0.250000   clock uncertainty
                                  0.000000    0.250000   clock reconvergence pessimism
                                              0.250000 ^ _111_/CLK (sg13g2_dfrbpq_1)
                                 -0.000757    0.249243   library hold time
                                              0.249243   data required time
---------------------------------------------------------------------------------------------
                                              0.249243   data required time
                                             -0.215534   data arrival time
---------------------------------------------------------------------------------------------
                                             -0.033709   slack (VIOLATED)


Startpoint: _111_ (rising edge-triggered flip-flop clocked by clk)
Endpoint: _112_ (rising edge-triggered flip-flop clocked by clk)
Path Group: clk
Path Type: min

Fanout         Cap        Slew       Delay        Time   Description
---------------------------------------------------------------------------------------------
                      0.150000    0.000000    0.000000   clock clk (rise edge)
                                  0.000000    0.000000   clock network delay (ideal)
                      0.150000    0.000000    0.000000 ^ _111_/CLK (sg13g2_dfrbpq_1)
     3    0.007961    0.023701    0.151685    0.151685 v _111_/Q (sg13g2_dfrbpq_1)
                                                         internal_data_reg[3] (net)
                      0.023701    0.000000    0.151685 v _064_/A1 (sg13g2_mux2_1)
     1    0.001523    0.017097    0.063849    0.215534 v _064_/X (sg13g2_mux2_1)
                                                         _034_ (net)
                      0.017097    0.000000    0.215534 v _112_/D (sg13g2_dfrbpq_1)
                                              0.215534   data arrival time

                      0.150000    0.000000    0.000000   clock clk (rise edge)
                                  0.000000    0.000000   clock network delay (ideal)
                                  0.250000    0.250000   clock uncertainty
                                  0.000000    0.250000   clock reconvergence pessimism
                                              0.250000 ^ _112_/CLK (sg13g2_dfrbpq_1)
                                 -0.000757    0.249243   library hold time
                                              0.249243   data required time
---------------------------------------------------------------------------------------------
                                              0.249243   data required time
                                             -0.215534   data arrival time
---------------------------------------------------------------------------------------------
                                             -0.033709   slack (VIOLATED)


Startpoint: _112_ (rising edge-triggered flip-flop clocked by clk)
Endpoint: _113_ (rising edge-triggered flip-flop clocked by clk)
Path Group: clk
Path Type: min

Fanout         Cap        Slew       Delay        Time   Description
---------------------------------------------------------------------------------------------
                      0.150000    0.000000    0.000000   clock clk (rise edge)
                                  0.000000    0.000000   clock network delay (ideal)
                      0.150000    0.000000    0.000000 ^ _112_/CLK (sg13g2_dfrbpq_1)
     3    0.007961    0.023701    0.151685    0.151685 v _112_/Q (sg13g2_dfrbpq_1)
                                                         internal_data_reg[4] (net)
                      0.023701    0.000000    0.151685 v _063_/A1 (sg13g2_mux2_1)
     1    0.001523    0.017097    0.063849    0.215534 v _063_/X (sg13g2_mux2_1)
                                                         _035_ (net)
                      0.017097    0.000000    0.215534 v _113_/D (sg13g2_dfrbpq_1)
                                              0.215534   data arrival time

                      0.150000    0.000000    0.000000   clock clk (rise edge)
                                  0.000000    0.000000   clock network delay (ideal)
                                  0.250000    0.250000   clock uncertainty
                                  0.000000    0.250000   clock reconvergence pessimism
                                              0.250000 ^ _113_/CLK (sg13g2_dfrbpq_1)
                                 -0.000757    0.249243   library hold time
                                              0.249243   data required time
---------------------------------------------------------------------------------------------
                                              0.249243   data required time
                                             -0.215534   data arrival time
---------------------------------------------------------------------------------------------
                                             -0.033709   slack (VIOLATED)


Startpoint: _113_ (rising edge-triggered flip-flop clocked by clk)
Endpoint: _114_ (rising edge-triggered flip-flop clocked by clk)
Path Group: clk
Path Type: min

Fanout         Cap        Slew       Delay        Time   Description
---------------------------------------------------------------------------------------------
                      0.150000    0.000000    0.000000   clock clk (rise edge)
                                  0.000000    0.000000   clock network delay (ideal)
                      0.150000    0.000000    0.000000 ^ _113_/CLK (sg13g2_dfrbpq_1)
     3    0.007961    0.023701    0.151685    0.151685 v _113_/Q (sg13g2_dfrbpq_1)
                                                         internal_data_reg[5] (net)
                      0.023701    0.000000    0.151685 v _062_/A1 (sg13g2_mux2_1)
     1    0.001523    0.017097    0.063849    0.215534 v _062_/X (sg13g2_mux2_1)
                                                         _036_ (net)
                      0.017097    0.000000    0.215534 v _114_/D (sg13g2_dfrbpq_1)
                                              0.215534   data arrival time

                      0.150000    0.000000    0.000000   clock clk (rise edge)
                                  0.000000    0.000000   clock network delay (ideal)
                                  0.250000    0.250000   clock uncertainty
                                  0.000000    0.250000   clock reconvergence pessimism
                                              0.250000 ^ _114_/CLK (sg13g2_dfrbpq_1)
                                 -0.000757    0.249243   library hold time
                                              0.249243   data required time
---------------------------------------------------------------------------------------------
                                              0.249243   data required time
                                             -0.215534   data arrival time
---------------------------------------------------------------------------------------------
                                             -0.033709   slack (VIOLATED)


Startpoint: _114_ (rising edge-triggered flip-flop clocked by clk)
Endpoint: _115_ (rising edge-triggered flip-flop clocked by clk)
Path Group: clk
Path Type: min

Fanout         Cap        Slew       Delay        Time   Description
---------------------------------------------------------------------------------------------
                      0.150000    0.000000    0.000000   clock clk (rise edge)
                                  0.000000    0.000000   clock network delay (ideal)
                      0.150000    0.000000    0.000000 ^ _114_/CLK (sg13g2_dfrbpq_1)
     3    0.007961    0.023701    0.151685    0.151685 v _114_/Q (sg13g2_dfrbpq_1)
                                                         internal_data_reg[6] (net)
                      0.023701    0.000000    0.151685 v _061_/A1 (sg13g2_mux2_1)
     1    0.001523    0.017097    0.063849    0.215534 v _061_/X (sg13g2_mux2_1)
                                                         _037_ (net)
                      0.017097    0.000000    0.215534 v _115_/D (sg13g2_dfrbpq_1)
                                              0.215534   data arrival time

                      0.150000    0.000000    0.000000   clock clk (rise edge)
                                  0.000000    0.000000   clock network delay (ideal)
                                  0.250000    0.250000   clock uncertainty
                                  0.000000    0.250000   clock reconvergence pessimism
                                              0.250000 ^ _115_/CLK (sg13g2_dfrbpq_1)
                                 -0.000757    0.249243   library hold time
                                              0.249243   data required time
---------------------------------------------------------------------------------------------
                                              0.249243   data required time
                                             -0.215534   data arrival time
---------------------------------------------------------------------------------------------
                                             -0.033709   slack (VIOLATED)


Startpoint: _115_ (rising edge-triggered flip-flop clocked by clk)
Endpoint: _116_ (rising edge-triggered flip-flop clocked by clk)
Path Group: clk
Path Type: min

Fanout         Cap        Slew       Delay        Time   Description
---------------------------------------------------------------------------------------------
                      0.150000    0.000000    0.000000   clock clk (rise edge)
                                  0.000000    0.000000   clock network delay (ideal)
                      0.150000    0.000000    0.000000 ^ _115_/CLK (sg13g2_dfrbpq_1)
     3    0.007961    0.023701    0.151685    0.151685 v _115_/Q (sg13g2_dfrbpq_1)
                                                         internal_data_reg[7] (net)
                      0.023701    0.000000    0.151685 v _060_/A1 (sg13g2_mux2_1)
     1    0.001523    0.017097    0.063849    0.215534 v _060_/X (sg13g2_mux2_1)
                                                         _038_ (net)
                      0.017097    0.000000    0.215534 v _116_/D (sg13g2_dfrbpq_1)
                                              0.215534   data arrival time

                      0.150000    0.000000    0.000000   clock clk (rise edge)
                                  0.000000    0.000000   clock network delay (ideal)
                                  0.250000    0.250000   clock uncertainty
                                  0.000000    0.250000   clock reconvergence pessimism
                                              0.250000 ^ _116_/CLK (sg13g2_dfrbpq_1)
                                 -0.000757    0.249243   library hold time
                                              0.249243   data required time
---------------------------------------------------------------------------------------------
                                              0.249243   data required time
                                             -0.215534   data arrival time
---------------------------------------------------------------------------------------------
                                             -0.033709   slack (VIOLATED)


Startpoint: _116_ (rising edge-triggered flip-flop clocked by clk)
Endpoint: _117_ (rising edge-triggered flip-flop clocked by clk)
Path Group: clk
Path Type: min

Fanout         Cap        Slew       Delay        Time   Description
---------------------------------------------------------------------------------------------
                      0.150000    0.000000    0.000000   clock clk (rise edge)
                                  0.000000    0.000000   clock network delay (ideal)
                      0.150000    0.000000    0.000000 ^ _116_/CLK (sg13g2_dfrbpq_1)
     3    0.007961    0.023701    0.151685    0.151685 v _116_/Q (sg13g2_dfrbpq_1)
                                                         internal_data_reg[8] (net)
                      0.023701    0.000000    0.151685 v _059_/A1 (sg13g2_mux2_1)
     1    0.001523    0.017097    0.063849    0.215534 v _059_/X (sg13g2_mux2_1)
                                                         _039_ (net)
                      0.017097    0.000000    0.215534 v _117_/D (sg13g2_dfrbpq_1)
                                              0.215534   data arrival time

                      0.150000    0.000000    0.000000   clock clk (rise edge)
                                  0.000000    0.000000   clock network delay (ideal)
                                  0.250000    0.250000   clock uncertainty
                                  0.000000    0.250000   clock reconvergence pessimism
                                              0.250000 ^ _117_/CLK (sg13g2_dfrbpq_1)
                                 -0.000757    0.249243   library hold time
                                              0.249243   data required time
---------------------------------------------------------------------------------------------
                                              0.249243   data required time
                                             -0.215534   data arrival time
---------------------------------------------------------------------------------------------
                                             -0.033709   slack (VIOLATED)


Startpoint: _117_ (rising edge-triggered flip-flop clocked by clk)
Endpoint: _118_ (rising edge-triggered flip-flop clocked by clk)
Path Group: clk
Path Type: min

Fanout         Cap        Slew       Delay        Time   Description
---------------------------------------------------------------------------------------------
                      0.150000    0.000000    0.000000   clock clk (rise edge)
                                  0.000000    0.000000   clock network delay (ideal)
                      0.150000    0.000000    0.000000 ^ _117_/CLK (sg13g2_dfrbpq_1)
     3    0.007961    0.023701    0.151685    0.151685 v _117_/Q (sg13g2_dfrbpq_1)
                                                         internal_data_reg[9] (net)
                      0.023701    0.000000    0.151685 v _058_/A1 (sg13g2_mux2_1)
     1    0.001523    0.017097    0.063849    0.215534 v _058_/X (sg13g2_mux2_1)
                                                         _040_ (net)
                      0.017097    0.000000    0.215534 v _118_/D (sg13g2_dfrbpq_1)
                                              0.215534   data arrival time

                      0.150000    0.000000    0.000000   clock clk (rise edge)
                                  0.000000    0.000000   clock network delay (ideal)
                                  0.250000    0.250000   clock uncertainty
                                  0.000000    0.250000   clock reconvergence pessimism
                                              0.250000 ^ _118_/CLK (sg13g2_dfrbpq_1)
                                 -0.000757    0.249243   library hold time
                                              0.249243   data required time
---------------------------------------------------------------------------------------------
                                              0.249243   data required time
                                             -0.215534   data arrival time
---------------------------------------------------------------------------------------------
                                             -0.033709   slack (VIOLATED)


Startpoint: _108_ (rising edge-triggered flip-flop clocked by clk)
Endpoint: _108_ (rising edge-triggered flip-flop clocked by clk)
Path Group: clk
Path Type: min

Fanout         Cap        Slew       Delay        Time   Description
---------------------------------------------------------------------------------------------
                      0.150000    0.000000    0.000000   clock clk (rise edge)
                                  0.000000    0.000000   clock network delay (ideal)
                      0.150000    0.000000    0.000000 ^ _108_/CLK (sg13g2_dfrbpq_1)
     3    0.007961    0.023701    0.151685    0.151685 v _108_/Q (sg13g2_dfrbpq_1)
                                                         internal_data_reg[0] (net)
                      0.023701    0.000000    0.151685 v _068_/A0 (sg13g2_mux2_1)
     1    0.001523    0.017097    0.064035    0.215720 v _068_/X (sg13g2_mux2_1)
                                                         _030_ (net)
                      0.017097    0.000000    0.215720 v _108_/D (sg13g2_dfrbpq_1)
                                              0.215720   data arrival time

                      0.150000    0.000000    0.000000   clock clk (rise edge)
                                  0.000000    0.000000   clock network delay (ideal)
                                  0.250000    0.250000   clock uncertainty
                                  0.000000    0.250000   clock reconvergence pessimism
                                              0.250000 ^ _108_/CLK (sg13g2_dfrbpq_1)
                                 -0.000757    0.249243   library hold time
                                              0.249243   data required time
---------------------------------------------------------------------------------------------
                                              0.249243   data required time
                                             -0.215720   data arrival time
---------------------------------------------------------------------------------------------
                                             -0.033523   slack (VIOLATED)


Startpoint: reset (input port clocked by clk)
Endpoint: _098_ (removal check against rising-edge clock clk)
Path Group: asynchronous
Path Type: min

Fanout         Cap        Slew       Delay        Time   Description
---------------------------------------------------------------------------------------------
                      0.150000    0.000000    0.000000   clock clk (rise edge)
                                  0.000000    0.000000   clock network delay (ideal)
                                  4.000000    4.000000 v input external delay
    24    0.066656    0.043317    0.029330    4.029330 v reset (in)
                                                         reset (net)
                      0.043317    0.000000    4.029330 v _094_/A (sg13g2_inv_1)
     1    0.004679    0.023274    0.025733    4.055063 ^ _094_/Y (sg13g2_inv_1)
                                                         _020_ (net)
                      0.023274    0.000000    4.055063 ^ _098_/RESET_B (sg13g2_dfrbpq_1)
                                              4.055063   data arrival time

                      0.150000    0.000000    0.000000   clock clk (rise edge)
                                  0.000000    0.000000   clock network delay (ideal)
                                  0.250000    0.250000   clock uncertainty
                                  0.000000    0.250000   clock reconvergence pessimism
                                              0.250000 ^ _098_/CLK (sg13g2_dfrbpq_1)
                                 -0.054971    0.195029   library removal time
                                              0.195029   data required time
---------------------------------------------------------------------------------------------
                                              0.195029   data required time
                                             -4.055063   data arrival time
---------------------------------------------------------------------------------------------
                                              3.860034   slack (MET)


Startpoint: reset (input port clocked by clk)
Endpoint: _099_ (removal check against rising-edge clock clk)
Path Group: asynchronous
Path Type: min

Fanout         Cap        Slew       Delay        Time   Description
---------------------------------------------------------------------------------------------
                      0.150000    0.000000    0.000000   clock clk (rise edge)
                                  0.000000    0.000000   clock network delay (ideal)
                                  4.000000    4.000000 v input external delay
    24    0.066656    0.043317    0.029330    4.029330 v reset (in)
                                                         reset (net)
                      0.043317    0.000000    4.029330 v _095_/A (sg13g2_inv_1)
     1    0.004679    0.023274    0.025733    4.055063 ^ _095_/Y (sg13g2_inv_1)
                                                         _021_ (net)
                      0.023274    0.000000    4.055063 ^ _099_/RESET_B (sg13g2_dfrbpq_1)
                                              4.055063   data arrival time

                      0.150000    0.000000    0.000000   clock clk (rise edge)
                                  0.000000    0.000000   clock network delay (ideal)
                                  0.250000    0.250000   clock uncertainty
                                  0.000000    0.250000   clock reconvergence pessimism
                                              0.250000 ^ _099_/CLK (sg13g2_dfrbpq_1)
                                 -0.054971    0.195029   library removal time
                                              0.195029   data required time
---------------------------------------------------------------------------------------------
                                              0.195029   data required time
                                             -4.055063   data arrival time
---------------------------------------------------------------------------------------------
                                              3.860034   slack (MET)


Startpoint: reset (input port clocked by clk)
Endpoint: _100_ (removal check against rising-edge clock clk)
Path Group: asynchronous
Path Type: min

Fanout         Cap        Slew       Delay        Time   Description
---------------------------------------------------------------------------------------------
                      0.150000    0.000000    0.000000   clock clk (rise edge)
                                  0.000000    0.000000   clock network delay (ideal)
                                  4.000000    4.000000 v input external delay
    24    0.066656    0.043317    0.029330    4.029330 v reset (in)
                                                         reset (net)
                      0.043317    0.000000    4.029330 v _096_/A (sg13g2_inv_1)
     1    0.004679    0.023274    0.025733    4.055063 ^ _096_/Y (sg13g2_inv_1)
                                                         _022_ (net)
                      0.023274    0.000000    4.055063 ^ _100_/RESET_B (sg13g2_dfrbpq_1)
                                              4.055063   data arrival time

                      0.150000    0.000000    0.000000   clock clk (rise edge)
                                  0.000000    0.000000   clock network delay (ideal)
                                  0.250000    0.250000   clock uncertainty
                                  0.000000    0.250000   clock reconvergence pessimism
                                              0.250000 ^ _100_/CLK (sg13g2_dfrbpq_1)
                                 -0.054971    0.195029   library removal time
                                              0.195029   data required time
---------------------------------------------------------------------------------------------
                                              0.195029   data required time
                                             -4.055063   data arrival time
---------------------------------------------------------------------------------------------
                                              3.860034   slack (MET)


Startpoint: reset (input port clocked by clk)
Endpoint: _101_ (removal check against rising-edge clock clk)
Path Group: asynchronous
Path Type: min

Fanout         Cap        Slew       Delay        Time   Description
---------------------------------------------------------------------------------------------
                      0.150000    0.000000    0.000000   clock clk (rise edge)
                                  0.000000    0.000000   clock network delay (ideal)
                                  4.000000    4.000000 v input external delay
    24    0.066656    0.043317    0.029330    4.029330 v reset (in)
                                                         reset (net)
                      0.043317    0.000000    4.029330 v _097_/A (sg13g2_inv_1)
     1    0.004679    0.023274    0.025733    4.055063 ^ _097_/Y (sg13g2_inv_1)
                                                         _023_ (net)
                      0.023274    0.000000    4.055063 ^ _101_/RESET_B (sg13g2_dfrbpq_1)
                                              4.055063   data arrival time

                      0.150000    0.000000    0.000000   clock clk (rise edge)
                                  0.000000    0.000000   clock network delay (ideal)
                                  0.250000    0.250000   clock uncertainty
                                  0.000000    0.250000   clock reconvergence pessimism
                                              0.250000 ^ _101_/CLK (sg13g2_dfrbpq_1)
                                 -0.054971    0.195029   library removal time
                                              0.195029   data required time
---------------------------------------------------------------------------------------------
                                              0.195029   data required time
                                             -4.055063   data arrival time
---------------------------------------------------------------------------------------------
                                              3.860034   slack (MET)


Startpoint: reset (input port clocked by clk)
Endpoint: _102_ (removal check against rising-edge clock clk)
Path Group: asynchronous
Path Type: min

Fanout         Cap        Slew       Delay        Time   Description
---------------------------------------------------------------------------------------------
                      0.150000    0.000000    0.000000   clock clk (rise edge)
                                  0.000000    0.000000   clock network delay (ideal)
                                  4.000000    4.000000 v input external delay
    24    0.066656    0.043317    0.029330    4.029330 v reset (in)
                                                         reset (net)
                      0.043317    0.000000    4.029330 v _049_/A (sg13g2_inv_1)
     1    0.004679    0.023274    0.025733    4.055063 ^ _049_/Y (sg13g2_inv_1)
                                                         _000_ (net)
                      0.023274    0.000000    4.055063 ^ _102_/RESET_B (sg13g2_dfrbpq_1)
                                              4.055063   data arrival time

                      0.150000    0.000000    0.000000   clock clk (rise edge)
                                  0.000000    0.000000   clock network delay (ideal)
                                  0.250000    0.250000   clock uncertainty
                                  0.000000    0.250000   clock reconvergence pessimism
                                              0.250000 ^ _102_/CLK (sg13g2_dfrbpq_1)
                                 -0.054971    0.195029   library removal time
                                              0.195029   data required time
---------------------------------------------------------------------------------------------
                                              0.195029   data required time
                                             -4.055063   data arrival time
---------------------------------------------------------------------------------------------
                                              3.860034   slack (MET)


Startpoint: reset (input port clocked by clk)
Endpoint: _103_ (removal check against rising-edge clock clk)
Path Group: asynchronous
Path Type: min

Fanout         Cap        Slew       Delay        Time   Description
---------------------------------------------------------------------------------------------
                      0.150000    0.000000    0.000000   clock clk (rise edge)
                                  0.000000    0.000000   clock network delay (ideal)
                                  4.000000    4.000000 v input external delay
    24    0.066656    0.043317    0.029330    4.029330 v reset (in)
                                                         reset (net)
                      0.043317    0.000000    4.029330 v _075_/A (sg13g2_inv_1)
     1    0.004679    0.023274    0.025733    4.055063 ^ _075_/Y (sg13g2_inv_1)
                                                         _001_ (net)
                      0.023274    0.000000    4.055063 ^ _103_/RESET_B (sg13g2_dfrbpq_1)
                                              4.055063   data arrival time

                      0.150000    0.000000    0.000000   clock clk (rise edge)
                                  0.000000    0.000000   clock network delay (ideal)
                                  0.250000    0.250000   clock uncertainty
                                  0.000000    0.250000   clock reconvergence pessimism
                                              0.250000 ^ _103_/CLK (sg13g2_dfrbpq_1)
                                 -0.054971    0.195029   library removal time
                                              0.195029   data required time
---------------------------------------------------------------------------------------------
                                              0.195029   data required time
                                             -4.055063   data arrival time
---------------------------------------------------------------------------------------------
                                              3.860034   slack (MET)


Startpoint: reset (input port clocked by clk)
Endpoint: _104_ (removal check against rising-edge clock clk)
Path Group: asynchronous
Path Type: min

Fanout         Cap        Slew       Delay        Time   Description
---------------------------------------------------------------------------------------------
                      0.150000    0.000000    0.000000   clock clk (rise edge)
                                  0.000000    0.000000   clock network delay (ideal)
                                  4.000000    4.000000 v input external delay
    24    0.066656    0.043317    0.029330    4.029330 v reset (in)
                                                         reset (net)
                      0.043317    0.000000    4.029330 v _076_/A (sg13g2_inv_1)
     1    0.004679    0.023274    0.025733    4.055063 ^ _076_/Y (sg13g2_inv_1)
                                                         _002_ (net)
                      0.023274    0.000000    4.055063 ^ _104_/RESET_B (sg13g2_dfrbpq_1)
                                              4.055063   data arrival time

                      0.150000    0.000000    0.000000   clock clk (rise edge)
                                  0.000000    0.000000   clock network delay (ideal)
                                  0.250000    0.250000   clock uncertainty
                                  0.000000    0.250000   clock reconvergence pessimism
                                              0.250000 ^ _104_/CLK (sg13g2_dfrbpq_1)
                                 -0.054971    0.195029   library removal time
                                              0.195029   data required time
---------------------------------------------------------------------------------------------
                                              0.195029   data required time
                                             -4.055063   data arrival time
---------------------------------------------------------------------------------------------
                                              3.860034   slack (MET)


Startpoint: reset (input port clocked by clk)
Endpoint: _105_ (removal check against rising-edge clock clk)
Path Group: asynchronous
Path Type: min

Fanout         Cap        Slew       Delay        Time   Description
---------------------------------------------------------------------------------------------
                      0.150000    0.000000    0.000000   clock clk (rise edge)
                                  0.000000    0.000000   clock network delay (ideal)
                                  4.000000    4.000000 v input external delay
    24    0.066656    0.043317    0.029330    4.029330 v reset (in)
                                                         reset (net)
                      0.043317    0.000000    4.029330 v _077_/A (sg13g2_inv_1)
     1    0.004679    0.023274    0.025733    4.055063 ^ _077_/Y (sg13g2_inv_1)
                                                         _003_ (net)
                      0.023274    0.000000    4.055063 ^ _105_/RESET_B (sg13g2_dfrbpq_1)
                                              4.055063   data arrival time

                      0.150000    0.000000    0.000000   clock clk (rise edge)
                                  0.000000    0.000000   clock network delay (ideal)
                                  0.250000    0.250000   clock uncertainty
                                  0.000000    0.250000   clock reconvergence pessimism
                                              0.250000 ^ _105_/CLK (sg13g2_dfrbpq_1)
                                 -0.054971    0.195029   library removal time
                                              0.195029   data required time
---------------------------------------------------------------------------------------------
                                              0.195029   data required time
                                             -4.055063   data arrival time
---------------------------------------------------------------------------------------------
                                              3.860034   slack (MET)


Startpoint: reset (input port clocked by clk)
Endpoint: _106_ (removal check against rising-edge clock clk)
Path Group: asynchronous
Path Type: min

Fanout         Cap        Slew       Delay        Time   Description
---------------------------------------------------------------------------------------------
                      0.150000    0.000000    0.000000   clock clk (rise edge)
                                  0.000000    0.000000   clock network delay (ideal)
                                  4.000000    4.000000 v input external delay
    24    0.066656    0.043317    0.029330    4.029330 v reset (in)
                                                         reset (net)
                      0.043317    0.000000    4.029330 v _078_/A (sg13g2_inv_1)
     1    0.004679    0.023274    0.025733    4.055063 ^ _078_/Y (sg13g2_inv_1)
                                                         _004_ (net)
                      0.023274    0.000000    4.055063 ^ _106_/RESET_B (sg13g2_dfrbpq_1)
                                              4.055063   data arrival time

                      0.150000    0.000000    0.000000   clock clk (rise edge)
                                  0.000000    0.000000   clock network delay (ideal)
                                  0.250000    0.250000   clock uncertainty
                                  0.000000    0.250000   clock reconvergence pessimism
                                              0.250000 ^ _106_/CLK (sg13g2_dfrbpq_1)
                                 -0.054971    0.195029   library removal time
                                              0.195029   data required time
---------------------------------------------------------------------------------------------
                                              0.195029   data required time
                                             -4.055063   data arrival time
---------------------------------------------------------------------------------------------
                                              3.860034   slack (MET)


Startpoint: reset (input port clocked by clk)
Endpoint: _107_ (removal check against rising-edge clock clk)
Path Group: asynchronous
Path Type: min

Fanout         Cap        Slew       Delay        Time   Description
---------------------------------------------------------------------------------------------
                      0.150000    0.000000    0.000000   clock clk (rise edge)
                                  0.000000    0.000000   clock network delay (ideal)
                                  4.000000    4.000000 v input external delay
    24    0.066656    0.043317    0.029330    4.029330 v reset (in)
                                                         reset (net)
                      0.043317    0.000000    4.029330 v _079_/A (sg13g2_inv_1)
     1    0.004679    0.023274    0.025733    4.055063 ^ _079_/Y (sg13g2_inv_1)
                                                         _005_ (net)
                      0.023274    0.000000    4.055063 ^ _107_/RESET_B (sg13g2_dfrbpq_1)
                                              4.055063   data arrival time

                      0.150000    0.000000    0.000000   clock clk (rise edge)
                                  0.000000    0.000000   clock network delay (ideal)
                                  0.250000    0.250000   clock uncertainty
                                  0.000000    0.250000   clock reconvergence pessimism
                                              0.250000 ^ _107_/CLK (sg13g2_dfrbpq_1)
                                 -0.054971    0.195029   library removal time
                                              0.195029   data required time
---------------------------------------------------------------------------------------------
                                              0.195029   data required time
                                             -4.055063   data arrival time
---------------------------------------------------------------------------------------------
                                              3.860034   slack (MET)


Startpoint: reset (input port clocked by clk)
Endpoint: _108_ (removal check against rising-edge clock clk)
Path Group: asynchronous
Path Type: min

Fanout         Cap        Slew       Delay        Time   Description
---------------------------------------------------------------------------------------------
                      0.150000    0.000000    0.000000   clock clk (rise edge)
                                  0.000000    0.000000   clock network delay (ideal)
                                  4.000000    4.000000 v input external delay
    24    0.066656    0.043317    0.029330    4.029330 v reset (in)
                                                         reset (net)
                      0.043317    0.000000    4.029330 v _080_/A (sg13g2_inv_1)
     1    0.004679    0.023274    0.025733    4.055063 ^ _080_/Y (sg13g2_inv_1)
                                                         _006_ (net)
                      0.023274    0.000000    4.055063 ^ _108_/RESET_B (sg13g2_dfrbpq_1)
                                              4.055063   data arrival time

                      0.150000    0.000000    0.000000   clock clk (rise edge)
                                  0.000000    0.000000   clock network delay (ideal)
                                  0.250000    0.250000   clock uncertainty
                                  0.000000    0.250000   clock reconvergence pessimism
                                              0.250000 ^ _108_/CLK (sg13g2_dfrbpq_1)
                                 -0.054971    0.195029   library removal time
                                              0.195029   data required time
---------------------------------------------------------------------------------------------
                                              0.195029   data required time
                                             -4.055063   data arrival time
---------------------------------------------------------------------------------------------
                                              3.860034   slack (MET)


Startpoint: reset (input port clocked by clk)
Endpoint: _109_ (removal check against rising-edge clock clk)
Path Group: asynchronous
Path Type: min

Fanout         Cap        Slew       Delay        Time   Description
---------------------------------------------------------------------------------------------
                      0.150000    0.000000    0.000000   clock clk (rise edge)
                                  0.000000    0.000000   clock network delay (ideal)
                                  4.000000    4.000000 v input external delay
    24    0.066656    0.043317    0.029330    4.029330 v reset (in)
                                                         reset (net)
                      0.043317    0.000000    4.029330 v _081_/A (sg13g2_inv_1)
     1    0.004679    0.023274    0.025733    4.055063 ^ _081_/Y (sg13g2_inv_1)
                                                         _007_ (net)
                      0.023274    0.000000    4.055063 ^ _109_/RESET_B (sg13g2_dfrbpq_1)
                                              4.055063   data arrival time

                      0.150000    0.000000    0.000000   clock clk (rise edge)
                                  0.000000    0.000000   clock network delay (ideal)
                                  0.250000    0.250000   clock uncertainty
                                  0.000000    0.250000   clock reconvergence pessimism
                                              0.250000 ^ _109_/CLK (sg13g2_dfrbpq_1)
                                 -0.054971    0.195029   library removal time
                                              0.195029   data required time
---------------------------------------------------------------------------------------------
                                              0.195029   data required time
                                             -4.055063   data arrival time
---------------------------------------------------------------------------------------------
                                              3.860034   slack (MET)


Startpoint: reset (input port clocked by clk)
Endpoint: _110_ (removal check against rising-edge clock clk)
Path Group: asynchronous
Path Type: min

Fanout         Cap        Slew       Delay        Time   Description
---------------------------------------------------------------------------------------------
                      0.150000    0.000000    0.000000   clock clk (rise edge)
                                  0.000000    0.000000   clock network delay (ideal)
                                  4.000000    4.000000 v input external delay
    24    0.066656    0.043317    0.029330    4.029330 v reset (in)
                                                         reset (net)
                      0.043317    0.000000    4.029330 v _082_/A (sg13g2_inv_1)
     1    0.004679    0.023274    0.025733    4.055063 ^ _082_/Y (sg13g2_inv_1)
                                                         _008_ (net)
                      0.023274    0.000000    4.055063 ^ _110_/RESET_B (sg13g2_dfrbpq_1)
                                              4.055063   data arrival time

                      0.150000    0.000000    0.000000   clock clk (rise edge)
                                  0.000000    0.000000   clock network delay (ideal)
                                  0.250000    0.250000   clock uncertainty
                                  0.000000    0.250000   clock reconvergence pessimism
                                              0.250000 ^ _110_/CLK (sg13g2_dfrbpq_1)
                                 -0.054971    0.195029   library removal time
                                              0.195029   data required time
---------------------------------------------------------------------------------------------
                                              0.195029   data required time
                                             -4.055063   data arrival time
---------------------------------------------------------------------------------------------
                                              3.860034   slack (MET)


Startpoint: reset (input port clocked by clk)
Endpoint: _111_ (removal check against rising-edge clock clk)
Path Group: asynchronous
Path Type: min

Fanout         Cap        Slew       Delay        Time   Description
---------------------------------------------------------------------------------------------
                      0.150000    0.000000    0.000000   clock clk (rise edge)
                                  0.000000    0.000000   clock network delay (ideal)
                                  4.000000    4.000000 v input external delay
    24    0.066656    0.043317    0.029330    4.029330 v reset (in)
                                                         reset (net)
                      0.043317    0.000000    4.029330 v _083_/A (sg13g2_inv_1)
     1    0.004679    0.023274    0.025733    4.055063 ^ _083_/Y (sg13g2_inv_1)
                                                         _009_ (net)
                      0.023274    0.000000    4.055063 ^ _111_/RESET_B (sg13g2_dfrbpq_1)
                                              4.055063   data arrival time

                      0.150000    0.000000    0.000000   clock clk (rise edge)
                                  0.000000    0.000000   clock network delay (ideal)
                                  0.250000    0.250000   clock uncertainty
                                  0.000000    0.250000   clock reconvergence pessimism
                                              0.250000 ^ _111_/CLK (sg13g2_dfrbpq_1)
                                 -0.054971    0.195029   library removal time
                                              0.195029   data required time
---------------------------------------------------------------------------------------------
                                              0.195029   data required time
                                             -4.055063   data arrival time
---------------------------------------------------------------------------------------------
                                              3.860034   slack (MET)


Startpoint: reset (input port clocked by clk)
Endpoint: _112_ (removal check against rising-edge clock clk)
Path Group: asynchronous
Path Type: min

Fanout         Cap        Slew       Delay        Time   Description
---------------------------------------------------------------------------------------------
                      0.150000    0.000000    0.000000   clock clk (rise edge)
                                  0.000000    0.000000   clock network delay (ideal)
                                  4.000000    4.000000 v input external delay
    24    0.066656    0.043317    0.029330    4.029330 v reset (in)
                                                         reset (net)
                      0.043317    0.000000    4.029330 v _084_/A (sg13g2_inv_1)
     1    0.004679    0.023274    0.025733    4.055063 ^ _084_/Y (sg13g2_inv_1)
                                                         _010_ (net)
                      0.023274    0.000000    4.055063 ^ _112_/RESET_B (sg13g2_dfrbpq_1)
                                              4.055063   data arrival time

                      0.150000    0.000000    0.000000   clock clk (rise edge)
                                  0.000000    0.000000   clock network delay (ideal)
                                  0.250000    0.250000   clock uncertainty
                                  0.000000    0.250000   clock reconvergence pessimism
                                              0.250000 ^ _112_/CLK (sg13g2_dfrbpq_1)
                                 -0.054971    0.195029   library removal time
                                              0.195029   data required time
---------------------------------------------------------------------------------------------
                                              0.195029   data required time
                                             -4.055063   data arrival time
---------------------------------------------------------------------------------------------
                                              3.860034   slack (MET)


Startpoint: reset (input port clocked by clk)
Endpoint: _113_ (removal check against rising-edge clock clk)
Path Group: asynchronous
Path Type: min

Fanout         Cap        Slew       Delay        Time   Description
---------------------------------------------------------------------------------------------
                      0.150000    0.000000    0.000000   clock clk (rise edge)
                                  0.000000    0.000000   clock network delay (ideal)
                                  4.000000    4.000000 v input external delay
    24    0.066656    0.043317    0.029330    4.029330 v reset (in)
                                                         reset (net)
                      0.043317    0.000000    4.029330 v _085_/A (sg13g2_inv_1)
     1    0.004679    0.023274    0.025733    4.055063 ^ _085_/Y (sg13g2_inv_1)
                                                         _011_ (net)
                      0.023274    0.000000    4.055063 ^ _113_/RESET_B (sg13g2_dfrbpq_1)
                                              4.055063   data arrival time

                      0.150000    0.000000    0.000000   clock clk (rise edge)
                                  0.000000    0.000000   clock network delay (ideal)
                                  0.250000    0.250000   clock uncertainty
                                  0.000000    0.250000   clock reconvergence pessimism
                                              0.250000 ^ _113_/CLK (sg13g2_dfrbpq_1)
                                 -0.054971    0.195029   library removal time
                                              0.195029   data required time
---------------------------------------------------------------------------------------------
                                              0.195029   data required time
                                             -4.055063   data arrival time
---------------------------------------------------------------------------------------------
                                              3.860034   slack (MET)


Startpoint: reset (input port clocked by clk)
Endpoint: _114_ (removal check against rising-edge clock clk)
Path Group: asynchronous
Path Type: min

Fanout         Cap        Slew       Delay        Time   Description
---------------------------------------------------------------------------------------------
                      0.150000    0.000000    0.000000   clock clk (rise edge)
                                  0.000000    0.000000   clock network delay (ideal)
                                  4.000000    4.000000 v input external delay
    24    0.066656    0.043317    0.029330    4.029330 v reset (in)
                                                         reset (net)
                      0.043317    0.000000    4.029330 v _086_/A (sg13g2_inv_1)
     1    0.004679    0.023274    0.025733    4.055063 ^ _086_/Y (sg13g2_inv_1)
                                                         _012_ (net)
                      0.023274    0.000000    4.055063 ^ _114_/RESET_B (sg13g2_dfrbpq_1)
                                              4.055063   data arrival time

                      0.150000    0.000000    0.000000   clock clk (rise edge)
                                  0.000000    0.000000   clock network delay (ideal)
                                  0.250000    0.250000   clock uncertainty
                                  0.000000    0.250000   clock reconvergence pessimism
                                              0.250000 ^ _114_/CLK (sg13g2_dfrbpq_1)
                                 -0.054971    0.195029   library removal time
                                              0.195029   data required time
---------------------------------------------------------------------------------------------
                                              0.195029   data required time
                                             -4.055063   data arrival time
---------------------------------------------------------------------------------------------
                                              3.860034   slack (MET)


Startpoint: reset (input port clocked by clk)
Endpoint: _115_ (removal check against rising-edge clock clk)
Path Group: asynchronous
Path Type: min

Fanout         Cap        Slew       Delay        Time   Description
---------------------------------------------------------------------------------------------
                      0.150000    0.000000    0.000000   clock clk (rise edge)
                                  0.000000    0.000000   clock network delay (ideal)
                                  4.000000    4.000000 v input external delay
    24    0.066656    0.043317    0.029330    4.029330 v reset (in)
                                                         reset (net)
                      0.043317    0.000000    4.029330 v _087_/A (sg13g2_inv_1)
     1    0.004679    0.023274    0.025733    4.055063 ^ _087_/Y (sg13g2_inv_1)
                                                         _013_ (net)
                      0.023274    0.000000    4.055063 ^ _115_/RESET_B (sg13g2_dfrbpq_1)
                                              4.055063   data arrival time

                      0.150000    0.000000    0.000000   clock clk (rise edge)
                                  0.000000    0.000000   clock network delay (ideal)
                                  0.250000    0.250000   clock uncertainty
                                  0.000000    0.250000   clock reconvergence pessimism
                                              0.250000 ^ _115_/CLK (sg13g2_dfrbpq_1)
                                 -0.054971    0.195029   library removal time
                                              0.195029   data required time
---------------------------------------------------------------------------------------------
                                              0.195029   data required time
                                             -4.055063   data arrival time
---------------------------------------------------------------------------------------------
                                              3.860034   slack (MET)


Startpoint: reset (input port clocked by clk)
Endpoint: _116_ (removal check against rising-edge clock clk)
Path Group: asynchronous
Path Type: min

Fanout         Cap        Slew       Delay        Time   Description
---------------------------------------------------------------------------------------------
                      0.150000    0.000000    0.000000   clock clk (rise edge)
                                  0.000000    0.000000   clock network delay (ideal)
                                  4.000000    4.000000 v input external delay
    24    0.066656    0.043317    0.029330    4.029330 v reset (in)
                                                         reset (net)
                      0.043317    0.000000    4.029330 v _088_/A (sg13g2_inv_1)
     1    0.004679    0.023274    0.025733    4.055063 ^ _088_/Y (sg13g2_inv_1)
                                                         _014_ (net)
                      0.023274    0.000000    4.055063 ^ _116_/RESET_B (sg13g2_dfrbpq_1)
                                              4.055063   data arrival time

                      0.150000    0.000000    0.000000   clock clk (rise edge)
                                  0.000000    0.000000   clock network delay (ideal)
                                  0.250000    0.250000   clock uncertainty
                                  0.000000    0.250000   clock reconvergence pessimism
                                              0.250000 ^ _116_/CLK (sg13g2_dfrbpq_1)
                                 -0.054971    0.195029   library removal time
                                              0.195029   data required time
---------------------------------------------------------------------------------------------
                                              0.195029   data required time
                                             -4.055063   data arrival time
---------------------------------------------------------------------------------------------
                                              3.860034   slack (MET)


Startpoint: reset (input port clocked by clk)
Endpoint: _117_ (removal check against rising-edge clock clk)
Path Group: asynchronous
Path Type: min

Fanout         Cap        Slew       Delay        Time   Description
---------------------------------------------------------------------------------------------
                      0.150000    0.000000    0.000000   clock clk (rise edge)
                                  0.000000    0.000000   clock network delay (ideal)
                                  4.000000    4.000000 v input external delay
    24    0.066656    0.043317    0.029330    4.029330 v reset (in)
                                                         reset (net)
                      0.043317    0.000000    4.029330 v _089_/A (sg13g2_inv_1)
     1    0.004679    0.023274    0.025733    4.055063 ^ _089_/Y (sg13g2_inv_1)
                                                         _015_ (net)
                      0.023274    0.000000    4.055063 ^ _117_/RESET_B (sg13g2_dfrbpq_1)
                                              4.055063   data arrival time

                      0.150000    0.000000    0.000000   clock clk (rise edge)
                                  0.000000    0.000000   clock network delay (ideal)
                                  0.250000    0.250000   clock uncertainty
                                  0.000000    0.250000   clock reconvergence pessimism
                                              0.250000 ^ _117_/CLK (sg13g2_dfrbpq_1)
                                 -0.054971    0.195029   library removal time
                                              0.195029   data required time
---------------------------------------------------------------------------------------------
                                              0.195029   data required time
                                             -4.055063   data arrival time
---------------------------------------------------------------------------------------------
                                              3.860034   slack (MET)


Startpoint: reset (input port clocked by clk)
Endpoint: _118_ (removal check against rising-edge clock clk)
Path Group: asynchronous
Path Type: min

Fanout         Cap        Slew       Delay        Time   Description
---------------------------------------------------------------------------------------------
                      0.150000    0.000000    0.000000   clock clk (rise edge)
                                  0.000000    0.000000   clock network delay (ideal)
                                  4.000000    4.000000 v input external delay
    24    0.066656    0.043317    0.029330    4.029330 v reset (in)
                                                         reset (net)
                      0.043317    0.000000    4.029330 v _090_/A (sg13g2_inv_1)
     1    0.004679    0.023274    0.025733    4.055063 ^ _090_/Y (sg13g2_inv_1)
                                                         _016_ (net)
                      0.023274    0.000000    4.055063 ^ _118_/RESET_B (sg13g2_dfrbpq_1)
                                              4.055063   data arrival time

                      0.150000    0.000000    0.000000   clock clk (rise edge)
                                  0.000000    0.000000   clock network delay (ideal)
                                  0.250000    0.250000   clock uncertainty
                                  0.000000    0.250000   clock reconvergence pessimism
                                              0.250000 ^ _118_/CLK (sg13g2_dfrbpq_1)
                                 -0.054971    0.195029   library removal time
                                              0.195029   data required time
---------------------------------------------------------------------------------------------
                                              0.195029   data required time
                                             -4.055063   data arrival time
---------------------------------------------------------------------------------------------
                                              3.860034   slack (MET)


Startpoint: reset (input port clocked by clk)
Endpoint: _119_ (removal check against rising-edge clock clk)
Path Group: asynchronous
Path Type: min

Fanout         Cap        Slew       Delay        Time   Description
---------------------------------------------------------------------------------------------
                      0.150000    0.000000    0.000000   clock clk (rise edge)
                                  0.000000    0.000000   clock network delay (ideal)
                                  4.000000    4.000000 v input external delay
    24    0.066656    0.043317    0.029330    4.029330 v reset (in)
                                                         reset (net)
                      0.043317    0.000000    4.029330 v _091_/A (sg13g2_inv_1)
     1    0.004679    0.023274    0.025733    4.055063 ^ _091_/Y (sg13g2_inv_1)
                                                         _017_ (net)
                      0.023274    0.000000    4.055063 ^ _119_/RESET_B (sg13g2_dfrbpq_1)
                                              4.055063   data arrival time

                      0.150000    0.000000    0.000000   clock clk (rise edge)
                                  0.000000    0.000000   clock network delay (ideal)
                                  0.250000    0.250000   clock uncertainty
                                  0.000000    0.250000   clock reconvergence pessimism
                                              0.250000 ^ _119_/CLK (sg13g2_dfrbpq_1)
                                 -0.054971    0.195029   library removal time
                                              0.195029   data required time
---------------------------------------------------------------------------------------------
                                              0.195029   data required time
                                             -4.055063   data arrival time
---------------------------------------------------------------------------------------------
                                              3.860034   slack (MET)


Startpoint: reset (input port clocked by clk)
Endpoint: _120_ (removal check against rising-edge clock clk)
Path Group: asynchronous
Path Type: min

Fanout         Cap        Slew       Delay        Time   Description
---------------------------------------------------------------------------------------------
                      0.150000    0.000000    0.000000   clock clk (rise edge)
                                  0.000000    0.000000   clock network delay (ideal)
                                  4.000000    4.000000 v input external delay
    24    0.066656    0.043317    0.029330    4.029330 v reset (in)
                                                         reset (net)
                      0.043317    0.000000    4.029330 v _092_/A (sg13g2_inv_1)
     1    0.004679    0.023274    0.025733    4.055063 ^ _092_/Y (sg13g2_inv_1)
                                                         _018_ (net)
                      0.023274    0.000000    4.055063 ^ _120_/RESET_B (sg13g2_dfrbpq_1)
                                              4.055063   data arrival time

                      0.150000    0.000000    0.000000   clock clk (rise edge)
                                  0.000000    0.000000   clock network delay (ideal)
                                  0.250000    0.250000   clock uncertainty
                                  0.000000    0.250000   clock reconvergence pessimism
                                              0.250000 ^ _120_/CLK (sg13g2_dfrbpq_1)
                                 -0.054971    0.195029   library removal time
                                              0.195029   data required time
---------------------------------------------------------------------------------------------
                                              0.195029   data required time
                                             -4.055063   data arrival time
---------------------------------------------------------------------------------------------
                                              3.860034   slack (MET)


Startpoint: reset (input port clocked by clk)
Endpoint: _121_ (removal check against rising-edge clock clk)
Path Group: asynchronous
Path Type: min

Fanout         Cap        Slew       Delay        Time   Description
---------------------------------------------------------------------------------------------
                      0.150000    0.000000    0.000000   clock clk (rise edge)
                                  0.000000    0.000000   clock network delay (ideal)
                                  4.000000    4.000000 v input external delay
    24    0.066656    0.043317    0.029330    4.029330 v reset (in)
                                                         reset (net)
                      0.043317    0.000000    4.029330 v _093_/A (sg13g2_inv_1)
     1    0.004679    0.023274    0.025733    4.055063 ^ _093_/Y (sg13g2_inv_1)
                                                         _019_ (net)
                      0.023274    0.000000    4.055063 ^ _121_/RESET_B (sg13g2_dfrbpq_1)
                                              4.055063   data arrival time

                      0.150000    0.000000    0.000000   clock clk (rise edge)
                                  0.000000    0.000000   clock network delay (ideal)
                                  0.250000    0.250000   clock uncertainty
                                  0.000000    0.250000   clock reconvergence pessimism
                                              0.250000 ^ _121_/CLK (sg13g2_dfrbpq_1)
                                 -0.054971    0.195029   library removal time
                                              0.195029   data required time
---------------------------------------------------------------------------------------------
                                              0.195029   data required time
                                             -4.055063   data arrival time
---------------------------------------------------------------------------------------------
                                              3.860034   slack (MET)


Startpoint: _120_ (rising edge-triggered flip-flop clocked by clk)
Endpoint: dout[0] (output port clocked by clk)
Path Group: clk
Path Type: min

Fanout         Cap        Slew       Delay        Time   Description
---------------------------------------------------------------------------------------------
                      0.150000    0.000000    0.000000   clock clk (rise edge)
                                  0.000000    0.000000   clock network delay (ideal)
                      0.150000    0.000000    0.000000 ^ _120_/CLK (sg13g2_dfrbpq_1)
     2    0.008583    0.024920    0.152661    0.152661 v _120_/Q (sg13g2_dfrbpq_1)
                                                         dout[0] (net)
                      0.024920    0.000000    0.152661 v dout[0] (out)
                                              0.152661   data arrival time

                      0.150000    0.000000    0.000000   clock clk (rise edge)
                                  0.000000    0.000000   clock network delay (ideal)
                                  0.250000    0.250000   clock uncertainty
                                  0.000000    0.250000   clock reconvergence pessimism
                                 -4.000000   -3.750000   output external delay
                                             -3.750000   data required time
---------------------------------------------------------------------------------------------
                                             -3.750000   data required time
                                             -0.152661   data arrival time
---------------------------------------------------------------------------------------------
                                              3.902661   slack (MET)


Startpoint: _106_ (rising edge-triggered flip-flop clocked by clk)
Endpoint: dout[10] (output port clocked by clk)
Path Group: clk
Path Type: min

Fanout         Cap        Slew       Delay        Time   Description
---------------------------------------------------------------------------------------------
                      0.150000    0.000000    0.000000   clock clk (rise edge)
                                  0.000000    0.000000   clock network delay (ideal)
                      0.150000    0.000000    0.000000 ^ _106_/CLK (sg13g2_dfrbpq_1)
     2    0.008583    0.024920    0.152661    0.152661 v _106_/Q (sg13g2_dfrbpq_1)
                                                         dout[10] (net)
                      0.024920    0.000000    0.152661 v dout[10] (out)
                                              0.152661   data arrival time

                      0.150000    0.000000    0.000000   clock clk (rise edge)
                                  0.000000    0.000000   clock network delay (ideal)
                                  0.250000    0.250000   clock uncertainty
                                  0.000000    0.250000   clock reconvergence pessimism
                                 -4.000000   -3.750000   output external delay
                                             -3.750000   data required time
---------------------------------------------------------------------------------------------
                                             -3.750000   data required time
                                             -0.152661   data arrival time
---------------------------------------------------------------------------------------------
                                              3.902661   slack (MET)


Startpoint: _107_ (rising edge-triggered flip-flop clocked by clk)
Endpoint: dout[11] (output port clocked by clk)
Path Group: clk
Path Type: min

Fanout         Cap        Slew       Delay        Time   Description
---------------------------------------------------------------------------------------------
                      0.150000    0.000000    0.000000   clock clk (rise edge)
                                  0.000000    0.000000   clock network delay (ideal)
                      0.150000    0.000000    0.000000 ^ _107_/CLK (sg13g2_dfrbpq_1)
     2    0.008583    0.024920    0.152661    0.152661 v _107_/Q (sg13g2_dfrbpq_1)
                                                         dout[11] (net)
                      0.024920    0.000000    0.152661 v dout[11] (out)
                                              0.152661   data arrival time

                      0.150000    0.000000    0.000000   clock clk (rise edge)
                                  0.000000    0.000000   clock network delay (ideal)
                                  0.250000    0.250000   clock uncertainty
                                  0.000000    0.250000   clock reconvergence pessimism
                                 -4.000000   -3.750000   output external delay
                                             -3.750000   data required time
---------------------------------------------------------------------------------------------
                                             -3.750000   data required time
                                             -0.152661   data arrival time
---------------------------------------------------------------------------------------------
                                              3.902661   slack (MET)


Startpoint: _121_ (rising edge-triggered flip-flop clocked by clk)
Endpoint: dout[1] (output port clocked by clk)
Path Group: clk
Path Type: min

Fanout         Cap        Slew       Delay        Time   Description
---------------------------------------------------------------------------------------------
                      0.150000    0.000000    0.000000   clock clk (rise edge)
                                  0.000000    0.000000   clock network delay (ideal)
                      0.150000    0.000000    0.000000 ^ _121_/CLK (sg13g2_dfrbpq_1)
     2    0.008583    0.024920    0.152661    0.152661 v _121_/Q (sg13g2_dfrbpq_1)
                                                         dout[1] (net)
                      0.024920    0.000000    0.152661 v dout[1] (out)
                                              0.152661   data arrival time

                      0.150000    0.000000    0.000000   clock clk (rise edge)
                                  0.000000    0.000000   clock network delay (ideal)
                                  0.250000    0.250000   clock uncertainty
                                  0.000000    0.250000   clock reconvergence pessimism
                                 -4.000000   -3.750000   output external delay
                                             -3.750000   data required time
---------------------------------------------------------------------------------------------
                                             -3.750000   data required time
                                             -0.152661   data arrival time
---------------------------------------------------------------------------------------------
                                              3.902661   slack (MET)


Startpoint: _098_ (rising edge-triggered flip-flop clocked by clk)
Endpoint: dout[2] (output port clocked by clk)
Path Group: clk
Path Type: min

Fanout         Cap        Slew       Delay        Time   Description
---------------------------------------------------------------------------------------------
                      0.150000    0.000000    0.000000   clock clk (rise edge)
                                  0.000000    0.000000   clock network delay (ideal)
                      0.150000    0.000000    0.000000 ^ _098_/CLK (sg13g2_dfrbpq_1)
     2    0.008583    0.024920    0.152661    0.152661 v _098_/Q (sg13g2_dfrbpq_1)
                                                         dout[2] (net)
                      0.024920    0.000000    0.152661 v dout[2] (out)
                                              0.152661   data arrival time

                      0.150000    0.000000    0.000000   clock clk (rise edge)
                                  0.000000    0.000000   clock network delay (ideal)
                                  0.250000    0.250000   clock uncertainty
                                  0.000000    0.250000   clock reconvergence pessimism
                                 -4.000000   -3.750000   output external delay
                                             -3.750000   data required time
---------------------------------------------------------------------------------------------
                                             -3.750000   data required time
                                             -0.152661   data arrival time
---------------------------------------------------------------------------------------------
                                              3.902661   slack (MET)


Startpoint: _099_ (rising edge-triggered flip-flop clocked by clk)
Endpoint: dout[3] (output port clocked by clk)
Path Group: clk
Path Type: min

Fanout         Cap        Slew       Delay        Time   Description
---------------------------------------------------------------------------------------------
                      0.150000    0.000000    0.000000   clock clk (rise edge)
                                  0.000000    0.000000   clock network delay (ideal)
                      0.150000    0.000000    0.000000 ^ _099_/CLK (sg13g2_dfrbpq_1)
     2    0.008583    0.024920    0.152661    0.152661 v _099_/Q (sg13g2_dfrbpq_1)
                                                         dout[3] (net)
                      0.024920    0.000000    0.152661 v dout[3] (out)
                                              0.152661   data arrival time

                      0.150000    0.000000    0.000000   clock clk (rise edge)
                                  0.000000    0.000000   clock network delay (ideal)
                                  0.250000    0.250000   clock uncertainty
                                  0.000000    0.250000   clock reconvergence pessimism
                                 -4.000000   -3.750000   output external delay
                                             -3.750000   data required time
---------------------------------------------------------------------------------------------
                                             -3.750000   data required time
                                             -0.152661   data arrival time
---------------------------------------------------------------------------------------------
                                              3.902661   slack (MET)


Startpoint: _100_ (rising edge-triggered flip-flop clocked by clk)
Endpoint: dout[4] (output port clocked by clk)
Path Group: clk
Path Type: min

Fanout         Cap        Slew       Delay        Time   Description
---------------------------------------------------------------------------------------------
                      0.150000    0.000000    0.000000   clock clk (rise edge)
                                  0.000000    0.000000   clock network delay (ideal)
                      0.150000    0.000000    0.000000 ^ _100_/CLK (sg13g2_dfrbpq_1)
     2    0.008583    0.024920    0.152661    0.152661 v _100_/Q (sg13g2_dfrbpq_1)
                                                         dout[4] (net)
                      0.024920    0.000000    0.152661 v dout[4] (out)
                                              0.152661   data arrival time

                      0.150000    0.000000    0.000000   clock clk (rise edge)
                                  0.000000    0.000000   clock network delay (ideal)
                                  0.250000    0.250000   clock uncertainty
                                  0.000000    0.250000   clock reconvergence pessimism
                                 -4.000000   -3.750000   output external delay
                                             -3.750000   data required time
---------------------------------------------------------------------------------------------
                                             -3.750000   data required time
                                             -0.152661   data arrival time
---------------------------------------------------------------------------------------------
                                              3.902661   slack (MET)


Startpoint: _101_ (rising edge-triggered flip-flop clocked by clk)
Endpoint: dout[5] (output port clocked by clk)
Path Group: clk
Path Type: min

Fanout         Cap        Slew       Delay        Time   Description
---------------------------------------------------------------------------------------------
                      0.150000    0.000000    0.000000   clock clk (rise edge)
                                  0.000000    0.000000   clock network delay (ideal)
                      0.150000    0.000000    0.000000 ^ _101_/CLK (sg13g2_dfrbpq_1)
     2    0.008583    0.024920    0.152661    0.152661 v _101_/Q (sg13g2_dfrbpq_1)
                                                         dout[5] (net)
                      0.024920    0.000000    0.152661 v dout[5] (out)
                                              0.152661   data arrival time

                      0.150000    0.000000    0.000000   clock clk (rise edge)
                                  0.000000    0.000000   clock network delay (ideal)
                                  0.250000    0.250000   clock uncertainty
                                  0.000000    0.250000   clock reconvergence pessimism
                                 -4.000000   -3.750000   output external delay
                                             -3.750000   data required time
---------------------------------------------------------------------------------------------
                                             -3.750000   data required time
                                             -0.152661   data arrival time
---------------------------------------------------------------------------------------------
                                              3.902661   slack (MET)


Startpoint: _102_ (rising edge-triggered flip-flop clocked by clk)
Endpoint: dout[6] (output port clocked by clk)
Path Group: clk
Path Type: min

Fanout         Cap        Slew       Delay        Time   Description
---------------------------------------------------------------------------------------------
                      0.150000    0.000000    0.000000   clock clk (rise edge)
                                  0.000000    0.000000   clock network delay (ideal)
                      0.150000    0.000000    0.000000 ^ _102_/CLK (sg13g2_dfrbpq_1)
     2    0.008583    0.024920    0.152661    0.152661 v _102_/Q (sg13g2_dfrbpq_1)
                                                         dout[6] (net)
                      0.024920    0.000000    0.152661 v dout[6] (out)
                                              0.152661   data arrival time

                      0.150000    0.000000    0.000000   clock clk (rise edge)
                                  0.000000    0.000000   clock network delay (ideal)
                                  0.250000    0.250000   clock uncertainty
                                  0.000000    0.250000   clock reconvergence pessimism
                                 -4.000000   -3.750000   output external delay
                                             -3.750000   data required time
---------------------------------------------------------------------------------------------
                                             -3.750000   data required time
                                             -0.152661   data arrival time
---------------------------------------------------------------------------------------------
                                              3.902661   slack (MET)


Startpoint: _103_ (rising edge-triggered flip-flop clocked by clk)
Endpoint: dout[7] (output port clocked by clk)
Path Group: clk
Path Type: min

Fanout         Cap        Slew       Delay        Time   Description
---------------------------------------------------------------------------------------------
                      0.150000    0.000000    0.000000   clock clk (rise edge)
                                  0.000000    0.000000   clock network delay (ideal)
                      0.150000    0.000000    0.000000 ^ _103_/CLK (sg13g2_dfrbpq_1)
     2    0.008583    0.024920    0.152661    0.152661 v _103_/Q (sg13g2_dfrbpq_1)
                                                         dout[7] (net)
                      0.024920    0.000000    0.152661 v dout[7] (out)
                                              0.152661   data arrival time

                      0.150000    0.000000    0.000000   clock clk (rise edge)
                                  0.000000    0.000000   clock network delay (ideal)
                                  0.250000    0.250000   clock uncertainty
                                  0.000000    0.250000   clock reconvergence pessimism
                                 -4.000000   -3.750000   output external delay
                                             -3.750000   data required time
---------------------------------------------------------------------------------------------
                                             -3.750000   data required time
                                             -0.152661   data arrival time
---------------------------------------------------------------------------------------------
                                              3.902661   slack (MET)


Startpoint: _104_ (rising edge-triggered flip-flop clocked by clk)
Endpoint: dout[8] (output port clocked by clk)
Path Group: clk
Path Type: min

Fanout         Cap        Slew       Delay        Time   Description
---------------------------------------------------------------------------------------------
                      0.150000    0.000000    0.000000   clock clk (rise edge)
                                  0.000000    0.000000   clock network delay (ideal)
                      0.150000    0.000000    0.000000 ^ _104_/CLK (sg13g2_dfrbpq_1)
     2    0.008583    0.024920    0.152661    0.152661 v _104_/Q (sg13g2_dfrbpq_1)
                                                         dout[8] (net)
                      0.024920    0.000000    0.152661 v dout[8] (out)
                                              0.152661   data arrival time

                      0.150000    0.000000    0.000000   clock clk (rise edge)
                                  0.000000    0.000000   clock network delay (ideal)
                                  0.250000    0.250000   clock uncertainty
                                  0.000000    0.250000   clock reconvergence pessimism
                                 -4.000000   -3.750000   output external delay
                                             -3.750000   data required time
---------------------------------------------------------------------------------------------
                                             -3.750000   data required time
                                             -0.152661   data arrival time
---------------------------------------------------------------------------------------------
                                              3.902661   slack (MET)


Startpoint: _105_ (rising edge-triggered flip-flop clocked by clk)
Endpoint: dout[9] (output port clocked by clk)
Path Group: clk
Path Type: min

Fanout         Cap        Slew       Delay        Time   Description
---------------------------------------------------------------------------------------------
                      0.150000    0.000000    0.000000   clock clk (rise edge)
                                  0.000000    0.000000   clock network delay (ideal)
                      0.150000    0.000000    0.000000 ^ _105_/CLK (sg13g2_dfrbpq_1)
     2    0.008583    0.024920    0.152661    0.152661 v _105_/Q (sg13g2_dfrbpq_1)
                                                         dout[9] (net)
                      0.024920    0.000000    0.152661 v dout[9] (out)
                                              0.152661   data arrival time

                      0.150000    0.000000    0.000000   clock clk (rise edge)
                                  0.000000    0.000000   clock network delay (ideal)
                                  0.250000    0.250000   clock uncertainty
                                  0.000000    0.250000   clock reconvergence pessimism
                                 -4.000000   -3.750000   output external delay
                                             -3.750000   data required time
---------------------------------------------------------------------------------------------
                                             -3.750000   data required time
                                             -0.152661   data arrival time
---------------------------------------------------------------------------------------------
                                              3.902661   slack (MET)



