+ define_corners nom_typ_1p20V_25C
Reading timing models for corner nom_typ_1p20V_25C…
Reading cell library for the 'nom_typ_1p20V_25C' corner at '/opt/pdks/ihp-sg13g2/libs.ref/sg13g2_stdcell/lib/sg13g2_stdcell_typ_1p20V_25C.lib'…
Reading cell library for the 'nom_typ_1p20V_25C' corner at '/opt/pdks/ihp-sg13g2/libs.ref/sg13g2_io/lib/sg13g2_io_typ_1p2V_3p3V_25C.lib'…
Reading top-level netlist at '/home/designer/shared/s2p/runs/RUN_2026-09-12_02-16-42/52-openroad-fillinsertion/serial2parallel.nl.v'…
Linking design 'serial2parallel' from netlist…
Reading design constraints file at '/nix/store/4lnizdcfpwncfgmyqhj7a0vd92nr2swy-python3.13-librelane-3.1.0.dev3/lib/python3.13/site-packages/librelane/scripts/base.sdc'…
[INFO] Using clock clk…
[INFO] Setting output delay to: 4.0
[INFO] Setting input delay to: 4.0
[INFO] Setting load to: 0.006
[INFO] Setting clock uncertainty to: 0.25
[INFO] Setting clock transition to: 0.15
[INFO] Setting timing derate to: 5.0%
Reading top-level design parasitics for the 'nom_typ_1p20V_25C' corner at '/home/designer/shared/s2p/runs/RUN_2026-09-12_02-16-42/54-openroad-rcx/nom/serial2parallel.nom.spef'…
%OL_CREATE_REPORT min.rpt

===========================================================================
report_checks -path_delay min (Hold)
============================================================================
======================= nom_typ_1p20V_25C Corner ===================================

Startpoint: _116_ (rising edge-triggered flip-flop clocked by clk)
Endpoint: _104_ (rising edge-triggered flip-flop clocked by clk)
Path Group: clk
Path Type: min

Fanout         Cap        Slew       Delay        Time   Description
---------------------------------------------------------------------------------------------
                                  0.000000    0.000000   clock clk (rise edge)
                                  0.000000    0.000000   clock source latency
     1    0.044287    0.059105    0.037715    0.037715 ^ clk (in)
                                                         clk (net)
                      0.060454    0.000000    0.037715 ^ clkbuf_0_clk/A (sg13g2_buf_16)
     4    0.080352    0.033942    0.085235    0.122950 ^ clkbuf_0_clk/X (sg13g2_buf_16)
                                                         clknet_0_clk (net)
                      0.035331    0.004694    0.127644 ^ clkbuf_2_2__f_clk/A (sg13g2_buf_16)
     6    0.038260    0.023822    0.067414    0.195058 ^ clkbuf_2_2__f_clk/X (sg13g2_buf_16)
                                                         clknet_2_2__leaf_clk (net)
                      0.023830    0.000829    0.195887 ^ _116_/CLK (sg13g2_dfrbpq_1)
     2    0.006473    0.036736    0.165893    0.361780 ^ _116_/Q (sg13g2_dfrbpq_1)
                                                         internal_data_reg[8] (net)
                      0.036760    0.000353    0.362133 ^ _072_/A1 (sg13g2_mux2_1)
     1    0.002074    0.024798    0.080897    0.443029 ^ _072_/X (sg13g2_mux2_1)
                                                         _026_ (net)
                      0.024798    0.000072    0.443101 ^ hold28/A (sg13g2_dlygate4sd3_1)
     1    0.001428    0.029033    0.332272    0.775374 ^ hold28/X (sg13g2_dlygate4sd3_1)
                                                         net28 (net)
                      0.029033    0.000053    0.775427 ^ _104_/D (sg13g2_dfrbpq_1)
                                              0.775427   data arrival time

                                  0.000000    0.000000   clock clk (rise edge)
                                  0.000000    0.000000   clock source latency
     1    0.046960    0.061870    0.044148    0.044148 ^ clk (in)
                                                         clk (net)
                      0.063388    0.000000    0.044148 ^ clkbuf_0_clk/A (sg13g2_buf_16)
     4    0.091043    0.036729    0.097358    0.141506 ^ clkbuf_0_clk/X (sg13g2_buf_16)
                                                         clknet_0_clk (net)
                      0.038347    0.005899    0.147405 ^ clkbuf_2_2__f_clk/A (sg13g2_buf_16)
     6    0.040944    0.024549    0.076543    0.223948 ^ clkbuf_2_2__f_clk/X (sg13g2_buf_16)
                                                         clknet_2_2__leaf_clk (net)
                      0.024561    0.001126    0.225074 ^ _104_/CLK (sg13g2_dfrbpq_1)
                                  0.250000    0.475074   clock uncertainty
                                 -0.028890    0.446184   clock reconvergence pessimism
                                 -0.060889    0.385295   library hold time
                                              0.385295   data required time
---------------------------------------------------------------------------------------------
                                              0.385295   data required time
                                             -0.775427   data arrival time
---------------------------------------------------------------------------------------------
                                              0.390132   slack (MET)


Startpoint: _115_ (rising edge-triggered flip-flop clocked by clk)
Endpoint: _103_ (rising edge-triggered flip-flop clocked by clk)
Path Group: clk
Path Type: min

Fanout         Cap        Slew       Delay        Time   Description
---------------------------------------------------------------------------------------------
                                  0.000000    0.000000   clock clk (rise edge)
                                  0.000000    0.000000   clock source latency
     1    0.044287    0.059105    0.037715    0.037715 ^ clk (in)
                                                         clk (net)
                      0.060454    0.000000    0.037715 ^ clkbuf_0_clk/A (sg13g2_buf_16)
     4    0.080352    0.033942    0.085235    0.122950 ^ clkbuf_0_clk/X (sg13g2_buf_16)
                                                         clknet_0_clk (net)
                      0.035331    0.004694    0.127644 ^ clkbuf_2_2__f_clk/A (sg13g2_buf_16)
     6    0.038260    0.023822    0.067414    0.195058 ^ clkbuf_2_2__f_clk/X (sg13g2_buf_16)
                                                         clknet_2_2__leaf_clk (net)
                      0.023897    0.002152    0.197210 ^ _115_/CLK (sg13g2_dfrbpq_1)
     2    0.007180    0.039374    0.167879    0.365089 ^ _115_/Q (sg13g2_dfrbpq_1)
                                                         internal_data_reg[7] (net)
                      0.039378    0.000397    0.365486 ^ _073_/A1 (sg13g2_mux2_1)
     1    0.002788    0.027326    0.084172    0.449658 ^ _073_/X (sg13g2_mux2_1)
                                                         _025_ (net)
                      0.027326    0.000093    0.449751 ^ hold35/A (sg13g2_dlygate4sd3_1)
     1    0.001684    0.029959    0.334367    0.784118 ^ hold35/X (sg13g2_dlygate4sd3_1)
                                                         net35 (net)
                      0.029959    0.000060    0.784177 ^ _103_/D (sg13g2_dfrbpq_1)
                                              0.784177   data arrival time

                                  0.000000    0.000000   clock clk (rise edge)
                                  0.000000    0.000000   clock source latency
     1    0.046960    0.061870    0.044148    0.044148 ^ clk (in)
                                                         clk (net)
                      0.063388    0.000000    0.044148 ^ clkbuf_0_clk/A (sg13g2_buf_16)
     4    0.091043    0.036729    0.097358    0.141506 ^ clkbuf_0_clk/X (sg13g2_buf_16)
                                                         clknet_0_clk (net)
                      0.038347    0.005899    0.147405 ^ clkbuf_2_2__f_clk/A (sg13g2_buf_16)
     6    0.040944    0.024549    0.076543    0.223948 ^ clkbuf_2_2__f_clk/X (sg13g2_buf_16)
                                                         clknet_2_2__leaf_clk (net)
                      0.024612    0.002236    0.226184 ^ _103_/CLK (sg13g2_dfrbpq_1)
                                  0.250000    0.476184   clock uncertainty
                                 -0.028890    0.447294   clock reconvergence pessimism
                                 -0.061137    0.386157   library hold time
                                              0.386157   data required time
---------------------------------------------------------------------------------------------
                                              0.386157   data required time
                                             -0.784177   data arrival time
---------------------------------------------------------------------------------------------
                                              0.398020   slack (MET)


Startpoint: _112_ (rising edge-triggered flip-flop clocked by clk)
Endpoint: _100_ (rising edge-triggered flip-flop clocked by clk)
Path Group: clk
Path Type: min

Fanout         Cap        Slew       Delay        Time   Description
---------------------------------------------------------------------------------------------
                                  0.000000    0.000000   clock clk (rise edge)
                                  0.000000    0.000000   clock source latency
     1    0.044287    0.059105    0.037715    0.037715 ^ clk (in)
                                                         clk (net)
                      0.060454    0.000000    0.037715 ^ clkbuf_0_clk/A (sg13g2_buf_16)
     4    0.080352    0.033942    0.085235    0.122950 ^ clkbuf_0_clk/X (sg13g2_buf_16)
                                                         clknet_0_clk (net)
                      0.036206    0.006353    0.129303 ^ clkbuf_2_0__f_clk/A (sg13g2_buf_16)
     6    0.036796    0.023535    0.067546    0.196850 ^ clkbuf_2_0__f_clk/X (sg13g2_buf_16)
                                                         clknet_2_0__leaf_clk (net)
                      0.023585    0.001784    0.198633 ^ _112_/CLK (sg13g2_dfrbpq_1)
     2    0.008584    0.044620    0.171524    0.370157 ^ _112_/Q (sg13g2_dfrbpq_1)
                                                         internal_data_reg[4] (net)
                      0.044629    0.000582    0.370739 ^ _051_/A1 (sg13g2_mux2_1)
     1    0.002621    0.026833    0.085758    0.456496 ^ _051_/X (sg13g2_mux2_1)
                                                         _046_ (net)
                      0.026833    0.000145    0.456642 ^ hold39/A (sg13g2_dlygate4sd3_1)
     1    0.002522    0.032904    0.336887    0.793528 ^ hold39/X (sg13g2_dlygate4sd3_1)
                                                         net39 (net)
                      0.032904    0.000084    0.793612 ^ _100_/D (sg13g2_dfrbpq_1)
                                              0.793612   data arrival time

                                  0.000000    0.000000   clock clk (rise edge)
                                  0.000000    0.000000   clock source latency
     1    0.046960    0.061870    0.044148    0.044148 ^ clk (in)
                                                         clk (net)
                      0.063388    0.000000    0.044148 ^ clkbuf_0_clk/A (sg13g2_buf_16)
     4    0.091043    0.036729    0.097358    0.141506 ^ clkbuf_0_clk/X (sg13g2_buf_16)
                                                         clknet_0_clk (net)
                      0.038920    0.007063    0.148569 ^ clkbuf_2_1__f_clk/A (sg13g2_buf_16)
     6    0.033935    0.023037    0.075691    0.224260 ^ clkbuf_2_1__f_clk/X (sg13g2_buf_16)
                                                         clknet_2_1__leaf_clk (net)
                      0.023049    0.001122    0.225382 ^ _100_/CLK (sg13g2_dfrbpq_1)
                                  0.250000    0.475382   clock uncertainty
                                 -0.018556    0.456826   clock reconvergence pessimism
                                 -0.062108    0.394718   library hold time
                                              0.394718   data required time
---------------------------------------------------------------------------------------------
                                              0.394718   data required time
                                             -0.793612   data arrival time
---------------------------------------------------------------------------------------------
                                              0.398894   slack (MET)


Startpoint: _106_ (rising edge-triggered flip-flop clocked by clk)
Endpoint: _106_ (rising edge-triggered flip-flop clocked by clk)
Path Group: clk
Path Type: min

Fanout         Cap        Slew       Delay        Time   Description
---------------------------------------------------------------------------------------------
                                  0.000000    0.000000   clock clk (rise edge)
                                  0.000000    0.000000   clock source latency
     1    0.044287    0.059105    0.037715    0.037715 ^ clk (in)
                                                         clk (net)
                      0.060454    0.000000    0.037715 ^ clkbuf_0_clk/A (sg13g2_buf_16)
     4    0.080352    0.033942    0.085235    0.122950 ^ clkbuf_0_clk/X (sg13g2_buf_16)
                                                         clknet_0_clk (net)
                      0.035474    0.004994    0.127944 ^ clkbuf_2_3__f_clk/A (sg13g2_buf_16)
     6    0.026024    0.021109    0.065349    0.193293 ^ clkbuf_2_3__f_clk/X (sg13g2_buf_16)
                                                         clknet_2_3__leaf_clk (net)
                      0.021182    0.002078    0.195371 ^ _106_/CLK (sg13g2_dfrbpq_1)
     2    0.006419    0.036537    0.164534    0.359905 ^ _106_/Q (sg13g2_dfrbpq_1)
                                                         net6 (net)
                      0.036560    0.000332    0.360237 ^ hold52/A (sg13g2_dlygate4sd3_1)
     1    0.002834    0.033992    0.342720    0.702957 ^ hold52/X (sg13g2_dlygate4sd3_1)
                                                         net52 (net)
                      0.033992    0.000105    0.703062 ^ _070_/A0 (sg13g2_mux2_1)
     1    0.002071    0.024789    0.083576    0.786637 ^ _070_/X (sg13g2_mux2_1)
                                                         _028_ (net)
                      0.024789    0.000074    0.786712 ^ _106_/D (sg13g2_dfrbpq_1)
                                              0.786712   data arrival time

                                  0.000000    0.000000   clock clk (rise edge)
                                  0.000000    0.000000   clock source latency
     1    0.046960    0.061870    0.044148    0.044148 ^ clk (in)
                                                         clk (net)
                      0.063388    0.000000    0.044148 ^ clkbuf_0_clk/A (sg13g2_buf_16)
     4    0.091043    0.036729    0.097358    0.141506 ^ clkbuf_0_clk/X (sg13g2_buf_16)
                                                         clknet_0_clk (net)
                      0.038525    0.006279    0.147785 ^ clkbuf_2_3__f_clk/A (sg13g2_buf_16)
     6    0.028708    0.021858    0.074276    0.222061 ^ clkbuf_2_3__f_clk/X (sg13g2_buf_16)
                                                         clknet_2_3__leaf_clk (net)
                      0.021953    0.002533    0.224594 ^ _106_/CLK (sg13g2_dfrbpq_1)
                                  0.250000    0.474594   clock uncertainty
                                 -0.029223    0.445371   clock reconvergence pessimism
                                 -0.060012    0.385359   library hold time
                                              0.385359   data required time
---------------------------------------------------------------------------------------------
                                              0.385359   data required time
                                             -0.786712   data arrival time
---------------------------------------------------------------------------------------------
                                              0.401353   slack (MET)


Startpoint: _119_ (rising edge-triggered flip-flop clocked by clk)
Endpoint: _119_ (rising edge-triggered flip-flop clocked by clk)
Path Group: clk
Path Type: min

Fanout         Cap        Slew       Delay        Time   Description
---------------------------------------------------------------------------------------------
                                  0.000000    0.000000   clock clk (rise edge)
                                  0.000000    0.000000   clock source latency
     1    0.044287    0.059105    0.037715    0.037715 ^ clk (in)
                                                         clk (net)
                      0.060454    0.000000    0.037715 ^ clkbuf_0_clk/A (sg13g2_buf_16)
     4    0.080352    0.033942    0.085235    0.122950 ^ clkbuf_0_clk/X (sg13g2_buf_16)
                                                         clknet_0_clk (net)
                      0.035474    0.004994    0.127944 ^ clkbuf_2_3__f_clk/A (sg13g2_buf_16)
     6    0.026024    0.021109    0.065349    0.193293 ^ clkbuf_2_3__f_clk/X (sg13g2_buf_16)
                                                         clknet_2_3__leaf_clk (net)
                      0.021170    0.001929    0.195222 ^ _119_/CLK (sg13g2_dfrbpq_1)
     1    0.001937    0.020512    0.152242    0.347464 ^ _119_/Q (sg13g2_dfrbpq_1)
                                                         internal_data_reg[11] (net)
                      0.020513    0.000126    0.347590 ^ hold31/A (sg13g2_dlygate4sd3_1)
     2    0.007571    0.050547    0.350263    0.697853 ^ hold31/X (sg13g2_dlygate4sd3_1)
                                                         net31 (net)
                      0.050547    0.000455    0.698308 ^ _057_/A0 (sg13g2_mux2_1)
     1    0.001525    0.023008    0.089017    0.787325 ^ _057_/X (sg13g2_mux2_1)
                                                         _041_ (net)
                      0.023009    0.000056    0.787381 ^ _119_/D (sg13g2_dfrbpq_1)
                                              0.787381   data arrival time

                                  0.000000    0.000000   clock clk (rise edge)
                                  0.000000    0.000000   clock source latency
     1    0.046960    0.061870    0.044148    0.044148 ^ clk (in)
                                                         clk (net)
                      0.063388    0.000000    0.044148 ^ clkbuf_0_clk/A (sg13g2_buf_16)
     4    0.091043    0.036729    0.097358    0.141506 ^ clkbuf_0_clk/X (sg13g2_buf_16)
                                                         clknet_0_clk (net)
                      0.038525    0.006279    0.147785 ^ clkbuf_2_3__f_clk/A (sg13g2_buf_16)
     6    0.028708    0.021858    0.074276    0.222061 ^ clkbuf_2_3__f_clk/X (sg13g2_buf_16)
                                                         clknet_2_3__leaf_clk (net)
                      0.021938    0.002354    0.224415 ^ _119_/CLK (sg13g2_dfrbpq_1)
                                  0.250000    0.474415   clock uncertainty
                                 -0.029193    0.445222   clock reconvergence pessimism
                                 -0.059528    0.385693   library hold time
                                              0.385693   data required time
---------------------------------------------------------------------------------------------
                                              0.385693   data required time
                                             -0.787381   data arrival time
---------------------------------------------------------------------------------------------
                                              0.401688   slack (MET)


Startpoint: _117_ (rising edge-triggered flip-flop clocked by clk)
Endpoint: _105_ (rising edge-triggered flip-flop clocked by clk)
Path Group: clk
Path Type: min

Fanout         Cap        Slew       Delay        Time   Description
---------------------------------------------------------------------------------------------
                                  0.000000    0.000000   clock clk (rise edge)
                                  0.000000    0.000000   clock source latency
     1    0.044287    0.059105    0.037715    0.037715 ^ clk (in)
                                                         clk (net)
                      0.060454    0.000000    0.037715 ^ clkbuf_0_clk/A (sg13g2_buf_16)
     4    0.080352    0.033942    0.085235    0.122950 ^ clkbuf_0_clk/X (sg13g2_buf_16)
                                                         clknet_0_clk (net)
                      0.035474    0.004994    0.127944 ^ clkbuf_2_3__f_clk/A (sg13g2_buf_16)
     6    0.026024    0.021109    0.065349    0.193293 ^ clkbuf_2_3__f_clk/X (sg13g2_buf_16)
                                                         clknet_2_3__leaf_clk (net)
                      0.021109    0.000121    0.193413 ^ _117_/CLK (sg13g2_dfrbpq_1)
     3    0.009535    0.048217    0.173032    0.366446 ^ _117_/Q (sg13g2_dfrbpq_1)
                                                         internal_data_reg[9] (net)
                      0.048221    0.000479    0.366925 ^ _071_/A1 (sg13g2_mux2_1)
     1    0.002352    0.025783    0.086360    0.453285 ^ _071_/X (sg13g2_mux2_1)
                                                         _027_ (net)
                      0.025783    0.000140    0.453424 ^ hold37/A (sg13g2_dlygate4sd3_1)
     1    0.001742    0.030168    0.333795    0.787220 ^ hold37/X (sg13g2_dlygate4sd3_1)
                                                         net37 (net)
                      0.030168    0.000061    0.787281 ^ _105_/D (sg13g2_dfrbpq_1)
                                              0.787281   data arrival time

                                  0.000000    0.000000   clock clk (rise edge)
                                  0.000000    0.000000   clock source latency
     1    0.046960    0.061870    0.044148    0.044148 ^ clk (in)
                                                         clk (net)
                      0.063388    0.000000    0.044148 ^ clkbuf_0_clk/A (sg13g2_buf_16)
     4    0.091043    0.036729    0.097358    0.141506 ^ clkbuf_0_clk/X (sg13g2_buf_16)
                                                         clknet_0_clk (net)
                      0.038525    0.006279    0.147785 ^ clkbuf_2_3__f_clk/A (sg13g2_buf_16)
     6    0.028708    0.021858    0.074276    0.222061 ^ clkbuf_2_3__f_clk/X (sg13g2_buf_16)
                                                         clknet_2_3__leaf_clk (net)
                      0.021897    0.001764    0.223825 ^ _105_/CLK (sg13g2_dfrbpq_1)
                                  0.250000    0.473825   clock uncertainty
                                 -0.028768    0.445057   clock reconvergence pessimism
                                 -0.061485    0.383571   library hold time
                                              0.383571   data required time
---------------------------------------------------------------------------------------------
                                              0.383571   data required time
                                             -0.787281   data arrival time
---------------------------------------------------------------------------------------------
                                              0.403710   slack (MET)


Startpoint: _117_ (rising edge-triggered flip-flop clocked by clk)
Endpoint: _117_ (rising edge-triggered flip-flop clocked by clk)
Path Group: clk
Path Type: min

Fanout         Cap        Slew       Delay        Time   Description
---------------------------------------------------------------------------------------------
                                  0.000000    0.000000   clock clk (rise edge)
                                  0.000000    0.000000   clock source latency
     1    0.044287    0.059105    0.037715    0.037715 ^ clk (in)
                                                         clk (net)
                      0.060454    0.000000    0.037715 ^ clkbuf_0_clk/A (sg13g2_buf_16)
     4    0.080352    0.033942    0.085235    0.122950 ^ clkbuf_0_clk/X (sg13g2_buf_16)
                                                         clknet_0_clk (net)
                      0.035474    0.004994    0.127944 ^ clkbuf_2_3__f_clk/A (sg13g2_buf_16)
     6    0.026024    0.021109    0.065349    0.193293 ^ clkbuf_2_3__f_clk/X (sg13g2_buf_16)
                                                         clknet_2_3__leaf_clk (net)
                      0.021109    0.000121    0.193413 ^ _117_/CLK (sg13g2_dfrbpq_1)
     3    0.009512    0.037874    0.167153    0.360566 v _117_/Q (sg13g2_dfrbpq_1)
                                                         internal_data_reg[9] (net)
                      0.037882    0.000514    0.361080 v _059_/A0 (sg13g2_mux2_1)
     1    0.002345    0.027682    0.103995    0.465075 v _059_/X (sg13g2_mux2_1)
                                                         _039_ (net)
                      0.027682    0.000081    0.465156 v hold45/A (sg13g2_dlygate4sd3_1)
     1    0.001845    0.033763    0.348547    0.813703 v hold45/X (sg13g2_dlygate4sd3_1)
                                                         net45 (net)
                      0.033763    0.000068    0.813770 v _117_/D (sg13g2_dfrbpq_1)
                                              0.813770   data arrival time

                                  0.000000    0.000000   clock clk (rise edge)
                                  0.000000    0.000000   clock source latency
     1    0.046960    0.061870    0.044148    0.044148 ^ clk (in)
                                                         clk (net)
                      0.063388    0.000000    0.044148 ^ clkbuf_0_clk/A (sg13g2_buf_16)
     4    0.091043    0.036729    0.097358    0.141506 ^ clkbuf_0_clk/X (sg13g2_buf_16)
                                                         clknet_0_clk (net)
                      0.038525    0.006279    0.147785 ^ clkbuf_2_3__f_clk/A (sg13g2_buf_16)
     6    0.028708    0.021858    0.074276    0.222061 ^ clkbuf_2_3__f_clk/X (sg13g2_buf_16)
                                                         clknet_2_3__leaf_clk (net)
                      0.021859    0.000153    0.222214 ^ _117_/CLK (sg13g2_dfrbpq_1)
                                  0.250000    0.472214   clock uncertainty
                                 -0.028801    0.443413   clock reconvergence pessimism
                                 -0.038358    0.405056   library hold time
                                              0.405056   data required time
---------------------------------------------------------------------------------------------
                                              0.405056   data required time
                                             -0.813770   data arrival time
---------------------------------------------------------------------------------------------
                                              0.408715   slack (MET)


Startpoint: _113_ (rising edge-triggered flip-flop clocked by clk)
Endpoint: _101_ (rising edge-triggered flip-flop clocked by clk)
Path Group: clk
Path Type: min

Fanout         Cap        Slew       Delay        Time   Description
---------------------------------------------------------------------------------------------
                                  0.000000    0.000000   clock clk (rise edge)
                                  0.000000    0.000000   clock source latency
     1    0.044287    0.059105    0.037715    0.037715 ^ clk (in)
                                                         clk (net)
                      0.060454    0.000000    0.037715 ^ clkbuf_0_clk/A (sg13g2_buf_16)
     4    0.080352    0.033942    0.085235    0.122950 ^ clkbuf_0_clk/X (sg13g2_buf_16)
                                                         clknet_0_clk (net)
                      0.035793    0.005618    0.128568 ^ clkbuf_2_1__f_clk/A (sg13g2_buf_16)
     6    0.031250    0.022290    0.066571    0.195139 ^ clkbuf_2_1__f_clk/X (sg13g2_buf_16)
                                                         clknet_2_1__leaf_clk (net)
                      0.022295    0.000598    0.195736 ^ _113_/CLK (sg13g2_dfrbpq_1)
     3    0.011445    0.055479    0.178790    0.374526 ^ _113_/Q (sg13g2_dfrbpq_1)
                                                         internal_data_reg[5] (net)
                      0.055484    0.000546    0.375072 ^ _050_/A1 (sg13g2_mux2_1)
     1    0.002062    0.024880    0.088382    0.463454 ^ _050_/X (sg13g2_mux2_1)
                                                         _047_ (net)
                      0.024880    0.000072    0.463526 ^ hold26/A (sg13g2_dlygate4sd3_1)
     1    0.001428    0.029033    0.332313    0.795839 ^ hold26/X (sg13g2_dlygate4sd3_1)
                                                         net26 (net)
                      0.029033    0.000053    0.795892 ^ _101_/D (sg13g2_dfrbpq_1)
                                              0.795892   data arrival time

                                  0.000000    0.000000   clock clk (rise edge)
                                  0.000000    0.000000   clock source latency
     1    0.046960    0.061870    0.044148    0.044148 ^ clk (in)
                                                         clk (net)
                      0.063388    0.000000    0.044148 ^ clkbuf_0_clk/A (sg13g2_buf_16)
     4    0.091043    0.036729    0.097358    0.141506 ^ clkbuf_0_clk/X (sg13g2_buf_16)
                                                         clknet_0_clk (net)
                      0.038920    0.007063    0.148569 ^ clkbuf_2_1__f_clk/A (sg13g2_buf_16)
     6    0.033935    0.023037    0.075691    0.224260 ^ clkbuf_2_1__f_clk/X (sg13g2_buf_16)
                                                         clknet_2_1__leaf_clk (net)
                      0.023043    0.000837    0.225098 ^ _101_/CLK (sg13g2_dfrbpq_1)
                                  0.250000    0.475098   clock uncertainty
                                 -0.029121    0.445976   clock reconvergence pessimism
                                 -0.061053    0.384924   library hold time
                                              0.384924   data required time
---------------------------------------------------------------------------------------------
                                              0.384924   data required time
                                             -0.795892   data arrival time
---------------------------------------------------------------------------------------------
                                              0.410968   slack (MET)


Startpoint: _117_ (rising edge-triggered flip-flop clocked by clk)
Endpoint: _118_ (rising edge-triggered flip-flop clocked by clk)
Path Group: clk
Path Type: min

Fanout         Cap        Slew       Delay        Time   Description
---------------------------------------------------------------------------------------------
                                  0.000000    0.000000   clock clk (rise edge)
                                  0.000000    0.000000   clock source latency
     1    0.044287    0.059105    0.037715    0.037715 ^ clk (in)
                                                         clk (net)
                      0.060454    0.000000    0.037715 ^ clkbuf_0_clk/A (sg13g2_buf_16)
     4    0.080352    0.033942    0.085235    0.122950 ^ clkbuf_0_clk/X (sg13g2_buf_16)
                                                         clknet_0_clk (net)
                      0.035474    0.004994    0.127944 ^ clkbuf_2_3__f_clk/A (sg13g2_buf_16)
     6    0.026024    0.021109    0.065349    0.193293 ^ clkbuf_2_3__f_clk/X (sg13g2_buf_16)
                                                         clknet_2_3__leaf_clk (net)
                      0.021109    0.000121    0.193413 ^ _117_/CLK (sg13g2_dfrbpq_1)
     3    0.009535    0.048217    0.173032    0.366446 ^ _117_/Q (sg13g2_dfrbpq_1)
                                                         internal_data_reg[9] (net)
                      0.048220    0.000440    0.366886 ^ hold53/A (sg13g2_dlygate4sd3_1)
     1    0.003484    0.036248    0.350631    0.717516 ^ hold53/X (sg13g2_dlygate4sd3_1)
                                                         net53 (net)
                      0.036248    0.000127    0.717643 ^ _058_/A1 (sg13g2_mux2_1)
     1    0.001592    0.023027    0.079191    0.796834 ^ _058_/X (sg13g2_mux2_1)
                                                         _040_ (net)
                      0.023028    0.000059    0.796893 ^ _118_/D (sg13g2_dfrbpq_1)
                                              0.796893   data arrival time

                                  0.000000    0.000000   clock clk (rise edge)
                                  0.000000    0.000000   clock source latency
     1    0.046960    0.061870    0.044148    0.044148 ^ clk (in)
                                                         clk (net)
                      0.063388    0.000000    0.044148 ^ clkbuf_0_clk/A (sg13g2_buf_16)
     4    0.091043    0.036729    0.097358    0.141506 ^ clkbuf_0_clk/X (sg13g2_buf_16)
                                                         clknet_0_clk (net)
                      0.038525    0.006279    0.147785 ^ clkbuf_2_3__f_clk/A (sg13g2_buf_16)
     6    0.028708    0.021858    0.074276    0.222061 ^ clkbuf_2_3__f_clk/X (sg13g2_buf_16)
                                                         clknet_2_3__leaf_clk (net)
                      0.021900    0.001822    0.223883 ^ _118_/CLK (sg13g2_dfrbpq_1)
                                  0.250000    0.473883   clock uncertainty
                                 -0.028768    0.445115   clock reconvergence pessimism
                                 -0.059538    0.385577   library hold time
                                              0.385577   data required time
---------------------------------------------------------------------------------------------
                                              0.385577   data required time
                                             -0.796893   data arrival time
---------------------------------------------------------------------------------------------
                                              0.411316   slack (MET)


Startpoint: _099_ (rising edge-triggered flip-flop clocked by clk)
Endpoint: _099_ (rising edge-triggered flip-flop clocked by clk)
Path Group: clk
Path Type: min

Fanout         Cap        Slew       Delay        Time   Description
---------------------------------------------------------------------------------------------
                                  0.000000    0.000000   clock clk (rise edge)
                                  0.000000    0.000000   clock source latency
     1    0.044287    0.059105    0.037715    0.037715 ^ clk (in)
                                                         clk (net)
                      0.060454    0.000000    0.037715 ^ clkbuf_0_clk/A (sg13g2_buf_16)
     4    0.080352    0.033942    0.085235    0.122950 ^ clkbuf_0_clk/X (sg13g2_buf_16)
                                                         clknet_0_clk (net)
                      0.035793    0.005618    0.128568 ^ clkbuf_2_1__f_clk/A (sg13g2_buf_16)
     6    0.031250    0.022290    0.066571    0.195139 ^ clkbuf_2_1__f_clk/X (sg13g2_buf_16)
                                                         clknet_2_1__leaf_clk (net)
                      0.022304    0.001076    0.196215 ^ _099_/CLK (sg13g2_dfrbpq_1)
     2    0.010833    0.041742    0.170665    0.366880 v _099_/Q (sg13g2_dfrbpq_1)
                                                         net10 (net)
                      0.041749    0.000520    0.367401 v _052_/A0 (sg13g2_mux2_1)
     1    0.001648    0.025871    0.103282    0.470682 v _052_/X (sg13g2_mux2_1)
                                                         _045_ (net)
                      0.025871    0.000061    0.470743 v hold49/A (sg13g2_dlygate4sd3_1)
     1    0.002394    0.035291    0.349402    0.820145 v hold49/X (sg13g2_dlygate4sd3_1)
                                                         net49 (net)
                      0.035292    0.000148    0.820294 v _099_/D (sg13g2_dfrbpq_1)
                                              0.820294   data arrival time

                                  0.000000    0.000000   clock clk (rise edge)
                                  0.000000    0.000000   clock source latency
     1    0.046960    0.061870    0.044148    0.044148 ^ clk (in)
                                                         clk (net)
                      0.063388    0.000000    0.044148 ^ clkbuf_0_clk/A (sg13g2_buf_16)
     4    0.091043    0.036729    0.097358    0.141506 ^ clkbuf_0_clk/X (sg13g2_buf_16)
                                                         clknet_0_clk (net)
                      0.038920    0.007063    0.148569 ^ clkbuf_2_1__f_clk/A (sg13g2_buf_16)
     6    0.033935    0.023037    0.075691    0.224260 ^ clkbuf_2_1__f_clk/X (sg13g2_buf_16)
                                                         clknet_2_1__leaf_clk (net)
                      0.023053    0.001305    0.225565 ^ _099_/CLK (sg13g2_dfrbpq_1)
                                  0.250000    0.475565   clock uncertainty
                                 -0.029350    0.446215   clock reconvergence pessimism
                                 -0.038594    0.407622   library hold time
                                              0.407622   data required time
---------------------------------------------------------------------------------------------
                                              0.407622   data required time
                                             -0.820294   data arrival time
---------------------------------------------------------------------------------------------
                                              0.412672   slack (MET)


Startpoint: _113_ (rising edge-triggered flip-flop clocked by clk)
Endpoint: _113_ (rising edge-triggered flip-flop clocked by clk)
Path Group: clk
Path Type: min

Fanout         Cap        Slew       Delay        Time   Description
---------------------------------------------------------------------------------------------
                                  0.000000    0.000000   clock clk (rise edge)
                                  0.000000    0.000000   clock source latency
     1    0.044287    0.059105    0.037715    0.037715 ^ clk (in)
                                                         clk (net)
                      0.060454    0.000000    0.037715 ^ clkbuf_0_clk/A (sg13g2_buf_16)
     4    0.080352    0.033942    0.085235    0.122950 ^ clkbuf_0_clk/X (sg13g2_buf_16)
                                                         clknet_0_clk (net)
                      0.035793    0.005618    0.128568 ^ clkbuf_2_1__f_clk/A (sg13g2_buf_16)
     6    0.031250    0.022290    0.066571    0.195139 ^ clkbuf_2_1__f_clk/X (sg13g2_buf_16)
                                                         clknet_2_1__leaf_clk (net)
                      0.022295    0.000598    0.195736 ^ _113_/CLK (sg13g2_dfrbpq_1)
     3    0.011422    0.043470    0.172039    0.367775 v _113_/Q (sg13g2_dfrbpq_1)
                                                         internal_data_reg[5] (net)
                      0.043482    0.000655    0.368430 v _063_/A0 (sg13g2_mux2_1)
     1    0.002092    0.027050    0.105349    0.473779 v _063_/X (sg13g2_mux2_1)
                                                         _035_ (net)
                      0.027050    0.000131    0.473910 v hold41/A (sg13g2_dlygate4sd3_1)
     1    0.001756    0.033507    0.347922    0.821832 v hold41/X (sg13g2_dlygate4sd3_1)
                                                         net41 (net)
                      0.033507    0.000063    0.821895 v _113_/D (sg13g2_dfrbpq_1)
                                              0.821895   data arrival time

                                  0.000000    0.000000   clock clk (rise edge)
                                  0.000000    0.000000   clock source latency
     1    0.046960    0.061870    0.044148    0.044148 ^ clk (in)
                                                         clk (net)
                      0.063388    0.000000    0.044148 ^ clkbuf_0_clk/A (sg13g2_buf_16)
     4    0.091043    0.036729    0.097358    0.141506 ^ clkbuf_0_clk/X (sg13g2_buf_16)
                                                         clknet_0_clk (net)
                      0.038920    0.007063    0.148569 ^ clkbuf_2_1__f_clk/A (sg13g2_buf_16)
     6    0.033935    0.023037    0.075691    0.224260 ^ clkbuf_2_1__f_clk/X (sg13g2_buf_16)
                                                         clknet_2_1__leaf_clk (net)
                      0.023042    0.000725    0.224985 ^ _113_/CLK (sg13g2_dfrbpq_1)
                                  0.250000    0.474985   clock uncertainty
                                 -0.029249    0.445736   clock reconvergence pessimism
                                 -0.038030    0.407706   library hold time
                                              0.407706   data required time
---------------------------------------------------------------------------------------------
                                              0.407706   data required time
                                             -0.821895   data arrival time
---------------------------------------------------------------------------------------------
                                              0.414189   slack (MET)


Startpoint: _109_ (rising edge-triggered flip-flop clocked by clk)
Endpoint: _110_ (rising edge-triggered flip-flop clocked by clk)
Path Group: clk
Path Type: min

Fanout         Cap        Slew       Delay        Time   Description
---------------------------------------------------------------------------------------------
                                  0.000000    0.000000   clock clk (rise edge)
                                  0.000000    0.000000   clock source latency
     1    0.044287    0.059105    0.037715    0.037715 ^ clk (in)
                                                         clk (net)
                      0.060454    0.000000    0.037715 ^ clkbuf_0_clk/A (sg13g2_buf_16)
     4    0.080352    0.033942    0.085235    0.122950 ^ clkbuf_0_clk/X (sg13g2_buf_16)
                                                         clknet_0_clk (net)
                      0.036206    0.006353    0.129303 ^ clkbuf_2_0__f_clk/A (sg13g2_buf_16)
     6    0.036796    0.023535    0.067546    0.196850 ^ clkbuf_2_0__f_clk/X (sg13g2_buf_16)
                                                         clknet_2_0__leaf_clk (net)
                      0.023591    0.001866    0.198716 ^ _109_/CLK (sg13g2_dfrbpq_1)
     1    0.002454    0.022359    0.154773    0.353489 ^ _109_/Q (sg13g2_dfrbpq_1)
                                                         internal_data_reg[1] (net)
                      0.022359    0.000150    0.353639 ^ hold50/A (sg13g2_dlygate4sd3_1)
     3    0.011219    0.064462    0.363086    0.716725 ^ hold50/X (sg13g2_dlygate4sd3_1)
                                                         net50 (net)
                      0.064532    0.000573    0.717298 ^ _066_/A1 (sg13g2_mux2_1)
     1    0.001576    0.023177    0.090489    0.807788 ^ _066_/X (sg13g2_mux2_1)
                                                         _032_ (net)
                      0.023177    0.000057    0.807845 ^ _110_/D (sg13g2_dfrbpq_1)
                                              0.807845   data arrival time

                                  0.000000    0.000000   clock clk (rise edge)
                                  0.000000    0.000000   clock source latency
     1    0.046960    0.061870    0.044148    0.044148 ^ clk (in)
                                                         clk (net)
                      0.063388    0.000000    0.044148 ^ clkbuf_0_clk/A (sg13g2_buf_16)
     4    0.091043    0.036729    0.097358    0.141506 ^ clkbuf_0_clk/X (sg13g2_buf_16)
                                                         clknet_0_clk (net)
                      0.039435    0.007997    0.149503 ^ clkbuf_2_0__f_clk/A (sg13g2_buf_16)
     6    0.039480    0.024273    0.076792    0.226294 ^ clkbuf_2_0__f_clk/X (sg13g2_buf_16)
                                                         clknet_2_0__leaf_clk (net)
                      0.024330    0.002129    0.228423 ^ _110_/CLK (sg13g2_dfrbpq_1)
                                  0.250000    0.478423   clock uncertainty
                                 -0.029445    0.448979   clock reconvergence pessimism
                                 -0.059317    0.389661   library hold time
                                              0.389661   data required time
---------------------------------------------------------------------------------------------
                                              0.389661   data required time
                                             -0.807845   data arrival time
---------------------------------------------------------------------------------------------
                                              0.418184   slack (MET)


Startpoint: _114_ (rising edge-triggered flip-flop clocked by clk)
Endpoint: _102_ (rising edge-triggered flip-flop clocked by clk)
Path Group: clk
Path Type: min

Fanout         Cap        Slew       Delay        Time   Description
---------------------------------------------------------------------------------------------
                                  0.000000    0.000000   clock clk (rise edge)
                                  0.000000    0.000000   clock source latency
     1    0.044287    0.059105    0.037715    0.037715 ^ clk (in)
                                                         clk (net)
                      0.060454    0.000000    0.037715 ^ clkbuf_0_clk/A (sg13g2_buf_16)
     4    0.080352    0.033942    0.085235    0.122950 ^ clkbuf_0_clk/X (sg13g2_buf_16)
                                                         clknet_0_clk (net)
                      0.035331    0.004694    0.127644 ^ clkbuf_2_2__f_clk/A (sg13g2_buf_16)
     6    0.038260    0.023822    0.067414    0.195058 ^ clkbuf_2_2__f_clk/X (sg13g2_buf_16)
                                                         clknet_2_2__leaf_clk (net)
                      0.023915    0.002353    0.197411 ^ _114_/CLK (sg13g2_dfrbpq_1)
     3    0.012905    0.061066    0.183539    0.380950 ^ _114_/Q (sg13g2_dfrbpq_1)
                                                         internal_data_reg[6] (net)
                      0.061072    0.000635    0.381585 ^ _074_/A1 (sg13g2_mux2_1)
     1    0.002699    0.027130    0.092608    0.474193 ^ _074_/X (sg13g2_mux2_1)
                                                         _024_ (net)
                      0.027130    0.000166    0.474359 ^ hold30/A (sg13g2_dlygate4sd3_1)
     1    0.001428    0.029033    0.333426    0.807785 ^ hold30/X (sg13g2_dlygate4sd3_1)
                                                         net30 (net)
                      0.029033    0.000053    0.807838 ^ _102_/D (sg13g2_dfrbpq_1)
                                              0.807838   data arrival time

                                  0.000000    0.000000   clock clk (rise edge)
                                  0.000000    0.000000   clock source latency
     1    0.046960    0.061870    0.044148    0.044148 ^ clk (in)
                                                         clk (net)
                      0.063388    0.000000    0.044148 ^ clkbuf_0_clk/A (sg13g2_buf_16)
     4    0.091043    0.036729    0.097358    0.141506 ^ clkbuf_0_clk/X (sg13g2_buf_16)
                                                         clknet_0_clk (net)
                      0.038347    0.005899    0.147405 ^ clkbuf_2_2__f_clk/A (sg13g2_buf_16)
     6    0.040944    0.024549    0.076543    0.223948 ^ clkbuf_2_2__f_clk/X (sg13g2_buf_16)
                                                         clknet_2_2__leaf_clk (net)
                      0.024649    0.002685    0.226633 ^ _102_/CLK (sg13g2_dfrbpq_1)
                                  0.250000    0.476633   clock uncertainty
                                 -0.028890    0.447743   clock reconvergence pessimism
                                 -0.060880    0.386863   library hold time
                                              0.386863   data required time
---------------------------------------------------------------------------------------------
                                              0.386863   data required time
                                             -0.807838   data arrival time
---------------------------------------------------------------------------------------------
                                              0.420975   slack (MET)


Startpoint: _107_ (rising edge-triggered flip-flop clocked by clk)
Endpoint: _107_ (rising edge-triggered flip-flop clocked by clk)
Path Group: clk
Path Type: min

Fanout         Cap        Slew       Delay        Time   Description
---------------------------------------------------------------------------------------------
                                  0.000000    0.000000   clock clk (rise edge)
                                  0.000000    0.000000   clock source latency
     1    0.044287    0.059105    0.037715    0.037715 ^ clk (in)
                                                         clk (net)
                      0.060454    0.000000    0.037715 ^ clkbuf_0_clk/A (sg13g2_buf_16)
     4    0.080352    0.033942    0.085235    0.122950 ^ clkbuf_0_clk/X (sg13g2_buf_16)
                                                         clknet_0_clk (net)
                      0.035474    0.004994    0.127944 ^ clkbuf_2_3__f_clk/A (sg13g2_buf_16)
     6    0.026024    0.021109    0.065349    0.193293 ^ clkbuf_2_3__f_clk/X (sg13g2_buf_16)
                                                         clknet_2_3__leaf_clk (net)
                      0.021201    0.002227    0.195520 ^ _107_/CLK (sg13g2_dfrbpq_1)
     2    0.011959    0.045152    0.172834    0.368353 v _107_/Q (sg13g2_dfrbpq_1)
                                                         net7 (net)
                      0.045157    0.000459    0.368812 v _069_/A0 (sg13g2_mux2_1)
     1    0.002996    0.029382    0.108859    0.477671 v _069_/X (sg13g2_mux2_1)
                                                         _029_ (net)
                      0.029382    0.000105    0.477777 v hold32/A (sg13g2_dlygate4sd3_1)
     1    0.002254    0.034899    0.350792    0.828568 v hold32/X (sg13g2_dlygate4sd3_1)
                                                         net32 (net)
                      0.034899    0.000079    0.828647 v _107_/D (sg13g2_dfrbpq_1)
                                              0.828647   data arrival time

                                  0.000000    0.000000   clock clk (rise edge)
                                  0.000000    0.000000   clock source latency
     1    0.046960    0.061870    0.044148    0.044148 ^ clk (in)
                                                         clk (net)
                      0.063388    0.000000    0.044148 ^ clkbuf_0_clk/A (sg13g2_buf_16)
     4    0.091043    0.036729    0.097358    0.141506 ^ clkbuf_0_clk/X (sg13g2_buf_16)
                                                         clknet_0_clk (net)
                      0.038525    0.006279    0.147785 ^ clkbuf_2_3__f_clk/A (sg13g2_buf_16)
     6    0.028708    0.021858    0.074276    0.222061 ^ clkbuf_2_3__f_clk/X (sg13g2_buf_16)
                                                         clknet_2_3__leaf_clk (net)
                      0.021971    0.002716    0.224777 ^ _107_/CLK (sg13g2_dfrbpq_1)
                                  0.250000    0.474777   clock uncertainty
                                 -0.029257    0.445520   clock reconvergence pessimism
                                 -0.038694    0.406825   library hold time
                                              0.406825   data required time
---------------------------------------------------------------------------------------------
                                              0.406825   data required time
                                             -0.828647   data arrival time
---------------------------------------------------------------------------------------------
                                              0.421822   slack (MET)


Startpoint: _109_ (rising edge-triggered flip-flop clocked by clk)
Endpoint: _109_ (rising edge-triggered flip-flop clocked by clk)
Path Group: clk
Path Type: min

Fanout         Cap        Slew       Delay        Time   Description
---------------------------------------------------------------------------------------------
                                  0.000000    0.000000   clock clk (rise edge)
                                  0.000000    0.000000   clock source latency
     1    0.044287    0.059105    0.037715    0.037715 ^ clk (in)
                                                         clk (net)
                      0.060454    0.000000    0.037715 ^ clkbuf_0_clk/A (sg13g2_buf_16)
     4    0.080352    0.033942    0.085235    0.122950 ^ clkbuf_0_clk/X (sg13g2_buf_16)
                                                         clknet_0_clk (net)
                      0.036206    0.006353    0.129303 ^ clkbuf_2_0__f_clk/A (sg13g2_buf_16)
     6    0.036796    0.023535    0.067546    0.196850 ^ clkbuf_2_0__f_clk/X (sg13g2_buf_16)
                                                         clknet_2_0__leaf_clk (net)
                      0.023591    0.001866    0.198716 ^ _109_/CLK (sg13g2_dfrbpq_1)
     1    0.002454    0.022359    0.154773    0.353489 ^ _109_/Q (sg13g2_dfrbpq_1)
                                                         internal_data_reg[1] (net)
                      0.022359    0.000150    0.353639 ^ hold50/A (sg13g2_dlygate4sd3_1)
     3    0.011219    0.064462    0.363086    0.716725 ^ hold50/X (sg13g2_dlygate4sd3_1)
                                                         net50 (net)
                      0.064532    0.000554    0.717280 ^ _067_/A0 (sg13g2_mux2_1)
     1    0.001530    0.023029    0.094988    0.812267 ^ _067_/X (sg13g2_mux2_1)
                                                         _031_ (net)
                      0.023029    0.000056    0.812323 ^ _109_/D (sg13g2_dfrbpq_1)
                                              0.812323   data arrival time

                                  0.000000    0.000000   clock clk (rise edge)
                                  0.000000    0.000000   clock source latency
     1    0.046960    0.061870    0.044148    0.044148 ^ clk (in)
                                                         clk (net)
                      0.063388    0.000000    0.044148 ^ clkbuf_0_clk/A (sg13g2_buf_16)
     4    0.091043    0.036729    0.097358    0.141506 ^ clkbuf_0_clk/X (sg13g2_buf_16)
                                                         clknet_0_clk (net)
                      0.039435    0.007997    0.149503 ^ clkbuf_2_0__f_clk/A (sg13g2_buf_16)
     6    0.039480    0.024273    0.076792    0.226294 ^ clkbuf_2_0__f_clk/X (sg13g2_buf_16)
                                                         clknet_2_0__leaf_clk (net)
                      0.024337    0.002227    0.228522 ^ _109_/CLK (sg13g2_dfrbpq_1)
                                  0.250000    0.478522   clock uncertainty
                                 -0.029806    0.448716   clock reconvergence pessimism
                                 -0.059276    0.389440   library hold time
                                              0.389440   data required time
---------------------------------------------------------------------------------------------
                                              0.389440   data required time
                                             -0.812323   data arrival time
---------------------------------------------------------------------------------------------
                                              0.422883   slack (MET)


Startpoint: _114_ (rising edge-triggered flip-flop clocked by clk)
Endpoint: _114_ (rising edge-triggered flip-flop clocked by clk)
Path Group: clk
Path Type: min

Fanout         Cap        Slew       Delay        Time   Description
---------------------------------------------------------------------------------------------
                                  0.000000    0.000000   clock clk (rise edge)
                                  0.000000    0.000000   clock source latency
     1    0.044287    0.059105    0.037715    0.037715 ^ clk (in)
                                                         clk (net)
                      0.060454    0.000000    0.037715 ^ clkbuf_0_clk/A (sg13g2_buf_16)
     4    0.080352    0.033942    0.085235    0.122950 ^ clkbuf_0_clk/X (sg13g2_buf_16)
                                                         clknet_0_clk (net)
                      0.035331    0.004694    0.127644 ^ clkbuf_2_2__f_clk/A (sg13g2_buf_16)
     6    0.038260    0.023822    0.067414    0.195058 ^ clkbuf_2_2__f_clk/X (sg13g2_buf_16)
                                                         clknet_2_2__leaf_clk (net)
                      0.023915    0.002353    0.197411 ^ _114_/CLK (sg13g2_dfrbpq_1)
     3    0.012882    0.047932    0.176098    0.373509 v _114_/Q (sg13g2_dfrbpq_1)
                                                         internal_data_reg[6] (net)
                      0.047944    0.000710    0.374219 v _062_/A0 (sg13g2_mux2_1)
     1    0.002764    0.028808    0.109194    0.483413 v _062_/X (sg13g2_mux2_1)
                                                         _036_ (net)
                      0.028808    0.000154    0.483567 v hold43/A (sg13g2_dlygate4sd3_1)
     1    0.001847    0.033768    0.349145    0.832712 v hold43/X (sg13g2_dlygate4sd3_1)
                                                         net43 (net)
                      0.033768    0.000068    0.832779 v _114_/D (sg13g2_dfrbpq_1)
                                              0.832779   data arrival time

                                  0.000000    0.000000   clock clk (rise edge)
                                  0.000000    0.000000   clock source latency
     1    0.046960    0.061870    0.044148    0.044148 ^ clk (in)
                                                         clk (net)
                      0.063388    0.000000    0.044148 ^ clkbuf_0_clk/A (sg13g2_buf_16)
     4    0.091043    0.036729    0.097358    0.141506 ^ clkbuf_0_clk/X (sg13g2_buf_16)
                                                         clknet_0_clk (net)
                      0.038347    0.005899    0.147405 ^ clkbuf_2_2__f_clk/A (sg13g2_buf_16)
     6    0.040944    0.024549    0.076543    0.223948 ^ clkbuf_2_2__f_clk/X (sg13g2_buf_16)
                                                         clknet_2_2__leaf_clk (net)
                      0.024660    0.002779    0.226727 ^ _114_/CLK (sg13g2_dfrbpq_1)
                                  0.250000    0.476727   clock uncertainty
                                 -0.029315    0.447411   clock reconvergence pessimism
                                 -0.037776    0.409635   library hold time
                                              0.409635   data required time
---------------------------------------------------------------------------------------------
                                              0.409635   data required time
                                             -0.832779   data arrival time
---------------------------------------------------------------------------------------------
                                              0.423144   slack (MET)


Startpoint: _098_ (rising edge-triggered flip-flop clocked by clk)
Endpoint: _098_ (rising edge-triggered flip-flop clocked by clk)
Path Group: clk
Path Type: min

Fanout         Cap        Slew       Delay        Time   Description
---------------------------------------------------------------------------------------------
                                  0.000000    0.000000   clock clk (rise edge)
                                  0.000000    0.000000   clock source latency
     1    0.044287    0.059105    0.037715    0.037715 ^ clk (in)
                                                         clk (net)
                      0.060454    0.000000    0.037715 ^ clkbuf_0_clk/A (sg13g2_buf_16)
     4    0.080352    0.033942    0.085235    0.122950 ^ clkbuf_0_clk/X (sg13g2_buf_16)
                                                         clknet_0_clk (net)
                      0.035793    0.005618    0.128568 ^ clkbuf_2_1__f_clk/A (sg13g2_buf_16)
     6    0.031250    0.022290    0.066571    0.195139 ^ clkbuf_2_1__f_clk/X (sg13g2_buf_16)
                                                         clknet_2_1__leaf_clk (net)
                      0.022308    0.001179    0.196318 ^ _098_/CLK (sg13g2_dfrbpq_1)
     2    0.015291    0.054955    0.180770    0.377088 v _098_/Q (sg13g2_dfrbpq_1)
                                                         net9 (net)
                      0.054967    0.000758    0.377846 v _053_/A0 (sg13g2_mux2_1)
     1    0.001997    0.026789    0.109481    0.487327 v _053_/X (sg13g2_mux2_1)
                                                         _044_ (net)
                      0.026790    0.000070    0.487397 v hold47/A (sg13g2_dlygate4sd3_1)
     1    0.001524    0.032834    0.347017    0.834414 v hold47/X (sg13g2_dlygate4sd3_1)
                                                         net47 (net)
                      0.032834    0.000057    0.834471 v _098_/D (sg13g2_dfrbpq_1)
                                              0.834471   data arrival time

                                  0.000000    0.000000   clock clk (rise edge)
                                  0.000000    0.000000   clock source latency
     1    0.046960    0.061870    0.044148    0.044148 ^ clk (in)
                                                         clk (net)
                      0.063388    0.000000    0.044148 ^ clkbuf_0_clk/A (sg13g2_buf_16)
     4    0.091043    0.036729    0.097358    0.141506 ^ clkbuf_0_clk/X (sg13g2_buf_16)
                                                         clknet_0_clk (net)
                      0.038920    0.007063    0.148569 ^ clkbuf_2_1__f_clk/A (sg13g2_buf_16)
     6    0.033935    0.023037    0.075691    0.224260 ^ clkbuf_2_1__f_clk/X (sg13g2_buf_16)
                                                         clknet_2_1__leaf_clk (net)
                      0.023057    0.001428    0.225688 ^ _098_/CLK (sg13g2_dfrbpq_1)
                                  0.250000    0.475688   clock uncertainty
                                 -0.029370    0.446318   clock reconvergence pessimism
                                 -0.037814    0.408504   library hold time
                                              0.408504   data required time
---------------------------------------------------------------------------------------------
                                              0.408504   data required time
                                             -0.834471   data arrival time
---------------------------------------------------------------------------------------------
                                              0.425967   slack (MET)


Startpoint: _110_ (rising edge-triggered flip-flop clocked by clk)
Endpoint: _111_ (rising edge-triggered flip-flop clocked by clk)
Path Group: clk
Path Type: min

Fanout         Cap        Slew       Delay        Time   Description
---------------------------------------------------------------------------------------------
                                  0.000000    0.000000   clock clk (rise edge)
                                  0.000000    0.000000   clock source latency
     1    0.044287    0.059105    0.037715    0.037715 ^ clk (in)
                                                         clk (net)
                      0.060454    0.000000    0.037715 ^ clkbuf_0_clk/A (sg13g2_buf_16)
     4    0.080352    0.033942    0.085235    0.122950 ^ clkbuf_0_clk/X (sg13g2_buf_16)
                                                         clknet_0_clk (net)
                      0.036206    0.006353    0.129303 ^ clkbuf_2_0__f_clk/A (sg13g2_buf_16)
     6    0.036796    0.023535    0.067546    0.196850 ^ clkbuf_2_0__f_clk/X (sg13g2_buf_16)
                                                         clknet_2_0__leaf_clk (net)
                      0.023585    0.001783    0.198633 ^ _110_/CLK (sg13g2_dfrbpq_1)
     1    0.003313    0.025414    0.157131    0.355764 ^ _110_/Q (sg13g2_dfrbpq_1)
                                                         internal_data_reg[2] (net)
                      0.025414    0.000196    0.355961 ^ hold46/A (sg13g2_dlygate4sd3_1)
     3    0.011843    0.066974    0.366634    0.722595 ^ hold46/X (sg13g2_dlygate4sd3_1)
                                                         net46 (net)
                      0.066980    0.000644    0.723239 ^ _065_/A1 (sg13g2_mux2_1)
     1    0.002160    0.025264    0.093307    0.816546 ^ _065_/X (sg13g2_mux2_1)
                                                         _033_ (net)
                      0.025264    0.000076    0.816621 ^ _111_/D (sg13g2_dfrbpq_1)
                                              0.816621   data arrival time

                                  0.000000    0.000000   clock clk (rise edge)
                                  0.000000    0.000000   clock source latency
     1    0.046960    0.061870    0.044148    0.044148 ^ clk (in)
                                                         clk (net)
                      0.063388    0.000000    0.044148 ^ clkbuf_0_clk/A (sg13g2_buf_16)
     4    0.091043    0.036729    0.097358    0.141506 ^ clkbuf_0_clk/X (sg13g2_buf_16)
                                                         clknet_0_clk (net)
                      0.039435    0.007997    0.149503 ^ clkbuf_2_0__f_clk/A (sg13g2_buf_16)
     6    0.039480    0.024273    0.076792    0.226294 ^ clkbuf_2_0__f_clk/X (sg13g2_buf_16)
                                                         clknet_2_0__leaf_clk (net)
                      0.024321    0.001978    0.228272 ^ _111_/CLK (sg13g2_dfrbpq_1)
                                  0.250000    0.478272   clock uncertainty
                                 -0.029445    0.448828   clock reconvergence pessimism
                                 -0.059888    0.388940   library hold time
                                              0.388940   data required time
---------------------------------------------------------------------------------------------
                                              0.388940   data required time
                                             -0.816621   data arrival time
---------------------------------------------------------------------------------------------
                                              0.427681   slack (MET)


Startpoint: _111_ (rising edge-triggered flip-flop clocked by clk)
Endpoint: _112_ (rising edge-triggered flip-flop clocked by clk)
Path Group: clk
Path Type: min

Fanout         Cap        Slew       Delay        Time   Description
---------------------------------------------------------------------------------------------
                                  0.000000    0.000000   clock clk (rise edge)
                                  0.000000    0.000000   clock source latency
     1    0.044287    0.059105    0.037715    0.037715 ^ clk (in)
                                                         clk (net)
                      0.060454    0.000000    0.037715 ^ clkbuf_0_clk/A (sg13g2_buf_16)
     4    0.080352    0.033942    0.085235    0.122950 ^ clkbuf_0_clk/X (sg13g2_buf_16)
                                                         clknet_0_clk (net)
                      0.036206    0.006353    0.129303 ^ clkbuf_2_0__f_clk/A (sg13g2_buf_16)
     6    0.036796    0.023535    0.067546    0.196850 ^ clkbuf_2_0__f_clk/X (sg13g2_buf_16)
                                                         clknet_2_0__leaf_clk (net)
                      0.023578    0.001658    0.198508 ^ _111_/CLK (sg13g2_dfrbpq_1)
     1    0.002385    0.022114    0.154578    0.353086 ^ _111_/Q (sg13g2_dfrbpq_1)
                                                         internal_data_reg[3] (net)
                      0.022114    0.000146    0.353232 ^ hold48/A (sg13g2_dlygate4sd3_1)
     3    0.012876    0.071047    0.368363    0.721595 ^ hold48/X (sg13g2_dlygate4sd3_1)
                                                         net48 (net)
                      0.071054    0.000687    0.722283 ^ _064_/A1 (sg13g2_mux2_1)
     1    0.002198    0.025399    0.095057    0.817340 ^ _064_/X (sg13g2_mux2_1)
                                                         _034_ (net)
                      0.025400    0.000132    0.817471 ^ _112_/D (sg13g2_dfrbpq_1)
                                              0.817471   data arrival time

                                  0.000000    0.000000   clock clk (rise edge)
                                  0.000000    0.000000   clock source latency
     1    0.046960    0.061870    0.044148    0.044148 ^ clk (in)
                                                         clk (net)
                      0.063388    0.000000    0.044148 ^ clkbuf_0_clk/A (sg13g2_buf_16)
     4    0.091043    0.036729    0.097358    0.141506 ^ clkbuf_0_clk/X (sg13g2_buf_16)
                                                         clknet_0_clk (net)
                      0.039435    0.007997    0.149503 ^ clkbuf_2_0__f_clk/A (sg13g2_buf_16)
     6    0.039480    0.024273    0.076792    0.226294 ^ clkbuf_2_0__f_clk/X (sg13g2_buf_16)
                                                         clknet_2_0__leaf_clk (net)
                      0.024329    0.002115    0.228409 ^ _112_/CLK (sg13g2_dfrbpq_1)
                                  0.250000    0.478409   clock uncertainty
                                 -0.029445    0.448964   clock reconvergence pessimism
                                 -0.059924    0.389040   library hold time
                                              0.389040   data required time
---------------------------------------------------------------------------------------------
                                              0.389040   data required time
                                             -0.817471   data arrival time
---------------------------------------------------------------------------------------------
                                              0.428431   slack (MET)


Startpoint: _121_ (rising edge-triggered flip-flop clocked by clk)
Endpoint: _121_ (rising edge-triggered flip-flop clocked by clk)
Path Group: clk
Path Type: min

Fanout         Cap        Slew       Delay        Time   Description
---------------------------------------------------------------------------------------------
                                  0.000000    0.000000   clock clk (rise edge)
                                  0.000000    0.000000   clock source latency
     1    0.044287    0.059105    0.037715    0.037715 ^ clk (in)
                                                         clk (net)
                      0.060454    0.000000    0.037715 ^ clkbuf_0_clk/A (sg13g2_buf_16)
     4    0.080352    0.033942    0.085235    0.122950 ^ clkbuf_0_clk/X (sg13g2_buf_16)
                                                         clknet_0_clk (net)
                      0.035793    0.005618    0.128568 ^ clkbuf_2_1__f_clk/A (sg13g2_buf_16)
     6    0.031250    0.022290    0.066571    0.195139 ^ clkbuf_2_1__f_clk/X (sg13g2_buf_16)
                                                         clknet_2_1__leaf_clk (net)
                      0.022313    0.001329    0.196468 ^ _121_/CLK (sg13g2_dfrbpq_1)
     2    0.016074    0.057519    0.182537    0.379005 v _121_/Q (sg13g2_dfrbpq_1)
                                                         net8 (net)
                      0.057530    0.000733    0.379738 v _054_/A0 (sg13g2_mux2_1)
     1    0.001642    0.025855    0.109342    0.489080 v _054_/X (sg13g2_mux2_1)
                                                         _043_ (net)
                      0.025855    0.000061    0.489141 v hold51/A (sg13g2_dlygate4sd3_1)
     1    0.002081    0.034414    0.348358    0.837499 v hold51/X (sg13g2_dlygate4sd3_1)
                                                         net51 (net)
                      0.034415    0.000139    0.837639 v _121_/D (sg13g2_dfrbpq_1)
                                              0.837639   data arrival time

                                  0.000000    0.000000   clock clk (rise edge)
                                  0.000000    0.000000   clock source latency
     1    0.046960    0.061870    0.044148    0.044148 ^ clk (in)
                                                         clk (net)
                      0.063388    0.000000    0.044148 ^ clkbuf_0_clk/A (sg13g2_buf_16)
     4    0.091043    0.036729    0.097358    0.141506 ^ clkbuf_0_clk/X (sg13g2_buf_16)
                                                         clknet_0_clk (net)
                      0.038920    0.007063    0.148569 ^ clkbuf_2_1__f_clk/A (sg13g2_buf_16)
     6    0.033935    0.023037    0.075691    0.224260 ^ clkbuf_2_1__f_clk/X (sg13g2_buf_16)
                                                         clknet_2_1__leaf_clk (net)
                      0.023067    0.001598    0.225859 ^ _121_/CLK (sg13g2_dfrbpq_1)
                                  0.250000    0.475859   clock uncertainty
                                 -0.029390    0.446468   clock reconvergence pessimism
                                 -0.038313    0.408156   library hold time
                                              0.408156   data required time
---------------------------------------------------------------------------------------------
                                              0.408156   data required time
                                             -0.837639   data arrival time
---------------------------------------------------------------------------------------------
                                              0.429483   slack (MET)


Startpoint: _114_ (rising edge-triggered flip-flop clocked by clk)
Endpoint: _115_ (rising edge-triggered flip-flop clocked by clk)
Path Group: clk
Path Type: min

Fanout         Cap        Slew       Delay        Time   Description
---------------------------------------------------------------------------------------------
                                  0.000000    0.000000   clock clk (rise edge)
                                  0.000000    0.000000   clock source latency
     1    0.044287    0.059105    0.037715    0.037715 ^ clk (in)
                                                         clk (net)
                      0.060454    0.000000    0.037715 ^ clkbuf_0_clk/A (sg13g2_buf_16)
     4    0.080352    0.033942    0.085235    0.122950 ^ clkbuf_0_clk/X (sg13g2_buf_16)
                                                         clknet_0_clk (net)
                      0.035331    0.004694    0.127644 ^ clkbuf_2_2__f_clk/A (sg13g2_buf_16)
     6    0.038260    0.023822    0.067414    0.195058 ^ clkbuf_2_2__f_clk/X (sg13g2_buf_16)
                                                         clknet_2_2__leaf_clk (net)
                      0.023915    0.002353    0.197411 ^ _114_/CLK (sg13g2_dfrbpq_1)
     3    0.012882    0.047932    0.176098    0.373509 v _114_/Q (sg13g2_dfrbpq_1)
                                                         internal_data_reg[6] (net)
                      0.047941    0.000611    0.374120 v hold56/A (sg13g2_dlygate4sd3_1)
     1    0.003899    0.039416    0.365949    0.740069 v hold56/X (sg13g2_dlygate4sd3_1)
                                                         net56 (net)
                      0.039416    0.000249    0.740318 v _061_/A1 (sg13g2_mux2_1)
     1    0.001630    0.025797    0.102174    0.842493 v _061_/X (sg13g2_mux2_1)
                                                         _037_ (net)
                      0.025797    0.000060    0.842552 v _115_/D (sg13g2_dfrbpq_1)
                                              0.842552   data arrival time

                                  0.000000    0.000000   clock clk (rise edge)
                                  0.000000    0.000000   clock source latency
     1    0.046960    0.061870    0.044148    0.044148 ^ clk (in)
                                                         clk (net)
                      0.063388    0.000000    0.044148 ^ clkbuf_0_clk/A (sg13g2_buf_16)
     4    0.091043    0.036729    0.097358    0.141506 ^ clkbuf_0_clk/X (sg13g2_buf_16)
                                                         clknet_0_clk (net)
                      0.038347    0.005899    0.147405 ^ clkbuf_2_2__f_clk/A (sg13g2_buf_16)
     6    0.040944    0.024549    0.076543    0.223948 ^ clkbuf_2_2__f_clk/X (sg13g2_buf_16)
                                                         clknet_2_2__leaf_clk (net)
                      0.024635    0.002542    0.226490 ^ _115_/CLK (sg13g2_dfrbpq_1)
                                  0.250000    0.476490   clock uncertainty
                                 -0.028890    0.447600   clock reconvergence pessimism
                                 -0.035255    0.412345   library hold time
                                              0.412345   data required time
---------------------------------------------------------------------------------------------
                                              0.412345   data required time
                                             -0.842552   data arrival time
---------------------------------------------------------------------------------------------
                                              0.430207   slack (MET)


Startpoint: _116_ (rising edge-triggered flip-flop clocked by clk)
Endpoint: _116_ (rising edge-triggered flip-flop clocked by clk)
Path Group: clk
Path Type: min

Fanout         Cap        Slew       Delay        Time   Description
---------------------------------------------------------------------------------------------
                                  0.000000    0.000000   clock clk (rise edge)
                                  0.000000    0.000000   clock source latency
     1    0.044287    0.059105    0.037715    0.037715 ^ clk (in)
                                                         clk (net)
                      0.060454    0.000000    0.037715 ^ clkbuf_0_clk/A (sg13g2_buf_16)
     4    0.080352    0.033942    0.085235    0.122950 ^ clkbuf_0_clk/X (sg13g2_buf_16)
                                                         clknet_0_clk (net)
                      0.035331    0.004694    0.127644 ^ clkbuf_2_2__f_clk/A (sg13g2_buf_16)
     6    0.038260    0.023822    0.067414    0.195058 ^ clkbuf_2_2__f_clk/X (sg13g2_buf_16)
                                                         clknet_2_2__leaf_clk (net)
                      0.023830    0.000829    0.195887 ^ _116_/CLK (sg13g2_dfrbpq_1)
     2    0.006495    0.029204    0.161506    0.357393 v _116_/Q (sg13g2_dfrbpq_1)
                                                         internal_data_reg[8] (net)
                      0.029204    0.000370    0.357763 v hold44/A (sg13g2_dlygate4sd3_1)
     2    0.010986    0.060598    0.379270    0.737034 v hold44/X (sg13g2_dlygate4sd3_1)
                                                         net44 (net)
                      0.060598    0.000648    0.737682 v _060_/A0 (sg13g2_mux2_1)
     1    0.001625    0.025784    0.110471    0.848154 v _060_/X (sg13g2_mux2_1)
                                                         _038_ (net)
                      0.025784    0.000060    0.848213 v _116_/D (sg13g2_dfrbpq_1)
                                              0.848213   data arrival time

                                  0.000000    0.000000   clock clk (rise edge)
                                  0.000000    0.000000   clock source latency
     1    0.046960    0.061870    0.044148    0.044148 ^ clk (in)
                                                         clk (net)
                      0.063388    0.000000    0.044148 ^ clkbuf_0_clk/A (sg13g2_buf_16)
     4    0.091043    0.036729    0.097358    0.141506 ^ clkbuf_0_clk/X (sg13g2_buf_16)
                                                         clknet_0_clk (net)
                      0.038347    0.005899    0.147405 ^ clkbuf_2_2__f_clk/A (sg13g2_buf_16)
     6    0.040944    0.024549    0.076543    0.223948 ^ clkbuf_2_2__f_clk/X (sg13g2_buf_16)
                                                         clknet_2_2__leaf_clk (net)
                      0.024558    0.000985    0.224934 ^ _116_/CLK (sg13g2_dfrbpq_1)
                                  0.250000    0.474934   clock uncertainty
                                 -0.029047    0.445887   clock reconvergence pessimism
                                 -0.035266    0.410621   library hold time
                                              0.410621   data required time
---------------------------------------------------------------------------------------------
                                              0.410621   data required time
                                             -0.848213   data arrival time
---------------------------------------------------------------------------------------------
                                              0.437593   slack (MET)


Startpoint: _120_ (rising edge-triggered flip-flop clocked by clk)
Endpoint: _120_ (rising edge-triggered flip-flop clocked by clk)
Path Group: clk
Path Type: min

Fanout         Cap        Slew       Delay        Time   Description
---------------------------------------------------------------------------------------------
                                  0.000000    0.000000   clock clk (rise edge)
                                  0.000000    0.000000   clock source latency
     1    0.044287    0.059105    0.037715    0.037715 ^ clk (in)
                                                         clk (net)
                      0.060454    0.000000    0.037715 ^ clkbuf_0_clk/A (sg13g2_buf_16)
     4    0.080352    0.033942    0.085235    0.122950 ^ clkbuf_0_clk/X (sg13g2_buf_16)
                                                         clknet_0_clk (net)
                      0.036206    0.006353    0.129303 ^ clkbuf_2_0__f_clk/A (sg13g2_buf_16)
     6    0.036796    0.023535    0.067546    0.196850 ^ clkbuf_2_0__f_clk/X (sg13g2_buf_16)
                                                         clknet_2_0__leaf_clk (net)
                      0.023596    0.001950    0.198799 ^ _120_/CLK (sg13g2_dfrbpq_1)
     2    0.015639    0.056221    0.182117    0.380916 v _120_/Q (sg13g2_dfrbpq_1)
                                                         net5 (net)
                      0.056230    0.000669    0.381586 v hold57/A (sg13g2_dlygate4sd3_1)
     1    0.003824    0.039214    0.370056    0.751641 v hold57/X (sg13g2_dlygate4sd3_1)
                                                         net57 (net)
                      0.039214    0.000250    0.751891 v _055_/A0 (sg13g2_mux2_1)
     1    0.002344    0.027707    0.104498    0.856389 v _055_/X (sg13g2_mux2_1)
                                                         _042_ (net)
                      0.027707    0.000147    0.856537 v _120_/D (sg13g2_dfrbpq_1)
                                              0.856537   data arrival time

                                  0.000000    0.000000   clock clk (rise edge)
                                  0.000000    0.000000   clock source latency
     1    0.046960    0.061870    0.044148    0.044148 ^ clk (in)
                                                         clk (net)
                      0.063388    0.000000    0.044148 ^ clkbuf_0_clk/A (sg13g2_buf_16)
     4    0.091043    0.036729    0.097358    0.141506 ^ clkbuf_0_clk/X (sg13g2_buf_16)
                                                         clknet_0_clk (net)
                      0.039435    0.007997    0.149503 ^ clkbuf_2_0__f_clk/A (sg13g2_buf_16)
     6    0.039480    0.024273    0.076792    0.226294 ^ clkbuf_2_0__f_clk/X (sg13g2_buf_16)
                                                         clknet_2_0__leaf_clk (net)
                      0.024343    0.002322    0.228616 ^ _120_/CLK (sg13g2_dfrbpq_1)
                                  0.250000    0.478616   clock uncertainty
                                 -0.029817    0.448799   clock reconvergence pessimism
                                 -0.035921    0.412878   library hold time
                                              0.412878   data required time
---------------------------------------------------------------------------------------------
                                              0.412878   data required time
                                             -0.856537   data arrival time
---------------------------------------------------------------------------------------------
                                              0.443658   slack (MET)


Startpoint: _108_ (rising edge-triggered flip-flop clocked by clk)
Endpoint: _108_ (rising edge-triggered flip-flop clocked by clk)
Path Group: clk
Path Type: min

Fanout         Cap        Slew       Delay        Time   Description
---------------------------------------------------------------------------------------------
                                  0.000000    0.000000   clock clk (rise edge)
                                  0.000000    0.000000   clock source latency
     1    0.044287    0.059105    0.037715    0.037715 ^ clk (in)
                                                         clk (net)
                      0.060454    0.000000    0.037715 ^ clkbuf_0_clk/A (sg13g2_buf_16)
     4    0.080352    0.033942    0.085235    0.122950 ^ clkbuf_0_clk/X (sg13g2_buf_16)
                                                         clknet_0_clk (net)
                      0.036206    0.006353    0.129303 ^ clkbuf_2_0__f_clk/A (sg13g2_buf_16)
     6    0.036796    0.023535    0.067546    0.196850 ^ clkbuf_2_0__f_clk/X (sg13g2_buf_16)
                                                         clknet_2_0__leaf_clk (net)
                      0.023613    0.002165    0.199015 ^ _108_/CLK (sg13g2_dfrbpq_1)
     1    0.011571    0.043935    0.172820    0.371834 v _108_/Q (sg13g2_dfrbpq_1)
                                                         internal_data_reg[0] (net)
                      0.043959    0.000896    0.372730 v hold54/A (sg13g2_dlygate4sd3_1)
     3    0.020404    0.093936    0.417637    0.790367 v hold54/X (sg13g2_dlygate4sd3_1)
                                                         net54 (net)
                      0.093949    0.000976    0.791343 v _068_/A0 (sg13g2_mux2_1)
     1    0.001643    0.025866    0.123376    0.914720 v _068_/X (sg13g2_mux2_1)
                                                         _030_ (net)
                      0.025866    0.000060    0.914780 v _108_/D (sg13g2_dfrbpq_1)
                                              0.914780   data arrival time

                                  0.000000    0.000000   clock clk (rise edge)
                                  0.000000    0.000000   clock source latency
     1    0.046960    0.061870    0.044148    0.044148 ^ clk (in)
                                                         clk (net)
                      0.063388    0.000000    0.044148 ^ clkbuf_0_clk/A (sg13g2_buf_16)
     4    0.091043    0.036729    0.097358    0.141506 ^ clkbuf_0_clk/X (sg13g2_buf_16)
                                                         clknet_0_clk (net)
                      0.039435    0.007997    0.149503 ^ clkbuf_2_0__f_clk/A (sg13g2_buf_16)
     6    0.039480    0.024273    0.076792    0.226294 ^ clkbuf_2_0__f_clk/X (sg13g2_buf_16)
                                                         clknet_2_0__leaf_clk (net)
                      0.024362    0.002563    0.228857 ^ _108_/CLK (sg13g2_dfrbpq_1)
                                  0.250000    0.478857   clock uncertainty
                                 -0.029842    0.449015   clock reconvergence pessimism
                                 -0.035333    0.413681   library hold time
                                              0.413681   data required time
---------------------------------------------------------------------------------------------
                                              0.413681   data required time
                                             -0.914780   data arrival time
---------------------------------------------------------------------------------------------
                                              0.501099   slack (MET)


Startpoint: reset (input port clocked by clk)
Endpoint: _119_ (removal check against rising-edge clock clk)
Path Group: asynchronous
Path Type: min

Fanout         Cap        Slew       Delay        Time   Description
---------------------------------------------------------------------------------------------
                                  0.000000    0.000000   clock clk (rise edge)
                                  0.000000    0.000000   clock network delay (propagated)
                                  4.000000    4.000000 v input external delay
     1    0.003585    0.017610    0.002425    4.002425 v reset (in)
                                                         reset (net)
                      0.017610    0.000000    4.002425 v input3/A (sg13g2_buf_1)
     1    0.016159    0.058194    0.084214    4.086639 v input3/X (sg13g2_buf_1)
                                                         net3 (net)
                      0.058288    0.001635    4.088274 v fanout22/A (sg13g2_buf_1)
     4    0.036611    0.118479    0.145528    4.233802 v fanout22/X (sg13g2_buf_1)
                                                         net22 (net)
                      0.118549    0.001584    4.235386 v _091_/A (sg13g2_inv_1)
     1    0.004890    0.045458    0.055930    4.291317 ^ _091_/Y (sg13g2_inv_1)
                                                         _017_ (net)
                      0.045458    0.000187    4.291504 ^ _119_/RESET_B (sg13g2_dfrbpq_1)
                                              4.291504   data arrival time

                                  0.000000    0.000000   clock clk (rise edge)
                                  0.000000    0.000000   clock source latency
     1    0.046960    0.061870    0.044148    0.044148 ^ clk (in)
                                                         clk (net)
                      0.063388    0.000000    0.044148 ^ clkbuf_0_clk/A (sg13g2_buf_16)
     4    0.091043    0.036729    0.097358    0.141506 ^ clkbuf_0_clk/X (sg13g2_buf_16)
                                                         clknet_0_clk (net)
                      0.038525    0.006279    0.147785 ^ clkbuf_2_3__f_clk/A (sg13g2_buf_16)
     6    0.028708    0.021858    0.074276    0.222061 ^ clkbuf_2_3__f_clk/X (sg13g2_buf_16)
                                                         clknet_2_3__leaf_clk (net)
                      0.021938    0.002354    0.224415 ^ _119_/CLK (sg13g2_dfrbpq_1)
                                  0.250000    0.474415   clock uncertainty
                                  0.000000    0.474415   clock reconvergence pessimism
                                 -0.107875    0.366540   library removal time
                                              0.366540   data required time
---------------------------------------------------------------------------------------------
                                              0.366540   data required time
                                             -4.291504   data arrival time
---------------------------------------------------------------------------------------------
                                              3.924963   slack (MET)


Startpoint: reset (input port clocked by clk)
Endpoint: _118_ (removal check against rising-edge clock clk)
Path Group: asynchronous
Path Type: min

Fanout         Cap        Slew       Delay        Time   Description
---------------------------------------------------------------------------------------------
                                  0.000000    0.000000   clock clk (rise edge)
                                  0.000000    0.000000   clock network delay (propagated)
                                  4.000000    4.000000 v input external delay
     1    0.003585    0.017610    0.002425    4.002425 v reset (in)
                                                         reset (net)
                      0.017610    0.000000    4.002425 v input3/A (sg13g2_buf_1)
     1    0.016159    0.058194    0.084214    4.086639 v input3/X (sg13g2_buf_1)
                                                         net3 (net)
                      0.058288    0.001635    4.088274 v fanout22/A (sg13g2_buf_1)
     4    0.036611    0.118479    0.145528    4.233802 v fanout22/X (sg13g2_buf_1)
                                                         net22 (net)
                      0.118547    0.001526    4.235328 v _090_/A (sg13g2_inv_1)
     1    0.004985    0.045770    0.056308    4.291636 ^ _090_/Y (sg13g2_inv_1)
                                                         _016_ (net)
                      0.045770    0.000193    4.291829 ^ _118_/RESET_B (sg13g2_dfrbpq_1)
                                              4.291829   data arrival time

                                  0.000000    0.000000   clock clk (rise edge)
                                  0.000000    0.000000   clock source latency
     1    0.046960    0.061870    0.044148    0.044148 ^ clk (in)
                                                         clk (net)
                      0.063388    0.000000    0.044148 ^ clkbuf_0_clk/A (sg13g2_buf_16)
     4    0.091043    0.036729    0.097358    0.141506 ^ clkbuf_0_clk/X (sg13g2_buf_16)
                                                         clknet_0_clk (net)
                      0.038525    0.006279    0.147785 ^ clkbuf_2_3__f_clk/A (sg13g2_buf_16)
     6    0.028708    0.021858    0.074276    0.222061 ^ clkbuf_2_3__f_clk/X (sg13g2_buf_16)
                                                         clknet_2_3__leaf_clk (net)
                      0.021900    0.001822    0.223883 ^ _118_/CLK (sg13g2_dfrbpq_1)
                                  0.250000    0.473883   clock uncertainty
                                  0.000000    0.473883   clock reconvergence pessimism
                                 -0.107973    0.365910   library removal time
                                              0.365910   data required time
---------------------------------------------------------------------------------------------
                                              0.365910   data required time
                                             -4.291829   data arrival time
---------------------------------------------------------------------------------------------
                                              3.925919   slack (MET)


Startpoint: reset (input port clocked by clk)
Endpoint: _108_ (removal check against rising-edge clock clk)
Path Group: asynchronous
Path Type: min

Fanout         Cap        Slew       Delay        Time   Description
---------------------------------------------------------------------------------------------
                                  0.000000    0.000000   clock clk (rise edge)
                                  0.000000    0.000000   clock network delay (propagated)
                                  4.000000    4.000000 v input external delay
     1    0.003585    0.017610    0.002425    4.002425 v reset (in)
                                                         reset (net)
                      0.017610    0.000000    4.002425 v input3/A (sg13g2_buf_1)
     1    0.016159    0.058194    0.084214    4.086639 v input3/X (sg13g2_buf_1)
                                                         net3 (net)
                      0.058288    0.001635    4.088274 v fanout22/A (sg13g2_buf_1)
     4    0.036611    0.118479    0.145528    4.233802 v fanout22/X (sg13g2_buf_1)
                                                         net22 (net)
                      0.118626    0.002858    4.236660 v fanout20/A (sg13g2_buf_1)
     7    0.028572    0.094782    0.150828    4.387488 v fanout20/X (sg13g2_buf_1)
                                                         net20 (net)
                      0.094813    0.001557    4.389045 v _080_/A (sg13g2_inv_1)
     1    0.005015    0.042133    0.052164    4.441209 ^ _080_/Y (sg13g2_inv_1)
                                                         _006_ (net)
                      0.042133    0.000192    4.441401 ^ _108_/RESET_B (sg13g2_dfrbpq_1)
                                              4.441401   data arrival time

                                  0.000000    0.000000   clock clk (rise edge)
                                  0.000000    0.000000   clock source latency
     1    0.046960    0.061870    0.044148    0.044148 ^ clk (in)
                                                         clk (net)
                      0.063388    0.000000    0.044148 ^ clkbuf_0_clk/A (sg13g2_buf_16)
     4    0.091043    0.036729    0.097358    0.141506 ^ clkbuf_0_clk/X (sg13g2_buf_16)
                                                         clknet_0_clk (net)
                      0.039435    0.007997    0.149503 ^ clkbuf_2_0__f_clk/A (sg13g2_buf_16)
     6    0.039480    0.024273    0.076792    0.226294 ^ clkbuf_2_0__f_clk/X (sg13g2_buf_16)
                                                         clknet_2_0__leaf_clk (net)
                      0.024362    0.002563    0.228857 ^ _108_/CLK (sg13g2_dfrbpq_1)
                                  0.250000    0.478857   clock uncertainty
                                  0.000000    0.478857   clock reconvergence pessimism
                                 -0.106572    0.372284   library removal time
                                              0.372284   data required time
---------------------------------------------------------------------------------------------
                                              0.372284   data required time
                                             -4.441401   data arrival time
---------------------------------------------------------------------------------------------
                                              4.069117   slack (MET)


Startpoint: reset (input port clocked by clk)
Endpoint: _113_ (removal check against rising-edge clock clk)
Path Group: asynchronous
Path Type: min

Fanout         Cap        Slew       Delay        Time   Description
---------------------------------------------------------------------------------------------
                                  0.000000    0.000000   clock clk (rise edge)
                                  0.000000    0.000000   clock network delay (propagated)
                                  4.000000    4.000000 v input external delay
     1    0.003585    0.017610    0.002425    4.002425 v reset (in)
                                                         reset (net)
                      0.017610    0.000000    4.002425 v input3/A (sg13g2_buf_1)
     1    0.016159    0.058194    0.084214    4.086639 v input3/X (sg13g2_buf_1)
                                                         net3 (net)
                      0.058288    0.001635    4.088274 v fanout22/A (sg13g2_buf_1)
     4    0.036611    0.118479    0.145528    4.233802 v fanout22/X (sg13g2_buf_1)
                                                         net22 (net)
                      0.118626    0.002858    4.236660 v fanout20/A (sg13g2_buf_1)
     7    0.028572    0.094782    0.150828    4.387488 v fanout20/X (sg13g2_buf_1)
                                                         net20 (net)
                      0.094819    0.001668    4.389155 v _085_/A (sg13g2_inv_1)
     1    0.004790    0.041408    0.051340    4.440495 ^ _085_/Y (sg13g2_inv_1)
                                                         _011_ (net)
                      0.041408    0.000184    4.440680 ^ _113_/RESET_B (sg13g2_dfrbpq_1)
                                              4.440680   data arrival time

                                  0.000000    0.000000   clock clk (rise edge)
                                  0.000000    0.000000   clock source latency
     1    0.046960    0.061870    0.044148    0.044148 ^ clk (in)
                                                         clk (net)
                      0.063388    0.000000    0.044148 ^ clkbuf_0_clk/A (sg13g2_buf_16)
     4    0.091043    0.036729    0.097358    0.141506 ^ clkbuf_0_clk/X (sg13g2_buf_16)
                                                         clknet_0_clk (net)
                      0.038920    0.007063    0.148569 ^ clkbuf_2_1__f_clk/A (sg13g2_buf_16)
     6    0.033935    0.023037    0.075691    0.224260 ^ clkbuf_2_1__f_clk/X (sg13g2_buf_16)
                                                         clknet_2_1__leaf_clk (net)
                      0.023042    0.000725    0.224985 ^ _113_/CLK (sg13g2_dfrbpq_1)
                                  0.250000    0.474985   clock uncertainty
                                  0.000000    0.474985   clock reconvergence pessimism
                                 -0.106522    0.368463   library removal time
                                              0.368463   data required time
---------------------------------------------------------------------------------------------
                                              0.368463   data required time
                                             -4.440680   data arrival time
---------------------------------------------------------------------------------------------
                                              4.072217   slack (MET)


Startpoint: reset (input port clocked by clk)
Endpoint: _114_ (removal check against rising-edge clock clk)
Path Group: asynchronous
Path Type: min

Fanout         Cap        Slew       Delay        Time   Description
---------------------------------------------------------------------------------------------
                                  0.000000    0.000000   clock clk (rise edge)
                                  0.000000    0.000000   clock network delay (propagated)
                                  4.000000    4.000000 v input external delay
     1    0.003585    0.017610    0.002425    4.002425 v reset (in)
                                                         reset (net)
                      0.017610    0.000000    4.002425 v input3/A (sg13g2_buf_1)
     1    0.016159    0.058194    0.084214    4.086639 v input3/X (sg13g2_buf_1)
                                                         net3 (net)
                      0.058288    0.001635    4.088274 v fanout22/A (sg13g2_buf_1)
     4    0.036611    0.118479    0.145528    4.233802 v fanout22/X (sg13g2_buf_1)
                                                         net22 (net)
                      0.118626    0.002858    4.236660 v fanout20/A (sg13g2_buf_1)
     7    0.028572    0.094782    0.150828    4.387488 v fanout20/X (sg13g2_buf_1)
                                                         net20 (net)
                      0.094807    0.001422    4.388910 v _086_/A (sg13g2_inv_1)
     1    0.005497    0.043724    0.053868    4.442778 ^ _086_/Y (sg13g2_inv_1)
                                                         _012_ (net)
                      0.043728    0.000381    4.443159 ^ _114_/RESET_B (sg13g2_dfrbpq_1)
                                              4.443159   data arrival time

                                  0.000000    0.000000   clock clk (rise edge)
                                  0.000000    0.000000   clock source latency
     1    0.046960    0.061870    0.044148    0.044148 ^ clk (in)
                                                         clk (net)
                      0.063388    0.000000    0.044148 ^ clkbuf_0_clk/A (sg13g2_buf_16)
     4    0.091043    0.036729    0.097358    0.141506 ^ clkbuf_0_clk/X (sg13g2_buf_16)
                                                         clknet_0_clk (net)
                      0.038347    0.005899    0.147405 ^ clkbuf_2_2__f_clk/A (sg13g2_buf_16)
     6    0.040944    0.024549    0.076543    0.223948 ^ clkbuf_2_2__f_clk/X (sg13g2_buf_16)
                                                         clknet_2_2__leaf_clk (net)
                      0.024660    0.002779    0.226727 ^ _114_/CLK (sg13g2_dfrbpq_1)
                                  0.250000    0.476727   clock uncertainty
                                  0.000000    0.476727   clock reconvergence pessimism
                                 -0.107012    0.369715   library removal time
                                              0.369715   data required time
---------------------------------------------------------------------------------------------
                                              0.369715   data required time
                                             -4.443159   data arrival time
---------------------------------------------------------------------------------------------
                                              4.073444   slack (MET)


Startpoint: reset (input port clocked by clk)
Endpoint: _102_ (removal check against rising-edge clock clk)
Path Group: asynchronous
Path Type: min

Fanout         Cap        Slew       Delay        Time   Description
---------------------------------------------------------------------------------------------
                                  0.000000    0.000000   clock clk (rise edge)
                                  0.000000    0.000000   clock network delay (propagated)
                                  4.000000    4.000000 v input external delay
     1    0.003585    0.017610    0.002425    4.002425 v reset (in)
                                                         reset (net)
                      0.017610    0.000000    4.002425 v input3/A (sg13g2_buf_1)
     1    0.016159    0.058194    0.084214    4.086639 v input3/X (sg13g2_buf_1)
                                                         net3 (net)
                      0.058288    0.001635    4.088274 v fanout22/A (sg13g2_buf_1)
     4    0.036611    0.118479    0.145528    4.233802 v fanout22/X (sg13g2_buf_1)
                                                         net22 (net)
                      0.118626    0.002858    4.236660 v fanout20/A (sg13g2_buf_1)
     7    0.028572    0.094782    0.150828    4.387488 v fanout20/X (sg13g2_buf_1)
                                                         net20 (net)
                      0.094784    0.000616    4.388103 v _049_/A (sg13g2_inv_1)
     1    0.005651    0.044244    0.054417    4.442520 ^ _049_/Y (sg13g2_inv_1)
                                                         _000_ (net)
                      0.044248    0.000402    4.442923 ^ _102_/RESET_B (sg13g2_dfrbpq_1)
                                              4.442923   data arrival time

                                  0.000000    0.000000   clock clk (rise edge)
                                  0.000000    0.000000   clock source latency
     1    0.046960    0.061870    0.044148    0.044148 ^ clk (in)
                                                         clk (net)
                      0.063388    0.000000    0.044148 ^ clkbuf_0_clk/A (sg13g2_buf_16)
     4    0.091043    0.036729    0.097358    0.141506 ^ clkbuf_0_clk/X (sg13g2_buf_16)
                                                         clknet_0_clk (net)
                      0.038347    0.005899    0.147405 ^ clkbuf_2_2__f_clk/A (sg13g2_buf_16)
     6    0.040944    0.024549    0.076543    0.223948 ^ clkbuf_2_2__f_clk/X (sg13g2_buf_16)
                                                         clknet_2_2__leaf_clk (net)
                      0.024649    0.002685    0.226633 ^ _102_/CLK (sg13g2_dfrbpq_1)
                                  0.250000    0.476633   clock uncertainty
                                  0.000000    0.476633   clock reconvergence pessimism
                                 -0.107169    0.369464   library removal time
                                              0.369464   data required time
---------------------------------------------------------------------------------------------
                                              0.369464   data required time
                                             -4.442923   data arrival time
---------------------------------------------------------------------------------------------
                                              4.073458   slack (MET)


Startpoint: reset (input port clocked by clk)
Endpoint: _101_ (removal check against rising-edge clock clk)
Path Group: asynchronous
Path Type: min

Fanout         Cap        Slew       Delay        Time   Description
---------------------------------------------------------------------------------------------
                                  0.000000    0.000000   clock clk (rise edge)
                                  0.000000    0.000000   clock network delay (propagated)
                                  4.000000    4.000000 v input external delay
     1    0.003585    0.017610    0.002425    4.002425 v reset (in)
                                                         reset (net)
                      0.017610    0.000000    4.002425 v input3/A (sg13g2_buf_1)
     1    0.016159    0.058194    0.084214    4.086639 v input3/X (sg13g2_buf_1)
                                                         net3 (net)
                      0.058288    0.001635    4.088274 v fanout22/A (sg13g2_buf_1)
     4    0.036611    0.118479    0.145528    4.233802 v fanout22/X (sg13g2_buf_1)
                                                         net22 (net)
                      0.118626    0.002858    4.236660 v fanout20/A (sg13g2_buf_1)
     7    0.028572    0.094782    0.150828    4.387488 v fanout20/X (sg13g2_buf_1)
                                                         net20 (net)
                      0.094814    0.001582    4.389070 v _097_/A (sg13g2_inv_1)
     1    0.005227    0.042818    0.052944    4.442014 ^ _097_/Y (sg13g2_inv_1)
                                                         _023_ (net)
                      0.042822    0.000203    4.442217 ^ _101_/RESET_B (sg13g2_dfrbpq_1)
                                              4.442217   data arrival time

                                  0.000000    0.000000   clock clk (rise edge)
                                  0.000000    0.000000   clock source latency
     1    0.046960    0.061870    0.044148    0.044148 ^ clk (in)
                                                         clk (net)
                      0.063388    0.000000    0.044148 ^ clkbuf_0_clk/A (sg13g2_buf_16)
     4    0.091043    0.036729    0.097358    0.141506 ^ clkbuf_0_clk/X (sg13g2_buf_16)
                                                         clknet_0_clk (net)
                      0.038920    0.007063    0.148569 ^ clkbuf_2_1__f_clk/A (sg13g2_buf_16)
     6    0.033935    0.023037    0.075691    0.224260 ^ clkbuf_2_1__f_clk/X (sg13g2_buf_16)
                                                         clknet_2_1__leaf_clk (net)
                      0.023043    0.000837    0.225098 ^ _101_/CLK (sg13g2_dfrbpq_1)
                                  0.250000    0.475098   clock uncertainty
                                  0.000000    0.475098   clock reconvergence pessimism
                                 -0.106946    0.368152   library removal time
                                              0.368152   data required time
---------------------------------------------------------------------------------------------
                                              0.368152   data required time
                                             -4.442217   data arrival time
---------------------------------------------------------------------------------------------
                                              4.074065   slack (MET)


Startpoint: reset (input port clocked by clk)
Endpoint: _100_ (removal check against rising-edge clock clk)
Path Group: asynchronous
Path Type: min

Fanout         Cap        Slew       Delay        Time   Description
---------------------------------------------------------------------------------------------
                                  0.000000    0.000000   clock clk (rise edge)
                                  0.000000    0.000000   clock network delay (propagated)
                                  4.000000    4.000000 v input external delay
     1    0.003585    0.017610    0.002425    4.002425 v reset (in)
                                                         reset (net)
                      0.017610    0.000000    4.002425 v input3/A (sg13g2_buf_1)
     1    0.016159    0.058194    0.084214    4.086639 v input3/X (sg13g2_buf_1)
                                                         net3 (net)
                      0.058288    0.001635    4.088274 v fanout22/A (sg13g2_buf_1)
     4    0.036611    0.118479    0.145528    4.233802 v fanout22/X (sg13g2_buf_1)
                                                         net22 (net)
                      0.118626    0.002858    4.236660 v fanout20/A (sg13g2_buf_1)
     7    0.028572    0.094782    0.150828    4.387488 v fanout20/X (sg13g2_buf_1)
                                                         net20 (net)
                      0.094822    0.001730    4.389217 v _096_/A (sg13g2_inv_1)
     1    0.005371    0.043306    0.053403    4.442621 ^ _096_/Y (sg13g2_inv_1)
                                                         _022_ (net)
                      0.043310    0.000392    4.443013 ^ _100_/RESET_B (sg13g2_dfrbpq_1)
                                              4.443013   data arrival time

                                  0.000000    0.000000   clock clk (rise edge)
                                  0.000000    0.000000   clock source latency
     1    0.046960    0.061870    0.044148    0.044148 ^ clk (in)
                                                         clk (net)
                      0.063388    0.000000    0.044148 ^ clkbuf_0_clk/A (sg13g2_buf_16)
     4    0.091043    0.036729    0.097358    0.141506 ^ clkbuf_0_clk/X (sg13g2_buf_16)
                                                         clknet_0_clk (net)
                      0.038920    0.007063    0.148569 ^ clkbuf_2_1__f_clk/A (sg13g2_buf_16)
     6    0.033935    0.023037    0.075691    0.224260 ^ clkbuf_2_1__f_clk/X (sg13g2_buf_16)
                                                         clknet_2_1__leaf_clk (net)
                      0.023049    0.001122    0.225382 ^ _100_/CLK (sg13g2_dfrbpq_1)
                                  0.250000    0.475382   clock uncertainty
                                  0.000000    0.475382   clock reconvergence pessimism
                                 -0.107091    0.368291   library removal time
                                              0.368291   data required time
---------------------------------------------------------------------------------------------
                                              0.368291   data required time
                                             -4.443013   data arrival time
---------------------------------------------------------------------------------------------
                                              4.074722   slack (MET)


Startpoint: reset (input port clocked by clk)
Endpoint: _103_ (removal check against rising-edge clock clk)
Path Group: asynchronous
Path Type: min

Fanout         Cap        Slew       Delay        Time   Description
---------------------------------------------------------------------------------------------
                                  0.000000    0.000000   clock clk (rise edge)
                                  0.000000    0.000000   clock network delay (propagated)
                                  4.000000    4.000000 v input external delay
     1    0.003585    0.017610    0.002425    4.002425 v reset (in)
                                                         reset (net)
                      0.017610    0.000000    4.002425 v input3/A (sg13g2_buf_1)
     1    0.016159    0.058194    0.084214    4.086639 v input3/X (sg13g2_buf_1)
                                                         net3 (net)
                      0.058288    0.001635    4.088274 v fanout22/A (sg13g2_buf_1)
     4    0.036611    0.118479    0.145528    4.233802 v fanout22/X (sg13g2_buf_1)
                                                         net22 (net)
                      0.118547    0.001529    4.235331 v fanout21/A (sg13g2_buf_1)
     8    0.041725    0.134113    0.178175    4.413506 v fanout21/X (sg13g2_buf_1)
                                                         net21 (net)
                      0.134235    0.002674    4.416180 v _075_/A (sg13g2_inv_1)
     1    0.004871    0.047810    0.058507    4.474687 ^ _075_/Y (sg13g2_inv_1)
                                                         _001_ (net)
                      0.047811    0.000187    4.474874 ^ _103_/RESET_B (sg13g2_dfrbpq_1)
                                              4.474874   data arrival time

                                  0.000000    0.000000   clock clk (rise edge)
                                  0.000000    0.000000   clock source latency
     1    0.046960    0.061870    0.044148    0.044148 ^ clk (in)
                                                         clk (net)
                      0.063388    0.000000    0.044148 ^ clkbuf_0_clk/A (sg13g2_buf_16)
     4    0.091043    0.036729    0.097358    0.141506 ^ clkbuf_0_clk/X (sg13g2_buf_16)
                                                         clknet_0_clk (net)
                      0.038347    0.005899    0.147405 ^ clkbuf_2_2__f_clk/A (sg13g2_buf_16)
     6    0.040944    0.024549    0.076543    0.223948 ^ clkbuf_2_2__f_clk/X (sg13g2_buf_16)
                                                         clknet_2_2__leaf_clk (net)
                      0.024612    0.002236    0.226184 ^ _103_/CLK (sg13g2_dfrbpq_1)
                                  0.250000    0.476184   clock uncertainty
                                  0.000000    0.476184   clock reconvergence pessimism
                                 -0.108240    0.367944   library removal time
                                              0.367944   data required time
---------------------------------------------------------------------------------------------
                                              0.367944   data required time
                                             -4.474874   data arrival time
---------------------------------------------------------------------------------------------
                                              4.106930   slack (MET)


Startpoint: reset (input port clocked by clk)
Endpoint: _116_ (removal check against rising-edge clock clk)
Path Group: asynchronous
Path Type: min

Fanout         Cap        Slew       Delay        Time   Description
---------------------------------------------------------------------------------------------
                                  0.000000    0.000000   clock clk (rise edge)
                                  0.000000    0.000000   clock network delay (propagated)
                                  4.000000    4.000000 v input external delay
     1    0.003585    0.017610    0.002425    4.002425 v reset (in)
                                                         reset (net)
                      0.017610    0.000000    4.002425 v input3/A (sg13g2_buf_1)
     1    0.016159    0.058194    0.084214    4.086639 v input3/X (sg13g2_buf_1)
                                                         net3 (net)
                      0.058288    0.001635    4.088274 v fanout22/A (sg13g2_buf_1)
     4    0.036611    0.118479    0.145528    4.233802 v fanout22/X (sg13g2_buf_1)
                                                         net22 (net)
                      0.118547    0.001529    4.235331 v fanout21/A (sg13g2_buf_1)
     8    0.041725    0.134113    0.178175    4.413506 v fanout21/X (sg13g2_buf_1)
                                                         net21 (net)
                      0.134223    0.002479    4.415985 v _088_/A (sg13g2_inv_1)
     1    0.004868    0.047801    0.058496    4.474482 ^ _088_/Y (sg13g2_inv_1)
                                                         _014_ (net)
                      0.047801    0.000185    4.474667 ^ _116_/RESET_B (sg13g2_dfrbpq_1)
                                              4.474667   data arrival time

                                  0.000000    0.000000   clock clk (rise edge)
                                  0.000000    0.000000   clock source latency
     1    0.046960    0.061870    0.044148    0.044148 ^ clk (in)
                                                         clk (net)
                      0.063388    0.000000    0.044148 ^ clkbuf_0_clk/A (sg13g2_buf_16)
     4    0.091043    0.036729    0.097358    0.141506 ^ clkbuf_0_clk/X (sg13g2_buf_16)
                                                         clknet_0_clk (net)
                      0.038347    0.005899    0.147405 ^ clkbuf_2_2__f_clk/A (sg13g2_buf_16)
     6    0.040944    0.024549    0.076543    0.223948 ^ clkbuf_2_2__f_clk/X (sg13g2_buf_16)
                                                         clknet_2_2__leaf_clk (net)
                      0.024558    0.000985    0.224934 ^ _116_/CLK (sg13g2_dfrbpq_1)
                                  0.250000    0.474934   clock uncertainty
                                  0.000000    0.474934   clock reconvergence pessimism
                                 -0.108244    0.366690   library removal time
                                              0.366690   data required time
---------------------------------------------------------------------------------------------
                                              0.366690   data required time
                                             -4.474667   data arrival time
---------------------------------------------------------------------------------------------
                                              4.107977   slack (MET)


Startpoint: reset (input port clocked by clk)
Endpoint: _104_ (removal check against rising-edge clock clk)
Path Group: asynchronous
Path Type: min

Fanout         Cap        Slew       Delay        Time   Description
---------------------------------------------------------------------------------------------
                                  0.000000    0.000000   clock clk (rise edge)
                                  0.000000    0.000000   clock network delay (propagated)
                                  4.000000    4.000000 v input external delay
     1    0.003585    0.017610    0.002425    4.002425 v reset (in)
                                                         reset (net)
                      0.017610    0.000000    4.002425 v input3/A (sg13g2_buf_1)
     1    0.016159    0.058194    0.084214    4.086639 v input3/X (sg13g2_buf_1)
                                                         net3 (net)
                      0.058288    0.001635    4.088274 v fanout22/A (sg13g2_buf_1)
     4    0.036611    0.118479    0.145528    4.233802 v fanout22/X (sg13g2_buf_1)
                                                         net22 (net)
                      0.118547    0.001529    4.235331 v fanout21/A (sg13g2_buf_1)
     8    0.041725    0.134113    0.178175    4.413506 v fanout21/X (sg13g2_buf_1)
                                                         net21 (net)
                      0.134163    0.002302    4.415807 v _076_/A (sg13g2_inv_1)
     1    0.005054    0.048408    0.059262    4.475070 ^ _076_/Y (sg13g2_inv_1)
                                                         _002_ (net)
                      0.048408    0.000195    4.475264 ^ _104_/RESET_B (sg13g2_dfrbpq_1)
                                              4.475264   data arrival time

                                  0.000000    0.000000   clock clk (rise edge)
                                  0.000000    0.000000   clock source latency
     1    0.046960    0.061870    0.044148    0.044148 ^ clk (in)
                                                         clk (net)
                      0.063388    0.000000    0.044148 ^ clkbuf_0_clk/A (sg13g2_buf_16)
     4    0.091043    0.036729    0.097358    0.141506 ^ clkbuf_0_clk/X (sg13g2_buf_16)
                                                         clknet_0_clk (net)
                      0.038347    0.005899    0.147405 ^ clkbuf_2_2__f_clk/A (sg13g2_buf_16)
     6    0.040944    0.024549    0.076543    0.223948 ^ clkbuf_2_2__f_clk/X (sg13g2_buf_16)
                                                         clknet_2_2__leaf_clk (net)
                      0.024561    0.001126    0.225074 ^ _104_/CLK (sg13g2_dfrbpq_1)
                                  0.250000    0.475074   clock uncertainty
                                  0.000000    0.475074   clock reconvergence pessimism
                                 -0.108425    0.366649   library removal time
                                              0.366649   data required time
---------------------------------------------------------------------------------------------
                                              0.366649   data required time
                                             -4.475264   data arrival time
---------------------------------------------------------------------------------------------
                                              4.108615   slack (MET)


Startpoint: reset (input port clocked by clk)
Endpoint: _106_ (removal check against rising-edge clock clk)
Path Group: asynchronous
Path Type: min

Fanout         Cap        Slew       Delay        Time   Description
---------------------------------------------------------------------------------------------
                                  0.000000    0.000000   clock clk (rise edge)
                                  0.000000    0.000000   clock network delay (propagated)
                                  4.000000    4.000000 v input external delay
     1    0.003585    0.017610    0.002425    4.002425 v reset (in)
                                                         reset (net)
                      0.017610    0.000000    4.002425 v input3/A (sg13g2_buf_1)
     1    0.016159    0.058194    0.084214    4.086639 v input3/X (sg13g2_buf_1)
                                                         net3 (net)
                      0.058288    0.001635    4.088274 v fanout22/A (sg13g2_buf_1)
     4    0.036611    0.118479    0.145528    4.233802 v fanout22/X (sg13g2_buf_1)
                                                         net22 (net)
                      0.118547    0.001529    4.235331 v fanout21/A (sg13g2_buf_1)
     8    0.041725    0.134113    0.178175    4.413506 v fanout21/X (sg13g2_buf_1)
                                                         net21 (net)
                      0.134140    0.001746    4.415251 v _078_/A (sg13g2_inv_1)
     1    0.005135    0.048675    0.059596    4.474848 ^ _078_/Y (sg13g2_inv_1)
                                                         _004_ (net)
                      0.048675    0.000199    4.475047 ^ _106_/RESET_B (sg13g2_dfrbpq_1)
                                              4.475047   data arrival time

                                  0.000000    0.000000   clock clk (rise edge)
                                  0.000000    0.000000   clock source latency
     1    0.046960    0.061870    0.044148    0.044148 ^ clk (in)
                                                         clk (net)
                      0.063388    0.000000    0.044148 ^ clkbuf_0_clk/A (sg13g2_buf_16)
     4    0.091043    0.036729    0.097358    0.141506 ^ clkbuf_0_clk/X (sg13g2_buf_16)
                                                         clknet_0_clk (net)
                      0.038525    0.006279    0.147785 ^ clkbuf_2_3__f_clk/A (sg13g2_buf_16)
     6    0.028708    0.021858    0.074276    0.222061 ^ clkbuf_2_3__f_clk/X (sg13g2_buf_16)
                                                         clknet_2_3__leaf_clk (net)
                      0.021953    0.002533    0.224594 ^ _106_/CLK (sg13g2_dfrbpq_1)
                                  0.250000    0.474594   clock uncertainty
                                  0.000000    0.474594   clock reconvergence pessimism
                                 -0.108836    0.365758   library removal time
                                              0.365758   data required time
---------------------------------------------------------------------------------------------
                                              0.365758   data required time
                                             -4.475047   data arrival time
---------------------------------------------------------------------------------------------
                                              4.109289   slack (MET)


Startpoint: reset (input port clocked by clk)
Endpoint: _115_ (removal check against rising-edge clock clk)
Path Group: asynchronous
Path Type: min

Fanout         Cap        Slew       Delay        Time   Description
---------------------------------------------------------------------------------------------
                                  0.000000    0.000000   clock clk (rise edge)
                                  0.000000    0.000000   clock network delay (propagated)
                                  4.000000    4.000000 v input external delay
     1    0.003585    0.017610    0.002425    4.002425 v reset (in)
                                                         reset (net)
                      0.017610    0.000000    4.002425 v input3/A (sg13g2_buf_1)
     1    0.016159    0.058194    0.084214    4.086639 v input3/X (sg13g2_buf_1)
                                                         net3 (net)
                      0.058288    0.001635    4.088274 v fanout22/A (sg13g2_buf_1)
     4    0.036611    0.118479    0.145528    4.233802 v fanout22/X (sg13g2_buf_1)
                                                         net22 (net)
                      0.118547    0.001529    4.235331 v fanout21/A (sg13g2_buf_1)
     8    0.041725    0.134113    0.178175    4.413506 v fanout21/X (sg13g2_buf_1)
                                                         net21 (net)
                      0.134242    0.002778    4.416284 v _087_/A (sg13g2_inv_1)
     1    0.005560    0.050147    0.061390    4.477674 ^ _087_/Y (sg13g2_inv_1)
                                                         _013_ (net)
                      0.050148    0.000218    4.477892 ^ _115_/RESET_B (sg13g2_dfrbpq_1)
                                              4.477892   data arrival time

                                  0.000000    0.000000   clock clk (rise edge)
                                  0.000000    0.000000   clock source latency
     1    0.046960    0.061870    0.044148    0.044148 ^ clk (in)
                                                         clk (net)
                      0.063388    0.000000    0.044148 ^ clkbuf_0_clk/A (sg13g2_buf_16)
     4    0.091043    0.036729    0.097358    0.141506 ^ clkbuf_0_clk/X (sg13g2_buf_16)
                                                         clknet_0_clk (net)
                      0.038347    0.005899    0.147405 ^ clkbuf_2_2__f_clk/A (sg13g2_buf_16)
     6    0.040944    0.024549    0.076543    0.223948 ^ clkbuf_2_2__f_clk/X (sg13g2_buf_16)
                                                         clknet_2_2__leaf_clk (net)
                      0.024635    0.002542    0.226490 ^ _115_/CLK (sg13g2_dfrbpq_1)
                                  0.250000    0.476490   clock uncertainty
                                  0.000000    0.476490   clock reconvergence pessimism
                                 -0.108937    0.367553   library removal time
                                              0.367553   data required time
---------------------------------------------------------------------------------------------
                                              0.367553   data required time
                                             -4.477892   data arrival time
---------------------------------------------------------------------------------------------
                                              4.110338   slack (MET)


Startpoint: reset (input port clocked by clk)
Endpoint: _117_ (removal check against rising-edge clock clk)
Path Group: asynchronous
Path Type: min

Fanout         Cap        Slew       Delay        Time   Description
---------------------------------------------------------------------------------------------
                                  0.000000    0.000000   clock clk (rise edge)
                                  0.000000    0.000000   clock network delay (propagated)
                                  4.000000    4.000000 v input external delay
     1    0.003585    0.017610    0.002425    4.002425 v reset (in)
                                                         reset (net)
                      0.017610    0.000000    4.002425 v input3/A (sg13g2_buf_1)
     1    0.016159    0.058194    0.084214    4.086639 v input3/X (sg13g2_buf_1)
                                                         net3 (net)
                      0.058288    0.001635    4.088274 v fanout22/A (sg13g2_buf_1)
     4    0.036611    0.118479    0.145528    4.233802 v fanout22/X (sg13g2_buf_1)
                                                         net22 (net)
                      0.118547    0.001529    4.235331 v fanout21/A (sg13g2_buf_1)
     8    0.041725    0.134113    0.178175    4.413506 v fanout21/X (sg13g2_buf_1)
                                                         net21 (net)
                      0.134156    0.002143    4.415648 v _089_/A (sg13g2_inv_1)
     1    0.005304    0.049246    0.060308    4.475956 ^ _089_/Y (sg13g2_inv_1)
                                                         _015_ (net)
                      0.049248    0.000204    4.476161 ^ _117_/RESET_B (sg13g2_dfrbpq_1)
                                              4.476161   data arrival time

                                  0.000000    0.000000   clock clk (rise edge)
                                  0.000000    0.000000   clock source latency
     1    0.046960    0.061870    0.044148    0.044148 ^ clk (in)
                                                         clk (net)
                      0.063388    0.000000    0.044148 ^ clkbuf_0_clk/A (sg13g2_buf_16)
     4    0.091043    0.036729    0.097358    0.141506 ^ clkbuf_0_clk/X (sg13g2_buf_16)
                                                         clknet_0_clk (net)
                      0.038525    0.006279    0.147785 ^ clkbuf_2_3__f_clk/A (sg13g2_buf_16)
     6    0.028708    0.021858    0.074276    0.222061 ^ clkbuf_2_3__f_clk/X (sg13g2_buf_16)
                                                         clknet_2_3__leaf_clk (net)
                      0.021859    0.000153    0.222214 ^ _117_/CLK (sg13g2_dfrbpq_1)
                                  0.250000    0.472214   clock uncertainty
                                  0.000000    0.472214   clock reconvergence pessimism
                                 -0.109019    0.363195   library removal time
                                              0.363195   data required time
---------------------------------------------------------------------------------------------
                                              0.363195   data required time
                                             -4.476161   data arrival time
---------------------------------------------------------------------------------------------
                                              4.112966   slack (MET)


Startpoint: reset (input port clocked by clk)
Endpoint: _107_ (removal check against rising-edge clock clk)
Path Group: asynchronous
Path Type: min

Fanout         Cap        Slew       Delay        Time   Description
---------------------------------------------------------------------------------------------
                                  0.000000    0.000000   clock clk (rise edge)
                                  0.000000    0.000000   clock network delay (propagated)
                                  4.000000    4.000000 v input external delay
     1    0.003585    0.017610    0.002425    4.002425 v reset (in)
                                                         reset (net)
                      0.017610    0.000000    4.002425 v input3/A (sg13g2_buf_1)
     1    0.016159    0.058194    0.084214    4.086639 v input3/X (sg13g2_buf_1)
                                                         net3 (net)
                      0.058288    0.001635    4.088274 v fanout22/A (sg13g2_buf_1)
     4    0.036611    0.118479    0.145528    4.233802 v fanout22/X (sg13g2_buf_1)
                                                         net22 (net)
                      0.118547    0.001529    4.235331 v fanout21/A (sg13g2_buf_1)
     8    0.041725    0.134113    0.178175    4.413506 v fanout21/X (sg13g2_buf_1)
                                                         net21 (net)
                      0.134139    0.001740    4.415246 v _079_/A (sg13g2_inv_1)
     1    0.006322    0.052892    0.064489    4.479735 ^ _079_/Y (sg13g2_inv_1)
                                                         _005_ (net)
                      0.052895    0.000430    4.480165 ^ _107_/RESET_B (sg13g2_dfrbpq_1)
                                              4.480165   data arrival time

                                  0.000000    0.000000   clock clk (rise edge)
                                  0.000000    0.000000   clock source latency
     1    0.046960    0.061870    0.044148    0.044148 ^ clk (in)
                                                         clk (net)
                      0.063388    0.000000    0.044148 ^ clkbuf_0_clk/A (sg13g2_buf_16)
     4    0.091043    0.036729    0.097358    0.141506 ^ clkbuf_0_clk/X (sg13g2_buf_16)
                                                         clknet_0_clk (net)
                      0.038525    0.006279    0.147785 ^ clkbuf_2_3__f_clk/A (sg13g2_buf_16)
     6    0.028708    0.021858    0.074276    0.222061 ^ clkbuf_2_3__f_clk/X (sg13g2_buf_16)
                                                         clknet_2_3__leaf_clk (net)
                      0.021971    0.002716    0.224777 ^ _107_/CLK (sg13g2_dfrbpq_1)
                                  0.250000    0.474777   clock uncertainty
                                  0.000000    0.474777   clock reconvergence pessimism
                                 -0.110097    0.364680   library removal time
                                              0.364680   data required time
---------------------------------------------------------------------------------------------
                                              0.364680   data required time
                                             -4.480165   data arrival time
---------------------------------------------------------------------------------------------
                                              4.115485   slack (MET)


Startpoint: reset (input port clocked by clk)
Endpoint: _105_ (removal check against rising-edge clock clk)
Path Group: asynchronous
Path Type: min

Fanout         Cap        Slew       Delay        Time   Description
---------------------------------------------------------------------------------------------
                                  0.000000    0.000000   clock clk (rise edge)
                                  0.000000    0.000000   clock network delay (propagated)
                                  4.000000    4.000000 v input external delay
     1    0.003585    0.017610    0.002425    4.002425 v reset (in)
                                                         reset (net)
                      0.017610    0.000000    4.002425 v input3/A (sg13g2_buf_1)
     1    0.016159    0.058194    0.084214    4.086639 v input3/X (sg13g2_buf_1)
                                                         net3 (net)
                      0.058288    0.001635    4.088274 v fanout22/A (sg13g2_buf_1)
     4    0.036611    0.118479    0.145528    4.233802 v fanout22/X (sg13g2_buf_1)
                                                         net22 (net)
                      0.118547    0.001529    4.235331 v fanout21/A (sg13g2_buf_1)
     8    0.041725    0.134113    0.178175    4.413506 v fanout21/X (sg13g2_buf_1)
                                                         net21 (net)
                      0.134139    0.001713    4.415218 v _077_/A (sg13g2_inv_1)
     1    0.007421    0.057132    0.069055    4.484273 ^ _077_/Y (sg13g2_inv_1)
                                                         _003_ (net)
                      0.057161    0.000493    4.484766 ^ _105_/RESET_B (sg13g2_dfrbpq_1)
                                              4.484766   data arrival time

                                  0.000000    0.000000   clock clk (rise edge)
                                  0.000000    0.000000   clock source latency
     1    0.046960    0.061870    0.044148    0.044148 ^ clk (in)
                                                         clk (net)
                      0.063388    0.000000    0.044148 ^ clkbuf_0_clk/A (sg13g2_buf_16)
     4    0.091043    0.036729    0.097358    0.141506 ^ clkbuf_0_clk/X (sg13g2_buf_16)
                                                         clknet_0_clk (net)
                      0.038525    0.006279    0.147785 ^ clkbuf_2_3__f_clk/A (sg13g2_buf_16)
     6    0.028708    0.021858    0.074276    0.222061 ^ clkbuf_2_3__f_clk/X (sg13g2_buf_16)
                                                         clknet_2_3__leaf_clk (net)
                      0.021897    0.001764    0.223825 ^ _105_/CLK (sg13g2_dfrbpq_1)
                                  0.250000    0.473825   clock uncertainty
                                  0.000000    0.473825   clock reconvergence pessimism
                                 -0.111384    0.362441   library removal time
                                              0.362441   data required time
---------------------------------------------------------------------------------------------
                                              0.362441   data required time
                                             -4.484766   data arrival time
---------------------------------------------------------------------------------------------
                                              4.122325   slack (MET)


Startpoint: _105_ (rising edge-triggered flip-flop clocked by clk)
Endpoint: dout[9] (output port clocked by clk)
Path Group: clk
Path Type: min

Fanout         Cap        Slew       Delay        Time   Description
---------------------------------------------------------------------------------------------
                                  0.000000    0.000000   clock clk (rise edge)
                                  0.000000    0.000000   clock source latency
     1    0.044287    0.059105    0.037715    0.037715 ^ clk (in)
                                                         clk (net)
                      0.060454    0.000000    0.037715 ^ clkbuf_0_clk/A (sg13g2_buf_16)
     4    0.080352    0.033942    0.085235    0.122950 ^ clkbuf_0_clk/X (sg13g2_buf_16)
                                                         clknet_0_clk (net)
                      0.035474    0.004994    0.127944 ^ clkbuf_2_3__f_clk/A (sg13g2_buf_16)
     6    0.026024    0.021109    0.065349    0.193293 ^ clkbuf_2_3__f_clk/X (sg13g2_buf_16)
                                                         clknet_2_3__leaf_clk (net)
                      0.021141    0.001444    0.194737 ^ _105_/CLK (sg13g2_dfrbpq_1)
     2    0.004793    0.024519    0.156389    0.351126 v _105_/Q (sg13g2_dfrbpq_1)
                                                         net16 (net)
                      0.024529    0.000274    0.351400 v output16/A (sg13g2_buf_1)
     1    0.007822    0.033308    0.068329    0.419729 v output16/X (sg13g2_buf_1)
                                                         dout[9] (net)
                      0.033309    0.000204    0.419933 v dout[9] (out)
                                              0.419933   data arrival time

                                  0.000000    0.000000   clock clk (rise edge)
                                  0.000000    0.000000   clock network delay (propagated)
                                  0.250000    0.250000   clock uncertainty
                                  0.000000    0.250000   clock reconvergence pessimism
                                 -4.000000   -3.750000   output external delay
                                             -3.750000   data required time
---------------------------------------------------------------------------------------------
                                             -3.750000   data required time
                                             -0.419933   data arrival time
---------------------------------------------------------------------------------------------
                                              4.169933   slack (MET)


Startpoint: _103_ (rising edge-triggered flip-flop clocked by clk)
Endpoint: dout[7] (output port clocked by clk)
Path Group: clk
Path Type: min

Fanout         Cap        Slew       Delay        Time   Description
---------------------------------------------------------------------------------------------
                                  0.000000    0.000000   clock clk (rise edge)
                                  0.000000    0.000000   clock source latency
     1    0.044287    0.059105    0.037715    0.037715 ^ clk (in)
                                                         clk (net)
                      0.060454    0.000000    0.037715 ^ clkbuf_0_clk/A (sg13g2_buf_16)
     4    0.080352    0.033942    0.085235    0.122950 ^ clkbuf_0_clk/X (sg13g2_buf_16)
                                                         clknet_0_clk (net)
                      0.035331    0.004694    0.127644 ^ clkbuf_2_2__f_clk/A (sg13g2_buf_16)
     6    0.038260    0.023822    0.067414    0.195058 ^ clkbuf_2_2__f_clk/X (sg13g2_buf_16)
                                                         clknet_2_2__leaf_clk (net)
                      0.023878    0.001892    0.196950 ^ _103_/CLK (sg13g2_dfrbpq_1)
     2    0.004270    0.023169    0.156510    0.353461 v _103_/Q (sg13g2_dfrbpq_1)
                                                         net14 (net)
                      0.023169    0.000086    0.353547 v output14/A (sg13g2_buf_1)
     1    0.008213    0.034422    0.068683    0.422231 v output14/X (sg13g2_buf_1)
                                                         dout[7] (net)
                      0.034423    0.000229    0.422459 v dout[7] (out)
                                              0.422459   data arrival time

                                  0.000000    0.000000   clock clk (rise edge)
                                  0.000000    0.000000   clock network delay (propagated)
                                  0.250000    0.250000   clock uncertainty
                                  0.000000    0.250000   clock reconvergence pessimism
                                 -4.000000   -3.750000   output external delay
                                             -3.750000   data required time
---------------------------------------------------------------------------------------------
                                             -3.750000   data required time
                                             -0.422459   data arrival time
---------------------------------------------------------------------------------------------
                                              4.172460   slack (MET)


Startpoint: _100_ (rising edge-triggered flip-flop clocked by clk)
Endpoint: dout[4] (output port clocked by clk)
Path Group: clk
Path Type: min

Fanout         Cap        Slew       Delay        Time   Description
---------------------------------------------------------------------------------------------
                                  0.000000    0.000000   clock clk (rise edge)
                                  0.000000    0.000000   clock source latency
     1    0.044287    0.059105    0.037715    0.037715 ^ clk (in)
                                                         clk (net)
                      0.060454    0.000000    0.037715 ^ clkbuf_0_clk/A (sg13g2_buf_16)
     4    0.080352    0.033942    0.085235    0.122950 ^ clkbuf_0_clk/X (sg13g2_buf_16)
                                                         clknet_0_clk (net)
                      0.035793    0.005618    0.128568 ^ clkbuf_2_1__f_clk/A (sg13g2_buf_16)
     6    0.031250    0.022290    0.066571    0.195139 ^ clkbuf_2_1__f_clk/X (sg13g2_buf_16)
                                                         clknet_2_1__leaf_clk (net)
                      0.022301    0.000923    0.196062 ^ _100_/CLK (sg13g2_dfrbpq_1)
     2    0.004726    0.024346    0.156771    0.352833 v _100_/Q (sg13g2_dfrbpq_1)
                                                         net11 (net)
                      0.024351    0.000276    0.353109 v output11/A (sg13g2_buf_1)
     1    0.008244    0.034511    0.069082    0.422191 v output11/X (sg13g2_buf_1)
                                                         dout[4] (net)
                      0.034520    0.000517    0.422709 v dout[4] (out)
                                              0.422709   data arrival time

                                  0.000000    0.000000   clock clk (rise edge)
                                  0.000000    0.000000   clock network delay (propagated)
                                  0.250000    0.250000   clock uncertainty
                                  0.000000    0.250000   clock reconvergence pessimism
                                 -4.000000   -3.750000   output external delay
                                             -3.750000   data required time
---------------------------------------------------------------------------------------------
                                             -3.750000   data required time
                                             -0.422709   data arrival time
---------------------------------------------------------------------------------------------
                                              4.172709   slack (MET)


Startpoint: _102_ (rising edge-triggered flip-flop clocked by clk)
Endpoint: dout[6] (output port clocked by clk)
Path Group: clk
Path Type: min

Fanout         Cap        Slew       Delay        Time   Description
---------------------------------------------------------------------------------------------
                                  0.000000    0.000000   clock clk (rise edge)
                                  0.000000    0.000000   clock source latency
     1    0.044287    0.059105    0.037715    0.037715 ^ clk (in)
                                                         clk (net)
                      0.060454    0.000000    0.037715 ^ clkbuf_0_clk/A (sg13g2_buf_16)
     4    0.080352    0.033942    0.085235    0.122950 ^ clkbuf_0_clk/X (sg13g2_buf_16)
                                                         clknet_0_clk (net)
                      0.035331    0.004694    0.127644 ^ clkbuf_2_2__f_clk/A (sg13g2_buf_16)
     6    0.038260    0.023822    0.067414    0.195058 ^ clkbuf_2_2__f_clk/X (sg13g2_buf_16)
                                                         clknet_2_2__leaf_clk (net)
                      0.023908    0.002273    0.197331 ^ _102_/CLK (sg13g2_dfrbpq_1)
     2    0.004469    0.023682    0.156948    0.354279 v _102_/Q (sg13g2_dfrbpq_1)
                                                         net13 (net)
                      0.023682    0.000225    0.354504 v output13/A (sg13g2_buf_1)
     1    0.008581    0.035516    0.069746    0.424250 v output13/X (sg13g2_buf_1)
                                                         dout[6] (net)
                      0.035517    0.000242    0.424492 v dout[6] (out)
                                              0.424492   data arrival time

                                  0.000000    0.000000   clock clk (rise edge)
                                  0.000000    0.000000   clock network delay (propagated)
                                  0.250000    0.250000   clock uncertainty
                                  0.000000    0.250000   clock reconvergence pessimism
                                 -4.000000   -3.750000   output external delay
                                             -3.750000   data required time
---------------------------------------------------------------------------------------------
                                             -3.750000   data required time
                                             -0.424492   data arrival time
---------------------------------------------------------------------------------------------
                                              4.174492   slack (MET)


Startpoint: _106_ (rising edge-triggered flip-flop clocked by clk)
Endpoint: dout[10] (output port clocked by clk)
Path Group: clk
Path Type: min

Fanout         Cap        Slew       Delay        Time   Description
---------------------------------------------------------------------------------------------
                                  0.000000    0.000000   clock clk (rise edge)
                                  0.000000    0.000000   clock source latency
     1    0.044287    0.059105    0.037715    0.037715 ^ clk (in)
                                                         clk (net)
                      0.060454    0.000000    0.037715 ^ clkbuf_0_clk/A (sg13g2_buf_16)
     4    0.080352    0.033942    0.085235    0.122950 ^ clkbuf_0_clk/X (sg13g2_buf_16)
                                                         clknet_0_clk (net)
                      0.035474    0.004994    0.127944 ^ clkbuf_2_3__f_clk/A (sg13g2_buf_16)
     6    0.026024    0.021109    0.065349    0.193293 ^ clkbuf_2_3__f_clk/X (sg13g2_buf_16)
                                                         clknet_2_3__leaf_clk (net)
                      0.021182    0.002078    0.195371 ^ _106_/CLK (sg13g2_dfrbpq_1)
     2    0.006453    0.029087    0.160204    0.355575 v _106_/Q (sg13g2_dfrbpq_1)
                                                         net6 (net)
                      0.029087    0.000373    0.355948 v output6/A (sg13g2_buf_1)
     1    0.007823    0.033428    0.070177    0.426124 v output6/X (sg13g2_buf_1)
                                                         dout[10] (net)
                      0.033428    0.000205    0.426330 v dout[10] (out)
                                              0.426330   data arrival time

                                  0.000000    0.000000   clock clk (rise edge)
                                  0.000000    0.000000   clock network delay (propagated)
                                  0.250000    0.250000   clock uncertainty
                                  0.000000    0.250000   clock reconvergence pessimism
                                 -4.000000   -3.750000   output external delay
                                             -3.750000   data required time
---------------------------------------------------------------------------------------------
                                             -3.750000   data required time
                                             -0.426330   data arrival time
---------------------------------------------------------------------------------------------
                                              4.176330   slack (MET)


Startpoint: _104_ (rising edge-triggered flip-flop clocked by clk)
Endpoint: dout[8] (output port clocked by clk)
Path Group: clk
Path Type: min

Fanout         Cap        Slew       Delay        Time   Description
---------------------------------------------------------------------------------------------
                                  0.000000    0.000000   clock clk (rise edge)
                                  0.000000    0.000000   clock source latency
     1    0.044287    0.059105    0.037715    0.037715 ^ clk (in)
                                                         clk (net)
                      0.060454    0.000000    0.037715 ^ clkbuf_0_clk/A (sg13g2_buf_16)
     4    0.080352    0.033942    0.085235    0.122950 ^ clkbuf_0_clk/X (sg13g2_buf_16)
                                                         clknet_0_clk (net)
                      0.035331    0.004694    0.127644 ^ clkbuf_2_2__f_clk/A (sg13g2_buf_16)
     6    0.038260    0.023822    0.067414    0.195058 ^ clkbuf_2_2__f_clk/X (sg13g2_buf_16)
                                                         clknet_2_2__leaf_clk (net)
                      0.023833    0.000939    0.195997 ^ _104_/CLK (sg13g2_dfrbpq_1)
     2    0.006143    0.028221    0.160738    0.356736 v _104_/Q (sg13g2_dfrbpq_1)
                                                         net15 (net)
                      0.028221    0.000315    0.357051 v output15/A (sg13g2_buf_1)
     1    0.008086    0.034174    0.070438    0.427489 v output15/X (sg13g2_buf_1)
                                                         dout[8] (net)
                      0.034175    0.000216    0.427705 v dout[8] (out)
                                              0.427705   data arrival time

                                  0.000000    0.000000   clock clk (rise edge)
                                  0.000000    0.000000   clock network delay (propagated)
                                  0.250000    0.250000   clock uncertainty
                                  0.000000    0.250000   clock reconvergence pessimism
                                 -4.000000   -3.750000   output external delay
                                             -3.750000   data required time
---------------------------------------------------------------------------------------------
                                             -3.750000   data required time
                                             -0.427705   data arrival time
---------------------------------------------------------------------------------------------
                                              4.177704   slack (MET)


Startpoint: _101_ (rising edge-triggered flip-flop clocked by clk)
Endpoint: dout[5] (output port clocked by clk)
Path Group: clk
Path Type: min

Fanout         Cap        Slew       Delay        Time   Description
---------------------------------------------------------------------------------------------
                                  0.000000    0.000000   clock clk (rise edge)
                                  0.000000    0.000000   clock source latency
     1    0.044287    0.059105    0.037715    0.037715 ^ clk (in)
                                                         clk (net)
                      0.060454    0.000000    0.037715 ^ clkbuf_0_clk/A (sg13g2_buf_16)
     4    0.080352    0.033942    0.085235    0.122950 ^ clkbuf_0_clk/X (sg13g2_buf_16)
                                                         clknet_0_clk (net)
                      0.035793    0.005618    0.128568 ^ clkbuf_2_1__f_clk/A (sg13g2_buf_16)
     6    0.031250    0.022290    0.066571    0.195139 ^ clkbuf_2_1__f_clk/X (sg13g2_buf_16)
                                                         clknet_2_1__leaf_clk (net)
                      0.022296    0.000695    0.195834 ^ _101_/CLK (sg13g2_dfrbpq_1)
     2    0.006202    0.028384    0.160125    0.355959 v _101_/Q (sg13g2_dfrbpq_1)
                                                         net12 (net)
                      0.028384    0.000389    0.356348 v output12/A (sg13g2_buf_1)
     1    0.009179    0.037397    0.073043    0.429391 v output12/X (sg13g2_buf_1)
                                                         dout[5] (net)
                      0.037398    0.000265    0.429656 v dout[5] (out)
                                              0.429656   data arrival time

                                  0.000000    0.000000   clock clk (rise edge)
                                  0.000000    0.000000   clock network delay (propagated)
                                  0.250000    0.250000   clock uncertainty
                                  0.000000    0.250000   clock reconvergence pessimism
                                 -4.000000   -3.750000   output external delay
                                             -3.750000   data required time
---------------------------------------------------------------------------------------------
                                             -3.750000   data required time
                                             -0.429656   data arrival time
---------------------------------------------------------------------------------------------
                                              4.179656   slack (MET)


Startpoint: _099_ (rising edge-triggered flip-flop clocked by clk)
Endpoint: dout[3] (output port clocked by clk)
Path Group: clk
Path Type: min

Fanout         Cap        Slew       Delay        Time   Description
---------------------------------------------------------------------------------------------
                                  0.000000    0.000000   clock clk (rise edge)
                                  0.000000    0.000000   clock source latency
     1    0.044287    0.059105    0.037715    0.037715 ^ clk (in)
                                                         clk (net)
                      0.060454    0.000000    0.037715 ^ clkbuf_0_clk/A (sg13g2_buf_16)
     4    0.080352    0.033942    0.085235    0.122950 ^ clkbuf_0_clk/X (sg13g2_buf_16)
                                                         clknet_0_clk (net)
                      0.035793    0.005618    0.128568 ^ clkbuf_2_1__f_clk/A (sg13g2_buf_16)
     6    0.031250    0.022290    0.066571    0.195139 ^ clkbuf_2_1__f_clk/X (sg13g2_buf_16)
                                                         clknet_2_1__leaf_clk (net)
                      0.022304    0.001076    0.196215 ^ _099_/CLK (sg13g2_dfrbpq_1)
     2    0.010833    0.041742    0.170665    0.366880 v _099_/Q (sg13g2_dfrbpq_1)
                                                         net10 (net)
                      0.041755    0.000679    0.367559 v output10/A (sg13g2_buf_1)
     1    0.007773    0.033605    0.075187    0.442747 v output10/X (sg13g2_buf_1)
                                                         dout[3] (net)
                      0.033606    0.000201    0.442948 v dout[3] (out)
                                              0.442948   data arrival time

                                  0.000000    0.000000   clock clk (rise edge)
                                  0.000000    0.000000   clock network delay (propagated)
                                  0.250000    0.250000   clock uncertainty
                                  0.000000    0.250000   clock reconvergence pessimism
                                 -4.000000   -3.750000   output external delay
                                             -3.750000   data required time
---------------------------------------------------------------------------------------------
                                             -3.750000   data required time
                                             -0.442948   data arrival time
---------------------------------------------------------------------------------------------
                                              4.192948   slack (MET)


Startpoint: _107_ (rising edge-triggered flip-flop clocked by clk)
Endpoint: dout[11] (output port clocked by clk)
Path Group: clk
Path Type: min

Fanout         Cap        Slew       Delay        Time   Description
---------------------------------------------------------------------------------------------
                                  0.000000    0.000000   clock clk (rise edge)
                                  0.000000    0.000000   clock source latency
     1    0.044287    0.059105    0.037715    0.037715 ^ clk (in)
                                                         clk (net)
                      0.060454    0.000000    0.037715 ^ clkbuf_0_clk/A (sg13g2_buf_16)
     4    0.080352    0.033942    0.085235    0.122950 ^ clkbuf_0_clk/X (sg13g2_buf_16)
                                                         clknet_0_clk (net)
                      0.035474    0.004994    0.127944 ^ clkbuf_2_3__f_clk/A (sg13g2_buf_16)
     6    0.026024    0.021109    0.065349    0.193293 ^ clkbuf_2_3__f_clk/X (sg13g2_buf_16)
                                                         clknet_2_3__leaf_clk (net)
                      0.021201    0.002227    0.195520 ^ _107_/CLK (sg13g2_dfrbpq_1)
     2    0.011959    0.045152    0.172834    0.368353 v _107_/Q (sg13g2_dfrbpq_1)
                                                         net7 (net)
                      0.045162    0.000604    0.368958 v output7/A (sg13g2_buf_1)
     1    0.007821    0.033832    0.076678    0.445636 v output7/X (sg13g2_buf_1)
                                                         dout[11] (net)
                      0.033833    0.000205    0.445841 v dout[11] (out)
                                              0.445841   data arrival time

                                  0.000000    0.000000   clock clk (rise edge)
                                  0.000000    0.000000   clock network delay (propagated)
                                  0.250000    0.250000   clock uncertainty
                                  0.000000    0.250000   clock reconvergence pessimism
                                 -4.000000   -3.750000   output external delay
                                             -3.750000   data required time
---------------------------------------------------------------------------------------------
                                             -3.750000   data required time
                                             -0.445841   data arrival time
---------------------------------------------------------------------------------------------
                                              4.195841   slack (MET)


Startpoint: _098_ (rising edge-triggered flip-flop clocked by clk)
Endpoint: dout[2] (output port clocked by clk)
Path Group: clk
Path Type: min

Fanout         Cap        Slew       Delay        Time   Description
---------------------------------------------------------------------------------------------
                                  0.000000    0.000000   clock clk (rise edge)
                                  0.000000    0.000000   clock source latency
     1    0.044287    0.059105    0.037715    0.037715 ^ clk (in)
                                                         clk (net)
                      0.060454    0.000000    0.037715 ^ clkbuf_0_clk/A (sg13g2_buf_16)
     4    0.080352    0.033942    0.085235    0.122950 ^ clkbuf_0_clk/X (sg13g2_buf_16)
                                                         clknet_0_clk (net)
                      0.035793    0.005618    0.128568 ^ clkbuf_2_1__f_clk/A (sg13g2_buf_16)
     6    0.031250    0.022290    0.066571    0.195139 ^ clkbuf_2_1__f_clk/X (sg13g2_buf_16)
                                                         clknet_2_1__leaf_clk (net)
                      0.022308    0.001179    0.196318 ^ _098_/CLK (sg13g2_dfrbpq_1)
     2    0.015291    0.054955    0.180770    0.377088 v _098_/Q (sg13g2_dfrbpq_1)
                                                         net9 (net)
                      0.054983    0.001078    0.378166 v output9/A (sg13g2_buf_1)
     1    0.007832    0.034113    0.080678    0.458844 v output9/X (sg13g2_buf_1)
                                                         dout[2] (net)
                      0.034114    0.000205    0.459049 v dout[2] (out)
                                              0.459049   data arrival time

                                  0.000000    0.000000   clock clk (rise edge)
                                  0.000000    0.000000   clock network delay (propagated)
                                  0.250000    0.250000   clock uncertainty
                                  0.000000    0.250000   clock reconvergence pessimism
                                 -4.000000   -3.750000   output external delay
                                             -3.750000   data required time
---------------------------------------------------------------------------------------------
                                             -3.750000   data required time
                                             -0.459049   data arrival time
---------------------------------------------------------------------------------------------
                                              4.209049   slack (MET)


Startpoint: _121_ (rising edge-triggered flip-flop clocked by clk)
Endpoint: dout[1] (output port clocked by clk)
Path Group: clk
Path Type: min

Fanout         Cap        Slew       Delay        Time   Description
---------------------------------------------------------------------------------------------
                                  0.000000    0.000000   clock clk (rise edge)
                                  0.000000    0.000000   clock source latency
     1    0.044287    0.059105    0.037715    0.037715 ^ clk (in)
                                                         clk (net)
                      0.060454    0.000000    0.037715 ^ clkbuf_0_clk/A (sg13g2_buf_16)
     4    0.080352    0.033942    0.085235    0.122950 ^ clkbuf_0_clk/X (sg13g2_buf_16)
                                                         clknet_0_clk (net)
                      0.035793    0.005618    0.128568 ^ clkbuf_2_1__f_clk/A (sg13g2_buf_16)
     6    0.031250    0.022290    0.066571    0.195139 ^ clkbuf_2_1__f_clk/X (sg13g2_buf_16)
                                                         clknet_2_1__leaf_clk (net)
                      0.022313    0.001329    0.196468 ^ _121_/CLK (sg13g2_dfrbpq_1)
     2    0.016074    0.057519    0.182537    0.379005 v _121_/Q (sg13g2_dfrbpq_1)
                                                         net8 (net)
                      0.057547    0.001103    0.380108 v output8/A (sg13g2_buf_1)
     1    0.007809    0.034113    0.081662    0.461770 v output8/X (sg13g2_buf_1)
                                                         dout[1] (net)
                      0.034114    0.000205    0.461975 v dout[1] (out)
                                              0.461975   data arrival time

                                  0.000000    0.000000   clock clk (rise edge)
                                  0.000000    0.000000   clock network delay (propagated)
                                  0.250000    0.250000   clock uncertainty
                                  0.000000    0.250000   clock reconvergence pessimism
                                 -4.000000   -3.750000   output external delay
                                             -3.750000   data required time
---------------------------------------------------------------------------------------------
                                             -3.750000   data required time
                                             -0.461975   data arrival time
---------------------------------------------------------------------------------------------
                                              4.211975   slack (MET)


Startpoint: _120_ (rising edge-triggered flip-flop clocked by clk)
Endpoint: dout[0] (output port clocked by clk)
Path Group: clk
Path Type: min

Fanout         Cap        Slew       Delay        Time   Description
---------------------------------------------------------------------------------------------
                                  0.000000    0.000000   clock clk (rise edge)
                                  0.000000    0.000000   clock source latency
     1    0.044287    0.059105    0.037715    0.037715 ^ clk (in)
                                                         clk (net)
                      0.060454    0.000000    0.037715 ^ clkbuf_0_clk/A (sg13g2_buf_16)
     4    0.080352    0.033942    0.085235    0.122950 ^ clkbuf_0_clk/X (sg13g2_buf_16)
                                                         clknet_0_clk (net)
                      0.036206    0.006353    0.129303 ^ clkbuf_2_0__f_clk/A (sg13g2_buf_16)
     6    0.036796    0.023535    0.067546    0.196850 ^ clkbuf_2_0__f_clk/X (sg13g2_buf_16)
                                                         clknet_2_0__leaf_clk (net)
                      0.023596    0.001950    0.198799 ^ _120_/CLK (sg13g2_dfrbpq_1)
     2    0.015639    0.056221    0.182117    0.380916 v _120_/Q (sg13g2_dfrbpq_1)
                                                         net5 (net)
                      0.056257    0.001227    0.382143 v output5/A (sg13g2_buf_1)
     1    0.007896    0.034330    0.081346    0.463489 v output5/X (sg13g2_buf_1)
                                                         dout[0] (net)
                      0.034331    0.000206    0.463695 v dout[0] (out)
                                              0.463695   data arrival time

                                  0.000000    0.000000   clock clk (rise edge)
                                  0.000000    0.000000   clock network delay (propagated)
                                  0.250000    0.250000   clock uncertainty
                                  0.000000    0.250000   clock reconvergence pessimism
                                 -4.000000   -3.750000   output external delay
                                             -3.750000   data required time
---------------------------------------------------------------------------------------------
                                             -3.750000   data required time
                                             -0.463695   data arrival time
---------------------------------------------------------------------------------------------
                                              4.213695   slack (MET)


Startpoint: reset (input port clocked by clk)
Endpoint: _112_ (removal check against rising-edge clock clk)
Path Group: asynchronous
Path Type: min

Fanout         Cap        Slew       Delay        Time   Description
---------------------------------------------------------------------------------------------
                                  0.000000    0.000000   clock clk (rise edge)
                                  0.000000    0.000000   clock network delay (propagated)
                                  4.000000    4.000000 v input external delay
     1    0.003585    0.017610    0.002425    4.002425 v reset (in)
                                                         reset (net)
                      0.017610    0.000000    4.002425 v input3/A (sg13g2_buf_1)
     1    0.016159    0.058194    0.084214    4.086639 v input3/X (sg13g2_buf_1)
                                                         net3 (net)
                      0.058288    0.001635    4.088274 v fanout22/A (sg13g2_buf_1)
     4    0.036611    0.118479    0.145528    4.233802 v fanout22/X (sg13g2_buf_1)
                                                         net22 (net)
                      0.118626    0.002858    4.236660 v fanout20/A (sg13g2_buf_1)
     7    0.028572    0.094782    0.150828    4.387488 v fanout20/X (sg13g2_buf_1)
                                                         net20 (net)
                      0.094821    0.001712    4.389199 v fanout19/A (sg13g2_buf_1)
     8    0.034179    0.111369    0.155612    4.544811 v fanout19/X (sg13g2_buf_1)
                                                         net19 (net)
                      0.111393    0.001553    4.546364 v _084_/A (sg13g2_inv_1)
     1    0.004790    0.044031    0.054330    4.600694 ^ _084_/Y (sg13g2_inv_1)
                                                         _010_ (net)
                      0.044032    0.000184    4.600878 ^ _112_/RESET_B (sg13g2_dfrbpq_1)
                                              4.600878   data arrival time

                                  0.000000    0.000000   clock clk (rise edge)
                                  0.000000    0.000000   clock source latency
     1    0.046960    0.061870    0.044148    0.044148 ^ clk (in)
                                                         clk (net)
                      0.063388    0.000000    0.044148 ^ clkbuf_0_clk/A (sg13g2_buf_16)
     4    0.091043    0.036729    0.097358    0.141506 ^ clkbuf_0_clk/X (sg13g2_buf_16)
                                                         clknet_0_clk (net)
                      0.039435    0.007997    0.149503 ^ clkbuf_2_0__f_clk/A (sg13g2_buf_16)
     6    0.039480    0.024273    0.076792    0.226294 ^ clkbuf_2_0__f_clk/X (sg13g2_buf_16)
                                                         clknet_2_0__leaf_clk (net)
                      0.024329    0.002115    0.228409 ^ _112_/CLK (sg13g2_dfrbpq_1)
                                  0.250000    0.478409   clock uncertainty
                                  0.000000    0.478409   clock reconvergence pessimism
                                 -0.107145    0.371264   library removal time
                                              0.371264   data required time
---------------------------------------------------------------------------------------------
                                              0.371264   data required time
                                             -4.600878   data arrival time
---------------------------------------------------------------------------------------------
                                              4.229614   slack (MET)


Startpoint: reset (input port clocked by clk)
Endpoint: _111_ (removal check against rising-edge clock clk)
Path Group: asynchronous
Path Type: min

Fanout         Cap        Slew       Delay        Time   Description
---------------------------------------------------------------------------------------------
                                  0.000000    0.000000   clock clk (rise edge)
                                  0.000000    0.000000   clock network delay (propagated)
                                  4.000000    4.000000 v input external delay
     1    0.003585    0.017610    0.002425    4.002425 v reset (in)
                                                         reset (net)
                      0.017610    0.000000    4.002425 v input3/A (sg13g2_buf_1)
     1    0.016159    0.058194    0.084214    4.086639 v input3/X (sg13g2_buf_1)
                                                         net3 (net)
                      0.058288    0.001635    4.088274 v fanout22/A (sg13g2_buf_1)
     4    0.036611    0.118479    0.145528    4.233802 v fanout22/X (sg13g2_buf_1)
                                                         net22 (net)
                      0.118626    0.002858    4.236660 v fanout20/A (sg13g2_buf_1)
     7    0.028572    0.094782    0.150828    4.387488 v fanout20/X (sg13g2_buf_1)
                                                         net20 (net)
                      0.094821    0.001712    4.389199 v fanout19/A (sg13g2_buf_1)
     8    0.034179    0.111369    0.155612    4.544811 v fanout19/X (sg13g2_buf_1)
                                                         net19 (net)
                      0.111452    0.001849    4.546659 v _083_/A (sg13g2_inv_1)
     1    0.004862    0.044275    0.054620    4.601279 ^ _083_/Y (sg13g2_inv_1)
                                                         _009_ (net)
                      0.044275    0.000187    4.601467 ^ _111_/RESET_B (sg13g2_dfrbpq_1)
                                              4.601467   data arrival time

                                  0.000000    0.000000   clock clk (rise edge)
                                  0.000000    0.000000   clock source latency
     1    0.046960    0.061870    0.044148    0.044148 ^ clk (in)
                                                         clk (net)
                      0.063388    0.000000    0.044148 ^ clkbuf_0_clk/A (sg13g2_buf_16)
     4    0.091043    0.036729    0.097358    0.141506 ^ clkbuf_0_clk/X (sg13g2_buf_16)
                                                         clknet_0_clk (net)
                      0.039435    0.007997    0.149503 ^ clkbuf_2_0__f_clk/A (sg13g2_buf_16)
     6    0.039480    0.024273    0.076792    0.226294 ^ clkbuf_2_0__f_clk/X (sg13g2_buf_16)
                                                         clknet_2_0__leaf_clk (net)
                      0.024321    0.001978    0.228272 ^ _111_/CLK (sg13g2_dfrbpq_1)
                                  0.250000    0.478272   clock uncertainty
                                  0.000000    0.478272   clock reconvergence pessimism
                                 -0.107219    0.371054   library removal time
                                              0.371054   data required time
---------------------------------------------------------------------------------------------
                                              0.371054   data required time
                                             -4.601467   data arrival time
---------------------------------------------------------------------------------------------
                                              4.230412   slack (MET)


Startpoint: reset (input port clocked by clk)
Endpoint: _109_ (removal check against rising-edge clock clk)
Path Group: asynchronous
Path Type: min

Fanout         Cap        Slew       Delay        Time   Description
---------------------------------------------------------------------------------------------
                                  0.000000    0.000000   clock clk (rise edge)
                                  0.000000    0.000000   clock network delay (propagated)
                                  4.000000    4.000000 v input external delay
     1    0.003585    0.017610    0.002425    4.002425 v reset (in)
                                                         reset (net)
                      0.017610    0.000000    4.002425 v input3/A (sg13g2_buf_1)
     1    0.016159    0.058194    0.084214    4.086639 v input3/X (sg13g2_buf_1)
                                                         net3 (net)
                      0.058288    0.001635    4.088274 v fanout22/A (sg13g2_buf_1)
     4    0.036611    0.118479    0.145528    4.233802 v fanout22/X (sg13g2_buf_1)
                                                         net22 (net)
                      0.118626    0.002858    4.236660 v fanout20/A (sg13g2_buf_1)
     7    0.028572    0.094782    0.150828    4.387488 v fanout20/X (sg13g2_buf_1)
                                                         net20 (net)
                      0.094821    0.001712    4.389199 v fanout19/A (sg13g2_buf_1)
     8    0.034179    0.111369    0.155612    4.544811 v fanout19/X (sg13g2_buf_1)
                                                         net19 (net)
                      0.111514    0.002760    4.547571 v _081_/A (sg13g2_inv_1)
     1    0.004830    0.044181    0.054508    4.602079 ^ _081_/Y (sg13g2_inv_1)
                                                         _007_ (net)
                      0.044182    0.000185    4.602263 ^ _109_/RESET_B (sg13g2_dfrbpq_1)
                                              4.602263   data arrival time

                                  0.000000    0.000000   clock clk (rise edge)
                                  0.000000    0.000000   clock source latency
     1    0.046960    0.061870    0.044148    0.044148 ^ clk (in)
                                                         clk (net)
                      0.063388    0.000000    0.044148 ^ clkbuf_0_clk/A (sg13g2_buf_16)
     4    0.091043    0.036729    0.097358    0.141506 ^ clkbuf_0_clk/X (sg13g2_buf_16)
                                                         clknet_0_clk (net)
                      0.039435    0.007997    0.149503 ^ clkbuf_2_0__f_clk/A (sg13g2_buf_16)
     6    0.039480    0.024273    0.076792    0.226294 ^ clkbuf_2_0__f_clk/X (sg13g2_buf_16)
                                                         clknet_2_0__leaf_clk (net)
                      0.024337    0.002227    0.228522 ^ _109_/CLK (sg13g2_dfrbpq_1)
                                  0.250000    0.478522   clock uncertainty
                                  0.000000    0.478522   clock reconvergence pessimism
                                 -0.107189    0.371333   library removal time
                                              0.371333   data required time
---------------------------------------------------------------------------------------------
                                              0.371333   data required time
                                             -4.602263   data arrival time
---------------------------------------------------------------------------------------------
                                              4.230931   slack (MET)


Startpoint: reset (input port clocked by clk)
Endpoint: _120_ (removal check against rising-edge clock clk)
Path Group: asynchronous
Path Type: min

Fanout         Cap        Slew       Delay        Time   Description
---------------------------------------------------------------------------------------------
                                  0.000000    0.000000   clock clk (rise edge)
                                  0.000000    0.000000   clock network delay (propagated)
                                  4.000000    4.000000 v input external delay
     1    0.003585    0.017610    0.002425    4.002425 v reset (in)
                                                         reset (net)
                      0.017610    0.000000    4.002425 v input3/A (sg13g2_buf_1)
     1    0.016159    0.058194    0.084214    4.086639 v input3/X (sg13g2_buf_1)
                                                         net3 (net)
                      0.058288    0.001635    4.088274 v fanout22/A (sg13g2_buf_1)
     4    0.036611    0.118479    0.145528    4.233802 v fanout22/X (sg13g2_buf_1)
                                                         net22 (net)
                      0.118626    0.002858    4.236660 v fanout20/A (sg13g2_buf_1)
     7    0.028572    0.094782    0.150828    4.387488 v fanout20/X (sg13g2_buf_1)
                                                         net20 (net)
                      0.094821    0.001712    4.389199 v fanout19/A (sg13g2_buf_1)
     8    0.034179    0.111369    0.155612    4.544811 v fanout19/X (sg13g2_buf_1)
                                                         net19 (net)
                      0.111524    0.002885    4.547696 v _092_/A (sg13g2_inv_1)
     1    0.004873    0.044323    0.054677    4.602373 ^ _092_/Y (sg13g2_inv_1)
                                                         _018_ (net)
                      0.044324    0.000187    4.602560 ^ _120_/RESET_B (sg13g2_dfrbpq_1)
                                              4.602560   data arrival time

                                  0.000000    0.000000   clock clk (rise edge)
                                  0.000000    0.000000   clock source latency
     1    0.046960    0.061870    0.044148    0.044148 ^ clk (in)
                                                         clk (net)
                      0.063388    0.000000    0.044148 ^ clkbuf_0_clk/A (sg13g2_buf_16)
     4    0.091043    0.036729    0.097358    0.141506 ^ clkbuf_0_clk/X (sg13g2_buf_16)
                                                         clknet_0_clk (net)
                      0.039435    0.007997    0.149503 ^ clkbuf_2_0__f_clk/A (sg13g2_buf_16)
     6    0.039480    0.024273    0.076792    0.226294 ^ clkbuf_2_0__f_clk/X (sg13g2_buf_16)
                                                         clknet_2_0__leaf_clk (net)
                      0.024343    0.002322    0.228616 ^ _120_/CLK (sg13g2_dfrbpq_1)
                                  0.250000    0.478616   clock uncertainty
                                  0.000000    0.478616   clock reconvergence pessimism
                                 -0.107230    0.371386   library removal time
                                              0.371386   data required time
---------------------------------------------------------------------------------------------
                                              0.371386   data required time
                                             -4.602560   data arrival time
---------------------------------------------------------------------------------------------
                                              4.231174   slack (MET)


Startpoint: reset (input port clocked by clk)
Endpoint: _110_ (removal check against rising-edge clock clk)
Path Group: asynchronous
Path Type: min

Fanout         Cap        Slew       Delay        Time   Description
---------------------------------------------------------------------------------------------
                                  0.000000    0.000000   clock clk (rise edge)
                                  0.000000    0.000000   clock network delay (propagated)
                                  4.000000    4.000000 v input external delay
     1    0.003585    0.017610    0.002425    4.002425 v reset (in)
                                                         reset (net)
                      0.017610    0.000000    4.002425 v input3/A (sg13g2_buf_1)
     1    0.016159    0.058194    0.084214    4.086639 v input3/X (sg13g2_buf_1)
                                                         net3 (net)
                      0.058288    0.001635    4.088274 v fanout22/A (sg13g2_buf_1)
     4    0.036611    0.118479    0.145528    4.233802 v fanout22/X (sg13g2_buf_1)
                                                         net22 (net)
                      0.118626    0.002858    4.236660 v fanout20/A (sg13g2_buf_1)
     7    0.028572    0.094782    0.150828    4.387488 v fanout20/X (sg13g2_buf_1)
                                                         net20 (net)
                      0.094821    0.001712    4.389199 v fanout19/A (sg13g2_buf_1)
     8    0.034179    0.111369    0.155612    4.544811 v fanout19/X (sg13g2_buf_1)
                                                         net19 (net)
                      0.111482    0.002336    4.547147 v _082_/A (sg13g2_inv_1)
     1    0.004964    0.044611    0.055020    4.602167 ^ _082_/Y (sg13g2_inv_1)
                                                         _008_ (net)
                      0.044612    0.000190    4.602357 ^ _110_/RESET_B (sg13g2_dfrbpq_1)
                                              4.602357   data arrival time

                                  0.000000    0.000000   clock clk (rise edge)
                                  0.000000    0.000000   clock source latency
     1    0.046960    0.061870    0.044148    0.044148 ^ clk (in)
                                                         clk (net)
                      0.063388    0.000000    0.044148 ^ clkbuf_0_clk/A (sg13g2_buf_16)
     4    0.091043    0.036729    0.097358    0.141506 ^ clkbuf_0_clk/X (sg13g2_buf_16)
                                                         clknet_0_clk (net)
                      0.039435    0.007997    0.149503 ^ clkbuf_2_0__f_clk/A (sg13g2_buf_16)
     6    0.039480    0.024273    0.076792    0.226294 ^ clkbuf_2_0__f_clk/X (sg13g2_buf_16)
                                                         clknet_2_0__leaf_clk (net)
                      0.024330    0.002129    0.228423 ^ _110_/CLK (sg13g2_dfrbpq_1)
                                  0.250000    0.478423   clock uncertainty
                                  0.000000    0.478423   clock reconvergence pessimism
                                 -0.107318    0.371105   library removal time
                                              0.371105   data required time
---------------------------------------------------------------------------------------------
                                              0.371105   data required time
                                             -4.602357   data arrival time
---------------------------------------------------------------------------------------------
                                              4.231252   slack (MET)


Startpoint: reset (input port clocked by clk)
Endpoint: _121_ (removal check against rising-edge clock clk)
Path Group: asynchronous
Path Type: min

Fanout         Cap        Slew       Delay        Time   Description
---------------------------------------------------------------------------------------------
                                  0.000000    0.000000   clock clk (rise edge)
                                  0.000000    0.000000   clock network delay (propagated)
                                  4.000000    4.000000 v input external delay
     1    0.003585    0.017610    0.002425    4.002425 v reset (in)
                                                         reset (net)
                      0.017610    0.000000    4.002425 v input3/A (sg13g2_buf_1)
     1    0.016159    0.058194    0.084214    4.086639 v input3/X (sg13g2_buf_1)
                                                         net3 (net)
                      0.058288    0.001635    4.088274 v fanout22/A (sg13g2_buf_1)
     4    0.036611    0.118479    0.145528    4.233802 v fanout22/X (sg13g2_buf_1)
                                                         net22 (net)
                      0.118626    0.002858    4.236660 v fanout20/A (sg13g2_buf_1)
     7    0.028572    0.094782    0.150828    4.387488 v fanout20/X (sg13g2_buf_1)
                                                         net20 (net)
                      0.094821    0.001712    4.389199 v fanout19/A (sg13g2_buf_1)
     8    0.034179    0.111369    0.155612    4.544811 v fanout19/X (sg13g2_buf_1)
                                                         net19 (net)
                      0.111526    0.002902    4.547713 v _093_/A (sg13g2_inv_1)
     1    0.004812    0.044123    0.054437    4.602150 ^ _093_/Y (sg13g2_inv_1)
                                                         _019_ (net)
                      0.044123    0.000184    4.602334 ^ _121_/RESET_B (sg13g2_dfrbpq_1)
                                              4.602334   data arrival time

                                  0.000000    0.000000   clock clk (rise edge)
                                  0.000000    0.000000   clock source latency
     1    0.046960    0.061870    0.044148    0.044148 ^ clk (in)
                                                         clk (net)
                      0.063388    0.000000    0.044148 ^ clkbuf_0_clk/A (sg13g2_buf_16)
     4    0.091043    0.036729    0.097358    0.141506 ^ clkbuf_0_clk/X (sg13g2_buf_16)
                                                         clknet_0_clk (net)
                      0.038920    0.007063    0.148569 ^ clkbuf_2_1__f_clk/A (sg13g2_buf_16)
     6    0.033935    0.023037    0.075691    0.224260 ^ clkbuf_2_1__f_clk/X (sg13g2_buf_16)
                                                         clknet_2_1__leaf_clk (net)
                      0.023067    0.001598    0.225859 ^ _121_/CLK (sg13g2_dfrbpq_1)
                                  0.250000    0.475859   clock uncertainty
                                  0.000000    0.475859   clock reconvergence pessimism
                                 -0.107332    0.368527   library removal time
                                              0.368527   data required time
---------------------------------------------------------------------------------------------
                                              0.368527   data required time
                                             -4.602334   data arrival time
---------------------------------------------------------------------------------------------
                                              4.233807   slack (MET)


Startpoint: reset (input port clocked by clk)
Endpoint: _098_ (removal check against rising-edge clock clk)
Path Group: asynchronous
Path Type: min

Fanout         Cap        Slew       Delay        Time   Description
---------------------------------------------------------------------------------------------
                                  0.000000    0.000000   clock clk (rise edge)
                                  0.000000    0.000000   clock network delay (propagated)
                                  4.000000    4.000000 v input external delay
     1    0.003585    0.017610    0.002425    4.002425 v reset (in)
                                                         reset (net)
                      0.017610    0.000000    4.002425 v input3/A (sg13g2_buf_1)
     1    0.016159    0.058194    0.084214    4.086639 v input3/X (sg13g2_buf_1)
                                                         net3 (net)
                      0.058288    0.001635    4.088274 v fanout22/A (sg13g2_buf_1)
     4    0.036611    0.118479    0.145528    4.233802 v fanout22/X (sg13g2_buf_1)
                                                         net22 (net)
                      0.118626    0.002858    4.236660 v fanout20/A (sg13g2_buf_1)
     7    0.028572    0.094782    0.150828    4.387488 v fanout20/X (sg13g2_buf_1)
                                                         net20 (net)
                      0.094821    0.001712    4.389199 v fanout19/A (sg13g2_buf_1)
     8    0.034179    0.111369    0.155612    4.544811 v fanout19/X (sg13g2_buf_1)
                                                         net19 (net)
                      0.111514    0.002765    4.547576 v _094_/A (sg13g2_inv_1)
     1    0.004910    0.044441    0.054817    4.602394 ^ _094_/Y (sg13g2_inv_1)
                                                         _020_ (net)
                      0.044441    0.000188    4.602582 ^ _098_/RESET_B (sg13g2_dfrbpq_1)
                                              4.602582   data arrival time

                                  0.000000    0.000000   clock clk (rise edge)
                                  0.000000    0.000000   clock source latency
     1    0.046960    0.061870    0.044148    0.044148 ^ clk (in)
                                                         clk (net)
                      0.063388    0.000000    0.044148 ^ clkbuf_0_clk/A (sg13g2_buf_16)
     4    0.091043    0.036729    0.097358    0.141506 ^ clkbuf_0_clk/X (sg13g2_buf_16)
                                                         clknet_0_clk (net)
                      0.038920    0.007063    0.148569 ^ clkbuf_2_1__f_clk/A (sg13g2_buf_16)
     6    0.033935    0.023037    0.075691    0.224260 ^ clkbuf_2_1__f_clk/X (sg13g2_buf_16)
                                                         clknet_2_1__leaf_clk (net)
                      0.023057    0.001428    0.225688 ^ _098_/CLK (sg13g2_dfrbpq_1)
                                  0.250000    0.475688   clock uncertainty
                                  0.000000    0.475688   clock reconvergence pessimism
                                 -0.107428    0.368260   library removal time
                                              0.368260   data required time
---------------------------------------------------------------------------------------------
                                              0.368260   data required time
                                             -4.602582   data arrival time
---------------------------------------------------------------------------------------------
                                              4.234323   slack (MET)


Startpoint: reset (input port clocked by clk)
Endpoint: _099_ (removal check against rising-edge clock clk)
Path Group: asynchronous
Path Type: min

Fanout         Cap        Slew       Delay        Time   Description
---------------------------------------------------------------------------------------------
                                  0.000000    0.000000   clock clk (rise edge)
                                  0.000000    0.000000   clock network delay (propagated)
                                  4.000000    4.000000 v input external delay
     1    0.003585    0.017610    0.002425    4.002425 v reset (in)
                                                         reset (net)
                      0.017610    0.000000    4.002425 v input3/A (sg13g2_buf_1)
     1    0.016159    0.058194    0.084214    4.086639 v input3/X (sg13g2_buf_1)
                                                         net3 (net)
                      0.058288    0.001635    4.088274 v fanout22/A (sg13g2_buf_1)
     4    0.036611    0.118479    0.145528    4.233802 v fanout22/X (sg13g2_buf_1)
                                                         net22 (net)
                      0.118626    0.002858    4.236660 v fanout20/A (sg13g2_buf_1)
     7    0.028572    0.094782    0.150828    4.387488 v fanout20/X (sg13g2_buf_1)
                                                         net20 (net)
                      0.094821    0.001712    4.389199 v fanout19/A (sg13g2_buf_1)
     8    0.034179    0.111369    0.155612    4.544811 v fanout19/X (sg13g2_buf_1)
                                                         net19 (net)
                      0.111453    0.001865    4.546676 v _095_/A (sg13g2_inv_1)
     1    0.006173    0.048748    0.059637    4.606312 ^ _095_/Y (sg13g2_inv_1)
                                                         _021_ (net)
                      0.048752    0.000440    4.606752 ^ _099_/RESET_B (sg13g2_dfrbpq_1)
                                              4.606752   data arrival time

                                  0.000000    0.000000   clock clk (rise edge)
                                  0.000000    0.000000   clock source latency
     1    0.046960    0.061870    0.044148    0.044148 ^ clk (in)
                                                         clk (net)
                      0.063388    0.000000    0.044148 ^ clkbuf_0_clk/A (sg13g2_buf_16)
     4    0.091043    0.036729    0.097358    0.141506 ^ clkbuf_0_clk/X (sg13g2_buf_16)
                                                         clknet_0_clk (net)
                      0.038920    0.007063    0.148569 ^ clkbuf_2_1__f_clk/A (sg13g2_buf_16)
     6    0.033935    0.023037    0.075691    0.224260 ^ clkbuf_2_1__f_clk/X (sg13g2_buf_16)
                                                         clknet_2_1__leaf_clk (net)
                      0.023053    0.001305    0.225565 ^ _099_/CLK (sg13g2_dfrbpq_1)
                                  0.250000    0.475565   clock uncertainty
                                  0.000000    0.475565   clock reconvergence pessimism
                                 -0.108719    0.366846   library removal time
                                              0.366846   data required time
---------------------------------------------------------------------------------------------
                                              0.366846   data required time
                                             -4.606752   data arrival time
---------------------------------------------------------------------------------------------
                                              4.239907   slack (MET)



%OL_END_REPORT
%OL_CREATE_REPORT max.rpt

===========================================================================
report_checks -path_delay max (Setup)
============================================================================
======================= nom_typ_1p20V_25C Corner ===================================

Startpoint: done_in (input port clocked by clk)
Endpoint: _113_ (rising edge-triggered flip-flop clocked by clk)
Path Group: clk
Path Type: max

Fanout         Cap        Slew       Delay        Time   Description
---------------------------------------------------------------------------------------------
                                  0.000000    0.000000   clock clk (rise edge)
                                  0.000000    0.000000   clock network delay (propagated)
                                  4.000000    4.000000 v input external delay
     1    0.003179    0.017319    0.002427    4.002427 v done_in (in)
                                                         done_in (net)
                      0.017319    0.000000    4.002427 v input2/A (sg13g2_buf_1)
     2    0.025406    0.085075    0.115449    4.117876 v input2/X (sg13g2_buf_1)
                                                         net2 (net)
                      0.085286    0.003647    4.121523 v fanout23/A (sg13g2_buf_1)
     8    0.081245    0.256477    0.267708    4.389231 v fanout23/X (sg13g2_buf_1)
                                                         net23 (net)
                      0.256542    0.003689    4.392920 v _056_/A (sg13g2_nor2b_1)
     2    0.009320    0.127741    0.156623    4.549543 ^ _056_/Y (sg13g2_nor2b_1)
                                                         _048_ (net)
                      0.127744    0.000540    4.550084 ^ fanout17/A (sg13g2_buf_1)
     8    0.090609    0.372676    0.352443    4.902526 ^ fanout17/X (sg13g2_buf_1)
                                                         net17 (net)
                      0.373539    0.015514    4.918040 ^ _063_/S (sg13g2_mux2_1)
     1    0.002198    0.033755    0.245298    5.163338 v _063_/X (sg13g2_mux2_1)
                                                         _035_ (net)
                      0.033756    0.000154    5.163492 v hold41/A (sg13g2_dlygate4sd3_1)
     1    0.002107    0.034488    0.389721    5.553213 v hold41/X (sg13g2_dlygate4sd3_1)
                                                         net41 (net)
                      0.034488    0.000085    5.553298 v _113_/D (sg13g2_dfrbpq_1)
                                              5.553298   data arrival time

                                 20.000000   20.000000   clock clk (rise edge)
                                  0.000000   20.000000   clock source latency
     1    0.044287    0.059105    0.037716   20.037716 ^ clk (in)
                                                         clk (net)
                      0.060454    0.000000   20.037716 ^ clkbuf_0_clk/A (sg13g2_buf_16)
     4    0.080352    0.033942    0.085235   20.122952 ^ clkbuf_0_clk/X (sg13g2_buf_16)
                                                         clknet_0_clk (net)
                      0.035793    0.005617   20.128569 ^ clkbuf_2_1__f_clk/A (sg13g2_buf_16)
     6    0.031250    0.022290    0.066571   20.195139 ^ clkbuf_2_1__f_clk/X (sg13g2_buf_16)
                                                         clknet_2_1__leaf_clk (net)
                      0.022295    0.000599   20.195738 ^ _113_/CLK (sg13g2_dfrbpq_1)
                                 -0.250000   19.945738   clock uncertainty
                                  0.000000   19.945738   clock reconvergence pessimism
                                 -0.117258   19.828480   library setup time
                                             19.828480   data required time
---------------------------------------------------------------------------------------------
                                             19.828480   data required time
                                             -5.553298   data arrival time
---------------------------------------------------------------------------------------------
                                             14.275181   slack (MET)


Startpoint: done_in (input port clocked by clk)
Endpoint: _114_ (rising edge-triggered flip-flop clocked by clk)
Path Group: clk
Path Type: max

Fanout         Cap        Slew       Delay        Time   Description
---------------------------------------------------------------------------------------------
                                  0.000000    0.000000   clock clk (rise edge)
                                  0.000000    0.000000   clock network delay (propagated)
                                  4.000000    4.000000 v input external delay
     1    0.003179    0.017319    0.002427    4.002427 v done_in (in)
                                                         done_in (net)
                      0.017319    0.000000    4.002427 v input2/A (sg13g2_buf_1)
     2    0.025406    0.085075    0.115449    4.117876 v input2/X (sg13g2_buf_1)
                                                         net2 (net)
                      0.085286    0.003647    4.121523 v fanout23/A (sg13g2_buf_1)
     8    0.081245    0.256477    0.267708    4.389231 v fanout23/X (sg13g2_buf_1)
                                                         net23 (net)
                      0.256542    0.003689    4.392920 v _056_/A (sg13g2_nor2b_1)
     2    0.009320    0.127741    0.156623    4.549543 ^ _056_/Y (sg13g2_nor2b_1)
                                                         _048_ (net)
                      0.127744    0.000540    4.550084 ^ fanout17/A (sg13g2_buf_1)
     8    0.090609    0.372676    0.352443    4.902526 ^ fanout17/X (sg13g2_buf_1)
                                                         net17 (net)
                      0.373212    0.012318    4.914844 ^ _062_/S (sg13g2_mux2_1)
     1    0.002870    0.035263    0.247317    5.162161 v _062_/X (sg13g2_mux2_1)
                                                         _036_ (net)
                      0.035263    0.000180    5.162342 v hold43/A (sg13g2_dlygate4sd3_1)
     1    0.002198    0.034743    0.390926    5.553268 v hold43/X (sg13g2_dlygate4sd3_1)
                                                         net43 (net)
                      0.034743    0.000090    5.553358 v _114_/D (sg13g2_dfrbpq_1)
                                              5.553358   data arrival time

                                 20.000000   20.000000   clock clk (rise edge)
                                  0.000000   20.000000   clock source latency
     1    0.044287    0.059105    0.037716   20.037716 ^ clk (in)
                                                         clk (net)
                      0.060454    0.000000   20.037716 ^ clkbuf_0_clk/A (sg13g2_buf_16)
     4    0.080352    0.033942    0.085235   20.122952 ^ clkbuf_0_clk/X (sg13g2_buf_16)
                                                         clknet_0_clk (net)
                      0.035331    0.004693   20.127644 ^ clkbuf_2_2__f_clk/A (sg13g2_buf_16)
     6    0.038260    0.023822    0.067415   20.195059 ^ clkbuf_2_2__f_clk/X (sg13g2_buf_16)
                                                         clknet_2_2__leaf_clk (net)
                      0.023915    0.002354   20.197412 ^ _114_/CLK (sg13g2_dfrbpq_1)
                                 -0.250000   19.947412   clock uncertainty
                                  0.000000   19.947412   clock reconvergence pessimism
                                 -0.116936   19.830477   library setup time
                                             19.830477   data required time
---------------------------------------------------------------------------------------------
                                             19.830477   data required time
                                             -5.553358   data arrival time
---------------------------------------------------------------------------------------------
                                             14.277121   slack (MET)


Startpoint: done_in (input port clocked by clk)
Endpoint: _117_ (rising edge-triggered flip-flop clocked by clk)
Path Group: clk
Path Type: max

Fanout         Cap        Slew       Delay        Time   Description
---------------------------------------------------------------------------------------------
                                  0.000000    0.000000   clock clk (rise edge)
                                  0.000000    0.000000   clock network delay (propagated)
                                  4.000000    4.000000 v input external delay
     1    0.003179    0.017319    0.002427    4.002427 v done_in (in)
                                                         done_in (net)
                      0.017319    0.000000    4.002427 v input2/A (sg13g2_buf_1)
     2    0.025406    0.085075    0.115449    4.117876 v input2/X (sg13g2_buf_1)
                                                         net2 (net)
                      0.085286    0.003647    4.121523 v fanout23/A (sg13g2_buf_1)
     8    0.081245    0.256477    0.267708    4.389231 v fanout23/X (sg13g2_buf_1)
                                                         net23 (net)
                      0.256542    0.003689    4.392920 v _056_/A (sg13g2_nor2b_1)
     2    0.009320    0.127741    0.156623    4.549543 ^ _056_/Y (sg13g2_nor2b_1)
                                                         _048_ (net)
                      0.127745    0.000609    4.550152 ^ fanout18/A (sg13g2_buf_1)
     4    0.044133    0.185129    0.224227    4.774379 ^ fanout18/X (sg13g2_buf_1)
                                                         net18 (net)
                      0.185177    0.002621    4.777000 ^ _059_/S (sg13g2_mux2_1)
     1    0.002451    0.034421    0.209699    4.986700 v _059_/X (sg13g2_mux2_1)
                                                         _039_ (net)
                      0.034421    0.000094    4.986794 v hold45/A (sg13g2_dlygate4sd3_1)
     1    0.002196    0.034738    0.390431    5.377225 v hold45/X (sg13g2_dlygate4sd3_1)
                                                         net45 (net)
                      0.034738    0.000090    5.377315 v _117_/D (sg13g2_dfrbpq_1)
                                              5.377315   data arrival time

                                 20.000000   20.000000   clock clk (rise edge)
                                  0.000000   20.000000   clock source latency
     1    0.044287    0.059105    0.037716   20.037716 ^ clk (in)
                                                         clk (net)
                      0.060454    0.000000   20.037716 ^ clkbuf_0_clk/A (sg13g2_buf_16)
     4    0.080352    0.033942    0.085235   20.122952 ^ clkbuf_0_clk/X (sg13g2_buf_16)
                                                         clknet_0_clk (net)
                      0.035474    0.004993   20.127945 ^ clkbuf_2_3__f_clk/A (sg13g2_buf_16)
     6    0.026024    0.021109    0.065349   20.193293 ^ clkbuf_2_3__f_clk/X (sg13g2_buf_16)
                                                         clknet_2_3__leaf_clk (net)
                      0.021109    0.000121   20.193415 ^ _117_/CLK (sg13g2_dfrbpq_1)
                                 -0.250000   19.943415   clock uncertainty
                                  0.000000   19.943415   clock reconvergence pessimism
                                 -0.117651   19.825764   library setup time
                                             19.825764   data required time
---------------------------------------------------------------------------------------------
                                             19.825764   data required time
                                             -5.377315   data arrival time
---------------------------------------------------------------------------------------------
                                             14.448448   slack (MET)


Startpoint: done_in (input port clocked by clk)
Endpoint: _111_ (rising edge-triggered flip-flop clocked by clk)
Path Group: clk
Path Type: max

Fanout         Cap        Slew       Delay        Time   Description
---------------------------------------------------------------------------------------------
                                  0.000000    0.000000   clock clk (rise edge)
                                  0.000000    0.000000   clock network delay (propagated)
                                  4.000000    4.000000 v input external delay
     1    0.003179    0.017319    0.002427    4.002427 v done_in (in)
                                                         done_in (net)
                      0.017319    0.000000    4.002427 v input2/A (sg13g2_buf_1)
     2    0.025406    0.085075    0.115449    4.117876 v input2/X (sg13g2_buf_1)
                                                         net2 (net)
                      0.085286    0.003647    4.121523 v fanout23/A (sg13g2_buf_1)
     8    0.081245    0.256477    0.267708    4.389231 v fanout23/X (sg13g2_buf_1)
                                                         net23 (net)
                      0.256542    0.003689    4.392920 v _056_/A (sg13g2_nor2b_1)
     2    0.009320    0.127741    0.156623    4.549543 ^ _056_/Y (sg13g2_nor2b_1)
                                                         _048_ (net)
                      0.127744    0.000540    4.550084 ^ fanout17/A (sg13g2_buf_1)
     8    0.090609    0.372676    0.352443    4.902526 ^ fanout17/X (sg13g2_buf_1)
                                                         net17 (net)
                      0.373904    0.018393    4.920919 ^ _065_/S (sg13g2_mux2_1)
     1    0.002607    0.034909    0.246622    5.167541 v _065_/X (sg13g2_mux2_1)
                                                         _033_ (net)
                      0.034909    0.000104    5.167645 v _111_/D (sg13g2_dfrbpq_1)
                                              5.167645   data arrival time

                                 20.000000   20.000000   clock clk (rise edge)
                                  0.000000   20.000000   clock source latency
     1    0.044287    0.059105    0.037716   20.037716 ^ clk (in)
                                                         clk (net)
                      0.060454    0.000000   20.037716 ^ clkbuf_0_clk/A (sg13g2_buf_16)
     4    0.080352    0.033942    0.085235   20.122952 ^ clkbuf_0_clk/X (sg13g2_buf_16)
                                                         clknet_0_clk (net)
                      0.036206    0.006352   20.129303 ^ clkbuf_2_0__f_clk/A (sg13g2_buf_16)
     6    0.036796    0.023535    0.067546   20.196850 ^ clkbuf_2_0__f_clk/X (sg13g2_buf_16)
                                                         clknet_2_0__leaf_clk (net)
                      0.023578    0.001659   20.198509 ^ _111_/CLK (sg13g2_dfrbpq_1)
                                 -0.250000   19.948509   clock uncertainty
                                  0.000000   19.948509   clock reconvergence pessimism
                                 -0.117082   19.831429   library setup time
                                             19.831429   data required time
---------------------------------------------------------------------------------------------
                                             19.831429   data required time
                                             -5.167645   data arrival time
---------------------------------------------------------------------------------------------
                                             14.663783   slack (MET)


Startpoint: done_in (input port clocked by clk)
Endpoint: _112_ (rising edge-triggered flip-flop clocked by clk)
Path Group: clk
Path Type: max

Fanout         Cap        Slew       Delay        Time   Description
---------------------------------------------------------------------------------------------
                                  0.000000    0.000000   clock clk (rise edge)
                                  0.000000    0.000000   clock network delay (propagated)
                                  4.000000    4.000000 v input external delay
     1    0.003179    0.017319    0.002427    4.002427 v done_in (in)
                                                         done_in (net)
                      0.017319    0.000000    4.002427 v input2/A (sg13g2_buf_1)
     2    0.025406    0.085075    0.115449    4.117876 v input2/X (sg13g2_buf_1)
                                                         net2 (net)
                      0.085286    0.003647    4.121523 v fanout23/A (sg13g2_buf_1)
     8    0.081245    0.256477    0.267708    4.389231 v fanout23/X (sg13g2_buf_1)
                                                         net23 (net)
                      0.256542    0.003689    4.392920 v _056_/A (sg13g2_nor2b_1)
     2    0.009320    0.127741    0.156623    4.549543 ^ _056_/Y (sg13g2_nor2b_1)
                                                         _048_ (net)
                      0.127744    0.000540    4.550084 ^ fanout17/A (sg13g2_buf_1)
     8    0.090609    0.372676    0.352443    4.902526 ^ fanout17/X (sg13g2_buf_1)
                                                         net17 (net)
                      0.373771    0.017408    4.919934 ^ _064_/S (sg13g2_mux2_1)
     1    0.002646    0.035090    0.246708    5.166642 v _064_/X (sg13g2_mux2_1)
                                                         _034_ (net)
                      0.035090    0.000184    5.166826 v _112_/D (sg13g2_dfrbpq_1)
                                              5.166826   data arrival time

                                 20.000000   20.000000   clock clk (rise edge)
                                  0.000000   20.000000   clock source latency
     1    0.044287    0.059105    0.037716   20.037716 ^ clk (in)
                                                         clk (net)
                      0.060454    0.000000   20.037716 ^ clkbuf_0_clk/A (sg13g2_buf_16)
     4    0.080352    0.033942    0.085235   20.122952 ^ clkbuf_0_clk/X (sg13g2_buf_16)
                                                         clknet_0_clk (net)
                      0.036206    0.006352   20.129303 ^ clkbuf_2_0__f_clk/A (sg13g2_buf_16)
     6    0.036796    0.023535    0.067546   20.196850 ^ clkbuf_2_0__f_clk/X (sg13g2_buf_16)
                                                         clknet_2_0__leaf_clk (net)
                      0.023585    0.001783   20.198633 ^ _112_/CLK (sg13g2_dfrbpq_1)
                                 -0.250000   19.948633   clock uncertainty
                                  0.000000   19.948633   clock reconvergence pessimism
                                 -0.117146   19.831488   library setup time
                                             19.831488   data required time
---------------------------------------------------------------------------------------------
                                             19.831488   data required time
                                             -5.166826   data arrival time
---------------------------------------------------------------------------------------------
                                             14.664662   slack (MET)


Startpoint: done_in (input port clocked by clk)
Endpoint: _109_ (rising edge-triggered flip-flop clocked by clk)
Path Group: clk
Path Type: max

Fanout         Cap        Slew       Delay        Time   Description
---------------------------------------------------------------------------------------------
                                  0.000000    0.000000   clock clk (rise edge)
                                  0.000000    0.000000   clock network delay (propagated)
                                  4.000000    4.000000 v input external delay
     1    0.003179    0.017319    0.002427    4.002427 v done_in (in)
                                                         done_in (net)
                      0.017319    0.000000    4.002427 v input2/A (sg13g2_buf_1)
     2    0.025406    0.085075    0.115449    4.117876 v input2/X (sg13g2_buf_1)
                                                         net2 (net)
                      0.085286    0.003647    4.121523 v fanout23/A (sg13g2_buf_1)
     8    0.081245    0.256477    0.267708    4.389231 v fanout23/X (sg13g2_buf_1)
                                                         net23 (net)
                      0.256542    0.003689    4.392920 v _056_/A (sg13g2_nor2b_1)
     2    0.009320    0.127741    0.156623    4.549543 ^ _056_/Y (sg13g2_nor2b_1)
                                                         _048_ (net)
                      0.127744    0.000540    4.550084 ^ fanout17/A (sg13g2_buf_1)
     8    0.090609    0.372676    0.352443    4.902526 ^ fanout17/X (sg13g2_buf_1)
                                                         net17 (net)
                      0.373941    0.018658    4.921184 ^ _067_/S (sg13g2_mux2_1)
     1    0.001977    0.034112    0.244684    5.165868 v _067_/X (sg13g2_mux2_1)
                                                         _031_ (net)
                      0.034112    0.000081    5.165949 v _109_/D (sg13g2_dfrbpq_1)
                                              5.165949   data arrival time

                                 20.000000   20.000000   clock clk (rise edge)
                                  0.000000   20.000000   clock source latency
     1    0.044287    0.059105    0.037716   20.037716 ^ clk (in)
                                                         clk (net)
                      0.060454    0.000000   20.037716 ^ clkbuf_0_clk/A (sg13g2_buf_16)
     4    0.080352    0.033942    0.085235   20.122952 ^ clkbuf_0_clk/X (sg13g2_buf_16)
                                                         clknet_0_clk (net)
                      0.036206    0.006352   20.129303 ^ clkbuf_2_0__f_clk/A (sg13g2_buf_16)
     6    0.036796    0.023535    0.067546   20.196850 ^ clkbuf_2_0__f_clk/X (sg13g2_buf_16)
                                                         clknet_2_0__leaf_clk (net)
                      0.023591    0.001867   20.198715 ^ _109_/CLK (sg13g2_dfrbpq_1)
                                 -0.250000   19.948717   clock uncertainty
                                  0.000000   19.948717   clock reconvergence pessimism
                                 -0.116792   19.831924   library setup time
                                             19.831924   data required time
---------------------------------------------------------------------------------------------
                                             19.831924   data required time
                                             -5.165949   data arrival time
---------------------------------------------------------------------------------------------
                                             14.665976   slack (MET)


Startpoint: done_in (input port clocked by clk)
Endpoint: _110_ (rising edge-triggered flip-flop clocked by clk)
Path Group: clk
Path Type: max

Fanout         Cap        Slew       Delay        Time   Description
---------------------------------------------------------------------------------------------
                                  0.000000    0.000000   clock clk (rise edge)
                                  0.000000    0.000000   clock network delay (propagated)
                                  4.000000    4.000000 v input external delay
     1    0.003179    0.017319    0.002427    4.002427 v done_in (in)
                                                         done_in (net)
                      0.017319    0.000000    4.002427 v input2/A (sg13g2_buf_1)
     2    0.025406    0.085075    0.115449    4.117876 v input2/X (sg13g2_buf_1)
                                                         net2 (net)
                      0.085286    0.003647    4.121523 v fanout23/A (sg13g2_buf_1)
     8    0.081245    0.256477    0.267708    4.389231 v fanout23/X (sg13g2_buf_1)
                                                         net23 (net)
                      0.256542    0.003689    4.392920 v _056_/A (sg13g2_nor2b_1)
     2    0.009320    0.127741    0.156623    4.549543 ^ _056_/Y (sg13g2_nor2b_1)
                                                         _048_ (net)
                      0.127744    0.000540    4.550084 ^ fanout17/A (sg13g2_buf_1)
     8    0.090609    0.372676    0.352443    4.902526 ^ fanout17/X (sg13g2_buf_1)
                                                         net17 (net)
                      0.373931    0.018583    4.921109 ^ _066_/S (sg13g2_mux2_1)
     1    0.002023    0.033390    0.244824    5.165934 v _066_/X (sg13g2_mux2_1)
                                                         _032_ (net)
                      0.033390    0.000083    5.166016 v _110_/D (sg13g2_dfrbpq_1)
                                              5.166016   data arrival time

                                 20.000000   20.000000   clock clk (rise edge)
                                  0.000000   20.000000   clock source latency
     1    0.044287    0.059105    0.037716   20.037716 ^ clk (in)
                                                         clk (net)
                      0.060454    0.000000   20.037716 ^ clkbuf_0_clk/A (sg13g2_buf_16)
     4    0.080352    0.033942    0.085235   20.122952 ^ clkbuf_0_clk/X (sg13g2_buf_16)
                                                         clknet_0_clk (net)
                      0.036206    0.006352   20.129303 ^ clkbuf_2_0__f_clk/A (sg13g2_buf_16)
     6    0.036796    0.023535    0.067546   20.196850 ^ clkbuf_2_0__f_clk/X (sg13g2_buf_16)
                                                         clknet_2_0__leaf_clk (net)
                      0.023585    0.001783   20.198633 ^ _110_/CLK (sg13g2_dfrbpq_1)
                                 -0.250000   19.948633   clock uncertainty
                                  0.000000   19.948633   clock reconvergence pessimism
                                 -0.116533   19.832102   library setup time
                                             19.832102   data required time
---------------------------------------------------------------------------------------------
                                             19.832102   data required time
                                             -5.166016   data arrival time
---------------------------------------------------------------------------------------------
                                             14.666084   slack (MET)


Startpoint: done_in (input port clocked by clk)
Endpoint: _108_ (rising edge-triggered flip-flop clocked by clk)
Path Group: clk
Path Type: max

Fanout         Cap        Slew       Delay        Time   Description
---------------------------------------------------------------------------------------------
                                  0.000000    0.000000   clock clk (rise edge)
                                  0.000000    0.000000   clock network delay (propagated)
                                  4.000000    4.000000 v input external delay
     1    0.003179    0.017319    0.002427    4.002427 v done_in (in)
                                                         done_in (net)
                      0.017319    0.000000    4.002427 v input2/A (sg13g2_buf_1)
     2    0.025406    0.085075    0.115449    4.117876 v input2/X (sg13g2_buf_1)
                                                         net2 (net)
                      0.085286    0.003647    4.121523 v fanout23/A (sg13g2_buf_1)
     8    0.081245    0.256477    0.267708    4.389231 v fanout23/X (sg13g2_buf_1)
                                                         net23 (net)
                      0.256542    0.003689    4.392920 v _056_/A (sg13g2_nor2b_1)
     2    0.009320    0.127741    0.156623    4.549543 ^ _056_/Y (sg13g2_nor2b_1)
                                                         _048_ (net)
                      0.127744    0.000540    4.550084 ^ fanout17/A (sg13g2_buf_1)
     8    0.090609    0.372676    0.352443    4.902526 ^ fanout17/X (sg13g2_buf_1)
                                                         net17 (net)
                      0.373392    0.014178    4.916705 ^ _068_/S (sg13g2_mux2_1)
     1    0.001994    0.035617    0.244655    5.161360 v _068_/X (sg13g2_mux2_1)
                                                         _030_ (net)
                      0.035617    0.000082    5.161442 v _108_/D (sg13g2_dfrbpq_1)
                                              5.161442   data arrival time

                                 20.000000   20.000000   clock clk (rise edge)
                                  0.000000   20.000000   clock source latency
     1    0.044287    0.059105    0.037716   20.037716 ^ clk (in)
                                                         clk (net)
                      0.060454    0.000000   20.037716 ^ clkbuf_0_clk/A (sg13g2_buf_16)
     4    0.080352    0.033942    0.085235   20.122952 ^ clkbuf_0_clk/X (sg13g2_buf_16)
                                                         clknet_0_clk (net)
                      0.036206    0.006352   20.129303 ^ clkbuf_2_0__f_clk/A (sg13g2_buf_16)
     6    0.036796    0.023535    0.067546   20.196850 ^ clkbuf_2_0__f_clk/X (sg13g2_buf_16)
                                                         clknet_2_0__leaf_clk (net)
                      0.023613    0.002165   20.199015 ^ _108_/CLK (sg13g2_dfrbpq_1)
                                 -0.250000   19.949015   clock uncertainty
                                  0.000000   19.949015   clock reconvergence pessimism
                                 -0.117328   19.831688   library setup time
                                             19.831688   data required time
---------------------------------------------------------------------------------------------
                                             19.831688   data required time
                                             -5.161442   data arrival time
---------------------------------------------------------------------------------------------
                                             14.670246   slack (MET)


Startpoint: done_in (input port clocked by clk)
Endpoint: _119_ (rising edge-triggered flip-flop clocked by clk)
Path Group: clk
Path Type: max

Fanout         Cap        Slew       Delay        Time   Description
---------------------------------------------------------------------------------------------
                                  0.000000    0.000000   clock clk (rise edge)
                                  0.000000    0.000000   clock network delay (propagated)
                                  4.000000    4.000000 v input external delay
     1    0.003179    0.017319    0.002427    4.002427 v done_in (in)
                                                         done_in (net)
                      0.017319    0.000000    4.002427 v input2/A (sg13g2_buf_1)
     2    0.025406    0.085075    0.115449    4.117876 v input2/X (sg13g2_buf_1)
                                                         net2 (net)
                      0.085286    0.003647    4.121523 v fanout23/A (sg13g2_buf_1)
     8    0.081245    0.256477    0.267708    4.389231 v fanout23/X (sg13g2_buf_1)
                                                         net23 (net)
                      0.256542    0.003689    4.392920 v _056_/A (sg13g2_nor2b_1)
     2    0.009320    0.127741    0.156623    4.549543 ^ _056_/Y (sg13g2_nor2b_1)
                                                         _048_ (net)
                      0.127744    0.000540    4.550084 ^ fanout17/A (sg13g2_buf_1)
     8    0.090609    0.372676    0.352443    4.902526 ^ fanout17/X (sg13g2_buf_1)
                                                         net17 (net)
                      0.372737    0.004243    4.906770 ^ _057_/S (sg13g2_mux2_1)
     1    0.001972    0.033327    0.244487    5.151257 v _057_/X (sg13g2_mux2_1)
                                                         _041_ (net)
                      0.033328    0.000081    5.151338 v _119_/D (sg13g2_dfrbpq_1)
                                              5.151338   data arrival time

                                 20.000000   20.000000   clock clk (rise edge)
                                  0.000000   20.000000   clock source latency
     1    0.044287    0.059105    0.037716   20.037716 ^ clk (in)
                                                         clk (net)
                      0.060454    0.000000   20.037716 ^ clkbuf_0_clk/A (sg13g2_buf_16)
     4    0.080352    0.033942    0.085235   20.122952 ^ clkbuf_0_clk/X (sg13g2_buf_16)
                                                         clknet_0_clk (net)
                      0.035474    0.004993   20.127945 ^ clkbuf_2_3__f_clk/A (sg13g2_buf_16)
     6    0.026024    0.021109    0.065349   20.193293 ^ clkbuf_2_3__f_clk/X (sg13g2_buf_16)
                                                         clknet_2_3__leaf_clk (net)
                      0.021170    0.001929   20.195223 ^ _119_/CLK (sg13g2_dfrbpq_1)
                                 -0.250000   19.945223   clock uncertainty
                                  0.000000   19.945223   clock reconvergence pessimism
                                 -0.117127   19.828094   library setup time
                                             19.828094   data required time
---------------------------------------------------------------------------------------------
                                             19.828094   data required time
                                             -5.151338   data arrival time
---------------------------------------------------------------------------------------------
                                             14.676758   slack (MET)


Startpoint: done_in (input port clocked by clk)
Endpoint: _100_ (rising edge-triggered flip-flop clocked by clk)
Path Group: clk
Path Type: max

Fanout         Cap        Slew       Delay        Time   Description
---------------------------------------------------------------------------------------------
                                  0.000000    0.000000   clock clk (rise edge)
                                  0.000000    0.000000   clock network delay (propagated)
                                  4.000000    4.000000 ^ input external delay
     1    0.003218    0.020425    0.002871    4.002872 ^ done_in (in)
                                                         done_in (net)
                      0.020425    0.000000    4.002872 ^ input2/A (sg13g2_buf_1)
     2    0.025484    0.110071    0.126140    4.129012 ^ input2/X (sg13g2_buf_1)
                                                         net2 (net)
                      0.110238    0.003670    4.132681 ^ fanout23/A (sg13g2_buf_1)
     8    0.081844    0.337600    0.321104    4.453786 ^ fanout23/X (sg13g2_buf_1)
                                                         net23 (net)
                      0.338811    0.017396    4.471182 ^ _051_/S (sg13g2_mux2_1)
     1    0.002793    0.034660    0.241906    4.713088 v _051_/X (sg13g2_mux2_1)
                                                         _046_ (net)
                      0.034660    0.000176    4.713264 v hold39/A (sg13g2_dlygate4sd3_1)
     1    0.002969    0.036877    0.393395    5.106658 v hold39/X (sg13g2_dlygate4sd3_1)
                                                         net39 (net)
                      0.036877    0.000114    5.106772 v _100_/D (sg13g2_dfrbpq_1)
                                              5.106772   data arrival time

                                 20.000000   20.000000   clock clk (rise edge)
                                  0.000000   20.000000   clock source latency
     1    0.044287    0.059105    0.037716   20.037716 ^ clk (in)
                                                         clk (net)
                      0.060454    0.000000   20.037716 ^ clkbuf_0_clk/A (sg13g2_buf_16)
     4    0.080352    0.033942    0.085235   20.122952 ^ clkbuf_0_clk/X (sg13g2_buf_16)
                                                         clknet_0_clk (net)
                      0.035793    0.005617   20.128569 ^ clkbuf_2_1__f_clk/A (sg13g2_buf_16)
     6    0.031250    0.022290    0.066571   20.195139 ^ clkbuf_2_1__f_clk/X (sg13g2_buf_16)
                                                         clknet_2_1__leaf_clk (net)
                      0.022301    0.000924   20.196062 ^ _100_/CLK (sg13g2_dfrbpq_1)
                                 -0.250000   19.946064   clock uncertainty
                                  0.000000   19.946064   clock reconvergence pessimism
                                 -0.118117   19.827946   library setup time
                                             19.827946   data required time
---------------------------------------------------------------------------------------------
                                             19.827946   data required time
                                             -5.106772   data arrival time
---------------------------------------------------------------------------------------------
                                             14.721174   slack (MET)


Startpoint: done_in (input port clocked by clk)
Endpoint: _099_ (rising edge-triggered flip-flop clocked by clk)
Path Group: clk
Path Type: max

Fanout         Cap        Slew       Delay        Time   Description
---------------------------------------------------------------------------------------------
                                  0.000000    0.000000   clock clk (rise edge)
                                  0.000000    0.000000   clock network delay (propagated)
                                  4.000000    4.000000 ^ input external delay
     1    0.003218    0.020425    0.002871    4.002872 ^ done_in (in)
                                                         done_in (net)
                      0.020425    0.000000    4.002872 ^ input2/A (sg13g2_buf_1)
     2    0.025484    0.110071    0.126140    4.129012 ^ input2/X (sg13g2_buf_1)
                                                         net2 (net)
                      0.110238    0.003670    4.132681 ^ fanout23/A (sg13g2_buf_1)
     8    0.081844    0.337600    0.321104    4.453786 ^ fanout23/X (sg13g2_buf_1)
                                                         net23 (net)
                      0.338977    0.018503    4.472289 ^ _052_/S (sg13g2_mux2_1)
     1    0.001754    0.032833    0.238734    4.711022 v _052_/X (sg13g2_mux2_1)
                                                         _045_ (net)
                      0.032833    0.000072    4.711094 v hold49/A (sg13g2_dlygate4sd3_1)
     1    0.002745    0.036264    0.391501    5.102595 v hold49/X (sg13g2_dlygate4sd3_1)
                                                         net49 (net)
                      0.036265    0.000195    5.102791 v _099_/D (sg13g2_dfrbpq_1)
                                              5.102791   data arrival time

                                 20.000000   20.000000   clock clk (rise edge)
                                  0.000000   20.000000   clock source latency
     1    0.044287    0.059105    0.037716   20.037716 ^ clk (in)
                                                         clk (net)
                      0.060454    0.000000   20.037716 ^ clkbuf_0_clk/A (sg13g2_buf_16)
     4    0.080352    0.033942    0.085235   20.122952 ^ clkbuf_0_clk/X (sg13g2_buf_16)
                                                         clknet_0_clk (net)
                      0.035793    0.005617   20.128569 ^ clkbuf_2_1__f_clk/A (sg13g2_buf_16)
     6    0.031250    0.022290    0.066571   20.195139 ^ clkbuf_2_1__f_clk/X (sg13g2_buf_16)
                                                         clknet_2_1__leaf_clk (net)
                      0.022304    0.001076   20.196215 ^ _099_/CLK (sg13g2_dfrbpq_1)
                                 -0.250000   19.946217   clock uncertainty
                                  0.000000   19.946217   clock reconvergence pessimism
                                 -0.117896   19.828321   library setup time
                                             19.828321   data required time
---------------------------------------------------------------------------------------------
                                             19.828321   data required time
                                             -5.102791   data arrival time
---------------------------------------------------------------------------------------------
                                             14.725530   slack (MET)


Startpoint: done_in (input port clocked by clk)
Endpoint: _121_ (rising edge-triggered flip-flop clocked by clk)
Path Group: clk
Path Type: max

Fanout         Cap        Slew       Delay        Time   Description
---------------------------------------------------------------------------------------------
                                  0.000000    0.000000   clock clk (rise edge)
                                  0.000000    0.000000   clock network delay (propagated)
                                  4.000000    4.000000 ^ input external delay
     1    0.003218    0.020425    0.002871    4.002872 ^ done_in (in)
                                                         done_in (net)
                      0.020425    0.000000    4.002872 ^ input2/A (sg13g2_buf_1)
     2    0.025484    0.110071    0.126140    4.129012 ^ input2/X (sg13g2_buf_1)
                                                         net2 (net)
                      0.110238    0.003670    4.132681 ^ fanout23/A (sg13g2_buf_1)
     8    0.081844    0.337600    0.321104    4.453786 ^ fanout23/X (sg13g2_buf_1)
                                                         net23 (net)
                      0.339016    0.018753    4.472538 ^ _054_/S (sg13g2_mux2_1)
     1    0.001748    0.032684    0.238722    4.711260 v _054_/X (sg13g2_mux2_1)
                                                         _043_ (net)
                      0.032684    0.000071    4.711332 v hold51/A (sg13g2_dlygate4sd3_1)
     1    0.002432    0.035398    0.390270    5.101602 v hold51/X (sg13g2_dlygate4sd3_1)
                                                         net51 (net)
                      0.035398    0.000185    5.101787 v _121_/D (sg13g2_dfrbpq_1)
                                              5.101787   data arrival time

                                 20.000000   20.000000   clock clk (rise edge)
                                  0.000000   20.000000   clock source latency
     1    0.044287    0.059105    0.037716   20.037716 ^ clk (in)
                                                         clk (net)
                      0.060454    0.000000   20.037716 ^ clkbuf_0_clk/A (sg13g2_buf_16)
     4    0.080352    0.033942    0.085235   20.122952 ^ clkbuf_0_clk/X (sg13g2_buf_16)
                                                         clknet_0_clk (net)
                      0.035793    0.005617   20.128569 ^ clkbuf_2_1__f_clk/A (sg13g2_buf_16)
     6    0.031250    0.022290    0.066571   20.195139 ^ clkbuf_2_1__f_clk/X (sg13g2_buf_16)
                                                         clknet_2_1__leaf_clk (net)
                      0.022313    0.001330   20.196468 ^ _121_/CLK (sg13g2_dfrbpq_1)
                                 -0.250000   19.946470   clock uncertainty
                                  0.000000   19.946470   clock reconvergence pessimism
                                 -0.117582   19.828888   library setup time
                                             19.828888   data required time
---------------------------------------------------------------------------------------------
                                             19.828888   data required time
                                             -5.101787   data arrival time
---------------------------------------------------------------------------------------------
                                             14.727100   slack (MET)


Startpoint: done_in (input port clocked by clk)
Endpoint: _098_ (rising edge-triggered flip-flop clocked by clk)
Path Group: clk
Path Type: max

Fanout         Cap        Slew       Delay        Time   Description
---------------------------------------------------------------------------------------------
                                  0.000000    0.000000   clock clk (rise edge)
                                  0.000000    0.000000   clock network delay (propagated)
                                  4.000000    4.000000 ^ input external delay
     1    0.003218    0.020425    0.002871    4.002872 ^ done_in (in)
                                                         done_in (net)
                      0.020425    0.000000    4.002872 ^ input2/A (sg13g2_buf_1)
     2    0.025484    0.110071    0.126140    4.129012 ^ input2/X (sg13g2_buf_1)
                                                         net2 (net)
                      0.110238    0.003670    4.132681 ^ fanout23/A (sg13g2_buf_1)
     8    0.081844    0.337600    0.321104    4.453786 ^ fanout23/X (sg13g2_buf_1)
                                                         net23 (net)
                      0.339005    0.018682    4.472467 ^ _053_/S (sg13g2_mux2_1)
     1    0.002103    0.033643    0.239815    4.712283 v _053_/X (sg13g2_mux2_1)
                                                         _044_ (net)
                      0.033643    0.000083    4.712365 v hold47/A (sg13g2_dlygate4sd3_1)
     1    0.001875    0.033850    0.388807    5.101172 v hold47/X (sg13g2_dlygate4sd3_1)
                                                         net47 (net)
                      0.033850    0.000078    5.101250 v _098_/D (sg13g2_dfrbpq_1)
                                              5.101250   data arrival time

                                 20.000000   20.000000   clock clk (rise edge)
                                  0.000000   20.000000   clock source latency
     1    0.044287    0.059105    0.037716   20.037716 ^ clk (in)
                                                         clk (net)
                      0.060454    0.000000   20.037716 ^ clkbuf_0_clk/A (sg13g2_buf_16)
     4    0.080352    0.033942    0.085235   20.122952 ^ clkbuf_0_clk/X (sg13g2_buf_16)
                                                         clknet_0_clk (net)
                      0.035793    0.005617   20.128569 ^ clkbuf_2_1__f_clk/A (sg13g2_buf_16)
     6    0.031250    0.022290    0.066571   20.195139 ^ clkbuf_2_1__f_clk/X (sg13g2_buf_16)
                                                         clknet_2_1__leaf_clk (net)
                      0.022308    0.001180   20.196318 ^ _098_/CLK (sg13g2_dfrbpq_1)
                                 -0.250000   19.946320   clock uncertainty
                                  0.000000   19.946320   clock reconvergence pessimism
                                 -0.117025   19.829294   library setup time
                                             19.829294   data required time
---------------------------------------------------------------------------------------------
                                             19.829294   data required time
                                             -5.101250   data arrival time
---------------------------------------------------------------------------------------------
                                             14.728045   slack (MET)


Startpoint: done_in (input port clocked by clk)
Endpoint: _101_ (rising edge-triggered flip-flop clocked by clk)
Path Group: clk
Path Type: max

Fanout         Cap        Slew       Delay        Time   Description
---------------------------------------------------------------------------------------------
                                  0.000000    0.000000   clock clk (rise edge)
                                  0.000000    0.000000   clock network delay (propagated)
                                  4.000000    4.000000 ^ input external delay
     1    0.003218    0.020425    0.002871    4.002872 ^ done_in (in)
                                                         done_in (net)
                      0.020425    0.000000    4.002872 ^ input2/A (sg13g2_buf_1)
     2    0.025484    0.110071    0.126140    4.129012 ^ input2/X (sg13g2_buf_1)
                                                         net2 (net)
                      0.110238    0.003670    4.132681 ^ fanout23/A (sg13g2_buf_1)
     8    0.081844    0.337600    0.321104    4.453786 ^ fanout23/X (sg13g2_buf_1)
                                                         net23 (net)
                      0.338447    0.014643    4.468429 ^ _050_/S (sg13g2_mux2_1)
     1    0.002235    0.033483    0.240138    4.708566 v _050_/X (sg13g2_mux2_1)
                                                         _047_ (net)
                      0.033483    0.000087    4.708653 v hold26/A (sg13g2_dlygate4sd3_1)
     1    0.001875    0.033850    0.388714    5.097368 v hold26/X (sg13g2_dlygate4sd3_1)
                                                         net26 (net)
                      0.033850    0.000078    5.097445 v _101_/D (sg13g2_dfrbpq_1)
                                              5.097445   data arrival time

                                 20.000000   20.000000   clock clk (rise edge)
                                  0.000000   20.000000   clock source latency
     1    0.044287    0.059105    0.037716   20.037716 ^ clk (in)
                                                         clk (net)
                      0.060454    0.000000   20.037716 ^ clkbuf_0_clk/A (sg13g2_buf_16)
     4    0.080352    0.033942    0.085235   20.122952 ^ clkbuf_0_clk/X (sg13g2_buf_16)
                                                         clknet_0_clk (net)
                      0.035793    0.005617   20.128569 ^ clkbuf_2_1__f_clk/A (sg13g2_buf_16)
     6    0.031250    0.022290    0.066571   20.195139 ^ clkbuf_2_1__f_clk/X (sg13g2_buf_16)
                                                         clknet_2_1__leaf_clk (net)
                      0.022296    0.000696   20.195835 ^ _101_/CLK (sg13g2_dfrbpq_1)
                                 -0.250000   19.945835   clock uncertainty
                                  0.000000   19.945835   clock reconvergence pessimism
                                 -0.117028   19.828808   library setup time
                                             19.828808   data required time
---------------------------------------------------------------------------------------------
                                             19.828808   data required time
                                             -5.097445   data arrival time
---------------------------------------------------------------------------------------------
                                             14.731361   slack (MET)


Startpoint: done_in (input port clocked by clk)
Endpoint: _102_ (rising edge-triggered flip-flop clocked by clk)
Path Group: clk
Path Type: max

Fanout         Cap        Slew       Delay        Time   Description
---------------------------------------------------------------------------------------------
                                  0.000000    0.000000   clock clk (rise edge)
                                  0.000000    0.000000   clock network delay (propagated)
                                  4.000000    4.000000 ^ input external delay
     1    0.003218    0.020425    0.002871    4.002872 ^ done_in (in)
                                                         done_in (net)
                      0.020425    0.000000    4.002872 ^ input2/A (sg13g2_buf_1)
     2    0.025484    0.110071    0.126140    4.129012 ^ input2/X (sg13g2_buf_1)
                                                         net2 (net)
                      0.110238    0.003670    4.132681 ^ fanout23/A (sg13g2_buf_1)
     8    0.081844    0.337600    0.321104    4.453786 ^ fanout23/X (sg13g2_buf_1)
                                                         net23 (net)
                      0.338074    0.011057    4.464843 ^ _074_/S (sg13g2_mux2_1)
     1    0.002871    0.035179    0.242026    4.706869 v _074_/X (sg13g2_mux2_1)
                                                         _024_ (net)
                      0.035179    0.000199    4.707068 v hold30/A (sg13g2_dlygate4sd3_1)
     1    0.001875    0.033850    0.389699    5.096767 v hold30/X (sg13g2_dlygate4sd3_1)
                                                         net30 (net)
                      0.033850    0.000078    5.096845 v _102_/D (sg13g2_dfrbpq_1)
                                              5.096845   data arrival time

                                 20.000000   20.000000   clock clk (rise edge)
                                  0.000000   20.000000   clock source latency
     1    0.044287    0.059105    0.037716   20.037716 ^ clk (in)
                                                         clk (net)
                      0.060454    0.000000   20.037716 ^ clkbuf_0_clk/A (sg13g2_buf_16)
     4    0.080352    0.033942    0.085235   20.122952 ^ clkbuf_0_clk/X (sg13g2_buf_16)
                                                         clknet_0_clk (net)
                      0.035331    0.004693   20.127644 ^ clkbuf_2_2__f_clk/A (sg13g2_buf_16)
     6    0.038260    0.023822    0.067415   20.195059 ^ clkbuf_2_2__f_clk/X (sg13g2_buf_16)
                                                         clknet_2_2__leaf_clk (net)
                      0.023908    0.002274   20.197332 ^ _102_/CLK (sg13g2_dfrbpq_1)
                                 -0.250000   19.947332   clock uncertainty
                                  0.000000   19.947332   clock reconvergence pessimism
                                 -0.116617   19.830717   library setup time
                                             19.830717   data required time
---------------------------------------------------------------------------------------------
                                             19.830717   data required time
                                             -5.096845   data arrival time
---------------------------------------------------------------------------------------------
                                             14.733872   slack (MET)


Startpoint: done_in (input port clocked by clk)
Endpoint: _107_ (rising edge-triggered flip-flop clocked by clk)
Path Group: clk
Path Type: max

Fanout         Cap        Slew       Delay        Time   Description
---------------------------------------------------------------------------------------------
                                  0.000000    0.000000   clock clk (rise edge)
                                  0.000000    0.000000   clock network delay (propagated)
                                  4.000000    4.000000 ^ input external delay
     1    0.003218    0.020425    0.002871    4.002872 ^ done_in (in)
                                                         done_in (net)
                      0.020425    0.000000    4.002872 ^ input2/A (sg13g2_buf_1)
     2    0.025484    0.110071    0.126140    4.129012 ^ input2/X (sg13g2_buf_1)
                                                         net2 (net)
                      0.110239    0.003681    4.132693 ^ fanout24/A (sg13g2_buf_1)
     5    0.053307    0.222092    0.244190    4.376883 ^ fanout24/X (sg13g2_buf_1)
                                                         net24 (net)
                      0.222177    0.003810    4.380693 ^ _069_/S (sg13g2_mux2_1)
     1    0.003102    0.035770    0.219333    4.600026 v _069_/X (sg13g2_mux2_1)
                                                         _029_ (net)
                      0.035770    0.000122    4.600148 v hold32/A (sg13g2_dlygate4sd3_1)
     1    0.002605    0.035875    0.392707    4.992855 v hold32/X (sg13g2_dlygate4sd3_1)
                                                         net32 (net)
                      0.035875    0.000103    4.992959 v _107_/D (sg13g2_dfrbpq_1)
                                              4.992959   data arrival time

                                 20.000000   20.000000   clock clk (rise edge)
                                  0.000000   20.000000   clock source latency
     1    0.044287    0.059105    0.037716   20.037716 ^ clk (in)
                                                         clk (net)
                      0.060454    0.000000   20.037716 ^ clkbuf_0_clk/A (sg13g2_buf_16)
     4    0.080352    0.033942    0.085235   20.122952 ^ clkbuf_0_clk/X (sg13g2_buf_16)
                                                         clknet_0_clk (net)
                      0.035474    0.004993   20.127945 ^ clkbuf_2_3__f_clk/A (sg13g2_buf_16)
     6    0.026024    0.021109    0.065349   20.193293 ^ clkbuf_2_3__f_clk/X (sg13g2_buf_16)
                                                         clknet_2_3__leaf_clk (net)
                      0.021201    0.002228   20.195520 ^ _107_/CLK (sg13g2_dfrbpq_1)
                                 -0.250000   19.945520   clock uncertainty
                                  0.000000   19.945520   clock reconvergence pessimism
                                 -0.118037   19.827484   library setup time
                                             19.827484   data required time
---------------------------------------------------------------------------------------------
                                             19.827484   data required time
                                             -4.992959   data arrival time
---------------------------------------------------------------------------------------------
                                             14.834525   slack (MET)


Startpoint: done_in (input port clocked by clk)
Endpoint: _103_ (rising edge-triggered flip-flop clocked by clk)
Path Group: clk
Path Type: max

Fanout         Cap        Slew       Delay        Time   Description
---------------------------------------------------------------------------------------------
                                  0.000000    0.000000   clock clk (rise edge)
                                  0.000000    0.000000   clock network delay (propagated)
                                  4.000000    4.000000 ^ input external delay
     1    0.003218    0.020425    0.002871    4.002872 ^ done_in (in)
                                                         done_in (net)
                      0.020425    0.000000    4.002872 ^ input2/A (sg13g2_buf_1)
     2    0.025484    0.110071    0.126140    4.129012 ^ input2/X (sg13g2_buf_1)
                                                         net2 (net)
                      0.110239    0.003681    4.132693 ^ fanout24/A (sg13g2_buf_1)
     5    0.053307    0.222092    0.244190    4.376883 ^ fanout24/X (sg13g2_buf_1)
                                                         net24 (net)
                      0.222406    0.007216    4.384099 ^ _073_/S (sg13g2_mux2_1)
     1    0.002960    0.034978    0.218946    4.603045 v _073_/X (sg13g2_mux2_1)
                                                         _025_ (net)
                      0.034978    0.000111    4.603156 v hold35/A (sg13g2_dlygate4sd3_1)
     1    0.002131    0.034555    0.390518    4.993674 v hold35/X (sg13g2_dlygate4sd3_1)
                                                         net35 (net)
                      0.034555    0.000085    4.993759 v _103_/D (sg13g2_dfrbpq_1)
                                              4.993759   data arrival time

                                 20.000000   20.000000   clock clk (rise edge)
                                  0.000000   20.000000   clock source latency
     1    0.044287    0.059105    0.037716   20.037716 ^ clk (in)
                                                         clk (net)
                      0.060454    0.000000   20.037716 ^ clkbuf_0_clk/A (sg13g2_buf_16)
     4    0.080352    0.033942    0.085235   20.122952 ^ clkbuf_0_clk/X (sg13g2_buf_16)
                                                         clknet_0_clk (net)
                      0.035331    0.004693   20.127644 ^ clkbuf_2_2__f_clk/A (sg13g2_buf_16)
     6    0.038260    0.023822    0.067415   20.195059 ^ clkbuf_2_2__f_clk/X (sg13g2_buf_16)
                                                         clknet_2_2__leaf_clk (net)
                      0.023878    0.001892   20.196951 ^ _103_/CLK (sg13g2_dfrbpq_1)
                                 -0.250000   19.946951   clock uncertainty
                                  0.000000   19.946951   clock reconvergence pessimism
                                 -0.116878   19.830072   library setup time
                                             19.830072   data required time
---------------------------------------------------------------------------------------------
                                             19.830072   data required time
                                             -4.993759   data arrival time
---------------------------------------------------------------------------------------------
                                             14.836313   slack (MET)


Startpoint: done_in (input port clocked by clk)
Endpoint: _105_ (rising edge-triggered flip-flop clocked by clk)
Path Group: clk
Path Type: max

Fanout         Cap        Slew       Delay        Time   Description
---------------------------------------------------------------------------------------------
                                  0.000000    0.000000   clock clk (rise edge)
                                  0.000000    0.000000   clock network delay (propagated)
                                  4.000000    4.000000 ^ input external delay
     1    0.003218    0.020425    0.002871    4.002872 ^ done_in (in)
                                                         done_in (net)
                      0.020425    0.000000    4.002872 ^ input2/A (sg13g2_buf_1)
     2    0.025484    0.110071    0.126140    4.129012 ^ input2/X (sg13g2_buf_1)
                                                         net2 (net)
                      0.110239    0.003681    4.132693 ^ fanout24/A (sg13g2_buf_1)
     5    0.053307    0.222092    0.244190    4.376883 ^ fanout24/X (sg13g2_buf_1)
                                                         net24 (net)
                      0.222276    0.005563    4.382446 ^ _071_/S (sg13g2_mux2_1)
     1    0.002524    0.034081    0.217565    4.600011 v _071_/X (sg13g2_mux2_1)
                                                         _027_ (net)
                      0.034082    0.000169    4.600180 v hold37/A (sg13g2_dlygate4sd3_1)
     1    0.002189    0.034718    0.390210    4.990389 v hold37/X (sg13g2_dlygate4sd3_1)
                                                         net37 (net)
                      0.034718    0.000087    4.990477 v _105_/D (sg13g2_dfrbpq_1)
                                              4.990477   data arrival time

                                 20.000000   20.000000   clock clk (rise edge)
                                  0.000000   20.000000   clock source latency
     1    0.044287    0.059105    0.037716   20.037716 ^ clk (in)
                                                         clk (net)
                      0.060454    0.000000   20.037716 ^ clkbuf_0_clk/A (sg13g2_buf_16)
     4    0.080352    0.033942    0.085235   20.122952 ^ clkbuf_0_clk/X (sg13g2_buf_16)
                                                         clknet_0_clk (net)
                      0.035474    0.004993   20.127945 ^ clkbuf_2_3__f_clk/A (sg13g2_buf_16)
     6    0.026024    0.021109    0.065349   20.193293 ^ clkbuf_2_3__f_clk/X (sg13g2_buf_16)
                                                         clknet_2_3__leaf_clk (net)
                      0.021141    0.001444   20.194736 ^ _105_/CLK (sg13g2_dfrbpq_1)
                                 -0.250000   19.944738   clock uncertainty
                                  0.000000   19.944738   clock reconvergence pessimism
                                 -0.117636   19.827103   library setup time
                                             19.827103   data required time
---------------------------------------------------------------------------------------------
                                             19.827103   data required time
                                             -4.990477   data arrival time
---------------------------------------------------------------------------------------------
                                             14.836625   slack (MET)


Startpoint: done_in (input port clocked by clk)
Endpoint: _104_ (rising edge-triggered flip-flop clocked by clk)
Path Group: clk
Path Type: max

Fanout         Cap        Slew       Delay        Time   Description
---------------------------------------------------------------------------------------------
                                  0.000000    0.000000   clock clk (rise edge)
                                  0.000000    0.000000   clock network delay (propagated)
                                  4.000000    4.000000 ^ input external delay
     1    0.003218    0.020425    0.002871    4.002872 ^ done_in (in)
                                                         done_in (net)
                      0.020425    0.000000    4.002872 ^ input2/A (sg13g2_buf_1)
     2    0.025484    0.110071    0.126140    4.129012 ^ input2/X (sg13g2_buf_1)
                                                         net2 (net)
                      0.110239    0.003681    4.132693 ^ fanout24/A (sg13g2_buf_1)
     5    0.053307    0.222092    0.244190    4.376883 ^ fanout24/X (sg13g2_buf_1)
                                                         net24 (net)
                      0.222344    0.006475    4.383358 ^ _072_/S (sg13g2_mux2_1)
     1    0.002246    0.033264    0.216734    4.600092 v _072_/X (sg13g2_mux2_1)
                                                         _026_ (net)
                      0.033264    0.000087    4.600180 v hold28/A (sg13g2_dlygate4sd3_1)
     1    0.001875    0.033850    0.388587    4.988767 v hold28/X (sg13g2_dlygate4sd3_1)
                                                         net28 (net)
                      0.033850    0.000078    4.988844 v _104_/D (sg13g2_dfrbpq_1)
                                              4.988844   data arrival time

                                 20.000000   20.000000   clock clk (rise edge)
                                  0.000000   20.000000   clock source latency
     1    0.044287    0.059105    0.037716   20.037716 ^ clk (in)
                                                         clk (net)
                      0.060454    0.000000   20.037716 ^ clkbuf_0_clk/A (sg13g2_buf_16)
     4    0.080352    0.033942    0.085235   20.122952 ^ clkbuf_0_clk/X (sg13g2_buf_16)
                                                         clknet_0_clk (net)
                      0.035331    0.004693   20.127644 ^ clkbuf_2_2__f_clk/A (sg13g2_buf_16)
     6    0.038260    0.023822    0.067415   20.195059 ^ clkbuf_2_2__f_clk/X (sg13g2_buf_16)
                                                         clknet_2_2__leaf_clk (net)
                      0.023833    0.000940   20.195999 ^ _104_/CLK (sg13g2_dfrbpq_1)
                                 -0.250000   19.945999   clock uncertainty
                                  0.000000   19.945999   clock reconvergence pessimism
                                 -0.116636   19.829363   library setup time
                                             19.829363   data required time
---------------------------------------------------------------------------------------------
                                             19.829363   data required time
                                             -4.988844   data arrival time
---------------------------------------------------------------------------------------------
                                             14.840519   slack (MET)


Startpoint: done_in (input port clocked by clk)
Endpoint: _118_ (rising edge-triggered flip-flop clocked by clk)
Path Group: clk
Path Type: max

Fanout         Cap        Slew       Delay        Time   Description
---------------------------------------------------------------------------------------------
                                  0.000000    0.000000   clock clk (rise edge)
                                  0.000000    0.000000   clock network delay (propagated)
                                  4.000000    4.000000 v input external delay
     1    0.003179    0.017319    0.002427    4.002427 v done_in (in)
                                                         done_in (net)
                      0.017319    0.000000    4.002427 v input2/A (sg13g2_buf_1)
     2    0.025406    0.085075    0.115449    4.117876 v input2/X (sg13g2_buf_1)
                                                         net2 (net)
                      0.085286    0.003647    4.121523 v fanout23/A (sg13g2_buf_1)
     8    0.081245    0.256477    0.267708    4.389231 v fanout23/X (sg13g2_buf_1)
                                                         net23 (net)
                      0.256542    0.003689    4.392920 v _056_/A (sg13g2_nor2b_1)
     2    0.009320    0.127741    0.156623    4.549543 ^ _056_/Y (sg13g2_nor2b_1)
                                                         _048_ (net)
                      0.127745    0.000609    4.550152 ^ fanout18/A (sg13g2_buf_1)
     4    0.044133    0.185129    0.224227    4.774379 ^ fanout18/X (sg13g2_buf_1)
                                                         net18 (net)
                      0.185165    0.002259    4.776638 ^ _058_/S (sg13g2_mux2_1)
     1    0.002039    0.033352    0.208429    4.985067 v _058_/X (sg13g2_mux2_1)
                                                         _040_ (net)
                      0.033352    0.000084    4.985151 v _118_/D (sg13g2_dfrbpq_1)
                                              4.985151   data arrival time

                                 20.000000   20.000000   clock clk (rise edge)
                                  0.000000   20.000000   clock source latency
     1    0.044287    0.059105    0.037716   20.037716 ^ clk (in)
                                                         clk (net)
                      0.060454    0.000000   20.037716 ^ clkbuf_0_clk/A (sg13g2_buf_16)
     4    0.080352    0.033942    0.085235   20.122952 ^ clkbuf_0_clk/X (sg13g2_buf_16)
                                                         clknet_0_clk (net)
                      0.035474    0.004993   20.127945 ^ clkbuf_2_3__f_clk/A (sg13g2_buf_16)
     6    0.026024    0.021109    0.065349   20.193293 ^ clkbuf_2_3__f_clk/X (sg13g2_buf_16)
                                                         clknet_2_3__leaf_clk (net)
                      0.021144    0.001492   20.194784 ^ _118_/CLK (sg13g2_dfrbpq_1)
                                 -0.250000   19.944786   clock uncertainty
                                  0.000000   19.944786   clock reconvergence pessimism
                                 -0.117143   19.827642   library setup time
                                             19.827642   data required time
---------------------------------------------------------------------------------------------
                                             19.827642   data required time
                                             -4.985151   data arrival time
---------------------------------------------------------------------------------------------
                                             14.842491   slack (MET)


Startpoint: done_in (input port clocked by clk)
Endpoint: _116_ (rising edge-triggered flip-flop clocked by clk)
Path Group: clk
Path Type: max

Fanout         Cap        Slew       Delay        Time   Description
---------------------------------------------------------------------------------------------
                                  0.000000    0.000000   clock clk (rise edge)
                                  0.000000    0.000000   clock network delay (propagated)
                                  4.000000    4.000000 v input external delay
     1    0.003179    0.017319    0.002427    4.002427 v done_in (in)
                                                         done_in (net)
                      0.017319    0.000000    4.002427 v input2/A (sg13g2_buf_1)
     2    0.025406    0.085075    0.115449    4.117876 v input2/X (sg13g2_buf_1)
                                                         net2 (net)
                      0.085286    0.003647    4.121523 v fanout23/A (sg13g2_buf_1)
     8    0.081245    0.256477    0.267708    4.389231 v fanout23/X (sg13g2_buf_1)
                                                         net23 (net)
                      0.256542    0.003689    4.392920 v _056_/A (sg13g2_nor2b_1)
     2    0.009320    0.127741    0.156623    4.549543 ^ _056_/Y (sg13g2_nor2b_1)
                                                         _048_ (net)
                      0.127745    0.000609    4.550152 ^ fanout18/A (sg13g2_buf_1)
     4    0.044133    0.185129    0.224227    4.774379 ^ fanout18/X (sg13g2_buf_1)
                                                         net18 (net)
                      0.185221    0.003585    4.777965 ^ _060_/S (sg13g2_mux2_1)
     1    0.001976    0.033296    0.208246    4.986210 v _060_/X (sg13g2_mux2_1)
                                                         _038_ (net)
                      0.033296    0.000081    4.986291 v _116_/D (sg13g2_dfrbpq_1)
                                              4.986291   data arrival time

                                 20.000000   20.000000   clock clk (rise edge)
                                  0.000000   20.000000   clock source latency
     1    0.044287    0.059105    0.037716   20.037716 ^ clk (in)
                                                         clk (net)
                      0.060454    0.000000   20.037716 ^ clkbuf_0_clk/A (sg13g2_buf_16)
     4    0.080352    0.033942    0.085235   20.122952 ^ clkbuf_0_clk/X (sg13g2_buf_16)
                                                         clknet_0_clk (net)
                      0.035331    0.004693   20.127644 ^ clkbuf_2_2__f_clk/A (sg13g2_buf_16)
     6    0.038260    0.023822    0.067415   20.195059 ^ clkbuf_2_2__f_clk/X (sg13g2_buf_16)
                                                         clknet_2_2__leaf_clk (net)
                      0.023830    0.000830   20.195889 ^ _116_/CLK (sg13g2_dfrbpq_1)
                                 -0.250000   19.945889   clock uncertainty
                                  0.000000   19.945889   clock reconvergence pessimism
                                 -0.116437   19.829453   library setup time
                                             19.829453   data required time
---------------------------------------------------------------------------------------------
                                             19.829453   data required time
                                             -4.986291   data arrival time
---------------------------------------------------------------------------------------------
                                             14.843161   slack (MET)


Startpoint: done_in (input port clocked by clk)
Endpoint: _115_ (rising edge-triggered flip-flop clocked by clk)
Path Group: clk
Path Type: max

Fanout         Cap        Slew       Delay        Time   Description
---------------------------------------------------------------------------------------------
                                  0.000000    0.000000   clock clk (rise edge)
                                  0.000000    0.000000   clock network delay (propagated)
                                  4.000000    4.000000 v input external delay
     1    0.003179    0.017319    0.002427    4.002427 v done_in (in)
                                                         done_in (net)
                      0.017319    0.000000    4.002427 v input2/A (sg13g2_buf_1)
     2    0.025406    0.085075    0.115449    4.117876 v input2/X (sg13g2_buf_1)
                                                         net2 (net)
                      0.085286    0.003647    4.121523 v fanout23/A (sg13g2_buf_1)
     8    0.081245    0.256477    0.267708    4.389231 v fanout23/X (sg13g2_buf_1)
                                                         net23 (net)
                      0.256542    0.003689    4.392920 v _056_/A (sg13g2_nor2b_1)
     2    0.009320    0.127741    0.156623    4.549543 ^ _056_/Y (sg13g2_nor2b_1)
                                                         _048_ (net)
                      0.127745    0.000609    4.550152 ^ fanout18/A (sg13g2_buf_1)
     4    0.044133    0.185129    0.224227    4.774379 ^ fanout18/X (sg13g2_buf_1)
                                                         net18 (net)
                      0.185273    0.004480    4.778859 ^ _061_/S (sg13g2_mux2_1)
     1    0.001981    0.033160    0.208272    4.987131 v _061_/X (sg13g2_mux2_1)
                                                         _037_ (net)
                      0.033160    0.000081    4.987212 v _115_/D (sg13g2_dfrbpq_1)
                                              4.987212   data arrival time

                                 20.000000   20.000000   clock clk (rise edge)
                                  0.000000   20.000000   clock source latency
     1    0.044287    0.059105    0.037716   20.037716 ^ clk (in)
                                                         clk (net)
                      0.060454    0.000000   20.037716 ^ clkbuf_0_clk/A (sg13g2_buf_16)
     4    0.080352    0.033942    0.085235   20.122952 ^ clkbuf_0_clk/X (sg13g2_buf_16)
                                                         clknet_0_clk (net)
                      0.035331    0.004693   20.127644 ^ clkbuf_2_2__f_clk/A (sg13g2_buf_16)
     6    0.038260    0.023822    0.067415   20.195059 ^ clkbuf_2_2__f_clk/X (sg13g2_buf_16)
                                                         clknet_2_2__leaf_clk (net)
                      0.023897    0.002151   20.197210 ^ _115_/CLK (sg13g2_dfrbpq_1)
                                 -0.250000   19.947210   clock uncertainty
                                  0.000000   19.947210   clock reconvergence pessimism
                                 -0.116371   19.830839   library setup time
                                             19.830839   data required time
---------------------------------------------------------------------------------------------
                                             19.830839   data required time
                                             -4.987212   data arrival time
---------------------------------------------------------------------------------------------
                                             14.843627   slack (MET)


Startpoint: reset (input port clocked by clk)
Endpoint: _099_ (recovery check against rising-edge clock clk)
Path Group: asynchronous
Path Type: max

Fanout         Cap        Slew       Delay        Time   Description
---------------------------------------------------------------------------------------------
                                  0.000000    0.000000   clock clk (rise edge)
                                  0.000000    0.000000   clock network delay (propagated)
                                  4.000000    4.000000 v input external delay
     1    0.003955    0.017871    0.002958    4.002958 v reset (in)
                                                         reset (net)
                      0.017871    0.000000    4.002958 v input3/A (sg13g2_buf_1)
     1    0.016529    0.059330    0.094113    4.097071 v input3/X (sg13g2_buf_1)
                                                         net3 (net)
                      0.059428    0.001869    4.098940 v fanout22/A (sg13g2_buf_1)
     4    0.038702    0.125274    0.166147    4.265087 v fanout22/X (sg13g2_buf_1)
                                                         net22 (net)
                      0.125426    0.003291    4.268377 v fanout20/A (sg13g2_buf_1)
     7    0.032993    0.108116    0.178891    4.447268 v fanout20/X (sg13g2_buf_1)
                                                         net20 (net)
                      0.108162    0.002180    4.449449 v fanout19/A (sg13g2_buf_1)
     8    0.039580    0.127561    0.188530    4.637979 v fanout19/X (sg13g2_buf_1)
                                                         net19 (net)
                      0.127659    0.002403    4.640382 v _095_/A (sg13g2_inv_1)
     1    0.007696    0.057185    0.076068    4.716450 ^ _095_/Y (sg13g2_inv_1)
                                                         _021_ (net)
                      0.057195    0.000627    4.717077 ^ _099_/RESET_B (sg13g2_dfrbpq_1)
                                              4.717077   data arrival time

                                 20.000000   20.000000   clock clk (rise edge)
                                  0.000000   20.000000   clock source latency
     1    0.044287    0.059105    0.037716   20.037716 ^ clk (in)
                                                         clk (net)
                      0.060454    0.000000   20.037716 ^ clkbuf_0_clk/A (sg13g2_buf_16)
     4    0.080352    0.033942    0.085235   20.122952 ^ clkbuf_0_clk/X (sg13g2_buf_16)
                                                         clknet_0_clk (net)
                      0.035793    0.005617   20.128569 ^ clkbuf_2_1__f_clk/A (sg13g2_buf_16)
     6    0.031250    0.022290    0.066571   20.195139 ^ clkbuf_2_1__f_clk/X (sg13g2_buf_16)
                                                         clknet_2_1__leaf_clk (net)
                      0.022304    0.001076   20.196215 ^ _099_/CLK (sg13g2_dfrbpq_1)
                                 -0.250000   19.946217   clock uncertainty
                                  0.000000   19.946217   clock reconvergence pessimism
                                 -0.131266   19.814951   library recovery time
                                             19.814951   data required time
---------------------------------------------------------------------------------------------
                                             19.814951   data required time
                                             -4.717077   data arrival time
---------------------------------------------------------------------------------------------
                                             15.097874   slack (MET)


Startpoint: reset (input port clocked by clk)
Endpoint: _098_ (recovery check against rising-edge clock clk)
Path Group: asynchronous
Path Type: max

Fanout         Cap        Slew       Delay        Time   Description
---------------------------------------------------------------------------------------------
                                  0.000000    0.000000   clock clk (rise edge)
                                  0.000000    0.000000   clock network delay (propagated)
                                  4.000000    4.000000 v input external delay
     1    0.003955    0.017871    0.002958    4.002958 v reset (in)
                                                         reset (net)
                      0.017871    0.000000    4.002958 v input3/A (sg13g2_buf_1)
     1    0.016529    0.059330    0.094113    4.097071 v input3/X (sg13g2_buf_1)
                                                         net3 (net)
                      0.059428    0.001869    4.098940 v fanout22/A (sg13g2_buf_1)
     4    0.038702    0.125274    0.166147    4.265087 v fanout22/X (sg13g2_buf_1)
                                                         net22 (net)
                      0.125426    0.003291    4.268377 v fanout20/A (sg13g2_buf_1)
     7    0.032993    0.108116    0.178891    4.447268 v fanout20/X (sg13g2_buf_1)
                                                         net20 (net)
                      0.108162    0.002180    4.449449 v fanout19/A (sg13g2_buf_1)
     8    0.039580    0.127561    0.188530    4.637979 v fanout19/X (sg13g2_buf_1)
                                                         net19 (net)
                      0.127732    0.003570    4.641549 v _094_/A (sg13g2_inv_1)
     1    0.006433    0.052290    0.070514    4.712062 ^ _094_/Y (sg13g2_inv_1)
                                                         _020_ (net)
                      0.052291    0.000276    4.712338 ^ _098_/RESET_B (sg13g2_dfrbpq_1)
                                              4.712338   data arrival time

                                 20.000000   20.000000   clock clk (rise edge)
                                  0.000000   20.000000   clock source latency
     1    0.044287    0.059105    0.037716   20.037716 ^ clk (in)
                                                         clk (net)
                      0.060454    0.000000   20.037716 ^ clkbuf_0_clk/A (sg13g2_buf_16)
     4    0.080352    0.033942    0.085235   20.122952 ^ clkbuf_0_clk/X (sg13g2_buf_16)
                                                         clknet_0_clk (net)
                      0.035793    0.005617   20.128569 ^ clkbuf_2_1__f_clk/A (sg13g2_buf_16)
     6    0.031250    0.022290    0.066571   20.195139 ^ clkbuf_2_1__f_clk/X (sg13g2_buf_16)
                                                         clknet_2_1__leaf_clk (net)
                      0.022308    0.001180   20.196318 ^ _098_/CLK (sg13g2_dfrbpq_1)
                                 -0.250000   19.946320   clock uncertainty
                                  0.000000   19.946320   clock reconvergence pessimism
                                 -0.129744   19.816574   library recovery time
                                             19.816574   data required time
---------------------------------------------------------------------------------------------
                                             19.816574   data required time
                                             -4.712338   data arrival time
---------------------------------------------------------------------------------------------
                                             15.104235   slack (MET)


Startpoint: reset (input port clocked by clk)
Endpoint: _121_ (recovery check against rising-edge clock clk)
Path Group: asynchronous
Path Type: max

Fanout         Cap        Slew       Delay        Time   Description
---------------------------------------------------------------------------------------------
                                  0.000000    0.000000   clock clk (rise edge)
                                  0.000000    0.000000   clock network delay (propagated)
                                  4.000000    4.000000 v input external delay
     1    0.003955    0.017871    0.002958    4.002958 v reset (in)
                                                         reset (net)
                      0.017871    0.000000    4.002958 v input3/A (sg13g2_buf_1)
     1    0.016529    0.059330    0.094113    4.097071 v input3/X (sg13g2_buf_1)
                                                         net3 (net)
                      0.059428    0.001869    4.098940 v fanout22/A (sg13g2_buf_1)
     4    0.038702    0.125274    0.166147    4.265087 v fanout22/X (sg13g2_buf_1)
                                                         net22 (net)
                      0.125426    0.003291    4.268377 v fanout20/A (sg13g2_buf_1)
     7    0.032993    0.108116    0.178891    4.447268 v fanout20/X (sg13g2_buf_1)
                                                         net20 (net)
                      0.108162    0.002180    4.449449 v fanout19/A (sg13g2_buf_1)
     8    0.039580    0.127561    0.188530    4.637979 v fanout19/X (sg13g2_buf_1)
                                                         net19 (net)
                      0.127746    0.003754    4.641733 v _093_/A (sg13g2_inv_1)
     1    0.006335    0.051902    0.070077    4.711809 ^ _093_/Y (sg13g2_inv_1)
                                                         _019_ (net)
                      0.051903    0.000270    4.712079 ^ _121_/RESET_B (sg13g2_dfrbpq_1)
                                              4.712079   data arrival time

                                 20.000000   20.000000   clock clk (rise edge)
                                  0.000000   20.000000   clock source latency
     1    0.044287    0.059105    0.037716   20.037716 ^ clk (in)
                                                         clk (net)
                      0.060454    0.000000   20.037716 ^ clkbuf_0_clk/A (sg13g2_buf_16)
     4    0.080352    0.033942    0.085235   20.122952 ^ clkbuf_0_clk/X (sg13g2_buf_16)
                                                         clknet_0_clk (net)
                      0.035793    0.005617   20.128569 ^ clkbuf_2_1__f_clk/A (sg13g2_buf_16)
     6    0.031250    0.022290    0.066571   20.195139 ^ clkbuf_2_1__f_clk/X (sg13g2_buf_16)
                                                         clknet_2_1__leaf_clk (net)
                      0.022313    0.001330   20.196468 ^ _121_/CLK (sg13g2_dfrbpq_1)
                                 -0.250000   19.946470   clock uncertainty
                                  0.000000   19.946470   clock reconvergence pessimism
                                 -0.129623   19.816847   library recovery time
                                             19.816847   data required time
---------------------------------------------------------------------------------------------
                                             19.816847   data required time
                                             -4.712079   data arrival time
---------------------------------------------------------------------------------------------
                                             15.104768   slack (MET)


Startpoint: reset (input port clocked by clk)
Endpoint: _120_ (recovery check against rising-edge clock clk)
Path Group: asynchronous
Path Type: max

Fanout         Cap        Slew       Delay        Time   Description
---------------------------------------------------------------------------------------------
                                  0.000000    0.000000   clock clk (rise edge)
                                  0.000000    0.000000   clock network delay (propagated)
                                  4.000000    4.000000 v input external delay
     1    0.003955    0.017871    0.002958    4.002958 v reset (in)
                                                         reset (net)
                      0.017871    0.000000    4.002958 v input3/A (sg13g2_buf_1)
     1    0.016529    0.059330    0.094113    4.097071 v input3/X (sg13g2_buf_1)
                                                         net3 (net)
                      0.059428    0.001869    4.098940 v fanout22/A (sg13g2_buf_1)
     4    0.038702    0.125274    0.166147    4.265087 v fanout22/X (sg13g2_buf_1)
                                                         net22 (net)
                      0.125426    0.003291    4.268377 v fanout20/A (sg13g2_buf_1)
     7    0.032993    0.108116    0.178891    4.447268 v fanout20/X (sg13g2_buf_1)
                                                         net20 (net)
                      0.108162    0.002180    4.449449 v fanout19/A (sg13g2_buf_1)
     8    0.039580    0.127561    0.188530    4.637979 v fanout19/X (sg13g2_buf_1)
                                                         net19 (net)
                      0.127745    0.003733    4.641711 v _092_/A (sg13g2_inv_1)
     1    0.006397    0.052158    0.070352    4.712063 ^ _092_/Y (sg13g2_inv_1)
                                                         _018_ (net)
                      0.052158    0.000273    4.712336 ^ _120_/RESET_B (sg13g2_dfrbpq_1)
                                              4.712336   data arrival time

                                 20.000000   20.000000   clock clk (rise edge)
                                  0.000000   20.000000   clock source latency
     1    0.044287    0.059105    0.037716   20.037716 ^ clk (in)
                                                         clk (net)
                      0.060454    0.000000   20.037716 ^ clkbuf_0_clk/A (sg13g2_buf_16)
     4    0.080352    0.033942    0.085235   20.122952 ^ clkbuf_0_clk/X (sg13g2_buf_16)
                                                         clknet_0_clk (net)
                      0.036206    0.006352   20.129303 ^ clkbuf_2_0__f_clk/A (sg13g2_buf_16)
     6    0.036796    0.023535    0.067546   20.196850 ^ clkbuf_2_0__f_clk/X (sg13g2_buf_16)
                                                         clknet_2_0__leaf_clk (net)
                      0.023596    0.001950   20.198799 ^ _120_/CLK (sg13g2_dfrbpq_1)
                                 -0.250000   19.948801   clock uncertainty
                                  0.000000   19.948801   clock reconvergence pessimism
                                 -0.129520   19.819279   library recovery time
                                             19.819279   data required time
---------------------------------------------------------------------------------------------
                                             19.819279   data required time
                                             -4.712336   data arrival time
---------------------------------------------------------------------------------------------
                                             15.106944   slack (MET)


Startpoint: reset (input port clocked by clk)
Endpoint: _110_ (recovery check against rising-edge clock clk)
Path Group: asynchronous
Path Type: max

Fanout         Cap        Slew       Delay        Time   Description
---------------------------------------------------------------------------------------------
                                  0.000000    0.000000   clock clk (rise edge)
                                  0.000000    0.000000   clock network delay (propagated)
                                  4.000000    4.000000 v input external delay
     1    0.003955    0.017871    0.002958    4.002958 v reset (in)
                                                         reset (net)
                      0.017871    0.000000    4.002958 v input3/A (sg13g2_buf_1)
     1    0.016529    0.059330    0.094113    4.097071 v input3/X (sg13g2_buf_1)
                                                         net3 (net)
                      0.059428    0.001869    4.098940 v fanout22/A (sg13g2_buf_1)
     4    0.038702    0.125274    0.166147    4.265087 v fanout22/X (sg13g2_buf_1)
                                                         net22 (net)
                      0.125426    0.003291    4.268377 v fanout20/A (sg13g2_buf_1)
     7    0.032993    0.108116    0.178891    4.447268 v fanout20/X (sg13g2_buf_1)
                                                         net20 (net)
                      0.108162    0.002180    4.449449 v fanout19/A (sg13g2_buf_1)
     8    0.039580    0.127561    0.188530    4.637979 v fanout19/X (sg13g2_buf_1)
                                                         net19 (net)
                      0.127693    0.003010    4.640989 v _082_/A (sg13g2_inv_1)
     1    0.006487    0.052484    0.070749    4.711737 ^ _082_/Y (sg13g2_inv_1)
                                                         _008_ (net)
                      0.052485    0.000277    4.712014 ^ _110_/RESET_B (sg13g2_dfrbpq_1)
                                              4.712014   data arrival time

                                 20.000000   20.000000   clock clk (rise edge)
                                  0.000000   20.000000   clock source latency
     1    0.044287    0.059105    0.037716   20.037716 ^ clk (in)
                                                         clk (net)
                      0.060454    0.000000   20.037716 ^ clkbuf_0_clk/A (sg13g2_buf_16)
     4    0.080352    0.033942    0.085235   20.122952 ^ clkbuf_0_clk/X (sg13g2_buf_16)
                                                         clknet_0_clk (net)
                      0.036206    0.006352   20.129303 ^ clkbuf_2_0__f_clk/A (sg13g2_buf_16)
     6    0.036796    0.023535    0.067546   20.196850 ^ clkbuf_2_0__f_clk/X (sg13g2_buf_16)
                                                         clknet_2_0__leaf_clk (net)
                      0.023585    0.001783   20.198633 ^ _110_/CLK (sg13g2_dfrbpq_1)
                                 -0.250000   19.948633   clock uncertainty
                                  0.000000   19.948633   clock reconvergence pessimism
                                 -0.129623   19.819012   library recovery time
                                             19.819012   data required time
---------------------------------------------------------------------------------------------
                                             19.819012   data required time
                                             -4.712014   data arrival time
---------------------------------------------------------------------------------------------
                                             15.106997   slack (MET)


Startpoint: reset (input port clocked by clk)
Endpoint: _109_ (recovery check against rising-edge clock clk)
Path Group: asynchronous
Path Type: max

Fanout         Cap        Slew       Delay        Time   Description
---------------------------------------------------------------------------------------------
                                  0.000000    0.000000   clock clk (rise edge)
                                  0.000000    0.000000   clock network delay (propagated)
                                  4.000000    4.000000 v input external delay
     1    0.003955    0.017871    0.002958    4.002958 v reset (in)
                                                         reset (net)
                      0.017871    0.000000    4.002958 v input3/A (sg13g2_buf_1)
     1    0.016529    0.059330    0.094113    4.097071 v input3/X (sg13g2_buf_1)
                                                         net3 (net)
                      0.059428    0.001869    4.098940 v fanout22/A (sg13g2_buf_1)
     4    0.038702    0.125274    0.166147    4.265087 v fanout22/X (sg13g2_buf_1)
                                                         net22 (net)
                      0.125426    0.003291    4.268377 v fanout20/A (sg13g2_buf_1)
     7    0.032993    0.108116    0.178891    4.447268 v fanout20/X (sg13g2_buf_1)
                                                         net20 (net)
                      0.108162    0.002180    4.449449 v fanout19/A (sg13g2_buf_1)
     8    0.039580    0.127561    0.188530    4.637979 v fanout19/X (sg13g2_buf_1)
                                                         net19 (net)
                      0.127732    0.003570    4.641548 v _081_/A (sg13g2_inv_1)
     1    0.006354    0.051968    0.070158    4.711706 ^ _081_/Y (sg13g2_inv_1)
                                                         _007_ (net)
                      0.051968    0.000271    4.711977 ^ _109_/RESET_B (sg13g2_dfrbpq_1)
                                              4.711977   data arrival time

                                 20.000000   20.000000   clock clk (rise edge)
                                  0.000000   20.000000   clock source latency
     1    0.044287    0.059105    0.037716   20.037716 ^ clk (in)
                                                         clk (net)
                      0.060454    0.000000   20.037716 ^ clkbuf_0_clk/A (sg13g2_buf_16)
     4    0.080352    0.033942    0.085235   20.122952 ^ clkbuf_0_clk/X (sg13g2_buf_16)
                                                         clknet_0_clk (net)
                      0.036206    0.006352   20.129303 ^ clkbuf_2_0__f_clk/A (sg13g2_buf_16)
     6    0.036796    0.023535    0.067546   20.196850 ^ clkbuf_2_0__f_clk/X (sg13g2_buf_16)
                                                         clknet_2_0__leaf_clk (net)
                      0.023591    0.001867   20.198715 ^ _109_/CLK (sg13g2_dfrbpq_1)
                                 -0.250000   19.948717   clock uncertainty
                                  0.000000   19.948717   clock reconvergence pessimism
                                 -0.129462   19.819254   library recovery time
                                             19.819254   data required time
---------------------------------------------------------------------------------------------
                                             19.819254   data required time
                                             -4.711977   data arrival time
---------------------------------------------------------------------------------------------
                                             15.107278   slack (MET)


Startpoint: reset (input port clocked by clk)
Endpoint: _111_ (recovery check against rising-edge clock clk)
Path Group: asynchronous
Path Type: max

Fanout         Cap        Slew       Delay        Time   Description
---------------------------------------------------------------------------------------------
                                  0.000000    0.000000   clock clk (rise edge)
                                  0.000000    0.000000   clock network delay (propagated)
                                  4.000000    4.000000 v input external delay
     1    0.003955    0.017871    0.002958    4.002958 v reset (in)
                                                         reset (net)
                      0.017871    0.000000    4.002958 v input3/A (sg13g2_buf_1)
     1    0.016529    0.059330    0.094113    4.097071 v input3/X (sg13g2_buf_1)
                                                         net3 (net)
                      0.059428    0.001869    4.098940 v fanout22/A (sg13g2_buf_1)
     4    0.038702    0.125274    0.166147    4.265087 v fanout22/X (sg13g2_buf_1)
                                                         net22 (net)
                      0.125426    0.003291    4.268377 v fanout20/A (sg13g2_buf_1)
     7    0.032993    0.108116    0.178891    4.447268 v fanout20/X (sg13g2_buf_1)
                                                         net20 (net)
                      0.108162    0.002180    4.449449 v fanout19/A (sg13g2_buf_1)
     8    0.039580    0.127561    0.188530    4.637979 v fanout19/X (sg13g2_buf_1)
                                                         net19 (net)
                      0.127658    0.002382    4.640361 v _083_/A (sg13g2_inv_1)
     1    0.006385    0.052102    0.070281    4.710641 ^ _083_/Y (sg13g2_inv_1)
                                                         _009_ (net)
                      0.052103    0.000274    4.710916 ^ _111_/RESET_B (sg13g2_dfrbpq_1)
                                              4.710916   data arrival time

                                 20.000000   20.000000   clock clk (rise edge)
                                  0.000000   20.000000   clock source latency
     1    0.044287    0.059105    0.037716   20.037716 ^ clk (in)
                                                         clk (net)
                      0.060454    0.000000   20.037716 ^ clkbuf_0_clk/A (sg13g2_buf_16)
     4    0.080352    0.033942    0.085235   20.122952 ^ clkbuf_0_clk/X (sg13g2_buf_16)
                                                         clknet_0_clk (net)
                      0.036206    0.006352   20.129303 ^ clkbuf_2_0__f_clk/A (sg13g2_buf_16)
     6    0.036796    0.023535    0.067546   20.196850 ^ clkbuf_2_0__f_clk/X (sg13g2_buf_16)
                                                         clknet_2_0__leaf_clk (net)
                      0.023578    0.001659   20.198509 ^ _111_/CLK (sg13g2_dfrbpq_1)
                                 -0.250000   19.948509   clock uncertainty
                                  0.000000   19.948509   clock reconvergence pessimism
                                 -0.129506   19.819004   library recovery time
                                             19.819004   data required time
---------------------------------------------------------------------------------------------
                                             19.819004   data required time
                                             -4.710916   data arrival time
---------------------------------------------------------------------------------------------
                                             15.108089   slack (MET)


Startpoint: reset (input port clocked by clk)
Endpoint: _112_ (recovery check against rising-edge clock clk)
Path Group: asynchronous
Path Type: max

Fanout         Cap        Slew       Delay        Time   Description
---------------------------------------------------------------------------------------------
                                  0.000000    0.000000   clock clk (rise edge)
                                  0.000000    0.000000   clock network delay (propagated)
                                  4.000000    4.000000 v input external delay
     1    0.003955    0.017871    0.002958    4.002958 v reset (in)
                                                         reset (net)
                      0.017871    0.000000    4.002958 v input3/A (sg13g2_buf_1)
     1    0.016529    0.059330    0.094113    4.097071 v input3/X (sg13g2_buf_1)
                                                         net3 (net)
                      0.059428    0.001869    4.098940 v fanout22/A (sg13g2_buf_1)
     4    0.038702    0.125274    0.166147    4.265087 v fanout22/X (sg13g2_buf_1)
                                                         net22 (net)
                      0.125426    0.003291    4.268377 v fanout20/A (sg13g2_buf_1)
     7    0.032993    0.108116    0.178891    4.447268 v fanout20/X (sg13g2_buf_1)
                                                         net20 (net)
                      0.108162    0.002180    4.449449 v fanout19/A (sg13g2_buf_1)
     8    0.039580    0.127561    0.188530    4.637979 v fanout19/X (sg13g2_buf_1)
                                                         net19 (net)
                      0.127641    0.002001    4.639980 v _084_/A (sg13g2_inv_1)
     1    0.006313    0.051806    0.069955    4.709935 ^ _084_/Y (sg13g2_inv_1)
                                                         _010_ (net)
                      0.051807    0.000271    4.710206 ^ _112_/RESET_B (sg13g2_dfrbpq_1)
                                              4.710206   data arrival time

                                 20.000000   20.000000   clock clk (rise edge)
                                  0.000000   20.000000   clock source latency
     1    0.044287    0.059105    0.037716   20.037716 ^ clk (in)
                                                         clk (net)
                      0.060454    0.000000   20.037716 ^ clkbuf_0_clk/A (sg13g2_buf_16)
     4    0.080352    0.033942    0.085235   20.122952 ^ clkbuf_0_clk/X (sg13g2_buf_16)
                                                         clknet_0_clk (net)
                      0.036206    0.006352   20.129303 ^ clkbuf_2_0__f_clk/A (sg13g2_buf_16)
     6    0.036796    0.023535    0.067546   20.196850 ^ clkbuf_2_0__f_clk/X (sg13g2_buf_16)
                                                         clknet_2_0__leaf_clk (net)
                      0.023585    0.001783   20.198633 ^ _112_/CLK (sg13g2_dfrbpq_1)
                                 -0.250000   19.948633   clock uncertainty
                                  0.000000   19.948633   clock reconvergence pessimism
                                 -0.129413   19.819221   library recovery time
                                             19.819221   data required time
---------------------------------------------------------------------------------------------
                                             19.819221   data required time
                                             -4.710206   data arrival time
---------------------------------------------------------------------------------------------
                                             15.109015   slack (MET)


Startpoint: done_in (input port clocked by clk)
Endpoint: _120_ (rising edge-triggered flip-flop clocked by clk)
Path Group: clk
Path Type: max

Fanout         Cap        Slew       Delay        Time   Description
---------------------------------------------------------------------------------------------
                                  0.000000    0.000000   clock clk (rise edge)
                                  0.000000    0.000000   clock network delay (propagated)
                                  4.000000    4.000000 ^ input external delay
     1    0.003218    0.020425    0.002871    4.002872 ^ done_in (in)
                                                         done_in (net)
                      0.020425    0.000000    4.002872 ^ input2/A (sg13g2_buf_1)
     2    0.025484    0.110071    0.126140    4.129012 ^ input2/X (sg13g2_buf_1)
                                                         net2 (net)
                      0.110238    0.003670    4.132681 ^ fanout23/A (sg13g2_buf_1)
     8    0.081844    0.337600    0.321104    4.453786 ^ fanout23/X (sg13g2_buf_1)
                                                         net23 (net)
                      0.339026    0.018819    4.472605 ^ _055_/S (sg13g2_mux2_1)
     1    0.002695    0.035907    0.241628    4.714233 v _055_/X (sg13g2_mux2_1)
                                                         _042_ (net)
                      0.035908    0.000194    4.714427 v _120_/D (sg13g2_dfrbpq_1)
                                              4.714427   data arrival time

                                 20.000000   20.000000   clock clk (rise edge)
                                  0.000000   20.000000   clock source latency
     1    0.044287    0.059105    0.037716   20.037716 ^ clk (in)
                                                         clk (net)
                      0.060454    0.000000   20.037716 ^ clkbuf_0_clk/A (sg13g2_buf_16)
     4    0.080352    0.033942    0.085235   20.122952 ^ clkbuf_0_clk/X (sg13g2_buf_16)
                                                         clknet_0_clk (net)
                      0.036206    0.006352   20.129303 ^ clkbuf_2_0__f_clk/A (sg13g2_buf_16)
     6    0.036796    0.023535    0.067546   20.196850 ^ clkbuf_2_0__f_clk/X (sg13g2_buf_16)
                                                         clknet_2_0__leaf_clk (net)
                      0.023596    0.001950   20.198799 ^ _120_/CLK (sg13g2_dfrbpq_1)
                                 -0.250000   19.948801   clock uncertainty
                                  0.000000   19.948801   clock reconvergence pessimism
                                 -0.117437   19.831364   library setup time
                                             19.831364   data required time
---------------------------------------------------------------------------------------------
                                             19.831364   data required time
                                             -4.714427   data arrival time
---------------------------------------------------------------------------------------------
                                             15.116936   slack (MET)


Startpoint: _121_ (rising edge-triggered flip-flop clocked by clk)
Endpoint: dout[1] (output port clocked by clk)
Path Group: clk
Path Type: max

Fanout         Cap        Slew       Delay        Time   Description
---------------------------------------------------------------------------------------------
                                  0.000000    0.000000   clock clk (rise edge)
                                  0.000000    0.000000   clock source latency
     1    0.046960    0.061870    0.044148    0.044148 ^ clk (in)
                                                         clk (net)
                      0.063388    0.000000    0.044148 ^ clkbuf_0_clk/A (sg13g2_buf_16)
     4    0.091043    0.036729    0.097358    0.141506 ^ clkbuf_0_clk/X (sg13g2_buf_16)
                                                         clknet_0_clk (net)
                      0.038920    0.007063    0.148569 ^ clkbuf_2_1__f_clk/A (sg13g2_buf_16)
     6    0.033935    0.023037    0.075691    0.224260 ^ clkbuf_2_1__f_clk/X (sg13g2_buf_16)
                                                         clknet_2_1__leaf_clk (net)
                      0.023067    0.001598    0.225859 ^ _121_/CLK (sg13g2_dfrbpq_1)
     2    0.017159    0.077440    0.215199    0.441058 ^ _121_/Q (sg13g2_dfrbpq_1)
                                                         net8 (net)
                      0.077462    0.001302    0.442360 ^ output8/A (sg13g2_buf_1)
     1    0.007809    0.042163    0.099542    0.541902 ^ output8/X (sg13g2_buf_1)
                                                         dout[1] (net)
                      0.042163    0.000227    0.542129 ^ dout[1] (out)
                                              0.542129   data arrival time

                                 20.000000   20.000000   clock clk (rise edge)
                                  0.000000   20.000000   clock network delay (propagated)
                                 -0.250000   19.750002   clock uncertainty
                                  0.000000   19.750002   clock reconvergence pessimism
                                 -4.000000   15.750001   output external delay
                                             15.750001   data required time
---------------------------------------------------------------------------------------------
                                             15.750001   data required time
                                             -0.542129   data arrival time
---------------------------------------------------------------------------------------------
                                             15.207872   slack (MET)


Startpoint: _120_ (rising edge-triggered flip-flop clocked by clk)
Endpoint: dout[0] (output port clocked by clk)
Path Group: clk
Path Type: max

Fanout         Cap        Slew       Delay        Time   Description
---------------------------------------------------------------------------------------------
                                  0.000000    0.000000   clock clk (rise edge)
                                  0.000000    0.000000   clock source latency
     1    0.046960    0.061870    0.044148    0.044148 ^ clk (in)
                                                         clk (net)
                      0.063388    0.000000    0.044148 ^ clkbuf_0_clk/A (sg13g2_buf_16)
     4    0.091043    0.036729    0.097358    0.141506 ^ clkbuf_0_clk/X (sg13g2_buf_16)
                                                         clknet_0_clk (net)
                      0.039435    0.007997    0.149503 ^ clkbuf_2_0__f_clk/A (sg13g2_buf_16)
     6    0.039480    0.024273    0.076792    0.226294 ^ clkbuf_2_0__f_clk/X (sg13g2_buf_16)
                                                         clknet_2_0__leaf_clk (net)
                      0.024343    0.002322    0.228616 ^ _120_/CLK (sg13g2_dfrbpq_1)
     2    0.016165    0.073603    0.212813    0.441429 ^ _120_/Q (sg13g2_dfrbpq_1)
                                                         net5 (net)
                      0.073631    0.001427    0.442856 ^ output5/A (sg13g2_buf_1)
     1    0.007896    0.042379    0.098085    0.540941 ^ output5/X (sg13g2_buf_1)
                                                         dout[0] (net)
                      0.042379    0.000228    0.541169 ^ dout[0] (out)
                                              0.541169   data arrival time

                                 20.000000   20.000000   clock clk (rise edge)
                                  0.000000   20.000000   clock network delay (propagated)
                                 -0.250000   19.750002   clock uncertainty
                                  0.000000   19.750002   clock reconvergence pessimism
                                 -4.000000   15.750001   output external delay
                                             15.750001   data required time
---------------------------------------------------------------------------------------------
                                             15.750001   data required time
                                             -0.541169   data arrival time
---------------------------------------------------------------------------------------------
                                             15.208832   slack (MET)


Startpoint: _098_ (rising edge-triggered flip-flop clocked by clk)
Endpoint: dout[2] (output port clocked by clk)
Path Group: clk
Path Type: max

Fanout         Cap        Slew       Delay        Time   Description
---------------------------------------------------------------------------------------------
                                  0.000000    0.000000   clock clk (rise edge)
                                  0.000000    0.000000   clock source latency
     1    0.046960    0.061870    0.044148    0.044148 ^ clk (in)
                                                         clk (net)
                      0.063388    0.000000    0.044148 ^ clkbuf_0_clk/A (sg13g2_buf_16)
     4    0.091043    0.036729    0.097358    0.141506 ^ clkbuf_0_clk/X (sg13g2_buf_16)
                                                         clknet_0_clk (net)
                      0.038920    0.007063    0.148569 ^ clkbuf_2_1__f_clk/A (sg13g2_buf_16)
     6    0.033935    0.023037    0.075691    0.224260 ^ clkbuf_2_1__f_clk/X (sg13g2_buf_16)
                                                         clknet_2_1__leaf_clk (net)
                      0.023057    0.001428    0.225688 ^ _098_/CLK (sg13g2_dfrbpq_1)
     2    0.016376    0.074418    0.212803    0.438491 ^ _098_/Q (sg13g2_dfrbpq_1)
                                                         net9 (net)
                      0.074439    0.001273    0.439764 ^ output9/A (sg13g2_buf_1)
     1    0.007832    0.042160    0.098251    0.538015 ^ output9/X (sg13g2_buf_1)
                                                         dout[2] (net)
                      0.042160    0.000227    0.538242 ^ dout[2] (out)
                                              0.538242   data arrival time

                                 20.000000   20.000000   clock clk (rise edge)
                                  0.000000   20.000000   clock network delay (propagated)
                                 -0.250000   19.750002   clock uncertainty
                                  0.000000   19.750002   clock reconvergence pessimism
                                 -4.000000   15.750001   output external delay
                                             15.750001   data required time
---------------------------------------------------------------------------------------------
                                             15.750001   data required time
                                             -0.538242   data arrival time
---------------------------------------------------------------------------------------------
                                             15.211760   slack (MET)


Startpoint: done_in (input port clocked by clk)
Endpoint: _106_ (rising edge-triggered flip-flop clocked by clk)
Path Group: clk
Path Type: max

Fanout         Cap        Slew       Delay        Time   Description
---------------------------------------------------------------------------------------------
                                  0.000000    0.000000   clock clk (rise edge)
                                  0.000000    0.000000   clock network delay (propagated)
                                  4.000000    4.000000 ^ input external delay
     1    0.003218    0.020425    0.002871    4.002872 ^ done_in (in)
                                                         done_in (net)
                      0.020425    0.000000    4.002872 ^ input2/A (sg13g2_buf_1)
     2    0.025484    0.110071    0.126140    4.129012 ^ input2/X (sg13g2_buf_1)
                                                         net2 (net)
                      0.110239    0.003681    4.132693 ^ fanout24/A (sg13g2_buf_1)
     5    0.053307    0.222092    0.244190    4.376883 ^ fanout24/X (sg13g2_buf_1)
                                                         net24 (net)
                      0.222246    0.005094    4.381977 ^ _070_/S (sg13g2_mux2_1)
     1    0.002519    0.034706    0.217551    4.599527 v _070_/X (sg13g2_mux2_1)
                                                         _028_ (net)
                      0.034706    0.000103    4.599630 v _106_/D (sg13g2_dfrbpq_1)
                                              4.599630   data arrival time

                                 20.000000   20.000000   clock clk (rise edge)
                                  0.000000   20.000000   clock source latency
     1    0.044287    0.059105    0.037716   20.037716 ^ clk (in)
                                                         clk (net)
                      0.060454    0.000000   20.037716 ^ clkbuf_0_clk/A (sg13g2_buf_16)
     4    0.080352    0.033942    0.085235   20.122952 ^ clkbuf_0_clk/X (sg13g2_buf_16)
                                                         clknet_0_clk (net)
                      0.035474    0.004993   20.127945 ^ clkbuf_2_3__f_clk/A (sg13g2_buf_16)
     6    0.026024    0.021109    0.065349   20.193293 ^ clkbuf_2_3__f_clk/X (sg13g2_buf_16)
                                                         clknet_2_3__leaf_clk (net)
                      0.021182    0.002078   20.195372 ^ _106_/CLK (sg13g2_dfrbpq_1)
                                 -0.250000   19.945372   clock uncertainty
                                  0.000000   19.945372   clock reconvergence pessimism
                                 -0.117621   19.827751   library setup time
                                             19.827751   data required time
---------------------------------------------------------------------------------------------
                                             19.827751   data required time
                                             -4.599630   data arrival time
---------------------------------------------------------------------------------------------
                                             15.228122   slack (MET)


Startpoint: _107_ (rising edge-triggered flip-flop clocked by clk)
Endpoint: dout[11] (output port clocked by clk)
Path Group: clk
Path Type: max

Fanout         Cap        Slew       Delay        Time   Description
---------------------------------------------------------------------------------------------
                                  0.000000    0.000000   clock clk (rise edge)
                                  0.000000    0.000000   clock source latency
     1    0.046960    0.061870    0.044148    0.044148 ^ clk (in)
                                                         clk (net)
                      0.063388    0.000000    0.044148 ^ clkbuf_0_clk/A (sg13g2_buf_16)
     4    0.091043    0.036729    0.097358    0.141506 ^ clkbuf_0_clk/X (sg13g2_buf_16)
                                                         clknet_0_clk (net)
                      0.038525    0.006279    0.147785 ^ clkbuf_2_3__f_clk/A (sg13g2_buf_16)
     6    0.028708    0.021858    0.074276    0.222061 ^ clkbuf_2_3__f_clk/X (sg13g2_buf_16)
                                                         clknet_2_3__leaf_clk (net)
                      0.021971    0.002716    0.224777 ^ _107_/CLK (sg13g2_dfrbpq_1)
     2    0.013044    0.061725    0.202356    0.427133 ^ _107_/Q (sg13g2_dfrbpq_1)
                                                         net7 (net)
                      0.061732    0.000731    0.427864 ^ output7/A (sg13g2_buf_1)
     1    0.007821    0.041744    0.092493    0.520357 ^ output7/X (sg13g2_buf_1)
                                                         dout[11] (net)
                      0.041745    0.000227    0.520583 ^ dout[11] (out)
                                              0.520583   data arrival time

                                 20.000000   20.000000   clock clk (rise edge)
                                  0.000000   20.000000   clock network delay (propagated)
                                 -0.250000   19.750002   clock uncertainty
                                  0.000000   19.750002   clock reconvergence pessimism
                                 -4.000000   15.750001   output external delay
                                             15.750001   data required time
---------------------------------------------------------------------------------------------
                                             15.750001   data required time
                                             -0.520583   data arrival time
---------------------------------------------------------------------------------------------
                                             15.229418   slack (MET)


Startpoint: _099_ (rising edge-triggered flip-flop clocked by clk)
Endpoint: dout[3] (output port clocked by clk)
Path Group: clk
Path Type: max

Fanout         Cap        Slew       Delay        Time   Description
---------------------------------------------------------------------------------------------
                                  0.000000    0.000000   clock clk (rise edge)
                                  0.000000    0.000000   clock source latency
     1    0.046960    0.061870    0.044148    0.044148 ^ clk (in)
                                                         clk (net)
                      0.063388    0.000000    0.044148 ^ clkbuf_0_clk/A (sg13g2_buf_16)
     4    0.091043    0.036729    0.097358    0.141506 ^ clkbuf_0_clk/X (sg13g2_buf_16)
                                                         clknet_0_clk (net)
                      0.038920    0.007063    0.148569 ^ clkbuf_2_1__f_clk/A (sg13g2_buf_16)
     6    0.033935    0.023037    0.075691    0.224260 ^ clkbuf_2_1__f_clk/X (sg13g2_buf_16)
                                                         clknet_2_1__leaf_clk (net)
                      0.023053    0.001305    0.225565 ^ _099_/CLK (sg13g2_dfrbpq_1)
     2    0.011917    0.057284    0.199386    0.424951 ^ _099_/Q (sg13g2_dfrbpq_1)
                                                         net10 (net)
                      0.057295    0.000820    0.425771 ^ output10/A (sg13g2_buf_1)
     1    0.007773    0.041429    0.090346    0.516116 ^ output10/X (sg13g2_buf_1)
                                                         dout[3] (net)
                      0.041429    0.000223    0.516339 ^ dout[3] (out)
                                              0.516339   data arrival time

                                 20.000000   20.000000   clock clk (rise edge)
                                  0.000000   20.000000   clock network delay (propagated)
                                 -0.250000   19.750002   clock uncertainty
                                  0.000000   19.750002   clock reconvergence pessimism
                                 -4.000000   15.750001   output external delay
                                             15.750001   data required time
---------------------------------------------------------------------------------------------
                                             15.750001   data required time
                                             -0.516339   data arrival time
---------------------------------------------------------------------------------------------
                                             15.233662   slack (MET)


Startpoint: reset (input port clocked by clk)
Endpoint: _105_ (recovery check against rising-edge clock clk)
Path Group: asynchronous
Path Type: max

Fanout         Cap        Slew       Delay        Time   Description
---------------------------------------------------------------------------------------------
                                  0.000000    0.000000   clock clk (rise edge)
                                  0.000000    0.000000   clock network delay (propagated)
                                  4.000000    4.000000 v input external delay
     1    0.003955    0.017871    0.002958    4.002958 v reset (in)
                                                         reset (net)
                      0.017871    0.000000    4.002958 v input3/A (sg13g2_buf_1)
     1    0.016529    0.059330    0.094113    4.097071 v input3/X (sg13g2_buf_1)
                                                         net3 (net)
                      0.059428    0.001869    4.098940 v fanout22/A (sg13g2_buf_1)
     4    0.038702    0.125274    0.166147    4.265087 v fanout22/X (sg13g2_buf_1)
                                                         net22 (net)
                      0.125346    0.001799    4.266886 v fanout21/A (sg13g2_buf_1)
     8    0.047126    0.150485    0.211305    4.478191 v fanout21/X (sg13g2_buf_1)
                                                         net21 (net)
                      0.150514    0.002153    4.480344 v _077_/A (sg13g2_inv_1)
     1    0.008944    0.066183    0.087313    4.567657 ^ _077_/Y (sg13g2_inv_1)
                                                         _003_ (net)
                      0.066192    0.000684    4.568341 ^ _105_/RESET_B (sg13g2_dfrbpq_1)
                                              4.568341   data arrival time

                                 20.000000   20.000000   clock clk (rise edge)
                                  0.000000   20.000000   clock source latency
     1    0.044287    0.059105    0.037716   20.037716 ^ clk (in)
                                                         clk (net)
                      0.060454    0.000000   20.037716 ^ clkbuf_0_clk/A (sg13g2_buf_16)
     4    0.080352    0.033942    0.085235   20.122952 ^ clkbuf_0_clk/X (sg13g2_buf_16)
                                                         clknet_0_clk (net)
                      0.035474    0.004993   20.127945 ^ clkbuf_2_3__f_clk/A (sg13g2_buf_16)
     6    0.026024    0.021109    0.065349   20.193293 ^ clkbuf_2_3__f_clk/X (sg13g2_buf_16)
                                                         clknet_2_3__leaf_clk (net)
                      0.021141    0.001444   20.194736 ^ _105_/CLK (sg13g2_dfrbpq_1)
                                 -0.250000   19.944738   clock uncertainty
                                  0.000000   19.944738   clock reconvergence pessimism
                                 -0.134222   19.810516   library recovery time
                                             19.810516   data required time
---------------------------------------------------------------------------------------------
                                             19.810516   data required time
                                             -4.568341   data arrival time
---------------------------------------------------------------------------------------------
                                             15.242176   slack (MET)


Startpoint: reset (input port clocked by clk)
Endpoint: _107_ (recovery check against rising-edge clock clk)
Path Group: asynchronous
Path Type: max

Fanout         Cap        Slew       Delay        Time   Description
---------------------------------------------------------------------------------------------
                                  0.000000    0.000000   clock clk (rise edge)
                                  0.000000    0.000000   clock network delay (propagated)
                                  4.000000    4.000000 v input external delay
     1    0.003955    0.017871    0.002958    4.002958 v reset (in)
                                                         reset (net)
                      0.017871    0.000000    4.002958 v input3/A (sg13g2_buf_1)
     1    0.016529    0.059330    0.094113    4.097071 v input3/X (sg13g2_buf_1)
                                                         net3 (net)
                      0.059428    0.001869    4.098940 v fanout22/A (sg13g2_buf_1)
     4    0.038702    0.125274    0.166147    4.265087 v fanout22/X (sg13g2_buf_1)
                                                         net22 (net)
                      0.125346    0.001799    4.266886 v fanout21/A (sg13g2_buf_1)
     8    0.047126    0.150485    0.211305    4.478191 v fanout21/X (sg13g2_buf_1)
                                                         net21 (net)
                      0.150516    0.002191    4.480382 v _079_/A (sg13g2_inv_1)
     1    0.007845    0.061601    0.082008    4.562390 ^ _079_/Y (sg13g2_inv_1)
                                                         _005_ (net)
                      0.061610    0.000611    4.563001 ^ _107_/RESET_B (sg13g2_dfrbpq_1)
                                              4.563001   data arrival time

                                 20.000000   20.000000   clock clk (rise edge)
                                  0.000000   20.000000   clock source latency
     1    0.044287    0.059105    0.037716   20.037716 ^ clk (in)
                                                         clk (net)
                      0.060454    0.000000   20.037716 ^ clkbuf_0_clk/A (sg13g2_buf_16)
     4    0.080352    0.033942    0.085235   20.122952 ^ clkbuf_0_clk/X (sg13g2_buf_16)
                                                         clknet_0_clk (net)
                      0.035474    0.004993   20.127945 ^ clkbuf_2_3__f_clk/A (sg13g2_buf_16)
     6    0.026024    0.021109    0.065349   20.193293 ^ clkbuf_2_3__f_clk/X (sg13g2_buf_16)
                                                         clknet_2_3__leaf_clk (net)
                      0.021201    0.002228   20.195520 ^ _107_/CLK (sg13g2_dfrbpq_1)
                                 -0.250000   19.945520   clock uncertainty
                                  0.000000   19.945520   clock reconvergence pessimism
                                 -0.132792   19.812729   library recovery time
                                             19.812729   data required time
---------------------------------------------------------------------------------------------
                                             19.812729   data required time
                                             -4.563001   data arrival time
---------------------------------------------------------------------------------------------
                                             15.249729   slack (MET)


Startpoint: reset (input port clocked by clk)
Endpoint: _117_ (recovery check against rising-edge clock clk)
Path Group: asynchronous
Path Type: max

Fanout         Cap        Slew       Delay        Time   Description
---------------------------------------------------------------------------------------------
                                  0.000000    0.000000   clock clk (rise edge)
                                  0.000000    0.000000   clock network delay (propagated)
                                  4.000000    4.000000 v input external delay
     1    0.003955    0.017871    0.002958    4.002958 v reset (in)
                                                         reset (net)
                      0.017871    0.000000    4.002958 v input3/A (sg13g2_buf_1)
     1    0.016529    0.059330    0.094113    4.097071 v input3/X (sg13g2_buf_1)
                                                         net3 (net)
                      0.059428    0.001869    4.098940 v fanout22/A (sg13g2_buf_1)
     4    0.038702    0.125274    0.166147    4.265087 v fanout22/X (sg13g2_buf_1)
                                                         net22 (net)
                      0.125346    0.001799    4.266886 v fanout21/A (sg13g2_buf_1)
     8    0.047126    0.150485    0.211305    4.478191 v fanout21/X (sg13g2_buf_1)
                                                         net21 (net)
                      0.150587    0.002680    4.480871 v _089_/A (sg13g2_inv_1)
     1    0.006828    0.057458    0.077219    4.558090 ^ _089_/Y (sg13g2_inv_1)
                                                         _015_ (net)
                      0.057458    0.000294    4.558384 ^ _117_/RESET_B (sg13g2_dfrbpq_1)
                                              4.558384   data arrival time

                                 20.000000   20.000000   clock clk (rise edge)
                                  0.000000   20.000000   clock source latency
     1    0.044287    0.059105    0.037716   20.037716 ^ clk (in)
                                                         clk (net)
                      0.060454    0.000000   20.037716 ^ clkbuf_0_clk/A (sg13g2_buf_16)
     4    0.080352    0.033942    0.085235   20.122952 ^ clkbuf_0_clk/X (sg13g2_buf_16)
                                                         clknet_0_clk (net)
                      0.035474    0.004993   20.127945 ^ clkbuf_2_3__f_clk/A (sg13g2_buf_16)
     6    0.026024    0.021109    0.065349   20.193293 ^ clkbuf_2_3__f_clk/X (sg13g2_buf_16)
                                                         clknet_2_3__leaf_clk (net)
                      0.021109    0.000121   20.193415 ^ _117_/CLK (sg13g2_dfrbpq_1)
                                 -0.250000   19.943415   clock uncertainty
                                  0.000000   19.943415   clock reconvergence pessimism
                                 -0.131517   19.811897   library recovery time
                                             19.811897   data required time
---------------------------------------------------------------------------------------------
                                             19.811897   data required time
                                             -4.558384   data arrival time
---------------------------------------------------------------------------------------------
                                             15.253512   slack (MET)


Startpoint: _101_ (rising edge-triggered flip-flop clocked by clk)
Endpoint: dout[5] (output port clocked by clk)
Path Group: clk
Path Type: max

Fanout         Cap        Slew       Delay        Time   Description
---------------------------------------------------------------------------------------------
                                  0.000000    0.000000   clock clk (rise edge)
                                  0.000000    0.000000   clock source latency
     1    0.046960    0.061870    0.044148    0.044148 ^ clk (in)
                                                         clk (net)
                      0.063388    0.000000    0.044148 ^ clkbuf_0_clk/A (sg13g2_buf_16)
     4    0.091043    0.036729    0.097358    0.141506 ^ clkbuf_0_clk/X (sg13g2_buf_16)
                                                         clknet_0_clk (net)
                      0.038920    0.007063    0.148569 ^ clkbuf_2_1__f_clk/A (sg13g2_buf_16)
     6    0.033935    0.023037    0.075691    0.224260 ^ clkbuf_2_1__f_clk/X (sg13g2_buf_16)
                                                         clknet_2_1__leaf_clk (net)
                      0.023043    0.000837    0.225098 ^ _101_/CLK (sg13g2_dfrbpq_1)
     2    0.006727    0.037668    0.183709    0.408807 ^ _101_/Q (sg13g2_dfrbpq_1)
                                                         net12 (net)
                      0.037695    0.000472    0.409279 ^ output12/A (sg13g2_buf_1)
     1    0.009179    0.046301    0.085814    0.495093 ^ output12/X (sg13g2_buf_1)
                                                         dout[5] (net)
                      0.046301    0.000293    0.495386 ^ dout[5] (out)
                                              0.495386   data arrival time

                                 20.000000   20.000000   clock clk (rise edge)
                                  0.000000   20.000000   clock network delay (propagated)
                                 -0.250000   19.750002   clock uncertainty
                                  0.000000   19.750002   clock reconvergence pessimism
                                 -4.000000   15.750001   output external delay
                                             15.750001   data required time
---------------------------------------------------------------------------------------------
                                             15.750001   data required time
                                             -0.495386   data arrival time
---------------------------------------------------------------------------------------------
                                             15.254614   slack (MET)


Startpoint: reset (input port clocked by clk)
Endpoint: _115_ (recovery check against rising-edge clock clk)
Path Group: asynchronous
Path Type: max

Fanout         Cap        Slew       Delay        Time   Description
---------------------------------------------------------------------------------------------
                                  0.000000    0.000000   clock clk (rise edge)
                                  0.000000    0.000000   clock network delay (propagated)
                                  4.000000    4.000000 v input external delay
     1    0.003955    0.017871    0.002958    4.002958 v reset (in)
                                                         reset (net)
                      0.017871    0.000000    4.002958 v input3/A (sg13g2_buf_1)
     1    0.016529    0.059330    0.094113    4.097071 v input3/X (sg13g2_buf_1)
                                                         net3 (net)
                      0.059428    0.001869    4.098940 v fanout22/A (sg13g2_buf_1)
     4    0.038702    0.125274    0.166147    4.265087 v fanout22/X (sg13g2_buf_1)
                                                         net22 (net)
                      0.125346    0.001799    4.266886 v fanout21/A (sg13g2_buf_1)
     8    0.047126    0.150485    0.211305    4.478191 v fanout21/X (sg13g2_buf_1)
                                                         net21 (net)
                      0.150629    0.003456    4.481647 v _087_/A (sg13g2_inv_1)
     1    0.007083    0.058467    0.078465    4.560112 ^ _087_/Y (sg13g2_inv_1)
                                                         _013_ (net)
                      0.058468    0.000310    4.560422 ^ _115_/RESET_B (sg13g2_dfrbpq_1)
                                              4.560422   data arrival time

                                 20.000000   20.000000   clock clk (rise edge)
                                  0.000000   20.000000   clock source latency
     1    0.044287    0.059105    0.037716   20.037716 ^ clk (in)
                                                         clk (net)
                      0.060454    0.000000   20.037716 ^ clkbuf_0_clk/A (sg13g2_buf_16)
     4    0.080352    0.033942    0.085235   20.122952 ^ clkbuf_0_clk/X (sg13g2_buf_16)
                                                         clknet_0_clk (net)
                      0.035331    0.004693   20.127644 ^ clkbuf_2_2__f_clk/A (sg13g2_buf_16)
     6    0.038260    0.023822    0.067415   20.195059 ^ clkbuf_2_2__f_clk/X (sg13g2_buf_16)
                                                         clknet_2_2__leaf_clk (net)
                      0.023897    0.002151   20.197210 ^ _115_/CLK (sg13g2_dfrbpq_1)
                                 -0.250000   19.947210   clock uncertainty
                                  0.000000   19.947210   clock reconvergence pessimism
                                 -0.131434   19.815777   library recovery time
                                             19.815777   data required time
---------------------------------------------------------------------------------------------
                                             19.815777   data required time
                                             -4.560422   data arrival time
---------------------------------------------------------------------------------------------
                                             15.255353   slack (MET)


Startpoint: reset (input port clocked by clk)
Endpoint: _106_ (recovery check against rising-edge clock clk)
Path Group: asynchronous
Path Type: max

Fanout         Cap        Slew       Delay        Time   Description
---------------------------------------------------------------------------------------------
                                  0.000000    0.000000   clock clk (rise edge)
                                  0.000000    0.000000   clock network delay (propagated)
                                  4.000000    4.000000 v input external delay
     1    0.003955    0.017871    0.002958    4.002958 v reset (in)
                                                         reset (net)
                      0.017871    0.000000    4.002958 v input3/A (sg13g2_buf_1)
     1    0.016529    0.059330    0.094113    4.097071 v input3/X (sg13g2_buf_1)
                                                         net3 (net)
                      0.059428    0.001869    4.098940 v fanout22/A (sg13g2_buf_1)
     4    0.038702    0.125274    0.166147    4.265087 v fanout22/X (sg13g2_buf_1)
                                                         net22 (net)
                      0.125346    0.001799    4.266886 v fanout21/A (sg13g2_buf_1)
     8    0.047126    0.150485    0.211305    4.478191 v fanout21/X (sg13g2_buf_1)
                                                         net21 (net)
                      0.150516    0.002198    4.480389 v _078_/A (sg13g2_inv_1)
     1    0.006659    0.056793    0.076381    4.556770 ^ _078_/Y (sg13g2_inv_1)
                                                         _004_ (net)
                      0.056794    0.000288    4.557057 ^ _106_/RESET_B (sg13g2_dfrbpq_1)
                                              4.557057   data arrival time

                                 20.000000   20.000000   clock clk (rise edge)
                                  0.000000   20.000000   clock source latency
     1    0.044287    0.059105    0.037716   20.037716 ^ clk (in)
                                                         clk (net)
                      0.060454    0.000000   20.037716 ^ clkbuf_0_clk/A (sg13g2_buf_16)
     4    0.080352    0.033942    0.085235   20.122952 ^ clkbuf_0_clk/X (sg13g2_buf_16)
                                                         clknet_0_clk (net)
                      0.035474    0.004993   20.127945 ^ clkbuf_2_3__f_clk/A (sg13g2_buf_16)
     6    0.026024    0.021109    0.065349   20.193293 ^ clkbuf_2_3__f_clk/X (sg13g2_buf_16)
                                                         clknet_2_3__leaf_clk (net)
                      0.021182    0.002078   20.195372 ^ _106_/CLK (sg13g2_dfrbpq_1)
                                 -0.250000   19.945372   clock uncertainty
                                  0.000000   19.945372   clock reconvergence pessimism
                                 -0.131301   19.814072   library recovery time
                                             19.814072   data required time
---------------------------------------------------------------------------------------------
                                             19.814072   data required time
                                             -4.557057   data arrival time
---------------------------------------------------------------------------------------------
                                             15.257014   slack (MET)


Startpoint: _104_ (rising edge-triggered flip-flop clocked by clk)
Endpoint: dout[8] (output port clocked by clk)
Path Group: clk
Path Type: max

Fanout         Cap        Slew       Delay        Time   Description
---------------------------------------------------------------------------------------------
                                  0.000000    0.000000   clock clk (rise edge)
                                  0.000000    0.000000   clock source latency
     1    0.046960    0.061870    0.044148    0.044148 ^ clk (in)
                                                         clk (net)
                      0.063388    0.000000    0.044148 ^ clkbuf_0_clk/A (sg13g2_buf_16)
     4    0.091043    0.036729    0.097358    0.141506 ^ clkbuf_0_clk/X (sg13g2_buf_16)
                                                         clknet_0_clk (net)
                      0.038347    0.005899    0.147405 ^ clkbuf_2_2__f_clk/A (sg13g2_buf_16)
     6    0.040944    0.024549    0.076543    0.223948 ^ clkbuf_2_2__f_clk/X (sg13g2_buf_16)
                                                         clknet_2_2__leaf_clk (net)
                      0.024561    0.001126    0.225074 ^ _104_/CLK (sg13g2_dfrbpq_1)
     2    0.006668    0.037461    0.184350    0.409424 ^ _104_/Q (sg13g2_dfrbpq_1)
                                                         net15 (net)
                      0.037486    0.000388    0.409812 ^ output15/A (sg13g2_buf_1)
     1    0.008086    0.042054    0.082378    0.492190 ^ output15/X (sg13g2_buf_1)
                                                         dout[8] (net)
                      0.042054    0.000238    0.492428 ^ dout[8] (out)
                                              0.492428   data arrival time

                                 20.000000   20.000000   clock clk (rise edge)
                                  0.000000   20.000000   clock network delay (propagated)
                                 -0.250000   19.750002   clock uncertainty
                                  0.000000   19.750002   clock reconvergence pessimism
                                 -4.000000   15.750001   output external delay
                                             15.750001   data required time
---------------------------------------------------------------------------------------------
                                             15.750001   data required time
                                             -0.492428   data arrival time
---------------------------------------------------------------------------------------------
                                             15.257573   slack (MET)


Startpoint: reset (input port clocked by clk)
Endpoint: _104_ (recovery check against rising-edge clock clk)
Path Group: asynchronous
Path Type: max

Fanout         Cap        Slew       Delay        Time   Description
---------------------------------------------------------------------------------------------
                                  0.000000    0.000000   clock clk (rise edge)
                                  0.000000    0.000000   clock network delay (propagated)
                                  4.000000    4.000000 v input external delay
     1    0.003955    0.017871    0.002958    4.002958 v reset (in)
                                                         reset (net)
                      0.017871    0.000000    4.002958 v input3/A (sg13g2_buf_1)
     1    0.016529    0.059330    0.094113    4.097071 v input3/X (sg13g2_buf_1)
                                                         net3 (net)
                      0.059428    0.001869    4.098940 v fanout22/A (sg13g2_buf_1)
     4    0.038702    0.125274    0.166147    4.265087 v fanout22/X (sg13g2_buf_1)
                                                         net22 (net)
                      0.125346    0.001799    4.266886 v fanout21/A (sg13g2_buf_1)
     8    0.047126    0.150485    0.211305    4.478191 v fanout21/X (sg13g2_buf_1)
                                                         net21 (net)
                      0.150596    0.002874    4.481065 v _076_/A (sg13g2_inv_1)
     1    0.006577    0.056492    0.076006    4.557071 ^ _076_/Y (sg13g2_inv_1)
                                                         _002_ (net)
                      0.056493    0.000284    4.557354 ^ _104_/RESET_B (sg13g2_dfrbpq_1)
                                              4.557354   data arrival time

                                 20.000000   20.000000   clock clk (rise edge)
                                  0.000000   20.000000   clock source latency
     1    0.044287    0.059105    0.037716   20.037716 ^ clk (in)
                                                         clk (net)
                      0.060454    0.000000   20.037716 ^ clkbuf_0_clk/A (sg13g2_buf_16)
     4    0.080352    0.033942    0.085235   20.122952 ^ clkbuf_0_clk/X (sg13g2_buf_16)
                                                         clknet_0_clk (net)
                      0.035331    0.004693   20.127644 ^ clkbuf_2_2__f_clk/A (sg13g2_buf_16)
     6    0.038260    0.023822    0.067415   20.195059 ^ clkbuf_2_2__f_clk/X (sg13g2_buf_16)
                                                         clknet_2_2__leaf_clk (net)
                      0.023833    0.000940   20.195999 ^ _104_/CLK (sg13g2_dfrbpq_1)
                                 -0.250000   19.945999   clock uncertainty
                                  0.000000   19.945999   clock reconvergence pessimism
                                 -0.130831   19.815168   library recovery time
                                             19.815168   data required time
---------------------------------------------------------------------------------------------
                                             19.815168   data required time
                                             -4.557354   data arrival time
---------------------------------------------------------------------------------------------
                                             15.257815   slack (MET)


Startpoint: reset (input port clocked by clk)
Endpoint: _116_ (recovery check against rising-edge clock clk)
Path Group: asynchronous
Path Type: max

Fanout         Cap        Slew       Delay        Time   Description
---------------------------------------------------------------------------------------------
                                  0.000000    0.000000   clock clk (rise edge)
                                  0.000000    0.000000   clock network delay (propagated)
                                  4.000000    4.000000 v input external delay
     1    0.003955    0.017871    0.002958    4.002958 v reset (in)
                                                         reset (net)
                      0.017871    0.000000    4.002958 v input3/A (sg13g2_buf_1)
     1    0.016529    0.059330    0.094113    4.097071 v input3/X (sg13g2_buf_1)
                                                         net3 (net)
                      0.059428    0.001869    4.098940 v fanout22/A (sg13g2_buf_1)
     4    0.038702    0.125274    0.166147    4.265087 v fanout22/X (sg13g2_buf_1)
                                                         net22 (net)
                      0.125346    0.001799    4.266886 v fanout21/A (sg13g2_buf_1)
     8    0.047126    0.150485    0.211305    4.478191 v fanout21/X (sg13g2_buf_1)
                                                         net21 (net)
                      0.150608    0.003091    4.481282 v _088_/A (sg13g2_inv_1)
     1    0.006392    0.055786    0.075108    4.556390 ^ _088_/Y (sg13g2_inv_1)
                                                         _014_ (net)
                      0.055786    0.000272    4.556662 ^ _116_/RESET_B (sg13g2_dfrbpq_1)
                                              4.556662   data arrival time

                                 20.000000   20.000000   clock clk (rise edge)
                                  0.000000   20.000000   clock source latency
     1    0.044287    0.059105    0.037716   20.037716 ^ clk (in)
                                                         clk (net)
                      0.060454    0.000000   20.037716 ^ clkbuf_0_clk/A (sg13g2_buf_16)
     4    0.080352    0.033942    0.085235   20.122952 ^ clkbuf_0_clk/X (sg13g2_buf_16)
                                                         clknet_0_clk (net)
                      0.035331    0.004693   20.127644 ^ clkbuf_2_2__f_clk/A (sg13g2_buf_16)
     6    0.038260    0.023822    0.067415   20.195059 ^ clkbuf_2_2__f_clk/X (sg13g2_buf_16)
                                                         clknet_2_2__leaf_clk (net)
                      0.023830    0.000830   20.195889 ^ _116_/CLK (sg13g2_dfrbpq_1)
                                 -0.250000   19.945889   clock uncertainty
                                  0.000000   19.945889   clock reconvergence pessimism
                                 -0.130612   19.815277   library recovery time
                                             19.815277   data required time
---------------------------------------------------------------------------------------------
                                             19.815277   data required time
                                             -4.556662   data arrival time
---------------------------------------------------------------------------------------------
                                             15.258615   slack (MET)


Startpoint: _106_ (rising edge-triggered flip-flop clocked by clk)
Endpoint: dout[10] (output port clocked by clk)
Path Group: clk
Path Type: max

Fanout         Cap        Slew       Delay        Time   Description
---------------------------------------------------------------------------------------------
                                  0.000000    0.000000   clock clk (rise edge)
                                  0.000000    0.000000   clock source latency
     1    0.046960    0.061870    0.044148    0.044148 ^ clk (in)
                                                         clk (net)
                      0.063388    0.000000    0.044148 ^ clkbuf_0_clk/A (sg13g2_buf_16)
     4    0.091043    0.036729    0.097358    0.141506 ^ clkbuf_0_clk/X (sg13g2_buf_16)
                                                         clknet_0_clk (net)
                      0.038525    0.006279    0.147785 ^ clkbuf_2_3__f_clk/A (sg13g2_buf_16)
     6    0.028708    0.021858    0.074276    0.222061 ^ clkbuf_2_3__f_clk/X (sg13g2_buf_16)
                                                         clknet_2_3__leaf_clk (net)
                      0.021953    0.002533    0.224594 ^ _106_/CLK (sg13g2_dfrbpq_1)
     2    0.006979    0.038625    0.183934    0.408528 ^ _106_/Q (sg13g2_dfrbpq_1)
                                                         net6 (net)
                      0.038630    0.000457    0.408985 ^ output6/A (sg13g2_buf_1)
     1    0.007823    0.041072    0.082088    0.491074 ^ output6/X (sg13g2_buf_1)
                                                         dout[10] (net)
                      0.041073    0.000227    0.491300 ^ dout[10] (out)
                                              0.491300   data arrival time

                                 20.000000   20.000000   clock clk (rise edge)
                                  0.000000   20.000000   clock network delay (propagated)
                                 -0.250000   19.750002   clock uncertainty
                                  0.000000   19.750002   clock reconvergence pessimism
                                 -4.000000   15.750001   output external delay
                                             15.750001   data required time
---------------------------------------------------------------------------------------------
                                             15.750001   data required time
                                             -0.491300   data arrival time
---------------------------------------------------------------------------------------------
                                             15.258699   slack (MET)


Startpoint: reset (input port clocked by clk)
Endpoint: _103_ (recovery check against rising-edge clock clk)
Path Group: asynchronous
Path Type: max

Fanout         Cap        Slew       Delay        Time   Description
---------------------------------------------------------------------------------------------
                                  0.000000    0.000000   clock clk (rise edge)
                                  0.000000    0.000000   clock network delay (propagated)
                                  4.000000    4.000000 v input external delay
     1    0.003955    0.017871    0.002958    4.002958 v reset (in)
                                                         reset (net)
                      0.017871    0.000000    4.002958 v input3/A (sg13g2_buf_1)
     1    0.016529    0.059330    0.094113    4.097071 v input3/X (sg13g2_buf_1)
                                                         net3 (net)
                      0.059428    0.001869    4.098940 v fanout22/A (sg13g2_buf_1)
     4    0.038702    0.125274    0.166147    4.265087 v fanout22/X (sg13g2_buf_1)
                                                         net22 (net)
                      0.125346    0.001799    4.266886 v fanout21/A (sg13g2_buf_1)
     8    0.047126    0.150485    0.211305    4.478191 v fanout21/X (sg13g2_buf_1)
                                                         net21 (net)
                      0.150621    0.003331    4.481522 v _075_/A (sg13g2_inv_1)
     1    0.006394    0.055797    0.075120    4.556642 ^ _075_/Y (sg13g2_inv_1)
                                                         _001_ (net)
                      0.055798    0.000274    4.556916 ^ _103_/RESET_B (sg13g2_dfrbpq_1)
                                              4.556916   data arrival time

                                 20.000000   20.000000   clock clk (rise edge)
                                  0.000000   20.000000   clock source latency
     1    0.044287    0.059105    0.037716   20.037716 ^ clk (in)
                                                         clk (net)
                      0.060454    0.000000   20.037716 ^ clkbuf_0_clk/A (sg13g2_buf_16)
     4    0.080352    0.033942    0.085235   20.122952 ^ clkbuf_0_clk/X (sg13g2_buf_16)
                                                         clknet_0_clk (net)
                      0.035331    0.004693   20.127644 ^ clkbuf_2_2__f_clk/A (sg13g2_buf_16)
     6    0.038260    0.023822    0.067415   20.195059 ^ clkbuf_2_2__f_clk/X (sg13g2_buf_16)
                                                         clknet_2_2__leaf_clk (net)
                      0.023878    0.001892   20.196951 ^ _103_/CLK (sg13g2_dfrbpq_1)
                                 -0.250000   19.946951   clock uncertainty
                                  0.000000   19.946951   clock reconvergence pessimism
                                 -0.130609   19.816343   library recovery time
                                             19.816343   data required time
---------------------------------------------------------------------------------------------
                                             19.816343   data required time
                                             -4.556916   data arrival time
---------------------------------------------------------------------------------------------
                                             15.259428   slack (MET)


Startpoint: _102_ (rising edge-triggered flip-flop clocked by clk)
Endpoint: dout[6] (output port clocked by clk)
Path Group: clk
Path Type: max

Fanout         Cap        Slew       Delay        Time   Description
---------------------------------------------------------------------------------------------
                                  0.000000    0.000000   clock clk (rise edge)
                                  0.000000    0.000000   clock source latency
     1    0.046960    0.061870    0.044148    0.044148 ^ clk (in)
                                                         clk (net)
                      0.063388    0.000000    0.044148 ^ clkbuf_0_clk/A (sg13g2_buf_16)
     4    0.091043    0.036729    0.097358    0.141506 ^ clkbuf_0_clk/X (sg13g2_buf_16)
                                                         clknet_0_clk (net)
                      0.038347    0.005899    0.147405 ^ clkbuf_2_2__f_clk/A (sg13g2_buf_16)
     6    0.040944    0.024549    0.076543    0.223948 ^ clkbuf_2_2__f_clk/X (sg13g2_buf_16)
                                                         clknet_2_2__leaf_clk (net)
                      0.024649    0.002685    0.226633 ^ _102_/CLK (sg13g2_dfrbpq_1)
     2    0.004994    0.031383    0.179328    0.405962 ^ _102_/Q (sg13g2_dfrbpq_1)
                                                         net13 (net)
                      0.031383    0.000288    0.406250 ^ output13/A (sg13g2_buf_1)
     1    0.008581    0.043800    0.081138    0.487387 ^ output13/X (sg13g2_buf_1)
                                                         dout[6] (net)
                      0.043801    0.000268    0.487655 ^ dout[6] (out)
                                              0.487655   data arrival time

                                 20.000000   20.000000   clock clk (rise edge)
                                  0.000000   20.000000   clock network delay (propagated)
                                 -0.250000   19.750002   clock uncertainty
                                  0.000000   19.750002   clock reconvergence pessimism
                                 -4.000000   15.750001   output external delay
                                             15.750001   data required time
---------------------------------------------------------------------------------------------
                                             15.750001   data required time
                                             -0.487655   data arrival time
---------------------------------------------------------------------------------------------
                                             15.262346   slack (MET)


Startpoint: _100_ (rising edge-triggered flip-flop clocked by clk)
Endpoint: dout[4] (output port clocked by clk)
Path Group: clk
Path Type: max

Fanout         Cap        Slew       Delay        Time   Description
---------------------------------------------------------------------------------------------
                                  0.000000    0.000000   clock clk (rise edge)
                                  0.000000    0.000000   clock source latency
     1    0.046960    0.061870    0.044148    0.044148 ^ clk (in)
                                                         clk (net)
                      0.063388    0.000000    0.044148 ^ clkbuf_0_clk/A (sg13g2_buf_16)
     4    0.091043    0.036729    0.097358    0.141506 ^ clkbuf_0_clk/X (sg13g2_buf_16)
                                                         clknet_0_clk (net)
                      0.038920    0.007063    0.148569 ^ clkbuf_2_1__f_clk/A (sg13g2_buf_16)
     6    0.033935    0.023037    0.075691    0.224260 ^ clkbuf_2_1__f_clk/X (sg13g2_buf_16)
                                                         clknet_2_1__leaf_clk (net)
                      0.023049    0.001122    0.225382 ^ _100_/CLK (sg13g2_dfrbpq_1)
     2    0.005251    0.032281    0.179263    0.404645 ^ _100_/Q (sg13g2_dfrbpq_1)
                                                         net11 (net)
                      0.032287    0.000346    0.404990 ^ output11/A (sg13g2_buf_1)
     1    0.008244    0.042452    0.080353    0.485344 ^ output11/X (sg13g2_buf_1)
                                                         dout[4] (net)
                      0.042459    0.000572    0.485916 ^ dout[4] (out)
                                              0.485916   data arrival time

                                 20.000000   20.000000   clock clk (rise edge)
                                  0.000000   20.000000   clock network delay (propagated)
                                 -0.250000   19.750002   clock uncertainty
                                  0.000000   19.750002   clock reconvergence pessimism
                                 -4.000000   15.750001   output external delay
                                             15.750001   data required time
---------------------------------------------------------------------------------------------
                                             15.750001   data required time
                                             -0.485916   data arrival time
---------------------------------------------------------------------------------------------
                                             15.264086   slack (MET)


Startpoint: _103_ (rising edge-triggered flip-flop clocked by clk)
Endpoint: dout[7] (output port clocked by clk)
Path Group: clk
Path Type: max

Fanout         Cap        Slew       Delay        Time   Description
---------------------------------------------------------------------------------------------
                                  0.000000    0.000000   clock clk (rise edge)
                                  0.000000    0.000000   clock source latency
     1    0.046960    0.061870    0.044148    0.044148 ^ clk (in)
                                                         clk (net)
                      0.063388    0.000000    0.044148 ^ clkbuf_0_clk/A (sg13g2_buf_16)
     4    0.091043    0.036729    0.097358    0.141506 ^ clkbuf_0_clk/X (sg13g2_buf_16)
                                                         clknet_0_clk (net)
                      0.038347    0.005899    0.147405 ^ clkbuf_2_2__f_clk/A (sg13g2_buf_16)
     6    0.040944    0.024549    0.076543    0.223948 ^ clkbuf_2_2__f_clk/X (sg13g2_buf_16)
                                                         clknet_2_2__leaf_clk (net)
                      0.024612    0.002236    0.226184 ^ _103_/CLK (sg13g2_dfrbpq_1)
     2    0.004795    0.030694    0.178750    0.404934 ^ _103_/Q (sg13g2_dfrbpq_1)
                                                         net14 (net)
                      0.030694    0.000113    0.405047 ^ output14/A (sg13g2_buf_1)
     1    0.008213    0.042353    0.079702    0.484749 ^ output14/X (sg13g2_buf_1)
                                                         dout[7] (net)
                      0.042353    0.000253    0.485002 ^ dout[7] (out)
                                              0.485002   data arrival time

                                 20.000000   20.000000   clock clk (rise edge)
                                  0.000000   20.000000   clock network delay (propagated)
                                 -0.250000   19.750002   clock uncertainty
                                  0.000000   19.750002   clock reconvergence pessimism
                                 -4.000000   15.750001   output external delay
                                             15.750001   data required time
---------------------------------------------------------------------------------------------
                                             15.750001   data required time
                                             -0.485002   data arrival time
---------------------------------------------------------------------------------------------
                                             15.264998   slack (MET)


Startpoint: _105_ (rising edge-triggered flip-flop clocked by clk)
Endpoint: dout[9] (output port clocked by clk)
Path Group: clk
Path Type: max

Fanout         Cap        Slew       Delay        Time   Description
---------------------------------------------------------------------------------------------
                                  0.000000    0.000000   clock clk (rise edge)
                                  0.000000    0.000000   clock source latency
     1    0.046960    0.061870    0.044148    0.044148 ^ clk (in)
                                                         clk (net)
                      0.063388    0.000000    0.044148 ^ clkbuf_0_clk/A (sg13g2_buf_16)
     4    0.091043    0.036729    0.097358    0.141506 ^ clkbuf_0_clk/X (sg13g2_buf_16)
                                                         clknet_0_clk (net)
                      0.038525    0.006279    0.147785 ^ clkbuf_2_3__f_clk/A (sg13g2_buf_16)
     6    0.028708    0.021858    0.074276    0.222061 ^ clkbuf_2_3__f_clk/X (sg13g2_buf_16)
                                                         clknet_2_3__leaf_clk (net)
                      0.021897    0.001764    0.223825 ^ _105_/CLK (sg13g2_dfrbpq_1)
     2    0.005318    0.032516    0.178878    0.402703 ^ _105_/Q (sg13g2_dfrbpq_1)
                                                         net16 (net)
                      0.032527    0.000342    0.403045 ^ output16/A (sg13g2_buf_1)
     1    0.007822    0.040889    0.079335    0.482380 ^ output16/X (sg13g2_buf_1)
                                                         dout[9] (net)
                      0.040889    0.000226    0.482606 ^ dout[9] (out)
                                              0.482606   data arrival time

                                 20.000000   20.000000   clock clk (rise edge)
                                  0.000000   20.000000   clock network delay (propagated)
                                 -0.250000   19.750002   clock uncertainty
                                  0.000000   19.750002   clock reconvergence pessimism
                                 -4.000000   15.750001   output external delay
                                             15.750001   data required time
---------------------------------------------------------------------------------------------
                                             15.750001   data required time
                                             -0.482606   data arrival time
---------------------------------------------------------------------------------------------
                                             15.267395   slack (MET)


Startpoint: reset (input port clocked by clk)
Endpoint: _100_ (recovery check against rising-edge clock clk)
Path Group: asynchronous
Path Type: max

Fanout         Cap        Slew       Delay        Time   Description
---------------------------------------------------------------------------------------------
                                  0.000000    0.000000   clock clk (rise edge)
                                  0.000000    0.000000   clock network delay (propagated)
                                  4.000000    4.000000 v input external delay
     1    0.003955    0.017871    0.002958    4.002958 v reset (in)
                                                         reset (net)
                      0.017871    0.000000    4.002958 v input3/A (sg13g2_buf_1)
     1    0.016529    0.059330    0.094113    4.097071 v input3/X (sg13g2_buf_1)
                                                         net3 (net)
                      0.059428    0.001869    4.098940 v fanout22/A (sg13g2_buf_1)
     4    0.038702    0.125274    0.166147    4.265087 v fanout22/X (sg13g2_buf_1)
                                                         net22 (net)
                      0.125426    0.003291    4.268377 v fanout20/A (sg13g2_buf_1)
     7    0.032993    0.108116    0.178891    4.447268 v fanout20/X (sg13g2_buf_1)
                                                         net20 (net)
                      0.108164    0.002214    4.449482 v _096_/A (sg13g2_inv_1)
     1    0.006894    0.050843    0.068246    4.517728 ^ _096_/Y (sg13g2_inv_1)
                                                         _022_ (net)
                      0.050872    0.000569    4.518297 ^ _100_/RESET_B (sg13g2_dfrbpq_1)
                                              4.518297   data arrival time

                                 20.000000   20.000000   clock clk (rise edge)
                                  0.000000   20.000000   clock source latency
     1    0.044287    0.059105    0.037716   20.037716 ^ clk (in)
                                                         clk (net)
                      0.060454    0.000000   20.037716 ^ clkbuf_0_clk/A (sg13g2_buf_16)
     4    0.080352    0.033942    0.085235   20.122952 ^ clkbuf_0_clk/X (sg13g2_buf_16)
                                                         clknet_0_clk (net)
                      0.035793    0.005617   20.128569 ^ clkbuf_2_1__f_clk/A (sg13g2_buf_16)
     6    0.031250    0.022290    0.066571   20.195139 ^ clkbuf_2_1__f_clk/X (sg13g2_buf_16)
                                                         clknet_2_1__leaf_clk (net)
                      0.022301    0.000924   20.196062 ^ _100_/CLK (sg13g2_dfrbpq_1)
                                 -0.250000   19.946064   clock uncertainty
                                  0.000000   19.946064   clock reconvergence pessimism
                                 -0.129305   19.816759   library recovery time
                                             19.816759   data required time
---------------------------------------------------------------------------------------------
                                             19.816759   data required time
                                             -4.518297   data arrival time
---------------------------------------------------------------------------------------------
                                             15.298462   slack (MET)


Startpoint: reset (input port clocked by clk)
Endpoint: _101_ (recovery check against rising-edge clock clk)
Path Group: asynchronous
Path Type: max

Fanout         Cap        Slew       Delay        Time   Description
---------------------------------------------------------------------------------------------
                                  0.000000    0.000000   clock clk (rise edge)
                                  0.000000    0.000000   clock network delay (propagated)
                                  4.000000    4.000000 v input external delay
     1    0.003955    0.017871    0.002958    4.002958 v reset (in)
                                                         reset (net)
                      0.017871    0.000000    4.002958 v input3/A (sg13g2_buf_1)
     1    0.016529    0.059330    0.094113    4.097071 v input3/X (sg13g2_buf_1)
                                                         net3 (net)
                      0.059428    0.001869    4.098940 v fanout22/A (sg13g2_buf_1)
     4    0.038702    0.125274    0.166147    4.265087 v fanout22/X (sg13g2_buf_1)
                                                         net22 (net)
                      0.125426    0.003291    4.268377 v fanout20/A (sg13g2_buf_1)
     7    0.032993    0.108116    0.178891    4.447268 v fanout20/X (sg13g2_buf_1)
                                                         net20 (net)
                      0.108155    0.002028    4.449296 v _097_/A (sg13g2_inv_1)
     1    0.006751    0.050314    0.067755    4.517051 ^ _097_/Y (sg13g2_inv_1)
                                                         _023_ (net)
                      0.050314    0.000294    4.517346 ^ _101_/RESET_B (sg13g2_dfrbpq_1)
                                              4.517346   data arrival time

                                 20.000000   20.000000   clock clk (rise edge)
                                  0.000000   20.000000   clock source latency
     1    0.044287    0.059105    0.037716   20.037716 ^ clk (in)
                                                         clk (net)
                      0.060454    0.000000   20.037716 ^ clkbuf_0_clk/A (sg13g2_buf_16)
     4    0.080352    0.033942    0.085235   20.122952 ^ clkbuf_0_clk/X (sg13g2_buf_16)
                                                         clknet_0_clk (net)
                      0.035793    0.005617   20.128569 ^ clkbuf_2_1__f_clk/A (sg13g2_buf_16)
     6    0.031250    0.022290    0.066571   20.195139 ^ clkbuf_2_1__f_clk/X (sg13g2_buf_16)
                                                         clknet_2_1__leaf_clk (net)
                      0.022296    0.000696   20.195835 ^ _101_/CLK (sg13g2_dfrbpq_1)
                                 -0.250000   19.945835   clock uncertainty
                                  0.000000   19.945835   clock reconvergence pessimism
                                 -0.129133   19.816704   library recovery time
                                             19.816704   data required time
---------------------------------------------------------------------------------------------
                                             19.816704   data required time
                                             -4.517346   data arrival time
---------------------------------------------------------------------------------------------
                                             15.299356   slack (MET)


Startpoint: reset (input port clocked by clk)
Endpoint: _114_ (recovery check against rising-edge clock clk)
Path Group: asynchronous
Path Type: max

Fanout         Cap        Slew       Delay        Time   Description
---------------------------------------------------------------------------------------------
                                  0.000000    0.000000   clock clk (rise edge)
                                  0.000000    0.000000   clock network delay (propagated)
                                  4.000000    4.000000 v input external delay
     1    0.003955    0.017871    0.002958    4.002958 v reset (in)
                                                         reset (net)
                      0.017871    0.000000    4.002958 v input3/A (sg13g2_buf_1)
     1    0.016529    0.059330    0.094113    4.097071 v input3/X (sg13g2_buf_1)
                                                         net3 (net)
                      0.059428    0.001869    4.098940 v fanout22/A (sg13g2_buf_1)
     4    0.038702    0.125274    0.166147    4.265087 v fanout22/X (sg13g2_buf_1)
                                                         net22 (net)
                      0.125426    0.003291    4.268377 v fanout20/A (sg13g2_buf_1)
     7    0.032993    0.108116    0.178891    4.447268 v fanout20/X (sg13g2_buf_1)
                                                         net20 (net)
                      0.108147    0.001824    4.449093 v _086_/A (sg13g2_inv_1)
     1    0.007020    0.051297    0.068789    4.517882 ^ _086_/Y (sg13g2_inv_1)
                                                         _012_ (net)
                      0.051326    0.000554    4.518436 ^ _114_/RESET_B (sg13g2_dfrbpq_1)
                                              4.518436   data arrival time

                                 20.000000   20.000000   clock clk (rise edge)
                                  0.000000   20.000000   clock source latency
     1    0.044287    0.059105    0.037716   20.037716 ^ clk (in)
                                                         clk (net)
                      0.060454    0.000000   20.037716 ^ clkbuf_0_clk/A (sg13g2_buf_16)
     4    0.080352    0.033942    0.085235   20.122952 ^ clkbuf_0_clk/X (sg13g2_buf_16)
                                                         clknet_0_clk (net)
                      0.035331    0.004693   20.127644 ^ clkbuf_2_2__f_clk/A (sg13g2_buf_16)
     6    0.038260    0.023822    0.067415   20.195059 ^ clkbuf_2_2__f_clk/X (sg13g2_buf_16)
                                                         clknet_2_2__leaf_clk (net)
                      0.023915    0.002354   20.197412 ^ _114_/CLK (sg13g2_dfrbpq_1)
                                 -0.250000   19.947412   clock uncertainty
                                  0.000000   19.947412   clock reconvergence pessimism
                                 -0.129217   19.818195   library recovery time
                                             19.818195   data required time
---------------------------------------------------------------------------------------------
                                             19.818195   data required time
                                             -4.518436   data arrival time
---------------------------------------------------------------------------------------------
                                             15.299760   slack (MET)


Startpoint: reset (input port clocked by clk)
Endpoint: _102_ (recovery check against rising-edge clock clk)
Path Group: asynchronous
Path Type: max

Fanout         Cap        Slew       Delay        Time   Description
---------------------------------------------------------------------------------------------
                                  0.000000    0.000000   clock clk (rise edge)
                                  0.000000    0.000000   clock network delay (propagated)
                                  4.000000    4.000000 v input external delay
     1    0.003955    0.017871    0.002958    4.002958 v reset (in)
                                                         reset (net)
                      0.017871    0.000000    4.002958 v input3/A (sg13g2_buf_1)
     1    0.016529    0.059330    0.094113    4.097071 v input3/X (sg13g2_buf_1)
                                                         net3 (net)
                      0.059428    0.001869    4.098940 v fanout22/A (sg13g2_buf_1)
     4    0.038702    0.125274    0.166147    4.265087 v fanout22/X (sg13g2_buf_1)
                                                         net22 (net)
                      0.125426    0.003291    4.268377 v fanout20/A (sg13g2_buf_1)
     7    0.032993    0.108116    0.178891    4.447268 v fanout20/X (sg13g2_buf_1)
                                                         net20 (net)
                      0.108120    0.000791    4.448060 v _049_/A (sg13g2_inv_1)
     1    0.007174    0.051866    0.069423    4.517482 ^ _049_/Y (sg13g2_inv_1)
                                                         _000_ (net)
                      0.051896    0.000580    4.518062 ^ _102_/RESET_B (sg13g2_dfrbpq_1)
                                              4.518062   data arrival time

                                 20.000000   20.000000   clock clk (rise edge)
                                  0.000000   20.000000   clock source latency
     1    0.044287    0.059105    0.037716   20.037716 ^ clk (in)
                                                         clk (net)
                      0.060454    0.000000   20.037716 ^ clkbuf_0_clk/A (sg13g2_buf_16)
     4    0.080352    0.033942    0.085235   20.122952 ^ clkbuf_0_clk/X (sg13g2_buf_16)
                                                         clknet_0_clk (net)
                      0.035331    0.004693   20.127644 ^ clkbuf_2_2__f_clk/A (sg13g2_buf_16)
     6    0.038260    0.023822    0.067415   20.195059 ^ clkbuf_2_2__f_clk/X (sg13g2_buf_16)
                                                         clknet_2_2__leaf_clk (net)
                      0.023908    0.002274   20.197332 ^ _102_/CLK (sg13g2_dfrbpq_1)
                                 -0.250000   19.947332   clock uncertainty
                                  0.000000   19.947332   clock reconvergence pessimism
                                 -0.129395   19.817938   library recovery time
                                             19.817938   data required time
---------------------------------------------------------------------------------------------
                                             19.817938   data required time
                                             -4.518062   data arrival time
---------------------------------------------------------------------------------------------
                                             15.299875   slack (MET)


Startpoint: reset (input port clocked by clk)
Endpoint: _113_ (recovery check against rising-edge clock clk)
Path Group: asynchronous
Path Type: max

Fanout         Cap        Slew       Delay        Time   Description
---------------------------------------------------------------------------------------------
                                  0.000000    0.000000   clock clk (rise edge)
                                  0.000000    0.000000   clock network delay (propagated)
                                  4.000000    4.000000 v input external delay
     1    0.003955    0.017871    0.002958    4.002958 v reset (in)
                                                         reset (net)
                      0.017871    0.000000    4.002958 v input3/A (sg13g2_buf_1)
     1    0.016529    0.059330    0.094113    4.097071 v input3/X (sg13g2_buf_1)
                                                         net3 (net)
                      0.059428    0.001869    4.098940 v fanout22/A (sg13g2_buf_1)
     4    0.038702    0.125274    0.166147    4.265087 v fanout22/X (sg13g2_buf_1)
                                                         net22 (net)
                      0.125426    0.003291    4.268377 v fanout20/A (sg13g2_buf_1)
     7    0.032993    0.108116    0.178891    4.447268 v fanout20/X (sg13g2_buf_1)
                                                         net20 (net)
                      0.108160    0.002137    4.449405 v _085_/A (sg13g2_inv_1)
     1    0.006313    0.048705    0.065906    4.515310 ^ _085_/Y (sg13g2_inv_1)
                                                         _011_ (net)
                      0.048706    0.000271    4.515582 ^ _113_/RESET_B (sg13g2_dfrbpq_1)
                                              4.515582   data arrival time

                                 20.000000   20.000000   clock clk (rise edge)
                                  0.000000   20.000000   clock source latency
     1    0.044287    0.059105    0.037716   20.037716 ^ clk (in)
                                                         clk (net)
                      0.060454    0.000000   20.037716 ^ clkbuf_0_clk/A (sg13g2_buf_16)
     4    0.080352    0.033942    0.085235   20.122952 ^ clkbuf_0_clk/X (sg13g2_buf_16)
                                                         clknet_0_clk (net)
                      0.035793    0.005617   20.128569 ^ clkbuf_2_1__f_clk/A (sg13g2_buf_16)
     6    0.031250    0.022290    0.066571   20.195139 ^ clkbuf_2_1__f_clk/X (sg13g2_buf_16)
                                                         clknet_2_1__leaf_clk (net)
                      0.022295    0.000599   20.195738 ^ _113_/CLK (sg13g2_dfrbpq_1)
                                 -0.250000   19.945738   clock uncertainty
                                  0.000000   19.945738   clock reconvergence pessimism
                                 -0.128634   19.817102   library recovery time
                                             19.817102   data required time
---------------------------------------------------------------------------------------------
                                             19.817102   data required time
                                             -4.515582   data arrival time
---------------------------------------------------------------------------------------------
                                             15.301522   slack (MET)


Startpoint: reset (input port clocked by clk)
Endpoint: _108_ (recovery check against rising-edge clock clk)
Path Group: asynchronous
Path Type: max

Fanout         Cap        Slew       Delay        Time   Description
---------------------------------------------------------------------------------------------
                                  0.000000    0.000000   clock clk (rise edge)
                                  0.000000    0.000000   clock network delay (propagated)
                                  4.000000    4.000000 v input external delay
     1    0.003955    0.017871    0.002958    4.002958 v reset (in)
                                                         reset (net)
                      0.017871    0.000000    4.002958 v input3/A (sg13g2_buf_1)
     1    0.016529    0.059330    0.094113    4.097071 v input3/X (sg13g2_buf_1)
                                                         net3 (net)
                      0.059428    0.001869    4.098940 v fanout22/A (sg13g2_buf_1)
     4    0.038702    0.125274    0.166147    4.265087 v fanout22/X (sg13g2_buf_1)
                                                         net22 (net)
                      0.125426    0.003291    4.268377 v fanout20/A (sg13g2_buf_1)
     7    0.032993    0.108116    0.178891    4.447268 v fanout20/X (sg13g2_buf_1)
                                                         net20 (net)
                      0.108154    0.001992    4.449261 v _080_/A (sg13g2_inv_1)
     1    0.006538    0.049543    0.066854    4.516115 ^ _080_/Y (sg13g2_inv_1)
                                                         _006_ (net)
                      0.049543    0.000279    4.516394 ^ _108_/RESET_B (sg13g2_dfrbpq_1)
                                              4.516394   data arrival time

                                 20.000000   20.000000   clock clk (rise edge)
                                  0.000000   20.000000   clock source latency
     1    0.044287    0.059105    0.037716   20.037716 ^ clk (in)
                                                         clk (net)
                      0.060454    0.000000   20.037716 ^ clkbuf_0_clk/A (sg13g2_buf_16)
     4    0.080352    0.033942    0.085235   20.122952 ^ clkbuf_0_clk/X (sg13g2_buf_16)
                                                         clknet_0_clk (net)
                      0.036206    0.006352   20.129303 ^ clkbuf_2_0__f_clk/A (sg13g2_buf_16)
     6    0.036796    0.023535    0.067546   20.196850 ^ clkbuf_2_0__f_clk/X (sg13g2_buf_16)
                                                         clknet_2_0__leaf_clk (net)
                      0.023613    0.002165   20.199015 ^ _108_/CLK (sg13g2_dfrbpq_1)
                                 -0.250000   19.949015   clock uncertainty
                                  0.000000   19.949015   clock reconvergence pessimism
                                 -0.128707   19.820309   library recovery time
                                             19.820309   data required time
---------------------------------------------------------------------------------------------
                                             19.820309   data required time
                                             -4.516394   data arrival time
---------------------------------------------------------------------------------------------
                                             15.303913   slack (MET)


Startpoint: reset (input port clocked by clk)
Endpoint: _118_ (recovery check against rising-edge clock clk)
Path Group: asynchronous
Path Type: max

Fanout         Cap        Slew       Delay        Time   Description
---------------------------------------------------------------------------------------------
                                  0.000000    0.000000   clock clk (rise edge)
                                  0.000000    0.000000   clock network delay (propagated)
                                  4.000000    4.000000 v input external delay
     1    0.003955    0.017871    0.002958    4.002958 v reset (in)
                                                         reset (net)
                      0.017871    0.000000    4.002958 v input3/A (sg13g2_buf_1)
     1    0.016529    0.059330    0.094113    4.097071 v input3/X (sg13g2_buf_1)
                                                         net3 (net)
                      0.059428    0.001869    4.098940 v fanout22/A (sg13g2_buf_1)
     4    0.038702    0.125274    0.166147    4.265087 v fanout22/X (sg13g2_buf_1)
                                                         net22 (net)
                      0.125346    0.001804    4.266891 v _090_/A (sg13g2_inv_1)
     1    0.006508    0.052187    0.070350    4.337241 ^ _090_/Y (sg13g2_inv_1)
                                                         _016_ (net)
                      0.052187    0.000281    4.337521 ^ _118_/RESET_B (sg13g2_dfrbpq_1)
                                              4.337521   data arrival time

                                 20.000000   20.000000   clock clk (rise edge)
                                  0.000000   20.000000   clock source latency
     1    0.044287    0.059105    0.037716   20.037716 ^ clk (in)
                                                         clk (net)
                      0.060454    0.000000   20.037716 ^ clkbuf_0_clk/A (sg13g2_buf_16)
     4    0.080352    0.033942    0.085235   20.122952 ^ clkbuf_0_clk/X (sg13g2_buf_16)
                                                         clknet_0_clk (net)
                      0.035474    0.004993   20.127945 ^ clkbuf_2_3__f_clk/A (sg13g2_buf_16)
     6    0.026024    0.021109    0.065349   20.193293 ^ clkbuf_2_3__f_clk/X (sg13g2_buf_16)
                                                         clknet_2_3__leaf_clk (net)
                      0.021144    0.001492   20.194784 ^ _118_/CLK (sg13g2_dfrbpq_1)
                                 -0.250000   19.944786   clock uncertainty
                                  0.000000   19.944786   clock reconvergence pessimism
                                 -0.129877   19.814909   library recovery time
                                             19.814909   data required time
---------------------------------------------------------------------------------------------
                                             19.814909   data required time
                                             -4.337521   data arrival time
---------------------------------------------------------------------------------------------
                                             15.477388   slack (MET)


Startpoint: reset (input port clocked by clk)
Endpoint: _119_ (recovery check against rising-edge clock clk)
Path Group: asynchronous
Path Type: max

Fanout         Cap        Slew       Delay        Time   Description
---------------------------------------------------------------------------------------------
                                  0.000000    0.000000   clock clk (rise edge)
                                  0.000000    0.000000   clock network delay (propagated)
                                  4.000000    4.000000 v input external delay
     1    0.003955    0.017871    0.002958    4.002958 v reset (in)
                                                         reset (net)
                      0.017871    0.000000    4.002958 v input3/A (sg13g2_buf_1)
     1    0.016529    0.059330    0.094113    4.097071 v input3/X (sg13g2_buf_1)
                                                         net3 (net)
                      0.059428    0.001869    4.098940 v fanout22/A (sg13g2_buf_1)
     4    0.038702    0.125274    0.166147    4.265087 v fanout22/X (sg13g2_buf_1)
                                                         net22 (net)
                      0.125349    0.001875    4.266962 v _091_/A (sg13g2_inv_1)
     1    0.006413    0.051835    0.069924    4.336885 ^ _091_/Y (sg13g2_inv_1)
                                                         _017_ (net)
                      0.051836    0.000274    4.337159 ^ _119_/RESET_B (sg13g2_dfrbpq_1)
                                              4.337159   data arrival time

                                 20.000000   20.000000   clock clk (rise edge)
                                  0.000000   20.000000   clock source latency
     1    0.044287    0.059105    0.037716   20.037716 ^ clk (in)
                                                         clk (net)
                      0.060454    0.000000   20.037716 ^ clkbuf_0_clk/A (sg13g2_buf_16)
     4    0.080352    0.033942    0.085235   20.122952 ^ clkbuf_0_clk/X (sg13g2_buf_16)
                                                         clknet_0_clk (net)
                      0.035474    0.004993   20.127945 ^ clkbuf_2_3__f_clk/A (sg13g2_buf_16)
     6    0.026024    0.021109    0.065349   20.193293 ^ clkbuf_2_3__f_clk/X (sg13g2_buf_16)
                                                         clknet_2_3__leaf_clk (net)
                      0.021170    0.001929   20.195223 ^ _119_/CLK (sg13g2_dfrbpq_1)
                                 -0.250000   19.945223   clock uncertainty
                                  0.000000   19.945223   clock reconvergence pessimism
                                 -0.129764   19.815458   library recovery time
                                             19.815458   data required time
---------------------------------------------------------------------------------------------
                                             19.815458   data required time
                                             -4.337159   data arrival time
---------------------------------------------------------------------------------------------
                                             15.478300   slack (MET)



%OL_END_REPORT
%OL_CREATE_REPORT checks.rpt

===========================================================================
report_checks -unconstrained
===========================================================================
======================= nom_typ_1p20V_25C Corner ===================================

Startpoint: reset (input port clocked by clk)
Endpoint: _099_ (recovery check against rising-edge clock clk)
Path Group: asynchronous
Path Type: max

Fanout         Cap        Slew       Delay        Time   Description
---------------------------------------------------------------------------------------------
                                  0.000000    0.000000   clock clk (rise edge)
                                  0.000000    0.000000   clock network delay (propagated)
                                  4.000000    4.000000 v input external delay
     1    0.003955    0.017871    0.002958    4.002958 v reset (in)
                                                         reset (net)
                      0.017871    0.000000    4.002958 v input3/A (sg13g2_buf_1)
     1    0.016529    0.059330    0.094113    4.097071 v input3/X (sg13g2_buf_1)
                                                         net3 (net)
                      0.059428    0.001869    4.098940 v fanout22/A (sg13g2_buf_1)
     4    0.038702    0.125274    0.166147    4.265087 v fanout22/X (sg13g2_buf_1)
                                                         net22 (net)
                      0.125426    0.003291    4.268377 v fanout20/A (sg13g2_buf_1)
     7    0.032993    0.108116    0.178891    4.447268 v fanout20/X (sg13g2_buf_1)
                                                         net20 (net)
                      0.108162    0.002180    4.449449 v fanout19/A (sg13g2_buf_1)
     8    0.039580    0.127561    0.188530    4.637979 v fanout19/X (sg13g2_buf_1)
                                                         net19 (net)
                      0.127659    0.002403    4.640382 v _095_/A (sg13g2_inv_1)
     1    0.007696    0.057185    0.076068    4.716450 ^ _095_/Y (sg13g2_inv_1)
                                                         _021_ (net)
                      0.057195    0.000627    4.717077 ^ _099_/RESET_B (sg13g2_dfrbpq_1)
                                              4.717077   data arrival time

                                 20.000000   20.000000   clock clk (rise edge)
                                  0.000000   20.000000   clock source latency
     1    0.044287    0.059105    0.037716   20.037716 ^ clk (in)
                                                         clk (net)
                      0.060454    0.000000   20.037716 ^ clkbuf_0_clk/A (sg13g2_buf_16)
     4    0.080352    0.033942    0.085235   20.122952 ^ clkbuf_0_clk/X (sg13g2_buf_16)
                                                         clknet_0_clk (net)
                      0.035793    0.005617   20.128569 ^ clkbuf_2_1__f_clk/A (sg13g2_buf_16)
     6    0.031250    0.022290    0.066571   20.195139 ^ clkbuf_2_1__f_clk/X (sg13g2_buf_16)
                                                         clknet_2_1__leaf_clk (net)
                      0.022304    0.001076   20.196215 ^ _099_/CLK (sg13g2_dfrbpq_1)
                                 -0.250000   19.946217   clock uncertainty
                                  0.000000   19.946217   clock reconvergence pessimism
                                 -0.131266   19.814951   library recovery time
                                             19.814951   data required time
---------------------------------------------------------------------------------------------
                                             19.814951   data required time
                                             -4.717077   data arrival time
---------------------------------------------------------------------------------------------
                                             15.097874   slack (MET)


Startpoint: done_in (input port clocked by clk)
Endpoint: _113_ (rising edge-triggered flip-flop clocked by clk)
Path Group: clk
Path Type: max

Fanout         Cap        Slew       Delay        Time   Description
---------------------------------------------------------------------------------------------
                                  0.000000    0.000000   clock clk (rise edge)
                                  0.000000    0.000000   clock network delay (propagated)
                                  4.000000    4.000000 v input external delay
     1    0.003179    0.017319    0.002427    4.002427 v done_in (in)
                                                         done_in (net)
                      0.017319    0.000000    4.002427 v input2/A (sg13g2_buf_1)
     2    0.025406    0.085075    0.115449    4.117876 v input2/X (sg13g2_buf_1)
                                                         net2 (net)
                      0.085286    0.003647    4.121523 v fanout23/A (sg13g2_buf_1)
     8    0.081245    0.256477    0.267708    4.389231 v fanout23/X (sg13g2_buf_1)
                                                         net23 (net)
                      0.256542    0.003689    4.392920 v _056_/A (sg13g2_nor2b_1)
     2    0.009320    0.127741    0.156623    4.549543 ^ _056_/Y (sg13g2_nor2b_1)
                                                         _048_ (net)
                      0.127744    0.000540    4.550084 ^ fanout17/A (sg13g2_buf_1)
     8    0.090609    0.372676    0.352443    4.902526 ^ fanout17/X (sg13g2_buf_1)
                                                         net17 (net)
                      0.373539    0.015514    4.918040 ^ _063_/S (sg13g2_mux2_1)
     1    0.002198    0.033755    0.245298    5.163338 v _063_/X (sg13g2_mux2_1)
                                                         _035_ (net)
                      0.033756    0.000154    5.163492 v hold41/A (sg13g2_dlygate4sd3_1)
     1    0.002107    0.034488    0.389721    5.553213 v hold41/X (sg13g2_dlygate4sd3_1)
                                                         net41 (net)
                      0.034488    0.000085    5.553298 v _113_/D (sg13g2_dfrbpq_1)
                                              5.553298   data arrival time

                                 20.000000   20.000000   clock clk (rise edge)
                                  0.000000   20.000000   clock source latency
     1    0.044287    0.059105    0.037716   20.037716 ^ clk (in)
                                                         clk (net)
                      0.060454    0.000000   20.037716 ^ clkbuf_0_clk/A (sg13g2_buf_16)
     4    0.080352    0.033942    0.085235   20.122952 ^ clkbuf_0_clk/X (sg13g2_buf_16)
                                                         clknet_0_clk (net)
                      0.035793    0.005617   20.128569 ^ clkbuf_2_1__f_clk/A (sg13g2_buf_16)
     6    0.031250    0.022290    0.066571   20.195139 ^ clkbuf_2_1__f_clk/X (sg13g2_buf_16)
                                                         clknet_2_1__leaf_clk (net)
                      0.022295    0.000599   20.195738 ^ _113_/CLK (sg13g2_dfrbpq_1)
                                 -0.250000   19.945738   clock uncertainty
                                  0.000000   19.945738   clock reconvergence pessimism
                                 -0.117258   19.828480   library setup time
                                             19.828480   data required time
---------------------------------------------------------------------------------------------
                                             19.828480   data required time
                                             -5.553298   data arrival time
---------------------------------------------------------------------------------------------
                                             14.275181   slack (MET)




===========================================================================
report_checks --slack_max -0.01
============================================================================
======================= nom_typ_1p20V_25C Corner ===================================

No paths found.


===========================================================================
 report_check_types -max_slew -max_cap -max_fanout -violators
============================================================================
======================= nom_typ_1p20V_25C Corner ===================================



===========================================================================
report_parasitic_annotation -report_unannotated
============================================================================
Found 0 unannotated drivers.
Found 0 partially unannotated drivers.

===========================================================================
max slew violation count 0
%OL_METRIC_I design__max_slew_violation__count__corner:nom_typ_1p20V_25C 0
max fanout violation count 0
%OL_METRIC_I design__max_fanout_violation__count__corner:nom_typ_1p20V_25C 0
max cap violation count 0
%OL_METRIC_I design__max_cap_violation__count__corner:nom_typ_1p20V_25C 0
============================================================================

===========================================================================
check_setup -verbose -unconstrained_endpoints -multiple_clock -no_clock -no_input_delay -loops -generated_clocks
===========================================================================
%OL_END_REPORT
%OL_CREATE_REPORT power.rpt

===========================================================================
 report_power
============================================================================
======================= nom_typ_1p20V_25C Corner ===================================

Group                    Internal    Switching      Leakage        Total
                            Power        Power        Power        Power (Watts)
------------------------------------------------------------------------
Sequential           9.356644e-05 6.201290e-06 1.225185e-08 9.977999e-05  45.8%
Combinational        4.601384e-05 1.373311e-05 2.330663e-08 5.977025e-05  27.4%
Clock                3.630421e-05 1.685597e-05 5.295504e-06 5.845568e-05  26.8%
Macro                0.000000e+00 0.000000e+00 0.000000e+00 0.000000e+00   0.0%
Pad                  0.000000e+00 0.000000e+00 0.000000e+00 0.000000e+00   0.0%
------------------------------------------------------------------------
Total                1.758845e-04 3.679037e-05 5.331071e-06 2.180059e-04 100.0%
                            80.7%        16.9%         2.4%
%OL_METRIC_F power__internal__total 0.00017588448827154934
%OL_METRIC_F power__switching__total 3.67903703590855e-5
%OL_METRIC_F power__leakage__total 5.331070951797301e-6
%OL_METRIC_F power__total 0.00021800592367071658

%OL_END_REPORT
%OL_CREATE_REPORT skew.min.rpt

===========================================================================
Clock Skew (Hold)
============================================================================
%OL_METRIC_F clock__skew__worst_hold__corner:nom_typ_1p20V_25C -0.3096842869797814
======================= nom_typ_1p20V_25C Corner ===================================

Clock clk
0.199015 source latency _108_/CLK ^
-0.228857 target latency _108_/CLK ^
-0.250000 clock uncertainty
-0.029842 CRPR
--------------
-0.309684 hold skew

%OL_END_REPORT
%OL_CREATE_REPORT skew.max.rpt

===========================================================================
Clock Skew (Setup)
============================================================================
%OL_METRIC_F clock__skew__worst_setup__corner:nom_typ_1p20V_25C 0.26411623635716275
======================= nom_typ_1p20V_25C Corner ===================================

Clock clk
0.228409 source latency _112_/CLK ^
-0.195736 target latency _113_/CLK ^
0.250000 clock uncertainty
-0.018556 CRPR
--------------
0.264116 setup skew

%OL_END_REPORT
%OL_CREATE_REPORT ws.min.rpt

===========================================================================
Worst Slack (Hold)
============================================================================
%OL_METRIC_F timing__hold__ws__corner:nom_typ_1p20V_25C 0.3901323263758245
nom_typ_1p20V_25C: 0.3901323263758245
%OL_END_REPORT
%OL_CREATE_REPORT ws.max.rpt

===========================================================================
Worst Slack (Setup)
============================================================================
%OL_METRIC_F timing__setup__ws__corner:nom_typ_1p20V_25C 14.275180552800043
nom_typ_1p20V_25C: 14.275180552800043
%OL_END_REPORT
%OL_CREATE_REPORT tns.min.rpt

===========================================================================
Total Negative Slack (Hold)
============================================================================
%OL_METRIC_F timing__hold__tns__corner:nom_typ_1p20V_25C 0.0
nom_typ_1p20V_25C: 0.0
%OL_END_REPORT
%OL_CREATE_REPORT tns.max.rpt

===========================================================================
Total Negative Slack (Setup)
============================================================================
%OL_METRIC_F timing__setup__tns__corner:nom_typ_1p20V_25C 0.0
nom_typ_1p20V_25C: 0.0
%OL_END_REPORT
%OL_CREATE_REPORT wns.min.rpt

===========================================================================
Worst Negative Slack (Hold)
============================================================================
%OL_METRIC_F timing__hold__wns__corner:nom_typ_1p20V_25C 0
nom_typ_1p20V_25C: 0
%OL_END_REPORT
%OL_CREATE_REPORT wns.max.rpt

===========================================================================
Worst Negative Slack (Setup)
============================================================================
%OL_METRIC_F timing__setup__wns__corner:nom_typ_1p20V_25C 0.0
nom_typ_1p20V_25C: 0.0
%OL_END_REPORT
%OL_CREATE_REPORT violator_list.rpt

===========================================================================
Violator List
============================================================================
%OL_METRIC_I timing__hold_vio__count__corner:nom_typ_1p20V_25C 0
%OL_METRIC_F timing__hold_r2r__ws__corner:nom_typ_1p20V_25C 0.390132
%OL_METRIC_I timing__hold_r2r_vio__count__corner:nom_typ_1p20V_25C 0
%OL_METRIC_I timing__setup_vio__count__corner:nom_typ_1p20V_25C 0
%OL_METRIC_F timing__setup_r2r__ws__corner:nom_typ_1p20V_25C inf
%OL_METRIC_I timing__setup_r2r_vio__count__corner:nom_typ_1p20V_25C 0
%OL_END_REPORT
%OL_CREATE_REPORT unpropagated.rpt
%OL_END_REPORT
%OL_CREATE_REPORT clock.rpt
Clock: clk
Sources: clk 
Generated: no
Virtual: yes
Propagated: no
Period: 20.000000

===========================================================================
report_clock_properties
============================================================================
Clock                   Period          Waveform
----------------------------------------------------
clk                  20.000000    0.000000 10.000000

===========================================================================
report_clock_latency
============================================================================
Clock clk
rise -> rise
    min     max
0.000000 0.000000 source latency
0.193413         network latency _117_/CLK
        0.228857 network latency _108_/CLK
---------------
0.193413 0.228857 latency
        0.035443 skew

fall -> fall
    min     max
0.000000 0.000000 source latency
0.191817         network latency _117_/CLK
        0.225160 network latency _108_/CLK
---------------
0.191817 0.225160 latency
        0.033343 skew



===========================================================================
report_clock_min_period
============================================================================
clk period_min = 1.51 fmax = 662.81
%OL_END_REPORT
Writing SDF files for all corners…
Removing Clock latencies before writing libs…
Writing timing models for all corners…
Writing timing models for the nom_typ_1p20V_25C corner to /home/designer/shared/s2p/runs/RUN_2026-09-12_02-16-42/55-openroad-stapostpnr/nom_typ_1p20V_25C/serial2parallel__nom_typ_1p20V_25C.lib…
